线路A,线路B,重叠站数
655B路,655路（三达路跨线桥首末站 ⇄ 大塘汽车客运站）,61
655A线,655路（三达路跨线桥首末站 ⇄ 大塘汽车客运站）,55
655A线,655B路,53
564路,夜100路,47
番93路,番93路短线,47
从4路,从4路快线,43
花68路,花68路白坭班车,42
从5路,从夜1路,41
从5路长线,从夜1路,40
从5路,从5路长线,39
840路,夜94路,38
从14路,从19路,38
花68路,花68路短线,38
花68路白坭班车,花68路短线,38
706路,706路早间短线,37
从18路,从901路,37
从901路,从902路,37
997路,夜128路,36
B3路,夜19路,36
126路,夜90路,35
B4路,夜38路,35
从18路,从902路,35
541路,夜39路,34
南沙70路,番141路,34
番13路,番91路,34
番17路,番17路长线,34
504路,夜74路,33
番5路,番5路长线,33
番92路/番92路,番93路,33
番92路/番92路,番93路短线,33
番9路,番9路长线,33
556路,夜26路,32
从11路,从12路,32
花21路,花21路夜班,32
314路,佛314路,31
548路,夜93路,31
8路,夜6路,31
544路,夜32路,30
B8路,夜36路,30
佛236路,佛251路,30
南沙65路,番142路,30
增城32路内环,增城32路外环,30
花63路,花63路短线,30
215路,夜21路,29
569路,夜49路,29
增城35路,增夜4路,29
番97路,番99路,29
301路,番91路,28
527路,夜120路,28
551路,59路,28
花88路,花88路短线,28
129路,夜102路,27
244路,夜22路,27
246路,夜74路,27
472路,825路,27
521路,夜3路,27
563路,夜76路,27
82路,夜33路,27
88路,夜30路,27
943路,夜104路,27
B15路,夜13路,27
128路,夜31路,26
1路,夜1路,26
236路,夜69路,26
301路,番13路,26
527路,527路机电班车,26
527路机电班车,夜120路,26
715路,夜92路,26
84A路,夜71路,26
B24路,夜97路,26
从10路,从9路,26
里07路,里07路高峰线,26
14路,夜8路,25
226路,夜45路,25
519路,夜107路,25
714路,夜116路,25
夜122路,广424路,25
夜25路,夜41路,25
广281路,广夜67路,25
131A路,131B路,24
191路,夜89路,24
261路,518路,24
311路,夜133路,24
B1路,夜41路,24
南沙65路,南沙67路,24
增城15路,增城16路,24
206路,夜29路,23
244A路,244路,23
244A路,夜22路,23
261路,夜18路,23
298路,32路,23
301路,番99路,23
31路,夜7路,23
333路,345A路,23
345A路,83路,23
39路,夜10路,23
582路,582路班车,23
6路,夜5路,23
B28路,夜41路,23
南沙70路,番11路,23
广283路,广283路班车,23
番13路,番25路,23
番13路,番96路,23
番91路,番96路,23
17路,夜2路,22
182路,24路,22
301路,番97路,22
46路,高峰快线80路,22
504路,862路,22
510路,夜94路,22
52路,夜11路,22
978路,夜63路,22
南沙49路,番141路,22
番17路,番53路,22
番17路长线,番53路,22
花75路,花9路,22
180路,夜55路,21
268路,夜95路,21
280路,810路,21
303路,番146路,21
333路,夜60路,21
708路,夜106路,21
78A路,夜53路,21
793路,夜119路,21
807路,夜94路,21
B2路,夜25路,21
从6路,从6路支线,21
增城11路,增城12路,21
增城22路,增城22路/增22路,21
夜92路,花62路,21
番100路,番97路,21
番3路,番92路/番92路,21
番68路,番6路,21
番99路,番夜5路,21
花70路,花70路短线,21
301路,番96路,20
302A路,番17路,20
345A路,夜60路,20
518路,夜18路,20
540路,夜35路,20
564路,83路,20
566路,B31路,20
58A路,58路,20
83路,夜100路,20
970路,夜85路,20
B2A路,夜41路,20
B2路,夜41路,20
B31路,夜49路,20
B6路,B6路快线,20
从20路,从4路,20
南沙54路,番143路,20
增城13路,增城4路,20
夜103路,广565路,20
番11路,番141路,20
番13路,番97路,20
番148路,番160路,20
番182路,番185路,20
番1路,番97路,20
花16路,花84路,20
122路,夜28路,19
195路,夜34路,19
243路,夜40路,19
270路,夜37路,19
302A路,番17路长线,19
302路,303路,19
302路,番146路,19
338路,B24路,19
396路,夜60路,19
40路,44路,19
496路,506路,19
510路,840路,19
522路,夜87路,19
566路,夜49路,19
573路,夜51路,19
739路,夜84路,19
76路,864路,19
807路,840路,19
B2A路,B2路,19
B2A路,夜25路,19
从11路,从19路,19
从12路,从19路,19
从20路,从4路快线,19
佛250路,佛277路,19
公交地铁接驳专线8路,番53路,19
增城12路,增城13路,19
夜19路,夜38路,19
夜27路,夜40路,19
夜88路,番146路,19
广276路,广283路,19
沥17B路,沥17B路区间,19
番128路,番62路,19
番13路,番99路,19
番143路,番150B路,19
番1路,番99路,19
花17路联民村,花84路,19
花62路,花81路（三水大塘中心广场 ⇄ 广州北站）,19
190路,544路,18
190路,夜32路,18
21路,夜94路,18
243路,夜27路,18
303路,夜88路,18
333路,396路,18
338路,夜97路,18
345A路,564路,18
345A路,夜100路,18
345A路,396路,18
516路,夜49路,18
66路,夜121路,18
704路,夜129路,18
76A路,76路,18
832路,夜95路,18
836路,夜24路,18
924路,夜62路,18
B16路,夜41路,18
B18路,B18路快线,18
B3路,夜38路,18
B5路,夜41路,18
从18路,从6路支线,18
从6路,从901路,18
从6路支线,从901路,18
佛263路,佛263路短线,18
公交地铁接驳专线8路,番17路,18
公交地铁接驳专线8路,番17路长线,18
南48路,番142路,18
南沙9路团结围线,南沙9路缸瓦沙线,18
增城11路,增城13路,18
增城18路,增城1路,18
增城34路,增城9路,18
夜11路,广275路,18
广283路,广高峰快线30路,18
番12路旅游专线,番67路旅游专线,18
番145路,番185路,18
番186路,番53路,18
105路,555路,17
179路,46路,17
218路,53路,17
226路,250路,17
243路,B8路,17
246路,504路,17
250路,夜45路,17
261路,广283路,17
261路,广283路班车,17
280路,886路,17
284路,夜18路,17
298路,夜35路,17
301路,番1路,17
302路,夜88路,17
32路,540路,17
32路,夜35路,17
330路,夜60路,17
494路,497路,17
504路,B6路,17
504路,B6路快线,17
518路,562路,17
519路,夜26路,17
523路,58A路,17
529路,563路,17
548路,夜27路,17
582路,夜101路,17
582路班车,夜101路,17
706路,夜87路,17
832路,夜76路,17
886路,夜105路,17
943路,夜51路,17
980路,980路环线,17
B1路,B5路,17
B22路,夜93路,17
B3路,B4路,17
B4路,夜19路,17
九王庙临时接驳线内环,九王庙临时接驳线外环,17
从14路,从19路密石班车,17
从18路,从6路,17
从19路,从19路密石班车,17
从6路,从902路,17
从6路支线,从902路,17
从803路,从808路,17
从807路,从808路,17
南68路快线,南沙68路,17
南沙19路,南沙学1路,17
南沙31路A线,南沙31路B线,17
南沙33路,番141路,17
南沙63路A线,南沙63路B线,17
增城10路,增夜2路,17
夜13路,夜93路,17
夜18路,广283路,17
夜18路,广283路班车,17
夜27路,夜93路,17
广657路,广夜91路,17
番10路,番143路,17
番12路旅游专线,番165路,17
番12路旅游专线,番5路,17
番12路旅游专线,番5路长线,17
番12路旅游专线,番68路,17
番91路,番97路,17
番91路,番99路,17
莞616路,莞619路,17
107路,夜27路,16
108路,528路,16
108路,夜105路,16
10路,183路,16
121A路,121路,16
136路,夜74路,16
17路,夜21路,16
180路,59路,16
214路,363路,16
217路,夜72路,16
250路,270路,16
261路,284路,16
261路,53路,16
262路,夜66路,16
278路,夜105路,16
284路,293路,16
301A路,夜88路,16
301A路,夜61路,16
302A路,公交地铁接驳专线8路,16
302A路,番53路,16
30路,B12路,16
30路,39路,16
30路,夜10路,16
35路,997路,16
35路,夜128路,16
35路,86路,16
497路,564路,16
497路,夜100路,16
519路,556路,16
529路,833路,16
53路,夜93路,16
53路,562路,16
541路,B8路,16
541路,548路,16
541路,夜93路,16
545路,夜15路,16
548路,夜39路,16
548路,562路,16
548路,B15路,16
548路,夜13路,16
569路,B31路,16
652路,843路,16
66路,76路,16
70路,夜44路,16
712路,750路,16
75路,9路,16
772路,773路,16
7路,夜77路,16
803路,夜95路,16
84A路,84路,16
862路,B6路,16
862路,B6路快线,16
862路,夜74路,16
980路,夜75路,16
980路环线,夜75路,16
B15路,夜93路,16
B17路,B1路,16
B31路,夜73路,16
B8路,夜39路,16
从19路密石班车,从化13路,16
从21路长线,从夜3路,16
从4路,从5路,16
从4路,从夜1路,16
从803路,从807路,16
佛236路,佛263路,16
佛236路,佛263路短线,16
佛251路,佛263路,16
佛251路,佛263路短线,16
南53路,南沙19路,16
南沙38路,南沙70路,16
增城34路,增城39路,16
增城39路,增城9路,16
增城3路,增城47路,16
夜19路,夜41路,16
夜39路,夜93路,16
夜80路,夜94路,16
番100路,番99路,16
番160路,番99路,16
番3路,番68路,16
番67路旅游专线,番68路,16
108路,21路,15
126路,夜95路,15
14路,270路,15
19路,夜11路,15
19路,广275路,15
207路,838路,15
21路,528路,15
251路,58路,15
254路,夜22路,15
261路,517路,15
270路,夜8路,15
280路,夜77路,15
284路,518路,15
285路,91路,15
288路,9路,15
288路,303路,15
299路,夜93路,15
301路,番6路,15
302A路,番30路,15
310路,番145路,15
32路,58A路,15
32路,58路,15
330A路,夜60路,15
347路,459路,15
358路,391A路,15
366路,371路,15
450路,夜57路,15
4路,夜16路,15
509路,756路,15
509路,837路,15
510路,夜123路,15
516路,569路,15
523路,977路,15
528路,555路,15
528路,58路,15
541路,夜27路,15
541路,夜40路,15
548路,夜40路,15
54路,B11路,15
552路,夜1路,15
555路,556路,15
555路,夜26路,15
562路,B15路,15
562路,夜13路,15
572路,夜73路,15
5路,夜55路,15
62路,夜18路,15
650路,夜126路,15
650路,979路,15
656路,799路,15
703路,夜87路,15
708路,花16路,15
711路,夜129路,15
742路,841路,15
759路环线,夜114路,15
803路,832路,15
823路,88路,15
823路,夜30路,15
838路,夜113路,15
840路,夜80路,15
84A路,B12路,15
84路,夜71路,15
B16路,B17路,15
B16路,B20路,15
B16路,B1路,15
B16路,B5路,15
B17路,夜41路,15
B25路,夜48路,15
B2A路,B3路,15
B2A路,夜19路,15
B30路,夜73路,15
B3路,夜41路,15
B7路,B7路快线,15
从19路,从4路,15
从19路,从4路快线,15
从4路快线,从5路,15
从4路快线,从夜1路,15
佛244B路,佛278路,15
佛244路,佛252路,15
公交地铁接驳专线8路,番30路,15
南1路B,南沙1路,15
南39路,南沙49路,15
南45路,南沙65路,15
南45路,南沙67路,15
南48路,南沙65路,15
南48路,南沙67路,15
南48路,番141路,15
南61路,南沙54路,15
南沙18路,南沙49路,15
南沙38路,番141路,15
南沙49路,南沙4路,15
南沙67路,番142路,15
增城11路,增城2路,15
增城11路,增城4路,15
夜107路,夜22路,15
夜17路,夜41路,15
夜19路,夜25路,15
夜21路,夜2路,15
夜27路,夜39路,15
夜33路,夜6路,15
夜39路,夜40路,15
夜40路,夜93路,15
大学城专线1路,大学城专线2路,15
大学城专线1路,大学城专线3路,15
广231路,里07路,15
广231路,里07路高峰线,15
广974路,广974路班车,15
番108B路,番129路,15
番129路,番9路长线,15
番12路旅游专线,番147路,15
番140路,番141路,15
番145路,番146路,15
番146路,番91路,15
番160路,番97路,15
番165路,番5路,15
番165路,番5路长线,15
番17路,番30路,15
番17路长线,番30路,15
番23路,番52路（广州南站总站 ⇄ 石碁文化广场总站）,15
番25路,番91路,15
番30路,番53路,15
番51路,番53路,15
番96路,番97路,15
番96路,番99路,15
花115路,花68路白坭班车,15
花115路,花68路短线,15
121路,夜42路,14
128路,旅游公交2线,14
131B路,旅游公交2线,14
16路,B21路,14
176路,556路,14
176路,夜26路,14
17路,71路,14
182路,8路,14
186路,38路,14
208路,57路,14
209路,217路,14
209路,夜72路,14
211路,311路,14
211路,夜133路,14
214路,571B路,14
218路,517路,14
21路,58A路,14
21路,夜105路,14
21路,807路,14
221路,59路,14
222路,91路,14
225路,夜15路,14
233路,810路,14
233路,夜77路,14
243路,夜36路,14
243路,541路,14
243路,548路,14
243路,夜39路,14
243路,夜93路,14
244路,268路,14
244路,810路,14
244路,夜95路,14
252路,270路,14
253路,29路,14
257路,高峰快线21路,14
261路,62路,14
261路,B15路,14
261路,夜13路,14
274路,538路,14
27路,夜14路,14
284路,夜40路,14
285路,285路无轨电车短线,14
288路,301路,14
288路,309路,14
288路,番25路,14
290路,夜96路,14
299路,548路,14
301路,番100路,14
302路,番145路,14
304路,夜20路,14
30路,84A路,14
32路,63路,14
330A路,330路,14
330路,446路,14
339路,943路,14
339路,夜104路,14
345A路,396A路环线,14
364路,432路,14
383路,夜65路,14
391A路,391路,14
504路,560路,14
506路,B22路,14
506路,夜51路,14
510路,528路,14
516路,572路,14
516路,566路,14
517路,53路,14
518路,广283路,14
518路,广283路班车,14
518路,B15路,14
518路,夜13路,14
518路,548路,14
522路,807路,14
527路,夜22路,14
527路,夜55路,14
527路机电班车,夜55路,14
528路,夜26路,14
529路,76A路,14
529路,夜76路,14
52路,广275路,14
539路,夜76路,14
552路,74路,14
560路,862路,14
560路,B6路,14
560路,B6路快线,14
562路,夜93路,14
563路,833路,14
566路,569路,14
569路,946路,14
571A路,夜49路,14
572路,夜49路,14
57路,广281路,14
57路,广夜67路,14
58A路,807路,14
66路,76A路,14
71路,夜2路,14
7路,夜12路,14
810路,886路,14
810路,夜77路,14
823路,夜8路,14
833路,862路,14
833路,夜76路,14
84路,B12路,14
86路,997路,14
86路,夜128路,14
901A路,901路,14
946路,B31路,14
946路,夜49路,14
979路,夜118路,14
B17路,B20路,14
B17路,B5路,14
B3路,夜25路,14
B5路,夜9路,14
B7路快线,夜101路,14
佛244B路,佛263路短线,14
佛里07B路,里07路,14
佛里07B路,里07路高峰线,14
公交地铁接驳专线4路,公交地铁接驳专线5路,14
南27路,南沙54路,14
南35路,南沙70路,14
南48路,南沙33路,14
南53路,南沙学1路,14
南沙12路,南沙38路,14
南沙70路,番140路,14
增城12路,增城4路,14
增城14路,增城9路,14
增城23路,增城35路,14
增城32路外环,增城35路,14
增城32路外环,增夜4路,14
增城64路,增城9路,14
夜120路,夜55路,14
夜15路,夜77路,14
夜17路,夜19路,14
夜25路,夜38路,14
夜31路,旅游公交2线,14
夜38路,夜41路,14
夜50路,大学城专线3路,14
夜50路,大学城环线1路,14
夜50路,番202路旅游专线,14
夜90路,夜95路,14
夜92路,花81路（三水大塘中心广场 ⇄ 广州北站）,14
大学城专线3路,番202路旅游专线,14
广12路,广276路,14
广12路,广283路,14
广412路,广夜111路,14
番100路,番91路,14
番10路,番146路,14
番11路,番140路,14
番125路,番97路,14
番146路,番51路,14
番147路,番29路,14
番61路,番62路,14
番97路,番夜5路,14
花10路,花81路（三水大塘中心广场 ⇄ 广州北站）,14
花115路,花68路,14
花63路,花68路,14
花63路,花68路白坭班车,14
花63路,花68路短线,14
花63路短线,花68路,14
花63路短线,花68路白坭班车,14
花63路短线,花68路短线,14
106路,217路,13
114路,夜45路,13
122路,305路,13
126路,563路,13
126路,832路,13
14路,823路,13
14路,88路,13
14路,夜30路,13
14路,206路,13
176路,803路,13
176路,274路,13
180路,551路,13
181路,38路,13
181路,251路,13
184路,190路,13
190路,夜8路,13
206路,270路,13
206路,夜8路,13
207路,74路,13
207路,夜113路,13
215路,广12路,13
218路,261路,13
21路,555路,13
221路,夜55路,13
226路,69路,13
233路,280路,13
239路,夜101路,13
250路,527路,13
250路,527路机电班车,13
250路,夜120路,13
250路,夜37路,13
252路,45路,13
254路,280路,13
257路,46路,13
259路,夜80路,13
261路,2路,13
261路,548路,13
261路,562路,13
263路,夜24路,13
265路,36路,13
268路,803路,13
270路,大学城专线3路,13
273路,夜22路,13
273路,5路,13
274路,803路,13
280路,夜22路,13
288路,75路,13
297路,46路,13
299路,541路,13
299路,夜39路,13
2路,夜18路,13
301A路,562路,13
301路,番160路,13
302A路,302路,13
303路,9路,13
303路,987路,13
303路,番145路,13
305路,夜28路,13
305路,广283路,13
305路,广283路班车,13
30路,84路,13
330A路,446路,13
333路,396A路环线,13
336路,391路,13
35路,82路,13
38路,夜7路,13
391路,夜51路,13
39路,84路,13
40路,548路,13
40路/南40路,南39路,13
446路,夜60路,13
497路,B4路,13
506路,夜81路,13
509路,977路,13
510路,753路,13
516路,B31路,13
518路,62路,13
519路,夜22路,13
519路,528路,13
519路,夜12路,13
521路,527路机电班车,13
522路,夜94路,13
522路,706路,13
527路机电班车,夜3路,13
528路,556路,13
528路,夜105路,13
52路,64路,13
539路,夜80路,13
53路,夜23路,13
53路,548路,13
53路,B15路,13
53路,夜13路,13
541路,夜36路,13
548路,B8路,13
548路,564路,13
548路,夜100路,13
54路,89路,13
562路,夜61路,13
566路,946路,13
581路,945路,13
58A路,886路,13
58A路,夜87路,13
58A路,夜105路,13
58路,夜22路,13
62路,广283路,13
62路,广283路班车,13
63路,夜77路,13
66路,864路,13
69路,夜45路,13
704路,711路,13
70路,74路,13
711路,花84路,13
715路,花62路,13
751路,夜86路,13
76路,夜9路,13
76路,803路,13
78路,夜53路,13
803路,夜76路,13
823路,8路,13
83路,84A路,13
83路,夜71路,13
843路,977路,13
84路,夜10路,13
864路,夜9路,13
91路,广277路,13
B12路,夜10路,13
B12路,夜71路,13
B14路,夜43路,13
B15路,夜27路,13
B17路,夜17路,13
B1路,B3路,13
B1路,夜17路,13
B1路,夜19路,13
B20路,夜17路,13
B29路,B30路,13
B2A路,B5路,13
B2路,B3路,13
B2路,夜19路,13
B3路,B5路,13
B3路,夜17路,13
B5路,夜25路,13
B5路,夜38路,13
B5路,夜17路,13
B5路,夜19路,13
B6路,夜47路,13
B6路,夜74路,13
B6路快线,夜47路,13
B6路快线,夜74路,13
B7路快线,夜20路,13
B8路,夜27路,13
B8路,夜40路,13
B8路,夜93路,13
从11路,从4路,13
从11路,从4路快线,13
从11路,从14路,13
从12路,从14路,13
从1路东线,从905路,13
从20路,从5路,13
从20路,从夜1路,13
从3路,从3路夜班,13
从4路,从5路长线,13
从5路,从904路,13
从5路长线,从904路,13
从904路,从夜1路,13
佛232路,广275路,13
佛244B路,佛263路,13
佛252路,里07路短线/佛里07路里广快线,13
南48路,南沙70路,13
南48路,番11路,13
南50路,番150B路,13
南55路,南沙12路,13
南沙18路,番141路,13
南沙49路,南沙54路,13
南沙54路,番150B路,13
南沙65路,南沙68路,13
南沙68路,番142路,13
增城10路,增城8路,13
增城11A路,增城11路,13
增城11A路,增城36路,13
增城16路,增城6路,13
增城21路,增城46路,13
增城2路,增城4路,13
增城32路内环,增城35路,13
增城32路内环,增夜4路,13
增城3路,增城4路,13
增城8路,增夜2路,13
夜105路,夜77路,13
夜107路,夜12路,13
夜13路,夜27路,13
夜17路,夜25路,13
夜17路,夜38路,13
夜17路,夜34路,13
夜19路,夜34路,13
夜21路,广12路,13
夜34路,夜41路,13
夜36路,夜39路,13
夜36路,夜93路,13
夜37路,大学城专线3路,13
夜50路,大学城专线1路,13
大学城专线1路,番202路旅游专线,13
大学城专线3路,大学城环线1路,13
大学城环线1路,番202路旅游专线,13
广275路,广275路出场短线,13
广283路班车,广高峰快线30路,13
番100路,番15路,13
番100路,番13路,13
番100路,番3路,13
番108路,番6路,13
番109路,番125路,13
番10路,番186路,13
番11路,番150B路,13
番12路旅游专线,番160路,13
番13路,番5路,13
番13路,番5路长线,13
番13路,番8路,13
番141路,番143路,13
番143路,番146路,13
番146路,番165路,13
番150B路,番150路,13
番160路,番93路,13
番17路,番183路,13
番17路长线,番183路,13
番80路,番81路,13
番96路,番夜5路,13
花16路,花85路,13
花22路,花68路,13
花22路,花68路白坭班车,13
花22路,花68路短线,13
花23路,花63路,13
花23路,花63路短线,13
花68路,花80路,13
花68路短线,花80路,13
莞616路,莞86路,13
莞619路,莞86路,13
105路,556路,12
106路,3路,12
106路,209路,12
108路,519路,12
108路,555路,12
10路,16路,12
10路,B21路,12
124路,夜121路,12
129路,303路,12
129路,番146路,12
131A路,旅游公交2线,12
14路,250路,12
179路,862路,12
17路,832路,12
181路,夜72路,12
181路,广275路,12
186路,29路,12
186路,夜16路,12
18路,夜56路,12
190路,226路,12
190路,69路,12
190路,夜45路,12
204路,305路,12
204路,261路,12
204路,2路,12
204路,62路,12
204路,夜18路,12
207路,552路,12
208路,夜37路,12
208路,旅游公交2线,12
21路,556路,12
21路,夜26路,12
21路,522路,12
21路,840路,12
221路,546路,12
222路,夜103路,12
222路,广565路,12
230路,夜24路,12
233路,夜89路,12
238路,524路,12
239路,B7路快线,12
243路,299路,12
244A路,273路,12
244路,273路,12
244路,58路,12
244路,803路,12
244路,832路,12
245路,545路,12
245路,540路,12
250路,69路,12
251路,58A路,12
251路,886路,12
254路,夜107路,12
261路,夜27路,12
261路,夜93路,12
265路,38路,12
265路,841路,12
270路,53路,12
271路,广424路,12
284路,56路,12
284路,299路,12
288路,521路,12
288路,夜3路,12
288路,番13路,12
288路,番91路,12
298路,540路,12
298路,58A路,12
299路,B8路,12
299路,夜27路,12
299路,夜40路,12
2路,518路,12
2路,62路,12
2路,广283路,12
2路,广283路班车,12
301路,番25路,12
301路,番11路,12
302路,987路,12
303A路,夜108路,12
303路,75路,12
304路,582路,12
304路,582路班车,12
30路,夜71路,12
320路,943路,12
320路,夜104路,12
324路,355路,12
324路,夜104路,12
327A路,373路,12
330A路,396路,12
330路,396路,12
338路,347路,12
338路,459路,12
345A路,346路,12
346路,564路,12
346路,夜100路,12
346路,83路,12
346路,449路,12
349路,573路快线,12
35路,夜4路,12
35路,夜55路,12
363路,B19路,12
365路,948路,12
36路,夜9路,12
371路,946路,12
371路,391路,12
371路,566路,12
371路,夜52路,12
372路,571B路,12
388路,575路,12
391路,573路,12
396路,446路,12
39路,84A路,12
39路,B12路,12
39路,夜71路,12
39路,775路,12
3路,82路,12
40路/南40路,南沙40路短线,12
432A路,B30路,12
44路,夜93路,12
450路,夜98路,12
459路,B24路,12
459路,夜97路,12
46路,54路,12
479路,夜82路,12
491路,497路,12
494路,564路,12
494路,夜100路,12
497路,夜38路,12
506路,B4A路,12
506路,夜104路,12
506路,571A路,12
509路,739路,12
509路,夜84路,12
510路,711路,12
518路,夜36路,12
518路,夜93路,12
519路,555路,12
51路,夜88路,12
523A路,58A路,12
524路,夜21路,12
528路,夜12路,12
53路,夜37路,12
53路,夜27路,12
540路,542路,12
541路,66路,12
541路,夜121路,12
542路,夜93路,12
542路,夜36路,12
544路,547路,12
545路,886路,12
547路,夜32路,12
552路,812路,12
556路,夜107路,12
562路,夜27路,12
563路,夜90路,12
563路,76A路,12
566路,夜52路,12
569路,572路,12
571路,增城22路,12
58路,886路,12
58路,夜105路,12
59路,9路,12
5路,70路,12
650路,夜131路,12
650路,714路,12
650路,夜116路,12
653路,夜112路,12
655路（广东青年职业学院总站 ⇄ 良田保税路总站）,979路,12
66路,夜39路,12
69路,夜44路,12
70路,82路,12
71路,832路,12
739路,756路,12
756路,夜84路,12
76A路,833路,12
76A路,864路,12
775路,夜10路,12
782路,838路,12
807路,886路,12
832路,夜90路,12
832路,夜2路,12
833路,夜5路,12
836路,B6路,12
836路,B6路快线,12
836路,夜47路,12
84A路,夜10路,12
88路,夜8路,12
903路,B4路,12
903路,夜38路,12
964路,997路,12
987路,番146路,12
B15路,B20路,12
B1短线快车,B1路,12
B1路,B4路,12
B1路,夜25路,12
B1路,夜38路,12
B1路,B20路,12
B1路,B2A路,12
B20路,B5路,12
B20路,夜41路,12
B22路,B4路,12
B2A路,夜38路,12
B2A路,夜17路,12
B2A路,夜34路,12
B2路,B5路,12
B2路,夜38路,12
B30路,B31路,12
B3路,广283路,12
B3路,广283路班车,12
B3路,夜34路,12
B4路,B5路,12
B4路,夜17路,12
B4路,夜25路,12
B4路,夜41路,12
B6路,夜24路,12
B6路快线,夜24路,12
B7路,夜108路,12
从12路,从4路,12
从12路,从4路快线,12
从1路东线,从1路西线,12
从4路快线,从5路长线,12
从5路,从808路,12
从5路长线,从808路,12
从808路,从夜1路,12
佛244路,佛278路,12
佛244路,沥12路,12
佛252路,里07路,12
佛252路,里07路高峰线,12
佛263路短线,佛278路,12
佛277路,佛279路,12
佛279路,广260路,12
公交地铁接驳专线5路,番17路长线,12
南34路,南57路,12
南36路,番150路,12
南53路,南沙62路,12
南沙18路,南沙4路,12
南沙1路,南沙62路短线,12
南沙54路,番141路,12
南沙G4路,南沙学1路,12
增城13路,增城2路,12
增城15路,增城6路,12
增城15路快线,增城16路,12
增城1路,增城64路,12
增城23路,增城32路外环,12
增城23路,增夜4路,12
增城29路,增城39路,12
增城34路,增城34路快线,12
增城47路,增城4路,12
夜107路,夜26路,12
夜10路,夜71路,12
夜121路,夜39路,12
夜126路,夜131路,12
夜19路,广283路,12
夜19路,广283路班车,12
夜22路,夜55路,12
夜24路,夜47路,12
夜25路,夜77路,12
夜30路,夜8路,12
夜41路,夜77路,12
夜56路,夜89路,12
夜88路,番145路,12
大学城专线1路,大学城环线1路,12
广276路,广高峰快线30路,12
广276路,广283路班车,12
桂12路,桂21路,12
番100路,番96路,12
番100路,番夜5路,12
番100路,番1路,12
番100路,番150B路,12
番100路,番92路/番92路,12
番108B路,番9路长线,12
番108路,番夜5路,12
番129路,番9路,12
番130路,番147路,12
番13路,番17路,12
番13路,番17路长线,12
番13路,番53路,12
番13路,番146路,12
番13路,番夜5路,12
番150B路,番91路,12
番165路,番20B路,12
番165路,番30路,12
番17路,番25路,12
番17路,番52路（地铁南村万博站 ⇄ 海大集团总站）,12
番17路长线,番25路,12
番25路,番53路,12
番25路,番96路,12
番6路,番99路,12
番8路,番91路,12
番91路,番夜5路,12
空港2路,空港2路公交短线,12
花10路,花75路,12
花68路白坭班车,花80路,12
花75路,花76路,12
花76路,花7路,12
花84路,花85路,12
花88路,花89路,12
里07路,里07路短线/佛里07路里广快线,12
里07路短线/佛里07路里广快线,里07路高峰线,12
里14,里14路,12
102路,夜72路,11
105路,夜26路,11
106路,541路,11
106路,夜39路,11
106路,夜72路,11
108路,556路,11
108路,夜12路,11
108路,夜26路,11
110路,297路,11
113路,519路,11
122路,195路,11
126路,841路,11
126路,804路,11
128路,208路,11
128路,186路,11
128路,4路,11
130路,夜89路,11
131A路,B21路,11
133路,B3路,11
133路,夜19路,11
134路,4路,11
16路,183路,11
176路,519路,11
176路,524路,11
179路,540路,11
179路,836路,11
179路,夜24路,11
179路,241路,11
17路,238路,11
180路,221路,11
180路,35路,11
180路,195路,11
180路,夜34路,11
181路,552路,11
182路,夜6路,11
183路,B21路,11
183路,B8路,11
184路,226路,11
184路,69路,11
184路,夜45路,11
186路,823路,11
186路,夜22路,11
186路,556路,11
186路,31路,11
186路,夜31路,11
186路,夜7路,11
189路,63路,11
190路,250路,11
193路,207路,11
194路,B21路,11
194路,B8路,11
195路,230路,11
195路,夜28路,11
198路,46路,11
198路,521路,11
198路,夜3路,11
198路,839路,11
19路,52路,11
19路,夜44路,11
204路,518路,11
204路,广283路,11
204路,广283路班车,11
206路,夜37路,11
208路,夜31路,11
211路,93路,11
211路,305路,11
214路,B19路,11
214路,高峰快线24路,11
215路,80路,11
21路,519路,11
21路,803路,11
21路,夜87路,11
221路,9路,11
222路,夜44路,11
223路,B18路,11
229路,B3路,11
229路,夜19路,11
229路,广276路,11
233路,夜56路,11
238路,夜21路,11
243路,53路,11
244A路,250路,11
244A路,夜55路,11
244路,250路,11
244路,夜55路,11
244路,58A路,11
246路,502路,11
250路,夜22路,11
250路,88路,11
250路,夜30路,11
250路,夜8路,11
250路,264路,11
251路,807路,11
251路,夜35路,11
251路,528路,11
252路,468路,11
253路,夜30路,11
259路,夜94路,11
25路,夜37路,11
261路,305路,11
261路,56路,11
261路,夜38路,11
264路,夜33路,11
268路,810路,11
268路,832路,11
270路,夜29路,11
270路,45路,11
271路,757路,11
271路,夜122路,11
280路,夜105路,11
284路,广283路,11
284路,广283路班车,11
288路,番96路,11
293路,夜18路,11
298路,807路,11
298路,886路,11
299路,44路,11
2路,56路,11
2路,夜38路,11
301A路,51路,11
301路,番150B路,11
302A路,番56路,11
302A路,番52路（地铁南村万博站 ⇄ 海大集团总站）,11
302路,番10路,11
303A路,夜102路,11
303路,夜102路,11
305路,62路,11
305路,夜18路,11
309路,75路,11
310路,310路高峰短线,11
312路（滘口汽车站总站 ⇄ 祈福新邨总站）,52路,11
321路,940路,11
324路,943路,11
325路,夜81路,11
32路,810路,11
330A路,333路,11
330路,333路,11
333路,446路,11
345路,396路,11
345路,365路,11
347路,349路,11
347路,B24路,11
347路,夜97路,11
358路,391路,11
35路,5路,11
35路,70路,11
360路,390路,11
363路,高峰快线24路,11
364路,390路,11
367路,夜49路,11
36路,841路,11
370路,夜126路,11
371路,506路,11
390路,432路,11
391路,506路,11
396A路环线,396路,11
397路,B31路,11
397路,夜49路,11
40路/南40路,南沙12路,11
432A路,B26路,11
448路,506路,11
456路,456路环线,11
45路,夜56路,11
46路,540路,11
46路,高峰快线21路,11
494路,83路,11
497路,903路,11
497路,B26路,11
4路,夜31路,11
504路,833路,11
504路,836路,11
504路,夜24路,11
504路,夜47路,11
506路,夜49路,11
516路,夜73路,11
516路,946路,11
516路,579路,11
516路,B28路,11
516路,夜41路,11
517路,548路,11
517路,562路,11
517路,B15路,11
517路,夜13路,11
518路,53路,11
51路,562路,11
521路,夜45路,11
522路,706路早间短线,11
523A路,807路,11
523路,夜87路,11
528路,803路,11
52路,广277路,11
53路,夜36路,11
540路,夜105路,11
541路,B15路,11
541路,夜13路,11
542路,548路,11
544路,546路,11
547路,706路,11
547路,706路早间短线,11
548路,B22路,11
54路,广283路,11
54路,夜10路,11
555路,夜95路,11
555路,803路,11
555路,夜105路,11
556路,803路,11
562路,夜34路,11
563路,803路,11
564A路,564路,11
564A路,夜100路,11
564路,774路,11
564路,84A路,11
564路,B12路,11
564路,夜71路,11
566路,571A路,11
567路,夜49路,11
56路,62路,11
56路,夜18路,11
56路,夜38路,11
571A路,增城32路外环,11
571B路,夜49路,11
571路,增城22路/增22路,11
57路,旅游公交2线,11
582路,夜20路,11
582路班车,夜20路,11
58A路,807A路,11
58A路,夜22路,11
58路,807A路,11
58路,807路,11
58路,夜35路,11
59路,夜55路,11
5路,82路,11
62路,B3路,11
62路,夜19路,11
64路,夜72路,11
64路,广281路,11
64路,广夜67路,11
69路,70路,11
703路,706路,11
711路,花16路,11
71路,夜21路,11
773路,B11路,11
774路,夜100路,11
78A路,78路,11
78A路,B11路,11
78A路,B10路,11
78路,B11路,11
803路,夜26路,11
804路,夜90路,11
80路,夜21路,11
810路,夜95路,11
811路,813路,11
813路,夜93路,11
837路,840路,11
837路,夜94路,11
838路,966路,11
83路,84路,11
83路,B12路,11
84A路,夜100路,11
864路,夜4路,11
86路,夜55路,11
901A路,夜68路,11
943路,B24路,11
964路,夜128路,11
9路,广123路,11
B10路,夜53路,11
B11路,夜10路,11
B12路,夜9路,11
B12路,夜100路,11
B15路,夜39路,11
B15路,夜40路,11
B16路,B2A路,11
B16路,B3路,11
B16路,夜17路,11
B16路,夜19路,11
B16路,夜34路,11
B18路,B19路,11
B1短线快车,夜41路,11
B1路,B2路,11
B1路,夜34路,11
B20路,夜13路,11
B20路,B2A路,11
B20路,B3路,11
B20路,夜19路,11
B20路,夜34路,11
B22路,夜38路,11
B22路,夜81路,11
B26路,B4路,11
B28路,B29路,11
B2A路,B4路,11
B2路,B4路,11
B2路,夜17路,11
B3路,广高峰快线30路,11
B3路,广276路,11
B4路,夜93路,11
B5路,夜34路,11
B7路,夜101路,11
B9路,夜23路,11
从10路,从911路,11
从16路,从7路,11
从1路东线,从3路,11
从1路西线,从3路,11
从3路,从9路,11
从5路,从807路,11
从701路,从化13路,11
从804路,从809路,11
从805路,从809路,11
从807路,从夜1路,11
从906路,从化13路,11
佛232路,广275路出场短线,11
佛236路,沥12B路,11
佛236路,佛244B路,11
佛244B路,佛251路,11
佛251路,沥12B路,11
佛263路,沥12B路,11
佛263路,佛278路,11
佛263路短线,沥12B路,11
公交地铁接驳专线5路,番146路,11
公交地铁接驳专线8路,番52路（地铁南村万博站 ⇄ 海大集团总站）,11
南1路B,南沙62路,11
南35路,番11路,11
南41路,南沙68路,11
南48路,番140路,11
南53路,南沙12路,11
南沙12路,南沙49路,11
南沙19路,南沙62路,11
南沙19路,番143路,11
南沙4路,南沙54路,11
南沙4路,番141路,11
南沙62路,南沙学1路,11
南沙63路B线,南沙8路,11
南沙G4路,番143路,11
南沙学1路,番143路,11
地铁接驳10A线,番125路,11
增城12路,增城2路,11
增城18路,增城74路,11
增城18路,增城7路,11
增城22路,增城37路,11
增城22路/增22路,增城37路,11
增城23路,增城32路内环,11
增城23路,增城38路,11
增城36路,增城39路,11
增城9A路/9A路快线,增城9路,11
夜100路,夜71路,11
夜103路,夜44路,11
夜11路,广260路,11
夜122路,夜76路,11
夜13路,夜39路,11
夜13路,夜40路,11
夜14路,夜25路,11
夜14路,夜41路,11
夜14路,夜77路,11
夜17路,夜9路,11
夜18路,夜38路,11
夜19路,广高峰快线30路,11
夜19路,广276路,11
夜19路,夜9路,11
夜22路,夜26路,11
夜25路,夜9路,11
夜25路,夜34路,11
夜29路,夜37路,11
夜34路,夜38路,11
夜38路,夜9路,11
夜3路,夜45路,11
夜41路,夜9路,11
夜44路,广565路,11
夜44路,广277路,11
夜49路,夜73路,11
夜51路,夜93路,11
夜99路,广205路,11
大学城环线1路,番201路,11
广12路,广高峰快线30路,11
广132路,广夜58路,11
广277路,广281路,11
广281路,沥12路,11
番100路,番68路,11
番100路,番10路,11
番100路,番108路,11
番108B路,番108路,11
番108路,番1路,11
番108路,番15路,11
番10路,番145路,11
番10路,番68路,11
番10路,番3路,11
番10路,番92路/番92路,11
番111路,番93路,11
番111路,番23路,11
番111路,番52路（广州南站总站 ⇄ 石碁文化广场总站）,11
番11路,番97路,11
番11路,番99路,11
番11路,番91路,11
番126路,番92路/番92路,11
番126路,番93路,11
番126路,番93路短线,11
番12路旅游专线,番13路,11
番12路旅游专线,番150路,11
番13路,番183路,11
番13路,番186路,11
番13路,番150B路,11
番13路,番1路,11
番150B路,番97路,11
番150B路,番99路,11
番150路,番160路,11
番151路,番夜4路,11
番160路,番6路,11
番162B路,番93路,11
番163A路,番163B路,11
番16路,番19路（傍雁路临时公交总站 ⇄ 雅居乐总站）,11
番17路,番186路,11
番17路,番56路,11
番17路长线,番52路（地铁南村万博站 ⇄ 海大集团总站）,11
番183路,番25路,11
番186路,番25路,11
番20B路,番30路,11
番22B路,番22路,11
番29路,番6路,11
番29路,番93路,11
番29路,番93路短线,11
番30路,番52路（地铁南村万博站 ⇄ 海大集团总站）,11
番3路,番6路,11
番52路（地铁南村万博站 ⇄ 海大集团总站）,番53路,11
番68路,番99路,11
番6路,番97路,11
花19路,花6路,11
花23路,花86路,11
花23路,花88路,11
花23路,花88路短线,11
花2路,花68路白坭班车,11
花2路,花68路短线,11
花30路,花75路,11
花62路,花63路,11
花62路,花63路短线,11
花75A路,花8路,11
花86路,花88路,11
花86路,花88路短线,11
101路,104路,10
102路,19路,10
105路,528路,10
107路,243路,10
108路,113路,10
108路,58A路,10
108路,58路,10
108路,803路,10
10路,220路,10
113路,528路,10
114路,521路,10
114路,夜3路,10
11路,夜42路,10
11路,45路,10
121A路,131A路,10
121A路,131B路,10
121A路,夜42路,10
122路,211路,10
122路,51路,10
124路,66路,10
126路,803路,10
128路,57路,10
129路,5路,10
130路,191路,10
133路,209路,10
133路,204路,10
136路,246路,10
137路,517路,10
137路,243路,10
137路,夜40路,10
137路,262路,10
140路,502路,10
140路,夜18路,10
14路,190路,10
14路,252路,10
14路,夜29路,10
14路,夜37路,10
14路,高峰快线74路,10
16路,236路,10
175路,841路,10
176路,538路,10
176路,21路,10
176路,528路,10
176路,555路,10
179路,32路,10
179路,504路,10
179路,833路,10
179路,B6路,10
179路,B6路快线,10
179路,夜47路,10
180路,253路,10
180路,544路,10
180路,82路,10
180路,9路,10
180路,86路,10
180路,546路,10
181路,19路,10
181路,夜11路,10
182路,264路,10
182路,247路,10
183路,夜36路,10
184路,250路,10
186路,夜26路,10
189路,810路,10
190路,76路,10
190路,大学城专线3路,10
191路,233路,10
191路,夜56路,10
194路,夜36路,10
194路,239路,10
195路,836路,10
195路,35路,10
195路,86路,10
195路,夜55路,10
199路,32路,10
19路,787路,10
1路,552路,10
201路,246路,10
201路,502路,10
204路,56路,10
204路,夜38路,10
206路,69路,10
206路,250路,10
206路,264A路,10
206路,37路,10
207路,411路,10
209路,74路,10
209路,夜5路,10
210路,214路,10
210路,363路,10
211路,夜28路,10
211路,88路,10
211路,夜30路,10
214路,372路,10
214路,571路,10
218路,548路,10
218路,562路,10
218路,B15路,10
218路,夜13路,10
21路,58路,10
21路,274路,10
221路,551路,10
222路,285路,10
222路,299路,10
223路,285路,10
223路,285路无轨电车短线,10
226路,270路,10
226路,夜37路,10
226路,大学城专线3路,10
229路,247路,10
229路,夜66路,10
229路,262路,10
229路,广283路,10
229路,广283路班车,10
229路,旅游公交3线,10
233路,夜27路,10
238路,552路,10
243路,B15路,10
243路,夜13路,10
244A路,527路,10
244A路,527路机电班车,10
244A路,夜120路,10
244路,527路,10
244路,527路机电班车,10
244路,夜120路,10
244路,251路,10
244路,254路,10
244路,265路,10
244路,280路,10
244路,886路,10
244路,夜76路,10
245路,B18路,10
247路,夜6路,10
24路,264路,10
24路,8路,10
24路,夜6路,10
250路,夜55路,10
250路,53路,10
250路,大学城专线3路,10
251路,254路,10
251路,280路,10
251路,夜22路,10
251路,297路,10
251路,298路,10
251路,510路,10
252路,夜8路,10
252路,高峰快线74路,10
254路,58A路,10
254路,58路,10
254路,807路,10
254路,886路,10
259路,840路,10
261路,293路,10
261路,B3路,10
261路,B4路,10
261路,夜19路,10
261路,夜36路,10
261路,541路,10
261路,夜39路,10
261路,夜40路,10
263路,夜43路,10
264路,夜8路,10
264路,夜6路,10
268路,274路,10
268路,32路,10
270路,夜45路,10
270路,468路,10
270路,高峰快线74路,10
274路,540路,10
274路,832路,10
274路,528路,10
274路,555路,10
278路,540路,10
280路,58A路,10
280路,58路,10
284路,62路,10
284路,夜36路,10
285路,811路,10
288路,301A路,10
290路,55路,10
293路,54路,10
293路,56路,10
293路,62路,10
293路,44路,10
297路,夜5路,10
297路,54路,10
298路,810路,10
298路,58路,10
299路,551路,10
299路,59路,10
299路,夜36路,10
29路,夜7路,10
29路,823路,10
2路,305路,10
2路,B4路,10
301A路,夜20路,10
301A路,301路,10
301A路,番13路,10
301A路,番25路,10
301A路,番91路,10
301路,番93路短线,10
302路,番143路,10
303A路,B7路,10
303A路,旅游观光1线,10
303路,995路,10
303路,309路,10
303路,番10路,10
305路,56路,10
30路,83路,10
311路,公交地铁接驳专线4路,10
311路,公交地铁接驳专线5路,10
311路,番186路,10
312路（滘口汽车站总站 ⇄ 祈福新邨总站）,夜29路,10
31路,38路,10
31路,556路,10
324路,339路,10
325路,夜51路,10
326路,347路,10
327A路,夜49路,10
32路,46路,10
32路,夜105路,10
330A路,345A路,10
330A路,396A路环线,10
330路,345A路,10
330路,396A路环线,10
340路,516路,10
340路,439路,10
345A路,446路,10
345路,370路,10
345路,夜126路,10
349路,940路,10
355路,581路,10
355路,943路,10
355路,夜104路,10
358路,365路,10
35路,夜34路,10
365路,366路,10
365路,夜52路,10
365路,391A路,10
365路,391路,10
365路,370路,10
365路,夜126路,10
366路,946路,10
367路,571A路,10
36路,夜12路,10
36路,810路,10
371路,394路,10
372路,571路,10
373路,夜49路,10
375路,946路,10
379路,571A路,10
38路,556路,10
390路,581路,10
390路,944路,10
396A路环线,446路,10
396A路环线,夜60路,10
39路,83路,10
3路,541路,10
3路,夜39路,10
3路,6路,10
408路,764路,10
40路/南40路,南59路,10
429路循环线,广746路,10
448路,B22路,10
448路,夜81路,10
44路,548路,10
459路,943路,10
45路,583路,10
487路,782A路,10
491路,494路,10
491路,564路,10
491路,夜100路,10
494路,901路,10
497路,901路,10
503路,89路,10
503路,813路,10
504路,540路,10
504路,夜35路,10
506路,943路,10
509路,796路,10
509路,843路,10
516路,571B路,10
517路,518路,10
517路,夜27路,10
517路,夜93路,10
517路,547路,10
518路,56路,10
518路,夜38路,10
518路,夜27路,10
519路,803路,10
519路,夜105路,10
51路,夜61路,10
51路,836路,10
521路,527路,10
521路,夜120路,10
521路,839路,10
522路,840路,10
522路,夜80路,10
522路,722路,10
523路,843路,10
524路,夜80路,10
524路,夜15路,10
527路,夜3路,10
527路,539路,10
527路,夜122路,10
527路,夜80路,10
527路机电班车,夜22路,10
528路,58A路,10
528路,7路,10
52路,广260路,10
538路,803路,10
53路,B8路,10
53路,大学城专线3路,10
53路,541路,10
53路,夜39路,10
53路,夜40路,10
540路,583路,10
541路,562路,10
541路,B22路,10
541路,547路,10
544路,76路,10
545路,夜105路,10
545路,夜56路,10
545路,夜77路,10
546路,551路,10
546路,59路,10
546路,夜32路,10
547路,B22路,10
548路,夜36路,10
54路,高峰快线80路,10
552路,夜113路,10
555路,夜12路,10
556路,夜22路,10
556路,夜105路,10
55路,夜96路,10
562路,夜88路,10
562路,B8路,10
562路,夜36路,10
562路,夜39路,10
562路,夜40路,10
563路,841路,10
564路,夜81路,10
564路,773路,10
564路,夜93路,10
569路,夜73路,10
56路,B4路,10
56路,广283路,10
56路,广283路班车,10
571A路,增城23路,10
571A路,增城32路内环,10
571A路,增城35路,10
571A路,增夜4路,10
571路,增城25路,10
571路,增城37路,10
572路,B31路,10
575路,943路,10
575路,夜51路,10
579路,940路,10
57路,夜31路,10
581路,B26路,10
581路,772路,10
581路,773路,10
581路,夜53路,10
58A路,夜94路,10
5路,夜8路,10
5路,夜102路,10
62路,夜38路,10
62路,80路,10
63路,7路,10
650路,655路（广东青年职业学院总站 ⇄ 良田保税路总站）,10
658A路,658B路,10
663路,924路,10
663路,夜62路,10
66路,夜9路,10
66路,803路,10
69路,夜29路,10
701路,715路,10
701路,花75路,10
706路,807路,10
706路,840路,10
706路,夜80路,10
706路,夜94路,10
706路早间短线,夜87路,10
709路,725路,10
711路,753路,10
713路,花68路,10
713路,花68路白坭班车,10
713路,花68路短线,10
714路,高峰快线72路,10
738路,979路,10
75路,夜24路,10
769路/769路快线,广277路,10
76路,夜32路,10
76路,798路,10
772路,B11路,10
773路,夜100路,10
78A路,高峰快线32路,10
803路,夜105路,10
807A路,夜22路,10
807路,夜80路,10
80路,广12路,10
810路,夜105路,10
810路,夜9路,10
823路,夜33路,10
823路,夜6路,10
833路,836路,10
833路,B6路,10
833路,B6路快线,10
833路,夜24路,10
833路,夜47路,10
834路,977路,10
836路,夜34路,10
836路,862路,10
839路,夜3路,10
83路,夜10路,10
841路,夜90路,10
843路,夜129路,10
862路,夜24路,10
862路,夜47路,10
86路,夜34路,10
886路,夜56路,10
886路,夜22路,10
89路,B11路,10
89路,夜10路,10
901路,夜68路,10
93路,夜8路,10
964路,夜30路,10
987路,夜88路,10
9路,夜55路,10
B12路,夜70路,10
B16路,B2路,10
B16路,B4路,10
B16路,夜25路,10
B16路,夜38路,10
B17路,B2A路,10
B17路,B3路,10
B17路,夜19路,10
B17路,夜34路,10
B1路,夜9路,10
B20路,B2路,10
B20路,B4路,10
B20路,夜25路,10
B20路,夜38路,10
B21路,B8路,10
B21路,B5路,10
B21路,夜25路,10
B21路,夜38路,10
B21路,夜41路,10
B22路,夜13路,10
B24路,夜104路,10
B26路,夜46路,10
B26路,夜38路,10
B28路,广369路,10
B29路,夜41路,10
B2路,夜34路,10
B31路,夜57路,10
B3路,夜18路,10
B3路,夜9路,10
B4A路,夜81路,10
B4路,夜18路,10
B4路,夜9路,10
B4路,夜51路,10
B4路,夜34路,10
B7路,夜20路,10
B8路,夜9路,10
B9路,夜43路,10
从14路,从化13路,10
从19路,从化13路,10
从20路,从5路长线,10
从5路长线,从807路,10
从803路,从夜1路,10
佛244路,广419路,10
佛277路,广260路,10
佛沥12高峰线,沥12路,10
佛里07B路,里07路短线/佛里07路里广快线,10
公交地铁接驳专线4路,夜133路,10
公交地铁接驳专线5路,夜133路,10
公交地铁接驳专线5路,番17路,10
南1路B,南沙62路短线,10
南1路B,南沙18路,10
南1路B,南沙49路,10
南1路B,南沙4路,10
南1路B,番141路,10
南34路,南沙38路,10
南34路,番143路,10
南34路,南50路,10
南44路,南45路,10
南50路,南沙54路,10
南50路,番143路,10
南55路,南沙G4路,10
南59路,南沙40路短线,10
南沙13路,南沙54路,10
南沙19路,南沙G4路,10
南沙33路,南沙70路,10
南沙63路A线,南沙8路,10
南沙65路,番143路,10
南沙65路,番150B路,10
南沙65路,番150路,10
南沙68路,番143路,10
南沙68路,番150B路,10
南沙68路,番150路,10
增城10路,增城47路,10
增城10路,增城3路,10
增城11路,增城36路,10
增城16路,旅游专线1路,10
增城19路,增城69路,10
增城23路,增城26路,10
增城29路,增城45路,10
增城32路内环,增城38路,10
增城32路外环,增城38路,10
增城36路,增城9路,10
增城76路,莞76路,10
增城9路,增城9路快线,10
夜100路,夜81路,10
夜100路,夜93路,10
夜101路,夜20路,10
夜102路,番146路,10
夜104路,夜51路,10
夜105路,夜25路,10
夜105路,夜41路,10
夜105路,夜26路,10
夜113路,夜1路,10
夜11路,夜72路,10
夜120路,夜22路,10
夜120路,夜3路,10
夜12路,夜26路,10
夜133路,番186路,10
夜15路,夜25路,10
夜15路,夜41路,10
夜18路,夜19路,10
夜18路,夜36路,10
夜24路,夜43路,10
夜27路,夜36路,10
夜29路,夜8路,10
夜34路,夜43路,10
夜34路,夜55路,10
夜36路,夜40路,10
夜37路,夜45路,10
夜37路,夜8路,10
夜38路,广283路,10
夜38路,广283路班车,10
夜38路,夜93路,10
夜3路,夜7路,10
夜40路,大学城专线4路,10
夜41路,广369路,10
夜45路,大学城专线3路,10
夜50路,番201路,10
夜51路,夜81路,10
夜53路,高峰快线32路,10
夜70路,大学城专线3路,10
夜88路,番10路,10
夜8路,高峰快线74路,10
夜92路,花1路（人和地铁站 ⇄ 广州北站西广场）,10
夜92路,花63路,10
夜92路,花63路短线,10
夜92路,花80路,10
大学城专线1路,大学城专线4路,10
大学城专线2路,大学城环线1路,10
广231路,广974路,10
广231路,广974路班车,10
广277路,广夜67路,10
广478路,广夜54路,10
番108路,番68路,10
番10路,番148路,10
番111路,番92路/番92路,10
番11路,番8路,10
番11路,番150路,10
番11路,番5路,10
番11路,番5路长线,10
番12路旅游专线,番6路,10
番12路旅游专线,番130路,10
番12路旅游专线,番29路,10
番131路,番92路/番92路,10
番131路,番93路,10
番131路,番93路短线,10
番142路,番143路,10
番142路,番150B路,10
番142路,番150路,10
番143路,番150路,10
番143路,番165路,10
番143路,番145路,10
番145路,番186路,10
番146路,番17路长线,10
番150路,番5路,10
番150路,番5路长线,10
番15路,番97路,10
番160路,番1路,10
番160路,番68路,10
番160路,番93路短线,10
番163A路,番89路,10
番17路长线,番56路,10
番186路,番91路,10
番187路,番夜2路,10
番1路,番6路,10
番1路,番93路短线,10
番4路,番68路,10
番4路,番51路,10
番52路（广州南站总站 ⇄ 石碁文化广场总站）,番89路,10
番5路,番91路,10
番5路,番97路,10
番5路长线,番91路,10
番5路长线,番97路,10
番61路,番77路,10
番6路,番93路短线,10
番93路,番99路,10
花10路,花9路,10
花2路,花68路,10
花2路,花70路,10
花2路,花70路短线,10
花30路,花7路,10
花39路短线,花68路,10
花68路,花81路（三水大塘中心广场 ⇄ 广州北站）,10
花88路短线,花89路,10
101路,519路,9
101路,夜107路,9
102路,107路,9
105路,108路,9
105路,113路,9
105路,21路,9
105路,519路,9
105路,538路,9
107路,夜40路,9
108路,176路,9
108路,274路,9
108路,278路,9
109路,110路,9
10路,夜4路,9
10路,25路,9
110路,209路,9
113路,243路,9
113路,21路,9
113路,555路,9
113路,556路,9
113路,夜26路,9
11路,121A路,9
121A路,旅游公交2线,9
121路,131A路,9
121路,131B路,9
121路,广277路,9
122路,301A路,9
122路,562路,9
122路,夜88路,9
124路,209路,9
124路,541路,9
124路,夜39路,9
126路,83路,9
129路,广276路,9
129路,夜88路,9
129路,303A路,9
130路,78路,9
130路,298路,9
131B路,B21路,9
131B路,208路,9
131B路,57路,9
133路,62路,9
134路,215路,9
134路,夜21路,9
136路,504路,9
136路,140路,9
137路,140路,9
137路,261路,9
137路,53路,9
137路,541路,9
137路,548路,9
137路,562路,9
137路,B15路,9
137路,夜13路,9
137路,夜27路,9
137路,夜39路,9
137路,夜93路,9
137路,大学城专线4路,9
137路,762路,9
137路,夜66路,9
140路,夜74路,9
140路,246路,9
140路,大学城专线4路,9
140路,261路,9
140路,53路,9
140路,541路,9
140路,548路,9
140路,562路,9
140路,B15路,9
140路,夜13路,9
140路,夜27路,9
140路,夜39路,9
140路,夜40路,9
140路,夜93路,9
14路,93路,9
14路,夜56路,9
16路,285路,9
175路,757路,9
176路,夜77路,9
176路,540路,9
176路,夜105路,9
179路,257路,9
179路,298路,9
179路,560路,9
17路,215路,9
17路,524路,9
17路,夜80路,9
180路,29路,9
180路,夜32路,9
182路,夜12路,9
183路,222路,9
184路,264路,9
186路,253路,9
186路,4路,9
189路,252路,9
189路,37路,9
190路,76A路,9
190路,270路,9
190路,夜37路,9
191路,298路,9
192路,44路,9
193路,广286路,9
193路,411路,9
195路,夜61路,9
195路,263路,9
198路,527路机电班车,9
198路,830路,9
199路,298路,9
199路,63路,9
199路,夜35路,9
19路,206路,9
19路,312路（滘口汽车站总站 ⇄ 祈福新邨总站）,9
19路,夜29路,9
19路,夜72路,9
19路,广277路,9
204路,旅游公交2线,9
204路,284路,9
204路,B4路,9
206路,309路,9
206路,312路（滘口汽车站总站 ⇄ 祈福新邨总站）,9
206路,52路,9
206路,夜11路,9
206路,226路,9
206路,夜45路,9
206路,大学城专线3路,9
207路,广277路,9
207路,839路,9
208路,9路,9
209路,56路,9
209路,6路,9
209路,82路,9
209路,B3路,9
209路,夜19路,9
20路,218路,9
20路,41路,9
211路,864路,9
211路,夜4路,9
211路,264路,9
215路,238路,9
215路,71路,9
215路,832路,9
215路,夜2路,9
218路,B11路,9
218路,547路,9
218路,518路,9
218路,夜27路,9
218路,夜93路,9
21路,278路,9
21路,540路,9
21路,706路,9
21路,706路早间短线,9
21路,夜80路,9
222路,69路,9
222路,70路,9
222路,811路,9
222路,44路,9
222路,广277路,9
223路,245路,9
225路,545路,9
226路,夜29路,9
229路,80路,9
229路,广12路,9
229路,大学城专线3路,9
230路,59路,9
238路,545路,9
238路,71路,9
238路,夜15路,9
238路,夜2路,9
239路,B7路,9
241路,862路,9
243路,813路,9
243路,261路,9
243路,562路,9
243路,大学城专线4路,9
244A路,夜36路,9
244A路,58路,9
244路,夜36路,9
244路,807A路,9
244路,807路,9
244路,夜107路,9
244路,563路,9
244路,32路,9
246路,884路,9
247路,24路,9
247路,8路,9
24路,36路,9
24路,夜12路,9
24路,273路,9
250路,273路,9
250路,夜36路,9
250路,夜33路,9
250路,夜29路,9
251路,38路,9
252路,37路,9
253路,82路,9
253路,夜33路,9
253路,夜16路,9
254路,807A路,9
254路,519路,9
257路,32路,9
259路,527路,9
261路,广高峰快线30路,9
261路,542路,9
261路,大学城专线4路,9
263路,夜23路,9
264路,夜12路,9
264路,761路,9
265路,273路,9
268路,夜76路,9
268路,58A路,9
268路,58路,9
270路,夜23路,9
270路,764路,9
273路,夜55路,9
274路,夜95路,9
274路,556路,9
274路,夜105路,9
274路,夜26路,9
278路,810路,9
278路,夜77路,9
278路,519路,9
278路,528路,9
278路,538路,9
278路,555路,9
278路,556路,9
278路,803路,9
278路,夜26路,9
27路,293路,9
27路,56路,9
27路,夜38路,9
280路,夜15路,9
280路,807路,9
284路,2路,9
284路,54路,9
284路,夜38路,9
284路,542路,9
285路,299路,9
285路,夜36路,9
288路,31路,9
288路,夜7路,9
288路,夜24路,9
28路,901A路,9
293路,518路,9
293路,B4路,9
293路,夜38路,9
293路,广283路,9
293路,广283路班车,9
297路,B11路,9
298路,46路,9
298路,523A路,9
299路,542路,9
29路,夜55路,9
29路,31路,9
29路,夜22路,9
2路,74路,9
301路,番68路,9
301路,番93路,9
301路,番148路,9
301路,番8路,9
301路,番夜5路,9
303路,夜7路,9
303路,夜24路,9
303路,番143路,9
304路,夜101路,9
305路,夜30路,9
305路,518路,9
305路,夜38路,9
305路,广高峰快线30路,9
309路,夜29路,9
310路,311路,9
312路（滘口汽车站总站 ⇄ 祈福新邨总站）,夜11路,9
31路,9路,9
31路,963路,9
31路,夜26路,9
320路,459路,9
320路,324路,9
320路,355路,9
321路,349路,9
325路,345路,9
32路,B18路,9
32路,807A路,9
336路,338路,9
337路,575路,9
337路,569路,9
337路,夜49路,9
337路,367路,9
339路,344路,9
345A路,84A路,9
345A路,夜71路,9
345A路,494路,9
355路,391路,9
355路,494路,9
367路,948路,9
36路,864路,9
371路,571A路,9
388路,569路,9
388路,夜49路,9
388路,夜124路,9
38路,823路,9
38路,夜26路,9
390路,432A路,9
397路,566路,9
397路,569路,9
3路,夜33路,9
3路,夜5路,9
403路,944路,9
408A路,夜43路,9
408路,夜43路,9
40路,夜93路,9
40路,562路,9
40路,764路,9
40路/南40路,南沙49路,9
411路,552路,9
411路,812路,9
42路,885路,9
438路,夜97路,9
446路,566路,9
448路,B4A路,9
450路,940路,9
459路,夜104路,9
468路,86路,9
46路,B11路,9
471路,659路,9
496路,547路,9
496路,774路,9
497路,夜93路,9
497路,83路,9
502路,夜74路,9
503路,54路,9
503路,B11路,9
503路,夜10路,9
504路,547路,9
504路,792A路,9
506路,547路,9
510路,724路,9
516路,567路,9
516路,夜57路,9
517路,B22路,9
517路,B24路,9
518路,B4路,9
518路,542路,9
518路,B8路,9
519路,7路,9
51路,夜28路,9
521路,830路,9
522路,523A路,9
522路,58A路,9
522路,523路,9
522路,829路,9
523A路,523路,9
524路,832路,9
524路,545路,9
524路,71路,9
524路,夜2路,9
525路,夜103路,9
525路,广565路,9
527路,夜36路,9
527路,530路,9
527路,夜45路,9
527路,夜76路,9
527路机电班车,夜36路,9
527路机电班车,530路,9
527路机电班车,夜45路,9
528路,540路,9
528路,夜94路,9
52路,夜29路,9
530路,夜37路,9
530路,夜120路,9
539路,832路,9
53路,B9路,9
53路,大学城专线4路,9
540路,803路,9
540路,555路,9
541路,542路,9
541路,大学城专线4路,9
541路,901A路,9
542路,夜39路,9
542路,夜18路,9
542路,583路,9
544路,66路,9
544路,76A路,9
545路,夜25路,9
545路,夜41路,9
546路,夜4路,9
546路,864路,9
547路,548路,9
547路,901A路,9
547路,夜43路,9
548路,大学城专线4路,9
551路,B5路,9
552路,70路,9
552路,广419路,9
555路,58路,9
556路,58路,9
556路,夜12路,9
556路,夜7路,9
55路,74路,9
560路,833路,9
560路,836路,9
560路,夜24路,9
560路,夜47路,9
562路,大学城专线4路,9
563路,742路,9
564路,84路,9
566路,572路,9
566路,夜73路,9
567路,571B路,9
569路,夜57路,9
571B路,572路,9
573路,科学城3号交通专线/K3路,9
573路快线,575路,9
57路,夜1路,9
57路,75路,9
581路,776路,9
583路,779路,9
58A路,夜35路,9
58路,夜26路,9
59路,B5路,9
5路,夜22路,9
62路,B4路,9
63路,夜105路,9
63路,夜15路,9
656路,663路,9
662路,夜75路,9
663路,799路,9
667路,798路,9
66路,夜32路,9
69路,91路,9
69路,夜103路,9
69路,广565路,9
6路,82路,9
701路,707路,9
701路,花30路,9
701路,花76路,9
701路,花9路,9
706路,夜9路,9
706路,花8路,9
706路早间短线,807路,9
706路早间短线,840路,9
706路早间短线,夜80路,9
706路早间短线,夜94路,9
707路,750路,9
707路,715路,9
70路,91路,9
70路,962路,9
70路,夜103路,9
70路,广565路,9
711路,花85路,9
714路,725路,9
722路,829路,9
724路,985路,9
724路,夜123路,9
725路,夜116路,9
729路,夜120路,9
735路,797路,9
737路,843路,9
738路,夜118路,9
739路,753路,9
742路,982路,9
74路,838路,9
74路,962路,9
74路,夜1路,9
74路,812路,9
753路,夜84路,9
756路,807路,9
756路,840路,9
756路,夜94路,9
75路,广281路,9
75路,广夜67路,9
76A路,夜32路,9
76A路,夜9路,9
76A路,夜76路,9
773路,夜81路,9
776路,901A路,9
776路,901路,9
776路,夜68路,9
780路,812路,9
782A路,966路,9
78路,B10路,9
792A路,862路,9
792A路,夜74路,9
7路,夜8路,9
801路,B25路,9
801路,高峰快线74路,9
803路,810路,9
803路,夜90路,9
807A路,807路,9
807A路,夜75路,9
807路,夜22路,9
807路,837路,9
810路,夜89路,9
810路,夜76路,9
810路,夜35路,9
823路,夜7路,9
825路,829路,9
82路,9路,9
82路,夜44路,9
830路,831路,9
830路,839路,9
830路,夜3路,9
830路,广424路,9
832路,864路,9
832路,夜21路,9
832路,975路,9
836路,960路,9
837路,977路,9
839路,夜44路,9
83路,夜90路,9
841路,982路,9
84路,夜100路,9
886路,夜35路,9
89路,B21路,9
8路,夜33路,9
903路,B26路,9
91路,夜36路,9
91路,夜44路,9
943路,夜97路,9
948路,夜52路,9
963路,夜7路,9
966路,夜113路,9
975路,夜122路,9
976路,985路,9
984路,夜76路,9
985路,夜班136路,9
997路,夜55路,9
9路,夜7路,9
9路,夜24路,9
B10路,高峰快线32路,9
B12路,B1路,9
B12路,B21路,9
B12路,B3路,9
B12路,B4路,9
B12路,B5路,9
B12路,夜17路,9
B12路,夜19路,9
B12路,夜25路,9
B12路,夜38路,9
B12路,夜41路,9
B15路,夜18路,9
B15路,B22路,9
B15路,大学城专线4路,9
B17路,B2路,9
B17路,B4路,9
B17路,夜25路,9
B17路,夜38路,9
B18路快线,B19路,9
B19路,B20路,9
B1短线快车,B5路,9
B1路,B21路,9
B1路,B28路,9
B21路,夜36路,9
B21路,夜34路,9
B21路,夜43路,9
B21路,B2A路,9
B21路,B2路,9
B21路,B3路,9
B21路,B4路,9
B21路,夜17路,9
B21路,夜19路,9
B21路,夜9路,9
B22路,夜51路,9
B25路,大学城专线2路,9
B25路,大学城专线4路,9
B26路,夜93路,9
B28路,B30路,9
B2A路,夜9路,9
B2路,夜77路,9
B2路,夜9路,9
B4A路,夜68路,9
B4路,广283路,9
B4路,广283路班车,9
B5路,B8路,9
从10路,从407路,9
从12路,从607路,9
从19路,从20路,9
从19路密石班车,从906路,9
从3路夜班,从9路,9
从4路,从701路,9
从4路,从702路,9
从4路快线,从701路,9
从4路快线,从702路,9
从5路,从803路,9
从9路,从化922路,9
佛202路,沥17B路区间,9
佛232路,桂23路,9
佛236路,佛278路,9
佛244路,广231路,9
佛251路,佛278路,9
佛252路,佛里07B路,9
佛263路,佛275路,9
佛沥18路,里07路,9
佛沥18路,里07路高峰线,9
公交地铁接驳专线4路,番17路,9
公交地铁接驳专线4路,番17路长线,9
公交地铁接驳专线4路,番183路,9
公交地铁接驳专线4路,番191路,9
公交地铁接驳专线5路,番186路,9
公交地铁接驳专线9路,番10路,9
公交地铁接驳专线9路,番186路,9
南27路,南沙13路,9
南34路,南沙54路,9
南35路,南57路,9
南35路,南48路,9
南35路,番141路,9
南36路,南50路,9
南47路,番142路,9
南53路,南沙G4路,9
南53路,番143路,9
南60路,南沙68路,9
南61路,南夜1路,9
南61路,南沙61路短线（万科海上明月 ⇄ 黄阁中学）,9
南夜6路,南沙4路,9
南沙12路,南沙G4路,9
南沙1路,南沙62路,9
南沙62路,南沙62路短线,9
南沙65路,南沙70路,9
南沙65路,番141路,9
南沙68路,南沙70路,9
南沙68路,番141路,9
南沙70路,番142路,9
南沙70路,番150路,9
南沙8路,番141路,9
南沙W1A路,南沙W1B路,9
商务专线4路,广275路,9
地铁接驳10A线,番109路,9
增城10路,增城5路,9
增城11A路,增城35路,9
增城11A路,增夜4路,9
增城15路,增城15路快线,9
增城15路,增城41路,9
增城16路,增城61路,9
增城17路,增城63路,9
增城19路,增城58路,9
增城19路,增城41路,9
增城1路,增城74路,9
增城1路,增城7路,9
增城22路,增城25路,9
增城22路/增22路,增城25路,9
增城29路,增城34路,9
增城29路,增城36路,9
增城29路,增城9路,9
增城5路,增城8路,9
增城64路,增城9A路/9A路快线,9
增城75路,莞609路,9
夜102路,广276路,9
夜105路,夜56路,9
夜106路,花16路,9
夜116路,高峰快线72路,9
夜11路,夜29路,9
夜11路,夜44路,9
夜120路,夜36路,9
夜120路,夜45路,9
夜123路,夜94路,9
夜128路,夜55路,9
夜13路,夜18路,9
夜13路,大学城专线4路,9
夜14路,夜15路,9
夜14路,夜5路,9
夜16路,广276路,9
夜16路,广12路,9
夜18路,广高峰快线30路,9
夜20路,夜61路,9
夜21路,夜80路,9
夜22路,夜36路,9
夜23路,夜37路,9
夜23路,大学城专线3路,9
夜23路,夜43路,9
夜25路,夜48路,9
夜27路,广286路,9
夜27路,大学城专线4路,9
夜29路,夜45路,9
夜29路,大学城专线3路,9
夜2路,夜80路,9
夜30路,夜45路,9
夜34路,夜9路,9
夜36路,夜55路,9
夜38路,夜48路,9
夜38路,夜51路,9
夜39路,大学城专线4路,9
夜41路,夜48路,9
夜42路,旅游公交2线,9
夜49路,夜57路,9
夜50路,大学城专线4路,9
夜51路,科学城3号交通专线/K3路,9
夜56路,夜8路,9
夜57路,夜73路,9
夜61路,夜88路,9
夜72路,广275路,9
夜77路,夜89路,9
夜77路,夜94路,9
夜88路,番143路,9
夜92路,花10路,9
夜93路,大学城专线4路,9
广12路,广283路班车,9
广231路,广夜91路,9
广260路,广286路,9
广369路,莞86路,9
广974路,广夜91路,9
广974路,里07路,9
广974路,里07路高峰线,9
广974路班车,广夜91路,9
广974路班车,里07路,9
广974路班车,里07路高峰线,9
广夜91路,里07路,9
广夜91路,里07路高峰线,9
番108B路,番130路,9
番108B路,番147路,9
番108B路,番68路,9
番108B路,番6路,9
番108B路,番9路,9
番108路,番130路,9
番11路,番13路,9
番12路旅游专线,番146路,9
番12路旅游专线,番9路,9
番12路旅游专线,番9路长线,9
番132路旅游专线,番93路,9
番13路,番165路,9
番141路,番142路,9
番141路,番150路,9
番145路,番96路,9
番146路,番17路,9
番146路,番186路,9
番146路,番5路,9
番146路,番5路长线,9
番147路,番6路,9
番147路,番68路,9
番148路,番6路,9
番150B路,番8路,9
番150B路,番5路,9
番150B路,番5路长线,9
番150B路,番21B路,9
番15路,番7路,9
番15路,番夜5路,9
番15路,番68路,9
番160路,番29路,9
番160路,番162B路,9
番163A路,番52路（广州南站总站 ⇄ 石碁文化广场总站）,9
番165路,番9路,9
番165路,番9路长线,9
番16路,番23路,9
番17路长线,番186路,9
番1路,番93路,9
番1路,番夜5路,9
番27路,番7路,9
番30路,番71路,9
番33路,番51路,9
番3路,番93路,9
番3路,番93路短线,9
番53路,番91路,9
番5路,番99路,9
番5路,番9路,9
番5路,番9路长线,9
番5路长线,番99路,9
番5路长线,番9路,9
番5路长线,番9路长线,9
番68路,番97路,9
番68路,番92路/番92路,9
番6路,番93路,9
番6路,番7路,9
番93路短线,番99路,9
番97路,番微公交3路,9
空港快线2号线,空港快线2线,9
花10路,花62路,9
花115路,花5路,9
花25路,花62路,9
花2B路,花88路,9
花2路,花88路,9
花30路,花76路,9
花30路,花9路,9
花62路,花80路,9
花63路,花81路（三水大塘中心广场 ⇄ 广州北站）,9
花63路短线,花81路（三水大塘中心广场 ⇄ 广州北站）,9
花75路,花7路,9
花75路,花81路（三水大塘中心广场 ⇄ 广州北站）,9
花80路,花81路（三水大塘中心广场 ⇄ 广州北站）,9
花81路（三水大塘中心广场 ⇄ 广州北站）,花93路,9
花85路,花8路,9
莞616路,莞618路,9
莞618路,莞619路,9
102路,31路,8
102路,夜7路,8
102路,108路,8
102路,夜27路,8
104路,250路,8
105路,133路,8
105路,278路,8
105路,803路,8
105路,夜105路,8
106路,1路,8
106路,夜1路,8
107路,233路,8
107路,夜9路,8
108路,夜107路,8
108路,夜40路,8
108路,540路,8
108路,夜87路,8
108路,夜94路,8
109路,297路,8
10路,191路,8
10路,夜89路,8
10路,190路,8
10路,544路,8
10路,夜32路,8
110路,夜5路,8
110路,124路,8
110路,217路,8
110路,夜72路,8
113路,244A路,8
113路,244路,8
113路,273路,8
113路,夜22路,8
113路,夜107路,8
113路,278路,8
113路,803路,8
113路,夜105路,8
11路,121路,8
11路,旅游公交2线,8
11路,旅游观光1线,8
121A路,8路,8
121A路,夜6路,8
121A路,812路,8
121路,995路,8
121路,旅游公交2线,8
121路,52路,8
121路,64路,8
122路,夜34路,8
122路,夜61路,8
122路,836路,8
124路,182路,8
124路,217路,8
124路,夜72路,8
125路,广12路,8
125路,夜28路,8
125路,公交地铁接驳专线5路,8
126路,742路,8
126路,244路,8
126路,864路,8
126路,833路,8
126路,136路,8
128路,夜16路,8
128路,131B路,8
129路,551路,8
129路,59路,8
129路,公交地铁接驳专线5路,8
129路,番17路长线,8
129路,287路,8
129路,35路,8
129路,70路,8
129路,987路,8
129路,夜4路,8
129路,302路,8
131A路,8路,8
131A路,夜6路,8
131A路,57路,8
131B路,8路,8
131B路,夜6路,8
131B路,229路,8
131B路,266路,8
131B路,夜31路,8
133路,261路,8
133路,518路,8
133路,夜18路,8
133路,广283路,8
134路,夜16路,8
134路,238路,8
134路,17路,8
134路,71路,8
134路,832路,8
134路,夜2路,8
134路,545路,8
136路,804路,8
136路,夜90路,8
136路,502路,8
137路,245路,8
137路,540路,8
137路,518路,8
137路,B22路,8
140路,201路,8
140路,243路,8
140路,284路,8
140路,299路,8
140路,518路,8
14路,37路,8
14路,大学城专线3路,8
14路,264路,8
16路,夜69路,8
16路,285路无轨电车短线,8
175路,广424路,8
175路,B18路,8
176路,280路,8
176路,7路,8
179路,199路,8
179路,832路,8
179路,夜35路,8
179路,高峰快线80路,8
17路,975路,8
17路,夜15路,8
180路,186路,8
180路,夜30路,8
180路,5路,8
180路,997路,8
180路,夜128路,8
181路,64路,8
181路,297路,8
181路,769路/769路快线,8
182路,767路,8
183路,25路,8
184路,208路,8
185路,261路,8
185路,27路,8
185路,2路,8
185路,518路,8
185路,56路,8
185路,B4路,8
185路,夜18路,8
185路,夜38路,8
185路,广283路,8
185路,广283路班车,8
185路,278路,8
185路,夜105路,8
186路,82路,8
186路,244A路,8
186路,244路,8
186路,273路,8
186路,284路,8
189路,278路,8
189路,546路,8
18路,45路,8
190路,66路,8
190路,823路,8
190路,88路,8
190路,夜30路,8
190路,206路,8
190路,夜29路,8
191路,6路,8
191路,833路,8
193路,233路,8
193路,夜11路,8
193路,夜27路,8
193路,广277路,8
194路,夜16路,8
194路,243路,8
194路,53路,8
195路,59路,8
195路,301A路,8
195路,305路,8
195路,51路,8
195路,562路,8
195路,夜101路,8
195路,夜88路,8
199路,46路,8
19路,309路,8
19路,990路,8
1路,57路,8
204路,293路,8
204路,B3路,8
204路,夜19路,8
206路,812路,8
206路,990路,8
206路,夜44路,8
206路,236路,8
206路,夜69路,8
207路,782路,8
207路,962路,8
207路,夜1路,8
207路,812路,8
207路,990路,8
208路,211路,8
208路,264路,8
208路,夜1路,8
208路,广281路,8
208路,广夜67路,8
208路,209路,8
209路,广283路,8
209路,2路,8
210路,B18路,8
211路,247路,8
211路,夜12路,8
211路,310路,8
211路,310路高峰短线,8
215路,62路,8
215路,524路,8
215路,夜15路,8
215路,夜80路,8
217路,6路,8
217路,夜113路,8
217路,71路,8
218路,775路,8
218路,503路,8
21路,夜12路,8
220路,31路,8
220路,夜7路,8
220路,29路,8
223路,864路,8
225路,63路,8
226路,530路,8
226路,53路,8
229路,239路,8
229路,夜101路,8
229路,夜45路,8
229路,253路,8
229路,261路,8
229路,62路,8
229路,夜18路,8
230路,夜61路,8
230路,551路,8
230路,288路,8
230路,303路,8
230路,9路,8
233路,夜15路,8
233路,广286路,8
236路,夜29路,8
236路,夜5路,8
238路,530路,8
238路,832路,8
238路,夜80路,8
239路,夜20路,8
239路,夜66路,8
239路,大学城专线3路,8
241路,791路,8
243路,夜89路,8
243路,夜9路,8
243路,542路,8
243路,518路,8
243路,517路,8
243路,B22路,8
244A路,530路,8
244A路,58A路,8
244A路,807A路,8
244路,530路,8
244路,298路,8
244路,夜35路,8
245路,886路,8
245路,夜56路,8
245路,38路,8
245路,大学城专线4路,8
245路,542路,8
245路,夜35路,8
246路,973路,8
246路,747路,8
24路,265路,8
250路,高峰快线74路,8
251路,807A路,8
251路,32路,8
251路,810路,8
252路,51路,8
252路,764路,8
253路,广12路,8
254路,556路,8
254路,夜26路,8
254路,298路,8
254路,32路,8
254路,810路,8
254路,夜35路,8
257路,298路,8
257路,540路,8
259路,539路,8
259路,广424路,8
261路,27路,8
261路,54路,8
261路,广276路,8
261路,B22路,8
262路,夜70路,8
262路,762路,8
263路,53路,8
263路,B9路,8
264A路,37路,8
264路,7路,8
264路,夜16路,8
264路,88路,8
264路,夜30路,8
264路,270路,8
264路,801路,8
265路,539路,8
265路,563路,8
265路,706路,8
265路,夜9路,8
268路,523A路,8
268路,807A路,8
270路,69路,8
273路,527路,8
273路,527路机电班车,8
273路,夜120路,8
274路,32路,8
274路,519路,8
27路,284路,8
27路,2路,8
27路,305路,8
27路,518路,8
27路,54路,8
27路,62路,8
27路,B4路,8
27路,夜18路,8
27路,广283路,8
27路,广283路班车,8
280路,545路,8
280路,夜25路,8
280路,夜41路,8
280路,夜89路,8
280路,807A路,8
280路,556路,8
280路,夜107路,8
280路,夜26路,8
280路,298路,8
280路,32路,8
280路,夜35路,8
284路,305路,8
284路,B4路,8
284路,B15路,8
284路,夜13路,8
285路,B5路,8
285路,787路,8
287路,35路,8
287路,夜102路,8
287路,夜4路,8
288路,夜45路,8
288路,夜79路,8
288路,夜61路,8
288路,59路,8
28路,夜132路,8
290路,42路,8
293路,2路,8
297路,高峰快线80路,8
298路,63路,8
298路,夜89路,8
298路,B18路,8
298路,522路,8
298路,夜22路,8
299路,B5路,8
299路,53路,8
299路,B15路,8
299路,夜13路,8
299路,夜18路,8
29路,527路,8
29路,527路机电班车,8
29路,夜120路,8
29路,530路,8
2路,B3路,8
2路,夜19路,8
2路,广高峰快线30路,8
301A路,305路,8
301A路,夜28路,8
301A路,夜34路,8
301路,夜61路,8
301路,番29路,8
302A路,广283路,8
302A路,303A路,8
302A路,番71路,8
302路,广283路,8
302路,310路,8
302路,夜102路,8
302路,番182路,8
303A路,夜109路,8
303路,31路,8
303路,489路,8
303路,963路,8
303路,夜3路,8
303路,59路,8
303路,310路,8
305路,51路,8
305路,562路,8
305路,夜34路,8
305路,夜88路,8
305路,B3路,8
305路,B4路,8
305路,夜19路,8
309路,312路（滘口汽车站总站 ⇄ 祈福新邨总站）,8
309路,52路,8
309路,夜11路,8
309路,9路,8
30路,夜70路,8
30路,564路,8
30路,夜100路,8
30路,775路,8
310路,987路,8
310路,番146路,8
310路,夜133路,8
310路高峰短线,311路,8
310路高峰短线,夜133路,8
311路,番17路,8
311路,番17路长线,8
311路,番183路,8
311路,番53路,8
312路（滘口汽车站总站 ⇄ 祈福新邨总站）,990路,8
31路,夜3路,8
31路,75路,8
320路,B29路,8
320路,326路,8
320路,344路,8
324路,946路,8
325路,573路,8
327A路,333路,8
327A路,330路,8
327路,330A路,8
327路,330路,8
327路,333路,8
327路,345A路,8
327路,396A路环线,8
327路,396路,8
327路,446路,8
327路,夜60路,8
327路,392路,8
328路,328路支线,8
32路,803路,8
32路,886路,8
32路,夜22路,8
334路,450路,8
336路,349路,8
337路,339路,8
338路,438路,8
338路,943路,8
339路,夜97路,8
340路,397路,8
340路,572路,8
340路,946路,8
340路,夜49路,8
340路,夜73路,8
340路,579路,8
341路,夜52路,8
345A路,84路,8
345A路,B12路,8
345A路,497路,8
346路,84A路,8
346路,夜71路,8
347路,579路,8
348路,夜46路,8
349路,夜98路,8
358路,375路,8
35路,夜102路,8
35路,夜44路,8
35路,468路,8
360路,517路,8
363路,508路,8
365路,371路,8
365路,375路,8
366路,391路,8
366路,948路,8
367路,506路,8
36路,544路,8
36路,66路,8
36路,夜32路,8
36路,706路,8
36路,982路,8
370路,增城11路,8
371路,573路,8
371路,948路,8
373路,569路,8
375路,569路,8
375路,夜49路,8
379路,516路,8
37路,夜8路,8
383路,大学城环线1路,8
383路,430路,8
388路,943路,8
38路,66路,8
38路,B18路,8
390路,517路,8
390路,945路,8
394路,夜52路,8
394路,566路,8
396路,夜81路,8
397路,946路,8
39路,54路,8
39路,564路,8
39路,夜100路,8
3路,66路,8
3路,夜121路,8
40路,811路,8
40路,B15路,8
40路,夜13路,8
40路,518路,8
411路,839路,8
41路,B17路,8
41路,78路,8
41路,夜53路,8
426路环线,929路,8
42路,广夜54路,8
430路,夜65路,8
431路,517路,8
432A路,459路,8
432A路,581路,8
438路,B24路,8
438路,高峰快线24路,8
439路,579路,8
44路,811路,8
44路,夜27路,8
468路,夜55路,8
469路,夜24路,8
46路,夜35路,8
489路,995路,8
491路,83路,8
491路,901路,8
494路,496路,8
495路,550路,8
496路,B22路,8
496路,B4A路,8
497路,夜51路,8
498路,884路,8
498路,B11路,8
499路,545路,8
503路,53路,8
504路,792路环线,8
504路,583路,8
506路,573路,8
506路,948路,8
509路,753路,8
509路,522路,8
510路,523路,8
510路,971路,8
517路,541路,8
517路,夜39路,8
517路,夜40路,8
517路,大学城专线4路,8
517路,夜46路,8
517路,夜97路,8
518路,B3路,8
518路,夜19路,8
518路,广高峰快线30路,8
518路,541路,8
518路,夜39路,8
518路,夜40路,8
519路,58路,8
519路,929路,8
51路,夜34路,8
522路,837路,8
522路,977路,8
523A路,886路,8
523A路,夜95路,8
523路,夜94路,8
523路,夜80路,8
527路,夜30路,8
527路机电班车,夜30路,8
527路机电班车,839路,8
528路,夜107路,8
528路,夜22路,8
528路,夜87路,8
529路,66路,8
529路,751路,8
52路,990路,8
52路,530路,8
530路,夜22路,8
530路,夜55路,8
530路,夜11路,8
530路,广275路,8
530路,552路,8
538路,556路,8
538路,夜26路,8
539路,563路,8
539路,841路,8
539路,803路,8
53路,夜45路,8
53路,夜24路,8
53路,夜43路,8
53路,夜18路,8
53路,B22路,8
540路,841路,8
540路,63路,8
540路,556路,8
540路,夜26路,8
541路,夜18路,8
542路,B8路,8
542路,夜27路,8
542路,夜40路,8
544路,夜16路,8
544路,59路,8
545路,夜14路,8
545路,夜89路,8
546路,76路,8
547路,562路,8
547路,大学城专线4路,8
548路,夜18路,8
548路,夜81路,8
548路,773路,8
54路,广高峰快线30路,8
54路,62路,8
54路,夜18路,8
54路,广283路班车,8
551路,夜15路,8
551路,夜16路,8
551路,夜55路,8
555路,58A路,8
556路,58A路,8
560路,792路环线,8
560路,882路快线,8
560路,夜74路,8
562路,夜20路,8
562路,夜28路,8
562路,夜18路,8
562路,B22路,8
563路,832路,8
563路,夜95路,8
564A路,夜93路,8
564路,夜10路,8
566路,夜57路,8
567路,572路,8
569路,571B路,8
56路,74路,8
571A路,948路,8
571A路,夜52路,8
571A路,增城38路,8
571B路,571路,8
572路,夜57路,8
572路,946路,8
579路,夜49路,8
581路,943路,8
581路,夜104路,8
581路,B11路,8
581路,78A路,8
582路,B7路快线,8
582路班车,B7路快线,8
583路,夜36路,8
583路,761路,8
58A路,夜26路,8
58A路,810路,8
58A路,夜80路,8
58路,夜107路,8
58路,夜12路,8
58路,810路,8
59路,夜15路,8
59路,夜16路,8
5路,夜4路,8
5路,广276路,8
62路,广高峰快线30路,8
62路,夜21路,8
62路,广276路,8
63路,夜35路,8
650路,827路,8
650路,725路,8
654路,843路,8
654路,977路,8
66路,8路,8
66路,夜6路,8
66路,B18路,8
69路,广277路,8
69路,夜37路,8
69路,大学城专线3路,8
6路,833路,8
6路,夜72路,8
701路,夜92路,8
702路,712路,8
703路,705路,8
703路,花8路,8
705路,742路,8
706路,76A路,8
706路,76路,8
706路早间短线,夜9路,8
70路,广277路,8
70路,812路,8
70路,夜102路,8
70路,夜4路,8
711路,花1路（白蟮塘 ⇄ 西岭村东）,8
712路,花10路,8
714路,花84路,8
715路,花30路,8
715路,花75路,8
715路,花9路,8
71路,夜80路,8
724路,979路,8
724路,971路,8
731路环线,夜120路,8
736路,夜86路,8
753路,756路,8
756路,796路,8
75路,夜7路,8
761路,夜33路,8
764路,夜43路,8
765路,779路,8
76路,夜4路,8
773路,774路,8
774路,903路,8
774路,B4路,8
774路,夜38路,8
780路,夜44路,8
782路,夜113路,8
782路,966路,8
787路,广275路,8
78路,高峰快线32路,8
792路环线,862路,8
792路环线,B6路,8
792路环线,B6路快线,8
792路环线,夜74路,8
798路,803路,8
7路,广12路,8
801路,大学城专线3路,8
803路,夜12路,8
803路,夜77路,8
804路,833路,8
804路,夜95路,8
804路,926路,8
807A路,886路,8
807路,夜35路,8
80路,夜18路,8
810路,夜15路,8
810路,夜56路,8
810路,841路,8
810路,832路,8
810路,夜22路,8
811路,91路,8
812路,夜29路,8
812路,夜44路,8
831路,841路,8
832路,夜122路,8
832路,夜80路,8
832路,夜94路,8
833路,夜14路,8
833路,夜56路,8
833路,夜89路,8
833路,夜90路,8
833路,夜95路,8
836路,夜101路,8
836路,夜28路,8
838路,962路,8
838路,夜1路,8
838路,839路,8
839路,990路,8
83路,884路,8
840路,夜123路,8
843路,985路,8
843路,夜班136路,8
864路,93路,8
864路,夜90路,8
864路,夜95路,8
882路快线,B6路,8
882路快线,B6路快线,8
885路,广283路班车,8
886路,夜77路,8
88路,夜33路,8
8路,夜121路,8
901A路,夜101路,8
90路,番182路,8
91路,夜103路,8
91路,广565路,8
943路,B29路,8
946路,夜73路,8
948路,夜49路,8
960路,991路,8
970路,984路,8
971路,夜123路,8
975路,夜21路,8
975路,夜2路,8
975路,夜80路,8
975路,夜77路,8
984路,夜85路,8
987路,番145路,8
990路,夜11路,8
990路,夜29路,8
B10路,夜23路,8
B11路,B17路,8
B11路,高峰快线80路,8
B12路,B16路,8
B12路,B2A路,8
B12路,B2路,8
B15路,夜36路,8
B15路,B8路,8
B16路,夜9路,8
B20路,夜9路,8
B21路,B25路,8
B21路,夜48路,8
B22路,夜27路,8
B22路,夜36路,8
B22路,夜39路,8
B22路,夜40路,8
B22路,大学城专线4路,8
B22路,B4B路,8
B22路,B4A路,8
B25路,B5路,8
B25路,夜25路,8
B25路,夜38路,8
B25路,夜41路,8
B25路,大学城专线1路,8
B25路,大学城专线3路,8
B25路,大学城环线1路,8
B26路,夜51路,8
B2A路,夜77路,8
B2路,夜105路,8
B2路,夜14路,8
B30路,夜41路,8
B4B路,B4路,8
B4B路,夜51路,8
B4B路,夜93路,8
B4路,夜36路,8
B5路,夜93路,8
B5路,夜48路,8
B8路,夜13路,8
B9路,夜24路,8
K314路,番67路旅游专线,8
九王庙临时接驳线内环,南沙5路,8
九王庙临时接驳线外环,南沙5路,8
从10路,从903路,8
从11路,从607路,8
从1路东线,从化13路,8
从20路,从夜3路,8
从3路,从903路,8
从403路,从404路,8
从407路,从911路,8
从407路,从408路,8
从4路,从7路,8
从4路快线,从7路,8
从5路,从806路,8
从5路长线,从803路,8
从806路,从808路,8
从903路,从9路,8
从903路,从夜3路,8
佛200路,佛250路,8
佛202路,佛278路,8
佛202路,沥17B路,8
佛252路,广231路,8
佛252路,里17路,8
佛276路/佛276,广夜54路,8
佛278路,沥17B路,8
佛278路,沥17B路区间,8
佛278路,广419路,8
佛沥12高峰线,广281路,8
佛沥18路,广789路,8
公交地铁接驳专线4路,番186路,8
公交地铁接驳专线4路,番146路,8
公交地铁接驳专线4路,番182路,8
公交地铁接驳专线4路,番185路,8
公交地铁接驳专线5路,番183路,8
公交地铁接驳专线8路,番71路,8
南10路,南沙10路短线,8
南14路,南55路,8
南21路,南27路,8
南34路,南沙12路,8
南35路,番140路,8
南36路,南57路,8
南44路,南60路,8
南47路,南沙65路,8
南50路,南57路,8
南50路,番150路,8
南61路,南沙夜1路,8
南68路快线,南沙65路,8
南68路快线,番142路,8
南夜4路,南沙4路,8
南沙12路,南沙54路,8
南沙1路,南沙4路,8
南沙20路,南沙31路A线,8
南沙33路,南沙8路,8
南沙65路,番148路,8
南沙67路,番21B路,8
南沙68路,番148路,8
南沙70路,番143路,8
南沙70路,番150B路,8
增城10路,增城1路,8
增城15路,增城79路,8
增城15路,增城73路,8
增城15路快线,旅游专线1路,8
增城16路,增城73路,8
增城16路,增城41路,8
增城18路,增城47路,8
增城1路,增城47路,8
增城22路,增城26路,8
增城23路,增城25路,8
增城25路,增城26路,8
增城25路,增城37路,8
增城26A路,增城26路,8
增城26路,增城27路,8
增城2路,增城71路,8
增城30路,增城38路,8
增城30路,增城45路,8
增城34路,增城36路,8
增城38路,增城9路,8
增城41路,增城70路,8
增城47路,增城64路,8
增城55路,增城76路,8
增城5路,增夜2路,8
增城60路,增城61路,8
增城60路,增城62路,8
增城65路,增城9路,8
夜100路,夜10路,8
夜101路,夜34路,8
夜101路,夜66路,8
夜101路,大学城专线3路,8
夜102路,夜88路,8
夜102路,番17路,8
夜102路,夜4路,8
夜103路,沥17B路区间,8
夜104路,夜97路,8
夜105路,夜14路,8
夜105路,夜89路,8
夜105路,夜12路,8
夜105路,夜87路,8
夜105路,夜94路,8
夜108路,旅游观光1线,8
夜11路,广277路,8
夜120路,夜30路,8
夜121路,夜6路,8
夜122路,广夜54路,8
夜129路,花1路（白蟮塘 ⇄ 西岭村东）,8
夜133路,番17路,8
夜133路,番17路长线,8
夜133路,番183路,8
夜133路,番53路,8
夜13路,夜36路,8
夜15路,夜21路,8
夜15路,夜2路,8
夜15路,夜80路,8
夜16路,夜32路,8
夜16路,夜31路,8
夜16路,夜45路,8
夜17路,夜48路,8
夜18路,广276路,8
夜18路,夜27路,8
夜18路,夜39路,8
夜18路,夜40路,8
夜18路,夜93路,8
夜19路,夜48路,8
夜1路,广419路,8
夜1路,广281路,8
夜1路,广夜67路,8
夜22路,夜35路,8
夜22路,夜94路,8
夜23路,夜24路,8
夜25路,夜56路,8
夜25路,夜89路,8
夜26路,夜7路,8
夜27路,夜9路,8
夜28路,夜34路,8
夜28路,夜88路,8
夜29路,夜44路,8
夜29路,夜69路,8
夜30路,夜33路,8
夜34路,夜61路,8
夜34路,夜88路,8
夜34路,夜36路,8
夜36路,夜9路,8
夜36路,夜38路,8
夜38路,广高峰快线30路,8
夜38路,夜68路,8
夜40路,夜9路,8
夜41路,夜56路,8
夜41路,夜89路,8
夜41路,夜46路,8
夜41路,夜73路,8
夜48路,大学城专线2路,8
夜48路,夜9路,8
夜50路,大学城专线2路,8
夜56路,夜77路,8
夜61路,番13路,8
夜61路,番25路,8
夜61路,番91路,8
夜66路,大学城专线3路,8
夜76路,夜95路,8
夜76路,夜94路,8
夜79路,夜7路,8
夜87路,夜94路,8
夜8路,大学城专线3路,8
夜92路,花84路,8
夜92路,花68路,8
夜92路,花68路白坭班车,8
夜92路,花68路短线,8
大学城专线1路,番201路,8
大学城专线2路,大学城专线3路,8
大学城专线2路,番201路,8
大学城专线3路,番201路,8
大学城专线3路,大学城专线4路,8
广123路,广260路,8
广123路,广281路,8
广132路,广277路,8
广231路,广657路,8
广231路,里07路短线/佛里07路里广快线,8
广231路,里17路,8
广260路,广275路,8
广277路,广夜58路,8
广283路班车,广夜54路,8
广369路,莞616路,8
广369路,莞619路,8
广424路,广夜54路,8
广565路,沥17B路区间,8
广657路,广974路,8
广657路,广974路班车,8
广657路,里07路,8
广657路,里07路高峰线,8
番100路,番109路,8
番100路,番11路,8
番108路,番13路,8
番108路,番91路,8
番108路,番96路,8
番108路,番97路,8
番108路,番99路,8
番108路,番147路,8
番108路,番7路,8
番108路,番30路,8
番109B路,番125路,8
番109路,番97路,8
番10路,番165路,8
番126路,番131路,8
番128路,番93路,8
番129路,番30路,8
番12路旅游专线,番51路,8
番12路旅游专线,番91路,8
番12路旅游专线,番97路,8
番130路,番29路,8
番13路,番51路,8
番13路,番15路,8
番140路,番93路,8
番140路,番93路短线,8
番141路,番150B路,8
番142路,番148路,8
番145路,番53路,8
番145路,番夜2路,8
番145路,番182路,8
番148路,番93路,8
番148路,番97路,8
番148路,番99路,8
番148路,番92路/番92路,8
番150B路,番96路,8
番151路,番162B路,8
番151路,番162路,8
番15路,番91路,8
番15路,番96路,8
番15路,番99路,8
番160路,番4路,8
番160路,番165路,8
番160路,番5路,8
番160路,番5路长线,8
番160路,番夜1路,8
番162B路,番夜4路,8
番162路,番夜4路,8
番165路,番51路,8
番17路,番71路,8
番17路长线,番71路,8
番181路,番182路,8
番182路,番191路,8
番185路,番191路,8
番186路,番188路,8
番19路（傍雁路临时公交总站 ⇄ 雅居乐总站）,番29路,8
番19路（傍雁路临时公交总站 ⇄ 雅居乐总站）,番9路,8
番19路（傍雁路临时公交总站 ⇄ 雅居乐总站）,番9路长线,8
番1路,番68路,8
番1路,番29路,8
番1路,番91路,8
番1路,番96路,8
番201路,番202路旅游专线,8
番21B路,番91路,8
番21B路,番5路,8
番21B路,番5路长线,8
番29路,番97路,8
番29路,番99路,8
番31路,番77路,8
番4路,番99路,8
番51路,番5路,8
番51路,番5路长线,8
番51路,番91路,8
番53路,番71路,8
番53路,番75路,8
番5路,番8路,8
番5路长线,番8路,8
番62路,番77路,8
番72路,番79路,8
番72路,番83路,8
番79路,番83路,8
番80路,番夜1路,8
番8路,番97路,8
番8路,番99路,8
番93路,番97路,8
番93路,番夜3路,8
番93路短线,番97路,8
花10路,花76路,8
花10路,花7路,8
花10路,花63路,8
花10路,花63路短线,8
花15路,花5路,8
花1路（人和地铁站 ⇄ 广州北站西广场）,花1路（白蟮塘 ⇄ 西岭村东）,8
花1路（人和地铁站 ⇄ 广州北站西广场）,花84路,8
花62路,花68路,8
花62路,花68路白坭班车,8
花62路,花68路短线,8
花63路,花80路,8
花63路短线,花80路,8
莞609路,莞615路,8
莞618路,莞86路,8
莞75路,莞G7路,8
里07路,里17路,8
里07路短线/佛里07路里广快线,里17路,8
里07路高峰线,里17路,8
高峰快线21路,高峰快线80路,8
102路,181路,7
102路,夜11路,7
102路,广275路,7
102路,243路,7
104路,107路,7
104路,193路,7
104路,233路,7
104路,夜27路,7
104路,广286路,7
105路,109路,7
105路,夜12路,7
105路,广275路,7
106路,183路,7
106路,B8路,7
106路,110路,7
106路,夜113路,7
107路,193路,7
107路,250路,7
107路,广286路,7
107路,108路,7
108路,7路,7
108路,243路,7
108路,538路,7
108路,886路,7
109路,旅游公交1线,7
10路,833路,7
10路,194路,7
110路,6路,7
110路,夜121路,7
110路,862路,7
113路,夜55路,7
113路,5路,7
113路,夜12路,7
114路,288路,7
11路,195路,7
121A路,243路,7
121A路,B21路,7
121A路,旅游观光1线,7
121A路,966路,7
121A路,552路,7
121路,285路,7
121路,8路,7
121路,夜6路,7
121路,夜36路,7
122路,125路,7
122路,230路,7
124路,186路,7
124路,6路,7
124路,82路,7
124路,8路,7
124路,夜6路,7
125路,夜4路,7
125路,184路,7
126路,265路,7
126路,539路,7
126路,268路,7
126路,792A路,7
128路,31路,7
128路,38路,7
128路,夜7路,7
128路,131A路,7
129路,299路,7
129路,B5路,7
129路,番17路,7
129路,82路,7
129路,番58路,7
129路,夜24路,7
130路,230路,7
130路,263路,7
130路,89路,7
130路,夜53路,7
131A路,229路,7
131A路,266路,7
131A路,208路,7
131A路,夜31路,7
133路,191路,7
133路,555路,7
133路,2路,7
133路,广283路班车,7
133路,广高峰快线30路,7
134路,186路,7
134路,80路,7
134路,524路,7
134路,夜15路,7
134路,夜80路,7
136路,833路,7
136路,201路,7
137路,夜18路,7
137路,218路,7
137路,547路,7
140路,540路,7
140路,245路,7
140路,B8路,7
140路,夜36路,7
140路,517路,7
140路,B22路,7
14路,夜33路,7
14路,184路,7
14路,226路,7
14路,468路,7
14路,69路,7
14路,夜45路,7
14路,45路,7
15路,530路,7
15路,55路,7
15路,74路,7
16路,243路,7
16路,25路,7
16路,221路,7
16路,192路,7
175路,540路,7
175路,298路,7
175路,32路,7
176路,254路,7
176路,夜107路,7
176路,夜22路,7
176路,523A路,7
176路,268路,7
176路,278路,7
176路,271路,7
176路,32路,7
176路,58A路,7
176路,58路,7
179路,63路,7
179路,高峰快线21路,7
179路,夜95路,7
179路,238路,7
179路,524路,7
179路,545路,7
179路,夜15路,7
17路,545路,7
180路,夜22路,7
180路,230路,7
180路,288路,7
180路,303路,7
180路,468路,7
181路,186路,7
181路,24路,7
181路,273路,7
181路,广277路,7
182路,7路,7
182路,229路,7
182路,夜40路,7
183路,194路,7
183路,1路,7
183路,夜1路,7
184路,93路,7
184路,80路,7
184路,206路,7
184路,270路,7
184路,夜29路,7
184路,夜37路,7
184路,夜8路,7
184路,大学城专线3路,7
185路,204路,7
185路,284路,7
185路,293路,7
185路,305路,7
185路,62路,7
185路,夜77路,7
186路,夜33路,7
186路,夜40路,7
186路,58路,7
186路,2路,7
189路,225路,7
189路,204路,7
189路,305路,7
189路,206路,7
189路,36路,7
18路,583路,7
18路,37路,7
190路,93路,7
190路,53路,7
190路,夜23路,7
190路,546路,7
191路,545路,7
191路,810路,7
191路,夜105路,7
191路,夜77路,7
192路,221路,7
192路,223路,7
193路,250路,7
193路,52路,7
193路,夜127路,7
193路,74路,7
194路,夜22路,7
194路,781路,7
194路,89路,7
194路,36路,7
194路,夜12路,7
195路,468路,7
198路,B3路,7
198路,夜19路,7
198路,高峰快线80路,7
198路,广424路,7
199路,257路,7
199路,540路,7
199路,高峰快线21路,7
19路,285路,7
19路,410路,7
19路,236路,7
19路,夜69路,7
1路,208路,7
1路,广281路,7
1路,广夜67路,7
201路,夜74路,7
204路,27路,7
204路,广高峰快线30路,7
204路,297路,7
206路,252路,7
206路,夜135路,7
206路,高峰快线74路,7
207路,70路,7
207路,966路,7
207路,52路,7
207路,夜11路,7
208路,823路,7
208路,88路,7
208路,夜30路,7
208路,64路,7
208路,广123路,7
209路,3路,7
209路,66路,7
209路,夜121路,7
209路,31路,7
209路,62路,7
20路,583路,7
20路,78A路,7
20路,78路,7
20路,夜53路,7
210路,257路,7
210路,高峰快线21路,7
210路,大学城专线1路,7
210路,高峰快线24路,7
211路,823路,7
214路,508路,7
215路,3路,7
215路,545路,7
215路,975路,7
217路,广281路,7
217路,广夜67路,7
217路,66路,7
217路,82路,7
217路,夜121路,7
217路,夜5路,7
217路,552路,7
218路,41路,7
218路,78A路,7
218路,78路,7
218路,夜53路,7
218路,243路,7
218路,541路,7
218路,B22路,7
218路,夜39路,7
218路,夜40路,7
218路,大学城专线4路,7
21路,夜107路,7
21路,538路,7
21路,32路,7
21路,298路,7
21路,523A路,7
21路,523路,7
220路,6路,7
220路,833路,7
220路,夜5路,7
220路,288路,7
220路,303路,7
220路,489路,7
220路,75路,7
220路,9路,7
220路,811路,7
221路,230路,7
221路,288路,7
221路,303路,7
221路,35路,7
221路,70路,7
221路,夜93路,7
222路,551路,7
222路,59路,7
222路,525路,7
223路,38路,7
223路,76路,7
223路,B18路快线,7
225路,夜77路,7
226路,813路,7
226路,夜23路,7
226路,夜8路,7
229路,8路,7
229路,夜6路,7
229路,旅游公交2线,7
229路,B7路快线,7
229路,夜70路,7
229路,305路,7
230路,813路,7
230路,301A路,7
230路,305路,7
230路,51路,7
230路,562路,7
230路,964路,7
230路,夜28路,7
230路,夜30路,7
230路,夜34路,7
230路,夜88路,7
230路,836路,7
230路,309路,7
230路,夜55路,7
230路,75路,7
230路,29路,7
233路,545路,7
233路,833路,7
233路,夜105路,7
233路,夜25路,7
233路,夜41路,7
233路,旅游公交1线,7
233路,250路,7
236路,309路,7
236路,27路,7
236路,312路（滘口汽车站总站 ⇄ 祈福新邨总站）,7
236路,52路,7
236路,990路,7
236路,夜11路,7
238路,823路,7
238路,975路,7
239路,562路,7
239路,779路,7
239路,836路,7
239路,262路,7
239路,夜70路,7
239路,304路,7
239路,582路,7
239路,582路班车,7
241路,504路,7
241路,833路,7
241路,836路,7
241路,B6路,7
241路,B6路快线,7
241路,夜24路,7
241路,夜47路,7
243路,284路,7
243路,夜18路,7
243路,547路,7
244A路,夜89路,7
244A路,251路,7
244A路,254路,7
244A路,280路,7
244A路,807路,7
244A路,886路,7
244A路,夜107路,7
244路,夜89路,7
244路,夜90路,7
245路,517路,7
245路,261路,7
245路,284路,7
245路,299路,7
245路,53路,7
245路,541路,7
245路,548路,7
245路,562路,7
245路,B15路,7
245路,B8路,7
245路,夜13路,7
245路,夜18路,7
245路,夜27路,7
245路,夜36路,7
245路,夜39路,7
245路,夜40路,7
245路,夜93路,7
245路,583路,7
247路,旅游公交2线,7
24路,7路,7
24路,298路,7
24路,32路,7
24路,38路,7
24路,540路,7
250路,夜89路,7
250路,530路,7
250路,夜23路,7
250路,夜27路,7
250路,广286路,7
250路,夜135路,7
250路,801路,7
251路,268路,7
251路,夜95路,7
251路,523A路,7
251路,高速专线2路,7
252路,361路,7
253路,88路,7
253路,夜22路,7
253路,B3路,7
253路,夜19路,7
253路,广276路,7
253路,广283路,7
253路,广283路班车,7
254路,841路,7
256路,261路,7
257路,夜35路,7
257路,高峰快线80路,7
259路,730路,7
259路,830路,7
25路,B21路,7
261路,555路,7
261路,80路,7
261路,299路,7
261路,B8路,7
261路,547路,7
261路,550路,7
261路,夜97路,7
262路,夜101路,7
262路,大学城专线3路,7
262路,旅游公交3线,7
263路,广276路,7
264A路,高峰快线74路,7
264路,823路,7
265路,夜22路,7
265路,742路,7
265路,982路,7
265路,810路,7
266路,夜34路,7
268路,530路,7
268路,563路,7
268路,555路,7
268路,夜22路,7
270路,273路,7
271路,524路,7
271路,夜117路,7
273路,夜36路,7
273路,夜89路,7
273路,53路,7
273路,夜37路,7
273路,38路,7
273路,287路,7
273路,70路,7
273路,82路,7
274路,夜76路,7
274路,7路,7
274路,夜77路,7
274路,278路,7
274路,58A路,7
274路,58路,7
278路,夜87路,7
27路,夜69路,7
280路,B2A路,7
280路,B2路,7
280路,夜14路,7
280路,夜56路,7
284路,广高峰快线30路,7
284路,53路,7
284路,541路,7
284路,548路,7
284路,562路,7
284路,B8路,7
284路,夜27路,7
284路,夜39路,7
284路,夜93路,7
285路,29路,7
285路,69路,7
285路,夜44路,7
285路,夜93路,7
285路,广275路,7
287路,5路,7
287路,70路,7
288路,夜20路,7
288路,551路,7
288路,夜55路,7
288路,番100路,7
288路,番109路,7
293路,305路,7
293路,74路,7
293路,广高峰快线30路,7
293路,夜36路,7
293路,40路,7
297路,2路,7
297路,498路,7
298路,高速专线2路,7
298路,夜94路,7
299路,562路,7
29路,544路,7
29路,夜8路,7
29路,518路,7
2路,31路,7
2路,38路,7
2路,3路,7
2路,夜5路,7
2路,夜7路,7
301A路,836路,7
301A路,番96路,7
301路,夜20路,7
301路,番微公交3路,7
301路,番15路,7
301路,番108路,7
302A路,夜109路,7
302A路,番75路,7
302路,番52路（广州南站总站 ⇄ 石碁文化广场总站）,7
302路,番89路,7
302路,番185路,7
303A路,90路,7
303A路,番52路（广州南站总站 ⇄ 石碁文化广场总站）,7
303路,公交地铁接驳专线5路,7
303路,番17路,7
303路,番17路长线,7
303路,551路,7
303路,夜55路,7
303路,番52路（广州南站总站 ⇄ 石碁文化广场总站）,7
303路,番89路,7
304路,B7路快线,7
305路,夜61路,7
305路,836路,7
305路,54路,7
309路,990路,7
309路,夜69路,7
309路,59路,7
309路,夜24路,7
30路,884路,7
30路,345A路,7
310路,番186路,7
310路,番185路,7
311路,番13路,7
311路,番188路,7
311路,番25路,7
311路,番146路,7
312路（滘口汽车站总站 ⇄ 祈福新邨总站）,夜69路,7
31路,521路,7
31路,夜31路,7
320路,360路,7
320路,390路,7
320路,338路,7
320路,B24路,7
320路,夜97路,7
320路,347路,7
320路,448路,7
320路,490路,7
321路,450路,7
324路,338路,7
324路,B24路,7
324路,夜97路,7
324路,391路,7
324路,326路,7
324路,344路,7
325路,396路,7
325路,564A路,7
325路,B22路,7
326路,339路,7
326路,344路,7
326路,355路,7
326路,943路,7
326路,夜104路,7
327A路,365路,7
327A路,569路,7
327A路,388路,7
327路,942路,7
327路,944路,7
329路,432路,7
32路,高峰快线21路,7
32路,夜95路,7
32路,807路,7
32路,528路,7
32路,555路,7
32路,556路,7
32路,夜26路,7
333路,345路,7
334路,夜57路,7
335路,946路,7
336路,573路快线,7
336路,355路,7
337路,948路,7
338路,355路,7
338路,夜104路,7
339路,355路,7
339路,B24路,7
339路,367路,7
339路,569路,7
339路,夜49路,7
339路,948路,7
340路,566路,7
340路,567路,7
340路,569路,7
340路,B31路,7
344路,夜97路,7
344路,355路,7
344路,943路,7
344路,夜104路,7
345A路,39路,7
345A路,夜10路,7
345A路,345路,7
345A路,491路,7
345路,夜60路,7
346路,节假日公交专线7路,7
346路,84路,7
346路,B12路,7
346路,973路,7
355路,B24路,7
355路,夜97路,7
35路,542路,7
35路,夜24路,7
35路,夜33路,7
361路,86路,7
361路,468路,7
361路,383路,7
361路,夜65路,7
363路,813路,7
363路,516路,7
363路,B28路,7
363路,夜41路,7
364路,945路,7
365路,506路,7
366路,夜52路,7
366路,391A路,7
36路,76路,7
36路,706路早间短线,7
36路,38路,7
370路,科教城2路,7
371路,夜51路,7
371路,B31路,7
371路,391A路,7
372路,572路,7
372路,B30路,7
372路,B31路,7
372路,夜73路,7
373路,571A路,7
373路,948路,7
375路,B31路,7
375路,391A路,7
375路,391路,7
37路,夜135路,7
37路/南37路,南35路,7
37路/南37路,南57路,7
37路/南37路,南沙38路,7
383路,夜50路,7
383路,大学城专线4路,7
388路,573路快线,7
388路,B24路,7
388路,391A路,7
388路,夜51路,7
38路,夜31路,7
38路,76路,7
38路,864路,7
391A路,948路,7
391A路,夜52路,7
391路,564A路,7
391路,946路,7
391路,夜104路,7
391路,948路,7
391路,夜52路,7
394路,446路,7
397路,567路,7
39路,89路,7
3路,夜21路,7
403路,495路,7
404路,夜64路,7
408A路,B14路,7
408路,432A路,7
40路,夜109路,7
40路,夜27路,7
40路,夜132路,7
40路/南40路,南10路,7
40路/南40路,南55路,7
40路/南40路,南沙G4路,7
410路,787路,7
410路,广275路,7
411路,74路,7
411路,990路,7
411路,广277路,7
411路,75路,7
41路,78A路,7
426路环线,夜22路,7
427路,夜86路,7
427路,793路,7
42路,夜96路,7
42路,广283路班车,7
431路,438路,7
431路,夜97路,7
432A路,764路,7
432A路,夜43路,7
432A路,517路,7
432A路,B29路,7
432A路,夜46路,7
432A路,432路,7
432路,B30路,7
446路,571A路,7
44路,夜132路,7
450路,946路,7
457路,夜131路,7
459路,517路,7
459路,B26路,7
45路,90路,7
45路,夜8路,7
45路,高峰快线74路,7
45路,764路,7
468路,夜8路,7
468路,高峰快线74路,7
468路,997路,7
468路,夜128路,7
468路,夜34路,7
46路,63路,7
46路,498路,7
471路,985路,7
472路,829路,7
473路,732路,7
486路,夜59路,7
487路,839路,7
489路,813路,7
492路,775路,7
492路,84路,7
494路,581路,7
494路,B4A路,7
494路,506路,7
495路,B24路,7
496路,夜43路,7
496路,夜81路,7
497路,564A路,7
497路,B22路,7
497路,774路,7
497路,84A路,7
497路,夜71路,7
498路,791路,7
498路,83路,7
498路,54路,7
499路,669路,7
4路,823路,7
503路,B19路,7
503路,大学城专线2路,7
504路,882路快线,7
504路,542路,7
506路,夜43路,7
506路,夜52路,7
508路,B19路,7
508路,B18路,7
509路,807路,7
509路,840路,7
509路,夜94路,7
509路,523路,7
509路,654路,7
509路,夜87路,7
510路,58路,7
510路,804路,7
510路,751路,7
516路,广369路,7
517路,540路,7
517路,B26路,7
517路,550路,7
518路,54路,7
518路,823路,7
518路,B22路,7
518路,大学城专线4路,7
518路,547路,7
519路,58A路,7
519路,841路,7
519路,538路,7
519路,540路,7
519路,夜87路,7
521路,9路,7
521路,夜79路,7
521路,夜7路,7
521路,B3路,7
521路,夜19路,7
521路,广424路,7
522路,886路,7
523A路,58路,7
523A路,夜94路,7
523A路,970路,7
523A路,夜85路,7
523路,807路,7
523路,706路早间短线,7
524路,556路,7
524路,夜26路,7
524路,539路,7
524路,975路,7
527路,夜89路,7
527路,B3路,7
527路,夜19路,7
527路,夜77路,7
527路,夜94路,7
527路机电班车,夜89路,7
527路机电班车,B3路,7
527路机电班车,夜19路,7
527路机电班车,830路,7
527路机电班车,广424路,7
528路,538路,7
528路,753路,7
528路,804路,7
529路,76路,7
529路,B18路,7
529路,夜122路,7
529路,夜86路,7
529路,984路,7
52路,552路,7
52路,夜69路,7
530路,夜45路,7
530路,61路,7
530路,广260路,7
538路,71路,7
538路,832路,7
538路,7路,7
538路,夜77路,7
538路,540路,7
538路,555路,7
538路,夜105路,7
539路,742路,7
539路,656路,7
539路,743路,7
539路,799路,7
53路,547路,7
540路,B16路,7
540路,大学城专线4路,7
542路,B15路,7
542路,夜13路,7
542路,夜35路,7
544路,864路,7
544路,夜9路,7
544路,夜8路,7
544路,551路,7
545路,810路,7
545路,B2路,7
545路,71路,7
545路,832路,7
545路,夜21路,7
545路,夜2路,7
545路,夜80路,7
546路,547路,7
546路,810路,7
546路,夜55路,7
547路,B15路,7
547路,夜13路,7
547路,夜27路,7
547路,夜39路,7
547路,夜40路,7
547路,夜93路,7
547路,76路,7
548路,夜9路,7
548路,764路,7
548路,573路,7
548路,774路,7
54路,56路,7
550路,B24路,7
551路,9路,7
552路,838路,7
552路,91路,7
552路,962路,7
552路,广277路,7
552路,57路,7
552路,广281路,7
552路,广夜67路,7
552路,夜11路,7
552路,广260路,7
555路,夜107路,7
555路,夜22路,7
555路,夜87路,7
556路,563路,7
556路,834路,7
556路,929路,7
556路,夜87路,7
562路,836路,7
563路,夜86路,7
563路,751路,7
563路,984路,7
564A路,903路,7
564A路,B26路,7
564A路,B4路,7
564A路,夜38路,7
564路,903路,7
564路,B26路,7
564路,B4路,7
564路,夜38路,7
564路,夜51路,7
566路,579路,7
567路,569路,7
569路,579路,7
56路,广高峰快线30路,7
571B路,增城28路,7
571路,B30路,7
571路,B31路,7
571路,夜73路,7
575路,夜49路,7
575路,夜98路,7
579路,946路,7
579路,B31路,7
57路,64路,7
581路,B29路,7
581路,901路,7
582路,765路,7
582路,901A路,7
582路班车,765路,7
582路班车,901A路,7
583路,90路,7
583路,B22路,7
583路,夜35路,7
58A路,夜107路,7
58A路,高速专线2路,7
58A路,63路,7
58A路,803路,7
58路,高速专线2路,7
58路,63路,7
58路,803路,7
58路,夜94路,7
59路,82路,7
59路,75路,7
59路,夜24路,7
59路,夜32路,7
5路,836路,7
5路,夜24路,7
62路,74路,7
63路,810路,7
63路,夜94路,7
64路,广277路,7
64路,夜1路,7
651路,982路,7
652路,837路,7
652路,夜129路,7
656路,924路,7
656路,夜62路,7
665路,76路,7
66路,6路,7
66路,夜5路,7
66路,夜72路,7
69路,夜8路,7
6路,夜14路,7
6路,夜89路,7
6路,夜121路,7
701路,花10路,7
701路,花7路,7
701路,花81路（三水大塘中心广场 ⇄ 广州北站）,7
703路,花63路,7
703路,花63路短线,7
703路,花68路,7
703路,花68路白坭班车,7
703路,花68路短线,7
706路,810路,7
706路,864路,7
706路,花73路,7
706路早间短线,810路,7
706路早间短线,76A路,7
706路早间短线,76路,7
707路,夜92路,7
708路,花84路,7
709路,714路,7
709路,716路,7
709路,夜116路,7
70路,838路,7
70路,夜1路,7
70路,836路,7
70路,夜24路,7
711路,840路,7
711路,夜94路,7
712路,花7路,7
712路,713路,7
712路,花81路（三水大塘中心广场 ⇄ 广州北站）,7
713路,花22路,7
714路,979路,7
715路,花25路,7
715路,花81路（三水大塘中心广场 ⇄ 广州北站）,7
716路,725路,7
71路,975路,7
71路,夜15路,7
71路,夜44路,7
723路,825路,7
724路,976路,7
727路,732路,7
727路,976路,7
728路,827路,7
729路,731路环线,7
730路,840路,7
730路,夜80路,7
736路,837路,7
737路,985路,7
737路,夜班136路,7
737路,空港2路,7
739路,926路,7
742路,夜90路,7
74路,广419路,7
74路,夜113路,7
74路,B3路,7
74路,夜19路,7
751路,833路,7
751路,夜76路,7
751路,840路,7
751路,夜94路,7
753路,804路,7
753路,926路,7
753路,840路,7
753路,夜94路,7
755路,984路,7
756路,837路,7
757路,980路,7
757路,980路环线,7
757路,夜75路,7
75路,夜44路,7
762路,夜66路,7
762路,764路,7
767路,8路,7
76A路,B18路,7
76A路,984路,7
76路,833路,7
76路,93路,7
76路,B18路,7
773路,B4B路,7
776路,B4A路,7
776路,B26路,7
776路,夜53路,7
780路,967路,7
780路,夜33路,7
781路,89路,7
781路,B21路,7
782A路,839路,7
783路,839路,7
783路,夜44路,7
792A路,832路,7
792A路,夜90路,7
792A路,夜95路,7
792A路,B6路,7
792A路,B6路快线,7
797路,985路,7
799路,924路,7
799路,夜62路,7
7路,夜94路,7
7路,803路,7
803路,夜87路,7
804路,884路,7
807路,夜87路,7
807路,810路,7
807路,高速专线2路,7
80路,B3路,7
80路,夜19路,7
80路,广276路,7
810路,夜25路,7
810路,夜41路,7
812路,夜1路,7
813路,B8路,7
813路,B19路,7
823路,夜16路,7
823路,93路,7
827路,夜126路,7
829路,夜87路,7
82路,夜5路,7
82路,夜72路,7
82路,836路,7
82路,夜102路,7
82路,夜4路,7
831路,984路,7
832路,夜15路,7
833路,864路,7
833路,夜86路,7
833路,984路,7
836路,夜88路,7
836路,882路快线,7
836路,991路,7
837路,夜87路,7
839路,广424路,7
841路,B16路,7
841路,夜107路,7
841路,夜9路,7
841路,B18路,7
843路,空港2路,7
84A路,884路,7
84A路,夜69路,7
862路,882路快线,7
864路,夜32路,7
86路,大学城专线2路,7
882路快线,夜74路,7
884路,B12路,7
885路,广夜54路,7
886路,B2路,7
886路,夜14路,7
886路,夜25路,7
886路,夜41路,7
886路,高速专线2路,7
88路,93路,7
901A路,B22路,7
901A路,B4A路,7
901路,夜53路,7
903路,夜100路,7
903路,夜93路,7
90路,公交地铁接驳专线4路,7
90路,番185路,7
90路,番191路,7
926路,夜84路,7
929路,夜26路,7
93路,夜4路,7
93路,夜30路,7
946路,夜57路,7
946路,夜81路,7
962路,夜1路,7
962路,966路,7
962路,夜113路,7
963路,夜3路,7
967路,995路,7
973路,夜74路,7
975路,夜15路,7
976路,夜83路,7
977路,夜87路,7
979路,夜116路,7
987路,夜102路,7
990路,夜69路,7
990路,夜127路,7
990路,广969路,7
997路,夜50路,7
997路,大学城专线3路,7
997路,番202路旅游专线,7
9路,夜3路,7
9路,夜37路,7
B10路,B11路,7
B11路,夜53路,7
B11路,B12路,7
B12路,B25路,7
B12路,夜48路,7
B12路,B20路,7
B12路,夜34路,7
B16路,B18路,7
B16路,B24路,7
B16路,B1短线快车,7
B16路,B21路,7
B17路,夜9路,7
B18路,大学城专线1路,7
B19路,高峰快线24路,7
B1短线快车,B3路,7
B1短线快车,B4路,7
B1短线快车,夜17路,7
B1短线快车,夜19路,7
B1短线快车,夜25路,7
B1短线快车,夜38路,7
B1路,B25路,7
B1路,夜48路,7
B1路,B29路,7
B1路,B30路,7
B20路,B21路,7
B22路,B8路,7
B22路,B26路,7
B25路,B2A路,7
B25路,B2路,7
B25路,B3路,7
B25路,B4路,7
B25路,夜17路,7
B25路,夜19路,7
B25路,夜9路,7
B26路,夜100路,7
B26路,夜41路,7
B29路,夜104路,7
B29路,夜46路,7
B29路,广369路,7
B29路,夜73路,7
B2A路,夜105路,7
B2A路,夜14路,7
B2A路,夜88路,7
B2A路,夜48路,7
B2路,夜88路,7
B2路,夜48路,7
B31路,夜52路,7
B3路,夜120路,7
B3路,夜3路,7
B3路,广12路,7
B3路,夜48路,7
B4A路,夜101路,7
B4B路,夜38路,7
B4路,广高峰快线30路,7
B4路,夜48路,7
B4路,夜100路,7
B4路,夜68路,7
B7路,夜34路,7
B7路,旅游观光1线,7
B7路快线,夜34路,7
B7路快线,夜66路,7
B7路快线,大学城专线3路,7
B8路,夜18路,7
B8路,夜34路,7
从11路,从化13路,7
从12路,从化13路,7
从14路,从1路东线,7
从14路,从4路,7
从14路,从4路快线,7
从14路,从16路,7
从14路,从7路,7
从16路,从19路,7
从19路,从1路东线,7
从19路,从701路,7
从19路,从7路,7
从19路密石班车,从1路东线,7
从1路东线,从20路,7
从1路东线,从4路,7
从1路东线,从4路快线,7
从1路东线,从7路,7
从1路西线,从5路,7
从1路西线,从夜1路,7
从1路西线,从7路,7
从20路,从21路长线,7
从20路,从7路,7
从21路长线,从5路,7
从21路长线,从903路,7
从3路,从905路,7
从3路,从化13路,7
从3路,从7路,7
从3路夜班,从903路,7
从4路,从901路,7
从504路,从506路,7
从5路,从901路,7
从5路长线,从806路,7
从603路,从604路,7
从804路,从805路,7
从806路,从807路,7
从806路,从夜1路,7
从901路,从夜1路,7
佛202路,广419路,7
佛202路,佛244路,7
佛232路,商务专线4路,7
佛236路,佛250路,7
佛236路,佛277路,7
佛244B路,沥12B路,7
佛244路,沥17B路区间,7
佛244路,广260路,7
佛250路,佛251路,7
佛250路,佛263路,7
佛250路,佛263路短线,7
佛250路,广260路,7
佛251路,佛277路,7
佛252路,广974路,7
佛252路,广974路班车,7
佛252路,里14,7
佛252路,里14路,7
佛263路,佛277路,7
佛263路短线,佛277路,7
佛276路/佛276,广283路班车,7
佛276路/佛276,夜122路,7
佛276路/佛276,广424路,7
佛276路/佛276,佛沥18路,7
佛276路/佛276,佛279路,7
佛279路,广123路,7
佛里07B路,广231路,7
公交地铁接驳专线4路,番188路,7
公交地铁接驳专线5路,番53路,7
公交地铁接驳专线5路,夜102路,7
公交地铁接驳专线8路,番75路,7
南10路,南55路,7
南10路,南沙12路,7
南10路,南沙G4路,7
南27路,南沙4路,7
南27路,南61路,7
南30路,南沙9路团结围线,7
南30路,南沙9路缸瓦沙线,7
南34路,南沙8路,7
南35路,南沙35路支线,7
南36路,南沙70路,7
南45路,南48路,7
南53路,南沙24路,7
南53路,南沙38路,7
南55路,南沙38路,7
南57路,南沙70路,7
南61路,南沙32路,7
南61路,番141路,7
南夜1路,南沙61路短线（万科海上明月 ⇄ 黄阁中学）,7
南夜6路,南沙49路,7
南沙12路,南沙8路,7
南沙15路,番141路,7
南沙16路,南沙9路团结围线,7
南沙19路,南沙24路,7
南沙1路,南沙49路,7
南沙20路,南沙31路B线,7
南沙32路,南沙54路,7
南沙33路,番11路,7
南沙35路支线,南沙70路,7
南沙38路,南沙8路,7
南沙54路,番97路,7
南沙54路,南沙70路,7
南沙5路,南沙62路,7
南沙62路,南沙G4路,7
南沙62路,番143路,7
南沙65路,番11路,7
南沙65路,番92路/番92路,7
南沙67路,番5路,7
南沙67路,番5路长线,7
南沙68路,番11路,7
南沙68路,番92路/番92路,7
南沙G2路,南沙G3路,7
同成社区公交接驳专线,同成社区接驳专线,7
地铁接驳10A线,番109B路,7
增城10路,增城10路快线,7
增城10路快线,增夜2路,7
增城10路快线,增城8路,7
增城11A路,增城54路,7
增城15路,增城58路,7
增城16路,增城58路,7
增城16路,增城60路,7
增城18路,增城64路,7
增城18路,增城4路,7
增城19路,增城73路,7
增城1路,增城3路,7
增城22路/增22路,增城26路,7
增城25路,增城45路,7
增城25路,增城38路,7
增城26A路,增城35路,7
增城28路,增城32路内环,7
增城28路,增城32路外环,7
增城2路,科教城1路,7
增城2路,增城81路,7
增城31路,增城32路内环,7
增城31路,增城32路外环,7
增城32路内环,增城45路,7
增城32路内环,增城46路,7
增城32路外环,增城45路,7
增城32路外环,增城46路,7
增城34路,增城64路,7
增城34路快线,增城9路,7
增城35A路,增城35路,7
增城35A路,增夜4路,7
增城35路,增城38路,7
增城36路,增夜4路,7
增城37路,增城39路,7
增城38路,增夜4路,7
增城41路,增城69路,7
增城44路,增城45路,7
增城48路,增城5路,7
增城55路,增城57路,7
增城55路,莞76路,7
增城58路,增城73路,7
增城61路,增城62路,7
增城6路,增城79路,7
夜100路,夜38路,7
夜100路,夜51路,7
夜101路,夜70路,7
夜101路,夜68路,7
夜102路,番17路长线,7
夜102路,番58路,7
夜102路,夜24路,7
夜103路,沥17B路,7
夜103路,广277路,7
夜105路,夜15路,7
夜105路,夜35路,7
夜105路,夜107路,7
夜116路,花84路,7
夜11路,夜69路,7
夜120路,夜89路,7
夜120路,夜19路,7
夜121路,夜5路,7
夜121路,夜72路,7
夜122路,广283路班车,7
夜127路,广969路,7
夜128路,夜50路,7
夜128路,大学城专线3路,7
夜128路,番202路旅游专线,7
夜12路,广12路,7
夜12路,夜22路,7
夜133路,番13路,7
夜133路,番188路,7
夜133路,番25路,7
夜133路,番146路,7
夜13路,夜34路,7
夜14路,夜88路,7
夜16路,广283路,7
夜16路,广283路班车,7
夜17路,夜68路,7
夜18路,大学城专线4路,7
夜19路,夜3路,7
夜19路,广12路,7
夜19路,夜68路,7
夜20路,番13路,7
夜20路,番25路,7
夜20路,番91路,7
夜22路,夜89路,7
夜23路,夜45路,7
夜24路,夜7路,7
夜24路,夜4路,7
夜25路,夜88路,7
夜25路,夜68路,7
夜26路,夜87路,7
夜28路,夜61路,7
夜30路,广276路,7
夜31路,夜7路,7
夜32路,夜9路,7
夜32路,夜8路,7
夜33路,夜8路,7
夜33路,夜44路,7
夜35路,高速专线2路,7
夜3路,夜79路,7
夜3路,广424路,7
夜41路,夜88路,7
夜41路,夜68路,7
夜42路,旅游观光1线,7
夜43路,夜68路,7
夜44路,夜4路,7
夜45路,夜8路,7
夜45路,广276路,7
夜45路,广283路,7
夜45路,广283路班车,7
夜47路,夜74路,7
夜48路,大学城专线4路,7
夜48路,夜68路,7
夜52路,夜60路,7
夜55路,夜89路,7
夜55路,夜8路,7
夜59路,夜95路,7
夜5路,夜72路,7
夜66路,夜70路,7
夜68路,夜9路,7
夜73路,广369路,7
夜76路,夜86路,7
夜77路,夜88路,7
夜80路,夜87路,7
夜87路,花8路,7
夜92路,花17路联民村,7
夜93路,夜9路,7
大学城专线2路,大学城专线4路,7
广123路,广夜67路,7
广123路,沥12B路,7
广132路,广286路,7
广132路,广281路,7
广231路,里14,7
广231路,里14路,7
广260路,沥12B路,7
广277路,广565路,7
广281路,广夜58路,7
广283路班车,广424路,7
广286路,广夜58路,7
广286路,沥12路,7
广565路,沥17B路,7
广974路,里07路短线/佛里07路里广快线,7
广974路,里14,7
广974路,里14路,7
广974路,里17路,7
广974路班车,里07路短线/佛里07路里广快线,7
广974路班车,里14,7
广974路班车,里14路,7
广974路班车,里17路,7
新龙镇02线上午,新龙镇02线下午,7
旅游公交2线,旅游观光1线,7
桂11路,桂12路,7
番100路,番8路,7
番100路,番165路,7
番108B路,番16路,7
番108路,番12路旅游专线,7
番108路,番67路旅游专线,7
番10路,番52路（广州南站总站 ⇄ 石碁文化广场总站）,7
番10路,番89路,7
番111路,番80路,7
番111路,番81路,7
番11路,番160路,7
番11路,番6路,7
番11路,番142路,7
番11路,番143路,7
番128路,番92路/番92路,7
番128路,番93路短线,7
番128路,番59路,7
番128路,番61路,7
番129路,番16路,7
番12路旅游专线,番8路,7
番12路旅游专线,番99路,7
番130路,番6路,7
番132路旅游专线,番夜3路,7
番13路,番160路,7
番142路,番92路/番92路,7
番143路,番148路,7
番145路,番52路（广州南站总站 ⇄ 石碁文化广场总站）,7
番145路,番89路,7
番145路,番7路,7
番146路,番52路（广州南站总站 ⇄ 石碁文化广场总站）,7
番146路,番89路,7
番146路,番160路,7
番146路,番99路,7
番146路,番7路,7
番147路,番165路,7
番147路,番5路,7
番147路,番5路长线,7
番148路,番28B路,7
番148路,番29路,7
番148路,番150B路,7
番148路,番150路,7
番151路,番160路,7
番15路,番3路,7
番15路,番6路,7
番160路,番微公交3路,7
番160路,番夜4路,7
番162B路,番162路,7
番165路,番4路,7
番165路,番29路,7
番16路,番9路,7
番16路,番9路长线,7
番17路,番75路,7
番181路,番185路,7
番183路,番186路,7
番183路,番53路,7
番188路,番91路,7
番1路,番微公交3路,7
番1路,番9路,7
番1路,番9路长线,7
番22B路,番3路,7
番22B路,番6路,7
番22B路,番2路,7
番23路,番80路,7
番23路,番81路,7
番28B路,番28路,7
番29路,番微公交3路,7
番29路,番5路,7
番29路,番5路长线,7
番2路,番51路,7
番30路,番86路,7
番30路,番夜5路,7
番30路,番3路,7
番4B路,番9路,7
番4路,番97路,7
番51路,番60路,7
番52路（地铁南村万博站 ⇄ 海大集团总站）,番71路,7
番52路（地铁南村万博站 ⇄ 海大集团总站）,番75路,7
番52路（广州南站总站 ⇄ 石碁文化广场总站）,番80路,7
番52路（广州南站总站 ⇄ 石碁文化广场总站）,番81路,7
番53路,番60路,7
番58路,番86路,7
番59路,番61路,7
番59路,番62路,7
番68路,番7路,7
番6路,番微公交3路,7
番72路,番75路,7
番93路,番微公交3路,7
番93路短线,番微公交3路,7
番99路,番微公交3路,7
空港1路,空港2路,7
花10路,花30路,7
花10路,花80路,7
花10路,花84路,7
花16路,花32路,7
花16路,花17路联民村,7
花17路A,花17路联民村,7
花17路联民村,花1路（人和地铁站 ⇄ 广州北站西广场）,7
花19路,花8路,7
花22路,花30路,7
花22路,花80路,7
花23路,花62路,7
花25路,花81路（三水大塘中心广场 ⇄ 广州北站）,7
花25路,花89路,7
花39路短线,花68路白坭班车,7
花68路白坭班车,花81路（三水大塘中心广场 ⇄ 广州北站）,7
花68路短线,花81路（三水大塘中心广场 ⇄ 广州北站）,7
花6路,花75A路,7
花73路,花8路,7
花75A路,花85路,7
花76路,花81路（三水大塘中心广场 ⇄ 广州北站）,7
花76路,花9路,7
花7路,花81路（三水大塘中心广场 ⇄ 广州北站）,7
花7路,花9路,7
花81路（三水大塘中心广场 ⇄ 广州北站）,花9路,7
花83路,花88路,7
里07路,里14,7
里07路,里14路,7
里07路短线/佛里07路里广快线,里14,7
里07路短线/佛里07路里广快线,里14路,7
里07路高峰线,里14,7
里07路高峰线,里14路,7
里14,里17路,7
里14路,里17路,7
101路,541路,6
101路,夜39路,6
101路,35路,6
102路,106路,6
102路,夜40路,6
102路,222路,6
104路,519路,6
104路,541路,6
104路,夜107路,6
104路,夜39路,6
104路,128路,6
104路,夜31路,6
104路,35路,6
105路,58路,6
105路,夜11路,6
105路,夜95路,6
105路,176路,6
105路,185路,6
105路,274路,6
105路,540路,6
105路,夜87路,6
106路,66路,6
106路,夜121路,6
106路,6路,6
106路,82路,6
106路,夜5路,6
106路,552路,6
106路,57路,6
106路,广281路,6
106路,广夜67路,6
107路,204路,6
107路,B8路,6
108路,夜27路,6
108路,185路,6
108路,32路,6
108路,522路,6
109路,233路,6
109路,186路,6
109路,555路,6
109路,556路,6
109路,128路,6
109路,204路,6
109路,夜31路,6
10路,233路,6
10路,6路,6
10路,夜56路,6
10路,夜5路,6
10路,夜8路,6
10路,夜22路,6
10路,288路,6
10路,31路,6
10路,9路,6
10路,夜7路,6
110路,82路,6
113路,250路,6
113路,527路,6
113路,527路机电班车,6
113路,夜120路,6
113路,夜89路,6
113路,58路,6
113路,176路,6
113路,185路,6
113路,274路,6
113路,538路,6
113路,540路,6
113路,夜87路,6
114路,229路,6
114路,253路,6
11路,131A路,6
11路,131B路,6
11路,182路,6
11路,18路,6
11路,夜56路,6
121A路,182路,6
121A路,夜1路,6
121路,29路,6
121路,旅游观光1线,6
121路,244A路,6
121路,244路,6
121路,250路,6
121路,527路,6
121路,527路机电班车,6
121路,530路,6
121路,夜120路,6
121路,夜22路,6
121路,夜55路,6
122路,183路,6
122路,263路,6
122路,番188路,6
124路,34路,6
124路,273路,6
124路,夜40路,6
124路,3路,6
124路,夜5路,6
124路,61路,6
125路,36路,6
125路,夜12路,6
125路,211路,6
125路,305路,6
125路,35路,6
125路,80路,6
126路,556路,6
126路,夜26路,6
126路,254路,6
126路,519路,6
126路,夜107路,6
126路,524路,6
128路,134路,6
128路,556路,6
128路,夜26路,6
129路,285路,6
129路,夜44路,6
129路,番163B路,6
129路,273路,6
130路,195路,6
130路,184路,6
130路,190路,6
130路,226路,6
130路,69路,6
130路,夜45路,6
131A路,182路,6
131A路,夜42路,6
131A路,194路,6
131B路,182路,6
131B路,夜42路,6
131B路,247路,6
131B路,194路,6
131B路,4路,6
133路,56路,6
133路,夜11路,6
133路,夜95路,6
133路,74路,6
133路,229路,6
133路,80路,6
133路,广276路,6
134路,31路,6
134路,38路,6
134路,823路,6
134路,夜31路,6
134路,夜7路,6
134路,179路,6
134路,975路,6
136路,B16路,6
136路,83路,6
137路,195路,6
137路,45路,6
137路,545路,6
137路,284路,6
137路,299路,6
137路,542路,6
137路,B8路,6
137路,夜36路,6
137路,旅游观光1线,6
140路,夜35路,6
140路,504路,6
140路,542路,6
140路,218路,6
140路,547路,6
14路,253路,6
14路,29路,6
14路,189路,6
14路,264A路,6
14路,夜135路,6
14路,801路,6
16路,31路,6
16路,487路,6
16路,220路,6
16路,299路,6
16路,223路,6
16路,夜5路,6
175路,246路,6
175路,271路,6
175路,夜122路,6
175路,夜35路,6
175路,223路,6
176路,929路,6
176路,夜95路,6
176路,832路,6
176路,夜76路,6
176路,夜94路,6
179路,24路,6
179路,17路,6
179路,215路,6
179路,71路,6
179路,夜21路,6
179路,夜2路,6
179路,夜80路,6
179路,198路,6
17路,885路,6
17路,夜59路,6
17路,夜99路,6
17路,广205路,6
17路,旅游公交2线,6
17路,521路,6
17路,夜3路,6
17路,80路,6
17路,839路,6
180路,88路,6
180路,夜33路,6
180路,夜8路,6
180路,309路,6
180路,夜16路,6
180路,75路,6
180路,夜24路,6
181路,52路,6
181路,257路,6
181路,高峰快线21路,6
181路,265路,6
181路,256路,6
181路,夜79路,6
181路,222路,6
181路,69路,6
181路,70路,6
181路,91路,6
181路,夜103路,6
181路,夜44路,6
181路,广565路,6
182路,36路,6
182路,夜42路,6
182路,823路,6
182路,34路,6
183路,夜22路,6
183路,243路,6
183路,541路,6
183路,夜39路,6
183路,夜28路,6
183路,40路,6
183路,44路,6
184路,36路,6
184路,211路,6
184路,夜12路,6
185路,54路,6
185路,广高峰快线30路,6
185路,21路,6
185路,519路,6
185路,528路,6
185路,555路,6
185路,556路,6
185路,803路,6
185路,夜26路,6
186路,544路,6
186路,夜32路,6
186路,夜8路,6
186路,209路,6
186路,192路,6
188路,236路,6
188路,夜69路,6
189路,夜15路,6
189路,夜56路,6
189路,190路,6
189路,199路,6
189路,264A路,6
189路,270路,6
189路,468路,6
189路,夜135路,6
189路,夜8路,6
189路,高峰快线74路,6
18路,206路,6
190路,36路,6
190路,864路,6
190路,夜9路,6
190路,211路,6
190路,264路,6
190路,253路,6
190路,82路,6
190路,夜33路,6
190路,B9路,6
190路,547路,6
191路,280路,6
191路,886路,6
191路,夜14路,6
191路,夜25路,6
191路,夜41路,6
191路,夜4路,6
191路,243路,6
191路,78路,6
192路,247路,6
192路,夜16路,6
192路,285路,6
192路,285路无轨电车短线,6
192路,299路,6
194路,夜89路,6
194路,583路,6
194路,广12路,6
194路,517路,6
194路,547路,6
194路,B22路,6
195路,45路,6
195路,997路,6
195路,夜128路,6
198路,268路,6
198路,290路,6
198路,527路,6
198路,夜120路,6
198路,夜95路,6
198路,夜96路,6
198路,729路,6
198路,259路,6
199路,24路,6
19路,783路,6
19路,839路,6
19路,445路环线,6
19路,商务专线4路,6
19路,桂12路,6
19路,桂21路,6
1路,64路,6
1路,217路,6
1路,夜113路,6
201路,236路,6
204路,266路,6
204路,209路,6
204路,54路,6
204路,74路,6
204路,229路,6
204路,广276路,6
206路,57路,6
206路,468路,6
206路,93路,6
206路,264路,6
206路,53路,6
206路,B9路,6
206路,夜23路,6
207路,91路,6
207路,广419路,6
208路,250路,6
208路,25路,6
208路,4路,6
208路,538路,6
209路,广281路,6
209路,广夜67路,6
209路,541路,6
209路,夜39路,6
209路,556路,6
209路,夜26路,6
209路,夜7路,6
209路,261路,6
209路,284路,6
209路,293路,6
209路,夜18路,6
209路,夜38路,6
209路,广高峰快线30路,6
209路,297路,6
209路,538路,6
209路,9路,6
209路,广123路,6
20路,302A路,6
210路,24路,6
210路,32路,6
210路,夜35路,6
210路,813路,6
210路,B19路,6
211路,76路,6
211路,番186路,6
211路,夜88路,6
211路,夜8路,6
214路,813路,6
214路,B18路,6
214路,376路,6
214路,388路,6
214路,516路,6
214路,569路,6
214路,572路,6
214路,B30路,6
214路,B31路,6
214路,夜49路,6
214路,夜73路,6
215路,253路,6
215路,527路,6
215路,夜18路,6
217路,64路,6
217路,3路,6
217路,541路,6
217路,夜39路,6
217路,夜1路,6
217路,夜44路,6
218路,504路,6
218路,40路,6
218路,550路,6
21路,832路,6
21路,夜76路,6
21路,886路,6
220路,963路,6
221路,285路,6
221路,309路,6
221路,82路,6
221路,75路,6
221路,夜24路,6
222路,夜16路,6
222路,夜42路,6
222路,夜36路,6
222路,40路,6
222路,71路,6
222路,769路/769路快线,6
225路,301A路,6
225路,夜14路,6
225路,夜25路,6
225路,夜41路,6
225路,夜88路,6
226路,夜93路,6
226路,夜135路,6
226路,B9路,6
229路,24路,6
229路,旅游观光1线,6
229路,518路,6
229路,297路,6
229路,2路,6
229路,夜30路,6
229路,304路,6
229路,582路,6
229路,582路班车,6
229路,夜20路,6
230路,B7路快线,6
230路,546路,6
233路,886路,6
233路,B2路,6
233路,夜14路,6
233路,夜4路,6
233路,263路,6
233路,551路,6
233路,59路,6
236路,75路,6
236路,285路,6
236路,57路,6
236路,833路,6
238路,527路,6
238路,52路,6
238路,80路,6
238路,夜11路,6
238路,广275路,6
239路,247路,6
239路,夜33路,6
239路,B11路,6
241路,804路,6
241路,560路,6
243路,244A路,6
243路,244路,6
243路,250路,6
243路,273路,6
243路,527路,6
243路,527路机电班车,6
243路,B21路,6
243路,夜120路,6
243路,夜22路,6
243路,夜55路,6
243路,5路,6
243路,245路,6
243路,B11路,6
244A路,5路,6
244A路,29路,6
244路,5路,6
244路,29路,6
244路,528路,6
244路,夜12路,6
244路,36路,6
244路,539路,6
244路,841路,6
244路,夜114路,6
244路,高速专线2路,6
245路,63路,6
245路,夜105路,6
245路,夜89路,6
245路,广高峰快线30路,6
245路,864路,6
245路,B18路快线,6
245路,518路,6
247路,夜4路,6
247路,301A路,6
247路,夜88路,6
247路,285路,6
247路,285路无轨电车短线,6
24路,257路,6
24路,46路,6
24路,63路,6
24路,夜40路,6
24路,高峰快线21路,6
24路,夜35路,6
250路,夜93路,6
250路,252路,6
250路,823路,6
250路,B9路,6
250路,761路,6
250路,762路,6
250路,764路,6
251路,522路,6
251路,552路,6
252路,836路,6
252路,夜24路,6
252路,夜70路,6
252路,夜135路,6
252路,801路,6
252路,夜56路,6
253路,544路,6
253路,823路,6
253路,夜32路,6
253路,夜8路,6
253路,527路,6
253路,527路机电班车,6
253路,夜120路,6
253路,夜21路,6
253路,夜45路,6
253路,812路,6
254路,831路,6
254路,929路,6
254路,夜90路,6
254路,524路,6
254路,268路,6
254路,523A路,6
254路,夜95路,6
254路,高速专线2路,6
257路,273路,6
257路,38路,6
257路,63路,6
257路,297路,6
259路,521路,6
259路,527路机电班车,6
259路,839路,6
259路,夜3路,6
259路,夜77路,6
25路,530路,6
25路,82路,6
25路,9路,6
25路,夜33路,6
25路,74路,6
261路,74路,6
261路,297路,6
261路,40路,6
261路,495路,6
262路,旅游观光1线,6
262路,B7路快线,6
262路,304路,6
262路,582路,6
262路,582路班车,6
262路,夜20路,6
263路,280路,6
263路,810路,6
263路,89路,6
263路,夜77路,6
263路,夜28路,6
264A路,夜135路,6
264A路,夜8路,6
264A路,801路,6
264A路,264路,6
264路,36路,6
264路,93路,6
264路,35路,6
264路,大学城专线3路,6
264路,762路,6
264路,764路,6
265路,夜90路,6
265路,706路早间短线,6
265路,803路,6
265路,夜76路,6
265路,大学城专线1路,6
266路,53路,6
266路,562路,6
266路,广283路,6
266路,813路,6
268路,夜114路,6
268路,夜90路,6
268路,46路,6
268路,538路,6
268路,280路,6
268路,298路,6
268路,886路,6
268路,夜107路,6
268路,夜35路,6
268路,夜105路,6
270路,530路,6
270路,37路,6
270路,夜135路,6
270路,93路,6
270路,B9路,6
270路,801路,6
270路,夜56路,6
271路,929路,6
273路,高峰快线21路,6
273路,35路,6
273路,夜102路,6
273路,夜24路,6
273路,夜44路,6
273路,夜4路,6
273路,夜33路,6
274路,夜12路,6
274路,夜94路,6
278路,280路,6
278路,546路,6
278路,夜12路,6
278路,32路,6
27路,833路,6
27路,广高峰快线30路,6
280路,301A路,6
280路,夜88路,6
280路,551路,6
280路,59路,6
280路,830路,6
280路,夜95路,6
280路,高速专线2路,6
284路,540路,6
284路,74路,6
284路,大学城专线4路,6
285路,551路,6
285路,59路,6
285路,夜69路,6
285路,410路,6
287路,82路,6
287路,夜44路,6
287路,542路,6
287路,夜24路,6
288路,番53路,6
288路,546路,6
28路,541路,6
28路,547路,6
28路,495路,6
290路,46路,6
290路,夜16路,6
290路,夜45路,6
290路,广276路,6
290路,广283路,6
290路,广283路班车,6
290路,885路,6
290路,745路,6
293路,299路,6
293路,771路,6
297路,6路,6
297路,62路,6
297路,B3路,6
297路,夜18路,6
297路,夜19路,6
297路,广276路,6
297路,84路,6
297路,552路,6
298路,高峰快线21路,6
298路,807A路,6
298路,夜95路,6
298路,523路,6
298路,夜105路,6
299路,91路,6
299路,夜16路,6
299路,夜42路,6
299路,40路,6
299路,813路,6
299路,518路,6
299路,大学城专线4路,6
29路,夜24路,6
29路,88路,6
29路,夜30路,6
29路,夜32路,6
29路,963路,6
2路,556路,6
2路,54路,6
2路,广276路,6
301A路,545路,6
301A路,886路,6
301A路,B2A路,6
301A路,B2路,6
301A路,夜105路,6
301A路,夜14路,6
301A路,夜25路,6
301A路,夜41路,6
301A路,夜77路,6
301路,309路,6
301路,番146路,6
301路,番53路,6
301路,番10路,6
301路,南沙70路,6
301路,番141路,6
301路,番150路,6
301路,番5路,6
301路,番5路长线,6
302A路,363路,6
302A路,B20路,6
302路,363路,6
302路,B20路,6
302路,番163A路,6
302路,303A路,6
302路,番58路,6
302路,番56路,6
302路,番7路,6
303A路,45路,6
303A路,583路,6
303A路,779路,6
303A路,番30路,6
303A路,番86路,6
303A路,番58路,6
303A路,303路,6
303A路,987路,6
303A路,番146路,6
303A路,304路,6
303路,967路,6
303路,番163A路,6
303路,番58路,6
303路,546路,6
304路,夜66路,6
304路,夜70路,6
304路,大学城专线3路,6
305路,311路,6
305路,公交地铁接驳专线4路,6
305路,夜133路,6
305路,番186路,6
305路,88路,6
305路,广276路,6
309路,番13路,6
309路,番25路,6
309路,番53路,6
309路,番91路,6
309路,551路,6
309路,夜55路,6
30路,346路,6
310路,夜88路,6
310路,番10路,6
310路,番163A路,6
310路,番52路（广州南站总站 ⇄ 石碁文化广场总站）,6
310路,番89路,6
311路,番91路,6
312路（滘口汽车站总站 ⇄ 祈福新邨总站）,64路,6
312路（滘口汽车站总站 ⇄ 祈福新邨总站）,广277路,6
31路,B21路,6
31路,夜24路,6
31路,4路,6
31路,823路,6
320路,581路,6
320路,339路,6
321路,946路,6
321路,334路,6
323路,439路,6
323路,340路,6
323路,572路,6
323路,夜73路,6
324路,945路,6
324路,459路,6
324路,夜60路,6
324路,349路,6
325路,946路,6
325路,497路,6
325路,564路,6
325路,903路,6
325路,B26路,6
325路,B4路,6
325路,夜100路,6
325路,夜38路,6
325路,夜93路,6
327A路,455路,6
327A路,345A路,6
327A路,396A路环线,6
327A路,330A路,6
327A路,446路,6
327A路,夜60路,6
327A路,391A路,6
327A路,941路,6
327A路,B24路,6
32路,832路,6
32路,夜12路,6
32路,夜76路,6
32路,475路,6
32路,夜107路,6
32路,高速专线2路,6
32路,519路,6
333A路,346路,6
333A路,449路,6
333路,83路,6
333路,夜68路,6
334路,340路,6
334路,946路,6
335路,夜98路,6
335路,941路,6
335路,375路,6
335路,371路,6
337路,373路,6
337路,B24路,6
337路,夜98路,6
337路,571A路,6
338路,344路,6
339路,506路,6
339路,夜51路,6
339路,571A路,6
344路,B24路,6
344路,438路,6
344路,432A路,6
344路,B30路,6
344路,390路,6
345路,夜81路,6
346路,39路,6
346路,夜10路,6
348路,432A路,6
349路,450路,6
349路,946路,6
34路,661路,6
34路,839路,6
352A路,夜130路,6
355路,459路,6
355路,573路,6
355路,夜51路,6
355路,774路,6
355路,903路,6
355路,B4路,6
355路,夜38路,6
358路,948路,6
358路,393路,6
358路,夜52路,6
35路,836路,6
35路,960路,6
360路,431路,6
360路,432A路,6
360路,459路,6
360路,B30路,6
361路,夜50路,6
363路,广283路,6
363路,B20路,6
363路,B18路,6
364路,431路,6
364路,B16路,6
365路,373路,6
365路,394路,6
367路,940路,6
367路,夜97路,6
367路,575路,6
367路,373路,6
367路,391路,6
367路,569路,6
36路,7路,6
36路,广12路,6
36路,539路,6
36路,563路,6
36路,803路,6
36路,夜76路,6
371路,夜81路,6
371路,446路,6
372路,516路,6
372路,569路,6
372路,夜49路,6
372路,374路,6
373路,566路,6
375路,566路,6
377路,432路,6
379路,571B路,6
379路,增城32路外环,6
37路,高峰快线74路,6
37路/南37路,南沙70路,6
37路/南37路,南36路,6
383路,801路,6
383路,B25路,6
387路,86路,6
387路,夜50路,6
388路,567路,6
388路,941路,6
388路,391路,6
38路,高峰快线21路,6
38路,4路,6
38路,76A路,6
38路,798路,6
38路,B18路快线,6
38路,大学城专线1路,6
390路,431路,6
390路,459路,6
390路,B26路,6
390路,B30路,6
390路,434路,6
391A路,575路,6
391路,科学城3号交通专线/K3路,6
391路,943路,6
394路,571A路,6
39路,B11路,6
39路,492路,6
3路,夜72路,6
408A路,813路,6
408A路,496路,6
408A路,506路,6
408路,B14路,6
40路,517路,6
40路,53路,6
40路/南40路,南沙10路短线,6
411路,夜1路,6
414路,780路,6
417路,769路/769路快线,6
420路,651路,6
421路,925路,6
425路,夜119路,6
427路,751路,6
427路,夜119路,6
42路,佛276路/佛276,6
42路,夜122路,6
42路,广424路,6
430路,长洲岛1号线,6
431路,B26路,6
431路,B16路,6
432A路,945路,6
432路,581路,6
432路,945路,6
434路,B30路,6
438路,943路,6
438路,517路,6
445路环线,769路/769路快线,6
445路环线,79路,6
445路环线,770路,6
445路环线,787路,6
448路,944路,6
448路,548路,6
448路,573路,6
448路,496路,6
44路,53路,6
450路,516路,6
450路,566路,6
450路,569路,6
450路,B31路,6
450路,夜49路,6
450路,575路,6
453A路,B28路,6
453A路,夜41路,6
453A路,广369路,6
455路,永和便民01线,6
457路,650路,6
457路,夜126路,6
459路,B30路,6
459路,575路,6
459路,夜57路,6
45路,779路,6
45路,468路,6
45路,801路,6
461路,夜70路,6
468路,93路,6
468路,夜135路,6
468路,765路,6
469路,583路,6
46路,夜95路,6
46路,夜96路,6
46路,84路,6
471路,976路,6
472路,509路,6
472路,523路,6
472路,843路,6
472路,977路,6
475路,58A路,6
475路,58路,6
475路,975路,6
487路,838路,6
487路,966路,6
489路,963路,6
489路,967路,6
492路,夜10路,6
495路,944路,6
496路,B14路,6
497路,B4B路,6
498路,高峰快线80路,6
4路,夜7路,6
4路,57路,6
4路,旅游公交2线,6
502路,804路,6
502路,884路,6
503路,776路,6
503路,B18路,6
503路,B12路,6
504路,517路,6
504路,973路,6
506路,548路,6
506路,夜93路,6
506路,B14路,6
508路,841路,6
508路,夜74路,6
508路,573路,6
509路,926路,6
510路,807路,6
510路,739路,6
510路,926路,6
510路,夜84路,6
510路,828路,6
516路,571路,6
516路,B30路,6
516路,增城43路,6
517路,583路,6
517路,夜18路,6
517路,B30路,6
518路,80路,6
518路,广276路,6
518路,764路,6
519路,831路,6
519路,夜90路,6
51路,夜24路,6
51路,夜102路,6
521路,75路,6
522路,58路,6
522路,980路,6
522路,980路环线,6
522路,夜75路,6
522路,夜105路,6
522路,707路,6
522路,703路,6
523A路,夜35路,6
523A路,高速专线2路,6
523A路,803路,6
523路,840路,6
524路,830路,6
524路,841路,6
525路,夜44路,6
525路,780路,6
527路,88路,6
527路,夜21路,6
527路,729路,6
527路,839路,6
527路机电班车,88路,6
528路,832路,6
528路,夜76路,6
528路,夜35路,6
528路,739路,6
528路,926路,6
528路,夜84路,6
529路,656路,6
529路,799路,6
52路,995路,6
52路,555路,6
52路,783路,6
52路,839路,6
52路,夜44路,6
52路,55路,6
530路,夜36路,6
530路,544路,6
530路,59路,6
530路,商务专线3路,6
538路,夜95路,6
538路,9路,6
538路,广123路,6
539路,夜90路,6
539路,982路,6
539路,810路,6
539路,793路,6
539路,夜119路,6
539路,夜77路,6
539路,夜94路,6
539路,663路,6
53路,夜34路,6
53路,542路,6
53路,69路,6
53路,夜29路,6
53路,550路,6
540路,545路,6
540路,810路,6
540路,夜74路,6
540路,夜40路,6
540路,高峰快线21路,6
540路,832路,6
540路,夜76路,6
540路,58A路,6
540路,58路,6
541路,6路,6
541路,82路,6
541路,8路,6
541路,夜5路,6
541路,夜6路,6
541路,夜72路,6
541路,夜132路,6
542路,夜43路,6
542路,562路,6
544路,706路,6
544路,706路早间短线,6
545路,B2A路,6
545路,夜88路,6
545路,975路,6
545路,夜18路,6
545路,669路,6
546路,706路,6
546路,706路早间短线,6
546路,夜9路,6
546路,75路,6
546路,9路,6
546路,夜24路,6
547路,813路,6
547路,B8路,6
547路,夜132路,6
547路,76A路,6
547路,B14路,6
548路,813路,6
548路,564A路,6
54路,813路,6
54路,B4路,6
54路,夜38路,6
54路,夜69路,6
551路,810路,6
551路,夜77路,6
551路,夜102路,6
551路,75路,6
551路,夜24路,6
551路,夜32路,6
552路,839路,6
552路,广275路,6
555路,夜11路,6
555路,夜99路,6
555路,广205路,6
555路,7路,6
555路,832路,6
555路,夜76路,6
555路,夜94路,6
556路,823路,6
556路,夜31路,6
556路,夜90路,6
556路,830路,6
55路,夜11路,6
55路,839路,6
55路,885路,6
55路,745路,6
560路,792A路,6
562路,B7路,6
562路,B7路快线,6
562路,764路,6
563路,夜26路,6
563路,982路,6
563路,810路,6
563路,66路,6
563路,656路,6
564A路,夜51路,6
569路,571路,6
569路,B30路,6
569路,941路,6
569路,948路,6
56路,B3路,6
56路,夜19路,6
571A路,571B路,6
571B路,B30路,6
571B路,B31路,6
571B路,夜73路,6
571路,572路,6
571路,夜49路,6
571路,增城29路,6
571路,增城45路,6
571路,增城39路,6
572路,B30路,6
572路,B29路,6
573路,夜81路,6
573路快线,夜49路,6
575路,广369路,6
57路,夜29路,6
57路,夜69路,6
57路,夜113路,6
581路,B30路,6
581路,901A路,6
581路,夜68路,6
581路,B10路,6
582路,762路,6
582路,夜66路,6
582路,夜70路,6
582路,大学城专线3路,6
582路,B4A路,6
582路,夜68路,6
582路班车,762路,6
582路班车,夜66路,6
582路班车,夜70路,6
582路班车,大学城专线3路,6
582路班车,B4A路,6
582路班车,夜68路,6
583路,811路,6
583路,夜56路,6
583路,87路,6
58A路,夜12路,6
58A路,夜95路,6
58A路,706路早间短线,6
58路,夜87路,6
58路,夜95路,6
59路,810路,6
59路,夜77路,6
59路,夜102路,6
5路,7路,6
5路,夜30路,6
5路,夜44路,6
5路,823路,6
63路,高峰快线21路,6
64路,995路,6
650路,724路,6
650路,732路,6
650路,976路,6
651路,742路,6
652路,986路,6
652路,977路,6
653路,佛276路/佛276,6
653路,广205路,6
654路,706路早间短线,6
656路,793路,6
656路,夜119路,6
656路,665路,6
656路,76A路,6
656路,833路,6
656路,夜76路,6
662路,980路,6
662路,980路环线,6
663路,665路,6
665路,夜76路,6
665路,799路,6
665路,924路,6
665路,夜62路,6
665路,804路,6
66路,82路,6
66路,706路,6
670路,838路,6
671路,夜62路,6
69路,夜24路,6
69路,B9路,6
69路,夜23路,6
69路,769路/769路快线,6
6路,夜33路,6
6路,夜39路,6
701路,704路,6
701路,712路,6
703路,花73路,6
704路,707路,6
704路,花1路（白蟮塘 ⇄ 西岭村东）,6
705路,834路,6
705路,841路,6
706路,841路,6
706路,夜114路,6
706路,夜32路,6
706路,花63路,6
706路,花63路短线,6
706路,花68路,6
706路,花68路白坭班车,6
706路,花68路短线,6
706路早间短线,841路,6
706路早间短线,夜114路,6
706路早间短线,夜32路,6
706路早间短线,713路,6
707路,夜129路,6
707路,花22路,6
707路,花21路,6
707路,花21路夜班,6
70路,广419路,6
70路,966路,6
70路,夜113路,6
70路,780路,6
70路,769路/769路快线,6
711路,花1路（人和地铁站 ⇄ 广州北站西广场）,6
712路,夜92路,6
713路,837路,6
713路,花80路,6
713路,花2路,6
714路,734路,6
715路,夜129路,6
715路,花70路,6
715路,花70路短线,6
716路,734路,6
71路,80路,6
71路,839路,6
71路,夜103路,6
71路,广565路,6
722路,929路,6
724路,733路,6
726路,827路,6
727路,夜83路,6
728路,735路,6
732路,976路,6
734路,夜116路,6
736路,751路,6
739路,796路,6
739路,804路,6
742路,831路,6
742路,834路,6
742路,759路环线,6
743路,793路,6
743路,夜119路,6
745路,夜96路,6
74路,782路,6
74路,966路,6
74路,B4路,6
74路,夜18路,6
74路,夜38路,6
751路,837路,6
756路,926路,6
757路,广424路,6
758路,827路,6
759路环线,886路,6
75路,夜3路,6
75路,夜69路,6
75路,广123路,6
75路,夜55路,6
75路,761路,6
75路,990路,6
761路,762路,6
761路,764路,6
761路,801路,6
761路,夜6路,6
762路,旅游观光1线,6
762路,801路,6
762路,夜33路,6
764路,801路,6
764路,夜33路,6
765路,夜135路,6
769路/769路快线,91路,6
769路/769路快线,夜103路,6
769路/769路快线,夜44路,6
769路/769路快线,广565路,6
76路,B18路快线,6
773路,78路,6
773路,夜51路,6
773路,夜93路,6
773路,高峰快线32路,6
775路,高峰快线32路,6
775路,84路,6
776路,813路,6
776路,B18路,6
776路,大学城专线2路,6
776路,夜101路,6
777路,886路,6
779路,90路,6
779路,夜20路,6
779路,夜33路,6
780路,夜103路,6
780路,广565路,6
782A路,838路,6
782路,962路,6
782路,夜1路,6
782路,812路,6
783路,夜11路,6
78路,夜89路,6
791路,804路,6
792A路,864路,6
792A路,804路,6
792A路,833路,6
792A路,792路环线,6
792路环线,882路快线,6
793路,837路,6
796路,夜84路,6
797路,828路,6
799路,833路,6
799路,984路,6
7路,夜21路,6
7路,夜107路,6
7路,夜55路,6
7路,975路,6
7路,夜26路,6
801路,夜56路,6
801路,夜8路,6
801路,夜33路,6
801路,番202路旅游专线,6
801路,夜50路,6
801路,大学城专线4路,6
801路,大学城环线1路,6
803路,841路,6
803路,夜114路,6
803路,夜107路,6
804路,832路,6
804路,83路,6
804路,夜84路,6
807A路,810路,6
807A路,980路,6
807A路,980路环线,6
807A路,夜35路,6
807A路,夜105路,6
807路,夜105路,6
80路,广283路,6
80路,广283路班车,6
80路,832路,6
80路,夜2路,6
810路,B2路,6
810路,夜14路,6
810路,夜114路,6
810路,高速专线2路,6
812路,广419路,6
813路,963路,6
813路,B21路,6
813路,夜45路,6
813路,夜89路,6
813路,B18路,6
813路,大学城专线2路,6
813路,夜43路,6
823路,82路,6
823路,夜26路,6
828路,夜123路,6
82路,夜121路,6
82路,夜39路,6
82路,夜24路,6
830路,夜26路,6
830路,夜122路,6
831路,夜107路,6
831路,970路,6
831路,夜85路,6
832路,833路,6
833路,夜4路,6
834路,841路,6
834路,夜117路,6
836路,夜33路,6
836路,夜61路,6
836路,夜74路,6
837路,843路,6
838路,990路,6
839路,夜113路,6
839路,夜11路,6
839路,885路,6
839路,B3路,6
839路,夜19路,6
83路,夜60路,6
83路,夜68路,6
840路,夜22路,6
841路,夜74路,6
841路,夜76路,6
84A路,夜70路,6
84路,884路,6
862路,夜14路,6
862路,夜15路,6
862路,夜25路,6
862路,夜41路,6
862路,夜77路,6
862路,大学城专线4路,6
864路,B18路,6
864路,B18路快线,6
86路,夜50路,6
882路快线,夜24路,6
884路,夜70路,6
885路,夜2路,6
885路,夜16路,6
885路,夜45路,6
885路,夜96路,6
885路,佛276路/佛276,6
885路,夜122路,6
885路,广424路,6
886路,B2A路,6
886路,夜88路,6
886路,夜89路,6
886路,夜95路,6
886路,夜94路,6
886路,夜114路,6
88路,964路,6
88路,夜120路,6
88路,夜45路,6
89路,夜70路,6
8路,夜39路,6
901A路,夜132路,6
901A路,夜53路,6
903路,夜51路,6
924路,926路,6
926路,夜62路,6
929路,夜107路,6
929路,夜22路,6
93路,夜42路,6
93路,夜29路,6
93路,夜37路,6
93路,大学城专线3路,6
940路,夜57路,6
940路,夜98路,6
941路,夜49路,6
942路,944路,6
943路,B30路,6
945路,夜81路,6
948路,B31路,6
962路,广419路,6
963路,995路,6
964路,B7路快线,6
964路,991路,6
968路,B21路,6
973路,帽峰山旅游专线1线,6
975路,夜76路,6
981路,夜76路,6
982路,夜9路,6
985路,夜86路,6
987路,番10路,6
987路,番163A路,6
987路,番52路（广州南站总站 ⇄ 石碁文化广场总站）,6
987路,番89路,6
990路,广412路,6
990路,广夜111路,6
995路,夜79路,6
995路,夜7路,6
997路,夜34路,6
997路,大学城专线1路,6
997路,大学城环线1路,6
B12路,夜68路,6
B12路,B17路,6
B16路,B26路,6
B17路,B19路,6
B17路,B1短线快车,6
B17路,B26路,6
B17路,B21路,6
B1短线快车,B20路,6
B1短线快车,B2A路,6
B1短线快车,B2路,6
B1路,B26路,6
B1路,B31路,6
B1路,夜73路,6
B1路,夜68路,6
B20路,广283路,6
B21路,广123路,6
B21路,B9路,6
B21路,夜68路,6
B22路,夜18路,6
B22路,夜34路,6
B24路,夜41路,6
B25路,夜50路,6
B25路,夜68路,6
B26路,B4B路,6
B28路,B31路,6
B28路,夜73路,6
B29路,B31路,6
B2A路,夜68路,6
B2路,夜15路,6
B2路,夜56路,6
B2路,夜89路,6
B2路,夜68路,6
B30路,夜49路,6
B31路,夜41路,6
B3路,夜68路,6
B5路,夜36路,6
B5路,夜68路,6
B7路快线,夜30路,6
B7路快线,夜70路,6
B8路,夜89路,6
B8路,大学城专线4路,6
B9路,夜29路,6
B9路,夜37路,6
B9路,夜45路,6
B9路,大学城专线3路,6
K201路,佛211路,6
九王庙临时接驳线内环,南沙62路,6
九王庙临时接驳线外环,南沙62路,6
九王庙临时接驳线外环,南沙24路,6
从10路,从7路,6
从10路,从化922路,6
从11路,从19路密石班车,6
从11路,从20路,6
从12路,从19路密石班车,6
从12路,从20路,6
从14路,从3路,6
从18路,从3路夜班,6
从18路,从4路,6
从19路,从3路,6
从19路密石班车,从3路,6
从19路密石班车,从905路,6
从1路东线,从5路,6
从1路东线,从夜1路,6
从1路东线,从夜3路,6
从1路西线,从20路,6
从1路西线,从4路,6
从1路西线,从4路快线,6
从1路西线,从5路长线,6
从1路西线,从化921路,6
从21路长线,从夜1路,6
从3路,从901路,6
从3路,从化921路,6
从3路夜班,从6路,6
从3路夜班,从6路支线,6
从3路夜班,从901路,6
从3路夜班,从902路,6
从4路,从6路,6
从4路,从6路支线,6
从4路,从902路,6
从4路快线,从901路,6
从5路,从7路,6
从5路长线,从901路,6
从7路,从夜1路,6
从803路,从806路,6
从806路,花84路,6
从905路,从化13路,6
佛202路,佛276路/佛276,6
佛211路,佛244B路,6
佛211路,佛263路短线,6
佛211路,佛278路,6
佛236路,广123路,6
佛236路,广260路,6
佛244路,沥17B路,6
佛244路,里07路,6
佛244路,里07路高峰线,6
佛244路,佛沥12高峰线,6
佛250路,广123路,6
佛250路,沥12B路,6
佛250路,佛279路,6
佛251路,广123路,6
佛251路,广260路,6
佛252路,广657路,6
佛252路,广夜91路,6
佛263路,广123路,6
佛263路,广260路,6
佛263路短线,广123路,6
佛263路短线,广260路,6
佛277路,广123路,6
佛277路,沥12B路,6
佛278路,广260路,6
佛279路,广286路,6
佛279路,沥12B路,6
佛沥18路,广132路,6
佛沥18路,广夜58路,6
佛沥18路,广123路,6
公交地铁接驳专线4路,番13路,6
公交地铁接驳专线4路,番25路,6
公交地铁接驳专线4路,番53路,6
公交地铁接驳专线4路,番91路,6
公交地铁接驳专线5路,夜28路,6
公交地铁接驳专线5路,番13路,6
公交地铁接驳专线5路,番188路,6
公交地铁接驳专线5路,番25路,6
公交地铁接驳专线5路,番91路,6
公交地铁接驳专线5路,夜88路,6
公交地铁接驳专线5路,番182路,6
公交地铁接驳专线7路,番188路,6
公交地铁接驳专线8路,番56路,6
公交地铁接驳专线8路,番186路,6
公交地铁接驳专线9路,番72路,6
南14路,南沙12路,6
南14路,番141路,6
南17路,南55路,6
南17路,南沙G4路,6
南1路B,南27路,6
南1路B,南夜4路,6
南27路,南沙32路,6
南28路,南沙9路团结围线,6
南28路,南沙9路缸瓦沙线,6
南34路,南36路,6
南35路,南沙38路,6
南35路,南52路,6
南36路,南52路,6
南36路,南沙38路,6
南39路,南45路,6
南39路,南沙65路,6
南39路,南沙67路,6
南41路,南45路,6
南45路,南沙33路,6
南45路,南沙68路,6
南45路,南沙49路,6
南45路,番142路,6
南46路,南47路,6
南50路,南52路,6
南51路,南57路,6
南52路,南沙70路,6
南52路,番11路,6
南53路,南沙18路,6
南53路,南沙63路A线,6
南53路,南沙63路B线,6
南53路,南沙W1A路,6
南53路,南沙G2路,6
南55路,南沙10路短线,6
南55路,南沙49路,6
南55路,南沙54路,6
南55路,南沙70路,6
南55路,番141路,6
南57路,南沙38路,6
南59路,南沙65路,6
南61路,南沙49路,6
南61路,南沙70路,6
南68路快线,南沙70路,6
南68路快线,番141路,6
南68路快线,番143路,6
南68路快线,番148路,6
南68路快线,番150B路,6
南68路快线,番150路,6
南夜1路,南沙夜1路,6
南夜4路,南沙49路,6
南夜4路,番141路,6
南沙10路短线,南沙12路,6
南沙10路短线,南沙G4路,6
南沙12路,南沙G2路,6
南沙12路,南沙W1A路,6
南沙12路,南沙W1B路,6
南沙12路,南沙G3路,6
南沙16路,南沙9路缸瓦沙线,6
南沙18路,南沙学1路,6
南沙18路,南沙1路,6
南沙24路,南沙5路,6
南沙24路,南沙学1路,6
南沙33路,南沙54路,6
南沙49路,南沙65路,6
南沙49路,南沙67路,6
南沙54路,番微公交3路,6
南沙58路,南沙65路,6
南沙61路短线（万科海上明月 ⇄ 黄阁中学）,南沙夜1路,6
南沙65路,番100路,6
南沙65路,番10路,6
南沙65路,番3路,6
南沙68路,番100路,6
南沙68路,番10路,6
南沙68路,番3路,6
南沙70路,番6路,6
南沙70路,番148路,6
南沙70路,番92路/番92路,6
南沙70路,番5路,6
南沙70路,番5路长线,6
地铁接驳10A线,番25路,6
增城10路,增城64路,6
增城11路,增城54路,6
增城11路,增城80路,6
增城11路,增城49路,6
增城12路,增城80路,6
增城13路,增城49路,6
增城13路,增城39路,6
增城14路,增城64路,6
增城14路,增城9路快线,6
增城14路,增城82路,6
增城15路,增城19路,6
增城16路,增城18路,6
增城16路,增城5路,6
增城16路,增城2路,6
增城16路,增城19路,6
增城17路,增城64路,6
增城19路,增城70路,6
增城1路,增城4路,6
增城21路,增城32路内环,6
增城21路,增城32路外环,6
增城21路,增夜6路,6
增城22路,增城9路,6
增城22路,增城39路,6
增城22路/增22路,增城39路,6
增城23路,增城26A路,6
增城24路,增城45路,6
增城25路,增城29路,6
增城26路,增城35路,6
增城26路,增城37路,6
增城26路,增城9路,6
增城28路,增城36路,6
增城28路,增城39路,6
增城2路,增城49路,6
增城30路,增城43路,6
增城30路,增城34路,6
增城30路,增城44路,6
增城31路,增城35路,6
增城31路,增夜4路,6
增城31路,增城45路,6
增城31路,增城35A路,6
增城32路内环,增夜6路,6
增城32路外环,增夜6路,6
增城34路,增城9A路/9A路快线,6
增城34路,增城38路,6
增城37路,增城44路,6
增城38路,增城46路,6
增城39路,增城45路,6
增城39路,增城64路,6
增城39路,增城9A路/9A路快线,6
增城3路,增城64路,6
增城3路,增城48路,6
增城40路,增城44路,6
增城44路,增城64路,6
增城47路,增城5路,6
增城47路,增城77路,6
增城48路,增城6路,6
增城48路,增城4路,6
增城49路,增城4路,6
增城4路,增城64路,6
增城50A路,增城50路,6
增城51路,增城52路,6
增城52路,增城54路,6
增城57路,莞76路,6
增城57路,增城76路,6
增城64路,增城65路,6
增城71路,科教城1路,6
增城75路,莞615路,6
增城82路,增城9路,6
夜102路,夜44路,6
夜102路,番56路,6
夜105路,夜88路,6
夜106路,花84路,6
夜107路,夜90路,6
夜112路,广789路,6
夜112路,广205路,6
夜113路,广281路,6
夜113路,广夜67路,6
夜114路,夜76路,6
夜119路,夜86路,6
夜11路,夜127路,6
夜120路,夜122路,6
夜128路,夜34路,6
夜128路,大学城专线1路,6
夜128路,大学城环线1路,6
夜129路,夜92路,6
夜129路,花1路（人和地铁站 ⇄ 广州北站西广场）,6
夜12路,夜8路,6
夜133路,番91路,6
夜135路,夜45路,6
夜135路,夜8路,6
夜135路,高峰快线74路,6
夜14路,夜56路,6
夜14路,夜89路,6
夜15路,夜89路,6
夜16路,夜96路,6
夜16路,夜33路,6
夜17路,夜43路,6
夜18路,夜21路,6
夜19路,夜43路,6
夜20路,夜66路,6
夜20路,夜70路,6
夜20路,大学城专线3路,6
夜22路,夜8路,6
夜22路,夜95路,6
夜22路,高速专线2路,6
夜23路,夜29路,6
夜24路,夜44路,6
夜24路,夜74路,6
夜24路,夜30路,6
夜24路,夜55路,6
夜25路,夜43路,6
夜26路,夜31路,6
夜26路,夜90路,6
夜2路,夜59路,6
夜34路,夜48路,6
夜34路,夜68路,6
夜35路,夜95路,6
夜35路,高峰快线21路,6
夜36路,夜89路,6
夜36路,广283路,6
夜36路,广283路班车,6
夜36路,大学城专线4路,6
夜37路,广123路,6
夜38路,夜53路,6
夜38路,夜43路,6
夜39路,夜5路,6
夜39路,夜6路,6
夜39路,夜72路,6
夜41路,夜43路,6
夜43路,夜48路,6
夜43路,夜9路,6
夜45路,夜79路,6
夜45路,夜93路,6
夜45路,广12路,6
夜45路,夜96路,6
夜4路,夜56路,6
夜4路,夜89路,6
夜53路,夜89路,6
夜53路,夜68路,6
夜56路,高峰快线74路,6
夜57路,夜98路,6
夜5路,夜69路,6
夜66路,旅游观光1线,6
夜66路,旅游公交3线,6
夜72路,广281路,6
夜72路,广夜67路,6
夜76路,广424路,6
夜77路,夜80路,6
夜81路,夜93路,6
夜87路,花73路,6
夜88路,番17路,6
夜88路,番17路长线,6
夜88路,番52路（广州南站总站 ⇄ 石碁文化广场总站）,6
夜88路,番89路,6
夜88路,番7路,6
夜92路,花18路,6
夜95路,夜99路,6
夜95路,广205路,6
夜96路,广276路,6
夜96路,广283路,6
夜96路,广283路班车,6
夜97路,高峰快线24路,6
夜99路,旅游公交2线,6
大学城专线1路,高峰快线21路,6
大学城专线2路,番202路旅游专线,6
大学城专线4路,大学城环线1路,6
大学城专线4路,番202路旅游专线,6
广123路,广286路,6
广123路,沥12路,6
广132路,广260路,6
广132路,广夜67路,6
广205路,旅游公交2线,6
广260路,广夜58路,6
广275路,桂09路,6
广275路,桂12路,6
广275路,桂21路,6
广275路,桂23路,6
广277路,广969路,6
广281路,广969路,6
广419路,沥17B路区间,6
广657路,里07路短线/佛里07路里广快线,6
广657路,里14,6
广657路,里14路,6
广657路,里17路,6
广969路,广夜67路,6
广969路,沥12B路,6
广969路,沥12路,6
广夜58路,广夜67路,6
广夜91路,里07路短线/佛里07路里广快线,6
广夜91路,里14,6
广夜91路,里14路,6
广夜91路,里17路,6
桂09路,桂23路,6
沥12B路,沥12路,6
番100路,番125路,6
番100路,番25路,6
番100路,番6路,6
番100路,番142路,6
番100路,番143路,6
番100路,番148路,6
番100路,番150路,6
番100路,番4路,6
番100路,番21B路,6
番108B路,番12路旅游专线,6
番108B路,番7路,6
番108B路,番4B路,6
番108路,番150B路,6
番108路,番21B路,6
番109B路,番109路,6
番109B路,番96路,6
番109B路,番97路,6
番109B路,番99路,6
番109B路,番夜5路,6
番109路,番25路,6
番10路,番163A路,6
番10路,番160路,6
番10路,番6路,6
番10路,番142路,6
番10路,番150B路,6
番10路,番150路,6
番10路,番4B路,6
番10路,番51路,6
番111路,番132路旅游专线,6
番111路,番126路,6
番111路,番93路短线,6
番11路,番1路,6
番11路,番96路,6
番11路,番21B路,6
番126路,番132路旅游专线,6
番126路,番128路,6
番128路,番76路,6
番129路,番27路,6
番129路,番4B路,6
番12路旅游专线,番2路,6
番130路,番68路,6
番131路,番132路旅游专线,6
番132路旅游专线,番92路/番92路,6
番132路旅游专线,番93路短线,6
番13路,番188路,6
番13路,番4B路,6
番13路,番21B路,6
番140路,番147路,6
番140路,番29路,6
番140路,番5路,6
番140路,番5路长线,6
番141路,番6路,6
番141路,番148路,6
番141路,番92路/番92路,6
番141路,番5路,6
番141路,番5路长线,6
番142路,番3路,6
番143路,番3路,6
番143路,番92路/番92路,6
番143路,番4B路,6
番143路,番52路（广州南站总站 ⇄ 石碁文化广场总站）,6
番143路,番89路,6
番143路,番163A路,6
番145路,番163A路,6
番145路,番187路,6
番145路,番181路,6
番146路,番183路,6
番146路,番188路,6
番146路,番163A路,6
番146路,番58路,6
番146路,番4路,6
番146路,番68路,6
番146路,番8路,6
番146路,番97路,6
番147路,番93路,6
番147路,番93路短线,6
番147路,番9路,6
番147路,番9路长线,6
番148路,番68路,6
番148路,番93路短线,6
番148路,番3路,6
番148路,番夜1路,6
番150B路,番3路,6
番150B路,番92路/番92路,6
番150B路,番15路,6
番150B路,番夜5路,6
番150B路,番1路,6
番150路,番3路,6
番150路,番8路,6
番150路,番91路,6
番150路,番92路/番92路,6
番150路,番165路,6
番150路,番2路,6
番15路,番5路,6
番15路,番5路长线,6
番15路,番1路,6
番15路,番30路,6
番160路,番28B路,6
番160路,番2路,6
番160路,番51路,6
番160路,番162路,6
番163A路,番165路,6
番163B路,番89路,6
番163B路,番58路,6
番165路,番68路,6
番165路,番91路,6
番165路,番97路,6
番165路,番1路,6
番16路,番1路,6
番16路,番68路,6
番16路,番7路,6
番16路,番4B路,6
番16路,番27路,6
番17路长线,番75路,6
番182路,番190路,6
番183路,番57路,6
番188路,番25路,6
番188路,番53路,6
番19路（傍雁路临时公交总站 ⇄ 雅居乐总站）,番68路,6
番19路（傍雁路临时公交总站 ⇄ 雅居乐总站）,番93路短线,6
番19路（傍雁路临时公交总站 ⇄ 雅居乐总站）,番19路（君华香柏华府 ⇄ 竹山总站）,6
番1路,番21B路,6
番1路,番20B路,6
番20B路,番27路,6
番20B路,番9路,6
番20B路,番9路长线,6
番21B路,番96路,6
番21B路,番97路,6
番21B路,番99路,6
番22B路,番68路,6
番27路,番67路旅游专线,6
番27路,番30路,6
番28B路,番81路,6
番29路,番68路,6
番29路,番9路,6
番29路,番9路长线,6
番2路,番5路,6
番2路,番5路长线,6
番2路,番97路,6
番2路,番33路,6
番30路,番56路,6
番30路,番75路,6
番4B路,番8路,6
番4B路,番9路长线,6
番4路,番6路,6
番51路,番68路,6
番51路,番99路,6
番53路,番56路,6
番56路,番58路,6
番59路,番76路,6
番61路,番76路,6
番62路,番76路,6
番68路,番93路短线,6
番71路,番75路,6
番81路,番83路,6
空港1路,空港2路公交短线,6
花105路,花75路,6
花105路,花9路,6
花10路,花17路联民村,6
花15路,花68路白坭班车,6
花15路,花68路短线,6
花15路,花2路,6
花15路,花88路,6
花16路,花18路,6
花16路,花19路,6
花17路联民村,花83B路,6
花18路,花62路,6
花18路,花63路,6
花18路,花63路短线,6
花18路,花68路,6
花18路,花68路白坭班车,6
花18路,花68路短线,6
花18路,花80路,6
花19路,花5路,6
花19路,花85路,6
花21路,花80路,6
花21路,花22路,6
花21路夜班,花80路,6
花21路夜班,花22路,6
花22路,花2路,6
花23路,花75路,6
花23路,花9路,6
花23路,花81路（三水大塘中心广场 ⇄ 广州北站）,6
花25路,花8路,6
花25路,花88路,6
花2路,花都113路,6
花30路,花81路（三水大塘中心广场 ⇄ 广州北站）,6
花31路,花8路,6
花32路,花84路,6
花32路,花85路,6
花39路短线,花68路短线,6
花63路,花73路,6
花63路,花75路,6
花63路,花8路,6
花63路,花83B路,6
花63路短线,花73路,6
花63路短线,花75路,6
花63路短线,花8路,6
花68路,花73路,6
花68路,花8路,6
花68路白坭班车,花73路,6
花68路白坭班车,花8路,6
花68路短线,花73路,6
花68路短线,花8路,6
花6路,花86路,6
花75A路,花75路,6
花75路,花8路,6
花7路,花8路,6
花80路,花都113路,6
花80路,花88路,6
花80路,花88路短线,6
花83路,花88路短线,6
花84路,高峰快线72路,6
101路,113路,5
101路,夜12路,5
102路,183路,5
102路,64路,5
102路,128路,5
102路,186路,5
102路,209路,5
102路,38路,5
102路,夜31路,5
102路,1路,5
102路,76路,5
102路,夜1路,5
102路,夜9路,5
102路,夜36路,5
102路,787路,5
104路,88路,5
104路,夜30路,5
104路,109路,5
104路,旅游公交1线,5
105路,256路,5
105路,58A路,5
105路,夜107路,5
105路,204路,5
105路,52路,5
105路,夜59路,5
105路,广260路,5
105路,15路,5
105路,7路,5
105路,662路,5
106路,夜36路,5
106路,124路,5
106路,31路,5
106路,夜7路,5
106路,215路,5
106路,夜21路,5
106路,208路,5
106路,64路,5
106路,佛202路,5
107路,183路,5
107路,109路,5
107路,128路,5
107路,夜31路,5
107路,旅游公交1线,5
107路,1路,5
107路,夜1路,5
107路,222路,5
107路,299路,5
107路,541路,5
107路,548路,5
107路,夜39路,5
107路,夜93路,5
108路,244路,5
108路,夜22路,5
108路,76路,5
108路,夜9路,5
108路,662路,5
108路,832路,5
108路,夜76路,5
108路,298路,5
108路,523A路,5
108路,523路,5
108路,807路,5
108路,759路环线,5
108路,夜114路,5
109路,夜26路,5
109路,133路,5
109路,193路,5
109路,250路,5
109路,夜27路,5
109路,广286路,5
109路,31路,5
10路,247路,5
10路,189路,5
10路,夜14路,5
10路,夜15路,5
10路,夜25路,5
10路,夜41路,5
10路,夜77路,5
10路,夜79路,5
10路,75路,5
10路,780路,5
10路,29路,5
110路,556路,5
110路,夜26路,5
110路,3路,5
110路,541路,5
110路,66路,5
110路,夜39路,5
110路,大学城专线4路,5
113路,B8路,5
113路,夜36路,5
113路,121A路,5
113路,58A路,5
113路,7路,5
113路,662路,5
114路,226路,5
114路,夜79路,5
114路,527路,5
114路,527路机电班车,5
114路,552路,5
114路,B3路,5
114路,夜120路,5
114路,夜16路,5
114路,夜19路,5
114路,广276路,5
114路,广283路,5
114路,广283路班车,5
114路,46路,5
114路,夜30路,5
11路,24路,5
11路,8路,5
11路,夜6路,5
11路,266路,5
11路,93路,5
11路,583路,5
11路,230路,5
11路,137路,5
121A路,16路,5
121A路,487路,5
121A路,24路,5
121A路,266路,5
121A路,204路,5
121A路,782A路,5
121A路,70路,5
121A路,74路,5
121A路,962路,5
121A路,411路,5
121路,182路,5
121路,24路,5
121路,B21路,5
121路,204路,5
121路,91路,5
122路,209路,5
122路,夜74路,5
122路,311路,5
122路,公交地铁接驳专线5路,5
122路,夜133路,5
122路,番186路,5
122路,88路,5
122路,964路,5
122路,B7路,5
122路,B7路快线,5
122路,夜101路,5
122路,夜30路,5
124路,24路,5
124路,284路,5
124路,38路,5
124路,244A路,5
124路,244路,5
124路,夜22路,5
124路,128路,5
124路,233路,5
124路,夜27路,5
124路,夜31路,5
125路,247路,5
125路,264路,5
125路,311路,5
125路,夜133路,5
125路,番186路,5
125路,番188路,5
125路,番91路,5
125路,194路,5
126路,280路,5
126路,425路,5
126路,831路,5
126路,929路,5
126路,夜22路,5
126路,982路,5
126路,36路,5
126路,810路,5
126路,夜76路,5
126路,76路,5
126路,夜74路,5
128路,193路,5
128路,233路,5
128路,250路,5
128路,夜27路,5
128路,广286路,5
128路,209路,5
128路,217路,5
128路,夜72路,5
128路,夜1路,5
129路,16路,5
129路,222路,5
129路,285路无轨电车短线,5
129路,93路,5
129路,51路,5
129路,公交地铁接驳专线4路,5
129路,番186路,5
129路,番30路,5
129路,番86路,5
129路,夜109路,5
129路,番182路,5
129路,番185路,5
129路,番56路,5
129路,263路,5
129路,44路,5
130路,813路,5
130路,189路,5
130路,252路,5
130路,37路,5
130路,B9路,5
130路,夜23路,5
130路,20路,5
130路,41路,5
130路,B17路,5
130路,250路,5
130路,夜135路,5
131A路,24路,5
131A路,247路,5
131A路,781路,5
131A路,89路,5
131B路,24路,5
131B路,989路,5
133路,233路,5
133路,52路,5
133路,夜59路,5
133路,广260路,5
133路,284路,5
133路,293路,5
133路,夜38路,5
133路,夜89路,5
133路,297路,5
134路,556路,5
134路,夜26路,5
134路,729路,5
136路,540路,5
136路,夜95路,5
136路,836路,5
136路,B6路,5
136路,B6路快线,5
136路,夜24路,5
136路,夜47路,5
137路,233路,5
137路,280路,5
137路,551路,5
137路,59路,5
137路,810路,5
137路,夜77路,5
137路,583路,5
137路,901A路,5
137路,239路,5
137路,28路,5
137路,564路,5
137路,夜100路,5
138路,302路,5
138路,547路,5
138路,545路,5
138路,669路,5
138路,44路,5
140路,583路,5
140路,901A路,5
14路,180路,5
14路,夜6路,5
14路,765路,5
14路,208路,5
14路,211路,5
14路,263路,5
14路,53路,5
14路,B9路,5
14路,夜23路,5
14路,夜24路,5
14路,夜43路,5
14路,303A路,5
14路,304路,5
14路,18路,5
15路,61路,5
16路,968路,5
16路,夜36路,5
16路,288路,5
16路,9路,5
16路,夜3路,5
16路,夜79路,5
16路,夜7路,5
16路,广123路,5
16路,222路,5
16路,551路,5
16路,59路,5
16路,B5路,5
16路,夜102路,5
16路,247路,5
16路,201路,5
16路,833路,5
175路,884路,5
175路,B16路,5
175路,36路,5
175路,795路,5
176路,夜12路,5
176路,夜87路,5
176路,662路,5
176路,428路,5
179路,181路,5
179路,189路,5
179路,273路,5
179路,38路,5
179路,80路,5
179路,975路,5
179路,B18路,5
179路,大学城专线1路,5
179路,210路,5
17路,729路,5
17路,539路,5
180路,190路,5
180路,823路,5
180路,273路,5
180路,960路,5
180路,530路,5
181路,189路,5
181路,199路,5
181路,298路,5
181路,32路,5
181路,46路,5
181路,540路,5
181路,63路,5
181路,210路,5
181路,夜7路,5
181路,238路,5
181路,217路,5
181路,410路,5
181路,787路,5
182路,211路,5
182路,夜16路,5
182路,186路,5
182路,273路,5
182路,284路,5
182路,519路,5
182路,夜107路,5
183路,544路,5
183路,夜32路,5
183路,夜8路,5
183路,209路,5
183路,夜74路,5
183路,225路,5
183路,811路,5
184路,247路,5
184路,297路,5
184路,夜4路,5
184路,194路,5
184路,229路,5
184路,广12路,5
184路,夜135路,5
184路,263路,5
184路,53路,5
184路,823路,5
184路,88路,5
184路,B9路,5
184路,夜23路,5
184路,夜24路,5
184路,夜30路,5
184路,夜43路,5
185路,7路,5
185路,975路,5
185路,夜12路,5
186路,190路,5
186路,530路,5
186路,256路,5
186路,217路,5
186路,夜72路,5
186路,208路,5
186路,57路,5
186路,夜1路,5
186路,旅游公交2线,5
186路,25路,5
188路,夜45路,5
189路,220路,5
189路,301A路,5
189路,6路,5
189路,833路,5
189路,夜14路,5
189路,夜25路,5
189路,夜41路,5
189路,夜5路,5
189路,夜77路,5
189路,夜88路,5
189路,76路,5
189路,夜108路,5
189路,24路,5
189路,257路,5
189路,273路,5
189路,284路,5
189路,298路,5
189路,32路,5
189路,38路,5
189路,46路,5
189路,540路,5
189路,高峰快线21路,5
189路,夜29路,5
189路,夜37路,5
18路,20路,5
18路,886路,5
18路,夜109路,5
18路,540路,5
18路,夜135路,5
18路,夜8路,5
18路,264A路,5
190路,810路,5
190路,夜135路,5
190路,208路,5
190路,263路,5
190路,夜24路,5
190路,夜43路,5
190路,706路,5
190路,706路早间短线,5
191路,220路,5
191路,245路,5
191路,B2路,5
191路,夜5路,5
191路,209路,5
191路,41路,5
191路,B17路,5
191路,夜53路,5
192路,287路,5
192路,542路,5
192路,546路,5
192路,夜93路,5
192路,222路,5
192路,551路,5
192路,59路,5
192路,78路,5
192路,199路,5
193路,夜31路,5
193路,旅游公交1线,5
193路,19路,5
193路,783路,5
193路,839路,5
193路,夜44路,5
193路,广281路,5
193路,广夜67路,5
193路,91路,5
194路,519路,5
194路,夜107路,5
194路,562路,5
194路,80路,5
194路,264路,5
194路,299路,5
194路,7路,5
194路,541路,5
194路,夜39路,5
194路,504路,5
194路,夜93路,5
195路,233路,5
195路,280路,5
195路,551路,5
195路,810路,5
195路,89路,5
195路,夜77路,5
195路,夜17路,5
195路,211路,5
195路,88路,5
195路,964路,5
195路,B7路,5
195路,B7路快线,5
195路,夜30路,5
198路,夜21路,5
198路,274路,5
198路,538路,5
198路,803路,5
199路,273路,5
199路,38路,5
199路,547路,5
199路,223路,5
199路,大学城专线1路,5
199路,210路,5
199路,759路环线,5
19路,64路,5
19路,812路,5
19路,207路,5
19路,525路,5
19路,769路/769路快线,5
19路,770路,5
19路,91路,5
19路,411路,5
19路,57路,5
19路,75路,5
19路,广281路,5
19路,广夜67路,5
1路,411路,5
1路,782路,5
1路,812路,5
1路,243路,5
1路,夜27路,5
1路,夜40路,5
1路,夜9路,5
1路,222路,5
201路,夜69路,5
201路,833路,5
201路,夜5路,5
204路,225路,5
204路,夜42路,5
204路,夜27路,5
204路,80路,5
206路,780路,5
206路,208路,5
206路,211路,5
206路,263路,5
206路,823路,5
206路,88路,5
206路,夜24路,5
206路,夜30路,5
206路,夜43路,5
206路,411路,5
206路,75路,5
206路,783路,5
206路,839路,5
206路,广281路,5
206路,广夜67路,5
207路,61路,5
207路,夜127路,5
207路,783路,5
207路,夜44路,5
207路,55路,5
207路,670路,5
208路,247路,5
208路,夜33路,5
208路,552路,5
208路,夜113路,5
208路,226路,5
208路,263路,5
208路,270路,5
208路,53路,5
208路,69路,5
208路,B9路,5
208路,夜23路,5
208路,夜24路,5
208路,夜29路,5
208路,夜43路,5
208路,夜45路,5
208路,夜8路,5
208路,大学城专线3路,5
209路,夜28路,5
209路,夜74路,5
209路,64路,5
209路,夜33路,5
209路,38路,5
209路,夜31路,5
209路,518路,5
209路,B4路,5
209路,广283路班车,5
209路,552路,5
209路,57路,5
209路,夜113路,5
209路,夜37路,5
20路,45路,5
20路,夜56路,5
20路,775路,5
20路,高峰快线32路,5
210路,265路,5
210路,273路,5
210路,38路,5
210路,298路,5
210路,540路,5
210路,B18路快线,5
210路,46路,5
210路,63路,5
210路,503路,5
210路,508路,5
210路,776路,5
210路,大学城专线2路,5
210路,377路,5
211路,24路,5
211路,460路,5
211路,夜6路,5
211路,公交地铁接驳专线4路,5
211路,公交地铁接驳专线5路,5
211路,番188路,5
211路,230路,5
211路,301A路,5
211路,51路,5
211路,562路,5
211路,964路,5
211路,B7路,5
211路,B7路快线,5
211路,夜101路,5
211路,夜34路,5
211路,226路,5
211路,250路,5
211路,263路,5
211路,270路,5
211路,53路,5
211路,69路,5
211路,B9路,5
211路,夜23路,5
211路,夜24路,5
211路,夜29路,5
211路,夜37路,5
211路,夜43路,5
211路,夜45路,5
211路,大学城专线3路,5
211路,769路/769路快线,5
214路,B20路,5
214路,266路,5
214路,503路,5
214路,776路,5
214路,大学城专线2路,5
214路,567路,5
214路,566路,5
214路,夜134路,5
215路,7路,5
215路,229路,5
215路,261路,5
215路,29路,5
215路,B3路,5
215路,夜120路,5
215路,夜19路,5
215路,广276路,5
215路,广283路,5
215路,广283路班车,5
215路,729路,5
217路,31路,5
217路,38路,5
217路,556路,5
217路,夜26路,5
217路,夜31路,5
217路,夜7路,5
217路,57路,5
217路,222路,5
217路,525路,5
217路,夜103路,5
217路,广565路,5
218路,B17路,5
218路,高峰快线32路,5
218路,B10路,5
218路,夜18路,5
218路,夜35路,5
218路,901A路,5
218路,44路,5
218路,28路,5
21路,244路,5
21路,夜22路,5
21路,662路,5
21路,251路,5
21路,978路,5
21路,夜63路,5
21路,259路,5
220路,233路,5
220路,夜14路,5
220路,夜15路,5
220路,夜25路,5
220路,夜41路,5
220路,夜4路,5
220路,夜56路,5
220路,夜77路,5
220路,夜89路,5
220路,544路,5
220路,521路,5
220路,813路,5
220路,夜3路,5
220路,285路,5
220路,夜24路,5
220路,59路,5
221路,299路,5
221路,44路,5
221路,79路,5
221路,287路,5
221路,5路,5
221路,836路,5
221路,987路,5
221路,542路,5
221路,247路,5
221路,285路无轨电车短线,5
221路,223路,5
222路,93路,5
222路,B5路,5
222路,243路,5
222路,夜27路,5
222路,夜40路,5
222路,夜9路,5
222路,225路,5
222路,夜1路,5
223路,63路,5
223路,706路,5
223路,265路,5
223路,841路,5
225路,247路,5
225路,862路,5
225路,886路,5
225路,B2路,5
225路,夜105路,5
225路,266路,5
225路,40路,5
225路,44路,5
225路,811路,5
225路,486路,5
225路,夜59路,5
226路,288路,5
226路,521路,5
226路,夜3路,5
226路,夜79路,5
226路,244A路,5
226路,244路,5
226路,夜22路,5
226路,541路,5
226路,夜39路,5
226路,93路,5
226路,263路,5
226路,264路,5
226路,823路,5
226路,88路,5
226路,夜24路,5
226路,夜30路,5
226路,夜43路,5
229路,夜16路,5
229路,夜21路,5
229路,广高峰快线30路,5
229路,46路,5
230路,45路,5
230路,583路,5
230路,78路,5
230路,夜53路,5
230路,夜89路,5
230路,88路,5
230路,B7路,5
230路,夜101路,5
230路,469路,5
230路,31路,5
230路,夜7路,5
233路,245路,5
233路,6路,5
233路,B2A路,5
233路,夜5路,5
233路,61路,5
233路,夜127路,5
233路,夜31路,5
236路,91路,5
236路,56路,5
236路,74路,5
236路,84A路,5
236路,411路,5
236路,783路,5
236路,839路,5
236路,夜44路,5
236路,广281路,5
236路,广夜67路,5
238路,518路,5
238路,夜120路,5
238路,广260路,5
241路,46路,5
241路,32路,5
241路,B18路,5
243路,963路,5
243路,B5路,5
243路,夜1路,5
243路,40路,5
243路,44路,5
243路,540路,5
243路,583路,5
243路,901A路,5
244A路,B8路,5
244A路,夜45路,5
244A路,夜93路,5
244A路,298路,5
244A路,32路,5
244A路,810路,5
244A路,夜35路,5
244路,B8路,5
244路,夜45路,5
244路,夜93路,5
244路,38路,5
244路,519路,5
244路,555路,5
244路,759路环线,5
244路,742路,5
244路,982路,5
244路,夜9路,5
244路,245路,5
244路,274路,5
244路,522路,5
244路,523A路,5
245路,546路,5
245路,547路,5
245路,280路,5
245路,810路,5
245路,夜25路,5
245路,夜41路,5
245路,夜77路,5
245路,529路,5
245路,66路,5
245路,76A路,5
245路,76路,5
245路,B22路,5
245路,504路,5
245路,265路,5
246路,508路,5
246路,841路,5
246路,791路,5
246路,862路,5
247路,546路,5
247路,63路,5
247路,夜15路,5
247路,36路,5
247路,548路,5
247路,305路,5
247路,836路,5
247路,88路,5
247路,夜30路,5
247路,夜33路,5
247路,264路,5
247路,767路,5
24路,夜42路,5
24路,夜16路,5
24路,767路,5
24路,519路,5
24路,夜107路,5
250路,B8路,5
250路,5路,5
250路,29路,5
250路,夜31路,5
250路,旅游公交1线,5
250路,夜6路,5
250路,264A路,5
250路,93路,5
250路,263路,5
250路,夜24路,5
250路,夜43路,5
251路,夜107路,5
251路,夜105路,5
251路,夜94路,5
251路,夜79路,5
251路,530路,5
251路,665路,5
252路,夜108路,5
252路,264A路,5
252路,夜29路,5
252路,夜37路,5
252路,765路,5
252路,303A路,5
252路,304路,5
253路,273路,5
253路,305路,5
253路,46路,5
254路,742路,5
256路,555路,5
256路,38路,5
256路,7路,5
256路,夜8路,5
257路,265路,5
257路,503路,5
257路,89路,5
257路,夜70路,5
257路,大学城专线1路,5
259路,夜22路,5
259路,522路,5
259路,523A路,5
259路,523路,5
259路,58A路,5
259路,706路,5
259路,706路早间短线,5
259路,807路,5
259路,63路,5
259路,7路,5
25路,夜22路,5
25路,555路,5
25路,夜99路,5
25路,广205路,5
25路,55路,5
25路,广123路,5
261路,夜21路,5
261路,广12路,5
261路,夜95路,5
261路,540路,5
261路,583路,5
261路,901A路,5
261路,44路,5
261路,28路,5
261路,B24路,5
262路,564路,5
262路,夜100路,5
263路,551路,5
263路,59路,5
263路,夜17路,5
263路,836路,5
263路,273路,5
263路,287路,5
263路,35路,5
263路,5路,5
263路,70路,5
263路,夜102路,5
263路,夜4路,5
263路,264路,5
263路,270路,5
263路,69路,5
263路,823路,5
263路,88路,5
263路,夜29路,5
263路,夜30路,5
263路,夜37路,5
263路,夜45路,5
263路,夜8路,5
263路,大学城专线3路,5
264A路,270路,5
264A路,468路,5
264A路,夜29路,5
264A路,夜37路,5
264路,广12路,5
264路,53路,5
264路,69路,5
264路,B9路,5
264路,夜23路,5
264路,夜24路,5
264路,夜29路,5
264路,夜37路,5
264路,夜43路,5
264路,夜45路,5
264路,高峰快线74路,5
265路,58路,5
265路,高峰快线21路,5
265路,528路,5
265路,268路,5
265路,832路,5
265路,夜95路,5
265路,32路,5
265路,540路,5
265路,B18路,5
266路,548路,5
266路,夜42路,5
266路,旅游公交2线,5
266路,旅游观光1线,5
266路,363路,5
266路,B19路,5
268路,55路,5
268路,66路,5
268路,36路,5
268路,539路,5
268路,759路环线,5
268路,841路,5
268路,夜12路,5
268路,高峰快线80路,5
268路,522路,5
268路,807路,5
268路,高速专线2路,5
270路,765路,5
270路,823路,5
270路,88路,5
270路,夜24路,5
270路,夜30路,5
270路,夜43路,5
270路,303A路,5
270路,304路,5
270路,夜33路,5
271路,夜107路,5
271路,63路,5
271路,7路,5
271路,975路,5
271路,夜77路,5
271路,32路,5
271路,475路,5
271路,58A路,5
271路,58路,5
271路,556路,5
271路,夜26路,5
273路,B8路,5
273路,大学城专线3路,5
273路,29路,5
273路,284路,5
273路,298路,5
273路,32路,5
273路,46路,5
273路,540路,5
273路,63路,5
273路,夜40路,5
273路,58路,5
273路,广276路,5
274路,46路,5
274路,高峰快线80路,5
274路,523A路,5
274路,夜87路,5
274路,662路,5
278路,545路,5
278路,63路,5
278路,886路,5
278路,夜14路,5
278路,夜15路,5
278路,夜25路,5
278路,夜41路,5
278路,夜107路,5
278路,662路,5
278路,58A路,5
278路,58路,5
27路,夜5路,5
27路,78路,5
280路,841路,5
280路,夜121路,5
280路,夜90路,5
280路,519路,5
280路,524路,5
280路,523A路,5
284路,886路,5
284路,夜22路,5
284路,B3路,5
284路,夜19路,5
284路,517路,5
284路,583路,5
284路,B22路,5
285路,527路,5
285路,527路机电班车,5
285路,夜120路,5
285路,夜55路,5
285路,夜102路,5
285路,夜45路,5
285路,70路,5
285路,夜103路,5
285路,广565路,5
285路,63路,5
285路,商务专线4路,5
285路无轨电车短线,299路,5
285路无轨电车短线,551路,5
285路无轨电车短线,59路,5
285路无轨电车短线,B5路,5
285路无轨电车短线,63路,5
287路,广276路,5
288路,963路,5
288路,29路,5
288路,562路,5
288路,番186路,5
288路,552路,5
288路,番125路,5
28路,40路,5
28路,517路,5
28路,518路,5
28路,53路,5
28路,548路,5
28路,562路,5
28路,B15路,5
28路,夜13路,5
28路,582路,5
28路,582路班车,5
28路,夜101路,5
290路,广12路,5
290路,广夜54路,5
290路,830路,5
293路,B3路,5
293路,夜19路,5
293路,777路,5
297路,518路,5
297路,80路,5
297路,广283路,5
297路,广283路班车,5
297路,56路,5
297路,74路,5
297路,30路,5
297路,39路,5
297路,84A路,5
297路,884路,5
297路,B12路,5
297路,夜10路,5
297路,夜71路,5
298路,38路,5
298路,560路,5
298路,B11路,5
298路,夜107路,5
298路,528路,5
299路,夜102路,5
299路,夜9路,5
299路,517路,5
299路,540路,5
299路,583路,5
299路,B22路,5
29路,91路,5
29路,82路,5
29路,夜33路,5
29路,夜36路,5
29路,552路,5
29路,夜21路,5
29路,广12路,5
29路,469路,5
2路,6路,5
2路,823路,5
2路,82路,5
2路,夜26路,5
2路,夜33路,5
2路,80路,5
301A路,88路,5
301A路,964路,5
301A路,B7路,5
301A路,B7路快线,5
301A路,夜101路,5
301A路,夜30路,5
301A路,823路,5
301A路,309路,5
301A路,番53路,5
301A路,518路,5
301A路,商务专线3路,5
301路,562路,5
301路,番186路,5
301路,番16路,5
301路,番4路,5
301路,番12路旅游专线,5
301路,番2路,5
301路,番21B路,5
302A路,45路,5
302A路,B19路,5
302A路,夜102路,5
302A路,番58路,5
302A路,304路,5
302路,B19路,5
302路,番17路,5
302路,504路,5
302路,547路,5
302路,番165路,5
303A路,765路,5
303A路,番163B路,5
303A路,夜88路,5
303A路,468路,5
303A路,夜135路,5
303A路,夜20路,5
303A路,夜8路,5
303A路,高峰快线74路,5
303路,521路,5
303路,813路,5
303路,51路,5
303路,公交地铁接驳专线4路,5
303路,番186路,5
303路,番182路,5
303路,番185路,5
303路,番56路,5
303路,989路,5
303路,番7路,5
303路,番165路,5
304路,90路,5
304路,番182路,5
304路,468路,5
304路,夜8路,5
304路,高峰快线74路,5
304路,番187路,5
304路,496路,5
304路,506路,5
304路,547路,5
305路,公交地铁接驳专线5路,5
305路,番188路,5
305路,番53路,5
305路,964路,5
305路,B7路,5
305路,B7路快线,5
305路,夜101路,5
305路,广12路,5
307路/佛307路,312路（沙坑牌坊站 ⇄ 顺德客运总站）,5
307路/佛307路,佛314路,5
309路,562路,5
309路,夜20路,5
309路,夜61路,5
309路,番186路,5
309路,57路,5
309路,夜44路,5
309路,546路,5
30路,46路,5
30路,54路,5
30路,B11路,5
30路,492路,5
30路,497A路,5
310路,769路/769路快线,5
310路,番143路,5
310路,番165路,5
310路,公交地铁接驳专线8路,5
310路高峰短线,769路/769路快线,5
311路,夜20路,5
311路,769路/769路快线,5
312路（滘口汽车站总站 ⇄ 祈福新邨总站）,812路,5
312路（滘口汽车站总站 ⇄ 祈福新邨总站）,411路,5
312路（滘口汽车站总站 ⇄ 祈福新邨总站）,57路,5
312路（滘口汽车站总站 ⇄ 祈福新邨总站）,75路,5
312路（滘口汽车站总站 ⇄ 祈福新邨总站）,783路,5
312路（滘口汽车站总站 ⇄ 祈福新邨总站）,839路,5
312路（滘口汽车站总站 ⇄ 祈福新邨总站）,夜44路,5
312路（滘口汽车站总站 ⇄ 祈福新邨总站）,广281路,5
312路（滘口汽车站总站 ⇄ 祈福新邨总站）,广夜67路,5
312路（滘口汽车站总站 ⇄ 祈福新邨总站）,番100路,5
31路,夜79路,5
31路,广123路,5
31路,487路,5
31路,995路,5
31路,夜72路,5
31路,夜16路,5
31路,469路,5
320路,432A路,5
320路,B26路,5
320路,夜46路,5
320路,438路,5
320路,高峰快线32路,5
321路,397路,5
321路,516路,5
321路,566路,5
321路,569路,5
321路,572路,5
321路,B31路,5
321路,夜49路,5
321路,夜57路,5
321路,夜73路,5
321路,439路,5
321路,454路环线,5
321路,367路,5
321路,336路,5
323路,324路,5
323路,355路,5
324路,438路,5
324路,573路快线,5
324路,347路,5
325路,336路,5
326路,B29路,5
326路,338路,5
326路,459路,5
326路,B24路,5
326路,夜97路,5
327A路,396路,5
327A路,366路,5
327A路,371路,5
327A路,B31路,5
327A路,948路,5
327A路,367路,5
327A路,391路,5
327A路,337路,5
327路,328路,5
328路,333路,5
328路,345A路,5
328路,396路,5
328路,夜60路,5
329路,432A路,5
329路,B30路,5
32路,38路,5
32路,841路,5
32路,78A路,5
32路,B11路,5
32路,560路,5
32路,523A路,5
32路,662路,5
32路,夜122路,5
32路,广424路,5
32路,大学城专线1路,5
32路,538路,5
32路,夜94路,5
32路,752路,5
330A路,455路,5
332路,387路,5
334路,569路,5
334路,夜49路,5
334路,349路,5
334路,573路快线,5
335路,340路,5
335路,夜52路,5
336路,367路,5
336路,339路,5
336路,494路,5
336路,581路,5
336路,科学城3号交通专线/K3路,5
337路,941路,5
337路,943路,5
337路,夜104路,5
337路,夜51路,5
337路,450路,5
338路,367路,5
338路,高峰快线24路,5
338路,339路,5
339路,349路,5
339路,573路快线,5
339路,347路,5
339路,459路,5
340路,388路,5
340路,349路,5
341路,夜60路,5
341路,394路,5
343路,夜131路,5
344路,348路,5
344路,360路,5
344路,347路,5
344路,459路,5
345A路,夜68路,5
345A路,901路,5
345路,945路,5
345路,946路,5
345路,534路,5
346路,494路,5
347路,B29路,5
347路,355路,5
347路,943路,5
347路,夜104路,5
347路,516路,5
348路,403路,5
349路,367路,5
349路,459路,5
349路,579路,5
349路,945路,5
34路,38路,5
34路,832路,5
34路,538路,5
352A路,370路,5
354路,396A路环线,5
355路,438路,5
355路,497路,5
355路,夜53路,5
358路,366路,5
358路,371路,5
35路,541路,5
35路,夜16路,5
35路,夜39路,5
35路,广276路,5
35路,夜43路,5
35路,361路,5
360路,943路,5
360路,B26路,5
360路,B29路,5
360路,夜46路,5
361路,997路,5
361路,夜128路,5
363路,503路,5
363路,776路,5
363路,大学城专线2路,5
363路,莞619路,5
364路,581路,5
364路,B24路,5
364路,夜97路,5
365路,B31路,5
365路,393路,5
366路,575路,5
366路,B31路,5
367路,459路,5
367路,393路,5
367路,397路,5
367路,391A路,5
367路,夜104路,5
36路,76A路,5
36路,80路,5
36路,夜16路,5
36路,夜114路,5
36路,742路,5
36路,832路,5
36路,夜95路,5
36路,547路,5
36路,795路,5
370路,增城71路,5
371路,夜49路,5
371路,373路,5
371路,B4A路,5
372路,388路,5
372路,567路,5
372路,夜57路,5
372路,566路,5
372路,夜134路,5
373路,夜52路,5
373路,941路,5
373路,B24路,5
375路,393路,5
375路,397路,5
379路,增城23路,5
379路,增城26路,5
379路,增城28路,5
379路,增城32路内环,5
379路,增城35路,5
379路,增夜4路,5
379路,莞615路,5
379路,夜60路,5
37路,夜108路,5
37路,468路,5
37路,夜56路,5
383路,大学城专线3路,5
383路,番202路旅游专线,5
383路,长洲岛1号线,5
387路,番201路,5
387路,番202路旅游专线,5
388路,516路,5
388路,571B路,5
388路,571路,5
388路,572路,5
388路,B30路,5
388路,B31路,5
388路,夜73路,5
388路,393路,5
388路,506路,5
388路,夜104路,5
38路,46路,5
38路,540路,5
38路,63路,5
38路,夜72路,5
38路,夜16路,5
38路,529路,5
38路,518路,5
390路,943路,5
390路,B29路,5
390路,夜46路,5
390路,403路,5
390路,495路,5
391A路,506路,5
391A路,943路,5
391A路,夜104路,5
391A路,946路,5
391路,575路,5
391路,B4A路,5
391路,494路,5
391路,581路,5
391路,564路,5
391路,夜100路,5
392路,944路,5
393路,B24路,5
396路,946路,5
397路,516路,5
39路,46路,5
39路,884路,5
3路,B8路,5
3路,夜36路,5
408A路,547路,5
408A路,40路,5
40路,777路,5
40路,901A路,5
40路,541路,5
40路,夜39路,5
40路,夜40路,5
40路,564路,5
40路,773路,5
40路,夜100路,5
40路/南40路,南45路,5
40路/南40路,南沙65路,5
40路/南40路,南沙67路,5
40路/南40路,南56路,5
40路/南40路,南17路,5
410路,769路/769路快线,5
410路,广277路,5
411路,广419路,5
411路,780路,5
411路,52路,5
411路,57路,5
411路,783路,5
411路,夜11路,5
411路,夜29路,5
411路,夜44路,5
411路,夜69路,5
411路,广281路,5
411路,广夜67路,5
416路,783路,5
417路,995路,5
417路,广277路,5
41路,775路,5
41路,高峰快线32路,5
420路,夜114路,5
425路,夜90路,5
425路,539路,5
425路,665路,5
425路,743路,5
425路,793路,5
427路,753路,5
42路,广478路,5
42路,7路,5
430路,长洲岛2号线,5
431路,432路,5
431路,广369路,5
431路,432A路,5
431路,B24路,5
431路,高峰快线24路,5
432A路,943路,5
432A路,B14路,5
432路,459路,5
434路,夜73路,5
438路,夜104路,5
438路,459路,5
439路,450路,5
439路,572路,5
439路,946路,5
439路,夜73路,5
442路,443路,5
442路,534路,5
443路,534路,5
443路,444路,5
443路,458路,5
444路,458路,5
445路环线,广277路,5
446路,夜52路,5
448路,903路,5
448路,494路,5
44路,813路,5
44路,551路,5
44路,59路,5
44路,541路,5
44路,夜39路,5
44路,夜40路,5
44路,517路,5
44路,562路,5
44路,B15路,5
44路,B22路,5
44路,夜13路,5
44路,771路,5
450路,572路,5
450路,夜73路,5
450路,579路,5
453A路,516路,5
453A路,573路快线,5
453路环线,516路,5
459路,B29路,5
459路,夜46路,5
459路,940路,5
45路,765路,5
45路,夜109路,5
468路,夜66路,5
468路,夜29路,5
468路,夜37路,5
468路,582路,5
468路,582路班车,5
469路,夜7路,5
46路,夜30路,5
46路,538路,5
46路,B18路,5
46路,大学城专线1路,5
46路,84A路,5
46路,884路,5
46路,B12路,5
46路,夜10路,5
46路,夜71路,5
470路,981路,5
471路,夜74路,5
472路,723路,5
473路,733路,5
473路,727路,5
474路,509路,5
474路,523路,5
474路,654路,5
474路,843路,5
474路,977路,5
474路,522路,5
474路,703路,5
474路,829路,5
474路,夜87路,5
475路,夜122路,5
475路,广424路,5
475路,夜105路,5
475路,夜77路,5
477路,广424路,5
479路,661路,5
486路,62路,5
487路,552路,5
487路,782路,5
488路,767路,5
489路,夜3路,5
489路,夜7路,5
489路,811路,5
494路,夜81路,5
494路,774路,5
494路,903路,5
494路,B4路,5
494路,夜38路,5
494路,夜53路,5
495路,517路,5
495路,夜97路,5
495路,581路,5
495路,945路,5
496路,503路,5
496路,813路,5
496路,773路,5
497路,夜81路,5
497路,548路,5
497路,夜53路,5
498路,581路,5
498路,772路,5
498路,773路,5
499路,777路,5
4路,556路,5
4路,8路,5
4路,夜26路,5
4路,夜6路,5
502路,541路,5
502路,夜39路,5
503路,564路,5
503路,夜100路,5
503路,夜70路,5
503路,高峰快线21路,5
503路,大学城专线1路,5
503路,518路,5
503路,562路,5
503路,506路,5
503路,547路,5
503路,B14路,5
503路,夜43路,5
504路,B16路,5
504路,大学城专线4路,5
504路,B22路,5
504路,758路,5
504路,976路,5
504路,985路,5
506路,813路,5
506路,564路,5
506路,夜100路,5
506路,945路,5
506路,566路,5
508路,高峰快线24路,5
508路,776路,5
508路,813路,5
508路,548路,5
509路,978路,5
509路,夜63路,5
509路,510路,5
509路,528路,5
509路,711路,5
509路,804路,5
509路,970路,5
509路,夜85路,5
509路,652路,5
509路,713路,5
510路,807A路,5
510路,夜35路,5
510路,夜75路,5
510路,高速专线2路,5
510路,665路,5
510路,756路,5
510路,986路,5
510路,701路,5
510路,707路,5
510路,715路,5
510路,夜129路,5
516路,940路,5
516路,575路,5
517路,545路,5
517路,542路,5
517路,B8路,5
517路,夜36路,5
517路,夜35路,5
517路,901A路,5
517路,943路,5
517路,B29路,5
518路,74路,5
518路,530路,5
518路,552路,5
518路,540路,5
518路,583路,5
518路,901A路,5
518路,商务专线3路,5
519路,夜16路,5
519路,夜8路,5
519路,742路,5
519路,524路,5
519路,662路,5
51路,88路,5
51路,964路,5
51路,B7路,5
51路,B7路快线,5
51路,夜101路,5
51路,夜20路,5
51路,夜30路,5
51路,番146路,5
51路,番17路,5
51路,番182路,5
521路,552路,5
521路,夜21路,5
522路,夜22路,5
522路,夜35路,5
522路,广424路,5
522路,高速专线2路,5
522路,759路环线,5
522路,528路,5
522路,750路,5
522路,825路,5
522路,652路,5
522路,843路,5
523A路,807A路,5
523A路,810路,5
523A路,夜107路,5
523A路,夜22路,5
523A路,夜77路,5
523A路,夜105路,5
523A路,夜87路,5
523A路,706路,5
523A路,706路早间短线,5
523A路,840路,5
523A路,984路,5
523A路,夜80路,5
523路,807A路,5
523路,886路,5
523路,夜105路,5
523路,夜75路,5
523路,706路,5
523路,970路,5
523路,984路,5
523路,夜85路,5
523路,654路,5
523路快线,837路,5
524路,夜107路,5
524路,夜22路,5
524路,夜90路,5
524路,夜76路,5
524路,80路,5
524路,757路,5
525路,沥17B路,5
525路,沥17B路区间,5
525路,71路,5
525路,佛232路,5
525路,桂23路,5
525路,广275路,5
525路,桂12路,5
525路,桂21路,5
527路,B8路,5
527路,91路,5
527路,5路,5
527路,731路环线,5
527路,63路,5
527路,7路,5
527路机电班车,B8路,5
527路机电班车,91路,5
527路机电班车,5路,5
528路,662路,5
528路,807路,5
528路,886路,5
528路,665路,5
528路,756路,5
529路,803路,5
529路,864路,5
529路,B18路快线,5
529路,广424路,5
52路,812路,5
52路,夜72路,5
52路,夜127路,5
52路,57路,5
52路,75路,5
52路,广281路,5
52路,广夜67路,5
530路,夜93路,5
530路,夜95路,5
530路,546路,5
530路,551路,5
530路,夜32路,5
538路,高峰快线80路,5
538路,夜37路,5
538路,夜87路,5
538路,662路,5
538路,58A路,5
538路,58路,5
539路,730路,5
539路,840路,5
539路,夜22路,5
539路,794路,5
539路,夜95路,5
539路,夜9路,5
539路,665路,5
539路,975路,5
539路,夜21路,5
539路,夜2路,5
539路,667路,5
539路,63路,5
539路,7路,5
539路,671路,5
539路,924路,5
539路,夜62路,5
53路,540路,5
53路,583路,5
53路,901A路,5
53路,823路,5
53路,88路,5
53路,夜30路,5
53路,夜8路,5
540路,夜77路,5
540路,547路,5
540路,夜12路,5
540路,541路,5
540路,548路,5
540路,562路,5
540路,B15路,5
540路,B22路,5
540路,B8路,5
540路,夜13路,5
540路,夜18路,5
540路,夜27路,5
540路,夜36路,5
540路,夜39路,5
540路,夜93路,5
540路,B18路,5
540路,夜87路,5
540路,662路,5
540路,夜94路,5
541路,夜9路,5
541路,813路,5
541路,583路,5
542路,广283路,5
542路,广283路班车,5
542路,B22路,5
542路,大学城专线4路,5
544路,82路,5
544路,夜33路,5
545路,广高峰快线30路,5
545路,大学城专线4路,5
545路,80路,5
546路,76A路,5
547路,6路,5
547路,78路,5
547路,583路,5
547路,夜18路,5
547路,夜35路,5
547路,夜36路,5
547路,66路,5
547路,864路,5
547路,夜9路,5
548路,551路,5
548路,59路,5
548路,B5路,5
548路,583路,5
548路,901A路,5
548路,903路,5
548路,B26路,5
548路,B4路,5
548路,夜38路,5
548路,夜51路,5
54路,夜36路,5
54路,84A路,5
54路,84路,5
54路,884路,5
54路,B12路,5
54路,夜71路,5
550路,764路,5
550路,B15路,5
550路,夜13路,5
551路,夜17路,5
551路,夜93路,5
551路,夜9路,5
552路,782路,5
552路,782A路,5
552路,旅游公交2线,5
552路,夜3路,5
552路,夜45路,5
552路,75路,5
555路,广260路,5
555路,广275路,5
555路,662路,5
555路,759路环线,5
555路,夜114路,5
556路,夜72路,5
556路,841路,5
556路,7路,5
556路,662路,5
556路,832路,5
556路,夜76路,5
556路,夜94路,5
55路,夜30路,5
55路,夜16路,5
55路,夜45路,5
55路,广12路,5
55路,广276路,5
55路,广283路,5
55路,广283路班车,5
55路,57路,5
55路,75路,5
55路,广281路,5
55路,广夜67路,5
55路,830路,5
562路,88路,5
562路,964路,5
562路,夜101路,5
562路,夜30路,5
562路,B21路,5
562路,番13路,5
562路,番25路,5
562路,番53路,5
562路,番91路,5
562路,583路,5
562路,901A路,5
563路,834路,5
563路,夜9路,5
563路,76路,5
563路,B18路,5
563路,799路,5
564A路,B22路,5
564A路,夜81路,5
564路,762路,5
564路,旅游观光1线,5
564路,775路,5
564路,B22路,5
564路,901路,5
566路,571B路,5
566路,571路,5
566路,B30路,5
567路,571路,5
567路,B30路,5
567路,B31路,5
567路,夜73路,5
567路,575路,5
569路,571A路,5
569路,943路,5
569路,夜104路,5
569路,夜51路,5
56路,58路,5
56路,夜5路,5
571A路,增城28路,5
571A路,莞615路,5
571A路,B31路,5
571A路,夜104路,5
571B路,夜134路,5
571B路,莞615路,5
571路,夜57路,5
571路,夜134路,5
571路,增城23路,5
571路,增城26路,5
571路,增城38路,5
572路,579路,5
572路,940路,5
573路,943路,5
573路,夜93路,5
573路,B4A路,5
575路,B28路,5
575路,夜41路,5
579路,夜57路,5
579路,夜73路,5
57路,783路,5
57路,839路,5
57路,990路,5
57路,夜11路,5
57路,夜44路,5
581路,B4A路,5
581路,高峰快线32路,5
582路,B7路,5
582路,776路,5
582路班车,B7路,5
582路班车,旅游公交3线,5
582路班车,776路,5
582路班车,901路,5
583路,765路,5
583路,夜109路,5
583路,886路,5
583路,B15路,5
583路,B8路,5
583路,夜13路,5
583路,夜18路,5
583路,夜27路,5
583路,夜39路,5
583路,夜40路,5
583路,夜93路,5
583路,大学城专线4路,5
583路,夜20路,5
58A路,662路,5
58A路,夜122路,5
58A路,广424路,5
58A路,832路,5
58A路,夜76路,5
58A路,752路,5
58A路,706路,5
58A路,840路,5
58A路,970路,5
58A路,984路,5
58A路,夜85路,5
58路,662路,5
58路,夜122路,5
58路,广424路,5
58路,832路,5
58路,夜76路,5
58路,752路,5
58路,665路,5
59路,夜17路,5
59路,5路,5
59路,70路,5
59路,836路,5
59路,987路,5
59路,夜93路,5
59路,夜9路,5
5路,夜120路,5
5路,夜89路,5
5路,夜79路,5
5路,88路,5
5路,960路,5
5路,987路,5
5路,9路,5
61路,夜27路,5
62路,广12路,5
62路,夜59路,5
63路,886路,5
63路,夜122路,5
63路,广424路,5
63路,807A路,5
63路,夜80路,5
64路,夜11路,5
64路,广275路,5
650路,826路,5
650路,734路,5
650路,738路,5
651路,759路环线,5
651路,夜114路,5
651路,981路,5
652路,713路,5
652路,夜87路,5
653路,沥20路,5
655路（广东青年职业学院总站 ⇄ 良田保税路总站）,724路,5
656路,夜86路,5
656路,984路,5
656路,671路,5
658A路,广746路,5
659路,728路,5
659路,797路,5
659路,985路,5
661路,夜82路,5
662路,803路,5
662路,夜105路,5
662路,夜26路,5
663路,671路,5
663路,嘉禾望岗地铁站便民车3线,5
665路,803路,5
665路,743路,5
665路,66路,5
666路,755路,5
667路,743路,5
66路,833路,5
66路,B18路快线,5
66路,706路早间短线,5
66路,810路,5
671路,924路,5
671路,799路,5
671路,743路,5
69路,夜135路,5
69路,93路,5
69路,823路,5
69路,88路,5
69路,夜30路,5
69路,夜43路,5
6路,夜15路,5
6路,夜25路,5
6路,夜41路,5
6路,夜4路,5
6路,夜56路,5
6路,夜77路,5
6路,78路,5
701路,夜123路,5
701路,夜129路,5
702路,夜87路,5
702路,706路,5
703路,829路,5
703路,706路早间短线,5
703路,花37路,5
703路,花31B路,5
703路,花31路,5
703路,花75A路,5
704路,715路,5
704路,夜92路,5
704路,750路,5
704路,843路,5
704路,花84路,5
704路,花17路联民村,5
704路,花4路,5
705路,夜117路,5
705路,花31B路,5
705路,花31路,5
706路,759路环线,5
706路,花75A路,5
706路早间短线,759路环线,5
706路早间短线,864路,5
706路早间短线,722路,5
707路,711路,5
707路,724路,5
707路,828路,5
707路,971路,5
707路,夜123路,5
707路,712路,5
708路,737路,5
70路,782路,5
70路,960路,5
70路,987路,5
70路,9路,5
70路,夜33路,5
70路,广276路,5
711路,739路,5
711路,756路,5
711路,夜84路,5
711路,715路,5
711路,828路,5
711路,花32路,5
711路,花17路联民村,5
712路,花30路,5
712路,花76路,5
713路,723路,5
713路,夜87路,5
713路,花10路,5
714路,716路,5
714路,738路,5
714路,从5路长线,5
714路,从805路,5
715路,724路,5
715路,828路,5
715路,971路,5
715路,夜123路,5
715路,花2路,5
716路,夜116路,5
71路,729路,5
722路,977路,5
722路,夜87路,5
723路,837路,5
724路,732路,5
724路,828路,5
724路,夜129路,5
729路,80路,5
729路,832路,5
729路,夜21路,5
729路,夜2路,5
729路,夜80路,5
729路,839路,5
729路,B3路,5
729路,夜19路,5
729路,夜122路,5
730路,夜22路,5
730路,夜94路,5
731路环线,975路,5
731路环线,夜122路,5
731路环线,夜76路,5
734路,979路,5
738路,夜116路,5
739路,970路,5
739路,夜85路,5
742路,夜107路,5
742路,803路,5
742路,810路,5
742路,832路,5
742路,夜76路,5
742路,夜95路,5
742路,夜9路,5
742路,981路,5
742路,夜117路,5
74路,91路,5
74路,广277路,5
74路,夜79路,5
74路,夜69路,5
74路,广283路,5
74路,广283路班车,5
74路,广高峰快线30路,5
750路,825路,5
752路,807A路,5
753路,796路,5
753路,970路,5
753路,夜85路,5
753路,986路,5
756路,978路,5
756路,夜63路,5
756路,804路,5
756路,970路,5
756路,夜85路,5
757路,夜21路,5
757路,夜122路,5
758路,976路,5
758路,985路,5
759路环线,803路,5
759路环线,810路,5
759路环线,夜76路,5
759路环线,广424路,5
759路环线,夜105路,5
75路,780路,5
75路,963路,5
75路,783路,5
75路,839路,5
75路,夜11路,5
75路,夜29路,5
761路,高峰快线74路,5
762路,夜100路,5
762路,高峰快线74路,5
764路,高峰快线74路,5
764路,772路,5
764路,B15路,5
764路,夜13路,5
764路,B14路,5
765路,夜70路,5
765路,90路,5
765路,夜101路,5
765路,夜8路,5
765路,高峰快线74路,5
766路环线,991路,5
767路,823路,5
767路,964路,5
767路,夜6路,5
769路/769路快线,787路,5
769路/769路快线,广275路,5
769路/769路快线,夜133路,5
76A路,803路,5
76A路,B18路快线,5
76A路,799路,5
76路,810路,5
76路,832路,5
76路,夜90路,5
76路,夜95路,5
76路,792A路,5
76路,大学城专线1路,5
771路,夜132路,5
772路,78路,5
774路,B26路,5
774路,夜93路,5
774路,夜53路,5
775路,78A路,5
775路,78路,5
775路,夜53路,5
775路,83路,5
775路,84A路,5
775路,B12路,5
775路,夜100路,5
775路,夜71路,5
776路,B19路,5
776路,78A路,5
779路,B7路,5
780路,夜29路,5
782A路,782路,5
782路,965路,5
783路,990路,5
783路,夜29路,5
783路,夜69路,5
783路,广281路,5
783路,广夜67路,5
784路,791路,5
787路,商务专线4路,5
787路,广277路,5
78A路,B4A路,5
78A路,901A路,5
78A路,901路,5
78路,813路,5
78路,89路,5
78路,B17路,5
78路,夜14路,5
790路,广746路,5
791路,884路,5
792A路,798路,5
792A路,882路快线,5
793路,984路,5
793路,夜86路,5
794路,夜76路,5
795路,982路,5
796路,837路,5
796路,978路,5
796路,夜63路,5
796路,970路,5
796路,夜85路,5
799路,夜76路,5
79路,夜55路,5
79路,995路,5
7路,夜22路,5
7路,夜16路,5
7路,夜122路,5
7路,广424路,5
7路,夜80路,5
801路,夜48路,5
801路,大学城专线1路,5
803路,982路,5
803路,夜9路,5
803路,864路,5
803路,B18路,5
803路,夜122路,5
803路,981路,5
803路,夜94路,5
804路,864路,5
804路,夜74路,5
807A路,夜107路,5
807A路,高速专线2路,5
807路,夜107路,5
807路,夜95路,5
80路,夜12路,5
80路,夜16路,5
80路,夜120路,5
80路,夜15路,5
80路,夜80路,5
810路,B2A路,5
810路,982路,5
810路,夜107路,5
810路,864路,5
811路,夜36路,5
811路,夜93路,5
812路,966路,5
812路,夜11路,5
812路,990路,5
812路,838路,5
812路,91路,5
812路,82路,5
812路,夜33路,5
812路,夜43路,5
812路,965路,5
813路,995路,5
813路,967路,5
813路,夜53路,5
813路,夜36路,5
813路,夜27路,5
813路,夜39路,5
813路,夜40路,5
813路,B14路,5
823路,B9路,5
823路,夜23路,5
823路,夜24路,5
823路,夜29路,5
823路,夜37路,5
823路,夜43路,5
823路,夜45路,5
823路,大学城专线3路,5
828路,985路,5
828路,夜129路,5
82路,夜30路,5
82路,夜32路,5
82路,960路,5
82路,987路,5
830路,夜21路,5
830路,夜96路,5
831路,929路,5
831路,夜90路,5
832路,841路,5
832路,982路,5
832路,夜114路,5
832路,夜9路,5
832路,夜105路,5
832路,夜26路,5
833路,夜15路,5
833路,夜25路,5
833路,夜41路,5
833路,夜77路,5
833路,夜74路,5
833路,夜69路,5
834路,夜26路,5
836路,964路,5
836路,B7路快线,5
836路,夜30路,5
836路,987路,5
836路,9路,5
837路,夜119路,5
837路,夜86路,5
838路,广419路,5
838路,夜44路,5
839路,966路,5
839路,夜1路,5
839路,夜2路,5
839路,夜29路,5
839路,夜69路,5
839路,广281路,5
839路,广夜67路,5
839路,夜120路,5
83路,夜74路,5
83路,901路,5
840路,夜87路,5
840路,986路,5
841路,929路,5
841路,夜22路,5
841路,夜26路,5
841路,夜114路,5
841路,夜95路,5
841路,夜35路,5
841路,夜117路,5
843路,夜87路,5
84A路,夜5路,5
84A路,B11路,5
84路,夜70路,5
84路,B11路,5
862路,B2A路,5
862路,B2路,5
862路,夜5路,5
862路,夜88路,5
864路,967路,5
864路,968路,5
86路,960路,5
86路,番201路,5
884路,B11路,5
884路,夜10路,5
884路,夜71路,5
885路,广276路,5
885路,广283路,5
886路,夜15路,5
886路,夜121路,5
886路,夜40路,5
886路,夜107路,5
88路,夜6路,5
88路,B7路,5
88路,B7路快线,5
88路,夜101路,5
88路,夜28路,5
88路,夜34路,5
88路,夜88路,5
88路,B9路,5
88路,夜23路,5
88路,夜24路,5
88路,夜29路,5
88路,夜37路,5
88路,夜43路,5
88路,大学城专线3路,5
89路,高峰快线21路,5
8路,B21路,5
8路,夜42路,5
8路,旅游公交2线,5
901A路,B15路,5
901A路,夜13路,5
901A路,夜27路,5
901A路,夜39路,5
901A路,夜40路,5
901A路,夜93路,5
901A路,大学城专线4路,5
901路,B4A路,5
901路,夜101路,5
901路,夜100路,5
903路,B22路,5
903路,夜81路,5
903路,夜46路,5
903路,夜53路,5
90路,夜109路,5
91路,夜120路,5
91路,夜55路,5
91路,B5路,5
91路,夜16路,5
91路,夜69路,5
91路,夜93路,5
929路,夜90路,5
929路,夜117路,5
93路,夜9路,5
93路,夜102路,5
93路,广276路,5
93路,夜45路,5
940路,夜49路,5
940路,夜73路,5
941路,B24路,5
941路,夜98路,5
943路,B26路,5
943路,944路,5
943路,948路,5
943路,夜124路,5
944路,夜104路,5
944路,夜51路,5
946路,夜52路,5
948路,夜104路,5
948路,夜51路,5
960路,夜55路,5
962路,996路,5
963路,9路,5
963路,967路,5
964路,B7路,5
964路,夜101路,5
964路,夜28路,5
964路,夜34路,5
964路,夜88路,5
966路,990路,5
967路,968路,5
970路,夜84路,5
971路,夜129路,5
975路,广424路,5
976路,夜74路,5
976路,夜86路,5
981路,夜75路,5
982路,夜76路,5
982路,夜95路,5
982路,984路,5
984路,夜119路,5
985路,夜74路,5
985路,空港2路,5
986路,夜94路,5
987路,9路,5
987路,番58路,5
987路,番143路,5
987路,番165路,5
989路,995路,5
990路,夜44路,5
990路,广281路,5
990路,广夜67路,5
991路,997路,5
995路,夜3路,5
995路,夜42路,5
995路,广277路,5
997路,夜30路,5
997路,大学城专线4路,5
9路,夜79路,5
B10路,夜68路,5
B11路,高峰快线32路,5
B11路,夜71路,5
B12路,B1短线快车,5
B12路,夜43路,5
B15路,夜34路,5
B16路,B18路快线,5
B16路,夜97路,5
B16路,夜46路,5
B16路,B25路,5
B16路,夜43路,5
B16路,夜48路,5
B16路,夜68路,5
B16路,夜36路,5
B16路,B22路,5
B17路,夜53路,5
B17路,夜46路,5
B17路,夜36路,5
B17路,B22路,5
B18路,夜35路,5
B18路,大学城专线2路,5
B18路快线,大学城专线1路,5
B19路,夜17路,5
B19路,广283路,5
B19路,大学城专线2路,5
B1短线快车,B21路,5
B1短线快车,夜9路,5
B1短线快车,夜34路,5
B1路,夜43路,5
B1路,夜36路,5
B1路,B22路,5
B20路,B25路,5
B20路,夜43路,5
B20路,夜48路,5
B20路,夜68路,5
B20路,夜36路,5
B20路,B22路,5
B21路,夜7路,5
B21路,夜6路,5
B21路,夜23路,5
B22路,夜100路,5
B22路,B2A路,5
B22路,B2路,5
B22路,B3路,5
B22路,B5路,5
B22路,夜17路,5
B22路,夜19路,5
B22路,夜25路,5
B22路,夜41路,5
B24路,高峰快线24路,5
B24路,夜46路,5
B25路,番202路旅游专线,5
B25路,夜34路,5
B25路,夜43路,5
B26路,B29路,5
B26路,B30路,5
B26路,夜81路,5
B26路,夜53路,5
B26路,B5路,5
B29路,高峰快线24路,5
B2A路,夜15路,5
B2A路,夜56路,5
B2A路,夜89路,5
B2A路,夜43路,5
B2A路,夜36路,5
B2路,夜43路,5
B2路,夜36路,5
B30路,夜104路,5
B30路,夜57路,5
B3路,夜16路,5
B3路,夜21路,5
B3路,夜45路,5
B3路,夜105路,5
B3路,夜43路,5
B3路,夜36路,5
B4A路,夜51路,5
B4A路,夜53路,5
B4路,夜81路,5
B4路,夜53路,5
B4路,夜43路,5
B5路,夜102路,5
B5路,夜13路,5
B5路,夜43路,5
B7路,夜135路,5
B7路,夜70路,5
B7路,夜28路,5
B7路,夜30路,5
B7路,夜88路,5
B7路快线,夜28路,5
B7路快线,夜88路,5
B8路,夜120路,5
B8路,夜22路,5
B8路,夜55路,5
B9路,夜34路,5
B9路,夜30路,5
B9路,夜8路,5
九王庙临时接驳线内环,南夜5路,5
九王庙临时接驳线内环,南沙24路,5
九王庙临时接驳线外环,南夜5路,5
从10路,从1路西线,5
从10路,从21路长线,5
从10路,从3路,5
从10路,从夜3路,5
从10路,从405路,5
从10路,从408路,5
从11路,从1路东线,5
从11路,从3路,5
从11路,从701路,5
从11路,从16路,5
从11路,从7路,5
从12路,从1路东线,5
从12路,从3路,5
从12路,从701路,5
从12路,从16路,5
从12路,从7路,5
从14路,从905路,5
从16路,从19路密石班车,5
从16路,从化13路,5
从18路,从4路快线,5
从18路,从5路,5
从18路,从5路长线,5
从18路,从9路,5
从18路,从夜1路,5
从19路,从905路,5
从19路密石班车,从7路,5
从1路东线,从21路长线,5
从1路东线,从5路长线,5
从1路东线,从903路,5
从1路西线,从21路长线,5
从1路西线,从903路,5
从1路西线,从9路,5
从1路西线,从夜3路,5
从1路西线,从402路,5
从20路,从8路,5
从20路,从901路,5
从20路,从701路,5
从21路长线,从3路,5
从21路长线,从3路夜班,5
从21路长线,从4路,5
从21路长线,从5路长线,5
从21路长线,从6路,5
从21路长线,从6路支线,5
从21路长线,从901路,5
从21路长线,从902路,5
从3路,从5路,5
从3路,从夜1路,5
从3路夜班,从4路,5
从3路夜班,从5路长线,5
从3路夜班,从夜1路,5
从3路夜班,从夜3路,5
从401路,从化921路,5
从402路,从化921路,5
从405路,从9路,5
从4路,从夜3路,5
从4路快线,从6路,5
从4路快线,从6路支线,5
从4路快线,从902路,5
从4路快线,从夜3路,5
从501路,从503路,5
从5路,从6路,5
从5路,从6路支线,5
从5路,从902路,5
从5路长线,从805路,5
从5路长线,夜116路,5
从5路长线,从6路,5
从5路长线,从6路支线,5
从5路长线,从902路,5
从5路长线,从7路,5
从5路长线,从802路,5
从6路,从9路,5
从6路,从夜1路,5
从6路,从夜3路,5
从6路支线,从9路,5
从6路支线,从夜1路,5
从6路支线,从夜3路,5
从7路,从903路,5
从7路,从化13路,5
从802路,从808路,5
从805路,夜116路,5
从901路,从9路,5
从901路,从夜3路,5
从902路,从9路,5
从902路,从夜1路,5
从902路,从夜3路,5
佛202路,佛279路,5
佛211路,桂11路,5
佛211路,佛263路,5
佛232路,桂09路,5
佛236路,佛沥18路,5
佛236路,佛279路,5
佛236路,佛K330路/K330路快线,5
佛244路,广281路,5
佛250路,佛沥18路,5
佛251路,佛沥18路,5
佛251路,佛279路,5
佛263路,佛沥18路,5
佛263路,佛279路,5
佛263路短线,佛沥18路,5
佛263路短线,佛279路,5
佛275路,佛278路,5
佛276路/佛276,广205路,5
佛276路/佛276,夜112路,5
佛276路/佛276,佛277路,5
佛276路/佛276,广260路,5
佛277路,佛沥18路,5
佛278路,沥12B路,5
佛279路,广132路,5
佛279路,广夜58路,5
佛314路,佛349路,5
佛沥18路,广746路,5
佛沥18路,佛里07B路,5
佛沥18路,广260路,5
佛沥18路,广277路,5
佛沥18路,沥12B路,5
佛里07B路,广657路,5
佛里07B路,广夜91路,5
佛里07B路,里17路,5
公交地铁接驳专线4路,夜102路,5
公交地铁接驳专线5路,番58路,5
公交地铁接驳专线8路,番51路,5
公交地铁接驳专线8路,番145路,5
公交地铁接驳专线8路,番185路,5
公交地铁接驳专线9路,番163A路,5
公交地铁接驳专线9路,番163B路,5
公交地铁接驳专线9路,番30路,5
公交地铁接驳专线9路,番89路,5
南10路,南17路,5
南14路,南61路,5
南14路,南夜1路,5
南14路,南沙15路,5
南14路,南沙61路短线（万科海上明月 ⇄ 黄阁中学）,5
南14路,南沙夜1路,5
南14路,南沙38路,5
南14路,南沙70路,5
南17路,南沙10路短线,5
南17路,南沙12路,5
南1路B,南沙54路,5
南25路,南沙G1路,5
南25路,南沙16路,5
南34路,南53路,5
南34路,南沙63路B线,5
南35路,南沙33路,5
南35路,南36路,5
南39路,南42路,5
南39路,南56路,5
南41路,南60路,5
南42路,南45路,5
南42路,南沙49路,5
南42路,南沙65路,5
南42路,南沙67路,5
南43路,南60路,5
南44路,南沙33路,5
南44路,南沙68路,5
南44路,南沙G3路,5
南45路,南60路,5
南45路,南沙G3路,5
南45路,南沙40路短线,5
南46路,南48路,5
南47路,南48路,5
南48路,南沙38路,5
南48路,南52路,5
南52路,番141路,5
南53路,南沙W1B路,5
南53路,南沙G3路,5
南55路,南沙15路,5
南55路,南沙61路短线（黄阁公交总站 ⇄ 黄阁公交总站）,5
南56路,南沙12路,5
南57路,番150路,5
南61路,南沙13路,5
南61路,南沙33路,5
南61路,南沙38路,5
南68路快线,番11路,5
南68路快线,番92路/番92路,5
南夜4路,南沙18路,5
南夜5路,南沙5路,5
南夜5路,南沙62路,5
南夜6路,南沙1路,5
南沙12路,南沙20路,5
南沙12路,番141路,5
南沙13路,南沙1路,5
南沙13路,南沙4路,5
南沙15路,南沙8路,5
南沙18路,南沙19路,5
南沙18路,南沙G4路,5
南沙1路,番141路,5
南沙20路,南沙38路,5
南沙33路,南沙68路,5
南沙33路,南沙G3路,5
南沙33路,南沙38路,5
南沙33路,番140路,5
南沙33路,南沙65路,5
南沙33路,南沙67路,5
南沙33路,番142路,5
南沙38路,番11路,5
南沙38路,南沙49路,5
南沙40路短线,南沙65路,5
南沙40路短线,南沙67路,5
南沙49路,南沙8路,5
南沙49路,番143路,5
南沙4路,南沙W2路,5
南沙4路,南沙8路,5
南沙54路,番148路,5
南沙54路,番28B路,5
南沙54路,南沙8路,5
南沙65路,番5路,5
南沙65路,番5路长线,5
南沙68路,番6路,5
南沙68路,番5路,5
南沙68路,番5路长线,5
南沙70路,番160路,5
南沙70路,番97路,5
南沙70路,番99路,5
南沙70路,番100路,5
南沙70路,番10路,5
南沙70路,番3路,5
南沙G1路,南沙G2路,5
南沙G2路,南沙W1A路,5
南沙G2路,南沙W1B路,5
商务专线4路,广275路出场短线,5
嘉禾5线,嘉禾望岗地铁站便民车3线,5
地铁接驳10A线,番97路,5
增城10路,增城18路,5
增城11A路,增城35A路,5
增城11A路,增城51路,5
增城11路,增城51路,5
增城12路,增城49路,5
增城12路,增城36路,5
增城13路,增城3路,5
增城13路,增城65路,5
增城13路,增城48路,5
增城14路,增城16路,5
增城14路,增城78路,5
增城14路,增城65路,5
增城14路,增城34路,5
增城15路快线,增城41路,5
增城16路,增城9路快线,5
增城16路,增城7路,5
增城16路,增城81路,5
增城16路,增城9路,5
增城16路,增城62路,5
增城17路,增城1路,5
增城18路,增城3路,5
增城18路,增城6路,5
增城18路,增城55路,5
增城20路,增城21路,5
增城20路,增城46路,5
增城20路,增城44路,5
增城21路,增城35路,5
增城21路,增夜4路,5
增城22路,增城23路,5
增城22路,增城29路,5
增城22路,增城45路,5
增城22路/增22路,增城23路,5
增城22路/增22路,增城9路,5
增城23路,增城37路,5
增城24路,增夜4路,5
增城25路,增城28路,5
增城25路,增城39路,5
增城25路,增城46路,5
增城28路,莞615路,5
增城28路,增城29路,5
增城28路,增城9路,5
增城2路,增城6路,5
增城30路,增城9路,5
增城30路,增城32路内环,5
增城30路,增城32路外环,5
增城30路,增城31路,5
增城32路内环,增城43路,5
增城32路内环,增城36路,5
增城32路内环,增城39路,5
增城32路外环,增城43路,5
增城32路外环,增城36路,5
增城32路外环,增城39路,5
增城34路快线,增城64路,5
增城34路快线,增城9A路/9A路快线,5
增城36路,增城54路,5
增城36路,增城40路,5
增城37路,增城9路,5
增城38路,增城43路,5
增城40路,增城45路,5
增城42路,增城83路,5
增城44路,增城46路,5
增城47路,增城74路,5
增城4路,增城74路,5
增城4路,增城81路,5
增城55路,增城56路,5
增城56路,增城57路,5
增城64路,增城9路快线,5
增城65路,增城82路,5
增城69路,增城70路,5
增城71路,科教城2路,5
增城74路,增城7路,5
增城75路,莞75路,5
增城78路,增城9路,5
增城7路,增城81路,5
夜100路,旅游观光1线,5
夜101路,夜28路,5
夜101路,夜30路,5
夜101路,夜88路,5
夜101路,高峰快线32路,5
夜102路,番52路（广州南站总站 ⇄ 石碁文化广场总站）,5
夜102路,番182路,5
夜102路,番185路,5
夜104路,夜49路,5
夜105路,夜19路,5
夜105路,夜76路,5
夜105路,夜114路,5
夜107路,夜16路,5
夜107路,夜35路,5
夜107路,夜95路,5
夜107路,高速专线2路,5
夜108路,夜66路,5
夜109路,夜56路,5
夜109路,番146路,5
夜10路,夜70路,5
夜112路,沥20路,5
夜114路,夜95路,5
夜11路,夜59路,5
夜11路,夜95路,5
夜11路,广281路,5
夜11路,广夜67路,5
夜120路,夜21路,5
夜120路,夜76路,5
夜122路,夜77路,5
夜123路,夜129路,5
夜124路,夜51路,5
夜127路,夜27路,5
夜127路,广286路,5
夜128路,夜30路,5
夜128路,大学城专线4路,5
夜129路,高速专线2路,5
夜129路,花84路,5
夜129路,花4路,5
夜12路,夜16路,5
夜12路,夜87路,5
夜133路,夜20路,5
夜13路,夜41路,5
夜15路,夜56路,5
夜15路,夜5路,5
夜15路,夜88路,5
夜16路,夜1路,5
夜16路,夜7路,5
夜16路,夜19路,5
夜16路,夜30路,5
夜17路,夜36路,5
夜18路,广12路,5
夜18路,夜96路,5
夜19路,夜21路,5
夜19路,夜45路,5
夜19路,夜36路,5
夜1路,夜27路,5
夜1路,夜40路,5
夜1路,夜9路,5
夜1路,夜31路,5
夜1路,旅游公交2线,5
夜20路,夜34路,5
夜20路,番53路,5
夜21路,夜3路,5
夜21路,广276路,5
夜21路,广283路,5
夜21路,广283路班车,5
夜22路,夜45路,5
夜22路,夜93路,5
夜22路,夜90路,5
夜22路,夜80路,5
夜22路,夜75路,5
夜23路,夜30路,5
夜23路,夜8路,5
夜24路,广276路,5
夜24路,夜29路,5
夜24路,夜37路,5
夜24路,夜45路,5
夜24路,夜8路,5
夜24路,大学城专线3路,5
夜25路,夜5路,5
夜25路,夜36路,5
夜26路,夜72路,5
夜26路,夜76路,5
夜26路,夜94路,5
夜27路,夜31路,5
夜27路,广260路,5
夜27路,旅游公交1线,5
夜28路,夜74路,5
夜28路,番188路,5
夜28路,夜30路,5
夜29路,高峰快线74路,5
夜29路,夜30路,5
夜29路,夜43路,5
夜29路,广281路,5
夜29路,广夜67路,5
夜30路,夜6路,5
夜30路,夜34路,5
夜30路,夜88路,5
夜30路,夜37路,5
夜30路,夜43路,5
夜30路,大学城专线3路,5
夜31路,广286路,5
夜31路,夜72路,5
夜32路,夜33路,5
夜33路,高峰快线74路,5
夜34路,夜93路,5
夜35路,夜70路,5
夜35路,大学城专线4路,5
夜35路,大学城专线1路,5
夜36路,夜41路,5
夜37路,高峰快线74路,5
夜37路,夜43路,5
夜38路,夜81路,5
夜39路,夜9路,5
夜41路,夜5路,5
夜41路,夜97路,5
夜42路,夜6路,5
夜43路,夜45路,5
夜43路,夜8路,5
夜43路,大学城专线3路,5
夜44路,夜69路,5
夜44路,广281路,5
夜44路,广夜67路,5
夜48路,夜50路,5
夜48路,番201路,5
夜49路,夜52路,5
夜49路,夜51路,5
夜4路,夜5路,5
夜4路,夜9路,5
夜4路,广276路,5
夜55路,夜79路,5
夜56路,夜5路,5
夜56路,广高峰快线30路,5
夜59路,广260路,5
夜5路,夜77路,5
夜5路,夜89路,5
夜60路,夜68路,5
夜60路,永和便民02线,5
夜61路,番53路,5
夜61路,番96路,5
夜65路,长洲岛1号线,5
夜69路,广281路,5
夜69路,广夜67路,5
夜6路,夜8路,5
夜6路,旅游公交2线,5
夜70路,高峰快线21路,5
夜72路,夜7路,5
夜74路,夜90路,5
夜76路,夜9路,5
夜77路,广424路,5
夜79路,夜8路,5
夜84路,夜85路,5
夜87路,花63路,5
夜87路,花63路短线,5
夜87路,花68路,5
夜87路,花68路白坭班车,5
夜87路,花68路短线,5
夜88路,番163A路,5
夜88路,番182路,5
夜88路,番185路,5
夜88路,番56路,5
夜88路,番58路,5
夜92路,花6路,5
夜92路,花22路,5
夜92路,花25路,5
夜94路,高速专线2路,5
夜95路,广260路,5
夜95路,夜9路,5
夜95路,高峰快线80路,5
夜95路,高速专线2路,5
夜96路,广12路,5
夜96路,广夜54路,5
夜96路,广231路,5
夜班136路,空港2路,5
大学城专线3路,高峰快线74路,5
广123路,广132路,5
广123路,广夜58路,5
广123路,广969路,5
广260路,广969路,5
广260路,沥12路,5
广260路,广419路,5
广275路,广277路,5
广277路,沥12B路,5
广277路,沥12路,5
广277路,广286路,5
广281路,旅游公交2线,5
广281路,广286路,5
广281路,沥12B路,5
广286路,旅游公交1线,5
广286路,广夜67路,5
广286路,广969路,5
广286路,沥12B路,5
广419路,沥17B路,5
广478路,广746路,5
广746路,里07路,5
广746路,里07路高峰线,5
广夜67路,旅游公交2线,5
广夜67路,沥12B路,5
广夜67路,沥12路,5
番100路,番141路,5
番100路,番22B路,5
番100路,番5路,5
番100路,番5路长线,5
番108B路,番67路旅游专线,5
番108路,番27路,5
番108路,番3路,5
番109B路,番13路,5
番109B路,番91路,5
番10路,番97路,5
番10路,番99路,5
番10路,番141路,5
番10路,番7路,5
番111路,番68路,5
番111路,番162B路,5
番11路,番12路旅游专线,5
番11路,番2路,5
番126路,番夜3路,5
番128路,番132路旅游专线,5
番128路,番162B路,5
番129路,番130路,5
番129路,番20B路,5
番129路,番165路,5
番12路旅游专线,番150B路,5
番12路旅游专线,番4路,5
番12路旅游专线,番20B路,5
番12路旅游专线,番19路（傍雁路临时公交总站 ⇄ 雅居乐总站）,5
番130路,番67路旅游专线,5
番130路,番19路（傍雁路临时公交总站 ⇄ 雅居乐总站）,5
番131路,番夜3路,5
番13路,番57路,5
番13路,番150路,5
番13路,番2路,5
番13路,番4路,5
番13路,番68路,5
番13路,番9路,5
番13路,番9路长线,5
番140路,番146路,5
番140路,番51路,5
番140路,番91路,5
番141路,番160路,5
番141路,番97路,5
番141路,番99路,5
番141路,番3路,5
番142路,番5路,5
番142路,番5路长线,5
番143路,番51路,5
番143路,番5路,5
番143路,番5路长线,5
番143路,番7路,5
番145路,番165路,5
番146路,番182路,5
番146路,番185路,5
番146路,番56路,5
番146路,番4B路,5
番146路,番27路,5
番146路,番93路,5
番146路,番93路短线,5
番146路,番9路,5
番146路,番9路长线,5
番147路,番67路旅游专线,5
番148路,番1路,5
番148路,番微公交3路,5
番150B路,番160路,5
番150B路,番2路,5
番150路,番97路,5
番150路,番99路,5
番15路,番2路,5
番160路,番8路,5
番160路,番91路,5
番160路,番92路/番92路,5
番163A路,番88路,5
番163B路,番30路,5
番163B路,番52路（广州南站总站 ⇄ 石碁文化广场总站）,5
番163B路,番86路,5
番163B路,番88路,5
番165路,番3路,5
番165路,番8路,5
番165路,番99路,5
番165路,番52路（广州南站总站 ⇄ 石碁文化广场总站）,5
番165路,番89路,5
番16路,番67路旅游专线,5
番17路,番188路,5
番17路,番58路,5
番17路,番57路,5
番17路长线,番188路,5
番17路长线,番58路,5
番17路长线,番57路,5
番182路,番56路,5
番182路,番58路,5
番182路,番夜2路,5
番183路,番188路,5
番185路,番56路,5
番185路,番58路,5
番185路,番186路,5
番185路,番187路,5
番185路,番53路,5
番185路,番96路,5
番185路,番夜2路,5
番19路（傍雁路临时公交总站 ⇄ 雅居乐总站）,番93路,5
番19路（傍雁路临时公交总站 ⇄ 雅居乐总站）,番22路,5
番19路（傍雁路临时公交总站 ⇄ 雅居乐总站）,番28路,5
番1路,番4路,5
番1路,番5路,5
番1路,番5路长线,5
番20B路,番5路,5
番20B路,番5路长线,5
番20B路,番2路,5
番20B路,番22B路,5
番20B路,番22路,5
番21B路,番夜5路,5
番21B路,番28路,5
番23路,番72路,5
番25路,番57路,5
番27路,番夜5路,5
番27路,番89路,5
番28B路,番28B路快线,5
番2路,番8路,5
番2路,番91路,5
番2路,番99路,5
番30路,番7路,5
番30路,番68路,5
番30路,番6路,5
番31路,番75路,5
番3路,番夜5路,5
番4B路,番51路,5
番4B路,番97路,5
番4路,番5路,5
番4路,番5路长线,5
番51路,番8路,5
番51路,番97路,5
番51路,番75路,5
番51路,番93路,5
番51路,番93路短线,5
番51路,番9路,5
番51路,番9路长线,5
番52路（广州南站总站 ⇄ 石碁文化广场总站）,番79路,5
番59路,番79路,5
番5路,番68路,5
番5路长线,番68路,5
番61路,番66路,5
番62路,番66路,5
番66路,番77路,5
番67路旅游专线,番6路,5
番67路旅游专线,番7路,5
番68路,番93路,5
番6路,番8路,5
番6路,番91路,5
番75路,番77路,5
番79路,番81路,5
番80路,番83路,5
番8路,番96路,5
番91路,番93路,5
番91路,番93路短线,5
番92路/番92路,番夜3路,5
番93路短线,番夜3路,5
番97路,番9路长线,5
空港快线2号线夜班,空港快线2线,5
花105路,花23路,5
花10路,花68路,5
花10路,花68路白坭班车,5
花10路,花68路短线,5
花10路,花37路,5
花112路,花70路,5
花112路,花70路短线,5
花115路,花19路,5
花115路,花15路,5
花115路,花39路短线,5
花15路,花68路,5
花16路,花25路,5
花16路,花8路,5
花17路A,花83B路,5
花17路联民村,花83路,5
花18路,花22路,5
花18路,花81路（三水大塘中心广场 ⇄ 广州北站）,5
花18路,花86路,5
花19路,花75A路,5
花19路,花86路,5
花19路,花21路,5
花19路,花21路夜班,5
花22路,花都113路,5
花25路,花31路,5
花25路,花88路短线,5
花2路,花80路,5
花2路,花8路,5
花31B路,花81路（三水大塘中心广场 ⇄ 广州北站）,5
花31B路,花70路,5
花31B路,花70路短线,5
花31路,花75A路,5
花31路,花85路,5
花5路,花68路,5
花5路,花68路白坭班车,5
花5路,花68路短线,5
花62路,花89路,5
花63路,花86路,5
花63路,花75A路,5
花63路短线,花86路,5
花63路短线,花75A路,5
花68路,花75A路,5
花68路,花70路,5
花68路,花70路短线,5
花68路白坭班车,花75A路,5
花68路白坭班车,花88路,5
花68路短线,花75A路,5
花68路短线,花70路,5
花68路短线,花70路短线,5
花68路短线,花88路,5
花70路,花80路,5
花70路,花75路,5
花70路,花9路,5
花70路短线,花80路,5
花70路短线,花75路,5
花70路短线,花9路,5
花73路,花75A路,5
花75路,花84路,5
花81A路,花88路,5
花81A路,花88路短线,5
花86路,花89路,5
长洲岛1号线,长洲岛2号线,5
