所属站,站组ID,分站名,平台ID,分站编号,车来了分站,经度,纬度,经停线路
105新地广场,105新地广场,105新地广场,BV10015054,,105新地广场,113.307225,23.023665,番13路、番145路、番186路、番187路、番25路、番53路、番91路、番96路、番夜2路
15队中桥站,15队中桥,15队中桥站,BV11382166,,,113.416829,22.832598,南沙40路短线
1978电影小镇创意园,1978电影小镇创意园,1978电影小镇创意园,BV11259173,,,113.840392,23.299603,增城74路
1978文化创意园,1978文化创意园,1978文化创意园,BV11489752,,1978文化创意园,113.841009,23.300244,增城17路
1号航站楼,1号航站楼,1号航站楼,BV11510236,,,113.298134,23.389739,空港1路、空港2路、空港2路公交短线
214站,214,214站,BV11418521,,214站,113.604960,23.119297,增城30路、增城34路、增城34路快线、增城35路、增城26A路
2号航站楼,2号航站楼,2号航站楼,BV11510235,,2号航站楼（东客运站31卡位）,113.301101,23.397577,空港1路、空港2路、空港2路公交短线
863中心,863中心,863中心站,BV11341529,,863中心,113.330263,23.299948,563路、735路、797路、夜76路
阿里巴巴菜鸟园,阿里巴巴菜鸟园,阿里巴巴菜鸟园站,BV09239834,,阿里巴巴菜鸟园,113.658193,23.191754,增城12路、增城36路
阿里巴巴大厦,阿里巴巴大厦,阿里巴巴大厦,BV11524290,,,113.341832,23.108179,广州塔1号线
矮岗村,矮岗村,矮岗村,BV10018965,,矮岗村,113.283999,23.361253,737路
矮岗村委,矮岗村委,矮岗村委,BV10389074,,矮岗村委,113.283320,23.358490,737路
矮岭,矮岭,矮岭,BV10018736,,矮岭,113.536451,23.628205,从18路、从901路、从902路
爱莲村,爱莲村,爱莲村,BV10023061,,爱莲村,113.460775,23.005934,番128路、番62路
爱民路口,爱民路口,爱民路口,BV11419559,,爱民路口,113.156245,23.415651,花2路
爱群村委,爱群村委,爱群村委,BV11596286,,爱群村委,113.352065,23.648215,从408路
爱群大厦,爱群大厦,爱群大厦,BV10607944,,爱群大厦,113.251464,23.112351,128路、131A路、131B路、134路、186路、1路、208路、4路、57路、58路、64路、夜16路、夜1路、夜31路、广281路、广夜67路、旅游公交2线
安博基业公司,安博基业公司,安博基业公司站,BV11164934,,,113.365144,22.818625,312路
安博物流,安博物流,安博物流,BV11647595,,,112.951564,23.427671,655A线、655B路、655路
安怀外工村,安怀外工村,安怀外工村,BV11371463,,,113.085622,23.160702,佛278路
安良村,安良村,安良村,BV11508291,,安良村,113.648839,23.318263,增城52路、增城54路
安良小学,安良小学,安良小学,BV10860791,,安良小学,113.642945,23.312862,增城54路
安南大街,安南大街,安南大街,BV10555201,,安南大街,113.203569,23.077045,207路、782路、夜113路
安平村,安平村,安平村,BV10018778,,安平村,113.379605,23.366854,650路、655路、979路
安平路口,安平路口,安平路口,BV11662638,,安平路口,113.383706,23.368873,650路、655路、979路
安山,安山,安山,BV10808755,,安山,113.902767,23.773722,从12路
安顺村,安顺村,安顺村站,BV10015907,,安顺村,113.435471,22.896690,南35路、南48路、南沙35路支线、南沙70路、番11路、番140路、番141路
安顺涌站,安顺涌,安顺涌站,BV10019822,,,113.438847,22.904440,南52路
安新路,安新路,安新路,BV10497618,,安新路,113.407224,23.076457,430路
安新路北,安新路北,安新路北,BV11392682,,安新路北,113.406565,23.077237,430路
安新路南,安新路南,安新路南,BV10508732,,安新路南,113.408885,23.075057,430路
安置小区,安置小区,安置小区,BV10696664,,安置小区,113.820532,23.246428,增城10路、增城5路、增城8路、增夜2路
鳌头第三中心小学,鳌头第三中心小学,鳌头第三中心小学,BV11486323,,鳌头第三中心小学,113.411841,23.673707,从407路
鳌头工业园,鳌头工业园,鳌头工业园,BV11352901,,鳌头工业园,113.445559,23.617497,从405路
鳌头公交站,鳌头公交,鳌头公交站,BV11530446,,,113.422181,23.623242,从10路
鳌头公交总站,鳌头公交总,鳌头公交总站,BV11596281,,鳌头公交总站,113.420947,23.624284,从408路、从9路
鳌头广场,鳌头广场,鳌头广场,BV11487753,,鳌头广场,113.424285,23.619410,从10路、从405路、从9路
鳌头客运站,鳌头客运,鳌头客运站,BV11596185,,鳌头客运站（鳌头新市场）,113.420812,23.624197,从10路、从407路、从907路、从909路、从911路
鳌头客运站总站,鳌头客运站总,鳌头客运站总站,BV11247200,,,113.420782,23.624171,从403路、从404路、从405路、从406路、从908路、从909路
鳌头农商银行,鳌头农商银行,鳌头农商银行,BV10977125,,鳌头农商银行,113.417592,23.622367,从403路、从404路、从407路、从408路、从907路
鳌头卫生院,鳌头卫生院,鳌头卫生院,BV10977127,,鳌头卫生院,113.414876,23.623879,从403路、从404路、从408路、从907路
鳌头镇第二中心小学,鳌头镇第二中心小学,鳌头镇第二中心小学,BV11307219,,鳌头镇第二中心小学,113.498921,23.587638,从402路
鳌头中学路口,鳌头中学路口,鳌头中学路口,BV11193729,,鳌头中学路口,113.411961,23.625370,从403路、从404路、从407路、从408路、从907路
鳌头综维稳中心站,鳌头综维稳中心,鳌头综维稳中心站,BV11352934,,鳌头综维稳中心,113.422623,23.616225,从406路
鳌鱼岗大街牌坊总站,鳌鱼岗大街牌坊总,鳌鱼岗大街牌坊总站,BV09413903,,鳌鱼岗大街牌坊总站,113.326383,23.169079,夜69路
鳌鱼岗总站,鳌鱼岗总,鳌鱼岗总站,BV11357208,,鳌鱼岗（华新健康城）总站,113.326383,23.169096,409路
坳岗,坳岗,坳岗,BV11383669,,坳岗,113.550709,23.321632,345路、352A路、365路、370路、夜126路
坳头村,坳头村,坳头村,BV11415566,,坳头村,113.627022,23.407347,增城52路
坳尾村站,坳尾村,坳尾村站,BV10014918,,坳尾村,113.379538,22.862245,南48路、南沙65路、南沙67路、番142路
奥林匹克体育中心总站,奥林匹克体育中心总,奥林匹克体育中心总站,BV10014670,,奥林匹克体育中心总站,113.402041,23.133405,325路、326路、347路、348路、403路、448路、465路、490路、564A路、944路、B29路、夜46路、320路
奥林匹克中心南门,奥林匹克中心南门,奥林匹克中心南门,BV11502699,,奥林匹克中心南门,113.404167,23.135145,432A路、465路、548路
奥林匹克中心西门,奥林匹克中心西门,奥林匹克中心西门,BV11312750,,奥林匹克中心西门（地铁黄村站）,113.400944,23.136758,325路、432A路、497路、508路、564A路、564路、773路、903路、B22路、B26路、B4路、夜100路、夜38路、夜51路、夜81路、夜93路、B4B路
奥体路,奥体路,奥体路,BV10021208,,奥体路,113.405353,23.147063,448路、508路、548路、573路、夜93路、320路
奥体南路,奥体南路,奥体南路站,BV11279578,,奥体南路,113.408825,23.136051,326路、347路、348路、403路、432A路、448路、465路、547路、903路、944路、B29路、夜34路、夜46路、320路
奥体南路口,奥体南路口,奥体南路口,BV10387627,,奥体南路口,113.406496,23.136079,448路、490路、320路
奥体南路总站,奥体南路总,奥体南路总站,BV11388273,,奥体南路,113.412274,23.135398,547路、320路
奥园城市天地,奥园城市天地,奥园城市天地,BV09105074,,奥园城市天地,113.629998,23.158420,增城21路、增城29路、增城34路、增城36路、增城64路、增城9路
奥园城市天地总站,奥园城市天地总,奥园城市天地总站,BV11038088,,奥园城市天地总站,113.329032,22.994363,公交地铁接驳专线9路、地铁接驳10A线、番109B路、番109路、番125路、番163A路、番163B路、番89路
奥园广场,奥园广场,奥园广场,BV10019915,,奥园广场,113.355616,22.926876,番129路、番30路
奥园广场总站,奥园广场总,奥园广场总站,BV10019864,,奥园广场总站,113.352765,22.927512,番165路、番30路、番3路、番夜5路
奥园入口,奥园入口,奥园入口,BV09177349,,,113.587180,22.754142,南沙18路
奥园誉峰,奥园誉峰,奥园誉峰,BV11244692,,奥园誉峰,113.596046,23.175777,373路、增城43路
奥园中环广场站,奥园中环广场,奥园中环广场站,BV10465053,,奥园中环广场,113.535571,22.803386,南沙18路、南沙19路、南沙49路、南沙G4路、南沙学1路、番141路、番143路
澳洲山庄,澳洲山庄,澳洲山庄,BV10021977,,澳洲山庄,113.521374,23.255027,345路
八达岭,八达岭,八达岭,BV10016084,,八达岭,113.618155,23.128107,增城28路、增城37路、新塘万达1路
八斗村,八斗村,八斗村,BV10017637,,八斗村,113.432584,23.262589,346路、973路、节假日公交专线7路
八斗村总站,八斗村总,八斗村总站,BV10847082,,八斗村（天鹿湖社区服务站）总站,113.431246,23.261676,449路
八斗立交北,八斗立交北,八斗立交北,BV11329034,,八斗立交北,113.429640,23.254973,346路、449路
八坊天桥,八坊天桥,八坊天桥,BV10253214,,,113.259484,22.825148,312路
八哥村,八哥村,八哥村,BV11486243,,八哥村,113.442093,23.221504,328路、328路支线
八坜布经济社,八坜布经济社,八坜布经济社,BV10019404,,八坜布经济社,113.179496,23.461178,花88路、花88路短线、花89路
八顷桥(临时),八顷桥(临时),八顷桥(临时),BV09308330,,,113.560404,22.629544,南沙16路、南沙9路团结围线
八涌站,八涌,八涌站,BV11421613,,,113.557949,22.689057,南25路
拔蛟窝,拔蛟窝,拔蛟窝,BV10262480,,拔蛟窝,113.706406,23.064062,莞75路
白洞桥,白洞桥,白洞桥,BV10860788,,白洞桥,113.653976,23.341802,增城54路
白鹅潭艺术中心码头,白鹅潭艺术中心码头,白鹅潭艺术中心码头,BV09266627,,,113.238530,23.100593,S6A黄沙-芳村航线
白岗村,白岗村#1,白岗村,BV10018732,,白岗村,113.555811,23.604144,从18路、从901路、从902路
白岗村,白岗村#2,白岗村,BV10018733,,白岗村,113.403236,22.992858,番81路
白岗路口,白岗路口,白岗路口,BV11690538,,,113.137822,23.240013,佛里07B路
白岗市场,白岗市场,白岗市场,BV10252683,,白岗市场,113.138958,23.235890,佛里07B路、广231路
白鹤洞,白鹤洞,白鹤洞站,BV10800475,,白鹤洞,113.232844,23.073855,181路、19路、222路、285路、410路、583路、69路、70路、769路/769路快线、787路、811路、91路、夜103路、夜11路、夜36路、夜44路、夜72路、广275路、广277路、广565路、87路、102路
白鹤洞码头,白鹤洞码头,白鹤洞码头,BV10601613,,,113.246610,23.082128,S9白蚬壳-白鹤洞航线
白鹤沙路,白鹤沙路,白鹤沙路,BV09208609,,白鹤沙路,113.217782,23.073323,487路
白鹤沙总站,白鹤沙总,白鹤沙总站,BV09208607,,白鹤沙总站,113.218232,23.070640,487路
白湖村,白湖村,白湖村,BV10024261,,白湖村,113.846940,23.360702,增城17路
白江地铁站,白江地铁,白江地铁站,BV10975754,,白江地铁站,113.591508,23.125130,372路、379路、571A路、571B路、增城23路、增城24路、增城25路、增城26路、增城28路、增城29路、增城32路内环、增城32路外环、增城35路、增城45路、增夜4路、莞615路、增城26A路
白江湖森林公园,白江湖森林公园,白江湖森林公园,BV11488231,,白江湖森林公园,113.903739,23.499787,增城66路
白兰站,白兰,白兰站,BV11352955,,白兰站,113.374196,23.600256,从404路
白兰花园,白兰花园,白兰花园,BV11267332,,白兰花园,113.263605,23.171903,479路、夜82路
白马服装市场(站前路),白马服装市场(站前路),白马服装市场(站前路),BV10380933,,白马服装市场（站前路）,113.250265,23.149322,301A路、商务专线3路
白马塘,白马塘,白马塘,BV11352957,,白马塘,113.453829,23.449086,从806路
白米布,白米布,白米布,BV10019340,,白米布,113.295791,23.318475,510路、840路、夜123路、夜94路
白米巷站,白米巷,白米巷站,BV11309831,,,113.010717,22.838071,佛236路
白面石村(招呼站),白面石村(招呼站),白面石村,BV11119358,,,113.966355,23.416890,增城72A路
白面石村(招呼站),白面石村(招呼站),白面石村(招呼站),BV11409787,,,113.965726,23.417790,增城72A路
白坭,白坭,白坭,BV11599738,,白坭,113.023220,23.422583,花81路
白坭小学,白坭小学,白坭小学,BV11599747,,白坭小学,113.014516,23.439776,花81路
白沙,白沙,白沙,BV11457906,,白沙（中海金沙湾）,113.202389,23.144102,夜112路、广789路
白沙(中海金沙湾)总站,白沙(中海金沙湾)总,白沙(中海金沙湾)总站,BV11341395,,白沙（中海金沙湾）总站,113.201855,23.143853,42路、夜122路、广283路班车、广夜54路、广205路
白沙村,白沙村,白沙村,BV10018425,,白沙村,113.361095,23.345901,473路、650路、724路、732路、733路、976路、979路、夜83路
白沙村口,白沙村口,白沙村口,BV11621036,,白沙村口,113.367030,23.340135,979路
白沙村总站,白沙村总,白沙村总站,BV10381111,,白沙村,113.375397,23.337841,724路
白沙公交场站,白沙公交场站,白沙公交场站,BV10580339,,,113.202967,23.134169,
白沙公交站场,白沙公交站场,白沙公交站场,BV09128159,,,113.203115,23.134415,广789路
白沙公交总站,白沙公交总,白沙公交总站,BV10968381,,,113.203115,23.134415,佛沥18路
白沙湖,白沙湖,白沙湖,BV11688455,,白沙湖,113.254065,23.240319,21路、522路、706路、706路早间短线、807路、840路、夜80路、夜94路
白沙环村路,白沙环村路,白沙环村路,BV09265074,,白沙环村路,113.377689,23.343201,724路、827路、979路
白沙桥站(临时站),白沙桥站(临时站),白沙桥站(临时站),BV09315322,,,113.012719,23.082058,佛250路
白沙桥站(临时站),白沙桥站(临时站),白沙桥,BV10251783,,,113.013346,23.081012,佛250路
白沙商贸街,白沙商贸街,白沙商贸街,BV10018892,,白沙商贸街,113.360720,23.343179,979路
白沙社区,白沙社区,白沙社区,BV10751008,,白沙社区,113.196413,23.133981,广789路
白沙小学,白沙小学,白沙小学,BV10256189,,白沙小学,113.200187,23.132879,广789路
白沙总站,白沙总,白沙总站,BV11585800,,白沙（中海金沙湾）总站,113.201911,23.144093,42路、885路、广283路班车、广424路、广478路、广746路、广205路
白沙总站(中海金沙湾),白沙总站(中海金沙湾),白沙总站(中海金沙湾),BV10572835,,白沙（中海金沙湾）总站,113.198821,23.144041,广夜54路、广205路
白山村,白山村,白山村站,BV11400779,,白山村,113.402597,23.272422,973路
白山村广场,白山村广场#1,白山村广场,BV10019151,,白山村广场,113.324368,23.203607,747路、754路
白山村广场,白山村广场#2,白山村广场,BV09125837,,,113.402716,23.272259,帽峰山旅游专线1线
白山村居委,白山村居委,白山村居委,BV10019152,,白山村居委,113.325166,23.204960,747路
白山村尾,白山村尾,白山村尾,BV10019153,,白山村尾,113.326722,23.207280,747路
白蟮塘,白蟮塘,白蟮塘,BV11001985,,,113.264607,23.364144,夜129路、夜92路、花1路
白蟮塘北,白蟮塘北,白蟮塘北,BV11225574,,,113.263531,23.368541,花1路
白鳝塘,白鳝塘,白鳝塘,BV10015680,,白鳝塘,113.264614,23.364124,707路、711路、715路、828路、夜129路、夜92路、704路、701路
白鳝塘总站,白鳝塘总,白鳝塘总站,BV10019304,,,113.264228,23.365720,828路
白石站,白石#1,白石站,BV11317183,,白石,113.354308,23.601296,从403路
白石站,白石#2,白石站,BV09385184,,白石,113.034308,23.443886,花68路、花81路
白石岰,白石岰,白石岰,BV09017016,,,113.847792,23.728743,从602路
白石村,白石村#1,白石村,BV11352899,,白石村,113.443855,23.610161,从405路
白石村,白石村#2,白石村,BV10015417,,白石村,113.634797,23.161537,增城21路、增城29路、增城34路、增城36路、增城39路、增城9路
白石村委,白石村委,白石村委,BV11352900,,白石村委,113.447161,23.622639,从405路、从化922路
白石冚,白石冚,白石冚,BV10977095,,白石冚,113.560013,23.438975,从804路
白石市场,白石市场,白石市场,BV10016077,,白石市场,113.650009,23.156556,增城37路、增城44路
白石市场西,白石市场西,白石市场西,BV11477247,,白石市场西,113.645129,23.155810,增城20路、增城37路、增城44路
白水寨,白水寨,白水寨,BV10488791,,,113.753928,23.572886,增城16路
白水寨路口,白水寨路口,白水寨路口,BV11198738,,白水寨路口,113.753441,23.573807,从13路、从化13路、增城16路
白水寨总站,白水寨总,白水寨总站,BV10488794,,白水寨总站,113.756335,23.580845,从13路、从化13路、增城16路、旅游专线1路
白藤滘站,白藤滘,白藤滘站,BV10545654,,白藤滘,113.565952,22.800714,南53路、南沙19路、南沙62路、南沙G4路、南沙学1路、番143路
白天鹅花园,白天鹅花园,白天鹅花园,BV10253340,,,113.186562,23.131296,佛沥18路
白天鹅花园总站,白天鹅花园总,白天鹅花园总站,BV10393581,,白天鹅花园总站,113.186103,23.126052,广132路
白天鹅京溪小学,白天鹅京溪小学,白天鹅京溪小学,BV11468835,,,113.333755,23.189490,京溪2线
白田岗,白田岗,白田岗,BV10945000,,白田岗,113.576503,23.518808,从904路
白田岗村,白田岗村,白田岗村,BV10020885,,,113.576503,23.518808,从21路长线、从301路、从5路、从5路长线、从夜1路
白田岗墟,白田岗墟,白田岗墟,BV11308215,,白田岗墟,113.577200,23.518262,从21路长线、从301路
白土,白土,白土,BV10892052,,,112.937884,23.350017,655A线
白土村,白土村,白土村,BV10018913,,白土村,113.426616,23.359958,726路
白兔村路口,白兔村路口,白兔村路口1,BV11028709,1,白兔村路口①,113.433951,23.608914,从10路、从405路、从9路
白兔村路口,白兔村路口,白兔村路口2,BV11028710,2,白兔村路口②,113.429661,23.612240,从10路、从405路、从9路
白兔村桥二队,白兔村桥二队,白兔村桥二队,BV11154754,,白兔村桥二队,113.436565,23.606892,从10路、从405路、从9路
白蚬壳码头,白蚬壳码头,白蚬壳码头,BV10601612,,,113.248744,23.084133,S9白蚬壳-白鹤洞航线
白象岭,白象岭,白象岭,BV10018763,,白象岭,113.245175,23.290791,652路、843路、夜129路
白云宾馆,白云宾馆,白云宾馆2,BV09226118,2,白云宾馆2,113.282851,23.138602,125路、191路、220路、233路、245路、6路、833路、862路、夜14路、夜15路、夜25路、夜41路、夜56路、夜5路、夜77路、夜88路、夜89路
白云宾馆,白云宾馆,白云宾馆,BV11009137,4,白云宾馆4,113.283296,23.138517,10路、189路、225路、247路、278路、280路、301A路、482路、545路、546路、63路、810路、833路、886路、B2A路、B2路、夜105路、夜4路
白云大道北地铁站,白云大道北地铁,白云大道北地铁站,BV09078083,,白云大道北地铁站,113.292362,23.223717,667路、798路
白云大道南(金信路口),白云大道南(金信路口),白云大道南(金信路口),BV11527801,,白云大道南（金信路口）,113.271562,23.178461,175路、223路、245路、265路、36路、38路、706路、795路、864路、B18路
白云高尔夫花园总站,白云高尔夫花园总,白云高尔夫花园总站,BV10022594,,白云高尔夫花园总站,113.264923,23.206114,810路
白云湖公园北门,白云湖公园北门,白云湖公园北门,BV09242691,,白云湖公园北门,113.235653,23.237236,970路、夜85路
白云湖公园西湖北门,白云湖公园西湖北门,白云湖公园西湖北门,BV11413327,,白云湖公园西湖北门,113.221024,23.235055,夜117路
白云花园,白云花园,白云花园,BV11678022,,白云花园,113.287030,23.218308,755路
白云花园总站,白云花园总,白云花园总站,BV10016927,,白云花园总站,113.287874,23.217719,223路、268路、831路
白云货运站,白云货运,白云货运站,BV10323065,,白云货运站,113.333661,23.298123,563路、828路、夜76路
白云机场1号航站楼(25号门),白云机场1号航站楼(25号门),白云机场1号航站楼(25号门),BV09073370,,,113.298897,23.389608,708路、夜106路
白云机场一号航站楼(25号门),白云机场一号航站楼(25号门),白云机场一号航站楼(25号门),BV09136241,,,113.298569,23.389662,708路
白云机场T1航站楼,白云机场T1航站楼,白云机场T1航站楼,BV11172126,,,113.298134,23.389739,机场快线7A线、机场快线7B线、机场快线7号C线
白云机场T1航站楼A区,白云机场T1航站楼A区,白云机场T1航站楼A区,BV11430831,,,113.300367,23.391166,机场快线7B线、机场快线7号C线
白云机场T1航站楼B区,白云机场T1航站楼B区,白云机场T1航站楼B区,BV11431045,,,113.296263,23.391891,机场快线7B线、机场快线7号C线、空港快线2号线、空港快线2线、空港快线3线
白云机场T1A区4号门外4号位,白云机场T1A区4号门外4号位,白云机场T1A区4号门外4号位,BV09238730,,,113.299593,23.388552,空港快线3线
白云机场T1A区到达大厅,白云机场T1A区到达大厅,白云机场T1A区到达大厅,BV11315202,,,113.300625,23.391170,空港快线2号线夜班
白云机场T1B区到达大厅,白云机场T1B区到达大厅,白云机场T1B区到达大厅,BV11315196,,,113.296263,23.391891,空港快线2号线夜班
白云机场T2航站楼,白云机场T2航站楼,白云机场T2航站楼,BV09002128,,,113.299589,23.398611,机场快线7A线、机场快线7B线、机场快线7号C线、空港快线2号线、空港快线2线、空港快线3线
白云机场T2西客运站,白云机场T2西客运,白云机场T2西客运站,BV11315199,,,113.298120,23.397782,空港快线2号线夜班
白云空港商务区,白云空港商务区,白云空港商务区,BV11577041,,白云空港商务区,113.288222,23.373582,空港1路
白云路,白云路,白云路,BV11688476,2,白云路②,113.275620,23.119363,125路、184路、192路、194路、264路、36路、7路、80路、夜12路、夜16路、广12路
白云路东,白云路东,白云路东,BV11687926,,白云路东,113.280001,23.122528,192路、211路、223路、264路、299路、35路、541路、542路、546路、548路、864路、91路、夜16路、夜39路、夜4路、夜93路、101路、104路
白云路总站,白云路总,白云路1,BV09376615,1,白云路①,113.277082,23.120917,264路、35路、502路、541路、54路、夜16路、夜39路、101路、104路
白云路总站,白云路总,白云路总站,BV10016236,3,白云路总站③,113.278085,23.121891,223路、4路、519路、夜107路
白云农批市场,白云农批市场,白云农批市场,BV10013964,,白云农批市场,113.332068,23.193590,201路、246路、502路、791路、804路、884路、241路
白云区气象局,白云区气象局,白云区气象局,BV11662480,,白云区气象局,113.252556,23.268082,796路
白云区图书馆,白云区图书馆,白云区图书馆,BV09162722,,,113.273752,23.205759,云山红色研学巴士1号线
白云区医院,白云区医院,白云区医院,BV10013971,,,113.308742,23.150062,504路、841路、884路、夜35路、高峰快线35路
白云区政务中心,白云区政务中心,白云区政务中心,BV09000545,2,白云区政务中心（地铁乐嘉路站）②,113.254353,23.177023,244A路、244路、251路、268路、280路、298路、32路、475路、702路、807路、810路、886路、夜35路、夜95路、广424路、空港快线2号线夜班、高速专线2路
白云区政务中心,白云区政务中心,白云区政务中心1,BV09172232,1,白云区政务中心（地铁乐嘉路站）②,113.254353,23.177023,244A路、244路、254路、268路、271路、58A路、58路、807A路、夜107路、夜122路、夜22路、夜95路
白云区政务中心,白云区政务中心,白云区政务中心2,BV09226078,2,白云区政务中心（地铁乐嘉路站）②,113.254739,23.174079,251路、523A路、702路、752路、807A路、807路、810路、高速专线2路
白云山管理局,白云山管理局,白云山管理局2,BV09329720,2,白云山管理局②,113.284312,23.157106,223路、245路、24路、298路、32路、46路、540路、63路、B18路、夜35路
白云山管理局,白云山管理局,白云山管理局,BV10013651,1,白云山管理局,113.284557,23.156976,175路、179路、199路、223路、245路、24路、298路、32路、46路、540路、63路、夜35路
白云山西门,白云山西门,白云山西门,BV11507216,,白云山西门,113.280858,23.198946,广424路
白云山制药厂(后山宿舍),白云山制药厂(后山宿舍),白云山制药厂,BV10016352,,白云山制药厂,113.314318,23.210720,126路、136路、792A路、804路、832路、833路、864路、夜90路、夜95路
白云山制药厂(后山宿舍),白云山制药厂(后山宿舍),白云山制药厂(后山宿舍),BV11401180,,白云山制药厂（后山宿舍）,113.314060,23.211023,126路、792A路、804路、832路、833路、864路、夜90路、夜95路
白云山制药厂总站,白云山制药厂总,白云山制药厂总站,BV10014380,,白云山制药厂总站,113.318268,23.203833,179路、832路、836路、83路、864路、夜24路
白云山中药厂,白云山中药厂,白云山中药厂,BV10019228,,白云山中药厂,113.332622,23.198695,246路、791路
白云社会福利服务中心,白云社会福利服务中心,白云社会福利服务中心,BV10649586,,白云社会福利服务中心,113.353106,23.323604,724路、976路
白云索道,白云索道,白云索道,BV11688415,,白云索道,113.286957,23.157429,245路、大学城专线1路、高峰快线21路、高峰快线80路
白云文化广场总站,白云文化广场总,白云文化广场总站,BV10021204,,白云文化广场总站,113.268768,23.193814,522路、555路、广424路
白云仙馆,白云仙馆,白云仙馆,BV10013649,,白云仙馆,113.285169,23.154079,245路、63路、旅游公交1线
白云学院,白云学院,白云学院,BV09012411,,白云学院,113.208386,23.274782,474路、523路、523路快线、654路、723路、837路、843路、977路
百晟汇翠湾(招呼站),百晟汇翠湾(招呼站),百晟汇翠湾(招呼站),BV09305526,,,113.820974,23.311138,旅游专线1路
百晟汇翠湾(招呼站),百晟汇翠湾(招呼站),百晟汇翠湾,BV11119341,,百晟汇翠湾,113.820974,23.311138,增城15路快线、增城16路、增城48路、增城5路
百鹤路口,百鹤路口,百鹤路口,BV09403755,,百鹤路口,113.217929,23.093874,965路
百湖村,百湖村,百湖村,BV10015985,,百湖村,113.657170,23.201444,增城12路、增城36路
百花古寺,百花古寺,百花古寺,BV09239832,,百花古寺,113.635650,23.195115,增城40路
百花岭北街,百花岭北街,百花岭北街,BV11477134,,百花岭北街,113.267521,23.240049,755路、978路、夜63路
百花岭北街口,百花岭北街口,百花岭北街口,BV11477135,,百花岭北街口,113.269515,23.234914,755路、978路、夜63路
百花路,百花路,百花路,BV10017962,,百花路,113.224407,23.097752,193路、411路、780路
百花路口,百花路口,百花路口,BV10679135,,百花路口,113.219899,23.096146,965路
百花山庄,百花山庄,百花山庄,BV11363549,,百花山庄,113.791429,23.313309,增城3路、增城47路
百乐门食街,百乐门食街,百乐门食街,BV10023232,,百乐门食街,113.307532,23.032439,番188路
百亩园,百亩园,百亩园,BV11465423,,百亩园,113.194763,23.062703,452路
百年光电厂站,百年光电厂,百年光电厂站,BV10382350,,,113.384690,22.797287,南46路
百稔庄,百稔庄,百稔庄,BV11295051,,百稔庄,113.279790,23.295847,753路
百寿南路,百寿南路,百寿南路,BV10015556,,百寿南路,113.232590,23.406247,19路直达快线、花25路
百顺北路,百顺北路,百顺北路,BV11482221,,百顺北路,113.289687,23.238590,539路、656路、663路、665路、671路、799路、924路、夜62路
百顺北路(岭南新世界)总站,百顺北路(岭南新世界)总,百顺北路(岭南新世界)总站,BV09245159,,百顺北路（岭南新世界）总站,113.288773,23.238516,665路、743路
百顺北路总站,百顺北路总,百顺北路总站,BV11655931,,百顺北路（岭南新世界）总站,113.287490,23.237838,425路、665路、76路、743路
百顺南路,百顺南路,百顺南路,BV11594764,,百顺南路,113.290567,23.237153,539路、656路、663路、665路、667路、671路、76路、798路、799路、924路、夜62路、743路
百万葵园站,百万葵园,百万葵园站,BV10015827,,百万葵园,113.615250,22.634360,南21路、南25路、南沙G1路
百足桥,百足桥,百足桥,BV10019237,,百足桥,113.348568,23.268357,246路、504路、夜74路
柏林艺术馆,柏林艺术馆,柏林艺术馆,BV10805084,,柏林艺术馆,113.076022,23.003665,佛251路
柏塘,柏塘,柏塘,BV10018675,,柏塘,113.294110,23.305080,510路、751路、840路、夜123路、夜94路
柏塘工业区总站,柏塘工业区总,柏塘工业区总站,BV10019023,,柏塘工业区总站,113.316657,23.302301,751路
柏塘中心公园,柏塘中心公园,柏塘中心公园,BV09069499,,柏塘中心公园,113.316083,23.302199,夜123路
柏兴东路,柏兴东路,柏兴东路,BV11588299,,柏兴东路,113.310117,23.304344,751路
柏兴中路,柏兴中路,柏兴中路,BV11328434,,柏兴中路（柏塘村委）,113.301476,23.303273,751路
柏兴中路东,柏兴中路东,柏兴中路东,BV11588300,,柏兴中路东,113.304889,23.303949,751路
柏悦湾,柏悦湾,柏悦湾,BV10588905,,柏悦湾,113.216678,23.123661,416路
班岭村,班岭村,班岭村,BV10847169,,班岭村,113.449692,23.197465,325路、345A路、345路、396路、83路、946路、夜60路、夜81路、333路
班岭村口,班岭村口,班岭村口,BV10847182,,班岭村口,113.452616,23.201315,345A路、345路、396路、夜60路、333路
板桥村(金源路口),板桥村(金源路口),板桥村(金源路口),BV11344598,,板桥村（金源路口）,113.378796,23.017827,公交地铁接驳专线9路、番72路
板桥东,板桥东,板桥东,BV10014329,,板桥东,113.382745,23.012626,302A路、公交地铁接驳专线8路、番17路、番17路长线
板桥西,板桥西,板桥西,BV11171491,,板桥西,113.380409,23.012984,公交地铁接驳专线8路、公交地铁接驳专线9路、番17路、番17路长线、番72路
板头村站,板头村,板头村站,BV10015860,,板头村,113.543644,22.792476,南1路B、南沙18路、南沙49路、南沙4路、番141路
板头市场站,板头市场,板头市场站,BV10015932,,板头市场,113.542939,22.793438,南夜4路、南沙4路、南沙63路A线、南沙63路B线、南沙8路
半岛花园总站,半岛花园总,半岛花园总站,BV10393934,,半岛花园总站,113.174562,23.132542,广123路
半径站,半径,半径站,BV11491317,,半径站,113.838661,23.729801,从602路
半坑,半坑,半坑,BV09149519,,,113.154880,23.150074,广281路
伴河路,伴河路,伴河路,BV10017526,,伴河路,113.506461,23.155000,334路
伴河路(瑞祥路口),伴河路(瑞祥路口),伴河路(瑞祥路口),BV11483405,,伴河路（瑞祥路口）,113.509016,23.148745,334路
湴汾村,湴汾村,湴汾村,BV10016259,,,113.819632,23.466708,增城42路
湴湖,湴湖,湴湖,BV11388326,,湴湖（广州科技学院）,113.453782,23.409076,650路、714路、725路、738路、从5路长线、从805路、夜116路
湴湖村委,湴湖村委,湴湖村委,BV11522309,,湴湖村委,113.454627,23.421634,738路
湴湖黑叶园,湴湖黑叶园,湴湖黑叶园,BV11522304,,湴湖黑叶园,113.451235,23.420766,738路
湴湖卫生站,湴湖卫生,湴湖卫生站,BV11522308,,,113.451475,23.411670,738路
湴湄村站,湴湄村,湴湄村,BV09178574,,湴湄村,113.337990,22.865230,南41路、南沙68路
湴湄村口站,湴湄村口,湴湄村口站,BV11176036,,,113.337990,22.865230,南41路
湴湄村委站,湴湄村委,湴湄村委站,BV09232734,,,113.317070,22.864676,南41路
湴塘,湴塘,湴塘,BV11115209,,湴塘,113.727225,23.623555,从14路、从19路
邦盛二路,邦盛二路,邦盛二路,BV11624170,,邦盛二路,113.245221,23.349724,花22路
邦一工业园,邦一工业园,邦一工业园,BV11691203,,邦一工业园,113.243216,23.351265,707路、花21路、花21路夜班
蚌湖,蚌湖,蚌湖站,BV11589185,,蚌湖,113.255243,23.299604,843路、夜129路
蚌湖公园,蚌湖公园,蚌湖公园,BV10019049,,蚌湖公园,113.255602,23.300576,652路、843路
蚌湖桥南,蚌湖桥南,蚌湖桥南,BV10019045,,蚌湖桥南,113.265800,23.290812,753路
蚌湖清河大街总站,蚌湖清河大街总,蚌湖清河大街总站,BV09314979,,蚌湖清河大街总站,113.264060,23.289625,753路
蚌湖市场,蚌湖市场,蚌湖市场站,BV11589189,,蚌湖市场,113.253631,23.297208,652路、843路、夜129路
傍江东村,傍江东村,傍江东村,BV10023352,,傍江东村,113.403648,22.947946,番3路、番92路/番92路、番93路、番93路短线
傍江西村,傍江西村,傍江西村,BV11469169,,傍江西村,113.400057,22.946480,番100路、番16路、番19路、番3路、番68路、番92路/番92路
傍西医院,傍西医院,傍西医院,BV10023207,,傍西医院,113.396267,22.947062,番111路、番16路、番19路
傍新路口,傍新路口,傍新路口,BV10023353,,傍新路口,113.406616,22.949861,番3路、番92路/番92路、番93路、番93路短线
傍雁路(亚运大道路口),傍雁路(亚运大道路口),傍雁路(亚运大道路口),BV09329721,,傍雁路,113.406186,22.940318,番99路
傍雁路(亚运大道路口),傍雁路(亚运大道路口),傍雁路,BV11117854,,傍雁路,113.406337,22.940469,番100路、番93路、番99路
傍雁路临时公交总站,傍雁路临时公交总,傍雁路临时公交总站,BV11151539,,傍雁路临时公交总站,113.403995,22.945426,301路、番16路、番19路、番1路、番68路、番6路、番93路短线
傍雁路中站,傍雁路中,傍雁路中站,BV09200221,,傍雁路中,113.405198,22.942825,301路、番100路、番16路、番19路、番1路、番68路、番6路、番93路、番99路、番93路短线
宝城花园南,宝城花园南,宝城花园南,BV10262459,,,113.794605,23.030277,莞G7路
宝丰路,宝丰路,宝丰路,BV10022799,,宝丰路,113.549633,23.093812,B30路
宝峰北路,宝峰北路,宝峰北路,BV11450304,,,113.171527,23.477131,花89路
宝峰路口,宝峰路口,宝峰路口站,BV09002100,,宝峰路口,113.167203,23.468355,花23路、花81路
宝岗大道北,宝岗大道北,宝岗大道北,BV10016120,,宝岗大道北,113.255514,23.106899,121A路、121路、194路、243路、244A路、244路、250路、270路、273路、527路、527路机电班车、530路、53路、5路、B8路、夜120路、夜22路、夜36路、夜37路、夜55路、夜89路、113路
宝岗大道南,宝岗大道南,宝岗大道南,BV10016123,,宝岗大道南,113.264872,23.090298,121路、186路、226路、244A路、244路、250路、285路、29路、527路、527路机电班车、530路、813路、91路、夜120路、夜22路、夜36路、夜45路、夜55路、夜93路
宝岗大道中,宝岗大道中,宝岗大道中,BV10016126,,宝岗大道中,113.257785,23.102654,121A路、121路、194路、243路、244A路、244路、250路、270路、273路、527路、527路机电班车、530路、53路、5路、B8路、夜120路、夜22路、夜36路、夜37路、夜55路、夜89路、113路
宝岗大道总站,宝岗大道总,宝岗大道总站,BV10018533,,宝岗大道总站,113.258801,23.100838,194路、53路、B5路、B8路、夜23路、夜89路、夜93路
宝华路,宝华路,宝华路,BV10018663,,宝华路,113.236369,23.116921,15路、530路、61路、6路、夜5路
宝华路口,宝华路口,宝华路口,BV10016187,,宝华路口,113.235679,23.119217,2路、3路、61路、82路、夜33路
宝隆路,宝隆路,宝隆路,BV11590047,,,112.918421,23.354134,655A线
宝墨园总站,宝墨园总,宝墨园总站,BV10023082,,宝墨园总站,113.286565,22.898997,314路、佛314路、番12路旅游专线、番67路旅游专线
宝墨园总站,宝墨园总,番禺宝墨园,BV11571832,,,113.286683,22.899068,314路、佛349路
宝墨园总站,宝墨园总,宝墨园,BV11626409,,,113.286554,22.898989,佛349路
宝趣玫瑰世界,宝趣玫瑰世界,宝趣玫瑰世界,BV10022887,,宝趣玫瑰世界,113.579426,23.622579,从6路
宝盛广场,宝盛广场,宝盛广场,BV11276591,,宝盛广场,113.613801,23.158118,增城30路、增城31路、增城43路、增城44路、增城45路、增城64路、新塘万达1路
宝盛路口,宝盛路口,宝盛路口站,BV10252936,,,112.914290,23.238872,655A线、655B路、655路
宝石东路,宝石东路,宝石东路,BV11401096,,,113.169400,23.062140,同成社区公交接驳专线、同成社区接驳专线
宝田基村,宝田基村,宝田基村,BV11570522,,宝田基村,113.718727,23.180128,增城14路、增城34路
宝田加油站,宝田加油,宝田加油站,BV10015521,,宝田加油站,113.226468,23.388555,夜92路、花17路联民村、花1路、花75路、花76路、花84路、花9路
宝溪村委,宝溪村委,宝溪村委站,BV11398013,,宝溪村委站,113.433353,23.702500,从908路
宝溪村一队,宝溪村一队,宝溪村一队,BV11398023,,宝溪村一队站,113.424919,23.703104,从908路
宝鸭北路,宝鸭北路,宝鸭北路,BV10013749,,宝鸭北路,113.227887,23.196054,176路、428路
宝业路,宝业路,宝业路,BV10417946,,宝业路,113.256938,23.093930,220路、226路、489路、811路、813路、夜45路
宝业路口,宝业路口,宝业路口,BV10417945,,宝业路口,113.260931,23.095278,220路、226路、489路、813路
宝月,宝月,宝月,BV10253228,,,112.914714,23.249932,655A线、655B路、655路
保丰路,保丰路,保丰路,BV10915450,,保丰路,113.242532,23.034142,桂12路、桂21路
保丰围,保丰围,保丰围站,BV10015938,,保丰围,113.537325,22.655089,南沙16路、南沙9路团结围线、南沙9路缸瓦沙线
保利爱特城总站,保利爱特城总,保利爱特城总站,BV11284655,,保利爱特城总站,113.541730,23.146691,323路、349路、358路、391A路
保利城,保利城,保利城,BV11581336,,保利城,113.157286,23.379767,花19路
保利城南怡湾,保利城南怡湾,保利城南怡湾站,BV09412958,,保利城南怡湾,113.483291,22.827476,南14路、南61路、南夜1路、南沙61路短线、南沙夜1路
保利红棉花园,保利红棉花园,保利红棉花园,BV10016107,,保利红棉花园,113.270207,23.078160,180路、221路、527路、527路机电班车、530路、544路、546路、551路、59路、夜120路、夜32路、夜55路、79路
保利花园(南石头),保利花园(南石头),保利花园(南石头),BV10021897,1,保利花园（南石头）①,113.268794,23.076213,180路、220路、221路、230路、288路、29路、303路、309路、31路、469路、521路、527路、527路机电班车、530路、544路、546路、551路、583路、59路、75路、9路、夜120路、夜24路、夜3路、夜55路、夜7路、79路、87路
保利时代,保利时代,保利时代,BV09376472,,,113.624141,23.572909,从化13路
保利天悦,保利天悦,保利天悦,BV11662491,,保利天悦,113.374953,23.107006,夜108路
保利香逸花园,保利香逸花园,保利香逸花园,BV10668285,,保利香逸花园,113.356037,22.915579,番19路、番9路、番9路长线
保利心语花园,保利心语花园,保利心语花园,BV11474165,,保利心语花园,113.242152,23.038562,桂11路、桂21路
保利星海小镇站,保利星海小镇,保利星海小镇站,BV10840523,,保利星海小镇,113.347779,22.838265,南68路快线、南沙68路
保利亚奥北苑(黄山路),保利亚奥北苑(黄山路),保利亚奥北苑,BV10424941,,保利亚奥北苑,113.486097,22.969627,番132路旅游专线、番162B路、番夜3路
保利亚奥北苑(黄山路),保利亚奥北苑(黄山路),保利亚奥北苑(黄山路),BV11421981,,,113.483972,22.968541,番93路
保利亚奥南苑,保利亚奥南苑,保利亚奥南苑,BV11141659,,保利亚奥南苑,113.485709,22.965639,番132路旅游专线、番162B路、番夜3路
保利一号公馆,保利一号公馆,保利一号公馆,BV11092637,,保利一号公馆,113.811251,23.265492,增城10路、增城10路快线、增城5路、增城8路、增夜2路
保利紫云,保利紫云,保利紫云,BV11637814,,保利紫云,113.246780,23.192490,662路
保良村,保良村,保良村,BV11497171,,保良村,113.358975,23.422034,716路、花84路
保税区(酒博城)总站,保税区(酒博城)总,保税区(酒博城)总站,BV09385630,,保税区（酒博城）总站,113.536679,23.077297,516路
保税区(酒博城)总站,保税区(酒博城)总,保税区总站,BV10022078,,保税区（酒博城）总站,113.536674,23.077159,B28路、夜41路
保税区南门,保税区南门,保税区南门,BV10022081,,保税区南门,113.528291,23.068226,363路、516路、B28路、夜41路
保盈大道站,保盈大道,保盈大道站,BV09269180,,保盈大道,113.520875,23.076313,453A路、453路环线、516路、567路、569路、571B路、572路、573路快线、575路、B28路、B29路、夜41路、夜49路
保盈大道站,保盈大道,保盈大道(南行),BV09344024,,保盈大道,113.520951,23.076121,广369路
保盈大道站,保盈大道,保盈大道(北行),BV09344028,,保盈大道,113.521182,23.076435,广369路
保盈大道东,保盈大道东,保盈大道东,BV09223987,,,113.528334,23.077978,363路
保盈大道西,保盈大道西,保盈大道西,BV09223985,,,113.523862,23.077996,363路
报德祠,报德祠,报德祠,BV10024432,,报德祠,113.796167,23.417203,增城70路
碑记街北路口,碑记街北路口,碑记街北路口,BV09257864,,,113.282989,23.284329,龙归3线
碑记街路口,碑记街路口,碑记街路口,BV09257865,,,113.280920,23.283929,龙归3线
北站,北,北站1,BV09226114,1,北站（三元里大道）①,113.248931,23.166339,176路、185路、740路、975路、夜26路、夜77路、夜87路、108路、105路、113路
北站,北,北站,BV10013762,2,北站（三元里大道）②,113.248572,23.166358,176路、21路、274路、278路、475路、519路、528路、538路、540路、555路、556路、7路、803路、975路、夜105路、夜107路、夜12路、夜26路、夜87路、108路、105路、113路
北岸花园,北岸花园,北岸花园,BV11322316,,,113.581730,23.023254,莞618路、莞619路、莞86路
北城白云花园,北城白云花园,北城白云花园,BV10019940,,北城白云花园,113.362354,22.953531,番21B路、番27路、番4B路
北城公交站,北城公交,北城公交站,BV10023190,,,113.360255,22.945817,夜88路
北城公交总站,北城公交总,北城公交总站,BV09011622,,,113.360255,22.945817,夜88路
北村,北村#1,北村,BV11688527,,北村,113.292949,23.299378,510路、751路、840路、夜123路、夜94路
北村,北村#2,北村,BV09006200,,北村,113.172033,23.125260,佛244路、广123路、广281路、沥12路
北村德星里,北村德星里,北村德星里,BV10252209,,北村德星里,113.172835,23.127523,佛244路、沥12路
北村路,北村路,北村路,BV10625233,,北村路,113.168475,23.115219,佛244路、佛沥18路、广123路
北村桥站,北村桥,北村桥站,BV11482983,,北村桥,113.291888,23.295292,427路、753路
北村闸,北村闸,北村闸,BV11688704,,北村闸,113.174423,23.132148,佛244路、佛沥12高峰线、广281路、沥12路
北帝庙,北帝庙,北帝庙,BV10022837,,北帝庙,113.572705,23.553669,从1路东线、从1路西线、从21路长线、从夜3路
北斗渡口,北斗渡口,北斗渡口站,BV09009791,,北斗渡口,113.340948,22.889672,南41路、番6路、番7路
北斗渡口,北斗渡口,北斗渡口站2,BV09253463,2,,113.339136,22.888913,南41路
北斗渡口,北斗渡口,北斗渡口站1,BV09269674,1,北斗渡口,113.340948,22.889672,南60路、南沙68路
北斗桥底站,北斗桥底,北斗桥底站,BV10323095,,北斗桥底,113.346844,22.890694,南60路、南沙68路
北海村水果批发市场,北海村水果批发市场,北海村水果批发市场,BV10023281,,北海村水果批发市场,113.340275,22.936145,番22B路、番22路
北海村总站,北海村总,北海村总站,BV10023280,,北海村总站,113.337050,22.933992,番22B路、番22路
北湖三路,北湖三路,北湖三路,BV11688741,,北湖三路（南湖三路）,113.054231,23.063058,佛250路、佛277路
北环路,北环路,北环路,BV09357587,,北环路（渔人码头）,113.290949,23.049573,番188路
北环路(圃结街路口),北环路(圃结街路口),北环路(圃结街路口),BV11627531,,北环路（渔人码头）,113.286458,23.052261,番188路
北环路北,北环路北,北环路北,BV09412892,,,113.178080,23.128367,佛沥12高峰线
北环路东,北环路东,北环路东,BV11579688,,,113.189889,23.122967,佛沥12高峰线
北环路中,北环路中,北环路中,BV11579689,,,113.183887,23.123727,佛沥12高峰线
北较场横路,北较场横路,北较场横路,BV11328395,,北较场横路,113.275429,23.139372,483路
北较场路,北较场路,北较场路,BV11328397,,北较场路,113.272552,23.140595,483路
北滘公园,北滘公园,北滘公园,BV10255226,,,113.208078,22.934533,佛349路
北滘交警中队,北滘交警中队,北滘交警中队,BV10254185,,,113.212377,22.908284,佛349路
北滘商业广场,北滘商业广场,北滘商业广场,BV10254562,,,113.209942,22.934505,佛349路
北滘文化广场,北滘文化广场,北滘文化广场,BV10254085,,,113.200274,22.923087,佛349路
北滘行政服务中心,北滘行政服务中心,北滘行政服务中心,BV10254563,,,113.212576,22.937111,佛349路
北京路口,北京路口,北京路口站,BV11402648,,北京路口,113.264607,23.124011,3路、541路、66路、B8路、夜121路、夜36路、夜39路
北流村站,北流村,北流村站,BV10382348,,,113.389220,22.802966,南46路
北流村口,北流村口,北流村口,BV09315213,,,113.391790,22.799672,南59路
北龙路站,北龙路,北龙路站,BV11171607,,,113.381025,22.798999,南59路
北汽,北汽,北汽,BV10421870,,北汽,113.853761,23.246382,增城18路、增城1路、增城74路、增城7路
北山,北山,北山,BV10013862,,北山,113.369619,23.086550,461路、461路班车、B25路、夜48路、夜70路、大学城专线1路、大学城专线2路、大学城专线3路、大学城专线4路、高峰快线74路
北山村,北山村,北山村,BV10013668,,北山村,113.363678,23.085033,264A路、264路、801路、夜70路、大学城专线3路
北山村(新滘东路),北山村(新滘东路),北山村(新滘东路),BV11475052,,北山村（新滘东路）,113.361746,23.087896,264A路、264路、801路
北山村总站(新滘东路),北山村总站(新滘东路),北山村总站(新滘东路),BV10022387,,北山村（新滘东路）总站,113.361827,23.087845,夜70路
北山公园,北山公园,北山公园,BV10018260,,北山公园,113.364421,23.083826,461路、夜70路
北山路口,北山路口,北山路口,BV10019070,,北山路口总站,113.361000,23.088510,761路
北山总站,北山总,北山总站,BV10541319,,北山,113.364075,23.084706,461路
北社路,北社路,北社路,BV10550118,,,113.410802,23.242519,333A路
北社路中,北社路中,北社路中,BV10550114,,,113.413276,23.242606,333A路
北师大实验学校西门,北师大实验学校西门,北师大实验学校西门,BV09103169,,北师大实验学校西门,113.487201,23.206785,330A路
北太路(创新路口),北太路(创新路口),北太路(创新路口),BV11503038,,北太路（创新路口）,113.306124,23.297241,728路、735路、夜123路
北太路柏塘村口,北太路柏塘村口,北太路柏塘村口,BV11166353,,北太路柏塘村口,113.315437,23.297668,728路、735路
北太路东,北太路东,北太路东,BV10019298,,北太路东,113.335726,23.298190,728路、828路
北太路西,北太路西,北太路西,BV11166350,,北太路西,113.299813,23.296668,728路、735路、夜123路
北太路中,北太路中,北太路中,BV11488535,,北太路中,113.323818,23.297835,728路、735路
北亭村大街,北亭村大街,北亭村大街,BV11683385,,北亭村大街,113.371053,23.055035,35路、361路、86路、997路、夜128路、大学城环线2路
北向庄,北向庄,北向庄,BV09209212,,北向庄,113.366195,23.407580,473路、734路
北星,北星,北星站,BV10018723,,北星,113.579271,23.557461,从18路、从6路、从6路支线、从901路、从902路
北星路口,北星路口,北星路口,BV11657598,,,113.591698,23.543451,从19路密石班车
北兴,北兴,北兴,BV10019353,1,北兴,113.415472,23.428360,714路、花84路、高峰快线72路
北兴供电所,北兴供电所,北兴供电所,BV11388332,,北兴供电所,113.419009,23.428935,714路、夜116路、花84路、高峰快线72路
北兴卫生院,北兴卫生院,北兴卫生院,BV09112242,,北兴卫生院,113.412499,23.427918,709路、714路、夜116路、高峰快线72路
北兴中心小学,北兴中心小学,北兴中心小学,BV11226214,,北兴中心小学,113.419665,23.430390,高峰快线72路
北兴中学,北兴中学,北兴中学,BV11226216,,北兴中学,113.419260,23.434633,高峰快线72路
北园西路,北园西路,北园西路,BV10023646,,北园西路,113.291520,23.047599,公交地铁接驳专线4路、番188路
北站路,北站路,北站路,BV11671078,,北站路,113.246803,23.167374,740路
北站社区,北站社区,北站社区,BV11671079,,北站社区,113.242600,23.169502,740路
北站总站,北站总,北站总站,BV10018339,,北站（三元里大道）总站,113.247854,23.166762,480路
背阴村,背阴村,背阴村,BV11119640,,背阴村,113.793902,23.562750,增城61路
背荫,背荫,背荫,BV11152766,,背荫,113.635646,23.784864,从603路、从604路
奔马厂,奔马厂,奔马厂,BV10016840,,奔马厂,113.625411,23.116550,增城25路、增城38路
比亚迪,比亚迪,比亚迪站,BV11491336,,比亚迪,113.516907,23.611638,从1路西线、从401路、从402路、从化921路
笔村立交北,笔村立交北,笔村立交北,BV11466909,,笔村立交北,113.510538,23.126587,388路、573路快线、575路
笔村立交南,笔村立交南,笔村立交南站,BV10714266,,笔村立交南,113.508933,23.115329,214路、363路、376路、575路
笔村总站,笔村总,笔村总站,BV10017599,,笔村总站,113.523352,23.116052,567路
笔岗村,笔岗村,笔岗村,BV10022017,,笔岗村,113.523988,23.114866,321路、397路
笔岗村口,笔岗村口,笔岗村口,BV10017598,,笔岗村口,113.525583,23.111400,321路、397路、454路环线、567路
笔岗路,笔岗路,笔岗路,BV10021776,,笔岗路,113.537659,23.103217,340路、388路、397路、567路
笔岗新村总站,笔岗新村总,笔岗新村总站,BV10021388,,笔岗新村总站,113.502277,23.109981,360路
毕村,毕村,毕村站,BV11165782,,毕村,113.176539,23.382005,705路、花112路、花115路、花19路、花21路、花21路夜班、花5路
毕村桥,毕村桥,毕村桥,BV11375032,,毕村桥,113.180131,23.400966,713路、花68路、花68路白坭班车、花68路短线、花70路、花70路短线、花80路
毕村西,毕村西,毕村西站,BV09407005,,毕村西,113.166656,23.391203,花21路、花21路夜班、花22路、花68路、花68路白坭班车、花68路短线
毕村西桥,毕村西桥,毕村西桥,BV11375030,,毕村西桥,113.133410,23.377870,花115路、花39路短线、花5路、花68路、花68路白坭班车、花68路短线
弼唐,弼唐,弼唐,BV11108174,,弼唐,113.089322,23.019489,佛251路
碧翠华庭站,碧翠华庭,碧翠华庭站,BV10973342,,碧翠华庭,113.185863,23.105899,广419路
碧桂东苑,碧桂东苑,碧桂东苑,BV09001141,,碧桂东苑,113.283717,22.955176,番108B路、番125路、番125路高峰直达短线、番129路、番97路、番9路长线
碧桂路三乐路口,碧桂路三乐路口,碧桂路三乐路口,BV11049192,,,113.261108,22.912131,佛349路
碧桂西苑,碧桂西苑,碧桂西苑,BV10254063,,碧桂西苑,113.257618,22.952315,佛K330路/K330路快线
碧桂园,碧桂园,碧桂园,BV09057076,,,113.355510,22.999080,
碧桂园(会所),碧桂园(会所),碧桂园(会所),BV11615670,,碧桂园（漾翠苑）,113.351066,22.999324,番88路
碧桂园,碧桂园#1,碧桂园,BV10253995,,碧桂园,113.269010,22.957526,佛K330路/K330路快线
碧桂园,碧桂园#2,碧桂园,BV10015400,,碧桂园,113.799699,23.290091,增城13路、增城48路、增城4路
碧桂园,碧桂园#3,碧桂园,BV09041130,,碧桂园（漾翠苑）,113.347031,22.998162,番88路
碧桂园北门,碧桂园北门,碧桂园北门,BV10020762,,碧桂园北门,113.798620,23.296172,增城13路、增城3路、增城47路、增城48路、增城4路、增城77路
碧桂园豪庭站,碧桂园豪庭,碧桂园豪庭站,BV11070087,,,113.539547,22.793330,南沙31路A线、南沙31路B线
碧桂园豪园,碧桂园豪园,碧桂园豪园,BV10020811,,碧桂园豪园,113.821497,23.223558,增城10路、增城10路快线、增城8路、增夜2路
碧桂园假日半岛,碧桂园假日半岛,碧桂园假日半岛,BV09187511,,,113.070150,23.447161,花81路
碧桂园荔园,碧桂园荔园,碧桂园荔园,BV10326918,,碧桂园荔园,113.840706,23.280095,增城47路、增城4路、增城74路
碧桂园路口,碧桂园路口,碧桂园路口,BV11375033,,碧桂园路口,113.068363,23.445294,花39路短线、花68路、花93路
碧桂园天玺湾站,碧桂园天玺湾,碧桂园天玺湾站,BV10015874,,碧桂园天玺湾,113.573815,22.800761,南53路、南沙19路、南沙62路、南沙G4路、南沙学1路、番143路
碧桂园映象,碧桂园映象,碧桂园映象,BV11210748,,碧桂园映象,113.620424,23.368385,增城11A路、增城54路、增城87路
碧桂园正门,碧桂园正门,碧桂园正门,BV11251216,,,113.799369,23.290901,增城3路、增城48路、增城4路
碧桂园芷兰湾,碧桂园芷兰湾,碧桂园芷兰湾,BV11393754,,碧桂园芷兰湾,113.285673,22.924985,番68路
碧桂园中门,碧桂园中门,碧桂园中门,BV10388907,,碧桂园中门,113.799038,23.293201,增城13路、增城3路、增城47路、增城48路、增城4路、增城77路
碧桂园中新首府,碧桂园中新首府,碧桂园中新首府,BV10934913,,碧桂园中新首府,113.629722,23.353927,增城11A路、增城11路、增城36路
碧山村,碧山村,碧山村,BV09005647,1,碧山村①,113.449404,23.126188,326路、338路、339路、344路、347路、355路、438路、459路、943路、B24路、夜104路、夜97路、320路
碧山村,碧山村,碧山村1,BV09072664,1,碧山村①,113.449832,23.127115,324路、326路、338路、339路、344路、355路、459路、943路、B24路、夜104路、夜97路、320路
碧山村站1,碧山村站1,碧山村站1,BV11621196,1,碧山村①,113.449832,23.127115,
碧山村总站,碧山村总,碧山村总站,BV10018135,,碧山村总站,113.455318,23.126443,438路
碧水新村,碧水新村,碧水新村,BV11116068,,碧水新村,113.721342,23.703861,从606路
碧水新村总站,碧水新村总,碧水新村总站,BV11491296,,碧水新村,113.728510,23.707858,从605路
碧映路东,碧映路东,碧映路东,BV10022175,,碧映路东,113.321599,23.091330,464路
碧映路西,碧映路西,碧映路西,BV10022176,,碧映路西,113.318518,23.091633,464路
壁珑湾站,壁珑湾,壁珑湾站,BV11457216,,,113.525313,22.802222,南沙W1A路
璧珑湾站,璧珑湾,璧珑湾站,BV11294638,,璧珑湾,113.525313,22.802222,南沙W1B路
边防指挥学校,边防指挥学校,边防指挥学校,BV11486939,,,113.411995,23.135549,326路、347路、348路、403路、432A路、448路、465路、903路、944路、B29路、夜34路、夜46路
边潭村站,边潭村,边潭村站,BV10022142,,边潭村,113.583801,23.258471,444路
变电站,变电,变电站,BV10019710,,变电站,113.288859,22.949285,番108B路、番129路、番9路长线
滨海半岛站,滨海半岛,滨海半岛站,BV10015900,,滨海半岛,113.526552,22.787796,南61路、南沙31路A线、南沙54路、南沙32路
滨海公园,滨海公园,滨海公园站,BV11583740,,滨海公园,113.609387,22.750216,南沙4路、南沙54路、南沙旅游1路
滨海花园,滨海花园#1,滨海花园站,BV10323105,,滨海花园,113.526102,22.784964,南27路、南61路、南沙13路、南沙31路A线、南沙31路B线、南沙54路、南沙32路
滨海花园,滨海花园#2,滨海花园,BV09142974,,滨海花园,113.823047,23.282834,增城47路、增城5路
滨海珺城站,滨海珺城,滨海珺城站,BV11173724,,,113.531810,22.781349,南沙31路A线、南沙31路B线
滨海路站,滨海路,滨海路站,BV11420062,,,113.586834,22.743599,九王庙临时接驳线内环
滨海绿道站,滨海绿道,滨海绿道站,BV09076012,,滨海绿道,113.586739,22.743473,九王庙临时接驳线外环、南沙W2路、南沙旅游1路
滨海实验学校(南校区)站,滨海实验学校(南校区),滨海实验学校(南校区)站,BV09061523,,,113.508968,22.792062,南55路
滨海水晶湾站,滨海水晶湾,滨海水晶湾站,BV10015898,,滨海水晶湾,113.528607,22.780143,南27路、南61路、南沙13路、南沙54路、南沙32路
滨河路,滨河路,滨河路,BV10022130,,滨河路,113.518141,23.070533,440路
滨河路西,滨河路西,滨河路西,BV09344818,,滨河路西,113.513332,23.070872,440路
滨江东路,滨江东路,滨江东路,BV10018259,,滨江东路,113.282736,23.109521,11路、121A路、121路、131A路、131B路、182路、211路、229路、247路、24路、266路、36路、460路、548路、8路、B21路、夜12路、夜42路、夜6路、旅游公交2线
滨江东路总站,滨江东路总,滨江东路总站,BV10016328,,滨江东路总站,113.305595,23.105220,225路
滨江绿园,滨江绿园,滨江绿园,BV10633547,,滨江绿园,113.318070,23.029428,番182路、番190路
滨江西路,滨江西路,滨江西路,BV11332159,,滨江西路,113.246912,23.107999,131B路、989路
滨江西路(洲咀大街),滨江西路(洲咀大街),滨江西路(洲咀大街),BV10019552,,滨江西路（洲咀大街）,113.243237,23.106493,131B路、188路、989路
滨江左岸,滨江左岸,滨江左岸,BV11571403,,,113.556940,23.007190,莞616路、莞618路
兵种训练营,兵种训练营,兵种训练营,BV09347411,,兵种训练营,113.140283,23.390033,花9路
玻璃厂,玻璃厂,玻璃厂,BV10509690,,玻璃厂,113.092617,23.422482,花2B路、花88路
菠萝山,菠萝山,菠萝山,BV11662634,,菠萝山,113.368373,23.215245,492路
伯奇桥,伯奇桥,伯奇桥,BV10256198,,伯奇桥,113.183190,23.139556,653路、夜112路、沥20路
驳塘街,驳塘街,驳塘街,BV10017608,,驳塘街,113.506476,23.339852,342路
博爱广场,博爱广场,博爱广场,BV10432514,,博爱广场,112.994969,23.118257,佛263路
博汇商业区总站,博汇商业区总,博汇商业区总站,BV11658178,,博汇商业区总站,113.501316,23.066022,440路、572路、B29路
博隽商务园,博隽商务园,博隽商务园,BV11451735,,博隽商务园,113.276023,22.990097,番101短线
博罗村,博罗村,博罗村,BV10018924,,博罗村,113.366840,23.386744,727路
博物馆,博物馆,博物馆,BV11363916,,博物馆,113.587776,23.550949,从20路、从4路、从5路、从夜1路、从4路快线
博艺幼儿园,博艺幼儿园,博艺幼儿园,BV11599618,,博艺幼儿园,113.294593,23.255572,嘉禾5线
博盈站,博盈,博盈站,BV10023175,,博盈,113.400321,22.889251,番150路
布岭路(新业路口),布岭路(新业路口),布岭路,BV11314255,,布岭路,113.558061,23.200798,330路、379路、夜60路
布岭路(新业路口),布岭路(新业路口),布岭路(新业路口),BV11314256,,布岭路（新业路口）,113.560644,23.199891,330路、379路、永和便民02线
布岭路口,布岭路口,布岭路口,BV10013838,,布岭路口,113.541883,23.208643,327A路、345A路、396A路环线、455路、333路
布心,布心,布心,BV11345913,,布心,113.191180,23.380272,花115路、花19路、花21路、花21路夜班、花5路
布心村,布心村,布心村,BV10432269,,布心村,113.192401,23.378143,705路、花31B路、花31路、花37路、703路
布新,布新,布新,BV10252207,,布新,113.101606,23.218425,佛244路、佛252路
步漖村,步漖村,步漖村,BV10018579,,步漖村,113.212180,23.080385,207路、70路、74路、782路、838路、962路、966路、夜113路
步律,步律,步律,BV10262693,,,113.627362,23.023492,莞609路
步行街,步行街,步行街,BV10019400,,步行街,113.149588,23.465119,花88路、花88路短线
步云村,步云村,步云村,BV11148022,,步云村,113.108702,23.339976,花5B路
埔南路,埔南路,埔南路,BV11602763,,埔南路,113.534075,23.129807,323路、340路、572路、夜73路
埔南路(翡翠绿洲)总站,埔南路(翡翠绿洲)总,埔南路(翡翠绿洲)总站,BV11456556,,埔南路（翡翠绿洲）总站,113.545682,23.137155,夜73路
埔南路东,埔南路东,埔南路东,BV11602759,,埔南路东,113.543463,23.131745,323路、340路、572路、夜73路
埔南路中,埔南路中,埔南路中,BV11602762,,埔南路中,113.537494,23.131000,323路、340路、572路、夜73路
埔心村,埔心村,埔心村,BV10382328,,埔心村,113.541952,23.352215,350路
埔心村口,埔心村口,埔心村口,BV09050666,,埔心村口,113.523372,23.349761,350路、650路、827路、夜126路
埔心路口,埔心路口,埔心路口,BV10021172,,埔心路口,113.535350,23.360783,362路
财富工业园,财富工业园,财富工业园,BV11690805,,财富工业园,113.245668,23.353746,707路、花21路、花21路夜班、花22路
财厅,财厅,财厅,BV09243512,,财厅,113.264531,23.128377,191路、243路、264路、7路、833路、夜12路、夜21路、夜89路、108路、102路、107路
彩滨北路,彩滨北路,彩滨北路,BV10022435,,彩滨北路,113.205860,23.175744,658A路、745路、佛里07B路、广746路
彩滨北路(西海岸),彩滨北路(西海岸),彩滨北路(西海岸),BV10022429,,彩滨北路（西海岸）,113.208350,23.172420,290路、429路循环线、55路、745路、夜96路、广746路
彩滨北路北,彩滨北路北,彩滨北路北站,BV09348790,,彩滨北路北,113.205072,23.177453,广746路
彩滨北路北,彩滨北路北,彩滨北路北站,BV11495706,,,113.204894,23.178207,广746路
彩虹桥,彩虹桥,彩虹桥,BV09001152,1,彩虹桥①,113.239001,23.133802,
彩虹桥,彩虹桥#1,彩虹桥2,BV09162064,2,彩虹桥②,113.239001,23.133802,133路、15路、52路、530路、555路、88路、夜11路、夜59路、夜95路、广260路、广275路、105路
彩虹桥,彩虹桥#1,彩虹桥1,BV09230293,1,彩虹桥①,113.239234,23.133967,133路、15路、268路、530路、555路、55路、88路、夜11路、夜30路、夜59路、105路
彩虹桥,彩虹桥#2,彩虹桥,BV11303536,,彩虹桥,113.786858,23.747177,从12路
彩虹社区,彩虹社区,彩虹社区,BV11137779,,彩虹社区,113.236888,23.133104,413路
彩虹戏院,彩虹戏院,彩虹戏院,BV09243518,,彩虹戏院,113.241245,23.135084,134路、181路、238路、4路、552路
彩频路,彩频路,彩频路站,BV10653035,,彩频路,113.429423,23.164747,364路、371路、396路、448路、506路、B22路、B4A路、夜81路
蔡边,蔡边,蔡边,BV10255595,,,112.904773,23.340536,655A线、655B路、655路
蔡边村,蔡边村,蔡边村,BV10019955,,蔡边村,113.374026,22.967274,番33路、番4路、番51路
蔡边村(番禺大道),蔡边村(番禺大道),蔡边村(番禺大道),BV11131946,,,113.371326,22.962970,番52路
蔡边村总站,蔡边村总,蔡边村总站,BV10015073,,蔡边村总站,113.374025,22.967086,番2路
蔡边市场,蔡边市场,蔡边市场,BV10015074,,蔡边市场,113.371796,22.964600,番2路、番33路、番4路、番51路
蔡二村(番禺大道),蔡二村(番禺大道),蔡二村(番禺大道),BV10992532,,,113.366750,22.966181,番52路
蔡二新村,蔡二新村,蔡二新村,BV10015075,,蔡二新村,113.369753,22.962456,番2路、番33路、番51路
蔡三村,蔡三村,蔡三村,BV10020031,,蔡三村（星力动漫产业园）,113.370254,22.971639,番27路、番7路、番89路
蔡三村口,蔡三村口,蔡三村口,BV10019956,,蔡三村口,113.375410,22.969690,番33路、番4路、番51路
蔡新路口站,蔡新路口,蔡新路口站,BV10014978,,蔡新路口,113.331533,22.833475,南41路、南43路、南44路、南45路、南60路、南68路快线、南沙33路、南沙68路、南沙G3路
仓边路,仓边路,仓边路1,BV09317752,1,仓边路①,113.267203,23.129599,190路、211路、36路、544路、66路、76A路、76路、864路、93路、夜121路、夜32路、夜4路、夜56路、夜89路、夜9路
仓边路,仓边路,仓边路2,BV09357063,2,仓边路2,113.266888,23.129973,10路、190路、191路、211路、233路、27路、36路、544路、66路、833路、夜121路、夜32路、夜4路、夜56路、夜89路
仓边路,仓边路,仓边路,BV10013930,2,仓边路②,113.267100,23.129751,
沧联二路,沧联二路,沧联二路站,BV11552290,,沧联二路,113.546139,23.122544,340路、439路
沧联社区,沧联社区,沧联社区,BV11549866,,沧联社区,113.540692,23.116951,340路、439路
沧联市场站,沧联市场,沧联市场站,BV09203191,,沧联市场,113.536959,23.115568,340路、439路
沧联小学,沧联小学,沧联小学站,BV11549864,,沧联小学,113.544788,23.118647,340路、439路
沧头桥,沧头桥,沧头桥,BV10017595,,沧头桥,113.544837,23.130363,340路、439路
藏书院村,藏书院村,藏书院村,BV10017065,,藏书院村,113.050230,23.317478,花5B路
曹边,曹边,曹边,BV10432505,,曹边,113.097712,23.085129,佛236路、佛251路
草埔,草埔,草埔,BV10501356,,草埔,113.916453,23.777522,从12路
草场,草场,草场,BV11541081,,草场,113.189901,23.188067,佛252路、佛里07B路、佛里07路、广231路、广657路、广974路班车、广夜91路、里07路、里07路短线/佛里07路里广快线、里14、里14路、里17路、里07路高峰线、广974路
草场村,草场村,草场村,BV09005953,,草场村,113.195270,23.198181,广657路、广夜91路
草场工业大道北站,草场工业大道北站,草场工业大道北站,BV11541074,,,113.192507,23.201857,
草场工业大道南站,草场工业大道南站,草场工业大道南站,BV11372652,,,113.186927,23.193734,
草场工业大道中站,草场工业大道中站,草场工业大道中站,BV11541076,,,113.188549,23.196300,
草场工业区,草场工业区,草场工业区站,BV11541079,,草场工业区,113.186023,23.190710,佛252路、佛里07路、广231路、广974路班车、里07路、里07路短线/佛里07路里广快线、里14、里14路、里17路、里07路高峰线、广974路
草场工业园,草场工业园,草场工业园,BV10733579,,,113.186411,23.190279,佛里07B路
草场居委会,草场居委会,草场居委会站,BV09005940,,草场居委会,113.190131,23.189772,广657路、广夜91路
草墩,草墩,草墩,BV10266620,,,113.749954,23.120355,莞G7路
草芳围,草芳围,草芳围,BV10014581,,草芳围,113.269718,23.114910,121A路、121路、131A路、131B路、16路、8路、B21路、夜6路
草河村,草河村,草河村站,BV10014912,,草河村,113.392294,22.916553,南沙54路、南沙65路、南沙67路、南沙68路、南沙70路、番11路、番140路、番141路、番142路、番143路、番150B路、番150路、番21B路、番28B路、番28路、番5路、番5路长线
草河村委,草河村委,草河村委,BV10023328,,,113.397250,22.915759,番28B路、番28路
草河牌坊,草河牌坊,草河牌坊,BV10023327,,草河牌坊,113.393606,22.914392,番28路
草河小学,草河小学,草河小学,BV10023329,,草河小学,113.400685,22.917815,番28B路、番28路
草罗村,草罗村,草罗村,BV09067304,,草罗村,113.219273,23.487280,花25B路
草弄庄站,草弄庄,草弄庄站,BV11591016,,草弄庄,113.194384,23.429466,花25路
草暖公园,草暖公园#1,草暖公园,BV10013622,,草暖公园,113.253863,23.148837,181路、251路、256路、290路、34路、38路、42路、7路、商务专线3路、夜14路、夜15路、夜25路、夜41路、夜55路、夜77路、夜8路、广275路
草暖公园,草暖公园#2,草暖公园,BV09137008,,草暖公园,113.078884,23.225578,佛244路、佛252路
草堂车站,草堂车,草堂车站,BV10015112,,草堂车站,113.459766,23.033211,番128路、番59路、番61路、番62路、番76路
草堂村,草堂村,草堂村,BV10015113,,草堂村,113.460219,23.030453,番128路、番59路、番61路、番62路、番77路
草塘村,草塘村,草塘村,BV10393621,,草塘村,113.096409,23.099356,佛200路
草庄村,草庄村,草庄村站,BV11330439,,草庄村,113.328018,23.324781,724路、985路
草庄村总站,草庄村总,草庄村总站,BV10022192,,草庄村总站,113.327672,23.324625,471路、659路
草庄东路口,草庄东路口,草庄东路口站,BV09242696,,草庄东路口,113.327537,23.319774,471路、724路、985路、659路
草庄公园,草庄公园,草庄公园,BV11117608,,草庄公园,113.326964,23.325354,797路
草庄南路,草庄南路,草庄南路,BV10019178,,草庄南路,113.327371,23.318637,471路、659路
岑村,岑村,岑村,BV11689186,2,岑村,113.373428,23.170680,581路、772路、773路、78A路、78路、B10路、B11路、夜53路、高峰快线32路
岑村公安宿舍,岑村公安宿舍,岑村公安宿舍站,BV11519174,,岑村公安宿舍,113.369833,23.172247,773路、78A路、78路、B10路、B11路
岑村红花岗,岑村红花岗,岑村红花岗1,BV09370266,1,岑村红花岗①,113.376810,23.165102,772路、773路、78路、B11路、夜68路、582路班车
岑村红花岗,岑村红花岗,岑村红花岗,BV11689166,2,岑村红花岗,113.376815,23.165558,28路、582路、772路、773路、776路、78路、901A路、901路、B11路、B4A路、夜101路、夜68路、582路班车
岑村小学,岑村小学,岑村小学(北行),BV09115544,,岑村小学,113.376705,23.167867,28路、582路班车
岑村小学,岑村小学,岑村小学(南行),BV09115545,,岑村小学,113.376562,23.167805,28路、582路班车
岑村小学,岑村小学,岑村小学,BV10019106,2,岑村小学,113.376706,23.167701,582路、772路、773路、776路、78路、901A路、901路、B11路、B4A路、夜101路、夜68路
岑村总站,岑村总,岑村总站,BV10018536,,岑村总站,113.377162,23.161683,78路、901路、B11路、582路班车
岑境村,岑境村,岑境村,BV10014233,,岑境村,113.220769,23.355381,702路、706路、706路早间短线、712路、夜87路、703路
曾边大道口,曾边大道口,曾边大道口,BV10387938,,曾边大道口,113.416858,23.021582,番52路
茶碑路北,茶碑路北,茶碑路北,BV11233013,,,113.182944,23.424494,花75路、花76路、花81路
茶东村(茶东路),茶东村(茶东路),茶东村(茶东路),BV10023300,,茶东村（茶东路）,113.405301,22.963287,番22路、番81路
茶东村(富怡路),茶东村(富怡路),茶东村(富怡路),BV10672648,,茶东村（富怡路）,113.407082,22.959960,番111路、番23路、番52路
茶东村西,茶东村西,茶东村西,BV10023313,,茶东村西,113.400358,22.956982,番111路、番23路、番52路
茶东东村,茶东东村,茶东东村,BV10020078,,茶东东村,113.410747,22.960952,番111路、番23路、番52路
茶东小学,茶东小学,茶东小学,BV10020073,,茶东小学,113.406330,22.962503,番22路、番81路
茶东总站,茶东总,茶东总站,BV10023301,,茶东总站,113.410894,22.965240,番22路、番80路
茶滘路,茶滘路,茶滘路,BV11167618,,茶滘路,113.222079,23.091568,525路、780路、783路、佛202路、夜103路、广419路、广565路、沥17B路、沥17B路区间、106路
茶滘路总站,茶滘路总,茶滘路总站,BV10331027,,茶滘路总站,113.218635,23.089722,783路、106路
茶漖小区,茶漖小区,茶漖小区,BV10014064,,茶漖小区,113.224114,23.093807,15路、193路、207路、222路、411路、414路、552路、74路、780路、812路、91路、广277路
茶山,茶山,茶山,BV11315200,,,113.794325,23.511765,增城62路
茶山下,茶山下,茶山下,BV11400774,,茶山下,113.440541,23.261463,346路、973路
茶山庄,茶山庄,茶山庄,BV10019236,,茶山庄,113.352596,23.264590,246路、504路、862路、夜74路
茶塘村,茶塘村,茶塘村,BV11692319,,茶塘村,113.099655,23.318370,花24路
茶叶市场,茶叶市场,茶叶市场,BV10017989,,茶叶市场,113.218011,23.106468,414路
茶元岗文化室,茶元岗文化室,茶元岗文化室,BV11564454,,,113.297309,23.263745,嘉禾望岗地铁站便民车3线
茶园市场,茶园市场,茶园市场,BV11364426,,茶园市场,113.206908,23.401898,花2路、花70路、花70路短线、花76路
槎滘,槎滘,槎滘,BV10262827,,槎滘,113.625430,23.084917,莞615路
槎滘深联纸厂,槎滘深联纸厂,槎滘深联纸厂,BV10262833,,槎滘深联纸厂,113.621812,23.083418,莞615路
槎头,槎头,槎头1,BV09200026,1,槎头①,113.221177,23.182399,198路、477路、830路、广424路、259路
槎头,槎头,槎头,BV11687842,2,槎头②,113.221825,23.187094,17路、198路、477路、521路、527路机电班车、839路、夜21路、夜2路、夜3路、广424路
槎头(西槎路),槎头(西槎路),槎头(西槎路),BV11688392,,槎头（西槎路）,113.224943,23.185152,175路、17路、477路、71路、夜21路、夜2路、广424路、259路
缠岗,缠岗,缠岗站,BV11407232,,缠岗,113.020025,23.445131,花68路
缠岗牌坊,缠岗牌坊,缠岗牌坊,BV11669775,,缠岗牌坊,113.011031,23.453796,花68路、花68路白坭班车
蟾龙北路,蟾龙北路,蟾龙北路,BV09360470,,,113.166575,23.088310,沥17B路区间
昌岗路口,昌岗路口,昌岗路口,BV11622829,,昌岗路口,113.266542,23.086904,10路、221路、285路、299路、29路、44路、527路、527路机电班车、91路、967路、992路、夜120路、夜55路、79路
昌岗路总站,昌岗路总,昌岗路总站,BV10014646,,昌岗路总站,113.265245,23.088432,10路、25路、299路
昌岗西路,昌岗西路,昌岗西路,BV10018608,,昌岗西路,113.261460,23.087732,10路、121路、285路、299路、29路、69路、780路、967路、夜44路
昌利工业城站,昌利工业城,昌利工业城站,BV10015916,,昌利工业城,113.466045,22.883402,37路/南37路、南35路、南48路、南57路、南沙33路、南沙38路、南沙70路、番11路、番141路
昶联厂站,昶联厂,昶联厂站,BV10405451,,昶联厂,113.400302,22.798707,南沙58路
超邦化工厂,超邦化工厂,超邦化工厂站,BV11345857,,超邦化工厂,113.203016,23.341978,花73路
超视堺南门站,超视堺南门,超视堺南门站,BV09239833,,超视堺南门,113.644468,23.183370,增城12路
超视堺西门,超视堺西门,超视堺西门,BV09189380,,超视堺西门,113.636619,23.180923,增城12路
朝亮南路,朝亮南路,朝亮南路,BV10019028,,朝亮南路,113.347150,23.291330,471路、799路
朝顺路,朝顺路,朝顺路,BV09174448,,,113.305491,22.827771,307路/佛307路
朝天路,朝天路,朝天路,BV10018607,,朝天路,113.255072,23.126619,56路、58路
朝阳东路,朝阳东路,朝阳东路,BV10018513,,朝阳东路,113.320769,23.029142,304路、51路、番182路、番190路
朝阳开发区,朝阳开发区,朝阳开发区,BV11346873,,朝阳开发区,113.207457,23.233081,271路、705路、742路
朝阳路口,朝阳路口,朝阳路口,BV09300409,,朝阳路口,113.215746,23.221890,705路、742路、831路、834路、841路、夜117路
朝一,朝一,朝一,BV10251607,,朝一,113.124586,23.034156,桂23路
潮汕学院,潮汕学院,潮汕学院,BV09026885,,,113.425645,23.137996,390路、403路、432路、495路、944路、B15路、B20路
潮田工业区,潮田工业区,潮田工业区,BV10023437,,潮田工业区,113.472928,22.968174,番126路、番131路、番92路/番92路、番93路、番夜3路、番93路短线
车步,车步,车步,BV11152754,,车步,114.005913,23.876985,从502路
车城大道西,车城大道西,车城大道西,BV10481266,,,113.127158,23.370530,花2C路
车城大道中,车城大道中,车城大道中,BV10481262,,车城大道中,113.132872,23.368185,花24路、花2B路、花2C路
车城路口,车城路口,车城路口,BV10016940,,车城路口,113.130355,23.371708,花22路
车洞村委,车洞村委,车洞村委,BV11357223,,车洞村委,113.748822,23.510409,增城83路
车公庄,车公庄,车公庄,BV11117227,,车公庄,113.376582,23.403147,716路、734路
车辆厂技校,车辆厂技校,车辆厂技校,BV09002108,,车辆厂技校,113.204331,23.414470,715路、夜92路、花105路、花10路、花23路、花62路、花63路、花63路短线、花75路、花9路、701路
车辽,车辽,车辽,BV11115118,,车辽,113.574490,23.439836,从804路
车陂,车陂,BRT车陂S1,BV09209211,1,,113.389441,23.126726,B16路
车陂,车陂,BRT车陂S1,BV09375069,1,,113.389715,23.126735,B18路快线、B19路、B5路
车陂,车陂,车陂,BV10014610,,车陂,113.393469,23.127374,夜13路、夜17路、夜19路、夜25路、夜34路、夜38路、夜41路、夜51路、夜93路
车陂,车陂,车陂,BV11693174,1,BRT车陂1,113.389890,23.127109,B16路、B17路、B18路、B1短线快车、B1路、B20路、B22路、B2A路、B2路、B3路、B4路、B5路、夜13路、夜17路、夜19路、夜25路、夜34路、夜38路、夜41路、夜51路、夜64路、夜93路、B4B路
车陂北路,车陂北路,车陂北路,BV09278982,,车陂北路,113.391377,23.149221,496路、774路
车陂高架桥侧,车陂高架桥侧,车陂高架桥侧站,BV10014009,,车陂高架桥侧,113.395065,23.134779,210路、214路、363路、547路、548路、564路、夜100路、夜81路、高峰快线24路
车陂公交场,车陂公交场,车陂公交场,BV11688356,2,车陂公交场,113.384712,23.119368,40路、503路、518路、548路、562路、564路、764路、772路、773路、774路、B12路、B15路、夜100路、夜13路、夜93路、夜97路、夜9路
车陂路,车陂路,车陂路,BV11688355,,车陂路,113.386309,23.125537,40路、503路、518路、548路、562路、564路、764路、772路、773路、774路、B12路、B15路、B7路、B7路快线、夜100路、夜13路、夜20路、夜51路、夜81路、夜93路、夜9路
车陂路北,车陂路北,车陂路北,BV11118501,,车陂路北,113.393077,23.138160,408A路、408路、40路、432A路、496路、506路、508路、548路、564路、764路、773路、774路、夜100路、夜43路、夜81路
车陂路口,车陂路口,车陂路口,BV10435945,,车陂路口,113.387460,23.128631,40路、548路、564路、773路、B18路、B18路快线、B19路、夜100路
车陂南,车陂南,车陂南1,BV09291511,1,车陂南①,113.383163,23.118580,218路、261路、28路、40路、517路、53路、562路、764路、550路
车陂南,车陂南,车陂南,BV10014565,1,车陂南①,113.383309,23.118526,218路、261路、28路、40路、495路、503路、517路、518路、53路、548路、562路、764路、B15路、B24路、夜13路
车陂西路(广氮大道口),车陂西路(广氮大道口),车陂西路(广氮大道口),BV10018446,,车陂西路（广氮大道口）,113.389562,23.137207,508路
车陂总站,车陂总,车陂总站,BV10017165,,车陂总站,113.384977,23.120445,44路、771路、772路、773路、B12路、B24路、B7路、B7路快线、夜20路、夜27路、夜51路、夜81路、夜97路
车头,车头,车头站,BV11168222,,车头,113.459928,23.659991,从18路、从405路、从901路
陈边村,陈边村,陈边村,BV10014324,,陈边村,113.365010,23.018183,302A路、公交地铁接驳专线8路、番17路、番17路长线、番30路、番52路、番53路、番71路
陈戴巷,陈戴巷,陈戴巷,BV10023438,,陈戴巷,113.467206,22.966340,番111路、番126路、番131路、番132路旅游专线、番92路/番92路、番93路、番夜3路、番93路短线
陈洞村,陈洞村,陈洞村,BV10018912,,陈洞村,113.446553,23.330137,726路、827路
陈洞村龙田庄,陈洞村龙田庄,陈洞村龙田庄,BV09134714,,陈洞村龙田庄,113.437789,23.331542,827路
陈洞村总站,陈洞村总,陈洞村总站,BV10388106,,陈洞村总站,113.446016,23.330698,826路
陈洞枝峰街口,陈洞枝峰街口,陈洞枝峰街口,BV11182890,,陈洞枝峰街口,113.431940,23.332116,827路
陈家祠,陈家祠,陈家祠(停西行),BV09177116,,陈家祠（停西行）,113.240188,23.128429,413路
陈家祠,陈家祠,陈家祠(停东行),BV09177117,,陈家祠（停东行）,113.238261,23.128263,413路
陈家祠,陈家祠,陈家祠2,BV09195327,2,陈家祠2,113.240028,23.128294,128路、193路、204路、233路、250路、88路、夜27路、夜30路、夜31路、广286路、旅游公交1线、广205路、104路、107路
陈家祠,陈家祠,陈家祠1,BV09271075,1,陈家祠,113.238261,23.128263,17路、夜99路、旅游公交2线、104路、109路、107路
陈家祠,陈家祠,陈家祠,BV11596161,1,陈家祠,113.240188,23.128429,128路、17路、193路、204路、233路、250路、夜127路、夜27路、夜2路、夜31路、广286路、旅游公交1线、旅游公交2线、109路
陈家祠总站(中山七路),陈家祠总站(中山七路),陈家祠总站(中山七路),BV10017981,,陈家祠,113.241409,23.128692,夜2路
陈家林,陈家林,陈家林站,BV11521972,,陈家林,113.556633,23.133469,372路、572路、增城25路、增城28路
陈家林路南,陈家林路南,陈家林路南,BV09341345,,,113.557145,23.147699,增城28路
陈太路(军民路口),陈太路(军民路口),陈太路(军民路口),BV09183845,,陈太路（军民路口）,113.341087,23.284001,799路
陈塘社,陈塘社,陈塘社,BV10022144,,陈塘社,113.583545,23.263647,444路
陈田村,陈田村,陈田村1,BV09163011,1,陈田村,113.284337,23.211513,223路、245路、38路、529路、563路、66路、76A路、864路、夜95路
陈田村,陈田村,陈田村2,BV09163012,2,陈田村,113.284337,23.211513,244路、864路、夜90路
陈田村,陈田村,陈田村,BV11688417,2,陈田村,113.284239,23.211285,126路、223路、244路、245路、268路、38路、529路、563路、66路、76A路、76路、803路、832路、864路、B18路、B18路快线、夜90路、夜95路
陈屋,陈屋,陈屋,BV11636147,,陈屋,113.733947,23.371012,增城19路、增城69路
陈涌,陈涌,陈涌,BV11459794,,陈涌,113.368239,22.920477,番20B路、番27路、番5路、番5路长线
陈涌市场,陈涌市场,陈涌市场,BV09316437,,陈涌市场,113.363911,22.921307,番20B路、番27路、番5路、番5路长线
陈庄,陈庄,陈庄,BV11482394,,陈庄,113.501161,23.507235,从807路、从903路
宸悦路,宸悦路,宸悦路,BV11013769,,宸悦路,113.374823,23.103700,762路
宸悦路总站,宸悦路总,宸悦路总站,BV11357632,,宸悦路总站,113.379295,23.105276,夜108路
成丰生态园农业公园,成丰生态园农业公园,成丰生态园农业公园站,BV11689816,,,113.538632,22.690538,南30路
城鳌大道,城鳌大道,城鳌大道,BV11359298,,城鳌大道,113.490323,23.584209,从9路
城鳌大道中,城鳌大道中,城鳌大道中,BV11154753,,城鳌大道中,113.485846,23.585028,从10路、从9路、从化922路
城东停车场(花都湖),城东停车场(花都湖),城东停车场,BV11062016,,,113.222090,23.383662,花25路、花75路、花76路
城东停车场(花都湖),城东停车场(花都湖),城东停车场(花都湖),BV11625865,,城东停车场（花都湖）,113.222660,23.384287,花75路、花9路
城东停车场总站,城东停车场总,城东停车场总站,BV11394024,,城东停车场总站,113.221041,23.382461,花10路、花37路
城东粤运汽车站,城东粤运汽车,城东粤运汽车站,BV09347347,,,112.485771,23.061504,广州-肇庆
城壕庄,城壕庄,城壕庄,BV11542520,,城壕庄,113.278810,23.320760,843路、704路
城际官桥北站,城际官桥北,城际官桥北站,BV09278660,,城际官桥北站,113.438805,22.984687,番83路
城际广州莲花山,城际广州莲花山,城际广州莲花山,BV09280588,,城际广州莲花山站,113.487074,23.004145,番131路
城际海北广场,城际海北广场,城际海北广场,BV10251769,,城际海北广场,113.186740,23.135870,653路、佛276路/佛276、夜112路、广205路
城际花都站,城际花都,城际花都站,BV11664134,,城际花都站,113.194481,23.378681,花37路、703路
城际麻涌站,城际麻涌,城际麻涌站,BV09280342,,,113.567995,23.023203,莞616路、莞618路、莞619路
城建学院,城建学院,城建学院,BV10022844,,城建学院,113.601983,23.532930,从8路
城建学院总站,城建学院总,城建学院总站,BV10019407,,城建学院总站,113.602003,23.531980,从8路
城郊中学,城郊中学,城郊中学,BV10018729,,城郊中学,113.569925,23.580931,从18路、从6路、从6路支线、从901路、从902路
城康,城康,城康,BV09236185,,,113.555406,23.635934,从6路支线
城康村二社,城康村二社,城康村二社,BV09026137,,城康村二社,113.556719,23.632625,从6路、从6路支线
城康总站,城康总,城康总站,BV10022881,,城康总站,113.555400,23.635956,从6路
城南路口,城南路口,城南路口,BV10252167,,城南路口,113.040653,23.057787,佛277路
城区小学,城区小学,城区小学,BV10253113,,,113.195064,22.932903,佛349路
城区中学,城区中学,城区中学,BV10254618,,,113.197548,22.935339,佛349路
城市广场,城市广场,城市广场,BV10251698,,,113.150100,23.037335,佛279路
城市规划展览中心,城市规划展览中心,城市规划展览中心,BV09303618,,城市规划展览中心,113.273273,23.194020,36路
城市花园,城市花园,城市花园,BV09005802,,城市花园,113.397830,22.944423,番10路、番16路、番19路、番68路
城市花园路口,城市花园路口,城市花园路口,BV10964949,,城市花园路口,113.396445,22.945047,番100路、番10路、番3路、番68路、番92路/番92路
城西花园,城西花园,城西花园1,BV09244061,1,城西花园①,113.204148,23.161446,745路、830路
城西花园,城西花园,城西花园,BV11688445,2,城西花园,113.204148,23.161446,290路、55路、830路、885路、佛里07B路、佛里07路、夜96路、广657路、广夜91路、里07路高峰线
城西花园,城西花园总,城西花园2,BV09302293,2,,113.205115,23.161870,885路、广974路班车、广974路
城西花园,城西花园总,城西花园总站,BV10014504,2,城西花园总站,113.205117,23.161873,夜16路、夜45路
城西市场,城西市场,城西市场站,BV11474705,,,113.577063,23.555076,从1路东线、从1路西线
城中公园,城中公园,城中公园,BV10958777,,城中公园,113.041839,23.058608,佛277路
程界村,程界村,程界村站(西行),BV09094596,3,程界村③,113.359510,23.125070,28路
程界村,程界村,程界村1,BV09413159,1,程界村①,113.361294,23.124500,137路、140路、243路、261路、517路、518路、53路、541路、548路、562路、B15路、夜13路、夜18路、夜27路、夜39路、夜40路
程界村,程界村,程界村站(东行),BV11462295,3,程界村③,113.363140,23.123788,28路
程界村,程界村,程界村,BV11688554,1,程界村,113.363325,23.123738,137路、218路、239路、243路、261路、40路、44路、496路、506路、517路、518路、53路、541路、547路、548路、562路、901A路、B11路、B15路、B22路、夜132路、夜13路、夜27路、夜39路、夜40路、夜93路、大学城专线4路
程界西(地铁员村站),程界西(地铁员村站),程界西(地铁员村站),BV09316768,,,113.358532,23.118215,284路
程界西(地铁员村站),程界西(地铁员村站),程界西站,BV11106523,,程界西（地铁员村站）,113.358535,23.118243,284路、293路、299路、40路、44路、771路、夜132路
池岭村,池岭村,池岭村,BV11451059,,,113.602772,23.414350,增城54路
池田村,池田村,池田村,BV10014885,,池田村,113.886212,23.409865,增城17路、增城63路、增城67路
赤草村,赤草村,赤草村,BV10020883,,赤草村,113.564628,23.511170,从5路、从5路长线、从904路、从夜1路
赤村路口,赤村路口,赤村路口,BV11152946,,,113.679577,23.739763,从603路
赤岗(江海大道),赤岗(江海大道)#1,赤岗(江海大道)站,BV10013684,,赤岗（江海大道）,113.327369,23.097245,14路、189路、206路、252路、264A路、270路、303A路、304路、45路、582路、583路、779路、90路、夜135路、夜20路、夜29路、夜37路、夜8路、高峰快线74路、582路班车
赤岗(江海大道),赤岗(江海大道)#1,赤岗,BV11688338,2,赤岗,113.326748,23.098719,14路、189路、206路、229路、239路、252路、262路、264A路、270路、37路、468路、765路、93路、B7路、B7路快线、夜101路、夜108路、夜29路、夜37路、夜66路、夜70路、夜8路、大学城专线3路、高峰快线74路
赤岗(江海大道),赤岗(江海大道)#2,赤岗,BV11567621,,赤岗（石楼）,113.479231,22.970617,番126路、番128路、番131路、番132路旅游专线、番92路/番92路、番93路、番93路短线
赤岗北路(艺洲路口),赤岗北路(艺洲路口),赤岗北路,BV10021308,,赤岗北路,113.322010,23.100490,262路、765路、93路、夜135路、夜70路
赤岗北路(艺洲路口),赤岗北路(艺洲路口),赤岗北路(艺洲路口),BV11672884,,赤岗北路,113.321959,23.103145,262路、765路、93路、夜70路
赤岗大塘总站,赤岗大塘总,赤岗大塘总站,BV10022174,,,113.325520,23.088569,464路
赤岗红木家具厂,赤岗红木家具厂,赤岗红木家具厂,BV10412597,,赤岗红木家具厂,113.476346,22.960848,番111路、番132路旅游专线
赤岗路,赤岗路,赤岗路,BV10016434,,赤岗路,113.322009,23.095640,130路、184路、190路、226路、250路、69路、夜135路、夜45路
赤岗路口,赤岗路口,赤岗路口,BV09005990,1,赤岗路口①,113.323379,23.098951,131A路、131B路、189路、229路、239路、252路、262路、264A路、37路、463路、468路、488路、765路、93路、B7路、B7路快线、夜101路、夜108路、夜66路、夜70路、大学城专线3路、高峰快线74路
赤岗路口,赤岗路口,赤岗路口2,BV09317596,2,赤岗路口①,113.319674,23.098890,130路、131A路、131B路、14路、184路、189路、190路、206路、226路、229路、250路、264A路、270路、468路、69路、93路、夜101路、夜135路、夜29路、夜37路、夜45路、夜8路、高峰快线74路
赤岗塔,赤岗塔,赤岗塔,BV11688564,,赤岗塔,113.315645,23.105162,11路、121A路、121路、204路、468路、93路、夜42路、夜66路、旅游公交2线、旅游观光1线
赤岗西,赤岗西,赤岗西,BV11633456,,赤岗西（珠江消防器材厂）,113.317625,23.090319,464路
赤岗新村,赤岗新村,赤岗新村,BV10015992,,赤岗新村,113.478070,22.968979,番126路、番131路、番92路/番92路、番93路、番夜3路、番93路短线
赤岗站(江海大道),赤岗站(江海大道),赤岗站(江海大道),BV09074506,,,113.327369,23.097245,37路
赤岗总站,赤岗总,赤岗总站,BV10021665,,赤岗总站,113.327605,23.098103,131A路、131B路、93路、582路班车
赤滘,赤滘,赤滘,BV10262894,,,113.648410,23.052329,莞609路
赤坭,赤坭,赤坭,BV11375043,,赤坭,113.069183,23.391740,花115路、花15路、花2路、花39路短线、花68路、花68路白坭班车、花68路短线、花81路、花88路
赤坭工业区,赤坭工业区,赤坭工业区,BV09415183,,赤坭工业区,113.062524,23.393078,花81路
赤坭工业区,赤坭工业区,赤坭工业区站,BV11375036,,赤坭工业区,113.062471,23.393034,花68路、花68路白坭班车
赤坭工业园站,赤坭工业园,赤坭工业园站,BV11481401,,,113.062524,23.393078,花68路白坭班车
赤坭西莲塘村委总站,赤坭西莲塘村委总,赤坭西莲塘村委总站,BV10449599,,赤坭西莲塘村委总站,112.998845,23.369092,花15路
赤坭小学,赤坭小学,赤坭小学,BV09396048,,赤坭小学,113.079743,23.387278,花115路、花15路、花2路、花68路、花68路白坭班车、花68路短线、花88路
赤坭一幼,赤坭一幼,赤坭一幼,BV10014748,,赤坭一幼,113.074926,23.390549,花115路、花15路、花2路、花68路白坭班车、花68路短线、花88路
赤坭医院,赤坭医院,赤坭医院,BV11375046,,赤坭医院,113.070124,23.391561,花15路、花2路、花39路短线、花68路、花68路白坭班车、花68路短线、花81路、花88路
赤坭医院总站,赤坭医院总,赤坭医院总站,BV11626267,,赤坭医院,113.069989,23.391448,花88路
赤坭影都,赤坭影都,赤坭影都,BV11412278,,赤坭影都,113.076884,23.387331,花115路、花15路、花2路、花68路、花68路白坭班车、花68路短线、花88路
赤坭幼儿园,赤坭幼儿园,赤坭幼儿园,BV09297485,,,113.074955,23.390499,花68路
赤沙总站,赤沙(广东财经大学)总,赤沙总站,BV10015733,,赤沙（广东财经大学）总站,113.349184,23.088831,14路、18路、37路、467路、夜56路、夜8路
赤沙总站,赤沙(广东财经大学)总,赤沙(广东财经大学)总站,BV11554062,,赤沙（广东财经大学）总站,113.349143,23.088851,761路
赤沙村口,赤沙村口,赤沙村口,BV11489239,,赤沙村口,113.353786,23.087565,264A路
赤沙公园,赤沙公园,赤沙公园,BV10013669,,赤沙公园,113.351809,23.089317,206路、264A路、467路、761路
赤沙路,赤沙路,赤沙路,BV11553741,,赤沙路,113.355431,23.090594,467路
赤沙路西,赤沙路西,赤沙路西,BV10783359,,赤沙路西,113.345836,23.088078,14路、18路、206路、264A路、37路、夜56路、夜8路
赤沙路中,赤沙路中,赤沙路中,BV11476044,,赤沙路中站,113.357654,23.090627,761路
赤沙茅园岗大街,赤沙茅园岗大街,赤沙茅园岗大街,BV11553738,,赤沙茅园岗大街,113.354550,23.092905,467路
赤沙牌坊,赤沙牌坊,赤沙牌坊,BV10013685,,赤沙牌坊,113.353364,23.086205,250路、264A路、264路、761路、762路、764路、801路、夜33路、高峰快线74路
赤山村委会,赤山村委会,赤山村委会,BV10889444,,赤山村委会,113.127631,23.214992,佛244路、佛252路
赤山工业区路口,赤山工业区路口,赤山工业区路口,BV10252188,,赤山工业区路口,113.123104,23.215605,佛244路、佛252路
赤树路口站,赤树路口,赤树路口站,BV11491325,,赤树路口,113.678268,23.739913,从603路
赤下社新村,赤下社新村,赤下社新村,BV09402341,,,112.947412,23.425990,655A线、655B路、655路
赤珠岗,赤珠岗,赤珠岗,BV11647159,,,112.944226,23.423633,655A线、655B路、655路
冲口,冲口,冲口,BV10022864,,冲口,113.644546,23.627680,从19路、从20路、从4路、从701路、从4路快线
冲岭路口,冲岭路口,冲岭路口,BV11152753,,冲岭路口,113.651795,23.785323,从603路、从604路
崇德村,崇德村,崇德村,BV10020013,,崇德村,113.417445,23.038550,番51路、番53路、番60路、番禺85路
崇和花园,崇和花园,崇和花园,BV10014116,,崇和花园,113.591429,23.170813,373路、379路、516路、571A路、增城23路、增城32路内环、增城32路外环、增城35路、增城38路、增城43路、增夜4路
崇文二路(荔勤北路口),崇文二路(荔勤北路口),崇文二路(荔勤北路口),BV09066309,,崇文二路（荔勤北路口）,113.239829,23.073654,19路、787路、102路
崇文二路北,崇文二路北,崇文二路北,BV09066304,,崇文二路北站,113.238442,23.076356,19路、787路、102路
崇文二路南,崇文二路南,崇文二路南,BV09072542,,崇文二路南,113.241920,23.069568,445路环线、787路
崇文二路中,崇文二路中,崇文二路中,BV09073237,,崇文二路中,113.240577,23.072157,445路环线、787路
崇文四路,崇文四路,崇文四路,BV09189367,,崇文四路,113.236262,23.069597,87路
崇文四路北站,崇文四路北,崇文四路北站,BV09278979,,崇文四路北,113.235149,23.071685,445路环线、71路、770路、102路
出口加工区,出口加工区#1,出口加工区,BV09355002,,出口加工区,113.528688,23.112628,321路、334路、340路、454路环线
出口加工区,出口加工区#2,出口加工区站,BV10651485,,出口加工区,113.584697,22.684292,南沙16路、南沙2路支线
初溪村,初溪村,初溪村站,BV11447599,,初溪村,113.849917,23.236304,增城74路
初溪村委,初溪村委,初溪村委,BV11447598,,初溪村委,113.851401,23.232771,增城74路
储运公司,储运公司,储运公司站,BV10714274,,储运公司,113.512120,23.101957,214路、376路、573路快线、575路
创立路,创立路,创立路,BV09254331,,创立路,113.615596,23.179947,增城12路
创强路中(A),创强路中(A),创强路中,BV09175892,,创强路中,113.625516,23.176467,增城12路、增城40路
创强路中(A),创强路中(A),创强路中(A),BV09253464,,,113.624330,23.175878,增城40路
创享湾,创享湾,创享湾,BV09410326,,创享湾（星河COCOPark）,113.526946,22.807497,南沙31路支线
创新大道(凤湖五路口),创新大道(凤湖五路口),创新大道(凤湖五路口),BV09070820,,,113.527254,23.331295,370路
创新大道南,创新大道南,创新大道南,BV09185053,,,113.557412,23.292612,534路
创新大道中,创新大道中,创新大道中,BV09232799,,创新大道中,113.610331,23.157394,增城38路
创信鞋厂站,创信鞋厂,创信鞋厂站,BV10014968,,创信鞋厂,113.382185,22.840749,南44路、南45路、南沙33路
创兴厂,创兴厂,创兴厂,BV10810324,,创兴厂,113.657302,23.176231,增城34路、增城39路、增城9路
创兴工业园,创兴工业园,创兴工业园,BV11364870,,创兴工业园,113.655680,23.179412,增城36路
创业公园,创业公园,创业公园,BV11569190,,创业公园,113.469207,23.185756,366路、388路、夜124路
创业路,创业路,创业路站,BV11689294,,创业路,113.520868,23.058900,363路、440路、453A路、516路、575路、B28路、夜41路、广369路、莞616路、莞618路、莞619路、莞86路
创业路东,创业路东#1,创业路东,BV09079048,,创业路东,113.523899,23.058829,440路、575路、广369路
创业路东,创业路东#2,创业路东,BV11466895,,,113.506040,23.451921,从801路
创业路口,创业路口,创业路口站,BV11162264,,创业路口,113.519835,23.059822,516路、567路、571B路、575路、B28路、夜41路、夜49路、广369路
创业路西,创业路西#1,创业路西,BV11689278,,创业路西,113.518078,23.059139,567路
创业路西,创业路西#2,创业路西,BV11689277,,,113.500368,23.453247,从801路
创业南路,创业南路,创业南路,BV11371486,,,113.068429,23.176104,佛278路
创艺生态园,创艺生态园,创艺生态园,BV11200219,,,113.563355,23.014447,莞616路、莞618路
创意园,创意园,创意园,BV11568225,,,113.275295,23.226430,鹤龙2线
创盈路东,创盈路东,创盈路东,BV09274276,,创盈路东,113.616524,23.188105,增城45路
创盈路西,创盈路西,创盈路西,BV09236548,,创盈路西,113.597154,23.190480,增城45路
创盈路西总站,创盈路西总,创盈路西总站,BV09236550,,创盈路西总站,113.590639,23.192137,371路、增城45路
创盈路中,创盈路中,创盈路中,BV09236546,,创盈路中总站,113.603204,23.189622,373路、455路、增城45路
创盈路中总站,创盈路中总,创盈路中总站,BV09370049,,创盈路中总站,113.604228,23.189314,455路
创优路西,创优路西,创优路西,BV09043325,,,113.595165,23.196204,增城32路内环、增城32路外环
创誉路西,创誉路西,创誉路西,BV09175891,,创誉路西,113.601467,23.164049,增城40路
创智路,创智路,创智路,BV09117692,,创智路,113.248006,23.034045,桂11路、桂12路
创智路(智丰路口),创智路(智丰路口),创智路(智丰路口),BV10915452,,创智路（智丰路口）,113.246553,23.036813,桂11路、桂12路
春分路总站,春分路总,春分路总站,BV10521773,,春分路总站,113.568633,23.205847,341路
春晖苑,春晖苑,春晖苑,BV11519167,,春晖苑,113.328591,23.153849,503路、54路、89路、B11路、夜10路
春满街,春满街,春满街,BV11138449,,春满街,113.189487,23.160222,广276路、广283路
春园路,春园路,春园路,BV10703779,,春园路,113.512358,23.073480,453A路、569路
慈岭村站,慈岭村,慈岭村站,BV11452844,,慈岭村,113.653785,23.257984,增城89路
从化博物馆,从化博物馆,从化博物馆,BV11228252,,,113.587776,23.550949,从5路长线
从化大桥(向阳大车),从化大桥(向阳大车),从化大桥(向阳大车)站,BV11471222,,从化大桥（向阳大车）,113.596061,23.554885,从20路、从21路长线、从夜3路
从化二中,从化二中,从化二中,BV10022836,,从化二中,113.574791,23.554682,从1路东线、从1路西线、从21路长线、从903路、从夜3路
从化供电局,从化供电局,从化供电局,BV11456547,,,113.582904,23.548503,从3路夜班、从5路长线、从夜1路
从化婚姻登记处,从化婚姻登记处,从化婚姻登记处,BV09279458,,,113.632793,23.629469,从4路
从化监狱,从化监狱,从化监狱,BV11491340,,从化监狱,113.394649,23.608421,从403路、从404路
从化交通运输局,从化交通运输局,从化交通运输局,BV11286172,,,113.578850,23.543033,从901路、从902路、从9路
从化救助管理站,从化救助管理,从化救助管理站,BV11258168,,,113.570730,23.576847,从6路、从901路、从902路
从化客运站地铁站,从化客运站地铁,从化客运站地铁站1,BV09223056,1,,113.589479,23.534393,从3路
从化汽车站,从化汽车,从化汽车站2,BV09223054,2,,113.593790,23.530087,从3路、从5路
从化汽车站,从化汽车,从化汽车站,BV10451069,2,从化汽车站,113.593498,23.530602,从1路西线、从301路、从302路、从5路长线、从901路、从904路、从905路、从夜1路
从化汽车站总站,从化汽车站总,从化汽车站总站,BV10014777,,从化汽车站总站,113.593886,23.530324,从13路、从14路、从18路、从19路、从19路密石班车、从1路东线、从20路、从3路夜班、从4路、从6路、从6路支线、从901路、从902路、从903路、从905路、从906路、从化13路、从夜3路、从4路快线
从化五中,从化五中,从化五中,BV10017876,,从化五中,113.552814,23.564772,从10路、从1路西线、从3路、从7路、从903路、从9路、从化921路、从化922路
从化职校,从化职校,从化职校,BV10017875,,从化职校,113.560131,23.561547,从3路、从3路夜班、从903路、从9路
从化中学,从化中学,从化中学,BV10924064,,从化中学,113.568909,23.550475,从1路东线、从1路西线、从21路长线、从夜3路
从樟一路路口,从樟一路路口,从樟一路路口,BV11578755,,从樟一路路口,113.604539,23.536567,从1路东线、从905路
丛云路(泰兴路口),丛云路(泰兴路口),丛云路(泰兴路口),BV11683317,,丛云路（泰兴路口）,113.296902,23.221727,792A路、798路
丛云路南,丛云路南,丛云路南,BV10389128,,丛云路南,113.283240,23.205893,76路、798路、803路
丛云路中,丛云路中,丛云路中,BV09188822,,丛云路中,113.286673,23.209581,76路、798路、803路
翠宝路,翠宝路,翠宝路,BV11646085,,翠宝路,113.262562,23.085524,995路
翠山路,翠山路,翠山路,BV11619528,,翠山路,113.470391,23.161979,324路
翠竹园总站,翠竹园总,翠竹园总站,BV10022680,,翠竹园总站,113.310596,23.208647,923路
翠竹苑,翠竹苑,翠竹苑,BV10018356,,翠竹苑,113.229051,23.086489,217路、222路、487路、525路、71路、782A路、782路、838路、839路、966路、夜103路、夜113路、夜44路、广565路
村前大街,村前大街,村前大街,BV11671311,,,113.243822,23.167696,
达道路,达道路,达道路,BV10021342,,达道路,113.296782,23.125980,183路、222路、225路、40路、44路、811路、813路
达溪,达溪,达溪,BV11152741,,达溪,113.664368,23.780788,从603路、从604路
达鑫江滨新城,达鑫江滨新城,达鑫江滨新城,BV10265337,,,113.764447,23.079192,莞G7路
打顶围,打顶围,打顶围,BV11404179,,打顶围,113.730603,23.375739,增城19路
打鼓岭,打鼓岭,打鼓岭,BV10625666,,打鼓岭,113.359793,23.302662,827路
大安村,大安村,大安村,BV10860790,,大安村,113.597084,23.391584,增城54路、增城87路
大坳村站,大坳村,大坳村站,BV10742363,,大坳村,113.363287,22.885681,南60路、南沙68路
大坳村路口站,大坳村路口,大坳村路口站,BV11622852,,大坳村路口,113.132562,23.319574,花24A路
大坳村三合涌站,大坳村三合涌,大坳村三合涌站,BV11414767,,,113.349535,22.881371,南60路
大坳村委站,大坳村委,大坳村委站,BV10754908,,,113.358032,22.882260,南60路
大坳市场站,大坳市场,大坳市场站,BV10742366,,大坳市场,113.354700,22.889384,南60路、南沙68路
大坝桥,大坝桥,大坝桥,BV11372186,,大坝桥,113.793945,23.522250,增城60路
大板工业区,大板工业区,大板工业区,BV11562838,,大板工业区,113.323726,22.942321,番4B路
大北路,大北路,大北路,BV09000378,,大北路,113.360720,22.940552,301路、南68路快线、南沙65路、南沙68路、番10路、番13路、番150B路、番150路、番160路、番165路、番2路、番3路、番4B路、番4路、番5路、番5路长线、番6路、番8路、番97路、番99路
大北路,大北路,大北路分站,BV11131343,,大北路分站,113.360498,22.941681,南沙70路、番100路、番11路、番12路旅游专线、番141路、番142路、番143路、番146路、番148路、番22B路、番51路、番68路、番91路、番92路/番92路
大布路,大布路,大布路,BV11597219,,大布路,113.269609,23.266228,21路、739路、夜84路
大布路口,大布路口,大布路口站,BV11690768,,大布路口,113.270545,23.259273,509路、739路、756路、807路、837路、840路、夜84路、夜94路
大布沙,大布沙,大布沙,BV10254356,,,112.903772,23.434835,花81路
大布市场,大布市场,大布市场,BV10015585,,大布市场（有喜企业）,113.157962,23.408157,花21路、花21路夜班、花75路、花80路、花9路
大步村,大步村,大步村,BV11690576,,,113.574747,23.048829,莞616路、莞86路
大步工业区,大步工业区,大步工业区,BV10263106,,,113.568957,23.033621,莞616路
大步公园,大步公园,大步公园,BV11690574,,,113.574007,23.045917,莞616路、莞86路
大步口村,大步口村,大步口村,BV11630886,,,113.849603,23.357177,增城17路
大埔村,大埔村,大埔村,BV10432273,,大埔村,113.772751,23.477598,增城15路、增城15路快线、增城16路、增城41路
大埔东街,大埔东街,大埔东街,BV11463595,,大埔东街,113.250078,23.201789,426路环线、929路
大埔围,大埔围,大埔围,BV10020745,,大埔围,113.889104,23.221393,增城1路
大埗路南,大埗路南,大埗路南,BV09005840,,大埗路南,113.163134,23.395504,花21路、花21路夜班
大策,大策,大策,BV10014065,,大策,113.225020,23.099562,193路、207路、222路、414路、552路、74路、812路、91路、965路、广277路
大城云山花园,大城云山花园,大城云山花园,BV10020868,,大城云山花园,113.489640,23.461665,从5路、从5路长线、从806路、从807路、从808路、从夜1路
大冲口,大冲口,大冲口,BV10013604,,大冲口,113.239076,23.091993,121A路、181路、19路、206路、309路、312路、52路、64路、812路、966路、990路、夜11路、夜29路、夜72路、广275路、102路
大氹村路口,大氹村路口,大氹村路口,BV11028707,,大氹村路口,113.477462,23.586571,从10路、从9路
大刀沙村尾,大刀沙村尾,大刀沙村尾,BV11395778,,,113.447410,22.912973,番28B路、番28B路快线、番28路
大刀沙村委,大刀沙村委,大刀沙村委,BV10023332,,大刀沙村委,113.431347,22.913496,番28B路、番28B路快线、番28路
大德路,大德路,大德路,BV10016246,,大德路,113.249959,23.119576,124路、209路、217路、3路、541路、66路、6路、82路、夜121路、夜39路、夜5路、夜72路、110路、106路
大地通讯,大地通讯,大地通讯,BV10262368,,,113.772973,23.042881,莞G7路
大东门(越秀北路),大东门(越秀北路),大东门(越秀北路),BV10021653,,大东门（越秀北路）,113.273242,23.130664,125路、184路、27路、54路、80路
大东门(中山三路),大东门(中山三路),大东门(中山三路),BV11327667,2,大东门（中山三路）,113.276019,23.129660,1路、211路、222路、243路、76路、864路、93路、夜1路、夜27路、夜40路、夜4路、夜9路、108路、102路、107路
大洞,大洞,大洞,BV11152751,,大洞,113.737230,23.692096,从606路
大洞村口,大洞村口,大洞村口,BV09221587,,大洞村口,113.585161,23.398968,增城54路
大敦广场,大敦广场,大敦广场,BV10615866,,大敦广场,113.650635,23.127526,增城26路、增城27路
大敦学校,大敦学校,大敦学校,BV11156228,,大敦学校,113.659459,23.129311,增城26路、增城27路
大敦综合市场,大敦综合市场,大敦综合市场,BV11410464,,大敦综合市场,113.663336,23.130353,增城26路、增城27路
大汾田公路口,大汾田公路口,大汾田公路口,BV10018174,,大汾田公路口,113.552712,23.277730,443路
大份村,大份村,大份村,BV10812784,,大份村,113.841184,23.331710,增城17路
大丰街,大丰街,大丰街,BV10703775,,大丰街（西区第一体育中心）,113.521261,23.072455,569路
大封门,大封门,大封门,BV10488796,,,113.762960,23.570510,增城16路、增城61路
大夫山北门,大夫山北门,大夫山北门,BV10019727,,大夫山北门,113.305087,22.970327,288路、312路、番100路、番109路、番125路、番15路、番97路
大夫山森林公园路口,大夫山森林公园路口,大夫山森林公园路口,BV11641449,,大夫山森林公园路口,113.312622,22.940515,番108B路、番129路、番16路、番4B路、番9路、番9路长线
大夫田路口,大夫田路口,大夫田路口,BV11381020,,大夫田路口,113.534269,23.579575,从3路
大干围,大干围#1,大干围,BV11317278,,大干围（海珠创意产业园）,113.287974,23.060532,766路环线、997路、夜128路、夜30路、964路
大干围,大干围#2,大干围,CL100006,,大干围,113.276816,23.062256,87路
大干围北,大干围北,大干围北,BV09242541,,大干围北,113.286822,23.066244,766路环线、997路、夜128路、夜30路、964路
大干围码头,大干围码头,大干围码头,BV10862581,,大干围码头,113.288125,23.059035,766路环线、997路、夜128路、964路
大干围中,大干围中,大干围中,BV10022471,,大干围中,113.287718,23.063349,766路环线、997路、夜128路、夜30路、964路
大冈,大冈,大冈,BV11452111,,,112.921582,23.301170,655A线、655B路、655路
大冈村口,大冈村口,大冈村口,BV11609290,,,113.235884,23.213030,423路环线
大冈村总站,大冈村总,大冈村总站,BV11609285,,,113.238403,23.217223,423路环线
大冈街,大冈街,大冈街,BV11609287,,,113.237522,23.215638,423路环线
大冈小学,大冈小学,大冈小学,BV11609293,,,113.236413,23.213427,423路环线
大纲领村总站,大纲领村总,大纲领村总站,BV09074315,,大纲领村总站,113.350695,23.356615,727路
大岗村,大岗村,大岗村,BV11118524,,大岗村,113.715016,23.308283,增城49路
大岗公交总站,大岗公交总,大岗公交总站,BV11273043,,大岗公交总站,113.394333,22.800703,40路/南40路、南39路、南42路、南45路、南46路、南47路、南48路、南沙40路短线、南沙49路、南沙65路、南沙67路、南沙K7路
大岗农科所站,大岗农科所,大岗农科所站,BV11419867,,,113.417746,22.783466,南42路
大岗派出所,大岗派出所,大岗派出所站,BV10014937,,大岗派出所,113.397163,22.800139,312路、南39路、南42路、南45路、南46路、南47路、南48路、南沙49路、南沙65路、南沙67路、番142路
大岗文化中心,大岗文化中心,大岗文化中心站,BV11343716,,大岗文化中心,113.383744,22.785934,南沙58路
大岗新客运站,大岗新客运,大岗新客运站,BV11626858,,,113.394333,22.800703,312路
大岗医院站,大岗医院,大岗医院站,BV09302202,,大岗医院,113.404307,22.807060,南39路、南42路、南45路、南沙49路、南沙58路、南沙65路、南沙67路
大岗园林宾馆路口站,大岗园林宾馆路口,大岗园林宾馆路口站,BV11419862,,,113.407701,22.804858,南42路
大岗镇政府站,大岗镇政府,大岗镇政府站,BV11689820,,大岗镇政府,113.393395,22.808257,312路、南46路、南47路、南48路、南沙K7路、番142路
大岗中心小学站,大岗中心小学,大岗中心小学站,BV09302194,,大岗中心小学,113.398938,22.802100,312路、南39路、南42路、南45路、南46路、南47路、南48路、南沙49路、南沙65路、南沙67路、番142路
大岗中学站,大岗中学,大岗中学站,BV11171610,,大岗中学,113.403588,22.802066,南沙58路
大观北路(广汕路口),大观北路(广汕路口),大观北路(广汕路口),BV11467010,,大观北路（广汕路口）,113.420212,23.190427,391路、491路、564A路、564路、夜100路、夜68路、333路
大观路,大观路,大观路,BV10847059,,大观路,113.411928,23.172683,336路、391路、548路、564A路、564路、夜100路、夜93路
大观路北,大观路北,大观路北,BV10847046,,大观路北,113.416482,23.178323,391路、564A路、564路、夜100路
大观路北(大观湿地公园)总站,大观路北(大观湿地公园)总站,大观路北(大观湿地公园)总站,BV09385633,,,113.418969,23.181562,
大观路北总站,大观路北总,大观路北总站,BV10021209,,大观路北（大观湿地公园）总站,113.419055,23.181424,336路、548路、夜93路、333路
大观中路(新塘大街),大观中路(新塘大街),大观中路(新塘大街)站,BV11268996,2,大观中路（新塘大街）,113.403725,23.153086,325路、448路、497路、506路、548路、564A路、564路、573路、773路、903路、B22路、B26路、B4路、夜100路、夜38路、夜51路、夜81路、夜93路、B4B路、320路
大观中路南,大观中路南,大观中路南站,BV11279613,,大观中路南,113.404992,23.154940,325路、448路、497路、506路、548路、564A路、564路、573路、773路、903路、B22路、B26路、B4路、夜100路、夜38路、夜51路、夜81路、夜93路、高峰快线32路、B4B路
大华社区中心,大华社区中心,大华社区中心,BV10432243,,大华社区中心,113.199093,23.408049,花31路
大华市场,大华市场,大华市场,BV09002105,,大华市场,113.201304,23.406913,715路、夜92路、花105路、花10路、花23路、花62路、花63路、花63路短线、花75路、花81路、花9路
大基头,大基头,大基头,BV10014585,,大基头（木偶艺术剧院）,113.246689,23.106671,10路、131A路、16路、183路、25路、530路、B21路、夜37路
大基头总站,大基头总,大基头总站,BV10480093,,大基头（木偶艺术剧院）总站,113.246485,23.107600,188路、270路
大吉村,大吉村,大吉村站,BV11419914,,,113.278452,22.808279,312路
大尖山戒毒所,大尖山戒毒所,大尖山戒毒所,BV11198733,,大尖山戒毒所,113.738585,23.582453,从13路、从化13路
大简村(南沙大道)站,大简村(南沙大道),大简村(南沙大道)站,BV10020700,,大简村（南沙大道）,113.401894,22.870253,南50路、南沙54路、番143路、番150B路
大简村九队(南沙大道)站,大简村九队(南沙大道),大简村九队(南沙大道)站,BV10499783,,大简村九队（南沙大道）,113.415402,22.864880,南50路、南沙54路、番143路、番150B路
大简中桥站,大简中桥,大简中桥站,BV10020668,,大简中桥,113.409077,22.866919,南50路、南沙54路、番143路、番150B路
大江里,大江里,大江里,BV11018297,,大江里,113.728400,23.740701,从601路、从914路
大江路口,大江路口,大江路口,BV09177200,2,大江路口,113.597216,23.549052,从11路、从12路、从13路、从14路、从16路、从19路、从19路密石班车、从1路东线、从3路、从7路、从化13路
大江路口,大江路口,大江路口站(西行),BV11442558,,大江路口,113.597106,23.549057,从905路
大江路口,大江路口,大江路口站(东行),BV11442559,,大江路口,113.596720,23.548987,从905路
大江苑,大江苑,大江苑,BV10021299,,大江苑,113.307052,23.103838,131A路、131B路、204路、225路、266路
大江苑总站,大江苑总,大江苑总站,BV10323128,,大江苑总站,113.307005,23.104580,767路
大江直街北,大江直街北,大江直街北,BV10021667,,大江直街北,113.306826,23.102532,131A路
大江直街南,大江直街南,大江直街南,BV10021666,,大江直街南,113.306513,23.099284,131A路
大金钟路,大金钟路,大金钟路(停北行),BV10388880,,大金钟路,113.274194,23.165498,795路
大金钟路,大金钟路,大金钟路(停南行),BV11167255,2,大金钟路②,113.274500,23.163961,795路
大金钟路,大金钟路,大金钟路,BV11481120,1,大金钟路①,113.274275,23.165161,175路、223路、245路、265路、36路、38路、841路、B18路
大井村站,大井村,大井村站,BV10984363,,大井村,113.501530,22.825408,南沙49路
大冚村,大冚村,大冚村,BV11119377,,大冚村,113.895477,23.396978,增城67路、增城72B路
大冚坦,大冚坦,大冚坦,BV11409060,,,113.775394,23.414269,增城41路、增城58路
大坑社(深水社),大坑社(深水社),大坑社(深水社),BV11198737,,大坑社（深水社）,113.723921,23.582378,从13路、从化13路
大朗,大朗,大朗,BV10252515,,大朗,113.142902,23.209484,佛244路、佛252路
大朗北路口,大朗北路口,大朗北路口站,BV11689611,,大朗北路口,113.247972,23.246020,523路、58A路、夜87路
大朗村,大朗村,大朗村,BV09265900,,大朗村,113.234868,23.241502,523A路
大朗工业路,大朗工业路,大朗工业路,BV11319410,,,113.240476,23.240739,970路、夜85路
大朗火车站,大朗火车,大朗火车站,BV11315590,,大朗火车站,113.230304,23.239654,523A路
大朗市场,大朗市场,大朗市场,BV10889445,,大朗市场,113.135772,23.213494,佛244路、佛252路
大朗夏边总站,大朗夏边总,大朗夏边总站,BV10019372,,大朗夏边总站,113.234620,23.238326,970路、夜85路
大朗中路,大朗中路,大朗中路,BV11315592,,大朗中路,113.247277,23.240709,523A路、970路、夜85路
大朗中路口,大朗中路口,大朗中路口站,BV11689610,,大朗中路口,113.248345,23.241106,523路、58A路、夜87路
大朗中学,大朗中学,大朗中学,BV11684946,,大朗中学,113.238849,23.241539,523A路
大朗总站,大朗总,大朗总站,BV10018516,,大朗总站,113.232641,23.251609,523A路
大塱,大塱,大塱,BV11483612,,大塱,113.254763,23.236776,21路、522路、706路、706路早间短线、807路、840路、夜80路、夜94路
大沥城区南,大沥城区南,大沥城区南,BV09000897,,大沥城区南（新都会）,113.119011,23.112906,佛211路、佛236路、佛244B路、佛251路、佛263路、佛263路短线、佛275路、佛278路
大沥村,大沥村,大沥村,BV10381843,,大沥村,113.331280,23.309288,471路、735路、797路、659路
大沥村(科强路),大沥村(科强路),大沥村(科强路),BV10388409,,大沥村（科强路）,113.325905,23.300710,797路、828路
大沥路(田心村口),大沥路(田心村口),大沥路(田心村口),BV09242695,,大沥路（田心村口）,113.336994,23.304383,471路、735路、797路、659路
大沥摩托车市场,大沥摩托车市场,大沥摩托车市场,BV11688720,,大沥摩托车市场,113.105528,23.118949,佛211路、佛244B路、佛263路、佛263路短线、佛275路、佛278路
大沥欧庄,大沥欧庄,大沥欧庄,BV11500814,,大沥欧庄,113.324793,23.302702,797路、828路
大沥汽车客运站(松岗大道南),大沥汽车客运站(松岗大道南),大沥汽车客运站(松岗大道南),BV09309271,,大沥汽车客运站,113.099333,23.124267,佛211路
大沥汽车客运站(松岗大道南),大沥汽车客运站(松岗大道南),大沥汽车客运站,BV10252420,,大沥汽车客运站,113.099337,23.124355,佛211路、佛244B路、佛263路短线、佛278路
大沥商业步行街,大沥商业步行街,大沥商业步行街,BV10252233,,,113.114514,23.112948,佛236路、佛251路
大沥新庄,大沥新庄,大沥新庄站,BV09242693,,大沥新庄,113.324597,23.307223,735路、797路、828路
大沥综合市场,大沥综合市场,大沥综合市场,BV11462230,,,113.094348,23.122716,佛263路、佛275路
大良安监分局,大良安监分局,大良安监分局,BV11156254,,,113.256871,22.830446,307路/佛307路、312路
大良实验小学,大良实验小学,大良实验小学,BV11141183,,,113.264686,22.830584,307路/佛307路
大良医院,大良医院,大良医院站,BV11689462,,,113.253054,22.819002,307路/佛307路、312路、314路、佛314路
大淋岗村,大淋岗村,大淋岗村,BV10017794,,大淋岗村,113.428779,23.141159,364路、390路、403路、495路、581路、944路、945路
大岭,大岭#1,大岭,BV10258771,,,113.449950,22.534062,K981路
大岭,大岭#2,大岭,BV11152940,,大岭,113.702821,23.721074,从603路、从608路
大岭北街,大岭北街,大岭北街,BV10508065,,大岭北街,113.272311,23.242493,922路
大岭村,大岭村,大岭村,BV10023070,,大岭村,113.468436,22.984115,番126路、番128路
大岭村龙漖路口,大岭村龙漖路口,大岭村龙漖路口,BV10023099,,大岭村龙漖路口,113.484572,22.987458,番131路
大岭村委,大岭村委,大岭村委,BV11484100,,大岭村委,113.397121,23.641372,从909路
大岭村总站,大岭村总#1,大岭村总站,BV10013882,,大岭村总站,113.196246,23.354222,472路
大岭村总站,大岭村总#2,大岭村总站,BV11042907,,大岭村,113.472445,22.987207,番132路旅游专线
大岭顶路,大岭顶路,大岭顶路,BV11634417,,,113.336000,23.272020,736路
大岭顶路东,大岭顶路东,大岭顶路东,BV11661251,,,113.344148,23.274396,736路
大岭路口,大岭路口,大岭路口站,BV11688160,,大岭路口,113.198264,23.335723,522路、707路、750路、825路、花73路
大岭南路,大岭南路,大岭南路,BV10013879,,大岭南路,113.195752,23.338960,472路
大岭围,大岭围,大岭围,BV11578761,,,113.636989,23.524110,从1路东线
大龙村路口,大龙村路口,大龙村路口,BV11256882,,大龙村路口,113.422131,23.438174,高峰快线72路
大龙经济发展公司,大龙经济发展公司,大龙经济发展公司,BV10020076,,大龙经济发展公司,113.422536,22.961904,番111路、番23路、番52路、番80路、番81路
大龙居委,大龙居委,大龙居委,BV10015127,,大龙居委,113.433343,22.960794,番111路、番23路、番52路、番72路、番79路、番80路、番81路、番83路
大龙路口,大龙路口,大龙路口,BV10015121,,大龙路口,113.422740,22.975475,番72路、番79路、番83路
大龙桥,大龙桥,大龙桥,BV10023442,,大龙桥,113.427642,22.954818,番3路、番92路/番92路、番93路、番93路短线
大龙头村,大龙头村,大龙头村,BV10014425,,大龙头村,113.195799,23.287769,723路
大龙头村西,大龙头村西,大龙头村西,BV10621312,,大龙头村西,113.193136,23.288172,723路
大龙小学,大龙小学,大龙小学,BV10020077,,大龙小学,113.425813,22.961556,番111路、番23路、番52路、番80路、番81路
大龙小学东门,大龙小学东门,大龙小学东门,BV11624632,,大龙小学东门,113.427077,22.962691,番72路、番79路、番83路
大龙中学(城区大道),大龙中学(城区大道),大龙中学(城区大道),BV11607349,,大龙中学（城区大道）,113.392243,22.952668,番111路、番16路、番19路、番28路
大龙中学(富怡路),大龙中学(富怡路),大龙中学(富怡路),BV10672649,,大龙中学（富怡路）,113.392034,22.954620,番111路、番23路、番52路
大路脚,大路脚,大路脚,BV10579520,,大路脚,113.519157,23.640427,从18路、从901路、从902路
大罗村,大罗村,大罗村,BV10018776,,大罗村,113.355990,23.331220,650路、724路、732路、976路
大罗村(市广路),大罗村(市广路),大罗村(市广路)站,BV10019847,,大罗村（市广路）,113.350858,22.959549,番100路、番11路、番13路、番150B路、番15路、番1路、番21B路、番5路、番5路长线、番8路、番91路、番96路、番97路、番99路、番夜5路、番108路
大罗村(银平路),大罗村(银平路),大罗村(银平路),BV11352461,,大罗村（银平路）,113.347839,22.961895,番8路
大罗村总站,大罗村总#1,大罗村总站,BV11476851,,大罗村,113.358159,23.324753,650路、732路、659路
大罗村总站,大罗村总#2,大罗村总站,BV10550331,,大罗村总站,113.351931,23.336710,797路
大罗塘珠宝小镇,大罗塘珠宝小镇,大罗塘珠宝小镇,BV10019837,,大罗塘珠宝小镇,113.348312,22.963190,番99路、番夜5路
大麦庄,大麦庄,大麦庄,BV11247430,,大麦庄,113.271139,23.291774,753路
大南路,大南路,大南路站,BV11688404,,大南路,113.262277,23.122807,10路、183路、190路、3路、519路、541路、544路、66路、B8路、夜107路、夜121路、夜32路、夜36路、夜39路、101路、104路、106路
大农公社,大农公社,大农公社,BV11403277,,大农公社,113.483138,22.904347,番28路
大弄庄站,大弄庄,大弄庄站,BV11591015,,大弄庄,113.203063,23.430539,花25路
大排,大排,大排,BV11116065,,大排,113.989766,23.849518,从502路、从912路
大鹏路口站,大鹏路口,大鹏路口站,BV10405473,,,113.379346,22.790108,南59路
大陂(地派)总站,大陂(地派)总,大陂(地派)总站,BV11152747,,大陂（地派）,114.041142,23.843782,从501路
大平村,大平村,大平村,BV10019949,,大平村,113.330530,22.947432,番4B路
大平市场,大平市场,大平市场,BV10019948,,大平市场,113.332490,22.949882,番4B路
大坪,大坪#1,大坪,BV11151777,,大坪,113.908997,23.899656,从506路
大坪,大坪#2,大坪,BV11323080,,大坪,113.773234,23.679381,从606路
大桥头,大桥头,大桥头,BV10017283,,大桥头,113.283050,22.898343,314路、番12路旅游专线、番67路旅游专线
大丘园,大丘园,大丘园,BV11624286,,大丘园,113.573104,23.623077,从6路
大润发A站,大润发,大润发A站,BV10464483,,,113.250738,22.823544,307路/佛307路、312路、314路、佛314路
大沙北路,大沙北路,大沙北路,BV09242414,,大沙北路,113.448463,23.112084,364路、374路、431路、432路、B16路
大沙村,大沙村,大沙村,BV10016719,,大沙村,113.325037,23.057813,180路、195路、35路、468路、86路、997路、夜128路、夜34路、夜55路
大沙村东,大沙村东,大沙村东,BV10016720,,大沙村东,113.333283,23.054629,180路、195路、35路、468路、86路、997路、夜128路、夜34路、夜55路
大沙村委,大沙村委,大沙村委,BV09259960,,,113.174084,23.154710,790路
大沙地,大沙地,大沙地,BV11688534,,大沙地,113.442247,23.104223,338路、344路、360路、364路、390路、431路、438路、517路、B16路、B24路、B28路、夜41路、夜97路、高峰快线24路
大沙地西(中山大道路口),大沙地西(中山大道路口),大沙地西(中山大道路口),BV10021329,,大沙地西（中山大道路口）,113.437770,23.103822,434路
大沙东,大沙东,大沙东,BV11248514,,大沙东,113.445352,23.108420,329路、338路、360路、364路、390路、431路、432A路、432路、434路、438路、459路、517路、943路、945路、B16路、B24路、B26路、B28路、B29路、B30路、夜41路、夜46路、夜97路、高峰快线24路
大沙东(黄埔海关),大沙东(黄埔海关),大沙东(黄埔海关),BV09227577,,大沙东（黄埔海关）,113.452598,23.108832,360路、390路、432A路、459路、517路、581路、943路、B26路、B29路、B30路、夜104路、320路
大沙东延长线,大沙东延长线,大沙东延长线,BV11591688,,大沙东延长线,113.476794,23.103635,360路、390路、夜73路、广369路
大沙东总站,大沙东总,大沙东总站,BV11074718,,大沙东（广州航海学院）总站,113.470711,23.104686,320路
大沙路口,大沙路口,大沙路口,BV09259961,,,113.180670,23.147129,790路
大沙桥东,大沙桥东,大沙桥东,BV11049191,,,113.246921,22.910960,佛349路
大沙桥西,大沙桥西,大沙桥西,BV10254016,,,113.234146,22.910013,佛349路
大沙头,大沙头,大沙头,BV11688477,2,大沙头（海港城）,113.276925,23.117722,125路、128路、131A路、131B路、184路、192路、194路、208路、229路、247路、36路、57路、80路、夜12路、夜31路、广12路、旅游公交2线
大沙头游船码头,大沙头游船码头,大沙头游船码头1,BV09278983,1,大沙头游船码头①,113.281893,23.115979,128路、131B路、208路、211路、221路、35路、546路、57路、781路、864路、89路、B21路、夜12路、夜31路、夜4路、旅游公交2线
大沙头游船码头,大沙头游船码头,大沙头游船码头,BV11688483,2,大沙头游船码头②,113.281893,23.115979,125路、184路、192路、194路、208路、229路、247路、36路、546路、80路、夜12路、广12路、旅游公交2线
大沙头总站,大沙头总,大沙头总站,BV10019191,,大沙头总站,113.277173,23.117138,7路、89路
大沙西,大沙西,大沙西,BV11687955,,大沙西,113.442915,23.107235,329路、338路、360路、364路、390路、431路、432A路、432路、434路、438路、459路、517路、945路、B16路、B24路、B28路、B30路、夜41路、夜97路、高峰快线24路
大沙新村东街口,大沙新村东街口,大沙新村东街口,BV10819365,,大沙新村东街口,113.330550,23.056505,180路、195路、35路、468路、86路、997路、夜128路、夜34路、夜55路
大山李,大山李,大山李,BV10326912,,大山李,113.408463,23.267330,973路
大山路口,大山路口,大山路口,BV11597982,,大山路口,113.537232,23.398025,从809路
大生村委站,大生村委,大生村委站,BV10641078,,大生村委,113.339759,22.846384,南沙68路
大盛村,大盛村,大盛村,BV11689333,,,113.540578,23.051243,莞618路、莞619路
大石,大石,大石,BV10019877,,大石,113.306058,23.027079,288路、301A路、301路、304路、309路、562路、夜20路、夜61路、番13路、番145路、番185路、番186路、番187路、番25路、番53路、番91路、番96路、番夜2路
大石城,大石城,大石城,BV10023171,,大石城,113.304300,23.028180,番145路、番181路、番182路、番185路、番96路
大石地铁站总站,大石地铁站总,大石地铁站总站,BV10728326,,大石地铁站总站,113.314925,23.021311,309路
大石岗,大石岗,大石岗,BV11484243,,大石岗,113.185267,23.312208,472路、825路
大石古村路口,大石古村路口,大石古村路口,BV10621038,,大石古村路口,113.451780,23.594399,从10路、从9路
大石街道办,大石街道办,大石街道办,BV10023170,,大石街道办,113.302311,23.026956,番145路、番181路、番182路、番185路、番96路
大石桥北,大石桥北,大石桥北,BV11054555,,大石桥北,113.307905,23.037118,129路、303路、公交地铁接驳专线4路、公交地铁接驳专线5路、夜102路、番146路、番17路、番17路长线、番183路
大石桥南,大石桥南,大石桥南,BV11687895,,大石桥南,113.305656,23.031347,288路、301A路、301路、304路、309路、51路、562路、夜20路、夜61路、番13路、番181路、番186路、番188路、番25路、番53路、番91路
大石文化广场,大石文化广场,大石文化广场,BV10023168,,大石文化广场,113.298066,23.027063,番145路、番181路、番182路、番185路、番96路
大石中心小学,大石中心小学,大石中心小学,BV10023230,,大石中心小学,113.303659,23.017992,310路、310路高峰短线、番187路、番夜2路
大石中学总站,大石中学总,大石中学总站,BV10023452,,,113.298241,23.024312,番96路
大水村,大水村,大水村,BV10326935,,大水村,113.463978,23.266683,346路、354路、973路
大松岗,大松岗,大松岗,BV11345910,,大松岗,113.232373,23.281064,509路、522路、652路、654路、706路早间短线、713路、837路、843路、977路、夜87路
大坦居委,大坦居委,大坦居委,BV10022145,,大坦居委,113.580837,23.266252,444路
大坦沙污水处理厂,大坦沙污水处理厂,大坦沙污水处理厂,BV10021073,,大坦沙污水处理厂,113.214365,23.126161,209路、416路
大坦沙总站,大坦沙总,大坦沙总站,BV10014799,,大坦沙（市1中）总站,113.211892,23.137565,25路、261路、555路、夜95路、夜99路、广205路
大塘(江海大道),大塘(江海大道),大塘,BV11673974,,大塘（江海大道）,113.326712,23.088724,206路、801路
大塘(江海大道),大塘(江海大道),大塘(江海大道)站,BV11688341,,大塘（江海大道）,113.326712,23.088724,14路、189路、18路、20路、252路、270路、302A路、303A路、304路、311路、37路、45路、468路、582路、583路、765路、779路、801路、90路、夜109路、夜133路、夜135路、夜20路、夜56路、夜8路、高峰快线74路、582路班车
大塘边,大塘边#1,大塘边,BV10388697,,大塘边站,113.493036,23.467416,从5路、从5路长线、从803路、从806路、从807路、从808路、从夜1路
大塘边,大塘边#2,大塘边,BV11485510,,大塘边,113.713316,23.724069,从603路、从608路
大塘工业园,大塘工业园#1,大塘工业园,BV10389122,,,112.927023,23.441233,655A线、655B路、655路
大塘工业园,大塘工业园#2,大塘工业园,BV10255590,,,112.938730,23.451957,花81路
大塘工业园东门,大塘工业园东门,大塘工业园东门,BV10910497,,,112.954407,23.438375,655A线、655B路、655路
大塘路口,大塘路口,大塘路口,BV10016432,,大塘路口,113.321960,23.089056,130路、184路、190路、226路、250路、464路、69路、夜135路、夜45路
大塘汽车客运站,大塘汽车客运,大塘汽车客运站,BV10741027,,,112.915903,23.431724,655A线、655路
大塘西总站(敦和),大塘西总站(敦和),大塘西总站(敦和),BV11472988,,大塘西（敦和）总站,113.313886,23.090613,208路、24路、463路、464路、786路
大塘镇政府,大塘镇政府,大塘镇政府,BV10254355,,,112.903803,23.430583,花81路
大塘中学,大塘中学,大塘中学,BV11401362,,大塘中学,113.342100,23.425158,708路、夜106路、花16路、花84路
大塘总站,大塘总,大塘总站,BV10016431,2,大塘总站,113.325244,23.088354,130路、184路、190路、20路、226路、69路、商务专线5路、夜45路
大田村,大田村,大田村,BV10023633,,大田村,113.620728,23.298227,增城11A路、增城11路、增城51路、增城52路、增城54路
大田村总站,大田村总,大田村总站,BV10388445,,大田村（北帝古庙）总站,113.194145,23.270552,654路
大田商业步行街,大田商业步行街,大田商业步行街,BV10331034,,大田商业步行街,113.202841,23.273539,654路
大田社,大田社,大田社,BV11308212,,大田社,113.581776,23.511441,从301路
大田围,大田围,大田围,BV11119586,,,113.657557,23.434158,增城51路
大田围路口,大田围路口,大田围路口,BV11151766,,大田围路口,113.747715,23.489197,增城59路
大田小学,大田小学,大田小学,BV10021283,,大田小学,113.196082,23.270155,654路
大同村,大同村,大同村站,BV10014913,,大同村,113.392212,22.897577,南36路、南48路、南68路快线、南沙54路、南沙65路、南沙67路、南沙68路、南沙70路、番11路、番140路、番141路、番142路、番143路、番150B路、番150路、番5路、番5路长线
大同村,大同村,大同村站(北行),BV11579115,,,113.392212,22.897577,南50路
大同村,大同村,大同村站(南行),BV11579116,,,113.391826,22.895134,南36路、南50路
大同村公交站,大同村公交,大同村公交站,BV09148651,,,113.392212,22.897568,长途番禺宝安
大同村委站,大同村委,大同村委站,BV10387498,,,113.389274,22.893631,南36路
大湾路口,大湾路口,大湾路口,BV10257364,,,112.442780,23.036131,广州-肇庆
大湾区文体中心（灵新大道）,大湾区文体中心（灵新大道）,大湾区文体中心（灵新大道）,CL100010,,大湾区文体中心（灵新大道）,113.651076,22.587646,南沙旅游1路
大菀路口,大菀路口,大菀路口,BV10612218,,大菀路口,113.223975,23.310872,829路
大围,大围,大围,BV11018290,,大围,113.804478,23.856593,从601路
大围村,大围村,大围村,BV11624285,,大围村,113.568237,23.619634,从6路
大维村,大维村,大维村,BV10023165,,大维村,113.295527,23.017508,番145路、番185路、番187路、番夜2路
大稳村,大稳村,大稳村站,BV10019803,,大稳村,113.426928,22.897250,南35路、南48路、南沙33路、南沙70路、番11路、番140路、番141路
大稳村牌坊站,大稳村牌坊,大稳村牌坊站,BV11421625,,大稳村牌坊,113.427400,22.895849,南沙35路支线
大稳村社区服务中心站,大稳村社区服务中心,大稳村社区服务中心站,BV11421623,,大稳村社区服务中心,113.430096,22.891341,南沙35路支线
大稳水上绿道站,大稳水上绿道,大稳水上绿道站,BV09302197,,大稳水上绿道,113.437066,22.883542,南沙35路支线
大涡村,大涡村,大涡村,BV10017066,,大涡村,113.035437,23.318456,乐平01B路、花5B路
大窝塱,大窝塱,大窝塱,BV11369779,,大窝塱,113.466217,23.559151,从803路
大巷工业区,大巷工业区,大巷工业区,BV10022353,,,113.276393,23.331177,夜129路、高速专线2路
大巷涌路口,大巷涌路口,大巷涌路口,BV10023424,,大巷涌路口,113.334421,22.899738,番6路、番7路
大心田村,大心田村,大心田村,BV10022140,,大心田村,113.584455,23.250582,444路
大新路,大新路,大新路,BV09237332,,大新路,113.254030,23.118736,823路
大新路口,大新路口,大新路口1,BV09340762,1,大新路口①,113.247464,23.117711,128路、134路、186路、209路、217路、31路、38路、4路、556路、823路、82路、夜16路、夜26路、夜31路、夜72路、夜7路、110路、106路、102路
大新路口,大新路口,大新路口,BV11688396,1,大新路口①,113.247464,23.117711,209路、217路
大新西,大新西,大新西,BV10022337,,大新西,113.250301,23.118057,823路、8路、夜6路
大兴,大兴,大兴,BV11620349,,大兴,113.503809,23.510462,从807路
大学城(广大)总站,大学城(广大)总,大学城(广大)总站,BV11421884,,,113.367028,23.046658,大学城专线4路、大学城班线4
大学城(广工)总站,大学城(广工)总,大学城(广工)总站,BV11662780,,大学城（广工）总站,113.384137,23.035554,夜128路
大学城北商业区,大学城北商业区,大学城北商业区站,BV11441883,,,113.027628,23.154618,佛275路
大学城广大总站,大学城广大总,大学城广大总站,BV10017779,,,113.367039,23.046538,大学城专线1路、大学城专线4路
大学城广中医总站,大学城广中医总,大学城广中医总站,BV11408959,,,113.405104,23.060114,86路、大学城专线2路
大学城科学中心总站,大学城科学中心总,大学城科学中心总站,BV10022575,,大学城科学中心总站,113.359606,23.044378,35路、801路、番202路旅游专线
大学城南亭村总站,大学城南亭村总,大学城南亭村总站,BV10387389,,大学城南亭村总站,113.381351,23.037135,384路/384路旅游专线
大学城穗石村总站,大学城穗石村总,大学城穗石村总站,BV10323037,,大学城穗石村总站,113.407123,23.048862,387路、番201路
大学城体育中心西,大学城体育中心西,大学城体育中心西,BV10021957,,大学城体育中心西,113.386881,23.060174,番202路旅游专线
大学城体育中心总站,大学城体育中心总,大学城体育中心总站,BV10023260,,大学城体育中心总站,113.390247,23.058551,夜48路、番202路旅游专线
大学城星光下道总站,大学城星光下道总,大学城星光下道总站,BV09254007,,大学城星光下道总站,113.374077,23.044157,383路、大学城环线1路
大学城中部枢纽总站,大学城中部枢纽总,大学城中部枢纽总站,BV10019620,,大学城中部枢纽总站,113.371654,23.048406,B25路、大学城专线3路
大学城总站,大学城总#1,大学城总站,BV11691219,,,113.384137,23.035554,997路
大学城总站,大学城总#2,大学城总站,BV09002930,,,113.371593,23.048342,B25路
大学城总站(中部枢纽),大学城总站(中部枢纽),大学城总站(中部枢纽),BV11626281,,,113.371343,23.048394,大学城专线3路
大宜岗(李家村),大宜岗(李家村),大宜岗(李家村),BV10892058,,,112.929684,23.353385,655A线
大涌站,大涌,大涌站,BV10015856,,大涌,113.553130,22.769928,南1路B、南夜4路、南沙18路、南沙49路、南沙4路、番141路
大涌地铁公交站(B出口),大涌地铁公交站(B出口),大涌地铁公交站(B出口),BV09148650,,,113.551267,22.761605,长途番禺宝安
大涌东路,大涌东路,大涌东路,BV11106814,,大涌东路,113.551156,22.763138,南1路B、南夜4路、南沙49路、南沙4路、番141路、南沙1路
大涌路口站,大涌路口,大涌路口站,BV10016465,,大涌路口,113.545216,22.766972,南27路、南夜4路、南沙13路、南沙54路
大涌路西,大涌路西,大涌路西,BV09375189,,大涌路西,113.308608,23.024771,番185路
大元村站,大元村,大元村站,BV10014995,,大元村,113.493541,22.758875,40路/南40路、南14路、南56路、南沙12路
大元帅府,大元帅府,大元帅府,BV10015732,,大元帅府,113.274468,23.113405,121A路、121路、131A路、131B路、182路、24路、8路、B21路、夜6路
大元帅府总站,大元帅府总,大元帅府总站,BV10018245,,大元帅府总站,113.274479,23.112789,11路、460A路、460路
大源,大源,大源,BV10013963,,大源,113.346234,23.252142,246路、504路、747路、862路、夜74路
大源北,大源北,大源北,BV10013961,,大源北（广州涉外学院）,113.350864,23.258569,246路、504路、862路、夜74路
大源路北,大源路北,大源路北,BV11688550,,大源路北,113.347576,23.272620,246路、504路、夜74路
大运公司,大运公司,大运公司站,BV11317193,,大运公司,113.194385,23.418305,花10路、花30路、花75路、花76路、花7路、花81路、花9路、701路
大运公寓,大运公寓,大运公寓,BV11688157,,大运公寓,113.198745,23.417743,花10路、花30路、花75路、花76路、花7路、花81路、花9路、701路
大运家园,大运家园,大运家园,BV11086035,,大运家园,113.228382,23.404955,花16路、花19路、花2路、花8路
大镇,大镇,大镇,BV10252542,,大镇,113.097984,23.090869,佛236路、佛251路
大正路东,大正路东,大正路东,BV11368635,,,113.017920,22.836445,佛236路
大正新城,大正新城,大正新城,BV11191810,,,113.006972,22.844701,佛236路
大洲村,大洲村,大洲村,BV10023029,,大洲村,113.254036,22.985901,番101短线、番99路、番夜5路
大洲路口,大洲路口#1,大洲路口,BV10023012,,大洲路口,113.272805,23.001167,番100路
大洲路口,大洲路口#2,大洲路口,BV10326097,,,113.833112,23.112468,莞76路
大转弯,大转弯,大转弯,BV11689458,,大转弯（黄岐凯民茶博城）,113.176363,23.108006,佛236路、佛244B路、佛250路、佛251路、佛263路、佛263路短线、佛276路/佛276、佛277路、佛279路、佛沥18路、广123路、广260路、沥12B路
大转弯夹板城,大转弯夹板城,大转弯夹板城,BV09006384,,大转弯夹板城,113.180090,23.105847,佛200路、广419路
丹桂社区居委会,丹桂社区居委会,丹桂社区居委会,BV11598953,,丹桂社区居委会,113.353549,22.953122,番4B路
丹乐食品站,丹乐食品,丹乐食品站,BV10015044,,,113.436967,22.845490,南51路、南57路
丹邱村,丹邱村#1,丹邱村,BV10252243,,丹邱村,113.067333,23.131912,佛263路
丹邱村,丹邱村#2,丹邱村,BV11118526,,丹邱村,113.719573,23.301216,增城49路
丹山村(桥兴大道),丹山村(桥兴大道),丹山村(桥兴大道)站,BV09302751,,丹山村（桥兴大道）,113.353001,22.955731,301路、番100路、番11路、番13路、番150B路、番1路、番21B路、番33路、番8路、番91路、番96路、番97路、番99路、番夜5路、番108路
丹山村(西环路),丹山村(西环路),丹山村(西环路),BV10764630,,丹山村（西环路）,113.348797,22.955690,番33路
丹山桥,丹山桥,丹山桥站,BV11689845,,丹山桥,113.354535,22.953796,301路、番100路、番11路、番13路、番150B路、番1路、番21B路、番33路、番4B路、番8路、番91路、番96路、番97路、番99路、番夜5路、番108路
丹山新村,丹山新村,丹山新村,BV10992719,,丹山新村,113.346545,22.956396,番33路
丹水坑,丹水坑,丹水坑站2,BV09192168,2,丹水坑②,113.530493,23.093394,214路、340路、372路、397路、571B路、B30路
丹水坑,丹水坑,丹水坑2,BV09227576,2,丹水坑②,113.530186,23.093252,571路
丹水坑,丹水坑,丹水坑站(西行),BV11484558,2,丹水坑②,113.530535,23.093538,340路
丹水坑,丹水坑,丹水坑,BV11687861,2,丹水坑②,113.529469,23.092942,214路、372路、388路、397路、516路、566路、567路、569路、571B路、571路、572路、946路、B30路、B31路、夜49路、夜73路
丹水坑风景区总站,丹水坑风景区总,丹水坑风景区总站,BV10022013,,丹水坑风景区总站,113.523693,23.107296,397路、397路短线快线
丹水坑路口,丹水坑路口,丹水坑路口,BV10974373,,丹水坑路口,113.526112,23.100564,376路、397路
丹水坑路南,丹水坑路南,丹水坑路南,BV11690392,,丹水坑路南,113.528317,23.094162,376路、397路
丹水坑路中,丹水坑路中,丹水坑路中,BV11460105,,丹水坑路中,113.527143,23.097686,376路、397路
丹灶公交总站,丹灶公交总,丹灶公交总站,BV09167606,,丹灶公交总站,112.907430,23.056058,佛250路
丹灶翰林湖(徐边村),丹灶翰林湖(徐边村),丹灶翰林湖(徐边村),BV10889526,,丹灶翰林湖（徐边村）,112.931654,23.059022,佛250路
丹灶金沙城区站,丹灶金沙城区,丹灶金沙城区站,BV11646104,,丹灶金沙城区站,112.955075,23.067543,佛250路
丹灶金沙邮电局,丹灶金沙邮电局,丹灶金沙邮电局,BV11468514,,丹灶金沙邮电局,112.958555,23.068945,佛250路
丹灶劳边村,丹灶劳边村,丹灶劳边村,BV11646124,,丹灶劳边村站,112.926333,23.057598,佛250路
丹灶沙滘村站,丹灶沙滘村,丹灶沙滘村站,BV11474012,,丹灶沙滘村站,112.939548,23.061368,佛250路
丹灶税务分局,丹灶税务分局,丹灶税务分局,BV11193307,,丹灶税务分局,112.916578,23.055409,佛250路
丹灶徐边村,丹灶徐边村,丹灶徐边村,BV11646103,,丹灶徐边村站,112.932149,23.059660,佛250路
丹灶医院站,丹灶医院,丹灶医院站,BV11650102,,丹灶医院站（环保学院站）,112.908071,23.054408,佛250路
丹灶镇政府,丹灶镇政府,丹灶镇政府,BV09159941,,丹灶镇政府,112.913381,23.054826,佛250路
氮肥厂,氮肥厂,氮肥厂,BV11091732,,氮肥厂,113.409832,23.640006,从10路、从407路、从408路、从911路
党校路口,党校路口,党校路口,BV11687882,,党校路口,113.378253,22.942369,南沙65路、南沙68路、番100路、番10路、番142路、番143路、番148路、番150B路、番150路、番19路、番22路、番3路、番92路/番92路
氹迳,氹迳,氹迳,BV11352971,,氹迳,113.319221,23.575415,从404路
档案馆路(中部枢纽),档案馆路(中部枢纽),档案馆路,BV10381628,,档案馆路（中部枢纽）,113.372498,23.047820,361路、夜48路、夜50路、大学城专线2路、番微公交7路
档案馆路(中部枢纽),档案馆路(中部枢纽),档案馆路(中部枢纽),BV10388935,,档案馆路（中部枢纽）,113.372284,23.047956,361路、86路、大学城专线2路、番201路、番微公交7路
到蔚村,到蔚村,到蔚村,BV11118925,,到蔚村,113.879460,23.397272,增城17路、增城63路
道滘城轨站,道滘城轨,道滘城轨站,BV11671851,,,113.653948,22.993526,莞86路
得金工业区路口,得金工业区路口,得金工业区路口,BV10252680,,得金工业区路口,113.143152,23.222169,佛里07B路、广231路
得胜村,得胜村,得胜村,BV11690544,,,113.145558,23.215108,佛里07B路
得胜南隅,得胜南隅,得胜南隅,BV11646757,,,113.147294,23.210876,佛里07B路
德宝花园,德宝花园,德宝花园,BV10020165,,德宝花园,113.370913,22.925283,番12路旅游专线、番140路、番146路、番147路、番165路、番19路、番29路、番51路、番5路、番5路长线、番91路、番93路、番9路、番9路长线、番93路短线
德康路,德康路,德康路,BV09355218,2,德康路,113.245009,23.182229,175路、185路、271路、63路、757路、7路、832路、925路、975路、夜122路、夜76路、夜77路、夜94路、广424路
德棠路,德棠路,德棠路,BV11466805,,德棠路,113.234335,23.180331,477路、925路
德贤路,德贤路,德贤路,BV10435949,,德贤路,113.350930,22.919396,番6路、番108路
德贤路(时代雅苑),德贤路(时代雅苑),德贤路(时代雅苑),BV11633334,,德贤路,113.350489,22.922343,番6路、番108路
德信路,德信路,德信路,BV10014950,,德信路,113.369105,22.918057,南沙67路、番129路、番130路、番140路、番146路、番19路、番20B路、番21B路、番27路、番51路、番91路、番93路、番93路短线
德星路总站,德星路总,德星路总站,BV10860955,,德星路（上下九步行街）总站,113.243989,23.118318,17路、商务专线4路
德政中路,德政中路,德政中路,BV10021793,,德政中路,113.270091,23.128100,215路、夜21路
地勤公司,地勤公司,地勤公司,BV11622447,,地勤公司,113.294938,23.372058,空港1路
地铁白云大道北站,地铁白云大道北,地铁白云大道北站,BV10461223,,地铁白云大道北站,113.291400,23.225078,665路、804路、981路、743路
地铁白云东平站,地铁白云东平,地铁白云东平站,BV11117232,,地铁白云东平站,113.311996,23.252850,529路、563路、656路、76A路、799路、833路、926路、984路、夜76路
地铁白云公园站,地铁白云公园,地铁白云公园站,BV10022459,,地铁白云公园站,113.265309,23.184548,175路、271路、34路、522路、529路、544路、547路、757路、759路环线、980路环线、夜122路、夜32路、夜75路、广424路、980路
地铁白云公园站总站,地铁白云公园站总,地铁白云公园站总站,BV11568890,,地铁白云公园站总站,113.265309,23.184548,夜121路
地铁傍江站(政务服务中心),地铁傍江站(政务服务中心),地铁傍江站,BV09343336,,地铁傍江站（政务服务中心）,113.404136,22.939480,301路、番10路、番148路、番160路、番16路、番19路、番1路、番28B路、番29路、番68路、番6路、番93路、番97路、番微公交3路、番93路短线
地铁傍江站(政务服务中心),地铁傍江站(政务服务中心),地铁傍江站(政务服务中心),BV09344615,,地铁傍江站（政务服务中心）,113.405302,22.939076,番6路、番99路、番微公交3路、番93路短线
地铁车陂南站,地铁车陂南,地铁车陂南站,BV10022500,,地铁车陂南站,113.383526,23.115522,564路、771路、夜100路
地铁陈头岗总站,地铁陈头岗总,地铁陈头岗总站,BV11670852,,地铁陈头岗总站,113.260256,23.015319,番187路、番夜2路
地铁赤草站,地铁赤草,地铁赤草站,BV11160652,,地铁赤草站,113.554393,23.503973,从5路、从5路长线、从904路、从夜1路
地铁从化客运站,地铁从化客运站(姓钟围),地铁从化客运站(姓钟围),BV11154169,1,地铁从化客运站（姓钟围）,113.589071,23.533106,从10路、从11路、从12路、从13路、从14路、从18路、从19路、从19路密石班车、从1路东线、从1路西线、从20路、从21路长线、从3路、从3路夜班、从4路、从5路、从6路、从6路支线、从902路、从903路、从904路、从905路、从9路、从化13路、从夜1路、从夜3路、从4路快线
地铁从化客运站,地铁从化客运站(姓钟围),地铁从化客运站,BV11154215,,,113.587907,23.534031,从5路长线
地铁从化客运站,地铁从化客运站(姓钟围),地铁从化客运站1,BV11154757,1,地铁从化客运站①,113.589479,23.534393,从11路、从12路、从13路、从14路、从19路、从19路密石班车、从1路东线、从8路、从905路、从906路、从化13路
地铁从化客运站,地铁从化客运站(姓钟围),地铁从化客运站2,BV11168223,2,地铁从化客运站②,113.587907,23.534031,从10路、从18路、从1路东线、从1路西线、从20路、从21路长线、从3路、从3路夜班、从4路、从5路、从6路、从6路支线、从901路、从902路、从903路、从9路、从夜1路、从夜3路、从4路快线
地铁大观南路站,地铁大观南路,地铁大观南路站,BV11312594,,地铁大观南路站,113.400895,23.147814,325路、497路、506路、508路、564A路、564路、773路、903路、B22路、B26路、B4路、夜100路、夜38路、夜51路、夜81路、夜93路、B4B路
地铁大金钟路站,地铁大金钟路,地铁大金钟路站,BV09412640,,地铁大金钟路站,113.271246,23.164441,795路
地铁大沙地站,地铁大沙地,地铁大沙地站,BV10021046,,地铁大沙地站,113.440825,23.105948,364路、390路、434路
地铁大沙地站总站,地铁大沙地站总,地铁大沙地站总站,BV10018232,,地铁大沙地站总站,113.440323,23.105607,459路、945路
地铁大石(新光快速),地铁大石(新光快速),地铁大石站,BV10020322,,地铁大石站,113.315158,23.021163,310路、番145路、番185路
地铁大石(新光快速),地铁大石(新光快速),地铁大石(新光快速),BV11685768,,地铁大石站（新光辅道）,113.316527,23.019818,番185路、番187路
地铁大石站总站,地铁大石站总,地铁大石站总站,BV11051546,,,113.315074,23.021198,310路高峰短线、公交地铁接驳专线8路、番190路、番夜2路
地铁大石总站,地铁大石总,地铁大石总站,BV10019654,,地铁大石站（新光辅道）,113.315074,23.021198,310路高峰短线、公交地铁接驳专线7路、公交地铁接驳专线8路、番187路
地铁大学城南站,地铁大学城南,地铁大学城南站,BV10442569,,地铁大学城南站,113.394696,23.046455,384路/384路旅游专线、番微公交7路
地铁大涌站,地铁大涌,地铁大涌站,BV10975333,,地铁大涌站,113.551243,22.761380,南1路B、南27路、南沙13路、南沙18路、南沙4路、南沙54路、南沙1路
地铁低涌站,地铁低涌,地铁低涌站,BV11476931,,地铁低涌站,113.479489,22.921547,番80路、番夜1路
地铁东风站,地铁东风,地铁东风站,BV11115115,,地铁东风站,113.595410,23.569088,从16路、从20路、从21路长线、从7路、从8路、从化921路、从化922路
地铁东风站总站,地铁东风站总,地铁东风站总站,BV11261178,,地铁东风站总站,113.595509,23.570730,从8路、从夜3路
地铁东风站D,地铁东风站D,地铁东风站D,BV09216179,,,113.595473,23.567786,从20路、从夜3路
地铁东湖站,地铁东湖,地铁东湖站,BV11322251,,地铁东湖站,113.283085,23.118279,781路
地铁东圃站总站,地铁东圃站总,地铁东圃站总站,BV10018701,,地铁东圃站总站,113.395544,23.112809,404路、夜64路
地铁东晓南站,地铁东晓南,地铁东晓南站,BV10022709,,地铁东晓南站,113.289772,23.074002,462路、766路环线、780路、991路、夜33路
地铁东晓南站总站,地铁东晓南站总,地铁东晓南站总站,BV10018263,,地铁东晓南站总站,113.289772,23.074002,466路
地铁东涌站,地铁东涌,地铁东涌站,BV11373961,,,113.474452,22.888628,南22路
地铁飞沙角站,地铁飞沙角,地铁飞沙角站,BV10975331,,,113.536066,22.784661,南沙31路B线
地铁飞沙角(广隆苑)站,地铁飞沙角(广隆苑),地铁飞沙角(广隆苑)站,BV11421791,,,113.535935,22.784476,南沙31路A线
地铁飞翔公园站,地铁飞翔公园,地铁飞翔公园站,BV11411883,,地铁飞翔公园站,113.259308,23.171671,479路、975路、980路环线、981路、夜75路、夜82路、980路
地铁飞翔公园站总站,地铁飞翔公园站总,地铁飞翔公园站总站,BV10018317,,地铁飞翔公园站总站,113.259816,23.171892,529路、661路、662路、742路、752路、795路、982路
地铁枫下站,地铁枫下,地铁枫下站,BV10974235,,地铁枫下站,113.503806,23.365014,457路、650路、夜126路、夜131路
地铁高塘石站,地铁高塘石,地铁高塘石站,BV10845278,1,地铁高塘石站①,113.404628,23.193659,345A路、346路、491路、494路、497路、564路、83路、901路、夜100路
地铁高增站总站,地铁高增站总,地铁高增站总站,BV10974404,,地铁高增站总站,113.290746,23.358378,737路、843路、985路、夜班136路、高速专线2路
地铁官洲站,地铁官洲,地铁官洲站,BV09100200,,地铁官洲站,113.370772,23.069257,高峰快线74路
地铁官洲站总站,地铁官洲站总,地铁官洲站总站,BV10456440,,,113.370772,23.069257,353路、夜125路
地铁广隆站,地铁广隆,地铁广隆站,BV10975334,,地铁广隆站,113.536021,22.774695,南27路、南61路、南夜4路、南沙13路、南沙54路
地铁桂城站,地铁桂城,地铁桂城站,BV09300165,,地铁桂城站,113.135311,23.034580,桂23路
地铁海傍站,地铁海傍,地铁海傍站,BV10019757,,地铁海傍站,113.469810,22.944106,番149路、番151路、番160路、番162B路、番162路、番93路、番夜4路
地铁海傍站总站,地铁海傍站总,地铁海傍站总站,BV09324092,,,113.469538,22.942443,番162B路高峰快线
地铁海涌路,地铁海涌路,地铁海涌路分站,BV09350053,,地铁海涌路分站,113.454034,22.945173,番126路、番80路
地铁海涌路站(海傍村),地铁海涌路站(海傍村),地铁海涌路站(海傍村)站,BV09343732,,地铁海涌路站（海傍村）,113.450917,22.944289,番126路、番148路、番160路、番80路、番81路、番夜1路
地铁汉溪长隆G站,地铁汉溪长隆,地铁汉溪长隆站,BV09167612,,,113.323981,22.994599,番86路高峰直达短线
地铁汉溪长隆G站,地铁汉溪长隆,地铁汉溪长隆G站,BV09411874,,,113.325121,22.996987,129路、303A路、夜102路
地铁汉溪长隆G站,地铁汉溪长隆,地铁汉溪长隆D站,BV10014952,,地铁汉溪长隆D站,113.324836,22.997152,公交地铁接驳专线9路、地铁接驳10A线、番109B路、番109路、番125路、番125路高峰直达短线、番89路
地铁汉溪长隆G站,地铁汉溪长隆,地铁汉溪长隆A站,BV11037524,,,113.324714,22.996745,公交地铁接驳专线9路、地铁接驳10A线、番109B路、番109路、番125路、番125路高峰直达短线、番163A路、番163B路、番30路、番52路、番86路、番89路
地铁汉溪长隆G站,地铁汉溪长隆,地铁汉溪长隆B站,BV11038930,,地铁汉溪长隆B站,113.326208,22.997484,129路、303A路、公交地铁接驳专线9路、番163A路、番163B路、番30路、番89路、番88路
地铁汉溪长隆G站,地铁汉溪长隆,地铁汉溪长隆C站,BV11062941,,地铁汉溪长隆C站,113.325841,22.997739,129路、303A路、夜102路、番30路、番52路、番86路
地铁何棠下站(知识城南),地铁何棠下站(知识城南),地铁何棠下站(知识城南),BV10974130,,地铁何棠下站（知识城南）,113.539069,23.332704,343路、345路、365路、370路、夜126路
地铁横沥站,地铁横沥,地铁横沥站,BV11603399,,地铁横沥站,113.507209,22.755219,K981路、南17路、南39路、南55路、南56路、南沙13路、南沙20路、南沙23B路、南沙23路A线、南沙5路、南沙G1路、南沙G2路、南沙G4路
地铁横沙站,地铁横沙,地铁横沙站1,BV09315831,1,地铁横沙站①,113.200624,23.161522,广12路、广231路、广276路、广283路、广高峰快线30路、广974路
地铁横沙站,地铁横沙,地铁横沙站,BV10016979,1,地铁横沙站①,113.200663,23.161716,429路循环线、790路、佛沥18路、佛里07路、广12路、广231路、广276路、广283路、广657路、广746路、广974路班车、广夜91路、广高峰快线30路、里07路、里07路高峰线、广974路
地铁横沙站,地铁横沙,地铁横沙站2,BV11621971,2,地铁横沙站,113.200962,23.161151,佛沥18路、里07路高峰线
地铁红卫站,地铁红卫,地铁红卫站,BV10974234,,地铁红卫站,113.481273,23.401390,343路、650路、826路
地铁红卫站总站,地铁红卫站总,地铁红卫站总站,BV11598269,,地铁红卫站总站,113.481464,23.401302,夜126路
地铁黄陂站,地铁黄陂,地铁黄陂站,BV10844638,,地铁黄陂站（一一七中学）,113.430095,23.190707,324路、345A路、449路、83路、夜60路、夜68路、333路
地铁会江站,地铁会江,地铁会江站,BV10023162,,地铁会江站,113.282474,23.015473,番145路、番182路、番185路、番187路、番夜2路
地铁嘉禾望岗站,地铁嘉禾望岗,地铁嘉禾望岗站,BV10018935,,地铁嘉禾望岗站,113.284445,23.238395,656路、663路、798路、799路、926路、嘉禾5线
地铁嘉禾望岗站总站,地铁嘉禾望岗站总,地铁嘉禾望岗站总站,BV10014401,,地铁嘉禾望岗站（市八医院）总站,113.280410,23.237034,656路、799路、嘉禾5线、嘉禾望岗地铁站便民车3线
地铁江泰路站总站,地铁江泰路站总,地铁江泰路站总站,BV10022191,,地铁江泰路站总站,113.274871,23.085318,469路、992路、夜103路
地铁江夏站,地铁江夏,地铁江夏站,BV10018059,,地铁江夏站,113.277700,23.213341,539路、794路、981路、夜76路
地铁江夏站总站,地铁江夏站总,地铁江夏站总站,BV10019056,,,113.277749,23.213025,667路
地铁滘心站总站,地铁滘心站总,地铁滘心站总站,BV11461979,,地铁滘心站总站,113.211858,23.240114,722路、977路、夜117路
地铁金峰站,地铁金峰,地铁金峰站,BV10845337,,地铁金峰站（保利林语山庄）,113.445394,23.184193,324路、325路、345路、349路、396路、573路快线、945路、946路、夜81路
地铁金坑站,地铁金坑,地铁金坑站,BV11312587,,地铁金坑站,113.521695,23.252309,345路
地铁菊树站,地铁菊树,地铁菊树站,BV11316711,,地铁菊树站,113.207327,23.069515,410路、452路
地铁柯木塱站,地铁柯木塱,地铁柯木塱站,BV11585446,,地铁柯木塱站,113.392134,23.196168,345A路、346路、491路、494路、497A路、497路、564路、83路、夜100路
地铁科学城站,地铁科学城,地铁科学城站,BV10387282,,地铁科学城站,113.444915,23.170278,336路、科学城3号交通专线/K3路
地铁科韵路站,地铁科韵路,地铁科韵路站,BV10022464,,地铁科韵路站,113.372414,23.121511,28路、408路、547路、764路、901A路、夜132路、550路
地铁沥滘站,地铁沥滘,地铁沥滘站,BV11365763,,地铁沥滘站,113.314384,23.057497,997路、夜128路
地铁沥滘站总站,地铁沥滘站总,地铁沥滘站总站,BV11366964,,地铁沥滘站总站,113.314384,23.057497,960路、991路、964路
地铁联和站,地铁联和,地铁联和站,BV09306208,,地铁联和站,113.079159,23.062581,佛250路、佛277路
地铁龙洞站,地铁龙洞,地铁龙洞站,BV10845275,,地铁龙洞站（林校）,113.368974,23.194253,345A路、346路、494路、497A路、564路、83路、84A路、夜100路、夜71路
地铁龙归站总站,地铁龙归站总,地铁龙归站总站,BV10405580,,地铁龙归站总站,113.294562,23.291778,728路、736路、夜86路
地铁龙溪站,地铁龙溪,地铁龙溪站,BV10017975,,地铁龙溪站,113.187210,23.068485,670路、佛275路、同成社区公交接驳专线、同成社区接驳专线、广412路、广夜111路
地铁萝岗站,地铁萝岗,地铁萝岗站2,BV09192165,2,地铁萝岗站,113.475021,23.177568,324路、334路、366路、371路、946路
地铁萝岗站,地铁萝岗,地铁萝岗站1,BV09192166,1,地铁萝岗站①,113.475060,23.177573,391路、506路、夜104路
地铁萝岗站,地铁萝岗,地铁萝岗站,BV10845332,1,地铁萝岗站,113.475404,23.177812,324路、334路、366路、371路、391路、506路、573路、夜104路
地铁洛溪站(新浦路),地铁洛溪站(新浦路),地铁洛溪站(新浦路),BV09201158,,地铁洛溪站（新浦路）,113.293653,23.047069,211路、夜28路、番188路
地铁洛溪站(新浦路),地铁洛溪站(新浦路),地铁洛溪站,BV10015048,,地铁洛溪站,113.294607,23.045261,122路、125路、211路、305路、311路、夜133路、夜28路、番13路、番146路、番17路、番17路长线、番183路、番186路、番188路、番25路、番53路
地铁马沥站,地铁马沥,地铁马沥站,BV11117231,,地铁马沥站,113.444846,23.396107,650路、714路、725路、738路、夜116路
地铁梅花园站,地铁梅花园,地铁梅花园站,BV10022521,,地铁梅花园站,113.315493,23.178442,498路、785路、791路
地铁南村万博站,地铁南村万博,地铁南村万博站(东行),BV11567284,,地铁南村万博站,113.343626,23.008194,番163B路、番58路
地铁南村万博站,地铁南村万博,地铁南村万博站(西行),BV11569779,,地铁南村万博站,113.344136,23.008765,番163B路、番52路、番58路
地铁南村万博站,地铁南村万博,地铁南村万博站,BV11570418,,地铁南村万博站,113.341956,23.007162,番163A路、番163B路
地铁南村万博(番禺大道),地铁南村万博(番禺大道),地铁南村万博(番禺大道),BV11206000,,,113.340692,23.003960,
地铁南村万博站(番禺大道),地铁南村万博站(番禺大道),地铁南村万博站(番禺大道),BV11455591,,地铁南村万博站（番禺大道）,113.339891,23.004209,番163A路、番163B路、番88路
地铁南村万博总站,地铁南村万博总,地铁南村万博总站,BV09174292,,,113.344128,23.008760,公交地铁接驳专线7路
地铁南浦站,地铁南浦,地铁南浦站,BV10019087,,地铁南浦站,113.288630,23.036851,211路、311路、公交地铁接驳专线5路、夜133路、番186路、番53路、番57路
地铁南浦站总站,地铁南浦站总,地铁南浦站总站,BV10388092,,,113.287616,23.036207,769路/769路快线、番186路
地铁南沙客运港站,地铁南沙客运港,地铁南沙客运港站1,BV09067079,1,地铁南沙客运港站②,113.602231,22.772063,九王庙临时接驳线内环、九王庙临时接驳线外环、南夜5路、南沙学1路
地铁南沙客运港站,地铁南沙客运港,地铁南沙客运港站2,BV09078984,2,地铁南沙客运港站,113.606182,22.768215,南沙18路、南沙19路、南沙24路、南沙5路、南沙旅游1路
地铁南沙客运港站,地铁南沙客运港,地铁南沙客运港站,BV10979676,,,113.606182,22.768215,南夜5路
地铁三溪站,地铁三溪,地铁三溪站,BV11493585,,地铁三溪站,113.411516,23.106809,402路/402路快车
地铁三溪站总站,地铁三溪站总,地铁三溪站总站,BV10017905,,地铁三溪站总站,113.411520,23.106676,903路
地铁三元里站(B出口),地铁三元里站(B出口),地铁三元里站(B出口),BV10554423,,地铁三元里站（B出口）,113.252354,23.162265,470路、475路、975路、981路
地铁三元里站(C1出口),地铁三元里站(C1出口),地铁三元里站(C1出口),BV10388330,,地铁三元里站（C1出口）,113.251061,23.163600,475路、480路、740路、975路、商务专线3路、夜77路
地铁三元里站(C2出口),地铁三元里站(C2出口),地铁三元里站(C2出口),BV10343609,,地铁三元里站（C2出口）,113.251373,23.162714,475路、661路、740路、975路、商务专线3路、夜77路
地铁沙贝站,地铁沙贝,地铁沙贝站,BV11271514,,,113.206144,23.154151,429路循环线
地铁沙贝站总站,地铁沙贝站总,地铁沙贝站总站,BV10021444,,地铁沙贝站总站,113.205594,23.155448,653路、夜112路、广789路
地铁沙溪站,地铁沙溪,地铁沙溪站(东行),BV09359573,,地铁沙溪站,113.331563,23.036941,302路
地铁沙溪站,地铁沙溪,地铁沙溪站(西行),BV09359574,,地铁沙溪站,113.334765,23.036830,302路
地铁沙溪站,地铁沙溪,地铁沙溪站,BV10019645,,地铁沙溪站,113.334762,23.036816,90路、公交地铁接驳专线4路、番182路、番185路、番191路
地铁沙溪站(E1出口),地铁沙溪站(E1出口),地铁沙溪站(E1出口),BV11604375,,地铁沙溪站（E1出口）,113.331638,23.037099,302路、90路、公交地铁接驳专线4路、番182路、番185路、番191路
地铁厦滘站,地铁厦滘,地铁厦滘站,BV11406349,,,113.315170,23.040441,公交地铁接驳专线4路、番181路、番183路、番191路、番56路
地铁厦滘站总站,地铁厦滘站总,地铁厦滘站总站,BV10920869,,地铁厦滘站总站,113.314962,23.040399,公交地铁接驳专线5路、番58路
地铁神岗站,地铁神岗,地铁神岗站,BV11160653,,地铁神岗站（八号仓西）,113.511416,23.477318,从5路、从5路长线、从802路、从803路、从807路、从808路、从夜1路
地铁石壁站,地铁石壁,地铁石壁站,BV10020403,,地铁石壁站,113.273131,22.995957,番100路、番101短线、番129路
地铁石碁站,地铁石碁,地铁石碁站,BV10567952,,地铁石碁站,113.459715,22.961155,番111路、番126路、番131路、番132路旅游专线、番92路/番92路、番93路、番夜3路、番93路短线
地铁石碁南站(前锋村),地铁石碁南站(前锋村),地铁石碁南站(前锋村),BV09339921,,地铁石碁南（前锋村）,113.439673,22.942060,番148路、番160路、番28B路、番81路、番83路、番夜1路
地铁石潭站,地铁石潭,地铁石潭站,BV11468422,,地铁石潭站,113.234555,23.187891,527路、539路、63路、7路、夜77路、夜80路、夜94路、259路
地铁市二宫站,地铁市二宫,地铁市二宫站1,BV09232762,1,地铁市二宫站①,113.264740,23.108363,14路、186路、190路、253路、25路、29路、544路、768路、823路、82路、88路、夜30路、夜32路、夜33路、夜8路
地铁市二宫站,地铁市二宫,地铁市二宫站,BV10388873,1,地铁市二宫站,113.264737,23.108370,14路、180路、186路、190路、253路、29路、544路、823路、82路、88路、夜30路、夜32路、夜33路、夜8路
地铁市二宫站2,地铁市二宫站2,地铁市二宫站2,BV09403509,2,地铁市二宫站①,113.264273,23.109400,
地铁市二宫站2号分站(北行)改为停靠,地铁市二宫站2号分站(北行)改为停靠,地铁市二宫站2号分站(北行)改为停靠1号分站,BV09403372,,,113.264740,23.108363,768路
地铁市广路站,地铁市广路,地铁市广路站,BV11629448,,地铁市广路站,113.332871,22.973424,301路、番100路、番13路、番15路、番1路、番86路、番91路、番96路、番97路、番99路、番夜5路、番108路
地铁双沙站,地铁双沙,地铁双沙站,BV09223636,,地铁双沙站,113.477652,23.100797,夜73路
地铁苏元站(暹岗圣贤),地铁苏元站(暹岗圣贤),地铁苏元站,BV10845336,,地铁苏元站（暹岗圣贤）,113.460761,23.173060,324路、371路、573路、946路、夜51路、科学城3号交通专线/K3路
地铁苏元站(暹岗圣贤),地铁苏元站(暹岗圣贤),地铁苏元站(暹岗圣贤),BV10902149,,地铁苏元站（暹岗圣贤）,113.460601,23.172864,324路、371路、391路
地铁太和站,地铁太和,地铁太和站,BV11111615,,地铁太和站,113.342041,23.301693,246路、471路、504路、563路、728路、735路、758路、797路、973路、976路、985路、夜74路、夜76路、夜86路、659路
地铁太平站,地铁太平,地铁太平站,BV11115122,,地铁太平站,113.486398,23.454938,从5路、从5路长线、从801路、从803路、从804路、从806路、从807路、从808路、从809路、从夜1路、花84路
地铁汤村站,地铁汤村,地铁汤村站,BV10974132,,地铁汤村站,113.560526,23.308855,345路、365路、370路、夜126路、新龙镇-03线
地铁棠东站,地铁棠东,地铁棠东站,BV11312608,,地铁棠东站,113.383634,23.133465,408A路、496路、503路、506路、518路、547路、562路、813路、B21路、B8路、夜36路、夜43路、B14路
地铁塘坑站,地铁塘坑,地铁塘坑站,BV09302145,,地铁塘坑站,113.566374,22.756079,南夜6路、南沙13路、南沙18路、南沙49路、南沙4路、南沙1路
地铁天河智慧城站,地铁天河智慧城,地铁天河智慧城站,BV11313278,,地铁天河智慧城站,113.397856,23.166223,491路、497A路、581路、776路、901路、B26路、夜53路、夜68路
地铁天河智慧城总站,地铁天河智慧城总,地铁天河智慧城总站,BV11600876,,,113.397884,23.165237,B10路
地铁亭岗站,地铁亭岗,地铁亭岗站,BV11464943,,地铁亭岗站,113.214078,23.226261,705路、742路、834路、841路、夜117路、高峰快线81路
地铁万顷沙站,地铁万顷沙,地铁万顷沙站4,BV09243540,4,,113.551885,22.701632,南30路
地铁万顷沙站,地铁万顷沙,地铁万顷沙站2,BV09243541,2,,113.551844,22.701675,南30路
地铁万顷沙站,地铁万顷沙,地铁万顷沙站1,BV09302201,1,地铁万顷沙站,113.551928,22.701318,南沙21路支线
地铁万顷沙站,地铁万顷沙,地铁万顷沙站,BV11603402,,地铁万顷沙站,113.551764,22.701464,南10路、南25路、南沙21路支线、南沙旅游1路
地铁旺村站,地铁旺村,地铁旺村站,BV10974133,,地铁旺村站,113.546554,23.325751,345路、365路、370路、456路、456路环线、534路、夜126路、夜130路、新龙镇-03线
地铁文冲站,地铁文冲,地铁文冲站,BV10017799,,地铁文冲站,113.464373,23.106078,360路、390路、431路、夜73路、广369路、320路
地铁五羊邨站总站,地铁五羊邨站总,地铁五羊邨站总站,BV09081610,,地铁五羊邨站总站,113.307771,23.122867,222路
地铁西村站总站,地铁西村站总,地铁西村站总站,BV10018699,,地铁西村站总站,113.236380,23.144373,729路、夜80路
地铁夏园站总站,地铁夏园站总,地铁夏园站总站,BV09166061,,,113.511232,23.085366,穗东街便民车01线
地铁暹岗站,地铁暹岗,地铁暹岗站,BV10845333,2,地铁暹岗站②,113.457362,23.173551,324路、371路、573路、946路、夜51路、科学城3号交通专线/K3路
地铁香雪站,地铁香雪,地铁香雪站2,BV09192170,2,地铁香雪站②,113.495922,23.174945,366路、371路、946路
地铁香雪站,地铁香雪,地铁香雪站,BV10845329,2,地铁香雪站②,113.496036,23.175089,366路、371路、391A路、575路
地铁香雪站总站,地铁香雪站总,地铁香雪站总站,BV10900952,,地铁香雪站总站,113.497455,23.175834,571A路、夜52路、夜98路
地铁萧岗站,地铁萧岗,地铁萧岗站,BV11430322,,,113.274963,23.201825,420路、660路环线
地铁小坪站,地铁小坪,地铁小坪站,BV11468423,,,113.237957,23.205830,426路环线、527路、539路、730路、840路、夜22路、夜77路、夜80路、夜94路、259路
地铁晓港站,地铁晓港,地铁晓港站,BV11566821,,地铁晓港站,113.277083,23.095731,460路
地铁谢村,地铁谢村,地铁谢村,BV09266315,,地铁谢村站,113.292360,22.992911,301A路、番100路、番52路
地铁新和站总站,地铁新和站总,地铁新和站总站,BV10971863,,地铁新和站总站,113.460854,23.415490,725路、826路、高峰快线72路
地铁新造站,地铁新造,地铁新造站,BV10020043,,地铁新造总站,113.409623,23.031441,番133路高峰短线、番60路、番61路、番62路、番66路、番77路、番77路高峰快线、番87路、番禺85路
地铁新造总站,地铁新造总,地铁新造总站,BV11437063,,地铁新造总站,113.409713,23.031526,番87路
地铁浔峰岗站,地铁浔峰岗,地铁浔峰岗站(北行),BV09348791,,地铁浔峰岗站,113.196015,23.166803,广746路、里07路高峰线
地铁浔峰岗站,地铁浔峰岗,地铁浔峰岗站(停南行),BV09410867,,地铁浔峰岗站,113.196007,23.166597,广746路、里07路高峰线、广974路
地铁浔峰岗站,地铁浔峰岗,地铁浔峰岗站,BV10782772,,地铁浔峰岗站,113.195790,23.167052,12A路环线、429路循环线、658A路、658B路、790路、佛252路、佛沥18路、佛里07路、广12路、广231路、广276路、广283路、广657路、广746路、广974路班车、广夜91路、广高峰快线30路、里07路、里07路短线/佛里07路里广快线、里14、里14路、里17路、广974路
地铁浔峰岗站总站,地铁浔峰岗站总,地铁浔峰岗站总站,BV09375165,,,113.196015,23.166803,金沙洲2号线
地铁燕山站总站,地铁燕山站总,地铁燕山站总站,BV09223815,,,113.469914,23.198185,夜124路
地铁鱼珠站,地铁鱼珠,地铁鱼珠站,BV10382628,,地铁鱼珠站,113.426986,23.102845,348路、431路、夜97路
地铁鱼珠站总站,地铁鱼珠站总,地铁鱼珠站总站,BV10014588,,地铁鱼珠站总站,113.428412,23.102584,329路、339路、360路、B28路
地铁裕丰围站,地铁裕丰围,地铁裕丰围站,BV09176208,,地铁裕丰围站,113.450474,23.096401,329路、348路、夜46路
地铁员岗站,地铁员岗,地铁员岗站,BV10852863,,地铁员岗站,113.358074,23.018298,302A路、公交地铁接驳专线8路、番17路、番17路长线、番30路、番52路、番53路
地铁员岗站,地铁员岗,地铁员岗站(东行),BV11628093,,地铁员岗站,113.359100,23.018133,番71路
地铁员岗站,地铁员岗,地铁员岗站(西行),BV11628094,,地铁员岗站,113.357781,23.018277,番71路
地铁长湴站,地铁长湴,地铁长湴站,BV10408399,,地铁长湴站,113.343916,23.181134,30路、345A路、346路、39路、564路、83路、84A路、84路、B12路、夜100路、夜10路、夜71路
地铁长平站,地铁长平,地铁长平站,BV11311969,,地铁长平站,113.484685,23.213586,328路、328路支线、330A路、330路、345A路、354路、396A路环线、396路、446路、夜60路、333路
地铁长平站总站,地铁长平站总,地铁长平站总站,BV11311971,,地铁长平站总站,113.484482,23.213663,354路
地铁长寿路站,地铁长寿路,地铁长寿路站,BV11545115,,地铁长寿路站,113.236618,23.120027,15路、2路、3路、530路、61路、6路、82路、夜33路、夜5路
地铁镇龙北站(洋田村),地铁镇龙北站(洋田村),地铁镇龙北站(洋田村),BV11006528,,地铁镇龙北站（洋田村）,113.572413,23.291548,345路、365路、370路、夜126路
地铁镇龙西站,地铁镇龙西,地铁镇龙西站,BV11131337,,地铁镇龙西站,113.567428,23.281229,345路、442路、443路、534路
地铁镇龙站总站,地铁镇龙站总,地铁镇龙站总站,BV10995414,,地铁镇龙站总站,113.588570,23.286670,365A路、夜126路
地铁知识城站,地铁知识城,地铁知识城站,BV10974131,,地铁知识城站（九佛医院）,113.520531,23.351832,350路、456路、456路环线、650路、827路、夜126路、夜131路
地铁植物园站,地铁植物园,地铁植物园站,BV10855094,,地铁植物园站（世纪绿洲）,113.361799,23.194819,30路、345A路、346路、39路、492路、564路、775路、83路、84A路、84路、B12路、夜100路、夜10路、夜71路、节假日公交专线7路
地铁植物园(世纪绿洲)站,地铁植物园(世纪绿洲),地铁植物园(世纪绿洲)站,BV09184321,,,113.361799,23.194819,节假日公交专线7路
地铁钟村站,地铁钟村,地铁钟村站,BV10849875,,地铁钟村站,113.310307,22.988763,288路、301路、303A路、地铁接驳10A线、夜102路、番109路、番125路、番52路
地铁钟落潭站,地铁钟落潭,地铁钟落潭站,BV11117233,,地铁钟落潭站,113.396303,23.378733,650路、655路、709路、714路、716路、725路、726路、734路、979路、夜116路、夜118路
地铁竹料站,地铁竹料,地铁竹料站,BV11076348,,地铁竹料站,113.363530,23.352593,473路、650路、655路、724路、727路、732路、733路、976路、979路、夜83路
地铁竹料站总站,地铁竹料站总,地铁竹料站总站,BV10018919,,地铁竹料站总站,113.363606,23.353471,夜83路
地玄村,地玄村,地玄村,BV10019776,,地玄村,113.520499,22.903220,番148路
灯布社,灯布社,灯布社,BV10018155,,灯布社,113.576581,23.298073,441路
灯湖东路中,灯湖东路中,灯湖东路中,BV10998048,,灯湖东路中,113.143166,23.056986,佛202路
灯湖西路南,灯湖西路南,灯湖西路南,BV11175926,,灯湖西路南,113.140070,23.052914,佛232路
登穗路口,登穗路口,登穗路口,BV10837488,,登穗路口,113.488554,23.228427,392路
登塘村口,登塘村口,登塘村口,BV10013947,,登塘村口,113.472562,23.416073,650路、826路
邓村,邓村,邓村,BV10016274,,邓村,113.809339,23.468463,增城42路、增城83路
邓村路口,邓村路口#1,邓村路口,BV11359630,,邓村路口,113.973054,23.806692,从503路
邓村路口,邓村路口#2,邓村路口,BV10020881,,邓村路口,113.550054,23.501448,从5路、从5路长线、从904路、从夜1路
邓岗,邓岗#1,邓岗站,BV11690546,,,112.913845,23.209005,655A线、655B路、655路
邓岗,邓岗#2,邓岗,BV11690547,,邓岗,113.149881,23.186289,佛244路、佛里07路、广231路、里07路、里07路高峰线
邓岗何西,邓岗何西,邓岗何西,BV11442647,,,112.912493,23.202011,655A线、655B路、655路
邓岗小区,邓岗小区,邓岗小区,BV10022712,,邓岗小区,113.264144,23.074873,220路
邓山,邓山,邓山,BV11119682,,,113.736212,23.353123,
邓山村,邓山村,邓山村,BV11653308,,邓山村,113.735891,23.353571,增城19路、增城69路
邓屋村,邓屋村,邓屋村,BV09221685,,邓屋村,113.526991,23.264408,345路
低空经济创新中心,低空经济创新中心,低空经济创新中心,BV09400277,,,113.482051,23.180137,573路、944路
低碳园总部,低碳园总部,低碳园总部,BV11092636,,,113.823378,23.236381,增城10路快线
低碳总部园,低碳总部园,低碳总部园,BV11478947,,低碳总部园,113.823306,23.237296,增城10路、增城10路快线、增城5路、增城8路、增夜2路
低涌村委,低涌村委,低涌村委,BV10020065,,低涌村委,113.471203,22.921939,番80路、番夜1路
低涌总站,低涌总,低涌总站,BV10020066,,低涌总站,113.473248,22.920574,番80路、番夜1路
滴水岩森林公园总站,滴水岩森林公园总,滴水岩森林公园总站,BV10527809,,滴水岩森林公园总站,113.320447,22.907063,番29路
迪安路口,迪安路口,迪安路口,BV09326680,,迪安路口,113.583386,22.687892,南沙21路支线
迪亚春天,迪亚春天,迪亚春天,BV10014899,,迪亚春天,113.823892,23.388292,增城15路、增城16路、增城19路、增城58路、增城73路
翟洞村,翟洞村,翟洞村站,BV11692686,,翟洞村,113.592810,23.202311,增城21路、增城31路、增城35路、增夜4路
翟洞村路口,翟洞村路口,翟洞村路口,BV09322232,,翟洞村路口,113.591871,23.203764,366路、455路
帝田村委,帝田村委,帝田村委,BV11398014,,帝田村委站,113.396288,23.646731,从909路
第二人民医院,第二人民医院,第二人民医院,BV11660180,,,113.153266,23.465052,花25路、花88路、花88路短线、花89路
第三水厂,第三水厂,第三水厂,BV10262361,,,113.770364,23.061071,莞G7路
第一国际,第一国际,第一国际,BV10919948,,,113.750278,23.008679,莞86路
棣园站,棣园,棣园站,BV09372432,,棣园站,113.260334,23.076623,230路、29路
电厂东路,电厂东路,电厂东路,BV09223983,,电厂东路,113.499969,23.082773,广369路
电厂东路口,电厂东路口,电厂东路口,BV09166058,,,113.500208,23.084970,穗东街便民车01线
电机厂,电机厂,电机厂,BV10253907,,,113.261606,22.868876,314路、佛314路
电力机车,电力机车,电力机车,BV09184398,,电力机车站,113.111523,23.463320,花93路
电力局,电力局,电力局,BV10617413,,电力局,113.824395,23.294595,增城11路、增城12路、增城13路、增城14路、增城15路、增城16路、增城18路、增城2路、增城47路、增城4路、增城5路、增城6路、增城79路、增城80路
电视塔,电视塔,电视塔2,BV09226125,2,电视塔②,113.263077,23.145686,225路、301A路、862路、886路、B2A路、B2路、夜105路、夜77路、110路、109路
电视塔,电视塔,电视塔,BV09239569,1,电视塔①,113.265782,23.144091,185路、225路、278路、280路、545路、886路、93路、夜105路、夜121路、夜14路、夜15路、夜25路、夜41路、夜77路、夜88路、110路、109路
电信大楼,电信大楼,电信大楼,BV10023630,,电信大楼,113.630108,23.357694,增城11A路、增城11路、增城36路、增城51路、增城52路
电信局,电信局,电信局,BV10256805,,,112.890445,23.163675,655A线、655B路、655路
电子五所,电子五所,电子五所,BV09056049,,电子五所,113.676557,23.277792,增城71路
电子五所社区,电子五所社区,电子五所社区,BV10591469,,电子五所社区,113.331022,23.158154,138路、27路、夜14路
店头,店头,店头,BV11203667,,店头,113.561427,23.506800,从5路、从5路长线、从904路、从夜1路
雕塑公园,雕塑公园,雕塑公园1,BV09317749,1,雕塑公园①,113.266385,23.157431,190路、544路、546路、547路、66路、706路、810路、864路、夜32路
雕塑公园,雕塑公园,雕塑公园,BV11554813,2,雕塑公园,113.266385,23.157431,189路、190路、278路、36路、481路环线、544路、546路、547路、66路、706路、706路早间短线、76A路、76路、810路、864路、夜32路、夜9路
钓鲤,钓鲤,钓鲤,BV11487755,,,113.651952,23.518668,从1路东线
叠北路口,叠北路口,叠北路口,BV09309568,,叠北路口,113.122412,23.071033,佛250路、佛277路、广州-肇庆
叠翠峰西门,叠翠峰西门,叠翠峰西门站,BV11438901,,叠翠峰西门,113.514347,22.798574,南53路、南沙12路、南沙G2路、南沙G3路、南沙W1A路、南沙W1B路
叠景路,叠景路,叠景路,BV10729099,,叠景路,113.305143,23.088019,767路、964路
叠景路口,叠景路口,叠景路口,BV10729098,,叠景路口,113.309943,23.088197,767路、964路
叠溪花园,叠溪花园,叠溪花园,BV11118929,,叠溪花园,113.711652,23.247985,增城50A路、增城50路、增城81路
叠溪花园总站,叠溪花园总,叠溪花园总站,BV09359809,,叠溪花园总站,113.713844,23.247112,增城50路
丁坑村委,丁坑村委,丁坑村委,BV11352972,,丁坑村委,113.424938,23.556580,从406路
东布岭,东布岭,东布岭,BV11118917,,东布岭,113.616801,23.194524,增城31路、增城32路内环、增城32路外环
东昌社,东昌社,东昌社,BV10388028,,东昌社,113.198338,23.350837,472路
东成庄,东成庄,东成庄,BV10569189,,东成庄,113.332015,23.336884,724路
东城花园,东城花园,东城花园,BV10023848,,,113.207325,23.398878,花76路
东城市场,东城市场,东城市场,BV10019751,,东城市场,113.365677,22.939144,番146路、番160路、番22路、番4路、番51路、番68路、番99路
东城体育公园,东城体育公园,东城体育公园,BV11674113,,,113.768198,23.009208,莞86路
东城体育公园停场,东城体育公园停场,东城体育公园停场,BV09285216,,,113.768129,23.008172,莞86路
东城万达广场,东城万达广场,东城万达广场,BV10574492,,,113.776536,23.038330,莞G7路
东川路,东川路,东川路,BV10013936,,东川路,113.280915,23.125463,16路、221路、864路、93路、夜93路
东村,东村,东村,BV11640005,,东村,113.061560,22.988158,佛251路
东达路,东达路,东达路,BV11602764,,东达路,113.544844,23.133292,323路、439路、572路、夜73路
东达路(永达路口),东达路(永达路口),东达路(永达路口),BV11374732,,东达路（永达路口）,113.541848,23.138000,323路、358路、439路
东达路南,东达路南,东达路南站,BV09026886,,东达路南,113.544996,23.128925,340路、439路
东导村委站,东导村委,东导村委站,BV10019810,,,113.458874,22.902878,南52路
东导桥站,东导桥,东导桥站,BV10019824,,,113.452515,22.903108,南52路
东导小学站,东导小学,东导小学站,BV10019825,,,113.457768,22.902919,南52路
东堤,东堤,东堤,BV11688516,,东堤,113.272107,23.118679,128路、131A路、131B路、208路、4路、57路、夜31路、旅游公交2线
东洞村,东洞村,东洞村,BV11119664,,东洞村,113.787334,23.552631,增城61路
东方白云花园,东方白云花园,东方白云花园,BV10023204,,东方白云花园,113.385031,22.950384,番16路、番19路、番23路、番28路、番52路
东方村总站,东方村总,东方村总站,BV10507264,,东方村总站,113.286388,23.463742,花17路C、花32路、花4路
东方二路站,东方二路,东方二路站,BV09355221,,东方二路,113.355215,23.133359,771路
东方广场B站,东方广场,东方广场B站,BV10475529,,东方广场B站,113.114871,23.039377,佛276路/佛276、桂23路
东方广场北门,东方广场北门,东方广场北门,BV11139067,,东方广场北门总站,113.116661,23.041734,佛276路/佛276、桂23路
东方广场北门总站,东方广场北门总,东方广场北门总站,BV10252150,,东方广场北门总站,113.117130,23.042124,佛276路/佛276
东方广场西门,东方广场西门,东方广场西门,BV11501393,,东方广场西门,113.113364,23.041167,佛276路/佛276、桂23路
东方红村站,东方红村,东方红村站,BV09255213,,,113.508636,22.714415,南10路
东方花园,东方花园,东方花园,BV10020166,,东方花园,113.372667,22.932778,番12路旅游专线、番13路、番140路、番146路、番147路、番165路、番19路、番29路、番51路、番5路、番5路长线、番8路、番91路、番93路、番9路、番9路长线、番93路短线
东方名都,东方名都,东方名都,BV10884951,,东方名都,113.586106,23.127248,372路、379路、571A路、增城23路、增城26路、增城32路外环、增城35路、增夜4路、莞75路、莞G7路、增城26A路
东方三路,东方三路,东方三路,BV10019612,,东方三路,113.355741,23.131372,771路、B9路
东方一路,东方一路,东方一路,BV10019611,,东方一路,113.353875,23.133958,B11路、B9路
东方一路口,东方一路口,东方一路口,BV10019610,,东方一路口,113.353213,23.135824,B11路、B9路
东汾村,东汾村,东汾村,BV11463929,,东汾村,113.883610,23.375416,增城63路
东风,东风,东风,BV11369792,,东风,113.508521,23.522711,从803路
东风北路,东风北路#1,东风北路,BV10254609,,,113.197673,22.927103,佛349路
东风北路,东风北路#2,东风北路,BV10016941,,东风北路（花都）,113.129229,23.374427,花22路、花5B路
东风村,东风村#1,东风村,BV10020725,,,113.313122,23.086208,786路
东风村,东风村#2,东风村,BV11115120,,东风村,113.596029,23.562333,从20路、从21路长线、从8路、从夜3路
东风村十四社,东风村十四社,东风村十四社,BV11171788,,,113.595971,23.574776,从20路
东风村委,东风村委,东风村委,BV11198746,,东风村委,113.598108,23.577122,从20路
东风东路(广东工大),东风东路(广东工大),东风东路(广东工大),BV09351283,3,东风东路（广东工大）③,113.298194,23.134390,27路
东风东路(广东工大),东风东路(广东工大),东风东路(广东工大)1,BV09351618,1,东风东路（广东工大）①,113.296848,23.134446,27路、542路、56路
东风东路(广东工大),东风东路(广东工大),东风东路站,BV11278166,2,东风东路（陵园西路口）2,113.295973,23.134196,185路、189路、204路、261路、284路、293路、2路、305路、518路、542路、54路、56路、62路、B4路、夜18路、夜36路、夜38路、广283路、广283路班车、广高峰快线30路
东风东路(陵园西路口),东风东路(陵园西路口),东风东路(陵园西路口)1,BV09230319,1,东风东路（陵园西路口）①,113.275263,23.133708,133路、209路、236路、27路、74路、B3路、B4路、夜69路、广高峰快线30路
东风东路(陵园西路口),东风东路(陵园西路口),东风东路(陵园西路口)2,BV09230320,2,东风东路（陵园西路口）2,113.276696,23.133713,185路、204路、261路、284路、293路、2路、305路、518路、54路、56路、夜18路、夜19路、夜38路、广283路、广283路班车
东风东路(陵园西路口),东风东路(陵园西路口),东风东路(陵园西路口),BV11278289,2,东风东路（陵园西路口）,113.276529,23.133713,133路、209路、236路、27路、284路、483路、56路、62路、74路、B3路、夜19路、夜69路、广283路班车、广高峰快线30路
东风公交站,东风公交,东风公交站,BV09376500,,东风公交总站,113.595410,23.569088,从16路
东风路,东风路,东风路,BV10548221,,,113.055694,23.163506,佛278路
东风路口,东风路口,东风路口,BV11602525,,东风路口,113.098004,23.337595,花15路
东风路中,东风路中,东风路中,BV10548217,,,113.049611,23.167848,佛278路
东风南路,东风南路,东风南路,BV10254608,,,113.199379,22.924882,佛349路
东风体育公园,东风体育公园,东风体育公园,BV11375027,,东风体育公园,113.142272,23.380461,花115路、花22路、花5B路、花68路、花68路白坭班车、花68路短线
东风西路,东风西路,东风西路2,BV09143805,2,东风西路②,113.242032,23.136878,夜11路、114路
东风西路,东风西路,东风西路1,BV09209214,1,东风西路①,113.241707,23.136815,215路、253路、256路、261路、518路、527路、527路机电班车、555路、B3路、夜120路、夜18路、夜21路、广12路、广283路、广283路班车
东风西路,东风西路,东风西路3,BV09230294,3,东风西路③,113.241884,23.136917,133路、15路、238路、288路、29路、52路、530路、552路、555路、广275路、105路
东风西路,东风西路,东风西路站2,BV09374493,2,东风西路①,113.242202,23.136821,133路、229路、288路、521路、80路、夜16路、夜19路、夜3路、夜45路、广276路
东风西路,东风西路,东风西路站,BV11687925,1,东风西路①,113.241707,23.136815,62路、105路
东风中路,东风中路#1,东风中路,BV09409855,1,东风中路,113.265076,23.133722,204路、209路、229路、261路、297路、2路、305路、56路、62路、74路、B3路、B4路、夜18路、夜19路、夜38路、夜5路、广276路、广283路、广283路班车
东风中路,东风中路#2,东风中路,BV09088076,,东风中路,113.125167,23.361160,花22路、花24路、花5B路
东凤村委,东凤村委,东凤村委,BV11385184,,东凤村委,113.354175,23.361419,733路
东凤南路,东凤南路,东凤南路,BV11385187,,东凤南路,113.360832,23.358653,733路
东福百货广场,东福百货广场,东福百货广场,BV10019392,,东福百货广场,113.214635,23.472841,花23路、花25B路、花83路、花86路、花88路、花88路短线
东莞村总站,东莞村总,东莞村总站,BV10432247,,东莞村总站,113.235194,23.354973,花21路、花21路夜班、花30路
东莞国贸中心首末站,东莞国贸中心首末,东莞国贸中心首末站,BV11387903,,,113.757086,23.016096,莞75路
东莞西站,东莞西,东莞西站,BV11309031,,,113.620677,23.009682,莞609路、莞618路
东莞庄(广花路),东莞庄(广花路)#1,东莞庄(广花路),BV10432288,,东莞庄（广花路）,113.221440,23.354656,花21路夜班、花8路
东莞庄(广花路),东莞庄(广花路)#1,东莞庄,BV11624933,,东莞庄（x264）,113.221661,23.354298,花21路、花21路夜班
东莞庄(广花路),东莞庄(广花路)#2,东莞庄,BV11690359,,,113.245107,23.368704,花都116路
东莞庄路,东莞庄路,东莞庄路,BV10022023,,东莞庄路,113.338568,23.165070,400路
东莞庄路南,东莞庄路南,东莞庄路南,BV10022021,,东莞庄路南,113.335016,23.162086,400路
东莞庄路中,东莞庄路中,东莞庄路中,BV10022022,,东莞庄路中,113.337443,23.163799,400路
东莞庄一横路口,东莞庄一横路口,东莞庄一横路口站,BV11279606,,东莞庄一横路口,113.330265,23.154138,138路、27路、夜14路
东莞庄总站,东莞庄总,东莞庄总站,BV10016140,,东莞庄总站,113.332551,23.160147,138路、27路、400路、夜14路
东海北路口,东海北路口,东海北路口,BV10021077,,,113.217418,23.141769,416路
东海北路中,东海北路中,东海北路中,BV10021078,,东海北路中,113.218550,23.138859,416路
东海路,东海路,东海路,BV11675160,,,113.585191,23.035496,莞619路、莞86路
东濠中路,东濠中路,东濠中路,BV09259267,,,113.390098,22.797704,南59路
东湖安置区,东湖安置区,东湖安置区,BV09407241,,东湖安置区,113.255461,23.406625,711路、夜129路、花17路联民村、花1路、花84路、704路
东湖村,东湖村,东湖村,BV11690803,,东湖村,113.254425,23.396061,711路、夜129路、花1路
东湖公园,东湖公园,东湖公园,BV10020793,,东湖公园,113.842386,23.285729,增城10路、增城3路
东湖路,东湖路,东湖路(停北行),BV09074507,,东湖路,113.283605,23.119338,864路
东湖路,东湖路,东湖路(南行),BV11090018,,东湖路,113.284057,23.121086,864路
东湖路,东湖路,东湖路,BV11312286,,东湖路,113.284057,23.121086,287路、44路、542路、548路、781路、811路、813路、夜12路、夜93路
东湖路北,东湖路北,东湖路北,BV11313496,,东湖路北,113.285561,23.123188,781路
东湖新村,东湖新村,东湖新村,BV10021205,,东湖新村,113.283148,23.119481,211路、35路、44路、542路、548路、夜93路
东湖洲花园A,东湖洲花园A,东湖洲花园A,BV10761066,,东湖洲花园A站,113.410878,22.928597,南沙54路、番100路、番97路、番微公交3路
东湖洲花园C,东湖洲花园C,东湖洲花园C,BV10761065,,东湖洲花园C站,113.409409,22.932317,南沙54路、番100路、番97路、番微公交3路
东华村,东华村#1,东华村,BV11689356,,东华村,113.618063,23.116832,571路、增城25路、增城27路、增城38路、增城46路
东华村,东华村#2,东华村站,BV09244989,,东华村,113.292687,23.345878,708路、737路、夜106路、高速专线2路
东华村口,东华村口,东华村口,BV11541145,,东华村口,113.292848,23.347009,985路、夜班136路
东华东路,东华东路,东华东路,BV11312275,,东华东路,113.286190,23.123525,215路、3路、781路、夜21路
东华东路西,东华东路西,东华东路西,BV11688486,,东华东路西,113.281934,23.124443,215路、3路、夜21路、106路
东华南路,东华南路,东华南路,BV10018549,,东华南路,113.283249,23.123690,129路、16路、221路、247路、285路、285路无轨电车短线、299路、44路、548路、551路、59路、B5路、夜102路、夜93路
东华南路总站(江湾桥脚),东华南路总站(江湾桥脚),东华南路总站,BV10405857,,东华南路（江湾桥脚）总站,113.278575,23.120754,54路
东华南路总站(江湾桥脚),东华南路总站(江湾桥脚),东华南路总站(江湾桥脚),BV11621458,,东华南路（江湾桥脚）总站,113.278427,23.120650,54路
东华西路,东华西路,东华西路站2号分站,BV09411886,,,113.277270,23.124621,215路、夜21路
东华西路,东华西路,东华西路,BV11623782,1,东华西路①,113.278857,23.124394,211路、215路、223路、3路、76路、864路、93路、夜21路、夜4路、106路
东华庄,东华庄,东华庄,BV09410388,,东华庄,113.205428,23.388188,702路、712路、花7路、花8路
东环城际花山镇站,东环城际花山镇,东环城际花山镇站,BV11523144,,东环城际花山镇站,113.262313,23.428271,花16路、花17路联民村、花83路、花84路、花4路
东环街道办,东环街道办,东环街道办,BV10387974,,东环街道办,113.358779,22.971084,番12路旅游专线
东环路口,东环路口,东环路口,BV10266777,,,113.579341,23.023751,莞618路、莞619路
东晖路,东晖路,东晖路,BV10703778,,东晖路,113.511029,23.074477,453A路、569路、广369路
东晖路(夏园农民公寓),东晖路(夏园农民公寓),东晖路(夏园农民公寓),BV09292564,,东晖路（夏园农民公寓）,113.518835,23.073442,广369路
东汇城,东汇城,东汇城,BV10020761,,东汇城,113.813256,23.288641,增城13路、增城15路快线、增城17路、增城18路
东基,东基,东基站,BV11545639,,东基,113.511231,23.064918,440路、572路、B29路
东江村,东江村#1,东江村,BV09243524,,,113.660403,23.516026,从1路东线
东江村,东江村#2,东江村,BV11474711,,,113.836156,23.193669,增城88路
东江大道南,东江大道南,东江大道南,BV09394737,,东江大道南,113.588176,23.105708,增城24路
东江大道中站,东江大道中,东江大道中站(停南行),BV09319310,,,113.528536,23.061145,453路环线
东江大道中站,东江大道中,东江大道中站(停北行),BV09319311,,,113.528796,23.061256,453路环线
东江市场,东江市场,东江市场,BV11208026,,东江市场,113.371741,22.930406,番4B路
东江首府,东江首府,东江首府,BV10016857,,,113.621017,23.109875,增城46路
东江首府东,东江首府东,东江首府东,BV11619211,,东江首府东,113.623728,23.113298,571路
东江逸珑湾,东江逸珑湾,东江逸珑湾,BV11640274,,,113.636440,23.111640,增城25路、增城46路
东郊村,东郊村,东郊村,BV11208038,,东郊村,113.367521,22.933090,番4B路
东漖北路,东漖北路,东漖北路,BV10014063,,东漖北路,113.223096,23.090967,1路、207路、411路、552路、782路、812路、佛244路、夜1路、广419路
东漖怀宁坊,东漖怀宁坊,东漖怀宁坊,BV10832644,,东漖怀宁坊,113.220325,23.083603,121A路、1路、411路、552路、70路、74路、782路、812路、962路、夜1路、广419路
东漖教师新村,东漖教师新村,东漖教师新村,BV11500815,,东漖教师新村,113.216555,23.075927,207路、487路、552路、782A路
东漖教师新村总站,东漖教师新村总,东漖教师新村总站,BV10018352,,东漖教师新村总站,113.216190,23.075868,812路
东漖街,东漖街,东漖街,BV10832643,,东漖街,113.220744,23.084643,121A路、1路、411路、552路、70路、74路、782路、812路、962路、夜1路、广419路
东漖南路,东漖南路,东漖南路,BV10022438,,东漖南路,113.224114,23.080510,121A路、207路、552路、70路、74路、812路、838路、962路、966路、夜113路、夜1路、广419路
东漖镇,东漖镇,东漖镇,BV10017965,,东漖镇,113.220333,23.080897,121A路、207路、411路、552路、70路、74路、812路、838路、839路、962路、966路、夜113路、夜1路、广419路
东捷路,东捷路,东捷路,BV11691184,,东捷路,113.490990,23.148013,321路、347路、349路、367路、459路、940路
东井村站,东井村,东井村站,BV10023465,,东井村,113.578218,22.767763,九王庙临时接驳线内环、九王庙临时接驳线外环、南沙5路、南沙62路
东井村公交站,东井村公交,东井村公交站,BV11504673,,,113.578279,22.767776,长途番禺宝安
东璟街,东璟街,东璟街,BV11057803,,,113.355558,23.124956,401路
东境村,东境村,东境村,BV11450914,,东境村,113.810874,23.421667,增城70路、增城69路
东镜村总站,东镜村总,东镜村总站,BV10481261,,东镜村总站,113.223591,23.336503,花8路
东镜路口,东镜路口,东镜路口,BV10014234,,东镜路口,113.221488,23.342757,702路、706路、706路早间短线、712路、夜87路、703路
东镜路口,东镜路口,东镜路口,CL100013,,东镜路口,113.221576,23.345826,703路
东镜市场,东镜市场,东镜市场,BV11688085,,东镜市场,113.225307,23.343095,707路、花8路
东峻广场,东峻广场,东峻广场,BV11688575,1,东峻广场①,113.300227,23.134423,185路、189路、204路、261路、27路、284路、293路、2路、305路、518路、542路、54路、56路、62路、B4路、夜18路、夜36路、夜38路、广283路、广283路班车
东坑,东坑,东坑,BV10014377,2,东坑2,113.321775,23.195649,126路、136路、179路、504路、560路、792路环线、804路、833路、836路、83路、862路、夜24路、夜74路、夜90路、夜95路、夜47路、B6路快线、B6路
东坑村路口,东坑村路口,东坑村路口,BV11352975,,东坑村路口,113.367662,23.595270,从404路
东坑村委,东坑村委,东坑村委,BV11126375,,东坑村委,113.903834,23.900639,从504路
东塱,东塱,东塱站,BV09002998,,东塱,113.249388,23.066308,121路、312路、417路、445路环线、52路、64路、769路/769路快线、995路、夜42路、夜79路、广277路、79路
东乐路东,东乐路东,东乐路东,BV09265895,,东乐路东,113.501745,23.136019,337路
东乐路西,东乐路西,东乐路西,BV09265897,,东乐路西,113.499750,23.134725,337路
东里村站,东里村,东里村站,BV10020124,,东里村,113.508459,22.828458,南沙15路、南沙49路、南沙8路、番141路
东联村委,东联村委,东联村委,BV11151764,,东联村委,113.931032,23.905480,从506路
东联路口,东联路口,东联路口,BV11488300,,东联路口,113.903097,23.898123,从504路、从506路
东凌工业园,东凌工业园,东凌工业园,BV11692687,,东凌工业园,113.588896,23.197297,增城21路、增城35路、增夜4路
东隆村站,东隆村,东隆村站,BV11419860,,,113.431748,22.777530,南42路
东门商业街,东门商业街,东门商业街,BV11667730,,东门商业街,113.583457,23.140100,增城26路、增城26A路
东明二路,东明二路,东明二路,BV11580946,,东明二路,113.501189,23.147222,337路、367路、450路、459路、575路、夜57路、夜98路
东明居委,东明居委,东明居委,BV11126373,,东明居委,113.870818,23.895176,从504路
东明片区候车亭,东明片区候车亭,东明片区候车亭,BV11450913,,,113.732584,23.723955,从601路、从914路
东明墟,东明墟,东明墟,BV10945043,,东明墟,113.866965,23.891903,从504路、从601路
东鹏大道,东鹏大道,东鹏大道,BV11483204,,东鹏大道,113.518172,23.140292,334路、450路、夜57路
东鹏大道(宏景路口),东鹏大道(宏景路口),东鹏大道(宏景路口),BV10555851,,东鹏大道（宏景路口）,113.520694,23.127736,321路、337路、397路
东鹏大道中,东鹏大道中,东鹏大道中,BV10019455,,东鹏大道中,113.519217,23.130759,321路、397路
东平北路(横岗村口),东平北路(横岗村口),东平北路(横岗村口),BV10014199,,东平北路,113.313595,23.259015,924路、夜62路
东平北路(横岗村口),东平北路(横岗村口),东平北路,BV10014200,,东平北路,113.311240,23.257767,924路、夜62路
东平村钟屋路口,东平村钟屋路口,东平村钟屋路口站,BV09133625,,,113.313207,23.255011,529路、563路、656路、76A路、799路、833路、926路、984路、夜76路
东平大道,东平大道,东平大道,BV11187453,,东平大道,113.308052,23.251754,926路
东平大道东,东平大道东,东平大道东,BV11187455,,东平大道东,113.309324,23.251482,926路
东平广场,东平广场#1,东平广场,BV10014202,,东平广场,113.306136,23.252578,924路、926路、夜62路
东平广场,东平广场#2,东平广场,BV11652753,,东平广场,113.125772,22.967247,佛K330路/K330路快线
东平横岗东街口,东平横岗东街口,东平横岗东街口,BV11187454,,东平横岗东街口,113.313576,23.259634,926路
东平路口,东平路口,东平路口,BV11688383,,东平路口（白云区心理医院）,113.316024,23.259732,529路、563路、656路、76A路、799路、833路、926路、984路、夜76路
东平南路,东平南路,东平南路,BV10019449,,东平南路,113.303271,23.241659,663路、924路、夜62路
东平市场,东平市场,东平市场,BV10014201,,东平市场,113.307808,23.254366,924路、夜62路
东平小学,东平小学,东平小学,BV10254191,,东平小学,113.131682,22.959779,佛K330路/K330路快线
东泊,东泊,东泊,BV10262822,,,113.660406,23.098464,增城75路、莞609路
东圃,东圃,东圃,BV11688548,,东圃,113.396114,23.111782,218路、261路、495路、503路、517路、53路、B24路、夜97路、550路
东圃村,东圃村,东圃村,BV11633010,,东圃村,113.623037,23.161273,增城20路、增城21路、增城44路、增城46路、增城64路
东圃大马路,东圃大马路,东圃大马路,BV10017897,,东圃大马路,113.395808,23.120285,404路、夜64路
东圃大马路北,东圃大马路北,东圃大马路北,BV11602136,,东圃大马路北,113.397373,23.122751,404路、497路、夜64路
东圃二马路,东圃二马路,东圃二马路,BV10017898,,东圃二马路,113.395544,23.117973,404路、夜64路
东圃客运站,东圃客运,东圃客运站,BV10015397,,,113.409238,23.121677,夜17路
东圃石溪村,东圃石溪村,东圃石溪村,BV11361597,,东圃石溪村,113.399642,23.110467,218路、261路、495路、503路、517路、53路、B24路、夜97路、550路
东圃珠村总站,东圃珠村总,东圃珠村总站,BV11192092,,东圃珠村总站,113.415911,23.127843,550路
东圃总站,东圃总,东圃总站,BV10019425,,东圃（兰亭盛荟）总站,113.395411,23.119812,402路/402路快车、497路、B2路、夜25路
东区路口,东区路口,东区路口,BV11690297,,东区路口,113.539977,23.102828,214路、321路、372路、439路、450路、516路、566路、569路、571B路、571路、572路、946路、B30路、B31路、夜134路、夜49路、夜57路、夜73路
东区市场,东区市场#1,东区市场,BV09095471,,东区市场,113.839153,23.283828,增城18路、增城1路、增城47路、增城4路、增城64路、增城74路
东区市场,东区市场#2,东区市场站,BV09244918,,东区市场,113.337580,22.906768,番108B路、番12路旅游专线、番130路、番147路、番67路旅游专线、番68路、番6路、番7路、番108路
东区中学,东区中学,东区中学,BV11690290,,东区中学,113.532256,23.107171,334路、340路、397路、567路
东儒村,东儒村,东儒村,BV11625939,,东儒村,113.729902,23.583704,从13路、从化13路
东软学院,东软学院,东软学院站,BV11689962,,,113.021699,23.139812,佛275路
东润华庭站,东润华庭站,东润华庭站,BV11119866,,,113.416125,22.678764,
东沙,东沙#1,东沙站,BV10017992,,东沙（健康港）总站,113.249905,23.064830,312路、417路、445路环线、769路/769路快线、995路、夜79路、79路
东沙,东沙#2,东沙,BV09031070,,东沙,113.242202,23.003547,K201路、佛211路、桂11路
东沙村,东沙村,东沙村,BV10023243,,东沙村,113.357428,22.964627,番12路旅游专线、番150路、番160路
东沙村天桥,东沙村天桥,东沙村天桥,BV10019873,,东沙村天桥,113.353511,22.968881,番165路、番20B路、番30路
东沙大道南,东沙大道南,东沙大道南,BV10017993,,东沙大道南,113.250425,23.062248,121路、417路、52路、64路、995路、夜42路
东沙工业园总站,东沙工业园总,东沙工业园总站,BV10018529,,东沙工业园总站,113.234838,23.056366,64路
东沙街道办,东沙街道办,东沙街道办,BV10018528,,,113.240299,23.058683,121路、52路、64路、广277路
东沙桥底,东沙桥底,东沙桥底站,BV11629136,,东沙桥底,113.250175,23.054405,995路
东山广场总站,东山广场总,东山广场总站,BV10019141,1,东山广场总站,113.290024,23.140018,30路、706路、706路早间短线、78路
东山龟岗(中共三大会址)总站,东山龟岗(中共三大会址)总,东山龟岗(中共三大会址)总站,BV10416004,,东山龟岗（中共三大会址）总站,113.289145,23.122007,215路、3路、夜21路
东山龟岗(中共三大会址)总站,东山龟岗(中共三大会址)总,东山龟岗总站,BV11625413,,东山龟岗（中共三大会址）总站,113.289141,23.121981,215路
东山口(东华北路),东山口(东华北路),东山口(东华北路)1,BV09322857,1,东山口（东华北路）①,113.287804,23.126191,247路、287路、40路、106路
东山口(东华北路),东山口(东华北路),东山口站(东华北路),BV10693291,,东山口（东华北路）,113.285325,23.124992,129路
东山口(东华北路),东山口(东华北路),东山口,BV11309872,2,东山口,113.287229,23.127099,16路、183路、192路、221路、222路、223路、243路、299路、541路、542路、B8路、夜27路、夜36路、夜39路、夜40路、夜9路、108路、102路、107路
东山口(东华北路),东山口(东华北路),东山口(东华北路),BV11448834,1,东山口（东华北路）,113.287804,23.126191,129路、16路、192路、221路、247路、285路、285路无轨电车短线、287路、299路、44路、548路、551路、59路、B5路、夜102路、夜93路
东山口(中山大学附属第一医院),东山口(中山大学附属第一医院),东山口(中山大学附属第一医院),BV09369428,1,东山口①,113.288361,23.126812,夜39路
东山口总站,东山口总,东山口总站,BV10017761,,东山口总站,113.288855,23.126212,37路、夜10路
东山体育场站,东山体育场,东山体育场站,BV11312276,,东山体育场,113.282961,23.115933,781路
东山总站(东华北路),东山总站(东华北路),东山总站(东华北路),BV10016141,,东山（东华北路）总站,113.288449,23.126373,76路、夜102路
东山总站(东华北路),东山总站(东华北路),东山总站,BV10021524,,东山（东华北路）总站,113.288304,23.126363,夜102路、108路、102路
东山总站(龟岗),东山总站(龟岗),东山总站(龟岗),BV11628707,,,113.289145,23.122007,3路
东山总站(署前路),东山总站(署前路),东山(署前路)总站,BV09347831,,东山（署前路）总站,113.289512,23.124777,40路
东山总站(署前路),东山总站(署前路),东山总站(署前路),BV10021758,,东山（署前路）总站,113.289665,23.124906,1路、夜1路
东深桥,东深桥,东深桥站,BV10023185,,东深桥,113.453111,22.856881,南34路、南50路、南57路、番150路
东深天益村站,东深天益村,东深天益村站,BV10340924,,东深天益村,113.439475,22.853358,南50路、南沙54路、番143路、番150B路
东升,东升,东升,BV09415179,,东升,112.993678,23.450894,花81路
东升农场站,东升农场,东升农场站,BV10014986,,东升农场,113.428668,22.800379,40路/南40路、南39路、南沙49路
东升医院,东升医院,东升医院2,BV09295166,2,东升医院②,113.247569,23.121934,2路、3路、541路、6路、82路、夜26路、夜31路、夜33路、夜39路、夜5路、夜6路、夜72路、夜7路、110路、106路、102路
东升医院,东升医院,东升医院,BV11688394,1,东升医院1,113.247569,23.121934,124路、128路、134路、186路、209路、217路、2路、31路、38路、4路、556路、66路、823路、8路、夜121路、夜26路、夜31路、夜6路、夜7路、102路
东盛,东盛,东盛站,BV11689337,,东盛,113.542076,23.062508,广369路、莞616路、莞619路、莞86路
东盛路,东盛路,东盛路,BV10020071,,东盛路,113.403755,22.964832,番22路、番81路
东盛路北,东盛路北,东盛路北,BV10020068,,东盛路北,113.401008,22.980840,番81路
东盛路中,东盛路中,东盛路中,BV10020070,,东盛路中,113.403863,22.969682,番81路
东盛路总站,东盛路总,东盛路总站,BV11622300,,东盛路总站,113.382497,22.931250,番13路、番4B路、番8路
东石牌坊,东石牌坊,东石牌坊,BV10018583,,东石牌坊,113.195281,23.076691,207路、670路、838路、便民巴士4号线、夜113路
东拓三路口,东拓三路口,东拓三路口,BV09254333,,,113.798913,23.204219,增城34路快线、增城8路
东太村,东太村,东太村,BV10424372,,,113.580247,23.053922,莞619路
东泰工业区,东泰工业区,东泰工业区,BV10015120,,东泰工业区,113.420253,22.980782,番72路
东泰花园西,东泰花园西,东泰花园西,BV10265885,,,113.749324,23.006344,莞86路
东湾村站,东湾村,东湾村站,BV10021044,,东湾村,113.523395,22.807473,南53路、南61路、南沙12路、南沙31路支线、南沙38路、南沙49路、南沙54路、南沙70路、番141路
东旺市场,东旺市场,东旺市场,BV10713665,,东旺市场,113.219390,23.172662,198路、521路、527路机电班车、830路、839路、夜3路、广424路、259路
东西部扶贫市场,东西部扶贫市场,东西部扶贫市场,BV11465425,,东西部扶贫市场,113.198125,23.065875,452路
东西路,东西路,东西路,BV11569025,,东西路,113.232105,23.058929,64路、770路
东西门总站,东西门总,东西门总站,BV11152759,,东西门,113.902058,23.800440,从505路
东西庄村,东西庄村,东西庄村,BV10020015,,东西庄村,113.432952,23.023311,番66路
东线大道口,东线大道口,东线大道口,BV10389117,,东线大道口,113.407603,23.012712,番52路
东线路北,东线路北,东线路北,BV10020026,,东线路北,113.399436,22.991372,番81路
东线路南,东线路南,东线路南,BV10020028,,东线路南,113.400224,22.983052,番81路
东乡村,东乡村,东乡村,BV10023115,,东乡村,113.276953,23.047982,番13路、番17路、番17路长线、番183路、番25路、番57路
东乡村东,东乡村东,东乡村东站,BV11688059,,东乡村东,113.275399,23.037893,211路、310路、310路高峰短线、311路、769路/769路快线、夜133路
东乡村西,东乡村西,东乡村西站,BV11688087,,东乡村西,113.271780,23.037883,211路、310路、310路高峰短线、311路、769路/769路快线、夜133路
东向路口,东向路口,东向路口,BV10262826,,东向路口,113.638870,23.090634,莞609路、莞615路
东向桥,东向桥,东向桥,BV11508295,,东向桥,113.546381,23.436316,从804路
东晓路(天园路口),东晓路(天园路口),东晓路(天园路口),BV10019497,,东晓路（天园路口）,113.279906,23.107629,11路、460A路、968路
东晓南路,东晓南路,东晓南路,BV10013742,,东晓南路,113.281537,23.088069,129路、263路、273路、287路、35路、542路、5路、70路、780路、812路、82路、967路、夜102路、夜24路、夜33路、夜43路、夜44路、夜4路、广276路
东晓南路口,东晓南路口,东晓南路口,BV10022461,,东晓南路口,113.286404,23.079181,761路
东星,东星#1,东星,BV11152944,,东星,113.823719,23.736320,从602路
东星,东星#2,东星,BV11398021,,东星,113.523178,23.418307,从805路、从809路
东星村委,东星村委,东星村委,BV11152949,,东星村委,113.825911,23.735467,从602路
东星社,东星社,东星社,BV11628105,,东星社,113.565421,23.402410,从805路
东兴路,东兴路,东兴路,BV10254610,,,113.195582,22.930576,佛349路
东兴路口,东兴路口,东兴路口,BV10020074,,东兴路口,113.409614,22.962422,番22路、番81路
东兴市场,东兴市场,东兴市场,BV11162263,,东兴市场,113.543278,23.108053,214路、372路、374路、571B路、571路、夜134路
东兴苑,东兴苑,东兴苑,BV11208829,,东兴苑,113.373814,22.931161,番13路、番8路
东秀路口站,东秀路口,东秀路口站,BV11669456,,东秀路口,113.181238,23.211597,广974路班车、广974路
东秀路总站,东秀路总,东秀路总站,BV10538406,,东秀路总站,113.181099,23.220616,广974路班车、广974路
东秀园,东秀园,东秀园站,BV11690807,,东秀园,113.374312,22.938399,301路、番11路、番140路、番147路、番160路、番1路、番29路、番4路、番68路、番6路、番93路、番97路、番99路、番93路短线
东雅图酒店,东雅图酒店,东雅图酒店,BV10857109,,,113.214824,23.359628,825路、夜87路
东怡新区,东怡新区,东怡新区站,BV11690798,,东怡新区,113.386803,22.938017,301路、南沙54路、番148路、番160路、番1路、番28B路、番29路、番6路、番93路、番97路、番99路、番微公交3路、番93路短线
东艺路北,东艺路北,东艺路北,BV10844561,,东艺路北,113.340438,22.980751,番21B路、番86路、番86路高峰直达短线
东艺路南,东艺路南,东艺路南,BV10844562,,东艺路南,113.337527,22.974942,番21B路、番86路、番86路高峰直达短线
东涌村(工业路),东涌村(工业路),东涌村(工业路)站,BV10015908,,东涌村（工业路）,113.441755,22.894636,南35路、南48路、南沙35路支线、南沙70路、番11路、番140路、番141路
东涌村(工业路),东涌村(工业路),东涌村站,BV11476855,,,113.440719,22.894864,南沙70路
东涌大桥站,东涌大桥,东涌大桥站,BV10024045,,,113.454180,22.875569,南34路、南36路、南57路
东涌地铁站,东涌地铁,东涌地铁站,BV10015919,,,113.472915,22.888950,南35路
东涌地铁站总站,东涌地铁站总,东涌地铁站总站,BV09037934,,,113.472915,22.888950,37路/南37路
东涌东丫村,东涌东丫村,东涌东丫村站,BV10015909,,东涌东丫村,113.447263,22.892573,南35路、南48路、南沙35路支线、南沙70路、番11路、番140路、番141路
东涌公园,东涌公园,东涌公园,BV11399208,,东涌公园,113.451680,22.886960,南52路、番11路
东涌湖公交总站,东涌湖公交总,东涌湖公交总站,BV10015913,,东涌湖公交总站,113.453956,22.884098,37路/南37路、南34路、南35路、南36路、南52路、南57路、南沙35路支线、南沙38路、南沙70路
东涌吉祥路站,东涌吉祥路,东涌吉祥路站,BV10015910,,东涌吉祥路,113.450393,22.888932,37路/南37路、南35路、南36路、南52路、南57路、南沙35路支线、南沙38路、南沙70路、番11路
东涌名苑站,东涌名苑,东涌名苑站,BV10020115,,东涌名苑,113.470456,22.878838,番11路
东涌万兴路,东涌万兴路,东涌万兴路,BV09343231,,东涌万兴路总站,113.453933,22.884413,番140路
东涌医院,东涌医院,东涌医院站,BV09347035,,东涌医院,113.455358,22.886253,南34路、南35路、南57路、南沙70路、番11路、番140路
东涌镇标,东涌镇标,东涌镇标站,BV09347037,,东涌镇标,113.452856,22.889639,37路/南37路、南48路、南沙33路、番140路、番141路
东涌镇政府站,东涌镇政府,东涌镇政府站,BV09005657,,东涌镇政府,113.450287,22.886827,37路/南37路、南35路、南36路、南57路、南沙35路支线、南沙38路、南沙70路
东涌中学站,东涌中学,东涌中学站,BV11547726,,东涌中学,113.451167,22.884434,37路/南37路、南35路、南36路、南57路、南沙35路支线、南沙38路、南沙70路
东园新村,东园新村,东园新村站,BV11691293,,东园新村,113.344338,22.914344,番67路旅游专线、番68路
东苑小区,东苑小区,东苑小区,BV10885188,,东苑小区,113.438670,23.110198,329路、344路、432A路、432路、B30路
东站汽车客运站,东站汽车客运,东站汽车客运站,BV10016137,,东站汽车客运站,113.321238,23.154727,27路、298路、32路、39路、508路、560路、776路、B18路、夜14路
东众路,东众路,东众路,BV09265898,,东众路,113.500086,23.128651,337路
东洲工业园,东洲工业园,东洲工业园,BV09393819,,东洲工业园,113.587709,23.109457,增城24路
动物园,动物园,动物园2,BV09327047,2,动物园,113.298650,23.147947,16路、192路、199路、201路、547路、6路、夜5路
动物园,动物园,动物园1,BV09340465,1,动物园1,113.297930,23.147135,192路、199路、201路、547路、6路、78路、84A路
动物园,动物园,动物园,BV10014267,1,动物园,113.297727,23.146693,16路、236路、833路、夜5路、夜69路
动物园南门,动物园南门,动物园南门2,BV09226115,2,动物园南门②,113.301028,23.137094,191路、221路、233路、245路、280路、301A路、30路、545路、886路、B2A路、B2路、B3路、夜105路、夜14路、夜19路、夜25路、夜41路、夜56路、夜77路、夜88路、夜89路
动物园南门,动物园南门,动物园南门1,BV09230318,1,动物园南门①,113.300926,23.137325,133路、191路、209路、221路、233路、280路、810路、夜105路、夜14路、夜19路、夜25路、夜41路、夜56路、夜77路、夜89路
动物园南门,动物园南门,动物园南门,BV11688456,2,动物园南门②,113.299629,23.137075,209路、大学城专线4路、空港快线2号线、空港快线2号线夜班、空港快线2线
动物园总站,动物园总,动物园总站,BV10014264,,,113.297727,23.146693,84A路
动物园总站(先烈中路),动物园总站(先烈中路),动物园总站(先烈中路),BV11669129,,动物园（先烈中路）总站,113.293884,23.143438,220路、287路、482路、74路
洞企石路,洞企石路,洞企石路,BV10800909,,洞企石路,113.217181,23.102218,414路
洞庭路,洞庭路,洞庭路,BV11518563,,洞庭路（碧翠华庭）,113.191585,23.108432,佛200路、广419路
都那村总站,都那村总,都那村总站,BV10023024,,都那村,113.273752,22.958359,番101路、番97路
都那牌坊,都那牌坊,都那牌坊,BV11540305,,,113.272859,22.957875,番101路
斗岗村,斗岗村,斗岗村,BV11119538,,斗岗村,113.728953,23.488334,增城59路
斗朗社区,斗朗社区,斗朗社区,BV11217546,,,113.640484,23.096740,莞609路
斗塘路东,斗塘路东,斗塘路东,BV11484696,,斗塘路东,113.568442,23.208871,341路、永和便民02线
斗塘路西,斗塘路西,斗塘路西站,BV11483396,,斗塘路西,113.557281,23.208309,365路、394路
豆角岭,豆角岭,豆角岭,BV09318075,,豆角岭,113.556950,23.140693,增城28路
独树岗,独树岗,独树岗,BV09384447,,,112.942177,23.347563,655A线
独树岗牌坊,独树岗牌坊,独树岗牌坊,BV10892056,,,112.942796,23.347381,655A线
独树岗市场,独树岗市场,独树岗市场,BV10891974,,,112.947164,23.364013,655A线
杜鹃二街,杜鹃二街,杜鹃二街,BV11384734,,杜鹃二街,113.220674,23.431423,花31路、花86路
杜钊路口,杜钊路口,杜钊路口,BV11140021,,杜钊路口,113.834432,23.168827,增城18路
对面社,对面社,对面社,BV10875075,,对面社,113.499726,23.654385,从18路、从901路、从902路
敦和,敦和,敦和3,BV09026856,3,敦和③,113.310118,23.093795,122路、182路、208路、211路、239路、247路、24路、264路、301A路、305路、488路、51路、562路、767路、823路、88路、8路、B7路、夜28路、夜30路、夜34路、夜61路、夜88路、964路
敦和,敦和,敦和2,BV09406264,2,敦和②,113.310310,23.094210,122路、195路、230路、239路、301A路、305路、51路、836路、882路快线、88路、B7路、B7路快线、夜33路、夜61路
敦和,敦和,敦和,BV11687930,2,敦和②,113.310112,23.093867,182路、195路、208路、247路、24路、264路、488路、562路、823路、8路、商务专线5路、夜101路、夜28路、夜30路、夜34路、夜6路、夜88路、高峰快线35路
敦和街口,敦和街口,敦和街口,BV10724674,,敦和街口,113.309747,23.093036,767路
敦和路,敦和路,敦和路,BV10724676,,敦和路（愉景南苑）,113.305536,23.096777,767路
敦和路中,敦和路中,敦和路中,BV10724675,,敦和路中,113.307041,23.093802,767路
墩塘村站,墩塘村,墩塘村站,BV10014970,,墩塘村,113.364052,22.837287,南44路、南45路、南沙33路、南沙G3路
墩塘桥站,墩塘桥,墩塘桥站,BV10014971,,,113.358490,22.836292,南44路、南45路
墩涌,墩涌,墩涌站,BV10019807,,墩涌,113.411516,22.898440,南35路、南48路、南52路、南沙70路、番11路、番140路、番141路
多宝路(广医三院),多宝路(广医三院),多宝路,BV10021694,2,多宝路（粤剧艺术博物馆）,113.228184,23.118827,15路、25路、3路、55路、74路、82路、夜33路
多宝路(广医三院),多宝路(广医三院),多宝路(广医三院),BV11615371,1,多宝路（广医三院）①,113.228184,23.118827,15路、3路、74路、82路、夜33路
多宝路口,多宝路口,多宝路口,BV11273513,,多宝路口,113.231031,23.120021,25路、2路、55路、74路
多洲,多洲,多洲,BV10381622,,多洲,113.475566,23.034396,番31路、番61路、番75路、番77路
鹅仓,鹅仓,鹅仓,BV10257171,,,112.446250,23.035217,广州-肇庆
鹅兜村,鹅兜村,鹅兜村,BV10016257,,鹅兜村,113.803508,23.468883,增城42路、增城83路
鹅掌坦,鹅掌坦,鹅掌坦,BV11688387,2,鹅掌坦②,113.230199,23.158363,134路、179路、17路、215路、238路、524路、545路、71路、729路、731路环线、80路、832路、975路、夜120路、夜15路、夜21路、夜2路、夜80路
恩宁路,恩宁路,恩宁路,BV10021911,,恩宁路（永庆坊）,113.233804,23.116704,15路、2路、3路、82路、夜33路、105路
儿童公园,儿童公园#1,儿童公园,BV09374437,,儿童公园,113.602586,23.563599,从4路、从7路、从4路快线
儿童公园,儿童公园#2,儿童公园,BV11118547,,儿童公园,113.817650,23.291780,增城17路、增城1路、增城64路
儿童公园,儿童公园#3,儿童公园,BV11195830,,儿童公园总站,113.362139,22.968413,番160路
儿童公园南门,儿童公园南门,儿童公园南门,BV10597691,,,113.360300,22.957337,番2路
儿童公园总站,儿童公园总,儿童公园总站,BV10454909,,儿童公园总站,113.362282,22.968377,番12路旅游专线、番150路、番160路
二号航站楼(45-48号门),二号航站楼(45-48号门),二号航站楼(45-48号门),BV11544670,,,113.300224,23.398455,空港1路
二横路南,二横路南,二横路南,BV11511206,,,113.190733,23.179335,
二戒所,二戒所,二戒所,BV10618489,,,112.918732,23.261240,655A线、655B路、655路
二龙村,二龙村,二龙村,BV11118815,,二龙村,113.738928,23.391280,增城19路、增城41路、增城70路、增城69路
二龙山生态园景区,二龙山生态园景区,二龙山生态园景区,BV11118814,,二龙山生态园景区,113.730657,23.354896,增城19路
二龙田心村,二龙田心村,二龙田心村,BV09372075,,二龙田心村,113.734711,23.389353,增城19路、增城41路、增城70路
二龙卫生院,二龙卫生院,二龙卫生院,BV11636145,,,113.738928,23.391280,增城19路
二棉厂,二棉厂,二棉厂,BV10386993,,二棉厂（旭日雅苑）,113.351425,23.120879,401路、540路、542路
二汽车站,二汽车,二汽车站,BV10558723,,二汽车站,113.832955,23.295011,增城11路、增城12路、增城14路
二汽客运站,二汽客运,二汽客运站,BV11118864,,二汽客运站,113.833978,23.294644,增城10路、增城17路、增城18路、增城1路、增城3路、增城47路、增城4路、增城64路
二汽石滩客运站,二汽石滩客运,二汽石滩客运站,BV11259170,,二汽石滩客运站,113.786930,23.175430,增城10路、增城10路快线、增城34路、增城34路快线、增城55路、增城56路、增城57路、增夜2路、莞76路
二沙岛西总站,二沙岛西总,二沙岛西总站,BV10018594,,二沙岛西总站,113.292604,23.112932,57路、781路、广12路
二沙东,二沙东,二沙东,BV09408345,,二沙东（传祺公园）,113.307608,23.111963,131A路、131B路、194路、781路、89路、B21路
二沙西,二沙西,二沙西,BV11312280,,二沙西,113.294675,23.113387,131A路、131B路、194路、781路、89路、B21路
二湾路口(大岗供电所)站,二湾路口(大岗供电所),二湾路口站,BV10014935,,二湾路口（大岗供电所）,113.400774,22.804089,南39路、南42路、南45路、南沙49路、南沙65路、南沙67路
二湾路口(大岗供电所)站,二湾路口(大岗供电所),二湾路口(大岗供电所)站,BV11419871,,二湾路口（大岗供电所）,113.400868,22.804279,南39路、南42路、南沙49路
二湾社区站,二湾社区,二湾社区站,BV11171608,,二湾社区,113.402656,22.800627,南沙58路
二涌站,二涌,二涌站,BV10014999,,,113.516537,22.727128,南39路
二中(科学城校区),二中(科学城校区),二中,BV11075632,,二中（科学城校区）,113.466230,23.178585,夜51路
二中(科学城校区),二中(科学城校区),二中(科学城校区),BV11488675,,二中（科学城校区）,113.466230,23.178585,366路、575路、943路、夜51路
发源路中,发源路中,发源路中,BV11467017,,,113.492654,23.163785,336路、393路
法院检察院,法院检察院,法院检察院,BV09105495,,法院检察院,113.602440,23.559937,从4路、从4路快线
法政路,法政路,法政路,BV10021794,,法政路,113.267744,23.134661,220路、76A路
番安教考场,番安教考场,番安教考场,BV10942759,,番安教考场,113.322471,22.912097,番7路
番村,番村,番村,BV11689437,,番村,113.096829,23.001133,佛236路
番山总部E谷,番山总部E谷,番山总部E谷,BV10648781,,番山总部E谷,113.443423,22.942827,番148路、番160路、番夜1路
番艺花园(东环路),番艺花园(东环路),番艺花园(东环路),BV10023268,,番艺花园（东环路）,113.367728,22.955173,番21B路
番艺花园路口,番艺花园路口,番艺花园路口,BV10015077,,番艺花园路口,113.367147,22.955990,番2路、番33路、番51路
番禺奥园,番禺奥园,番禺奥园,BV10020101,,番禺奥园,113.356900,22.912585,番19路、番9路、番9路长线
番禺奥园南门,番禺奥园南门,番禺奥园南门,BV10848921,,番禺奥园南门,113.359391,22.911526,番19路
番禺宾馆,番禺宾馆,番禺宾馆,BV11690760,,番禺宾馆,113.361322,22.944565,机场快线7A线、番10路、番143路、番23路、番4B路
番禺博物馆,番禺博物馆,番禺博物馆,BV11352460,,番禺博物馆,113.339842,22.957012,番8路
番禺创新科技园(一期路口),番禺创新科技园(一期路口),番禺创新科技园(一期路口),BV09314885,,,113.454822,22.980115,番126路
番禺创新科技园(一期路口),番禺创新科技园(一期路口),番禺创新科技园,BV11619186,,番禺创新科技园,113.452752,22.979154,番126路、番128路
番禺创新科技园西门,番禺创新科技园西门,番禺创新科技园西门,BV11630416,,番禺创新科技园西门,113.451604,22.981345,番62路
番禺大道南(东怡新区),番禺大道南(东怡新区),番禺大道南,BV11619538,,番禺大道南（东怡新区）,113.385424,22.930707,南沙54路、南沙65路、南沙68路、番11路、番140路、番21B路
番禺大道南(东怡新区),番禺大道南(东怡新区),番禺大道南(东怡新区)站,BV11631975,,番禺大道南（东怡新区）,113.385424,22.930707,南沙65路、南沙70路、番11路、番141路、番142路、番143路、番150B路、番150路、番21B路、番28路
番禺大桥,番禺大桥,番禺大桥,BV10689769,,,113.329505,23.022908,番163B路
番禺大桥底,番禺大桥底,番禺大桥底,BV10019652,,番禺大桥底,113.329701,23.031209,公交地铁接驳专线7路、番188路、番190路
番禺广场,番禺广场,番禺广场站,BV11690377,,番禺广场,113.379698,22.938472,301路、南沙70路、南沙K5路、番11路、番140路、番141路、番147路、番160路、番1路、番29路、番6路、番93路、番97路、番99路、番微公交3路、番93路短线
番禺会议中心,番禺会议中心,番禺会议中心,BV10923701,,番禺会议中心,113.376059,22.940670,南沙70路、番141路、番19路、番微公交3路
番禺监狱,番禺监狱,番禺监狱,BV10023161,,番禺监狱,113.281668,23.010838,番145路、番182路、番185路
番禺健力宝总站,番禺健力宝总,番禺健力宝总站,BV09368236,,番禺健力宝总站,113.370112,22.981983,番165路
番禺客运站公交站,番禺客运站公交,番禺客运站公交站,BV09148649,,,113.406062,22.941149,长途番禺宝安
番禺汽车客运站,番禺汽车客运,番禺汽车客运站,BV10014773,,番禺汽车客运站,113.409707,22.939451,番10路、番148路、番29路
番禺区第二人民医院,番禺区第二人民医院,番禺区第二人民医院,BV11569024,,番禺区第二人民医院,113.321863,23.021994,番182路、番190路
番禺区第二人民医院总站,番禺区第二人民医院总,番禺区第二人民医院总站,BV11493032,,,113.321790,23.021827,公交地铁接驳专线5路
番禺区图书馆,番禺区图书馆,番禺区图书馆,BV09343808,,番禺区图书馆,113.379005,22.931221,番13路、番4B路、番8路
番禺区政务服务中心,番禺区政务服务中心,番禺区政务服务中心,BV11323317,,,113.405569,22.939051,番1路
番禺区职业技术学校(北校区),番禺区职业技术学校(北校区),番禺区职业技术学校(北校区),BV11613796,,番禺区职业技术学校（北校区）,113.307600,22.970102,番100路、番15路
番禺区中心医院总站,番禺区中心医院总,番禺区中心医院总站,BV11173351,,,113.370988,22.914641,南沙67路、番51路
番禺实验中学,番禺实验中学,番禺实验中学,BV10016806,,番禺实验中学,113.350558,22.947236,番16路、番27路、番4路、番67路旅游专线
番禺市桥汽车站总站,番禺市桥汽车站总,番禺市桥汽车站总站,BV11561862,,,113.359692,22.948196,南68路快线、南沙68路
番禺体校总站,番禺体校总,番禺体校总站,BV10019683,,番禺体校总站,113.346136,22.901208,番108B路、番130路、番147路、番108路
番禺职业技术学院,番禺职业技术学院,番禺职业技术学院,BV10023084,,番禺职业技术学院,113.304018,22.898774,番12路旅游专线、番67路旅游专线、番68路
番禺中心医院总站,番禺中心医院总,番禺中心医院总站,BV10019809,,番禺中心医院总站,113.370974,22.914471,南沙67路、番129路、番130路、番140路、番146路、番20B路、番21B路、番27路、番51路、番91路、番93路、番93路短线
番禺中学,番禺中学,番禺中学,BV11376454,,番禺中学,113.355058,22.908795,番19路、番9路、番9路长线
番中路口,番中路口,番中路口,BV10259164,,,113.458777,22.561753,K981路
范湖工业园,范湖工业园,范湖工业园,BV10326005,,范湖工业园,112.972851,23.309206,乐平01B路
范湖机场,范湖机场,范湖机场,BV10394502,,范湖机场,112.967348,23.309169,乐平01B路
范湖市场,范湖市场,范湖市场,BV10255244,,范湖市场（仙湖路）,112.994714,23.311228,乐平01B路
方华公路(方坑),方华公路(方坑),方华公路(方坑)站,BV11589184,,,113.273132,23.324591,夜129路、高速专线2路
方华公路(高增村),方华公路(高增村),方华公路(高增村),BV11421797,,方华公路（高增村）,113.296947,23.354611,843路、985路、夜班136路
方华路口,方华路口,方华路口站,BV11330433,,方华路口,113.289628,23.340028,708路、737路、843路、985路、夜106路、夜班136路
方石村,方石村,方石村,BV10018755,,,113.280008,23.333259,夜129路、高速专线2路
方正路中,方正路中,方正路中,BV09326291,,方正路中,113.674654,23.281249,增城71路
芳村,芳村,芳村1,BV09177348,1,芳村①,113.233484,23.100051,19路、206路、236路、309路、312路、52路、780路、812路、990路、夜11路、夜29路、夜69路
芳村,芳村,芳村,BV11688439,1,芳村,113.233883,23.099706,181路、19路、206路、236路、309路、52路、64路、780路、782路、812路、838路、965路、990路、夜11路、夜29路、夜69路、夜72路、广275路
芳村车管所,芳村车管所,芳村车管所,BV10638285,,芳村车管所,113.206930,23.073526,962路、996路
芳村大道西,芳村大道西,芳村大道西1,BV09304064,1,芳村大道西,113.208619,23.114426,193路、19路、207路、34路、52路、783路、佛沥12高峰线、夜11路、沥12B路、沥12路
芳村大道西,芳村大道西,芳村大道西,BV11688499,1,芳村大道西,113.209557,23.112952,193路、19路、206路、207路、236路、309路、312路、34路、411路、52路、57路、75路、783路、839路、990路、佛沥12高峰线、夜11路、夜127路、夜29路、夜44路、夜69路、广277路、广281路、广969路、广夜67路、沥12B路、沥12路
芳村大道西总站,芳村大道西(滘口汽车站)总,芳村大道西总站,BV11035137,,芳村大道西（滘口客运站）总站,113.202496,23.118220,佛200路、佛236路、佛244B路、佛250路、佛251路、佛263路、佛263路短线、佛277路
芳村大道西总站,芳村大道西(滘口汽车站)总,芳村大道西(滘口汽车站)总站,BV11648146,,芳村大道西（滘口客运站）总站,113.202109,23.118701,佛236路
芳村丰年路总站,芳村丰年路总,芳村丰年路总站,BV10388702,,芳村丰年路（黄大仙祠）总站,113.223230,23.098216,222路
芳村合兴苑,芳村合兴苑,芳村合兴苑2,BV09259264,2,芳村合兴苑②,113.226402,23.093579,222路、525路、广565路、沥17B路区间
芳村合兴苑,芳村合兴苑,芳村合兴苑,BV11688507,1,芳村合兴苑①,113.225491,23.093256,15路、183路、1路、222路、525路、783路、838路、佛202路、佛278路、夜103路、夜1路、广565路、沥17B路、沥17B路区间、106路
芳村合兴苑总站,芳村合兴苑总,芳村合兴苑总站,BV10017990,,芳村合兴苑总站,113.226137,23.094174,414路
芳村花园,芳村花园,芳村花园,BV10018552,,芳村花园,113.220314,23.077295,121A路、487路、552路、782A路、812路、839路
芳村花园(花园东街),芳村花园(花园东街),芳村花园(花园东街),BV11684648,,芳村花园（东漖北路）,113.219744,23.080056,1路
芳村花园北门,芳村花园北门,芳村花园北门,BV10018353,,芳村花园北门,113.217733,23.080959,207路、70路、74路、782路、838路、962路、966路、夜113路
芳村花园南门总站,芳村花园南门总,芳村花园南门总站,BV11279624,,芳村花园南门总站,113.218864,23.076708,1路、夜1路
芳村客运站,芳村客运,芳村客运站1,BV09307685,1,芳村客运站①,113.228653,23.083554,217路、222路、69路、70路、71路、夜103路、夜44路、广277路、广565路
芳村客运站,芳村客运,芳村客运站,BV10014060,1,芳村客运站①,113.228686,23.082857,217路、222路、525路、552路、69路、70路、71路、91路、佛244路、佛275路、佛278路、夜103路、夜44路、广277路、广565路、沥17B路、沥17B路区间
芳村客运站总站,芳村客运站总,芳村客运站总站,BV10013594,,芳村客运站总站,113.229396,23.083076,佛232路、佛244路、佛275路、佛278路、桂23路
芳村葵蓬总站,芳村葵蓬总,芳村葵蓬总站,BV10017985,,芳村葵蓬总站,113.206970,23.089288,414路、525路、780路
芳村码头(信义路)总站,芳村码头(信义路)总,芳村码头(信义路)总站,BV09334622,,,113.239886,23.098592,782A路
芳村码头总站(信义路),芳村码头总站(信义路),芳村码头总站(信义路),BV11163446,,,113.239886,23.098592,782路、965路
芳村隧道口,芳村隧道口,芳村隧道口,BV11458809,,芳村隧道口,113.230935,23.102264,15路、1路、217路、552路、55路、57路、71路、74路、75路、佛202路、夜113路、夜1路、广281路、广夜67路、106路
芳村体育中心,芳村体育中心,芳村体育中心站,BV09328566,,芳村体育中心,113.210664,23.075065,990路、佛275路、广412路、广夜111路
芳村西塱总站,芳村西塱总,芳村西塱总站,BV10016194,,芳村西塱总站,113.227784,23.067833,217路、583路、71路、770路、811路、南沙K2路、夜11路、夜36路、夜72路、桂12路、桂21路
芳村小学,芳村小学,芳村小学,BV11160519,,芳村小学,113.234181,23.084849,121A路、782A路、966路
芳二社,芳二社,芳二社,BV10651927,,芳二社,113.495569,23.234374,345路
芳和花园总站,芳和花园总,芳和花园总站,BV10017966,,芳和花园总站,113.224548,23.080126,121A路、411路、839路
芳信路总站,芳信路总,芳信路总站,BV10960952,,芳信路（郭村小区）总站,113.205850,23.110757,34路、411路、75路
芳一社,芳一社,芳一社,BV11086413,,芳一社,113.484458,23.223922,345路、354路、392路、396A路环线
芳园路,芳园路,芳园路,BV11483172,,芳园路,113.331535,23.106247,765路、779路、旅游公交3线
芳园路东,芳园路东,芳园路东,BV09179368,,芳园路东,113.334348,23.106188,765路、779路、旅游公交3线
芳园路口,芳园路口,芳园路口,BV11272945,,芳园路口,113.329128,23.105853,11路、303A路、45路、583路、765路、779路、90路、B7路、夜108路、夜109路、夜70路
防疫站,防疫,防疫站,BV10580171,,防疫站,113.212250,23.397183,花22路、花23路、花7路、花85路、花8路
纺织路,纺织路,纺织路,BV10019500,,纺织路,113.270844,23.113951,968路
放马村站,放马村,放马村站,BV11420192,,,113.381767,22.774570,南46路
飞达音响厂,飞达音响厂,飞达音响厂,BV10018685,,飞达音响厂,113.112739,23.357251,花15路、花2C路、花5路
飞鹅,飞鹅,飞鹅,BV10977096,,飞鹅,113.511212,23.425586,从804路、从805路、从809路
飞鹅村,飞鹅村,飞鹅村,BV11482320,,飞鹅村,113.411866,23.307426,758路
飞鹅岭地铁口,飞鹅岭地铁口,飞鹅岭地铁口,BV11025103,,飞鹅岭地铁口总站（短线）,113.150842,23.380187,花2B路、花39路短线
飞鹅岭地铁口总站,飞鹅岭地铁口总,飞鹅岭地铁口总站,BV11507966,,飞鹅岭地铁口总站,113.150842,23.380187,花15B路、花24路、花5B路
飞鹅岭地铁总站,飞鹅岭地铁总,飞鹅岭地铁总站,BV11552459,,,113.150668,23.380123,花15B路、花15路、花24路、花2C路
飞鹅路,飞鹅路#1,飞鹅路,BV11299096,,,113.234733,22.813478,307路/佛307路
飞鹅路,飞鹅路#2,飞鹅路,BV10022201,,,113.261447,23.153822,481路环线
飞鹅墓园,飞鹅墓园,飞鹅墓园,BV10253173,,,113.235791,22.816590,307路/佛307路
飞鹅小学,飞鹅小学,飞鹅小学,BV11115192,,飞鹅小学,113.521985,23.419802,从805路、从809路
飞马,飞马,飞马,BV10255258,,,112.920825,23.266822,655A线、655B路、655路
飞旋公司,飞旋公司,飞旋公司站,BV11246406,,飞旋公司,113.093148,23.383652,花115路、花2B路、花68路、花68路白坭班车、花68路短线
飞扬西路,飞扬西路,飞扬西路,BV11504273,,飞扬西路,113.795702,23.300982,增城47路
飞鹰厂,飞鹰厂,飞鹰厂,BV10014977,,飞鹰厂,113.331850,22.836982,南41路、南45路、南沙68路
飞粤大道北(三凤村),飞粤大道北(三凤村),飞粤大道北,BV11186405,,飞粤大道北,113.309625,23.435855,708路、夜106路、空港1路、花17路A
飞粤大道北(三凤村),飞粤大道北(三凤村),飞粤大道北(三凤村),BV11544667,,飞粤大道北（三凤村）,113.309260,23.435946,空港1路
飞粤大道南,飞粤大道南,飞粤大道南站,BV11568715,,飞粤大道南,113.307455,23.426713,708路、夜106路、空港1路、花17路A
飞粤大道中(九一村东),飞粤大道中(九一村东),飞粤大道中站,BV09120470,,飞粤大道中,113.308784,23.431833,708路、夜106路、花17路A
飞粤大道中(九一村东),飞粤大道中(九一村东),飞粤大道中(九一村东),BV11682467,,飞粤大道中,113.308784,23.431833,空港1路
飞粤大道中(九一村西),飞粤大道中(九一村西),飞粤大道中(九一村西),BV11371156,,飞粤大道中,113.308272,23.432134,空港1路
翡翠蓝湾社区站,翡翠蓝湾社区,翡翠蓝湾社区站,BV10405444,,翡翠蓝湾社区总站,113.417414,22.806796,南59路、南沙58路
翡翠蓝湾社区总站,翡翠蓝湾社区总,翡翠蓝湾社区总站,BV09302203,,翡翠蓝湾社区总站,113.417414,22.806796,南沙58路
翡翠绿洲南门,翡翠绿洲南门,翡翠绿洲南门,BV11602761,,翡翠绿洲南门,113.546174,23.137897,358路、572路
分水岰,分水岰,分水岰,BV09017015,,,113.683938,23.716663,从608路
分水村委,分水村委,分水村委,BV11628103,,分水村委,113.560895,23.401178,从805路
分水总站,分水总,分水总站,BV11629171,,分水总站,113.572848,23.404684,从805路
汾水,汾水,汾水,BV10014062,,汾水,113.221576,23.086903,15路、183路、193路、1路、207路、411路、552路、74路、782路、812路、838路、91路、佛244路、夜1路、广277路、广419路
汾水村委,汾水村委,汾水村委,BV11369790,,汾水村委,113.462612,23.570757,从803路
汾水小区,汾水小区,汾水小区,BV09405895,,汾水小区,113.217255,23.086692,965路
汾水小区总站,汾水小区总,汾水小区总站,BV10018714,,汾水小区总站,113.217889,23.086565,15路、183路、193路、69路
份田,份田,份田,BV10945045,,份田,113.937385,23.846459,从504路、从506路
丰达电机厂,丰达电机厂,丰达电机厂,BV11026441,,丰达电机厂,113.398697,22.958766,番22路
丰岗,丰岗,丰岗,BV11688779,,丰岗,113.173070,23.195136,佛252路、佛里07B路、佛里07路、广231路、里07路、里07路短线/佛里07路里广快线、里17路、里07路高峰线
丰乐北横路口,丰乐北横路口,丰乐北横路口,BV11690383,,丰乐北横路口,113.449971,23.130014,324路、326路、338路、339路、344路、347路、355路、438路、459路、943路、B24路、夜104路、夜97路、320路
丰乐北路,丰乐北路,丰乐北路,BV09000522,,丰乐北路,113.447601,23.110952,323路、324路、338路、355路、364路、377路、431路、432路、438路、581路、943路、945路、B16路、B24路、B29路、夜104路、夜97路、高峰快线24路、320路
丰乐北路(莲塘),丰乐北路(莲塘),丰乐北路(莲塘),BV10943602,,丰乐北路（莲塘）,113.457295,23.141566,338路、347路、459路、B24路、夜97路
丰乐路,丰乐路,丰乐路,BV10885199,,丰乐路,113.448702,23.107854,329路、377路、434路、B26路、B28路、夜41路、夜46路
丰年路,丰年路,丰年路,BV09403106,,,113.223309,23.098436,965路
丰穗农业生态园,丰穗农业生态园,丰穗农业生态园,BV11226215,,丰穗农业生态园,113.443237,23.444329,高峰快线72路
丰泰城市公馆,丰泰城市公馆,丰泰城市公馆,BV11181008,,,113.614103,23.127266,新塘万达1路
丰泰小区,丰泰小区,丰泰小区,BV10022453,,丰泰小区,113.345149,23.304598,夜86路
丰泰小区路口,丰泰小区路口,丰泰小区路口,BV11482324,,丰泰小区路口,113.345219,23.305326,471路、504路、728路、758路、976路、985路、夜74路、659路
丰田合诚配件厂,丰田合诚配件厂,丰田合诚配件厂站,BV11164939,,,113.352482,22.818569,312路
丰田汽车厂,丰田汽车厂,丰田汽车厂站,BV09409289,,丰田汽车厂,113.496034,22.835988,南14路、南61路、南夜1路、南沙61路短线、南沙夜1路
丰盈路口,丰盈路口,丰盈路口,BV11356194,,丰盈路口,113.484277,23.444994,从5路、从5路长线、从803路、从804路、从806路、从807路、从808路、从809路、从夜1路、花84路
丰泽纺织,丰泽纺织,丰泽纺织,BV10998031,,,112.946285,23.447333,花81路
风度路,风度路,风度路,BV11481837,,风度路,113.230499,23.203910,176路、271路、524路、757路、夜21路
风度路口,风度路口,风度路口,BV10013777,,风度路口,113.232439,23.201857,176路、428路、524路
风茂街,风茂街,风茂街,BV10330870,,风茂街,113.378160,23.064662,B25路、大学城专线4路
风神厂,风神厂,风神厂站,BV09177573,,风神厂,113.162185,23.381813,713路、花115路、花19路、花22路、花5路、花68路、花68路白坭班车、花68路短线
风神厂东门,风神厂东门,风神厂东门,BV10015579,,风神厂东门,113.167202,23.387039,花21路、花21路夜班
风神花园,风神花园,风神花园站,BV09375677,,风神花园,113.150225,23.381104,713路、乐平01B路、花115路、花22路、花39路短线、花5B路、花5路、花68路、花68路白坭班车、花68路短线
风神六号门口,风神六号门口,风神六号门口,BV10706157,,风神六号门口,113.157824,23.393239,花9路
风味园,风味园,风味园,BV11451058,,风味园,113.646237,23.315044,增城54路
风信路,风信路,风信路,BV11668244,,风信路,113.421341,23.174407,科学城3号交通专线/K3路
风正街,风正街,风正街,BV11297644,,,113.267133,23.201876,420路、651路
枫木塱,枫木塱,枫木塱,BV11018299,,枫木塱,113.777318,23.823032,从601路
枫下村,枫下村,枫下村,BV11399774,,枫下村,113.501018,23.367883,457路、650路、夜126路、夜131路
枫下村北,枫下村北,枫下村北,BV11655610,,枫下村北,113.497506,23.371352,457路、650路、夜126路、夜131路
枫下村西,枫下村西,枫下村西站,BV09388803,,枫下村西,113.493408,23.365433,343路
枫下二社,枫下二社,枫下二社,BV10013852,,枫下二社,113.490351,23.374990,457路、826路
枫叶路,枫叶路,枫叶路,BV11403846,,枫叶路,113.361582,23.138046,194路、239路、293路、B4A路
枫叶路口,枫叶路口,枫叶路口,BV11403845,,枫叶路口,113.361669,23.135964,194路、239路、293路、B4A路
峰光实业,峰光实业,峰光实业,BV10016841,,峰光实业,113.628423,23.116713,增城25路、增城38路
峰湖御境总站,峰湖御境总,峰湖御境总站,BV09244732,,,113.422646,23.202715,联和街便民02环线
冯安围,冯安围,冯安围站,BV10803819,,冯安围,113.499703,22.738188,南10路、南沙10路短线
冯村,冯村#1,冯村,BV10015493,,冯村,113.639360,23.235086,增城36路
冯村,冯村#2,冯村,BV10509684,,冯村,113.118905,23.448357,花2B路、花88路、花88路短线
冯村村委,冯村村委#1,冯村村委,BV10024311,,冯村村委,113.641734,23.233084,增城36路
冯村村委,冯村村委#2,冯村村委,BV11379199,,冯村村委,113.120904,23.452401,花81A路
冯村市场,冯村市场,冯村市场,BV10492541,,冯村市场,113.123701,23.455454,花2B路、花81A路、花88路、花88路短线
冯村中学,冯村中学,冯村中学,BV10786052,,冯村中学,113.127416,23.456843,花80路、花81A路、花88路、花88路短线
冯马二村站,冯马二村,冯马二村站,BV10803827,,,113.492907,22.731946,南10路
冯马二村委,冯马二村委,冯马二村委站,BV09358642,,,113.494775,22.727788,南沙10路短线
冯马三村站,冯马三村,冯马三村站,BV09255214,,,113.496005,22.712004,南10路、南28路
冯马学校站,冯马学校,冯马学校站,BV10015886,,,113.487295,22.717368,南28路
冯马一村站,冯马一村,冯马一村站,BV09250342,,,113.491576,22.715878,南10路
冯马一村八队站,冯马一村八队,冯马一村八队站,BV10015887,,,113.483875,22.719844,南28路
冯马一村总站,冯马一村总,冯马一村总站,BV10015888,,冯马一村,113.481632,22.721759,南28路、南沙10路短线
逢沙东利,逢沙东利,逢沙东利,BV11689440,,,113.298035,22.826408,307路/佛307路
逢沙会龙,逢沙会龙,逢沙会龙,BV11689438,,,113.302686,22.825819,307路/佛307路
逢沙旧渡口,逢沙旧渡口,逢沙旧渡口,BV10253306,,,113.325312,22.819163,307路/佛307路
逢沙三会站,逢沙三会,逢沙三会站,BV10917278,,,113.301516,22.830868,307路/佛307路
逢沙新区,逢沙新区,逢沙新区,BV10863756,,,113.305749,22.829279,307路/佛307路
逢涌村委会,逢涌村委会,逢涌村委会,BV10883361,,,113.102008,23.251178,佛里07B路
逢涌桥,逢涌桥,逢涌桥,BV10253029,,,113.099993,23.255491,佛里07B路
逢源路,逢源路,逢源路,BV09384635,,逢源路,113.234140,23.120712,15路、25路、2路、55路、61路、74路
凤巢,凤巢,凤巢,BV11115219,,凤巢,113.693104,23.618389,从14路、从19路、从19路密石班车
凤城酒店(清晖路),凤城酒店(清晖路),凤城酒店(清晖路),BV10253838,,,113.250175,22.833418,314路、佛314路
凤池,凤池,凤池,BV10252234,,凤池,113.110062,23.112052,佛236路、佛251路
凤池市场,凤池市场,凤池市场,BV10961558,,,113.189837,23.074224,便民巴士4号线
凤池新村,凤池新村,凤池新村,BV10961557,,,113.192963,23.071808,便民巴士4号线
凤岗地铁站,凤岗地铁,凤岗地铁站,BV11119386,,凤岗地铁站,113.666173,23.278723,增城11路、增城2路、增城71路、科教城1路
凤岗地铁站D出口,凤岗地铁站D出口,凤岗地铁站D出口,BV09181070,,凤岗地铁站D出口,113.663376,23.279790,370路、增城2路、增城71路、科教城1路、科教城2路
凤岗地铁站D出口,凤岗地铁站D出口,凤岗地铁站D出口(南行),BV09350751,,凤岗地铁站D出口,113.663414,23.280151,科教城2路
凤和村,凤和村,凤和村,BV10018967,,凤和村,113.283845,23.351050,737路
凤和庄,凤和庄,凤和庄,BV11342004,,凤和庄,113.280563,23.344877,510路、707路、711路、712路、715路、724路、750路、828路、971路、夜123路、夜129路、夜92路、704路、701路
凤湖二路(开放一路口),凤湖二路(开放一路口),凤湖二路(开放一路口),BV09299185,,凤湖二路（开放一路口）,113.544001,23.329026,456路、456路环线
凤湖二路东,凤湖二路东,凤湖二路东站,BV09323891,,凤湖二路东,113.540005,23.326030,352A路、534路
凤湖四路,凤湖四路,凤湖四路,BV11383672,,凤湖四路,113.536731,23.331505,352A路、370路、夜130路
凤湖四路西站,凤湖四路西,凤湖四路西站,BV09237615,,凤湖四路西,113.532209,23.327120,352A路、370路
凤湖一路,凤湖一路,凤湖一路,BV09319108,,凤湖一路,113.543758,23.322414,352A路、534路、夜130路
凤湖一路西,凤湖一路西,凤湖一路西,BV09185056,,凤湖一路西,113.540209,23.318645,534路
凤湖中路,凤湖中路,凤湖中路站,BV11383671,,凤湖中路,113.540240,23.324067,352A路、534路、夜130路
凤湖中路(凤湖三路口),凤湖中路(凤湖三路口),凤湖中路(凤湖三路口),BV11029081,,凤湖中路（凤湖三路口）,113.539331,23.328576,352A路
凤华路,凤华路,凤华路,BV11346074,,凤华路,113.201175,23.393206,花86路
凤凰城,凤凰城,凤凰城,BV09046615,,凤凰城（凤馨苑）总站,113.583395,23.140006,372路、375路、379路
凤凰城大道,凤凰城大道,凤凰城大道,BV10743263,,,113.569201,23.130662,372路
凤凰城大道南,凤凰城大道南,凤凰城大道南,BV09295098,,凤凰城大道南,113.568986,23.130473,372路、375路、增城26路
凤凰城东门商业街,凤凰城东门商业街,凤凰城东门商业街,BV11255717,,凤凰城东门商业街,113.583457,23.140100,375路
凤凰城交通中心,凤凰城交通中心,凤凰城交通中心,BV11489753,,凤凰城交通中心,113.571485,23.129903,增城26路、增城43路
凤凰城路口,凤凰城路口,凤凰城路口站,BV11162260,,凤凰城路口,113.567771,23.124082,571B路
凤凰城四环岛,凤凰城四环岛,凤凰城四环岛,BV11412491,,凤凰城四环岛,113.580279,23.151984,379路
凤凰城五环岛,凤凰城五环岛,凤凰城五环岛,BV11222412,,凤凰城五环岛,113.581176,23.159648,379路、516路
凤凰城总站,凤凰城总,凤凰城总站,BV11284683,,凤凰城（凤馨苑）总站,113.594568,23.140925,375路
凤凰村,凤凰村#1,凤凰村,BV10017220,,凤凰村,113.286499,23.101546,211路、460路、夜12路
凤凰村,凤凰村#2,凤凰村,BV10017221,,凤凰村,113.246441,23.411611,花16路
凤凰村委总站,凤凰村委总,凤凰村委总站,BV11197978,,,113.671791,23.512250,从1路东线
凤凰大道(市南路口),凤凰大道(市南路口),凤凰大道(市南路口),BV09066536,,凤凰大道（市南路口）,113.523715,22.813565,南61路、南沙12路、南沙31路支线、南沙70路、番141路
凤凰岗,凤凰岗,凤凰岗,BV10014586,,凤凰岗,113.247742,23.098666,31路、B21路、夜7路
凤凰岗总站,凤凰岗总,凤凰岗总站,BV10021697,,凤凰岗总站,113.247911,23.097658,16路、487路
凤凰公司,凤凰公司,凤凰公司,BV09002136,,凤凰公司,113.380338,23.211200,491路、497路、84A路、夜71路
凤凰古围,凤凰古围,凤凰古围,BV11578762,,,113.664386,23.513831,从1路东线
凤凰湖(凤湖三路),凤凰湖(凤湖三路),凤凰湖(凤湖三路),BV10980657,,凤凰湖（凤湖三路）,113.535287,23.327902,352A路、夜130路
凤凰路北,凤凰路北,凤凰路北,BV11207952,,,113.229824,23.433050,花75A路
凤凰南路,凤凰南路,凤凰南路,BV10524264,,凤凰南路,113.234741,23.359443,花21路、花21路夜班、花30路
凤凰三横路南,凤凰三横路南,凤凰三横路南,BV11059693,,凤凰三横路南,113.494919,23.387223,343路、826路、夜131路
凤凰三路,凤凰三路,凤凰三路,BV11371740,,凤凰三路,113.493416,23.395829,826路
凤凰山,凤凰山,凤凰山,BV10020789,,凤凰山,113.831820,23.290708,增城3路
凤凰实验小学,凤凰实验小学,凤凰实验小学,BV11276592,,凤凰实验小学,113.564445,23.158196,增城43路
凤凰四路东,凤凰四路东,凤凰四路东站,BV11488904,,凤凰四路东,113.492306,23.388313,343路、夜131路
凤凰五路,凤凰五路,凤凰五路,BV09112243,,凤凰五路,113.507910,23.387381,343路
凤凰五路(粤芯路口),凤凰五路(粤芯路口),凤凰五路(粤芯路口),BV09394736,,凤凰五路,113.503873,23.385083,343路
凤凰五路中,凤凰五路中,凤凰五路中,BV11480925,,凤凰五路中,113.500020,23.383902,343路
凤凰下街,凤凰下街,凤凰下街,BV10555848,,凤凰下街,113.517531,23.357629,362路
凤凰小学,凤凰小学,凤凰小学,BV11578766,,,113.667540,23.512683,从1路东线
凤凰新村(宝业路口),凤凰新村(宝业路口),凤凰新村(宝业路口),BV10018366,1,凤凰新村（宝业路口）①,113.254485,23.092387,10路、121A路、16路、220路、288路、303路、31路、487路、489路、521路、75路、780路、811路、813路、963路、967路、995路、9路、南沙K8路、商务专线4路、夜3路、夜79路、夜7路
凤凰新村(宝业路口),凤凰新村(宝业路口),凤凰新村,BV11627319,,凤凰新村（宝业路口）,113.254485,23.092387,288路
凤凰一横路,凤凰一横路,凤凰一横路,BV10425399,,凤凰一横路,113.490886,23.391131,343路、夜131路
凤凰颐养山庄,凤凰颐养山庄,凤凰颐养山庄,BV10338863,,凤凰颐养山庄,113.613099,23.579503,从19路、从4路、从4路快线
凤凰苑南门,凤凰苑南门,凤凰苑南门,BV11484139,,凤凰苑南门,113.574171,23.132712,372路、375路
凤凰中学,凤凰中学,凤凰中学,BV11175206,,凤凰中学,113.386979,23.202301,491路
凤康路,凤康路,凤康路,BV11184625,,,113.293299,23.082568,462路、786路
凤荔苑,凤荔苑,凤荔苑,BV11346680,,凤荔苑,113.565095,23.129549,372路
凤林村,凤林村,凤林村,BV11688728,,凤林村,113.073718,23.061827,佛250路、佛277路
凤鸣路,凤鸣路,凤鸣路,BV10018305,,凤鸣路,113.217459,23.205548,476路
凤岐村委,凤岐村委,凤岐村委,BV11326858,,,113.391992,23.624993,从907路
凤晴苑总站,凤晴苑总,凤晴苑总站,BV11255719,,凤晴苑总站,113.578116,23.160592,增城26A路
凤瑞环街口,凤瑞环街口,凤瑞环街口,BV09299183,,凤瑞环街口,113.530971,23.352506,456路、456路环线
凤尾,凤尾,凤尾,BV10381839,,凤尾,113.305777,23.315650,828路
凤尾村委总站,凤尾村委总,凤尾村委总站,BV09385632,,凤尾村委,113.480245,23.398875,343路
凤西二路,凤西二路,凤西二路,BV11369876,,凤西二路,113.182700,23.072112,670路
凤翔北路,凤翔北路,凤翔北路,BV11482219,,凤翔北路,113.208660,23.271704,474路、509路、713路
凤翔里,凤翔里,凤翔里,BV11352933,,凤翔里,113.490281,23.483014,从806路
凤翔中路站,凤翔中路,凤翔中路站,BV11482217,,凤翔中路,113.210835,23.263588,509路
凤馨苑站,凤馨苑,凤馨苑站,BV10966289,1,凤馨苑①,113.590539,23.140295,372路、375路、379路、增城26路、增城26A路
凤秀家园,凤秀家园,凤秀家园站,BV09056352,,凤秀家园,113.661016,23.283522,370路、增城2路、科教城2路
凤盈苑南门,凤盈苑南门,凤盈苑南门,BV09179379,,凤盈苑南门,113.557618,23.129717,372路
凤盈苑西门,凤盈苑西门,凤盈苑西门,BV11346678,,凤盈苑西门,113.556420,23.130981,372路、374路、增城25路、增城28路
凤院北,凤院北,凤院北,BV11216184,,凤院北,113.607736,23.556420,从13路、从14路、从16路、从19路、从19路密石班车、从7路、从化13路
凤院路口,凤院路口,凤院路口,BV10014784,,凤院路口,113.604959,23.552539,从11路、从12路、从13路、从14路、从16路、从19路、从19路密石班车、从7路、从906路、从化13路
凫洲大桥站,凫洲大桥,凫洲大桥站,BV10024030,,凫洲大桥,113.581937,22.748688,南1路B、南27路、南沙62路、南沙62路短线、南沙1路
佛陈路大都村口站,佛陈路大都村口,佛陈路大都村口站,BV10251982,,佛陈路大都村口站,113.164216,22.974231,佛K330路/K330路快线
佛陈路农贸市场,佛陈路农贸市场,佛陈路农贸市场,BV09000805,,佛陈路农贸市场,113.224823,22.955575,佛K330路/K330路快线
佛岗村,佛岗村,佛岗村,BV11209358,,,113.516567,23.479505,从5路长线、从802路、从808路、从夜1路
佛岗村委(八号仓东)站,佛岗村委(八号仓东),佛岗村委(八号仓东)站,BV09303681,,佛岗村委（八号仓东）站,113.516194,23.479311,从5路、从5路长线、从807路、从808路
佛岗村委(八号仓东)站,佛岗村委(八号仓东),佛岗村委,BV11332852,,佛岗村委（八号仓东）站,113.514437,23.478404,从5路、从802路
佛公路(九龙大道口),佛公路(九龙大道口),佛公路(九龙大道口),BV11575187,,佛公路（九龙大道口）,113.481523,23.400176,343路
佛塱村委,佛塱村委,佛塱村委,BV10555845,,佛塱村委,113.527835,23.370941,351路
佛塱山贝,佛塱山贝,佛塱山贝,BV10810830,,,113.541852,23.360807,362路
佛平桂澜路口站,佛平桂澜路口,佛平桂澜路口站,BV11175925,,佛平桂澜路口,113.151691,23.041017,佛232路
佛平路口,佛平路口,佛平路口,BV10251704,,佛平路口,113.119811,23.037803,佛276路/佛276
佛山大桥(乐安),佛山大桥(乐安),佛山大桥(乐安),BV10251710,,佛山大桥（乐安）,113.097406,23.060746,佛236路、佛251路
佛山大学站,佛山大学,佛山大学站,BV09294083,,佛山大学,113.094325,23.023170,佛251路
佛山大学南海仙溪校区南门,佛山大学南海仙溪校区南门,佛山大学南海仙溪校区南门,BV09406818,,佛山大学南海仙溪校区南门站,113.054062,23.133236,佛263路、佛275路
佛山家博城,佛山家博城,佛山家博城,BV09237238,,佛山家博城,113.094600,22.987862,佛236路
佛山乐城站,佛山乐城,佛山乐城站,BV11208310,,,113.093697,23.065606,广州-肇庆
佛山模具城,佛山模具城,佛山模具城,BV11630307,,佛山模具城,113.157780,23.157791,广231路
佛山市第五人民医院,佛山市第五人民医院,佛山市第五人民医院,BV10450600,,佛山市第五人民医院,112.989853,22.948609,佛251路
佛山西站,佛山西,佛山西站,BV09244985,,佛山西站,113.030437,23.081286,佛200路
佛田路口,佛田路口,佛田路口,BV10870542,,佛田路口,113.498759,23.349387,827路
佛子庄,佛子庄,佛子庄,BV11522014,,佛子庄,113.574388,23.329383,352A路
芙滨路西,芙滨路西,芙滨路西,BV09404842,,芙滨路西,113.217224,23.503967,花25B路
芙滨中路,芙滨中路,芙滨中路,BV09105490,,芙滨中路,113.235101,23.502715,花63路
芙蓉大道路口,芙蓉大道路口,芙蓉大道路口,BV10467860,,芙蓉大道路口,113.221594,23.465916,花83路
芙蓉东门,芙蓉东门,芙蓉东门,BV11161029,,芙蓉东门,113.235419,23.498668,花63路
芙蓉度假村站,芙蓉度假村,芙蓉度假村站,BV11346064,,芙蓉度假村,113.233574,23.514358,花63路
芙蓉花园,芙蓉花园,芙蓉花园,BV11346055,,芙蓉花园,113.236818,23.496151,花63路、花83B路
浮沙村,浮沙村,浮沙村,BV10023087,,浮沙村,113.324885,22.892627,番12路旅游专线、番67路旅游专线、番68路
浮山大街口,浮山大街口,浮山大街口,BV10018148,,浮山大街口,113.229653,23.222848,254路
福安村站,福安村,福安村站,BV11400205,,,113.571595,22.649495,南30路
福从路东,福从路东,福从路东,BV11393824,,,113.503928,23.449564,从801路
福德路口,福德路口,福德路口站,BV11692469,,福德路口,113.343787,22.926025,番15路、番68路、番7路
福洞村,福洞村,福洞村,BV10018171,,福洞村,113.536155,23.280558,443路
福洞村路口,福洞村路口,福洞村路口,BV11573873,,福洞村路口,113.554975,23.277977,345路、534路
福洞村尾,福洞村尾,福洞村尾,BV10018170,,福洞村尾,113.528869,23.280142,443路
福洞小学,福洞小学,福洞小学,BV10018172,,福洞小学,113.540878,23.278811,443路
福冠路口,福冠路口,福冠路口,BV10023339,,福冠路口,113.331497,22.915439,番29路、番7路
福和,福和,福和,BV11119542,,,113.630107,23.357712,增城51路
福和车站,福和车,福和车站,BV10894063,,福和车站,113.628466,23.366302,增城11路、增城36路、增城53路、增城54路
福和敬老院,福和敬老院,福和敬老院,BV10860789,,福和敬老院,113.640166,23.350909,增城54路
福和市场,福和市场,福和市场,BV10021565,,福和市场,113.628726,23.363192,增城11A路、增城11路、增城41路、增城51路、增城52路、增城53路
福和一桥,福和一桥,福和一桥,BV09265072,,福和一桥,113.629755,23.362686,增城70路、增城87路
福和医院,福和医院,福和医院,BV10860787,,福和医院,113.629726,23.362824,增城54路
福景路,福景路,福景路,BV11578205,,福景路,113.356548,22.921309,番12路旅游专线、番147路、番27路
福景路(龙岐路口),福景路(龙岐路口),福景路(龙岐路口),BV11475754,,福景路（龙岐路口）,113.348982,22.921064,番130路、番147路
福龙路口,福龙路口,福龙路口,BV11130124,,福龙路口,113.404316,23.384824,709路、716路、725路
福南坊,福南坊,福南坊,BV10018081,,福南坊,113.426619,23.083357,383路、430路、夜65路、长洲岛1号线、长洲岛2号线
福上下社,福上下社,福上下社1,BV11352299,1,福上下社①,113.625229,23.569814,从13路、从19路密石班车、从化13路
福上下社,福上下社,福上下社2,BV11352300,2,福上下社①,113.628132,23.572436,从19路密石班车、从906路、从化13路
福上下社二站,福上下社二,福上下社二站,BV11625942,,,113.628132,23.572436,从13路、从化13路
福上下社一站,福上下社一,福上下社一站,BV11625943,,,113.625229,23.569814,从13路、从化13路
福盛花园,福盛花园,福盛花园,BV09368663,,,113.176797,23.119430,广281路
福泰西路,福泰西路,福泰西路,BV10595021,,福泰西路,113.291080,23.216473,76路、792A路、798路
福田村,福田村,福田村,BV10019842,,福田村,113.328929,22.923951,番15路、番7路
福新村,福新村,福新村,BV11555489,,福新村,113.627130,23.305696,增城51路、增城52路
福星社,福星社,福星社,BV11632956,,福星社,113.476107,23.543996,从803路
福愉西路,福愉西路,福愉西路,BV10903714,,福愉西路,113.363708,22.913998,番19路
福泽路口站,福泽路口站,福泽路口站,BV11119872,,,113.443086,22.676721,
府前路南,府前路南,府前路南站,BV11400673,,府前路南,113.582847,23.543711,从1路东线、从1路西线、从20路、从4路、从5路、从5路长线、从7路、从夜1路、从4路快线
府前路中,府前路中,府前路中,BV11578748,,府前路中,113.582781,23.545667,从20路、从4路、从5路、从5路长线、从7路、从夜1路、从4路快线
妇幼保健院,妇幼保健院,妇幼保健院,BV09173385,,妇幼保健院,113.152237,23.035715,K201路、桂23路
复甦,复甦,复甦,BV10019994,,复甦（南侧）,113.480287,23.036765,番31路、番61路、番75路、番77路
复甦B,复甦B,复甦B,BV11018445,,复甦B,113.480335,23.036435,番75路
富丰广场,富丰广场,富丰广场,BV11370798,,富丰广场,113.181721,23.038002,桂09路
富国路口,富国路口,富国路口,BV10014852,,富国路口,113.823833,23.299407,增城15路、增城2路、增城6路、增城79路
富豪山庄,富豪山庄#1,富豪山庄,BV10016731,,富豪山庄,113.342701,22.967605,301路、番100路、番13路、番150B路、番15路、番1路、番21B路、番91路、番96路、番97路、番99路、番夜5路、番108路
富豪山庄,富豪山庄#2,富豪山庄,BV10016732,,富豪山庄,113.205876,23.390702,花19路、花22路、花7路、花85路、花8路
富豪山庄小学,富豪山庄小学,富豪山庄小学,BV10023372,,富豪山庄小学,113.341197,22.976714,番150B路
富豪山庄总站,富豪山庄总,富豪山庄总站,BV10023371,,富豪山庄总站,113.342946,22.978221,番150B路、番86路高峰直达短线
富景幼儿园,富景幼儿园,富景幼儿园,BV10255818,,富景幼儿园,113.194893,23.041790,佛211路
富康路,富康路,富康路,BV10021134,,富康路,113.235566,23.181362,185路、477路、925路
富力半岛花园,富力半岛花园,富力半岛花园,BV09006431,1,富力半岛花园①,113.222144,23.146328,229路、253路、305路、42路、527路机电班车、55路、729路、839路、885路、佛276路/佛276、广12路、广276路、广283路、广283路班车、广夜54路
富力半岛花园,富力半岛花园,富力半岛花园1,BV10461190,1,富力半岛花园①,113.221457,23.147484,198路、290路、46路、521路、527路、839路、885路、B3路、夜120路、夜16路、夜19路、夜30路、夜3路、夜45路、夜96路、广478路、广夜54路、广高峰快线30路、高峰快线80路、114路
富力环市西苑(西村),富力环市西苑(西村),富力环市西苑(西村),BV09000538,1,富力环市西苑（西村）①,113.234982,23.144187,134路、17路、198路、215路、268路、274路、290路、42路、46路、486路、4路、538路、62路、71路、729路、80路、832路、夜18路、夜21路、夜2路、夜59路、夜95路、夜96路、广478路、广夜54路、高峰快线80路
富力环市西苑(西村),富力环市西苑(西村),富力环市西苑,BV10013767,1,富力环市西苑（西村）①,113.233954,23.143225,17路、198路、34路、46路、71路、80路、832路、夜18路、夜21路、夜2路、夜59路、夜95路
富力金港城总站,富力金港城总,富力金港城总站,BV11619615,,富力金港城总站,113.354591,23.460457,708路、716路、花16路
富力泉天下,富力泉天下,富力泉天下,BV10834280,,富力泉天下,113.653747,23.639319,从4路、从701路、从702路、从4路快线
富力唐宁站,富力唐宁,富力唐宁站,BV10736586,,富力唐宁,113.582319,22.768064,九王庙临时接驳线内环、九王庙临时接驳线外环、南沙5路、南沙62路
富力桃园(增埗村)总站,富力桃园总站(增埗村),富力桃园(增埗村)总站,BV11044096,,富力桃园（增埗村）总站,113.228190,23.150517,274路、4路
富力桃园(增埗村)总站,富力桃园总站(增埗村),富力桃园总站(增埗村),BV11639167,,富力桃园（增埗村）总站,113.229015,23.150660,4路
富力悦禧花园总站,富力悦禧花园总,富力悦禧花园总站,BV11357698,,富力悦禧花园总站,113.514402,23.113599,376路、454路环线
富丽,富丽,富丽,BV10018511,,富丽,113.308249,23.028759,304路、51路、番182路、番187路、番188路、番夜2路
富丽中学,富丽中学,富丽中学,BV10023234,,富丽中学,113.317454,23.032207,公交地铁接驳专线7路、番188路
富民路,富民路,富民路,BV10660807,,,113.567172,22.998990,莞616路
富民路口,富民路口,富民路口,BV10660809,,,113.562047,22.996559,莞616路
富民商务中心,富民商务中心,富民商务中心,BV11599910,,,113.689124,22.828338,南沙K6路
富南路北,富南路北,富南路北,BV11507077,,富南路北站,113.544001,23.099651,B30路
富鹏市场北,富鹏市场北,富鹏市场北,BV10020772,,富鹏市场北,113.825848,23.300340,增城2路、增城48路
富鹏市场东,富鹏市场东,富鹏市场东,BV10024206,,富鹏市场东,113.826368,23.299475,增城48路、增城9路
富山路,富山路,富山路,BV11430766,,富山路,113.321087,23.026397,公交地铁接驳专线5路、番182路、番190路
富石路(群贤路口),富石路(群贤路口),富石路(群贤路口),BV11621175,,富石路（群贤路口）,113.308047,23.021999,288路、301路、304路、309路、番13路、番145路、番186路、番187路、番25路、番53路、番91路、番96路、番夜2路
富田岗,富田岗,富田岗,BV10013944,,富田岗,113.485781,23.389924,650路、夜126路、夜131路
富庭花园,富庭花园,富庭花园,BV10015125,,富庭花园,113.428434,22.961361,番111路、番23路、番52路、番72路、番79路、番80路、番81路、番83路
富雅都市华庭,富雅都市华庭,富雅都市华庭,BV11118930,,富雅都市华庭,113.618561,23.134243,增城28路
富怡路中,富怡路中,富怡路中,BV10023312,,富怡路中,113.395535,22.955038,番111路、番23路、番52路
富怡苑,富怡苑,富怡苑,BV10015126,,富怡苑,113.430547,22.961203,番111路、番23路、番52路、番72路、番79路、番80路、番81路、番83路
富裕围,富裕围,富裕围,BV10015110,,富裕围,113.453585,23.039291,番128路、番59路、番61路、番62路、番76路
富园路,富园路,富园路,BV10665238,,富园路,113.227823,23.150044,274路、广478路、广夜54路
富源一路,富源一路,富源一路,BV09179382,,富源一路,113.246673,23.346919,花22路
富悦街,富悦街,富悦街,BV10019171,,富悦街,113.270994,23.166602,795路
甘岗村站,甘岗村,甘岗村站,BV10641095,,,113.329808,22.885418,南41路
甘岗村委站,甘岗村委,甘岗村委站,BV10641089,,,113.324874,22.875233,南41路
甘蕉,甘蕉,甘蕉,BV11222142,,甘蕉,113.140739,23.172576,佛244路、广231路、沥12路
甘泉小学,甘泉小学,甘泉小学,BV11640275,,,113.633618,23.109890,增城25路、增城46路
甘棠村,甘棠村,甘棠村,BV11131948,,甘棠村,113.375962,22.961742,番4路、番52路
甘竹村,甘竹村,甘竹村,BV10013843,,甘竹村,113.554105,23.200556,341路、379路、夜52路、夜60路
甘竹村口,甘竹村口,甘竹村口站,BV11483381,,甘竹村口,113.554799,23.200821,330路、365路、379路、394路、夜60路
甘竹山公园,甘竹山公园,甘竹山公园,BV10489405,,,113.563309,23.203349,永和便民02线
绀现站,绀现,绀现站,BV11690063,,绀现站,113.177146,22.970185,佛K330路/K330路快线
缸瓦沙,缸瓦沙,缸瓦沙,BV09242689,,,113.557873,22.620247,南沙9路团结围线、南沙9路缸瓦沙线
钢铁基地站,钢铁基地,钢铁基地站,BV10980868,,,113.629177,22.633373,南21路
岗板村,岗板村,岗板村,BV10327001,,岗板村,113.467580,23.270419,973路
岗贝村,岗贝村,岗贝村,BV11379032,,岗贝村,113.528557,23.148338,335路、340路、347路、349路、516路、579路、941路、夜98路
岗贝路,岗贝路,岗贝路,BV10019052,,岗贝路,113.249804,23.182636,175路、757路
岗贝路东,岗贝路东,岗贝路东,BV10018302,,岗贝路东,113.253401,23.182648,175路、475路、757路
岗贝路口,岗贝路口,岗贝路口,BV10019038,,岗贝路口,113.247042,23.181789,757路
岗贝路总站,岗贝路总,岗贝路总站,BV10018301,,岗贝路总站,113.249689,23.182525,475路
岗埔街,岗埔街,岗埔街,BV11442144,,岗埔街,113.492906,23.343003,342路
岗顶,岗顶,BRT岗顶N1,BV09361406,1,,113.333414,23.137292,B21路
岗顶,岗顶,BRT岗顶N1,BV09361651,1,,113.333342,23.137262,B10路、B2A路、B2路
岗顶,岗顶,BRT岗顶S2,BV09374464,2,,113.333327,23.137082,B12路、B25路
岗顶,岗顶,岗顶,BV11386239,2,BRT岗顶2,113.331277,23.136491,406路环线、B4路、夜17路、夜19路、夜23路、夜25路、夜34路、夜38路、夜41路、夜43路、夜48路、夜68路、夜9路
岗顶,岗顶,岗顶,BV11694282,1,BRT岗顶1,113.332305,23.136838,B10路、B12路、B16路、B1短线快车、B1路、B20路、B21路、B25路、B2A路、B2路、B3路、B4路、B5路、B9路、夜17路、夜19路、夜23路、夜25路、夜34路、夜38路、夜41路、夜43路、夜48路、夜68路、夜9路、空港快线2号线夜班
岗东村,岗东村,岗东村,BV10891976,,,112.918365,23.363571,655B路、655路
岗丰村,岗丰村,岗丰村,BV11268247,,岗丰村,113.592874,23.158977,571A路、增城23路、增城32路内环、增城32路外环、增城35路、增城38路、增城43路、增夜4路
岗丰大道,岗丰大道,岗丰大道,BV11417555,,岗丰大道,113.587351,23.157475,379路、516路、增城43路
岗岭路口,岗岭路口,岗岭路口,BV09339485,,岗岭路口,113.857568,23.215642,增城18路
岗头,岗头,岗头,BV10017559,,岗头,113.486924,23.147845,338路、347路、459路、B24路、夜97路
岗头村,岗头村,岗头村,BV11690552,,,113.148417,23.208588,佛里07B路
岗头大街,岗头大街,岗头大街,BV10740834,,岗头大街,113.249355,23.157911,661路
岗尾,岗尾,岗尾,BV10019020,,岗尾,113.258134,23.333569,712路、750路
岗尾村,岗尾村,岗尾村,BV10896025,,岗尾村,113.855253,23.209509,增城18路
港口大道南,港口大道南,港口大道南,BV09387098,,港口大道南,113.599431,23.114602,增城9路
港口大道中,港口大道中,港口大道中,BV10014160,,港口大道中,113.599302,23.122063,增城23路、增城25路、增城26路、增城35路、增城39路、增城26A路
港前路(电厂东路口),港前路(电厂东路口),港前路(电厂东路口),BV09294159,,港前路（电厂东路口）,113.498934,23.081342,广369路
港前路东,港前路东,港前路东,BV09223986,,港前路东,113.506645,23.075996,广369路
港前路口,港前路口,港前路口,BV09166060,,,113.503055,23.077581,穗东街便民车01线
港头,港头,港头,BV11497172,,港头,113.390056,23.427437,花84路
港湾路口,港湾路口,港湾路口,BV11690302,,港湾路口,113.440981,23.107353,329路、344路、432A路、432路、B30路
港湾市场,港湾市场,港湾市场,BV10013818,,港湾市场（广医五院）,113.439312,23.108692,329路、344路、432A路、432路、B30路
港湾一村,港湾一村,港湾一村,BV10017070,,港湾一村,113.440476,23.102461,438路、夜41路、夜46路、夜97路、高峰快线24路
港务局管理所站,港务局管理所,港务局管理所站,BV11482389,,港务局管理所,113.562056,22.815064,南沙20路、南沙63路A线、南沙63路B线
高边,高边,高边,BV11689446,,高边,113.086008,23.125447,佛263路
高步村,高步村,高步村,BV10018725,,高步村,113.574967,23.569908,从18路、从6路、从6路支线、从901路、从902路
高步路口,高步路口,高步路口,BV11268020,,高步路口,113.577203,23.563340,从18路、从6路、从6路支线、从901路、从902路
高埔村委,高埔村委,高埔村委,BV10977100,,高埔村委,113.494679,23.426011,从804路、从805路、从809路
高车埔,高车埔,高车埔,BV11115113,,高车埔,113.497461,23.425363,从804路、从805路、从809路
高车村,高车村,高车村,BV11139217,,高车村,113.652947,23.323288,增城54路
高地街,高地街,高地街,BV11118895,,高地街,113.610739,23.119277,571路、增城22路、增城22路/增22路、增城23路、增城25路、增城26路、增城27路、增城37路、增城38路、增城46路
高尔夫球场,高尔夫球场,高尔夫球场,BV10573522,,,112.933470,23.366863,655B路、655路
高丰总站,高丰总,高丰总站,BV11486456,,高丰总站,113.432446,23.542632,从406路
高峰村委,高峰村委,高峰村委站,BV11457963,,高峰村委,113.642332,23.552882,从905路
高岗路,高岗路,高岗路,BV11474164,,高岗路,113.199514,23.067372,452路
高脊,高脊,高脊,BV11649491,,,113.365023,23.595189,从404路
高架桥东,高架桥东,高架桥东,BV11120152,,高架桥东,113.202524,23.384065,花16路、花23路
高塱,高塱,高塱,BV11369781,,高塱,113.456960,23.585553,从803路
高路大巷,高路大巷,高路大巷,BV09257867,,,113.291510,23.289961,龙归3线
高门村,高门村,高门村,BV10024135,,高门村,113.810204,23.163355,增城55路、增城57路、增城76路、莞76路
高门村路口,高门村路口,高门村路口,BV09237167,,高门村路口,113.809675,23.162968,增城57路
高平民森站,高平民森站,高平民森站,BV09232640,,,113.456686,22.678394,
高平桥,高平桥,高平桥,BV11488536,,高平桥,113.544744,23.415338,从805路
高平墟,高平墟,高平墟,BV11482396,,高平墟,113.408038,23.707118,从10路、从908路、从911路
高坡头,高坡头,高坡头,BV10024254,,高坡头,113.784257,23.502036,增城16路、增城60路、增城61路、增城62路
高普路北,高普路北,高普路北,BV11600787,,高普路北,113.405935,23.191283,494路、497路、901路
高普路高科路口,高普路高科路口,高普路高科路口,BV11600785,,高普路高科路口,113.405919,23.188290,494路、497路、901路
高普路软件路口,高普路软件路口,高普路软件路口,BV11477694,,高普路软件路口,113.405783,23.174589,355路、491路、494路、497路、774路、903路、B4路、夜38路、夜53路、夜68路
高普路天盈路口,高普路天盈路口,高普路天盈路口,BV11477697,,高普路天盈路口,113.408270,23.177353,355路、491路、494路、497路、774路、901A路、901路、903路、B4路、夜38路、夜53路
高普路中,高普路中,高普路中,BV11600786,,高普路中,113.405952,23.183116,494路、497路、901路
高桥大街,高桥大街,高桥大街,BV10665239,,高桥大街,113.224309,23.147090,广478路、广夜54路
高桥大街口,高桥大街口,高桥大街口,BV10665240,,高桥大街口,113.223244,23.145948,广478路、广夜54路
高沙,高沙,高沙,BV10775410,,高沙,113.689206,23.685615,从11路、从12路、从607路
高沙2队路口站,高沙2队路口,高沙2队路口站,BV11273572,,,113.426471,22.822291,南沙40路短线
高沙村委,高沙村委,高沙村委,BV10813012,,高沙村委,113.698878,23.686945,从11路、从12路、从607路
高沙村站(北),高沙村站(北),高沙村站(北),BV09012300,,,113.420143,22.827862,南沙40路短线
高沙村站(北),高沙村站(北),高沙村,BV09260931,,,113.420952,22.826745,南沙40路短线
高速公路口,高速公路口,高速公路口,BV10251514,,高速公路口,113.037229,22.986294,佛251路
高滩村,高滩村,高滩村,BV11633008,,,113.777465,23.549777,增城16路
高滩路口,高滩路口,高滩路口,BV11627809,,,113.775137,23.555099,增城16路
高坣,高坣,高坣,BV09395781,,高坣总站,113.736878,23.624477,从14路、从19路
高坣总站,高坣总,高坣总站,BV11216190,,高坣总站,113.736871,23.624395,从14路、从19路
高唐路,高唐路,高唐路,BV10019110,,高唐路,113.398779,23.174695,581路、776路、901A路、901路、B26路、夜68路
高唐路中,高唐路中,高唐路中,BV11605381,,高唐路中,113.397697,23.173524,497A路
高塘工业区,高塘工业区,高塘工业区,BV11688329,,高塘工业区,113.408598,23.193140,345A路、346路、491路、494路、497路、564路、83路、901路、夜100路
高塘石东,高塘石东,高塘石东站,BV11688331,,高塘石东,113.414668,23.193575,345A路、491路、494路、497路、564路、83路、901路、夜100路
高塘市场,高塘市场,高塘市场,BV11422844,,高塘市场,113.216114,23.274393,509路、523路、654路、843路、977路
高田村口,高田村口,高田村口,BV11633007,,高田村口,113.459886,23.323613,726路、827路
高田村委,高田村委,高田村委,BV11115181,,高田村委,113.539930,23.415645,从805路
高铁庆盛站,高铁庆盛,高铁庆盛站,BV09394481,,,113.485362,22.870883,南14路、南48路、南55路、南沙33路
高铁庆盛站,高铁庆盛,高铁庆盛站1,BV09410623,1,,113.485810,22.869324,南55路
高铁庆盛站总站,高铁庆盛站总,高铁庆盛站总站,BV10888875,,,113.486512,22.870404,番11路
高铁庆盛总站,高铁庆盛总,高铁庆盛总站,BV11627208,,,113.486501,22.870394,南48路
高新技术学校路口,高新技术学校路口,高新技术学校路口,BV11346508,,高新技术学校路口,113.222773,23.476246,花63路、花63路短线、花83B路
高新沙路口站,高新沙路口,高新沙路口站1,BV09100634,1,高新沙路口,113.418387,22.806870,南沙49路、南沙G3路
高新沙路口站,高新沙路口,高新沙路口1,BV09122466,1,,113.418201,22.807064,40路/南40路
高新沙路口站,高新沙路口,高新沙路口站,BV10014985,,高新沙路口,113.417472,22.807787,40路/南40路、南39路、南沙40路短线、南沙49路
高新沙桥北站(北),高新沙桥北站(北),高新沙桥北站(北),BV09012298,,,113.423852,22.815534,南沙40路短线
高新沙桥北站(南),高新沙桥北站(南),高新沙桥北站(南),BV09012296,,,113.424362,22.816220,南沙40路短线
高增村,高增村,高增村,BV11683719,,高增村,113.302316,23.350056,971路
高增大桥北,高增大桥北,高增大桥北站,BV09208608,,高增大桥北,113.298053,23.339900,971路、高速专线2路
高增一村(方华公路),高增一村(方华公路),高增一村,BV11487921,,高增一村（方华公路）,113.299117,23.361356,空港2路、空港2路公交短线
高增一村(方华公路),高增一村(方华公路),高增一村(方华公路),BV11568713,,高增一村（方华公路）,113.299016,23.360535,708路、夜106路、空港2路
革新路,革新路,革新路站,BV11317287,,革新路,113.249734,23.088887,303路、489路、967路、989路、995路
革新路口,革新路口,革新路口,BV09006413,2,革新路口,113.248744,23.099733,10路、16路、183路、188路、226路、236路、288路、487路、521路、75路、780路、9路、B21路、夜3路、夜45路、夜69路、夜79路、广123路、102路
革新路口,革新路口,革新路口1,BV09314790,1,革新路口①,113.248661,23.100255,188路、226路、236路、288路、31路、75路、9路、夜45路、夜69路、夜79路、夜7路、广123路、114路
革新路总站,革新路总,革新路总站,BV10014587,,革新路（光大花园）总站,113.250086,23.087542,243路、813路、963路、B21路、广123路
格木岗,格木岗,格木岗,BV11152734,,格木岗,113.658140,23.696398,从607路
格塘,格塘,格塘,BV11152941,,格塘,113.719206,23.723859,从603路、从608路
格塘村委总站,格塘村委总,格塘村委总站,BV11352973,,格塘村委,113.469971,23.481961,从806路
格塘二社,格塘二社,格塘二社,BV11352977,,格塘二社,113.474782,23.483479,从806路
格涌村,格涌村,格涌村,BV11480074,,格涌村,113.190850,23.030284,佛232路
隔岸,隔岸,隔岸,BV10256258,,,113.164835,23.125260,佛沥18路
隔山村,隔山村,隔山村,BV09225747,,,113.643967,23.361060,增城53路
隔塘大街,隔塘大街,隔塘大街,BV10017991,,隔塘大街,113.230789,23.134003,413路
根竹山,根竹山,根竹山,BV11447909,,根竹山,113.698029,23.620586,从14路、从19路
耕寮村,耕寮村,耕寮村,BV10561090,,耕寮村,113.687649,23.198267,增城40路
工贸学院,工贸学院,工贸学院,BV09181066,,工贸学院（西行）,113.686820,23.297141,增城2路、增城71路、科教城1路
工伤康复医院,工伤康复医院,工伤康复医院,BV11658741,,,113.288622,23.229198,鹤龙4线
工研院站,工研院,工研院站,BV09069117,,,113.596365,22.748298,九王庙临时接驳线外环
工研院总站,工研院总,工研院总站,BV11487488,,,113.596214,22.745973,南沙W2路
工业大道北,工业大道北,工业大道北,BV09031364,,,113.203580,22.917998,佛349路
工业大道口,工业大道口,工业大道口,BV10417947,,工业大道口,113.254571,23.093636,220路、489路、811路
工业大道中,工业大道中,工业大道中,BV10254093,,,113.202894,22.915374,佛349路
工业路,工业路,工业路,BV09316436,,工业路,113.363369,22.938003,番12路旅游专线、番13路、番165路、番5路、番5路长线
工业南路北,工业南路北,工业南路北,BV09177158,,,113.535486,23.594744,从1路西线
工业南路南,工业南路南,工业南路南,BV09177156,,,113.538326,23.584770,从1路西线
工业南路中,工业南路中,工业南路中,BV09177157,,,113.538303,23.589911,从1路西线
公安车管所,公安车管所,公安车管所,BV10894064,,公安车管所,113.753287,23.282957,增城11路、增城12路、增城13路、增城2路、增城49路、增城4路、增城81路
公安村,公安村,公安村站,BV10856386,,公安村,113.597231,23.208371,366路、增城31路、增城35路、增夜4路
公安基地,公安基地,公安基地,BV10942756,,公安基地,113.321193,22.914222,番7路
公安局,公安局,公安局,BV10442002,,,113.247319,22.827927,314路、佛314路
公路局,公路局,公路局,BV11406671,,公路局,113.826732,23.294529,增城10路、增城11路、增城12路、增城13路、增城14路、增城15路、增城18路、增城1路、增城47路、增城64路、增城79路、增城80路
公路局南城分局,公路局南城分局,公路局南城分局,BV10015076,,公路局南城分局,113.367368,22.959000,番2路、番33路、番51路
公汽公司,公汽公司,公汽公司,BV11362214,,公汽公司,113.826410,23.304479,增城2路、增城9路
公益市场,公益市场,公益市场,BV10812556,,公益市场,113.206808,23.406558,花76路、花7路
公用技师学院,公用技师学院,公用技师学院,BV09323259,,公用技师学院,113.649165,23.308734,增城71路、科教城2路
公用事业技校,公用事业技校,公用事业技校,BV10019231,,公用事业技校,113.342891,23.233929,246路、747路
公园路,公园路,公园路,BV09047426,,,113.220644,23.213261,425路
公园前,公园前,公园前,BV11688433,,公园前,113.260165,23.131014,215路、6路、7路、南沙K8路、夜21路、夜5路、广12路
供电大厦,供电大厦,供电大厦,BV10629690,,,112.891425,23.166208,655A线、655B路、655路
供电局,供电局,供电局1,BV09392864,1,,113.582529,23.548803,从1路东线、从3路、从8路
供电局,供电局,供电局,BV11492618,2,供电局②,113.582529,23.548803,从1路东线、从1路西线、从20路、从4路、从5路、从7路、从8路、从901路、从夜1路、从4路快线
共和路,共和路,共和路,BV11404623,,共和路,113.187769,23.129124,广789路
共和路口,共和路口,共和路口,BV10437703,,共和路口,113.185286,23.129483,653路、夜112路、广789路、广205路
共青路口,共青路口,共青路口,BV09123702,,共青路口,113.715817,23.705095,从606路
共星村委,共星村委,共星村委,BV11332849,,共星村委,113.528382,23.460282,从802路
共星村文化中心,共星村文化中心,共星村文化中心,BV11332850,,共星村文化中心,113.528557,23.458070,从802路
共星市场,共星市场,共星市场,BV11332856,,共星市场,113.512932,23.475743,从802路
勾镰村,勾镰村,勾镰村,BV10019771,,勾镰村,113.515752,22.917559,番148路、番155路
购书中心,购书中心#1,购书中心,BV10253221,,,113.250394,22.835960,314路、佛314路
购书中心,购书中心#2,购书中心,BV10016734,,,113.210734,23.390706,花75A路、花76路
菰坂塘,菰坂塘,菰坂塘,BV09246641,,菰坂塘,113.475372,23.271838,973路
菰板塘,菰板塘,菰板塘,BV09258273,,,113.475103,23.271712,973路
古东村尾,古东村尾,古东村尾,BV09301513,,,113.285000,22.918722,番68路
古东工业区,古东工业区,古东工业区,BV10387210,,古东工业区,113.286651,22.909136,番68路
古岗,古岗,古岗,BV10252407,,,113.075027,23.217623,佛244B路
古楼村,古楼村,古楼村站,BV11483607,,古楼村,113.237466,23.289441,706路、706路早间短线、713路
古梅北,古梅北,古梅北,BV10653322,,古梅北,113.568843,23.056415,广369路
古树大道路口,古树大道路口,古树大道路口,BV11412191,,,113.068464,23.445939,花39路短线
古树大道南,古树大道南,古树大道南,BV11666227,,古树大道南,113.051958,23.406444,花68路
古塘社,古塘社,古塘社,BV11359305,,古塘社,113.527701,23.570046,从9路
古田,古田,古田,BV10808757,,古田,113.876180,23.771468,从12路
古西村口,古西村口,古西村口,BV11394959,,古西村口,113.285323,22.922072,番68路
古西老人中心,古西老人中心,古西老人中心,BV09200222,,古西老人中心,113.285369,22.921960,番68路
谷围新村,谷围新村,谷围新村,BV10019973,,谷围新村,113.430307,23.036413,番52路、番61路、番62路、番77路
谷诒路,谷诒路,谷诒路,BV10021315,,,113.203614,23.170344,658A路、658B路
谷诒路口,谷诒路口,谷诒路口,BV11106163,,,113.204860,23.168930,658A路、658B路、金沙洲2号线
谷涌南,谷涌南,谷涌南,BV10262483,,谷涌南,113.685115,23.071824,莞75路
谷裕市场,谷裕市场,谷裕市场,BV11401483,,,113.335769,23.188636,京溪2线
故乡里,故乡里,故乡里,BV09414032,,故乡里,113.061168,23.488653,花39路短线
瓜岭村,瓜岭村,瓜岭村,BV10020945,,,113.656861,23.146444,增城20路
瓜岭村路口,瓜岭村路口,瓜岭村路口,BV11632897,,瓜岭村路口,113.648293,23.147556,增城20路、增城22路、增城22路/增22路
挂绿广场东,挂绿广场东,挂绿广场东,BV10020844,,挂绿广场东,113.829269,23.293451,增城17路、增城79路、增城80路、增城9路、增城9路快线
挂绿广场南,挂绿广场南,挂绿广场南,BV10020756,,挂绿广场南,113.828064,23.292023,增城3路、增城48路、增城5路
关村,关村,关村,BV11377448,,关村,113.719702,23.380546,增城41路
关帝岗,关帝岗,关帝岗,BV10023169,,关帝岗,113.300923,23.026100,番145路、番181路、番182路、番185路、番96路
观达路北,观达路北,观达路北站,BV11379028,,观达路北,113.537554,23.155298,347路、358路、391A路、439路、579路
观达路中,观达路中,观达路中站,BV09412247,,观达路中,113.537493,23.148832,323路、347路、349路、358路、391A路
观海路,观海路,观海路,BV11573564,,观海路,113.213735,23.046309,19路
观龙岛十七队,观龙岛十七队,观龙岛十七队,BV11403268,,观龙岛十七队,113.477222,22.904937,番28路
观龙岛总站,观龙岛总,观龙岛总站,BV10023335,,观龙岛总站,113.484647,22.907222,番28路
观龙桥脚,观龙桥脚,观龙桥脚,BV11395777,,,113.461581,22.911479,番28路
观绿桥,观绿桥,观绿桥站,BV11419913,,,113.296867,22.805739,312路
观园一号,观园一号,观园一号,BV11105990,,观园一号,113.788731,23.194115,增城10路、增城76路、增夜2路
官道村,官道村,官道村,BV10910368,,官道村,113.660834,23.167270,增城37路、增城44路
官地市场,官地市场,官地市场,BV10856480,,,113.024970,23.316864,乐平01B路
官地首末站,官地首末,官地首末站,BV11466620,,官地首末站,113.024282,23.316583,乐平01B路
官洞,官洞,官洞,BV11139998,,官洞,113.979087,23.783852,从503路
官海街口,官海街口,官海街口,BV10382343,,官海街口,113.284050,23.287894,427路、龙归3线
官湖村,官湖村,官湖村,BV10016082,,官湖村,113.626840,23.137087,增城37路、新塘万达1路
官湖地铁站,官湖地铁,官湖地铁站,BV11098099,,官湖地铁站,113.630542,23.140221,增城21路、增城37路、增夜6路
官湖地铁站B出口,官湖地铁站B出口,官湖地铁站B出口,BV09221953,,官湖地铁站B出口,113.631811,23.139611,增城21路
官湖桥头,官湖桥头,官湖桥头,BV10016081,,官湖桥头,113.632442,23.143626,增城21路、增城37路、增夜6路、新塘万达1路
官坑村,官坑村,官坑村,BV09362765,,官坑村,113.274332,23.011512,番145路、番185路
官禄布村,官禄布村,官禄布村,BV10435286,,官禄布村,113.163463,23.418789,花80路、花都113路
官派,官派,官派,BV10262694,,,113.630147,23.028037,莞609路
官派北,官派北,官派北,BV10262695,,,113.633030,23.030182,莞609路
官桥,官桥,官桥,BV10023066,,官桥,113.451412,22.982800,番128路、番62路
官桥牌坊,官桥牌坊,官桥牌坊,BV11220427,,,113.451407,22.982428,番62路
官桥新村,官桥新村,官桥新村,BV11257630,,官桥新村,113.447305,22.986657,番128路、番62路
官坦村站,官坦村,官坦村站,BV10018477,,,113.462218,22.890188,南50路、南52路
官堂东,官堂东,官堂东,BV11689287,,官堂东,113.348565,23.015126,302A路、公交地铁接驳专线8路、番17路、番17路长线、番30路、番52路、番53路、番56路
官堂万达,官堂万达,官堂万达(西行),BV09412392,,官堂万达,113.346568,23.015236,番52路
官堂万达,官堂万达,官堂万达(东行),BV09412394,,官堂万达,113.346642,23.014831,番52路
官堂万达,官堂万达,官堂万达,BV11689286,,官堂万达,113.346568,23.015236,302A路、公交地铁接驳专线8路、番17路、番17路长线、番30路、番52路、番53路、番56路、高峰快线42路
官塘村委,官塘村委,官塘村委,BV11265005,,官塘村委,113.612867,23.373977,增城11A路、增城54路、增城87路
官塘村总站,官塘村总,官塘村总站,BV11265006,,官塘村总站,113.610138,23.379264,增城11A路
官溪路口,官溪路口,官溪路口,BV09024426,,官溪路口,113.166430,23.394236,花21路、花21路夜班
官窑,官窑,官窑,BV10252637,,官窑（税局）,113.081678,23.227114,佛244路、佛252路
官窑车站,官窑车,官窑车站,BV10252180,,官窑车站,113.078389,23.224104,佛244B路、佛244路、佛252路
官涌村,官涌村,官涌村,BV11525009,,官涌村,113.451260,22.955968,番111路、番126路、番92路/番92路、番93路、番93路短线
官涌村(石清公路),官涌村(石清公路),官涌村(石清公路),BV11132586,,官涌村,113.496244,22.925579,番149路
官庄达塘,官庄达塘,官庄达塘,BV11399879,,官庄达塘,113.419019,23.671416,从407路
官庄路口,官庄路口,官庄路口,BV11359633,,官庄路口,113.409920,23.677764,从10路、从407路、从911路
莞香水果市场,莞香水果市场,莞香水果市场,BV11219601,,,113.758769,23.099617,莞G7路
灌村路口,灌村路口,灌村路口,BV11625941,,灌村路口,113.615076,23.562675,从13路、从19路密石班车、从化13路
灌村围,灌村围,灌村围,BV11064119,,灌村围,113.648169,23.580898,从13路、从19路密石班车、从906路、从化13路
灌村文化广场,灌村文化广场,灌村文化广场,BV11625940,,灌村文化广场,113.708895,23.582329,从13路、从701路、从化13路
灌村墟,灌村墟,灌村墟,BV11198736,,灌村墟,113.706762,23.583931,从13路、从701路、从化13路
灌村中学,灌村中学,灌村中学,BV11115207,,,113.683029,23.580395,从13路、从701路、从906路、从化13路
光宝路,光宝路,光宝路站,BV09355568,,光宝路,113.414008,23.164684,494路、B4A路
光宝路口,光宝路口,光宝路口,BV11467014,,光宝路口,113.415505,23.161197,448路、494路、496路、506路、B22路、B4A路、夜81路
光大花园,光大花园,光大花园,BV10015261,,光大花园,113.249546,23.089418,243路、303路、489路、813路、963路、967路、989路、995路、夜3路、夜7路
光导纤维厂,光导纤维厂,光导纤维厂,BV11415301,,光导纤维厂,113.601502,23.550263,从14路、从16路、从19路、从7路
光辉村,光辉村,光辉村,BV09236189,,光辉村,113.843015,23.307231,增城17路
光辉建材家具城东,光辉建材家具城东,光辉建材家具城东,BV11689663,,光辉建材家具城东,113.601545,23.128575,增城34路、增城38路
光明北路,光明北路,光明北路,BV10016805,,光明北路,113.356145,22.948576,番100路、番165路、番16路、番1路、番20B路、番27路、番30路、番67路旅游专线、番7路、番夜5路、番108路
光明车站,光明车,光明车站,BV10016271,,光明车站,113.822320,23.290605,增城16路、增城17路、增城1路、增城2路、增城3路、增城47路、增城64路、增城9路、增城9路快线
光明村,光明村,光明村,BV10389053,,光明村,113.410483,23.337501,827路
光明大窿路口,光明大窿路口,光明大窿路口,BV11182887,,光明大窿路口,113.419681,23.335006,827路
光明冯坎头,光明冯坎头,光明冯坎头,BV11175008,,光明冯坎头,113.404177,23.338847,827路
光明路,光明路,光明路,BV11630889,,光明路,113.828351,23.289120,增城6路
光明南路,光明南路,光明南路,BV10019886,,光明南路,113.356637,22.941669,番1路、番20B路、番22B路、番7路、番9路、番9路长线
光谱东路(新乐路口),光谱东路(新乐路口),光谱东路,BV10017537,,光谱东路,113.463586,23.158664,335路
光谱东路(新乐路口),光谱东路(新乐路口),光谱东路(新乐路口)站,BV11497597,,光谱东路（新乐路口）,113.461517,23.159101,944路
光谱西路,光谱西路,光谱西路,BV11467019,,光谱西路（省食品药品学校）,113.420539,23.161911,448路、494路、496路、506路、B22路、B4A路、夜81路
光谱西路(神舟路路口),光谱西路(神舟路路口),光谱西路(神舟路路口),BV11467032,,光谱西路（神舟路路口）,113.426039,23.162180,448路、494路、496路、506路、B22路、B4A路、夜81路
光谱西路中,光谱西路中,光谱西路中,BV11467035,,光谱西路中,113.422616,23.162064,448路、494路、496路、506路、B22路、B4A路、夜81路
光谱中路,光谱中路,光谱中路,BV10017534,,光谱中路,113.435869,23.162098,335路、494路、496路
光谱中路(创新路口),光谱中路(创新路口),光谱中路(创新路口),BV11467006,,光谱中路（创新路口）,113.448163,23.161096,326路、335路
光谱中路东,光谱中路东,光谱中路东,BV10017535,,光谱中路东,113.445057,23.161501,326路、335路
光塔路,光塔路,光塔路,BV10018606,,光塔路,113.253055,23.125542,58路
光塔路总站,光塔路总,光塔路总站,BV10022303,,光塔路总站,113.254805,23.125146,56路
光耀村,光耀村,光耀村,BV10014879,,光耀村,113.850288,23.353954,增城17路
广保大道北,广保大道北,广保大道北,BV10022079,,广保大道北,113.534218,23.075778,363路、516路、B28路、夜41路
广保大道南,广保大道南,广保大道南,BV10022080,,广保大道南（黄埔海关）,113.530776,23.071250,363路、516路、B28路、夜41路
广本厂,广本厂,广本厂,BV10015420,,广本厂,113.648031,23.170162,增城29路、增城34路、增城34路快线、增城36路、增城39路、增城64路、增城9A路/9A路快线、增城9路
广本研究公司,广本研究公司,广本研究公司,BV11415013,,广本研究公司,113.762916,23.230772,增城82路
广播电视台,广播电视台,广播电视台,BV11456558,,广播电视台,113.594242,23.554110,从20路、从21路长线、从4路、从5路、从5路长线、从夜1路、从夜3路、从4路快线
广场西路,广场西路,广场西路站,BV11691195,,广场西路,113.377490,22.937975,301路、南沙70路、番140路、番141路、番147路、番160路、番19路、番1路、番29路、番4路、番68路、番6路、番93路、番97路、番99路、番微公交3路、番93路短线
广陈路,广陈路,广陈路,BV10018915,,广陈路,113.406145,23.381876,655路、726路
广成铝业,广成铝业,广成铝业,BV10254351,,,112.923025,23.294453,655A线、655B路、655路
广晟海韵兰亭,广晟海韵兰亭,广晟海韵兰亭,BV09170507,,,113.541353,22.809280,南沙20路、南沙31路A线、南沙31路B线
广船,广船,广船站,BV10800468,,广船,113.248222,23.069111,121路、312路、417路、445路环线、52路、64路、769路/769路快线、995路、夜42路、夜79路、广277路、79路
广从路(均禾大道口),广从路(均禾大道口),广从路(均禾大道口),BV10783363,,广从路（均禾大道口）,113.308865,23.247283,529路、563路、656路、76A路、799路、833路、984路、夜76路
广从路(夏良村口),广从路(夏良村口),广从路(夏良村口),BV10387123,,广从路（夏良村口）,113.322922,23.280676,529路、563路、751路、833路、夜76路、夜86路
广从七路,广从七路,广从七路,BV09306800,,广从七路,113.389244,23.372863,650路、655路、979路
广从一路(荟贤路口),广从一路(荟贤路口),广从一路(荟贤路口),BV09062348,,广从一路（荟贤路口）,113.303854,23.239300,529路、563路、656路、663路、665路、66路、76A路、799路、803路、833路、924路、984路、夜62路、夜76路
广大,广大,广大,BV10322974,,广大,113.367688,23.046632,35路、383路、801路、997路、B25路、夜128路、夜50路、大学城专线3路、大学城环线1路、番202路旅游专线
广大附小,广大附小,广大附小,BV10420907,,广大附小,113.379314,23.057417,361路、387路、大学城环线2路
广大附中,广大附中,广大附中,BV11440425,,广大附中,113.381521,23.049781,384路/384路旅游专线、387路、86路
广大附中南沙实验学校站,广大附中南沙实验学校,广大附中南沙实验学校站,BV11503363,,广大附中南沙实验学校,113.485915,22.787266,南沙32路
广大公寓,广大公寓,广大公寓,BV10322977,,广大公寓,113.371852,23.041812,35路、383路、801路、997路、B25路、夜128路、夜50路、大学城专线1路、大学城专线3路、大学城专线4路、大学城环线1路、番202路旅游专线
广大黄埔研究院正门,广大黄埔研究院正门,广大黄埔研究院正门,BV09329620,,,113.568704,23.309316,新龙镇-03线
广大生活区,广大生活区,广大生活区,BV10016004,,广大生活区,113.366562,23.043175,35路、383路、801路、997路、B25路、夜128路、夜50路、大学城专线1路、大学城专线3路、大学城专线4路、大学城环线1路、番202路旅游专线
广大正门,广大正门,广大正门,BV10327011,,,113.366089,23.039540,35路
广氮花园,广氮花园,广氮花园站,BV11609229,,广氮花园,113.389705,23.140364,408A路、40路
广氮花园南,广氮花园南,广氮花园南站,BV11118502,,广氮花园南,113.390143,23.138434,408A路、408路、40路、432A路、764路、夜43路、B14路
广地花园站,广地花园,广地花园站,BV09272795,,广地花园,113.330932,23.024733,番163B路、番190路
广东白云学院(钟落潭校区),广东白云学院(钟落潭校区),广东白云学院(钟落潭校区),BV11333207,,广东白云学院（钟落潭校区）,113.478752,23.411212,650路、826路
广东兵工总厂中共支部史迹展,广东兵工总厂中共支部史迹展,广东兵工总厂中共支部史迹展,BV09162718,,,113.234613,23.210983,云山红色研学巴士1号线
广东财经大学北门,广东财经大学北门,广东财经大学北门,BV11553740,,广东财经大学北门,113.350684,23.097511,467路
广东大厦,广东大厦,广东大厦1,BV09205705,1,广东大厦①,113.261582,23.133963,133路、209路、229路、297路、74路、80路、B3路、B4路、广276路
广东大厦,广东大厦,广东大厦,BV10016774,2,广东大厦②,113.262559,23.133903,204路、261路、284路、293路、2路、518路、56路、62路、夜18路、夜19路、夜38路、夜5路
广东电视台,广东电视台,广东电视台1,BV09226122,1,广东电视台①,113.276894,23.140712,10路、189路、191路、220路、233路、63路、6路、810路、夜105路
广东电视台,广东电视台,广东电视台2,BV09394368,2,广东电视台②,113.277186,23.140594,125路、225路、482路、545路、886路、B2路、夜14路、夜15路、夜25路、夜41路、夜4路、夜56路、夜5路、夜77路、夜89路
广东电视台,广东电视台,广东电视台,BV11009136,1,广东电视台1,113.276978,23.140674,189路、191路、220路、6路、810路、833路、夜77路、夜89路
广东电子信息中心,广东电子信息中心,广东电子信息中心站,BV11420061,,广东电子信息中心,113.593357,22.743734,九王庙临时接驳线内环、九王庙临时接驳线外环、南沙W2路
广东工大,广东工大(地铁区庄站),广东工大(地铁区庄站)站1,BV09048110,1,广东工大（地铁区庄站）1,113.293196,23.137254,夜89路
广东工大,广东工大(地铁区庄站),广东工大1,BV09130295,1,广东工大（地铁区庄站）①,113.293009,23.137008,133路、夜77路
广东工大,广东工大(地铁区庄站),广东工大(地铁区庄站)2,BV09348370,2,广东工大（地铁区庄站）②,113.294610,23.137017,245路、886路、夜14路、夜19路、夜77路
广东工大,广东工大(地铁区庄站),广东工大站,BV11688452,1,广东工大（地铁区庄站）1,113.293280,23.137014,133路、191路、209路、221路、233路、245路、280路、301A路、30路、545路、810路、886路、B2A路、B2路、B3路、夜105路、夜14路、夜19路、夜25路、夜41路、夜56路、夜88路、夜89路、大学城专线4路、广高峰快线30路
广东工贸职业技术学院,广东工贸职业技术学院,广东工贸职业技术学院,BV11388327,,广东工贸职业技术学院,113.451780,23.406494,650路、714路、725路、738路、从5路长线、从805路、夜116路
广东工业设计城,广东工业设计城,广东工业设计城,BV10254081,,,113.200184,22.907975,佛349路
广东国防教育基地,广东国防教育基地,广东国防教育基地,BV09237932,,广东国防教育基地,113.420393,23.155660,科学城3号交通专线/K3路、高峰快线32路、320路
广东国防教育基地总站,广东国防教育基地总,广东国防教育基地总站,BV10976452,,广东国防教育基地总站,113.424492,23.155463,科学城3号交通专线/K3路、高峰快线32路
广东华侨中学(金沙洲校区),广东华侨中学(金沙洲校区),广东华侨中学(金沙洲校区),BV10442990,,广东华侨中学（金沙洲校区）,113.202088,23.166871,429路循环线、658A路、658B路、广746路
广东机电技术学院,广东机电技术学院,广东机电技术学院,BV10021290,,广东机电技术学院,113.438793,23.383182,738路、979路、夜118路
广东机电职业技术学院北门,广东机电职业技术学院北门,广东机电职业技术学院北门,BV11203461,,广东机电职业技术学院北门,113.439509,23.391949,650路、714路、725路、738路、夜116路
广东警官学院,广东警官学院,广东警官学院,BV10021239,,广东警官学院,113.298551,23.253159,663路
广东培正学院,广东培正学院,广东培正学院,BV11602522,,广东培正学院,113.087636,23.412220,花2B路、花2路、花88路
广东培正学院总站,广东培正学院总,广东培正学院总站,BV11694312,,广东培正学院总站,113.087751,23.411655,713路
广东青年职业学院总站,广东青年职业学院总,广东青年职业学院总站,BV10021294,,广东青年职业学院总站,113.419431,23.371303,655路
广东轻工职业技术大学(南海),广东轻工职业技术大学(南海),广东轻工职业技术大学(南海),BV09372500,,,113.025910,23.159191,佛275路
广东轻工职业技术学院(南海),广东轻工职业技术学院(南海),广东轻工职业技术学院(南海),BV09005574,,,113.024860,23.160695,佛275路
广东软件园,广东软件园,广东软件园站,BV11688328,,广东软件园,113.431868,23.166079,345路、364路、371路、396路、448路、506路、581路、945路、B22路、B4A路、夜81路
广东省环保技工学校,广东省环保技工学校,广东省环保技工学校,BV11118947,,广东省环保技工学校,113.841595,23.272823,增城4路、增城64路
广东省机械技师学院总站,广东省机械技师学院总,广东省机械技师学院总站,BV11620475,,广东省机械技师学院总站,113.243151,23.277933,796路
广东省中医院南沙医院站,广东省中医院南沙医院,广东省中医院南沙医院站,BV09302151,,广东省中医院南沙医院,113.532056,22.711936,南10路、南沙G1路、南沙G2路
广东顺德文德学校,广东顺德文德学校,广东顺德文德学校,BV09227917,,,113.263445,22.855668,314路
广东顺德文德学校,广东顺德文德学校,顺德一中实验学校,BV10253902,,,113.263445,22.855668,314路、佛314路
广东体育职业学院,广东体育职业学院,广东体育职业学院,BV10018189,2,广东体育职业学院,113.408032,23.146111,448路、490路、508路、548路、573路、320路
广东外贸学校,广东外贸学校,广东外贸学校1,BV09400828,1,广东外贸学校,113.364896,23.203002,夜10路
广东外贸学校,广东外贸学校,广东外贸学校,BV10014439,,广东外贸学校,113.364765,23.203434,39路、497A路、775路、84路、夜10路
广东文艺职业学院,广东文艺职业学院,广东文艺职业学院,BV10023373,,广东文艺职业学院,113.340509,22.973440,番150B路、番86路高峰直达短线
广东行政学院,广东行政学院,广东行政学院,BV11147687,,,113.182161,23.400891,花31B路、花68路、花68路短线、花70路、花70路短线、花80路
广东行政职业学院,广东行政职业学院,广东行政职业学院,BV09205522,,广东行政职业学院,113.184113,23.401033,713路、花22路、花2路、花31B路、花68路、花68路白坭班车、花68路短线、花都113路
广东药学院,广东药学院,广东药学院,BV11688519,2,广东药学院②,113.260305,23.101781,121A路、188路、236路、243路、285路、5路、811路、91路、B5路、夜69路、113路
广东药学院总站,广东药学院总,广东药学院总站,BV10019625,,,113.260516,23.101845,大学城专线3路
广东粤剧学校,广东粤剧学校,广东粤剧学校,BV11329604,,,113.054964,23.103433,佛200路
广东仲元中学附属学校总站,广东仲元中学附属学校总,广东仲元中学附属学校总站,BV11620691,,广东仲元中学附属学校总站,113.280968,23.052173,番188路
广发行,广发行,广发行,BV10020759,,广发行,113.820796,23.291018,增城14路、增城17路、增城1路、增城3路、增城64路
广佛路东,广佛路东,广佛路东,BV11688745,,广佛路东,113.195931,23.118561,佛200路、佛236路、佛250路、佛251路、佛263路、佛263路短线、佛277路、佛279路、佛沥12高峰线、广123路、广132路、广260路、广277路、广281路、广286路、广969路、广夜58路、广夜67路、沥12B路、沥12路
广佛路口(滘口客运站),广佛路口(滘口客运站),广佛路口,BV09006180,2,广佛路口（滘口客运站）,113.203313,23.118243,佛200路、佛279路、佛沥12高峰线、夜27路、广123路、广132路、广260路、广277路、广281路、广286路、广969路、广夜67路、沥12B路、沥12路
广佛路口(滘口客运站),广佛路口(滘口客运站),广佛路口2,BV09376899,2,广佛路口（滘口客运站）②,113.202318,23.118870,广夜58路
广佛路口(滘口客运站),广佛路口(滘口客运站),广佛路口(滘口客运站)2,BV11303951,2,,113.202318,23.118870,沥12B路
广佛钟边路口,广佛钟边路口,广佛钟边路口,BV10256179,,广佛钟边路口,113.102425,23.098849,佛200路
广附实验中学,广附实验中学,广附实验中学,BV11104674,,,113.198428,23.165563,429路循环线、658A路
广钢新城(崇文二路)总站,广钢新城(崇文二路)总,广钢新城(崇文二路)总站,CL100015,,广钢新城（崇文二路）总站,113.240456,23.075206,102路
广钢新城(荔勤南路)总站,广钢新城(荔勤南路)总,广钢新城(荔勤南路)总站,BV09160563,,广钢新城（荔勤南路）总站,113.238003,23.065810,87路
广工,广工,广工,BV11319321,,广工,113.389821,23.043561,997路、夜128路、夜50路、大学城专线1路、大学城专线2路、大学城专线3路、大学城专线4路、大学城环线1路、番202路旅游专线
广工一路站,广工一路,广工一路站,BV11599199,,广工一路,113.394425,23.042515,332路、384路/384路旅游专线
广工一路北,广工一路北,广工一路北,BV11068421,,广工一路北,113.390172,23.046646,387路、86路、大学城专线4路
广工一路南站,广工一路南,广工一路南站,BV11599201,,广工一路南,113.395904,23.041051,332路、384路/384路旅游专线
广工正门,广工正门,广工正门,BV10551525,,广工正门,113.394758,23.036568,384路/384路旅游专线、997路、夜128路
广虎站,广虎,广虎站,BV10016045,,广虎站,113.605385,23.119511,214路、571路、增城22路、增城22路/增22路、增城23路、增城25路、增城26路、增城37路、增城38路、增城9路
广花五路口,广花五路口,广花五路口,BV09358986,,,113.221745,23.339368,702路
广花五路路口,广花五路路口,广花五路路口,BV11689613,,广花五路路口,113.221745,23.339368,702路、706路、706路早间短线、707路、712路、713路、夜87路、703路
广花五路中,广花五路中,广花五路中,BV09322862,,广花五路中,113.221170,23.348765,702路
广花一路(夏花一路口),广花一路(夏花一路口),广花一路(夏花一路口),BV09066028,2,广花一路（夏花一路口）,113.256307,23.228927,21路、522路、523A路、523路、58A路、706路、706路早间短线、807路、831路、840路、970路、984路、夜80路、夜85路、夜87路、夜94路
广花一路(夏花一路口),广花一路(夏花一路口),广花一路(夏花一路口)1号分站,BV09387798,,,113.256247,23.230410,984路、259路
广花一路(夏花一路口)总站,广花一路(夏花一路口)总,广花一路(夏花一路口)总站,BV09070830,,,113.255994,23.229335,830路
广惠高速路口,广惠高速路口,广惠高速路口,BV11102411,,广惠高速路口,113.591801,23.167272,379路、516路、571A路、增城23路、增城32路内环、增城32路外环、增城35路、增城38路、增城43路、增夜4路
广惠高速仙村出口,广惠高速仙村出口,广惠高速仙村出口,BV09026393,,广惠高速仙村出口,113.722160,23.202327,增城34路快线、增城64路、增城65路、增城9A路/9A路快线、增城9路
广交会展馆,广交会展馆,广交会展馆,BV10018614,,广交会展馆,113.355820,23.101389,229路、239路、262路、304路、582路、B7路快线、夜101路、夜20路、夜66路、夜70路、大学城专线3路、582路班车、旅游公交3线
广岭,广岭,广岭,BV11690800,,广岭,113.259840,23.378390,711路、夜129路、花1路
广龙路(广从公路口),广龙路(广从公路口),广龙路(广从公路口),BV09301945,,广龙路（广从公路口）,113.391402,23.376833,709路、714路、716路、725路、夜116路
广龙路(广从公路口),广龙路(广从公路口),广龙路,BV11285650,,广龙路,113.391184,23.379071,734路
广龙路(龙大庄),广龙路(龙大庄),广龙路(龙大庄),BV11269592,,广龙路（龙大庄）,113.385692,23.391255,734路
广龙路(钟落潭村),广龙路(钟落潭村),广龙路(钟落潭村),BV11269585,,广龙路（钟落潭村）,113.387926,23.385795,734路
广隆站,广隆,广隆站,BV10015859,,广隆,113.543418,22.783356,南1路B、南夜4路、南沙18路、南沙49路、南沙4路、番141路
广隆路口站,广隆路口,广隆路口站,BV10024106,,广隆路口,113.530421,22.778753,南61路、南沙13路、南沙54路
广美生活区,广美生活区,广美生活区,BV10322981,,广美生活区,113.377036,23.041403,801路、997路、B25路、夜128路、夜50路、大学城专线1路、大学城专线3路、大学城专线4路、番202路旅游专线
广纳院总站,广纳院总,广纳院总站,BV09386240,,,113.439684,23.119761,B30路
广汽乘用车,广汽乘用车,广汽乘用车,BV10558748,,广汽乘用车,113.490944,23.042129,番61路
广汽传祺东二门,广汽传祺东二门,广汽传祺东二门,BV10558743,,广汽传祺东二门,113.491484,23.048064,番61路
广汽传祺东五门,广汽传祺东五门,广汽传祺东五门,BV10558749,,广汽传祺东五门总站,113.484406,23.054585,番61路
广汽荻原基地,广汽荻原基地,广汽荻原基地,BV11018449,,广汽荻原基地,113.486290,23.028772,番31路、番77路
广汽日野站,广汽日野,广汽日野站,BV11491322,,广汽日野,113.523008,23.608460,从401路
广汽研究院,广汽研究院,广汽研究院,BV11635608,,广汽研究院,113.490487,23.041551,番61路
广清城际乐同站,广清城际乐同,广清城际乐同站,BV11466203,,广清城际乐同站,113.168704,23.426794,花21路
广清城际狮岭站,广清城际狮岭,广清城际狮岭站,BV11463291,,广清城际狮岭站,113.142285,23.456887,花23路、花89路
广仁路总站,广仁路总,广仁路总站,BV10018482,2,广仁路总站②,113.262442,23.130623,264路、B4路、南沙K8路
广日电梯,广日电梯,广日电梯,BV11612998,,,113.287509,23.016376,番145路、番夜2路
广榕路站,广榕路,广榕路站,BV09334661,,广榕路,113.324521,23.262010,984路
广汕二路,广汕二路,广汕二路,BV11688327,,广汕二路,113.418647,23.193593,345A路、491路、494路、497路、564路、83路、901路、夜100路
广汕公路(邓屋路口),广汕公路(邓屋路口),广汕公路(邓屋路口),BV09269457,,广汕公路（邓屋路口）,113.524691,23.263259,345路
广汕路(科景路口),广汕路(科景路口),广汕路(科景路口),BV09066404,,广汕路（科景路口）,113.443339,23.192404,325路、345A路、345路、396路、83路、946路、夜60路、夜68路、夜81路、333路
广汕路口(邓屋路口),广汕路口(邓屋路口),广汕路口(邓屋路口),BV09271781,,,113.524841,23.263193,345路
广汕路(科景路口)总站,广汕路总站(科景路口),广汕路(科景路口)总站,BV09070817,,广汕路（科景路口）,113.445441,23.194119,325路、83路、夜68路、夜81路
广汕路(科景路口)总站,广汕路总站(科景路口),广汕路总站(科景路口),BV09074106,,广汕路（科景路口）总站,113.445441,23.194119,83路、946路、夜81路
广汕一路,广汕一路,广汕一路,BV11688562,,广汕一路,113.377391,23.194051,494路、564路、83路、84A路、夜100路、夜71路
广汕一路东,广汕一路东,广汕一路东站,BV11573879,,广汕一路东,113.394936,23.195529,345A路、491路、494路、497A路、497路、564路、83路、夜100路
广汕一路总站(林机街),广汕一路总站(林机街),广汕一路总站(林机街),BV09042300,,广汕一路,113.366134,23.190679,494路
广生路站,广生路,广生路站,BV10634779,,,113.547690,22.774861,南61路
广生路口站,广生路口,广生路口站,BV10016464,,广生路口,113.541486,22.770422,南27路、南61路、南夜4路、南沙13路、南沙54路
广师大,广师大,广师大,BV09397675,,广师大,113.366449,23.131858,B1路、B20路、B2路、B3路、B4A路、夜17路、夜19路、夜25路、夜34路、夜36路、夜38路、夜41路、夜43路、夜48路、夜68路、夜9路
广师大,广师大,广师大站,BV09397777,,广师大,113.366434,23.131494,B16路、B17路、B21路、B3路、B4路、B5路、B8路、夜17路、夜19路、夜25路、夜34路、夜36路、夜38路、夜41路、夜43路、夜48路、夜68路、夜9路
广师大,广师大,BRT广师大站,BV09403156,,,113.366164,23.132026,B12路、B17路、B20路、B25路、B2A路、B3路、B4路、B14路
广师大,广师大,BRT广师大站,BV09403159,,,113.367313,23.131235,B12路、B16路、B1路、B2A路、B2路、B4A路、B8路
广视宾馆,广视宾馆,广视宾馆,BV10021618,,广视宾馆,113.275257,23.142616,297路、482路、63路、旅游公交1线、110路、109路
广塘,广塘,广塘,BV11690802,,广塘,113.261190,23.374945,711路、夜129路、花1路、704路
广铁一中,广铁一中,广铁一中,BV10019759,,,113.483568,22.950669,番111路、番93路、番夜4路
广铁一中天峰中学,广铁一中天峰中学,广铁一中天峰中学站,BV11507782,,广铁一中天峰中学,113.489154,22.948914,番151路、番162B路、番162B路高峰快线、番夜4路
广铁一中亚运城小学,广铁一中亚运城小学,广铁一中亚运城小学,BV11507780,,,113.483896,22.949652,番151路
广外(白云山西门),广外(白云山西门)#1,广外(白云山西门)2,BV09091928,2,广外（白云山西门）②,113.281565,23.201514,223路、38路、529路、660路环线、76路、864路
广外(白云山西门),广外(白云山西门)#1,广外(白云山西门)1,BV09176205,1,广外（白云山西门）①,113.281819,23.201584,265路、706路、76A路、76路、864路、B18路、B18路快线、夜9路
广外(白云山西门),广外(白云山西门)#1,广外,BV11088402,2,广外（白云山西门）②,113.281565,23.201514,223路、245路、265路、38路、529路、660路环线、66路、706路、76A路、B18路、B18路快线、夜122路、大学城专线1路、广424路
广外(白云山西门),广外(白云山西门)#2,广外,BV11688375,,广外,113.392864,23.063890,夜50路、夜65路、大学城专线1路、大学城专线3路、大学城环线1路、番201路、番202路旅游专线
广外北门,广外北门,广外北门,BV10389126,,广外北门,113.284914,23.207813,798路
广外附设外语学校,广外附设外语学校,广外附设外语学校,BV11688460,,广外附设外语学校,113.251285,23.248234,21路、522路、706路、706路早间短线、807路、840路、夜80路、夜94路
广外南国商学院,广外南国商学院,广外南国商学院站2分站,BV09314902,,,113.373954,23.338053,979路
广外南国商学院,广外南国商学院,广外南国商学院,BV11621037,1,广外南国商学院①,113.374798,23.337899,827路
广外南路口站,广外南路口,广外南路口站,BV10795607,,,113.283717,23.201362,660路环线
广外正门,广外正门,广外正门站,BV09229654,,广外正门,113.394795,23.068394,361路
广外总站,广外总,广外总站,BV10795608,,,113.288247,23.199771,660路环线、大学城专线1路
广卫路总站,广卫路总,广卫路总站4,BV09174824,4,广卫路总站④,113.260739,23.130034,夜38路
广卫路总站,广卫路总,广卫路总站,BV10013719,1,广卫路总站①,113.260448,23.130014,14路、193路、217路、265路、27路、293路、528路、64路、833路、夜56路、夜72路、广281路、广286路、广夜67路
广物汽车城,广物汽车城,广物汽车城,BV11354133,,广物汽车城,113.164280,23.171204,里17路
广新路,广新路,广新路,BV10014597,,广新路,113.468987,23.099236,434路、B30路、夜73路
广新路(马洞龙马路口),广新路(马洞龙马路口),广新路(马洞龙马路口),BV11469404,,广新路（马洞龙马路口）,113.452767,23.363518,738路、979路、夜118路
广新路(石化路口),广新路(石化路口),广新路(石化路口),BV10942232,,广新路（石化路口）,113.460660,23.102616,377路、434路
广新路口,广新路口,广新路口,BV10942231,,广新路口（地铁大沙东站）,113.452465,23.108579,434路
广新路中,广新路中,广新路中,BV10942230,,广新路中,113.456251,23.105011,434路
广信中学,广信中学,广信中学,BV09184301,,,113.265658,23.246266,251路、978路、夜63路
广雅路,广雅路,广雅路,BV11290711,,广雅路,113.237559,23.140723,486路
广雅中学花都校区北门,广雅中学花都校区北门,广雅中学花都校区北门,BV09405701,,,113.226668,23.371722,花106路
广药路,广药路,广药路,BV10946156,,,113.400853,23.058497,86路、大学城专线2路
广药生活区,广药生活区,广药生活区,BV10022004,,广药生活区,113.390903,23.056206,383路
广医,广医,广医2,BV09186856,2,广医②,113.250313,23.135183,133路、186路、204路、215路、229路、253路、256路、261路、297路、29路、2路、31路、555路、556路、62路、80路、夜18路、夜19路、夜21路、夜26路、夜7路、广12路、广276路、105路
广医,广医,广医3,BV11167722,3,广医③,113.249752,23.135364,133路、181路、204路、251路、261路、297路、29路、2路、305路、38路、518路、823路、B3路、广283路、广283路班车、广高峰快线30路
广医,广医,广医,BV11688391,2,广医②,113.250313,23.135183,229路、253路、268路、305路、31路、62路、B3路、夜95路、广12路、广276路、广283路、广283路班车、广高峰快线30路、109路、105路
广医大(番禺校区),广医大(番禺校区),广医大(番禺校区),BV10388840,,广医大（番禺校区）,113.423120,23.042981,番51路、番53路、番60路
广医二院,广医二院,广医二院(西行),BV09355451,2,广医二院②,113.275016,23.095209,188路
广医二院,广医二院,广医二院(停东行),BV09374184,1,广医二院①,113.274583,23.094928,188路
广医二院,广医二院,广医二院,BV11688346,2,广医二院2,113.274657,23.094956,190路、206路、221路、226路、250路、253路、270路、273路、53路、546路、69路、70路、812路、813路、82路、B9路、夜23路、夜29路、夜33路、夜37路、夜44路、夜45路、夜93路、大学城专线3路
广医二院(番禺院区)南门,广医二院南门(番禺院区),广医二院南门(番禺院区),BV11168024,,广医二院南门（番禺院区）,113.483477,22.944661,番111路、番149路
广医二院(番禺院区)南门,广医二院南门(番禺院区),广医二院(番禺院区)南门,BV11483408,,广医二院南门（番禺院区）,113.484190,22.946962,番111路、番162B路、番93路
广医二院总站(番禺院区),广医二院总站(番禺院区),广医二院总站(番禺院区),BV11500344,,,113.482688,22.944823,番微公交8线
广医妇儿医院西门,广医妇儿医院西门,广医妇儿医院西门,BV09320577,,,113.485812,23.209573,328路、328路支线
广医附属中医院总站,广医附属中医院总,广医附属中医院总站,BV09234562,,广医附属中医院总站,113.383369,23.143200,408A路、40路
广医一院总站(靖海路),广医一院总站(靖海路),广医一院总站(靖海路),BV10015709,,广医一院（靖海路）总站,113.256470,23.114977,58路
广裕祠东门,广裕祠东门,广裕祠东门,BV11595178,,广裕祠东门,113.540010,23.434818,从804路
广园客运站,广园客运,广园客运站2号分站,BV09311738,,,113.265570,23.160938,481路环线
广园客运站,广园客运,广园客运站,BV10013626,2,广园客运站②,113.266630,23.160910,179路、181路、189路、199路、210路、24路、257路、265路、273路、298路、32路、36路、38路、46路、481路环线、540路、63路、夜35路、高峰快线21路、高峰快线80路
广园路(科韵路口),广园路(科韵路口),广园路(科韵路口)站,BV11118500,,广园路（科韵路口）,113.378521,23.138828,408路、764路、772路、夜43路
广园天寿路口东,广园天寿路口东,广园天寿路口东,BV11688557,,广园天寿路口东,113.333513,23.149506,210路、214路、266路、363路、503路、508路、776路、813路、B18路、B18路快线、B19路、大学城专线1路、大学城专线2路、高峰快线24路
广园西路,广园西路,广园西路,BV10017170,,广园西路,113.253240,23.163657,179路、198路、278路、46路、470路、540路、夜105路
广园新村,广园新村,广园新村,BV11088410,,,113.262249,23.161381,189路、199路、546路
广园新村总站,广园新村总,广园新村总站,BV10017947,,广园新村总站,113.264347,23.164800,186路、284路、夜40路
广园中路,广园中路,广园中路,BV10013627,2,广园中路②,113.271658,23.161843,179路、181路、189路、199路、210路、24路、257路、265路、273路、298路、32路、36路、38路、46路、540路、63路、76路、夜35路、大学城专线1路、高峰快线21路
广源铝业,广源铝业,广源铝业,BV10389125,,,112.923935,23.284877,655A线、655B路、655路
广运车站,广运车,广运车站,BV10499096,,广运车站,113.832086,23.295412,增城13路、增城15路
广纸路,广纸路,广纸路,BV10021795,,广纸路,113.265253,23.077437,220路、230路、29路、31路、469路、544路、963路、夜24路、夜7路
广中码头,广中码头,广中码头,BV11688526,,广中码头,113.243998,23.082649,181路、19路、52路、64路、夜11路、夜72路、广275路、102路
广中医广药,广中医广药,广中医广药,BV10014616,,广中医广药,113.398486,23.059308,夜50路、大学城专线1路、大学城专线3路、大学城环线1路、番201路、番202路旅游专线
广中医路,广中医路,广中医路,BV10338269,,广中医路,113.394397,23.059737,383路
广中医路路口,广中医路路口,广中医路路口,BV10327024,,广中医路路口,113.396980,23.063348,383路、夜65路
广州白云站东广场,广州白云站东广场,广州白云站东广场站,BV09226497,,,113.244130,23.197859,421路、510路、523路、662路、807A路、925路、夜75路
广州白云站东广场总站,广州白云站东广场总,广州白云站东广场总站,BV09268985,,广州白云站东广场总站,113.244089,23.193209,705路
广州白云站公交总站,广州白云站公交总,广州白云站公交总站,BV09224761,,广州白云站公交总站,113.238862,23.196101,421路、510路、523路、527路、662路、807A路、839路、840路、925路、夜22路、夜75路、夜77路、夜94路
广州白云站西广场,广州白云站西广场,广州白云站西广场,BV09225302,,广州白云站西广场,113.236594,23.193255,527路、539路、63路、7路、夜77路、夜80路、夜94路、259路
广州北站(秀全大道),广州北站(秀全大道),广州北站,BV10939053,,广州北站,113.199609,23.380871,702路、花10路、花17路联民村、花19路、花6路、花81路、花84路、花86路
广州北站(秀全大道),广州北站(秀全大道),广州北站(秀全大道),BV11539721,,广州北站（秀全大道）总站,113.201008,23.379436,705路、706路、夜87路、花106路、花10路、花17路联民村、花62路、花6路、花73路、花80路、花81路、花84路、花86路、花8路
广州北站西广场,广州北站西广场,广州北站西广场,BV11634410,,广州北站西广场总站,113.194777,23.379882,花1路、花23路、花31B路、花6路、花7路
广州北站总站(秀全大道),广州北站总站(秀全大道),广州北站总站,BV10014464,,,113.199565,23.380337,花80路、花85路
广州北站总站(秀全大道),广州北站总站(秀全大道),广州北站总站(秀全大道),BV11662637,,广州北站（秀全大道）总站,113.201008,23.379436,706路
广州本田公司,广州本田公司,广州本田公司站,BV10714278,,广州本田公司,113.443102,23.122479,210路、214路、326路、347路、363路、B29路、高峰快线24路
广州碧桂园,广州碧桂园,广州碧桂园站,BV11688559,,广州碧桂园,113.286048,23.033411,211路、310路、310路高峰短线、311路、769路/769路快线、公交地铁接驳专线4路、夜133路
广州碧桂园总站,广州碧桂园总,广州碧桂园总站,BV10015046,,广州碧桂园总站,113.285980,23.032846,305路、番53路、番57路
广州城电狮岭充电站总站,广州城电狮岭充电站总,广州城电狮岭充电站总站,BV09400273,,广州城电狮岭充电站总站,113.159455,23.451758,715路、夜92路
广州城建校,广州城建校,广州城建校,BV09181069,,广州城建校,113.651608,23.301234,370路、增城71路、科教城2路
广州城市理工学院,广州城市理工学院,广州城市理工学院,BV11552462,,广州城市理工学院总站,113.168937,23.430769,19路直达快线、712路、花10路、花30路、花76路、花7路
广州城职院,广州城职院,广州城职院,BV09184473,,广州城职院,113.650664,23.302506,370路、增城71路、科教城2路
广州船坞总站,广州船坞总,广州船坞总站,BV10387771,,广州船坞总站,113.657992,22.678274,南1路B、南21路、南沙21路支线、南沙62路、南沙62路短线、南沙1路
广州大道北总站,广州大道北总,广州大道北总站,BV10837241,,广州大道北（南湖山庄）总站,113.332443,23.220794,560路、882路快线
广州大道南(叠景路口),广州大道南(叠景路口),广州大道南(叠景路口),BV09181701,1,广州大道南（叠景路口）①,113.310698,23.087268,高峰快线35路
广州大道南(叠景路口),广州大道南(叠景路口),广州大道南(叠景路口)1,BV09183567,1,广州大道南（叠景路口）①,113.310492,23.089128,122路、182路、195路、230路、239路、247路、301A路、305路、488路、562路、767路、823路、836路、8路、B7路、B7路快线、夜101路、夜28路、夜30路、夜33路、夜34路、夜6路、夜88路、964路
广州大道南(叠景路口),广州大道南(叠景路口),广州大道南(叠景路口)2,BV09184938,2,广州大道南（叠景路口）②,113.310455,23.087124,122路、182路、211路、239路、247路、264路、301A路、305路、488路、562路、767路、823路、88路、8路、B7路、夜28路、夜34路、夜61路
广州大道南(叠景路口),广州大道南(叠景路口),广州大道南(叠景路口)3,BV09238939,3,广州大道南（叠景路口）③,113.310730,23.087952,208路、24路、264路、51路、836路、夜30路、夜61路、夜88路
广州大道南路口,广州大道南路口,广州大道南路口,BV10021180,,广州大道南路口,113.313676,23.080583,264路、583路、761路、779路、夜20路、夜33路、夜6路
广州大道中,广州大道中#1,广州大道中2,BV09230306,2,广州大道中②,113.309605,23.140619,122路、133路、140路、183路、191路、502路、540路、56路、78路、882路快线、B12路、夜24路、夜28路、夜35路、夜70路
广州大道中,广州大道中#1,广州大道中1,BV09382002,1,广州大道中①,113.309782,23.140121,140路、252路、502路、51路、56路、836路、882路快线、B12路、夜24路、夜35路、夜70路、夜74路、夜47路、B6路快线、B6路
广州大道中,广州大道中#1,广州大道中,BV11687847,3,广州大道中③,113.309782,23.140121,133路、191路、209路、30路
广州大道中,广州大道中#2,广州大道中,BV10014367,1,广州大道中（地铁沙河站）①,113.308726,23.150190,136路、175路、246路、30路、504路、508路、540路、841路、B16路、商务专线5路、夜74路
广州大道中路口,广州大道中路口,广州大道中路口,BV10021693,,广州大道中路口,113.308400,23.142899,192路、199路、27路、547路、78路、夜14路
广州大剧院西门站,广州大剧院西门,广州大剧院西门站,BV09355192,,广州大剧院西门,113.315809,23.117830,499路
广州大桥北(五羊邨),广州大桥北(五羊邨),广州大桥北(五羊邨),BV09005177,1,广州大桥北（五羊邨）①,113.309585,23.120104,122路、130路、189路、194路、204路、225路、230路、51路、53路、562路、781路、836路、882路快线、89路、B21路、夜108路
广州大桥北(五羊邨),广州大桥北(五羊邨),广州大桥北站(五羊邨),BV09377936,2,广州大桥北（五羊邨）②,113.309953,23.119929,301A路
广州大桥北站(五羊邨),广州大桥北站(五羊邨),广州大桥北,BV11474544,2,广州大桥北（五羊邨）②,113.309675,23.118890,130路、195路、225路、230路、252路、263路、266路、301A路、305路、37路、51路、53路、781路、882路快线、89路、B21路、B9路、夜23路、夜24路、夜28路、夜34路、夜43路、夜61路、夜88路
广州大桥底,广州大桥底,广州大桥底,BV11688566,,广州大桥底,113.309029,23.107135,11路、121A路、121路、204路、468路、93路、夜42路、旅游公交2线、旅游观光1线
广州大桥南,广州大桥南,广州大桥南,BV10021298,,广州大桥南,113.309384,23.103304,131B路、204路、225路、266路
广州大学总站,广州大学总,广州大学总站,BV10388552,,,113.260649,23.152434,481路环线
广州第三代半导体创新中心,广州第三代半导体创新中心,广州第三代半导体创新中心,BV09252821,,,113.532362,23.327362,新龙镇-03线
广州电大麓湖校区,广州电大麓湖校区,广州电大麓湖校区,BV11688574,,广州电大麓湖校区,113.272312,23.147826,190路、544路、546路、547路、706路、706路早间短线、76A路、76路、夜32路
广州电装公司,广州电装公司,广州电装公司,BV11209397,,广州电装公司,113.650869,23.185358,增城12路
广州东站汽车站总站,广州东站汽车站总,广州东站汽车站总站,BV10019101,,广州东站汽车站总站,113.317015,23.155830,776路
广州动车段总站,广州动车段总,广州动车段总站,BV11693147,,广州动车段总站,113.291007,22.925711,番68路
广州二中天元学校站,广州二中天元学校,广州二中天元学校站,BV11419661,,广州二中天元学校,113.594260,22.774663,南53路、南夜5路、南沙5路、南沙62路
广州芳村汽车客运站,广州芳村汽车客运,广州芳村汽车客运站,BV10388232,,,113.229860,23.082579,广州-肇庆
广州纺织学院,广州纺织学院,广州纺织学院,BV10449617,,,113.041969,23.387488,花15路
广州飞机维修公司,广州飞机维修公司,广州飞机维修公司,BV11271591,,广州飞机维修公司,113.306757,23.411215,空港1路
广州富力国际医院,广州富力国际医院,广州富力国际医院,BV11686328,,广州富力国际医院,113.302953,22.991417,301A路、番109B路
广州工商学院(花都),广州工商学院(花都),广州工商学院(花都),BV09374609,,,113.177616,23.443930,花103路
广州工商学院,广州工商学院#1,广州工商学院,BV10506703,,广州工商学院（三水校区）,112.963415,23.309117,乐平01B路
广州工商学院,广州工商学院#2,广州工商学院,BV09374599,,,113.177219,23.443845,花103路
广州国际商品展贸城,广州国际商品展贸城,广州国际商品展贸城,BV11435940,,广州国际商品展贸城,113.459103,23.042471,番60路
广州国际物流中心,广州国际物流中心,广州国际物流中心,BV10528672,,广州国际物流中心,113.306834,23.422472,708路、夜106路、空港1路、花17路A
广州海关车检场,广州海关车检场,广州海关车检场,BV10014605,,广州海关车检场,113.518635,23.160964,335路、375路、397路、569路、946路、B31路、夜49路、夜52路
广州海事博物馆,广州海事博物馆,广州海事博物馆,BV09166059,,,113.499934,23.081812,穗东街便民车01线
广州和合路口,广州和合路口,广州和合路口,BV10621030,,广州和合路口,113.516757,23.574413,从9路、从化922路
广州花卉博览园总站,广州花卉博览园总,广州花卉博览园总站,BV10021770,,广州花卉博览园（东西部扶贫协作交易市场）总站,113.199317,23.067224,207路
广州华南商贸职业学院总站,广州华南商贸职业学院总,广州华南商贸职业学院总站,BV11269593,,广州华南商贸职业学院总站,113.434997,23.373685,734路
广州火车东站,广州火车东站,广州火车东站,BV10019593,,,113.318412,23.150509,
广州火车东站总站,广州火车东站总,广州火车东站总站,BV10013973,,广州火车东站总站,113.318407,23.149696,11路、122路、137路、175路、183路、195路、209路、214路、233路、246路、263路、280路、302A路、302路、363路、41路、45路、508路、551路、59路、810路、841路、884路、B17路、B19路、B20路、夜15路、夜17路、夜28路、夜74路、夜77路、广283路、高峰快线24路
广州火车东总站,广州火车东总,广州火车东总站,BV09292568,,,113.319720,23.150710,214路
广州火车站总站,广州火车站(草暖公园)总,广州火车站(草暖公园)总站,BV09330045,,广州火车站（草暖公园）总站,113.256219,23.149259,523A路、523路快线、广231路
广州火车站总站,广州火车站(草暖公园)总,广州火车站总站,BV10014059,,广州火车站（草暖公园）总站,113.255154,23.149340,176路、210路、211路、254路、257路、523A路、523路快线、524路、52路、5路、803路、807A路、807路、862路、93路、B2A路、B2路、商务专线3路、夜11路、夜14路、夜15路、夜18路、夜25路、夜41路、夜55路、夜77路、夜79路、夜7路、夜88路、夜8路、夜96路、广231路、高峰快线21路
广州交校,广州交校,广州交校,BV09181060,,广州交校,113.658168,23.292760,370路、科教城2路
广州金沙洲,广州金沙洲,广州金沙洲,BV11247262,,,113.197576,23.139738,佛里07B路
广州康复实验学校,广州康复实验学校,广州康复实验学校,BV09208066,,广州康复实验学校,113.440671,23.375148,738路、979路
广州科技创新基地,广州科技创新基地,广州科技创新基地,BV11412826,,广州科技创新基地,113.445239,23.163627,326路、494路、496路、506路、945路
广州科贸学院,广州科贸学院,广州科贸学院,BV10019658,,广州科贸学院,113.389313,23.004180,公交地铁接驳专线8路、番51路
广州科学城总站(长安村),广州科学城总站(长安村),广州科学城总站(长安村),BV10409998,,广州科学城（长安村）总站,113.438217,23.186782,B22路
广州空港博览中心,广州空港博览中心,广州空港博览中心,BV09195621,,广州空港博览中心,113.298068,23.362514,708路、737路、空港2路、空港2路公交短线
广州空港实验中学站,广州空港实验中学,广州空港实验中学站,BV11369413,,广州空港实验中学,113.286808,23.324390,843路
广州空港实验中学正门,广州空港实验中学正门,广州空港实验中学正门,CL100011,,广州空港实验中学正门,113.287596,23.321556,704路
广州老年大学(九十七中学),广州老年大学(九十七中学),广州老年大学,BV11551949,,广州老年大学（九十七中学）,113.279872,23.091511,253路、35路、542路、812路、82路、夜43路、夜44路
广州老年大学(九十七中学),广州老年大学(九十七中学),广州老年大学(九十七中学),BV11636843,,广州老年大学（九十七中学）,113.279872,23.091511,夜33路
广州理工学院,广州理工学院,广州理工学院,BV09403290,,广州理工学院,113.456954,23.260735,354路
广州立白公司,广州立白公司,广州立白公司,BV10338277,,广州立白公司,113.422427,23.027020,番52路
广州龙涛外国语学校,广州龙涛外国语学校,广州龙涛外国语学校,BV09303680,,广州龙涛外国语学校,113.535681,23.493185,从5路、从5路长线、从夜1路
广州南华工贸技工学校(质检园区),广州南华工贸技工学校(质检园区),广州南华工贸技工学校(质检园区),BV11421980,,,113.472114,22.957886,番111路
广州南华工贸技工学校(质检院区),广州南华工贸技工学校(质检院区),广州南华工贸技工学校(质检院区),BV09310432,,,113.472490,22.957427,番111路
广州南华工贸技工学校(质检院区),广州南华工贸技工学校(质检院区),广州南华工贸技工学校,BV10825182,,广州南华工贸技工学校（质检园区）,113.472453,22.957512,番132路旅游专线
广州南汽车客运站(南站北路),广州南汽车客运站(南站北路),广州南汽车客运站(南站北路),BV11458118,,,113.265984,22.995531,番100路、番129路
广州南汽车客运站(石浦大道南),广州南汽车客运站(石浦大道南),广州南汽车客运站(石浦大道南),BV11174466,,广州南汽车客运站（石浦大道南）,113.263643,22.995115,番129路
广州南沙国际物流中心,广州南沙国际物流中心,广州南沙国际物流中心站,BV09088846,,,113.677726,22.610509,南21路、南27路
广州南站公交总站,广州南站公交总,广州南站公交总站,BV11544324,,,113.262881,22.988396,南64路快线
广州南站总站,广州南站总,广州南站总站,BV11358289,,广州南站总站,113.262856,22.988513,301A路、303A路、312路、K201路、佛211路、佛K330路/K330路快线、南64路快线、南沙K7路、夜102路、夜20路、夜61路、夜79路、桂11路、番100路、番129路、番52路、番99路、番夜5路
广州前海人寿医院,广州前海人寿医院,广州前海人寿医院,BV11092640,,广州前海人寿医院,113.823121,23.230862,增城10路、增城10路快线、增城5路、增城8路、增夜2路
广州区块链国际创新中心,广州区块链国际创新中心,广州区块链国际创新中心,BV11054720,,广州区块链国际创新中心,113.504146,23.158064,334路
广州商贸职业学校站,广州商贸职业学校,广州商贸职业学校站,BV09149594,,,113.220986,23.138393,416路
广州商学院,广州商学院,广州商学院,BV11573886,,广州商学院,113.562528,23.304281,345路、365路、370路、夜126路
广州市档案馆南,广州市档案馆南,广州市档案馆南,BV09201159,,广州市档案馆南（大学城）,113.374403,23.046169,86路、B25路、夜48路、大学城专线2路、大学城环线1路、番201路
广州市档案馆南(大学城)站,广州市档案馆南(大学城),广州市档案馆南(大学城)站,BV09201150,,广州市档案馆南（大学城）,113.374792,23.045942,B25路
广州市档案馆南总站,广州市档案馆南总,广州市档案馆南总站,BV09201157,,广州市档案馆南（大学城）总站,113.374792,23.045942,番201路、番微公交7路
广州市第八医院,广州市第八医院,广州市第八医院,BV10014465,,广州市第八医院,113.280171,23.237349,663路、798路、926路
广州市第二老人院,广州市第二老人院,广州市第二老人院站,BV09237172,,广州市第二老人院（城际镇龙站）,113.590114,23.285938,365A路、370路、夜126路
广州市儿童公园,广州市儿童公园,广州市儿童公园,BV09162721,,,113.268952,23.186150,云山红色研学巴士1号线
广州市儿童公园北门总站,广州市儿童公园北门总,广州市儿童公园北门总站,BV09239246,,广州市儿童公园北门总站,113.267586,23.189700,271路
广州市疾病中心,广州市疾病中心,广州市疾病中心,BV11658753,,,113.281337,23.231590,鹤龙4线
广州市南沙区中心医院站,广州市南沙区中心医院,广州市南沙区中心医院站,BV10546568,,,113.530173,22.791070,南34路
广州市南沙中心医院站,广州市南沙中心医院,广州市南沙中心医院站,BV10015864,,广州市南沙中心医院,113.530173,22.791070,南沙12路、南沙19路、南沙20路、南沙38路、南沙4路、南沙8路
广州市培英中学,广州市培英中学,广州市培英中学站,BV10798983,2,广州市培英中学②,113.236858,23.076448,181路、19路、222路、285路、410路、417路、583路、69路、70路、769路/769路快线、787路、811路、91路、商务专线4路、夜103路、夜11路、夜32路、夜36路、夜44路、夜72路、广275路、广277路、广565路、87路、102路
广州市中级法院,广州市中级法院,广州市中级法院,BV11658746,,,113.287009,23.229708,鹤龙4线
广州塔地铁站A口,广州塔地铁站A口,广州塔地铁站A口,BV09074388,,,113.318012,23.109807,广州塔1号线
广州塔地铁站A口站点,广州塔地铁站A口站点,广州塔地铁站A口站点,BV09074387,,,113.317871,23.109803,广州塔1号线
广州塔东站,广州塔东,广州塔东站,BV11401384,,广州塔东,113.320366,23.107609,旅游观光1线
广州塔西站,广州塔西,广州塔西站,BV09369967,,广州塔西,113.317888,23.106960,11路、262路、旅游观光1线
广州体育馆,广州体育馆,广州体育馆,BV11688384,1,广州体育馆①,113.273511,23.183313,223路、245路、265路、38路、529路、66路、706路、706路早间短线、76A路、76路、841路、864路、982路、B18路、B18路快线、夜122路、夜9路、大学城专线1路、广424路
广州体育馆南门,广州体育馆南门,广州体育馆南门,BV11554537,,广州体育馆南门,113.268723,23.182605,175路、34路、36路、529路、544路、547路、795路、982路、夜122路、夜32路、广424路
广州体院,广州体院,广州体院2,BV09271785,2,广州体院②,113.309112,23.147142,140路、252路、30路、502路、51路、540路、56路、6路、836路、夜24路、夜35路、夜70路、夜74路、夜47路、B6路快线、B6路
广州体院,广州体院,广州体院站,BV09375062,1,广州体院①,113.308899,23.148966,252路、B12路、夜70路
广州体院,广州体院,广州体院1,BV09411494,1,广州体院①,113.308898,23.147326,136路、246路、504路、508路、540路、841路、B12路、B16路
广州外国语学校,广州外国语学校,广州外国语学校站,BV10017432,,广州外国语学校,113.514239,22.783982,南55路、南沙13路、南沙20路、南沙31路A线、南沙31路B线、南沙G2路、南沙G3路、南沙学1路
广州信息学校,广州信息学校,广州信息学校,BV11584401,,广州信息学校,113.282525,23.443119,花32路
广州血液中心,广州血液中心,广州血液中心,BV10509899,,广州血液中心,113.278535,23.143626,482路
广州雅居乐,广州雅居乐,广州雅居乐,BV11689282,,广州雅居乐,113.351343,23.016311,302A路、公交地铁接驳专线8路、番17路、番17路长线、番30路、番52路、番53路、番56路
广州雅居乐北苑公交首末站,广州雅居乐北苑公交首末,广州雅居乐北苑公交首末站,BV11344597,,广州雅居乐北苑公交首末站,113.382153,23.020081,公交地铁接驳专线9路、番72路、番75路
广州雅居乐总站,广州雅居乐总,广州雅居乐总站,BV10015106,,广州雅居乐总站,113.357535,23.012211,番56路、高峰快线42路
广州医科大学,广州医科大学,广州医科大学,BV11622219,,,113.420547,23.044115,番禺85路
广州医学院从化学院,广州医学院从化学院,广州医学院从化学院,BV11115228,,广州医学院从化学院,113.600268,23.546596,从1路东线、从905路
广州亿仁医院,广州亿仁医院,广州亿仁医院,BV10018101,,广州亿仁医院,113.465072,23.111300,432A路、459路、B26路
广州优尼冲压,广州优尼冲压,广州优尼冲压,BV09042304,,广州优尼冲压,113.152350,23.372717,花19路、花37路
广州幼专,广州幼专,广州幼专,BV09056052,,广州幼专,113.672363,23.294956,增城2路、科教城1路
广州圆,广州圆,广州圆,BV11566279,,广州圆,113.254335,23.052465,995路
广州圆总站,广州圆总,广州圆总站,BV09232378,,广州圆总站,113.254335,23.052465,770路
广州佐航花都雅瑶恒通汽车站总站,广州佐航花都雅瑶恒通汽车站总,广州佐航花都雅瑶恒通汽车站总站,BV11493176,,,113.213291,23.361622,825路
广珠城轨碧江站,广珠城轨碧江,广珠城轨碧江站,BV10253996,,广珠城轨碧江站,113.257250,22.952322,佛K330路/K330路快线
广珠城轨顺德站,广珠城轨顺德,广珠城轨顺德站,BV10255133,,,113.270835,22.878463,314路、佛314路
广珠城轨顺德站路口,广珠城轨顺德站路口,广珠城轨顺德站路口,BV10254200,,广珠城轨顺德站路口,113.270971,22.880704,314路、K314路、佛314路、佛349路
广珠路口站,广珠路口,广珠路口站,BV11406084,,广珠路口,113.392213,22.826254,南45路、南48路、南沙65路、南沙67路、番142路
龟岗站,龟岗,龟岗站,BV11312284,,龟岗,113.288946,23.121894,781路
龟岭村,龟岭村,龟岭村,BV11450233,,,113.677162,23.240956,增城65路
规划局,规划局,规划局,BV10020847,,规划局,113.822076,23.293120,增城47路
贵冲,贵冲,贵冲,BV10019761,,贵冲,113.479878,22.967158,番148路、番160路
贵斗村,贵斗村,贵斗村,BV10019777,,贵斗村,113.524127,22.897989,番148路
桂城地铁站,桂城地铁,桂城地铁站,BV10869908,,桂城地铁站,113.134898,23.033310,佛279路
桂城儿童公园,桂城儿童公园,桂城儿童公园,BV09313018,,桂城儿童公园,113.203997,23.041703,桂09路、桂23路
桂城加油站,桂城加油,桂城加油站,BV10251701,,桂城加油站,113.132655,23.039360,佛276路/佛276
桂城交管所,桂城交管所,桂城交管所,BV10252118,,桂城交管所,113.185739,23.038617,广275路、桂09路
桂城街道办事处,桂城街道办事处,桂城街道办事处,BV10254714,,桂城街道办事处（富景花园）,113.192313,23.039694,桂23路
桂城一中,桂城一中,桂城一中,BV09319628,,桂城一中,113.201772,23.045073,桂09路
桂城长者颐乐中心,桂城长者颐乐中心,桂城长者颐乐中心,BV11175921,,桂城长者颐乐中心,113.205083,23.033154,佛232路、广275路、广275路出场短线
桂城中学,桂城中学,桂城中学,BV10252111,,桂城中学,113.181372,23.030357,K201路、桂23路
桂丹颐景园,桂丹颐景园,桂丹颐景园,BV10448770,,桂丹颐景园,112.943325,23.062701,佛250路
桂峰村委,桂峰村委,桂峰村委,BV11152760,,桂峰村委,114.000719,23.810314,从501路
桂峰路,桂峰路,桂峰路,BV09236486,,桂峰路（明日华府）,113.269329,22.836169,K314路
桂花岗,桂花岗,桂花岗站2,BV09394525,2,,113.257170,23.153572,124路、182路、186路、244A路、244路、24路、265路、273路、284路、58A路、58路、夜121路
桂花岗,桂花岗,桂花岗,BV10016229,2,桂花岗②,113.257558,23.154394,181路、244路、24路、251路、273路、280路、38路、58路、807A路、807路、886路、商务专线3路、夜121路、夜22路
桂花岗,桂花岗,桂花岗1,BV11477575,1,桂花岗①,113.257215,23.154244,251路、254路、280路、34路、38路、807A路、807路、886路、夜22路、夜40路
桂花岗,桂花岗,桂花岗2,BV11477576,2,,113.257170,23.153572,470路
桂江桥(怡翠尊堤东),桂江桥(怡翠尊堤东),桂江桥(怡翠尊堤东),BV10761250,,桂江桥（怡翠尊堤东）,113.135188,23.081154,佛250路、佛275路、佛276路/佛276
桂江桥东,桂江桥东,桂江桥东,BV10251749,,桂江桥东,113.136204,23.080194,佛276路/佛276
桂江桥站(怡翠尊堤东),桂江桥站(怡翠尊堤东),桂江桥站(怡翠尊堤东),BV11441885,,,113.135300,23.080859,佛275路
桂澜海六路口,桂澜海六路口,桂澜海六路口站,BV11689968,,桂澜海六路口,113.149681,23.061348,佛202路、佛279路
桂澜海三路口,桂澜海三路口,桂澜海三路口,BV10254417,,桂澜海三路口,113.150023,23.050916,佛279路
桂澜路南海家天下,桂澜路南海家天下,桂澜路南海家天下,BV10499256,,桂澜路南海家天下,113.150086,23.042273,佛279路
桂畔水利枢纽,桂畔水利枢纽,桂畔水利枢纽站,BV11419908,,,113.319553,22.805345,312路
桂平美食城,桂平美食城,桂平美食城,BV10504505,,桂平美食城,113.178203,23.031084,桂23路
桂香街,桂香街,桂香街,BV11682589,,桂香街（地铁太和站）,113.340729,23.302384,735路
桂园市场,桂园市场,桂园市场,BV10251600,,桂园市场,113.121625,23.034122,桂23路
郭村,郭村,郭村,BV10561089,,郭村,113.658594,23.217278,增城40路
郭村小区,郭村小区,郭村小区,BV10014497,,郭村小区,113.206179,23.109663,990路、夜127路、广969路
郭石路口,郭石路口,郭石路口站,BV11488087,,郭石路口,113.195631,23.323755,722路、829路
郭石路中,郭石路中,郭石路中,BV09125124,,郭石路中,113.202226,23.329194,722路
郭塘,郭塘#1,郭塘站,BV09245330,,郭塘,113.202374,23.335811,522路、707路、750路、825路
郭塘,郭塘#2,郭塘,BV09232759,,,113.647392,23.520500,从1路东线
郭塘村,郭塘村,郭塘村,BV11488076,,郭塘村,113.200251,23.327851,722路
郭塘村口,郭塘村口,郭塘村口,BV11488070,,郭塘村口,113.205518,23.335117,722路
郭塘村尾,郭塘村尾,郭塘村尾,BV11488088,,郭塘村尾,113.198267,23.326534,722路
郭塘货场,郭塘货场#1,郭塘货场站,BV09244923,,郭塘货场,113.210216,23.333057,522路、707路、722路、750路
郭塘货场,郭塘货场#2,郭塘货场站,BV11688116,,郭塘货场,113.209185,23.353195,花73路
郭塘加油站,郭塘加油,郭塘加油站,BV10018982,,郭塘加油站,113.201112,23.336619,花73路
郭塘路口,郭塘路口,郭塘路口站,BV11688118,,郭塘路口,113.220262,23.331597,522路、707路、722路、750路
郭塘西岭工业区,郭塘西岭工业区,郭塘西岭工业区,BV11484183,,,113.203016,23.341978,825路
郭塘小学,郭塘小学,郭塘小学,BV11488075,,郭塘小学,113.203836,23.331491,722路
郭庄,郭庄#1,郭庄,BV11332853,,郭庄,113.527137,23.456421,从802路
郭庄,郭庄#2,郭庄,BV11627693,,郭庄,113.514574,23.522018,从808路
国防大厦,国防大厦,国防大厦2,BV09178253,2,国防大厦②,113.336585,23.129047,137路、138路、140路、218路、243路、245路、261路、284路、299路、302路、517路、518路、53路、540路、542路、545路、548路、562路、583路、669路、B15路、夜13路、夜18路、夜36路、夜39路、夜40路
国防大厦,国防大厦,国防大厦1,BV09317153,1,国防大厦①,113.339449,23.128833,140路、194路、218路、261路、299路、504路、517路、53路、540路、541路、547路、548路、562路、901A路、B22路、B8路、夜13路、夜18路、夜27路、夜35路、夜93路、高峰快线42路
国防大厦,国防大厦,国防大厦3,BV09410279,3,国防大厦③,113.342517,23.128244,137路、194路、243路、302路、547路、901A路、B22路、B8路、夜27路、夜35路、夜36路、夜39路、夜40路
国防大厦,国防大厦,国防大厦,BV11688471,3,国防大厦③,113.342517,23.128244,504路、大学城专线4路
国防技校站,国防技校,国防技校站,BV10641096,,,113.325863,22.837378,南43路
国光厂,国光厂,国光厂,BV09000465,,国光厂,113.243706,23.376434,707路、花22路、花30路、花都116路
国光厂南门,国光厂南门,国光厂南门,BV10977757,,国光厂南门,113.243465,23.370761,花70路、花都111路
国光厂宿舍站,国光厂宿舍,国光厂宿舍站,BV11341999,,国光厂宿舍,113.244304,23.373130,707路、花都116路
国光厂西门,国光厂西门,国光厂西门,BV10432253,,国光厂西门,113.233885,23.373875,花106路、花70路、花76路
国际1号货,国际1号货,国际1号货站,BV11544671,,国际1号货站,113.305651,23.419301,空港1路
国际文化中心,国际文化中心,国际文化中心站,BV11371296,,国际文化中心,113.378962,23.024975,302A路
国泰,国泰,国泰站,BV11375045,,国泰,113.006329,23.462780,花68路、花68路白坭班车
国泰路,国泰路,国泰路,BV11615671,,,113.373883,23.006143,
国医东路,国医东路,国医东路站,BV11597700,,国医东路,113.385597,23.049041,361路、384路/384路旅游专线、387路、夜50路
果岭,果岭,果岭18,BV11411336,18,果岭18站,113.042424,23.500960,花39路短线
果园村,果园村,果园村,BV10022139,,果园村,113.581719,23.249847,444路
过境路口,过境路口,过境路口,BV11638287,,过境路口,113.004069,22.968366,佛251路
蛤地地铁站,蛤地地铁,蛤地地铁站,BV10709326,,,113.723027,22.980509,莞86路
海安路站,海安路,海安路站,BV09355195,,海安路,113.336675,23.126841,499路
海安路西站,海安路西,海安路西站,BV09355196,,海安路西,113.329621,23.127322,499路
海安社区,海安社区,海安社区,BV10014596,,海安社区,113.462900,23.101928,434路、B30路、夜73路
海八路龙表路口,海八路龙表路口,海八路龙表路口,BV11412612,,,113.167321,23.068500,同成社区公交接驳专线、同成社区接驳专线
海傍村,海傍村,海傍村,BV10015998,,,113.448313,22.943565,番148路、番81路、番夜1路
海傍路,海傍路,海傍路,BV11471469,,海傍路,113.359256,22.934733,番20B路、番22路
海傍桥,海傍桥,海傍桥,BV10020064,,海傍桥,113.464003,22.929714,番80路、番夜1路
海傍水乡,海傍水乡,海傍水乡,BV10023173,,海傍水乡,113.456732,22.946345,番148路
海傍小学,海傍小学,海傍小学,BV10020063,,海傍小学,113.461484,22.932525,番160路、番80路、番夜1路
海傍幼儿园,海傍幼儿园,海傍幼儿园,BV10023191,,海傍幼儿园,113.463395,22.933191,番160路
海北市场,海北市场,海北市场,BV10961652,,,113.192465,23.076828,便民巴士4号线
海北中学,海北中学,海北中学,BV10682160,,,113.183440,23.132376,653路
海滨大厦,海滨大厦,海滨大厦,BV10023289,,海滨大厦,113.352677,22.932251,番20B路、番22路
海滨路站,海滨路,海滨路站,BV10381624,,海滨路,113.535726,22.812721,南53路、南沙63路A线、南沙63路B线、南沙8路
海布,海布,海布,BV11168429,,海布,113.183213,23.441948,715路、夜92路、花25路、花31B路、花62路、花81路
海幢码头,海幢码头,海幢码头,BV11332160,,海幢码头,113.250694,23.109414,131A路、131B路、270路、989路
海幢寺,海幢寺,海幢寺,BV10407959,,海幢寺,113.252780,23.108823,10路、16路、183路、25路、530路、B21路、夜37路
海大集团(化龙大道),海大集团(化龙大道),海大集团(化龙大道),BV09380917,,海大集团（化龙大道）,113.449055,23.029795,番77路
海大集团总站,海大集团总,海大集团总站,BV09412393,,海大集团总站,113.445372,23.027751,番52路
海港大道站,海港大道,海港大道站,BV10016925,,,113.666241,22.652018,南21路、南27路
海港花园,海港花园,海港花园2,BV09269675,2,海港花园②,113.337417,23.101344,229路、239路、262路、304路、582路、B7路快线
海港花园,海港花园,海港花园,BV10569365,2,海港花园②,113.337417,23.101344,229路、239路、262路、304路、582路、夜101路、夜20路、夜66路、夜70路、大学城专线3路、582路班车、旅游公交3线
海关联检中心站,海关联检中心,海关联检中心站,BV10015871,,海关联检中心,113.579451,22.800748,南53路、南沙19路、南沙20路、南沙62路、南沙G4路、南沙学1路、番143路
海角红楼,海角红楼,海角红楼站2分站,BV09246901,,,113.218461,23.129206,夜31路
海角红楼,海角红楼,海角红楼,BV09323095,2,海角红楼②,113.218566,23.129576,128路、256路、416路、783路、夜31路
海口村,海口村,海口村,BV10018020,,海口村,113.249458,23.224153,830路、831路、982路
海力花园站,海力花园,海力花园站,BV10015870,,海力花园,113.568838,22.800925,南1路B、南53路、南沙19路、南沙62路、南沙G4路、南沙学1路、番143路
海联路,海联路,海联路,BV11582732,,海联路,113.285601,23.104111,211路、夜12路
海联中路,海联中路,海联中路,BV10019505,,海联中路,113.281685,23.104043,864路、967路、968路
海龙路口,海龙路口,海龙路口,BV09334610,,海龙路口,113.175459,23.068773,670路
海龙湾总站,海龙湾总,海龙湾总站,BV10019639,,,113.295126,23.031393,公交地铁接驳专线4路、公交地铁接驳专线5路
海伦堡,海伦堡,海伦堡,BV10023078,,海伦堡,113.357232,22.927716,番129路、番165路、番20B路、番30路
海伦堡创意园,海伦堡创意园,海伦堡创意园,BV09001102,,海伦堡创意园,113.335364,22.940963,番108B路、番129路、番16路、番9路、番9路长线
海伦春天,海伦春天,海伦春天站,BV10017831,,海伦春天,113.581550,23.180329,373路、379路、394路、516路、增城38路
海南连生坊,海南连生坊,海南连生坊,BV11316710,,海南连生坊,113.223720,23.054597,410路
海南南丫村口,海南南丫村口,海南南丫村口,BV11316718,,海南南丫村口,113.220288,23.057341,410路
海南南丫东,海南南丫东,海南南丫东,BV11316715,,海南南丫东,113.219583,23.050587,410路
海南南丫西,海南南丫西,海南南丫西,BV11316712,,海南南丫西,113.217553,23.052217,410路
海南生北坊,海南生北坊,海南生北坊,BV11316714,,海南生北坊,113.226184,23.049993,410路
海畔花园,海畔花园,海畔花园,BV10254886,,,113.121193,23.256931,佛里07B路
海琴湾总站(下渡路),海琴湾总站(下渡路),海琴湾总站(下渡路),BV11200256,,海琴湾（下渡路）总站,113.302720,23.105637,468路
海五桂澜路口站,海五桂澜路口,海五桂澜路口站,BV10938477,,海五桂澜路口,113.152956,23.057414,佛211路
海心村,海心村,海心村,BV10019767,,海心村,113.509425,22.958688,番148路
海心沙公园,海心沙公园,海心沙公园,BV10021437,,海心沙公园,113.320912,23.116336,293路
海心沙码头,海心沙码头,海心沙码头,BV10597814,,,113.318087,23.113078,S11海心沙-中大航线
海印桥南,海印桥南,海印桥南1,BV09245639,1,海印桥南①,113.278386,23.102082,125路、184路、208路、264路、287路、35路、44路、542路、864路、967路、夜4路
海印桥南,海印桥南,海印桥南2,BV09413050,2,海印桥南②,113.278430,23.103376,192路、221路、287路、44路、460A路、546路、768路、813路、864路、968路
海印桥南,海印桥南,海印桥南(停南行),BV11064479,2,海印桥南②,113.278430,23.103376,811路
海印桥南,海印桥南,海印桥南(停北行),BV11589123,2,海印桥南②,113.280140,23.107333,811路
海印桥南,海印桥南,海印桥南,BV11688474,1,海印桥南①,113.280140,23.107333,夜93路
海印桥总站,海印桥总,海印桥总站,BV10016151,2,海印桥总站,113.282868,23.115492,128路、80路、夜31路、101路、104路
海涌路,海涌路,海涌路,BV10020060,,海涌路,113.449397,22.948777,番126路、番80路、番81路
海涌路口(市莲路),海涌路口(市莲路),海涌路口(市莲路),BV09343873,,海涌路口,113.448443,22.954034,番126路
海涌路口(市莲路),海涌路口(市莲路),海涌路口,BV10020059,,海涌路口,113.446927,22.953071,番111路、番126路、番80路、番81路、番92路/番92路、番93路、番93路短线
海愉苑,海愉苑,海愉苑,BV10493254,,海愉苑,113.466469,22.936161,番160路
海员路,海员路,海员路,BV11688538,,海员路,113.441820,23.098079,344路、348路、431路、438路、517路
海中八路,海中八路,海中八路,BV11474162,,海中八路,113.195993,23.061311,452路
海中北路,海中北路,海中北路,BV11474163,,海中北路,113.197978,23.063884,452路
海中村站,海中村,海中村站,BV09066466,,海中村总站,113.196124,23.055669,452路
海中村总站,海中村总,海中村总站,BV10017967,,海中村总站,113.195913,23.055853,525路
海中高得,海中高得,海中高得,BV10022255,,海中高得,113.208419,23.047536,525路
海中小学,海中小学,海中小学,BV11465426,,海中小学,113.197138,23.057052,452路
海珠北路,海珠北路,海珠北路站,BV11358743,,海珠北路,113.252469,23.129967,56路、58路、旅游公交1线
海珠儿童公园,海珠儿童公园,海珠儿童公园,BV10419715,,海珠儿童公园,113.299499,23.061894,765路、88路
海珠广场(侨光东),海珠广场(侨光东),海珠广场(侨光东),BV10016153,2,海珠广场（侨光东）,113.261733,23.116517,128路、131B路、186路、194路、1路、208路、4路、57路、夜16路、夜1路、夜31路、旅游公交2线
海珠广场(侨光西),海珠广场(侨光西),海珠广场(侨光西)站,BV11261928,1,海珠广场（侨光西）①,113.260062,23.116057,10路、183路、190路、544路、夜32路、夜8路
海珠广场(一德东),海珠广场(一德东),海珠广场,BV10018596,,海珠广场,113.259328,23.119451,10路、14路、180路、183路、253路、29路、519路、823路、82路、88路、8路、夜22路、夜30路、夜33路、夜6路、夜8路
海珠广场(一德东),海珠广场(一德东),海珠广场(一德东),BV11261876,,海珠广场（一德东）,113.258982,23.117387,14路、180路、186路、253路、29路、823路、82路、88路、8路、夜22路、夜30路、夜33路、夜6路
海珠广场总站(侨光西),海珠广场总站(侨光西),海珠广场总站(侨光西),BV11206247,2,海珠广场（侨光西）②,113.259414,23.116754,194路
海珠客运站,海珠客运,海珠客运站,BV10015271,1,海珠客运站①,113.295000,23.067282,125路、129路、180路、221路、230路、287路、35路、551路、59路、5路、70路、82路、836路、960路、987路、991路、997路、9路、B7路快线、夜102路、夜30路、夜55路
海珠客运站,海珠客运,海珠客运站2,BV11196681,2,海珠客运站②,113.294798,23.067316,125路、129路、221路、230路、288路、303路、309路、35路、59路、5路、70路、836路、991路、9路、夜102路、夜128路、夜44路、夜4路、夜55路、964路
海珠客运站总站,海珠客运站总,海珠客运站总站,BV10013865,,海珠客运站总站,113.295496,23.067096,551路、582路、762路、788路、86路、997路、B7路、B7路快线、夜128路、夜44路、夜4路、582路班车
海珠路,海珠路,海珠路,BV11629800,,海珠路,113.334201,23.036689,90路、公交地铁接驳专线4路、番182路、番185路、番191路
海珠南路,海珠南路,海珠南路,BV10016179,,海珠南路,113.251445,23.116270,58路
海珠桥底,海珠桥底,海珠桥底,BV10014582,,海珠桥底,113.263454,23.114812,121A路、121路、131A路、131B路、16路、8路、968路、B21路、夜6路
海珠桥脚,海珠桥脚,海珠桥脚,BV10022336,,海珠桥脚,113.264441,23.113609,8路、夜6路
海珠区妇幼,海珠区妇幼,海珠区妇幼1,BV09226104,1,海珠区妇幼①,113.259676,23.099478,244A路、244路、250路、270路、273路、527路、530路、夜120路、夜22路、夜37路、夜89路
海珠区妇幼,海珠区妇幼,海珠区妇幼,BV10016125,2,海珠区妇幼,113.259561,23.099702,121路、226路、244A路、244路、250路、270路、273路、285路、527路、527路机电班车、530路、53路、811路、91路、夜120路、夜22路、夜36路、夜37路、夜45路、夜55路、夜93路、大学城专线3路
海珠湿地公园南门,海珠湿地公园南门,海珠湿地公园南门站,BV11250297,,海珠湿地公园南门,113.323263,23.063955,468路、582路、762路、765路、582路班车
海珠涌大桥北,海珠涌大桥北,海珠涌大桥北,BV11472610,,,113.242933,23.101039,989路
海珠涌大桥南,海珠涌大桥南,海珠涌大桥南,BV11472611,,,113.245212,23.096514,989路
海珠中路,海珠中路,海珠中路,BV10016178,,海珠中路,113.250977,23.122811,58路、8路、夜6路
含珠村站,含珠村,含珠村站,BV10018454,,,113.448836,22.864867,南34路、南36路、南50路
韩村桥头,韩村桥头,韩村桥头,BV11312086,,韩村桥头,113.746435,23.394198,增城19路、增城41路、增城69路
汉湖村,汉湖村,汉湖村,BV10016254,,汉湖村,113.787838,23.514099,增城16路、增城60路、增城61路
汉基工业区,汉基工业区,汉基工业区,BV10020094,,汉基工业区,113.425075,22.955344,番3路、番92路/番92路、番93路、番93路短线
汉田,汉田,汉田,BV11152761,,汉田,113.703926,23.787748,从604路
汉溪路口,汉溪路口,汉溪路口,BV10019729,,汉溪路口,113.314444,22.980816,番109B路、番125路、番13路、番91路、番96路、番97路、番99路、番夜5路
翰景路,翰景路,翰景路,BV11168099,,翰景路,113.341025,23.146942,130路、191路、298路、夜89路
航海学院正门,航海学院正门,航海学院正门,BV11316204,,航海学院正门,113.473303,23.104402,360路、夜73路、320路
航空轮胎大科学中心,航空轮胎大科学中心,航空轮胎大科学中心站,BV09062310,,航空轮胎大科学中心,113.570998,23.257523,365A路、365路、新龙镇02线上午、新龙镇02线下午
航云北街,航云北街,航云北街,BV10019065,,航云北街,113.256134,23.180819,662路、757路、980路环线、夜75路、980路
蚝壳洲东街,蚝壳洲东街,蚝壳洲东街,BV11437180,,,113.278061,23.067644,
豪进广场,豪进广场,豪进广场,BV10976352,,豪进广场,113.587270,23.120927,增城24路、增城25路、增城29路、增城45路
豪景花园,豪景花园,豪景花园1,BV09097374,1,豪景花园①,113.310167,23.157689,16路、179路、246路、252路、504路、51路、56路、833路、836路、862路、夜24路、夜74路、241路、夜47路、B6路快线、B6路、110路
豪景花园,豪景花园,豪景花园2,BV09314787,2,豪景花园②,113.310652,23.158213,136路、140路、201路、246路、297路、46路、502路、504路、夜5路、夜74路、110路
豪景花园,豪景花园,豪景花园,BV10326995,2,豪景花园②,113.310652,23.158213,16路、179路、201路、236路、297路、46路、51路、84路、大学城专线4路
豪景苑,豪景苑,豪景苑,BV10017321,,豪景苑,113.203981,23.408147,花31路、701路
豪利花园,豪利花园,豪利花园,BV10015563,,豪利花园,113.246705,23.360911,花21路、花21路夜班、花22路
豪贤路,豪贤路,豪贤路,BV10326949,,豪贤路,113.267536,23.132628,297路、54路、夜5路
濠迳村,濠迳村,濠迳村,BV11632032,,濠迳村,113.620854,23.387308,增城52路
濠涌风情街站,濠涌风情街,濠涌风情街站,BV10018452,,,113.458958,22.884175,南34路、南36路、南50路、南57路
好丽友,好丽友,好丽友,BV11638470,,好丽友,113.354947,23.442260,708路、花16路
昊龙花园(福景路),昊龙花园(福景路),昊龙花园(福景路),BV10023319,,昊龙花园（福景路）,113.352609,22.921358,番130路、番147路
禾仓村,禾仓村,禾仓村,BV11415299,,禾仓村,113.602430,23.537595,从8路
禾丰村,禾丰村,禾丰村站,BV09232321,,禾丰村,113.558737,23.219174,365A路、365路、366路
禾丰环路南,禾丰环路南,禾丰环路南,BV11654249,,禾丰环路南,113.547170,23.213857,394路
禾丰路(春分路口),禾丰路(春分路口),禾丰路(春分路口),BV09238799,,禾丰路（春分路口）,113.565449,23.214042,948路
禾丰路(永和大道口),禾丰路(永和大道口),禾丰路(永和大道口),BV11314254,,禾丰路（永和大道口）,113.552489,23.213525,379路、夜52路、夜60路
禾丰路东,禾丰路东,禾丰路东,BV09238801,,禾丰路东,113.569082,23.216688,948路
禾丰路中,禾丰路中,禾丰路中站,BV11483388,,禾丰路中,113.557149,23.212610,365路、394路
禾丰四街,禾丰四街,禾丰四街站,BV09238800,,禾丰四街,113.575656,23.218353,455路、948路
禾丰新村东门,禾丰新村东门,禾丰新村东门,BV11640360,,禾丰新村东门,113.548580,23.214725,394路
禾丰新村西门,禾丰新村西门,禾丰新村西门,BV11654250,,禾丰新村西门,113.544732,23.212636,394路
禾岭路南站,禾岭路南,禾岭路南站,BV11630344,,禾岭路南,113.547558,23.211717,455路、942路
禾岭路中,禾岭路中,禾岭路中,BV11445075,,禾岭路中,113.548349,23.213457,455路、942路
禾石站,禾石,禾石站,BV11484096,,禾石站,113.324099,23.616384,从403路
禾堂岭,禾堂岭,禾堂岭站,BV09386317,,禾堂岭,113.488035,23.372123,343路
禾仰,禾仰,禾仰,BV11331341,,禾仰,113.237256,23.038509,桂12路、桂21路
合成,合成,合成站,BV11168438,,合成,113.174883,23.454191,715路、夜92路、花62路、花81路、花83路、花88路、花89路
合成村委,合成村委,合成村委,BV10441426,,,113.176105,23.456811,花88路短线
合成东路,合成东路,合成东路,BV11621974,,合成东路,113.177176,23.448159,花25路
合成五街,合成五街,合成五街,BV10441427,,,113.174008,23.457703,花88路短线
合成西路,合成西路,合成西路,BV11569366,,合成西路,113.173076,23.450199,花25路
合耕新村路口,合耕新村路口,合耕新村路口,BV10253575,,,113.320838,22.822193,307路/佛307路
合和路,合和路,合和路,BV09077528,,合和路,113.173417,23.453092,花25路
合和新城,合和新城,合和新城,BV11688163,,合和新城,113.252843,23.377008,707路、715路、夜92路、花11路、701路
合劲科技创新城,合劲科技创新城,合劲科技创新城,BV10648779,,合劲科技创新城,113.430563,22.940318,番148路、番160路、番夜1路
合进大道北,合进大道北,合进大道北,BV09183571,,,113.097759,23.376743,花2C路
合进大道中,合进大道中,合进大道中,BV09183569,,,113.094601,23.366192,花2C路
合景路,合景路,合景路,BV11458233,,合景路,113.400464,23.157389,496路、773路、774路、高峰快线32路、B4B路
合景路东,合景路东,合景路东,BV09269182,,合景路东,113.403049,23.158214,496路、773路、774路、高峰快线32路、B4B路
合景誉山国际南门,合景誉山国际南门,合景誉山国际南门站,BV11510978,,合景誉山国际南门,113.601761,23.182768,增城12路
合境,合境,合境,BV10015473,,合境,113.184722,23.469850,花23路、花86路、花88路、花88路短线
合境村,合境村,合境村,BV10023924,,合境村,113.181655,23.470937,花86路、花89路
合群,合群,合群,BV11116069,,,113.634744,23.784639,从604路
合群村委,合群村委,合群村委,BV11152724,,合群村委总站,113.633500,23.783539,从603路、从604路
合群村委总站,合群村委总,合群村委总站,BV11491337,,合群村委总站,113.633270,23.783569,从604路
合群路,合群路,合群路,BV09408346,,合群路,113.288215,23.121410,781路、811路、813路
合沙村站,合沙村,合沙村站,BV10020145,,合沙村,113.335514,22.847532,南沙68路
合生湖山国际峰景,合生湖山国际峰景,合生湖山国际峰景,BV11360195,,合生湖山国际峰景,113.562792,23.129550,372路
合生君景湾,合生君景湾,合生君景湾,BV10256249,,,113.168052,23.137028,佛沥12高峰线、沥12路
合水店村,合水店村,合水店村,BV11119371,,,113.956048,23.427428,增城72A路
合兴村,合兴村,合兴村,BV10019766,,合兴村,113.510218,22.963760,番148路
合益村,合益村,合益村,BV11119370,,合益村,113.664850,23.368625,增城41路、增城53路、增城70路
何布村,何布村,何布村,BV11484163,,何布村,113.215485,23.285940,472路、825路
何布村工业区,何布村工业区,何布村工业区,BV11484179,,何布村工业区,113.214355,23.290031,472路、825路
何大塘村,何大塘村,何大塘村,BV11118926,,何大塘村,113.797804,23.525186,增城16路、增城60路、增城61路
何家庄,何家庄,何家庄,BV10462388,,何家庄,113.216573,23.454702,花23路、花63路、花63路短线
何排村,何排村,何排村,BV10327027,,何排村,113.411425,23.265051,973路
何屋村,何屋村,何屋村,BV09244733,,,113.424907,23.200106,联和街便民02环线
何仙姑,何仙姑,何仙姑站,BV09192238,,何仙姑站,113.828450,23.387490,增城15路、增城15路快线、增城16路、增城19路、增城58路、增城73路、旅游专线1路
何贤医院(环城东路),何贤医院(环城东路),何贤医院(环城东路),BV10023294,,何贤医院（环城东路）,113.366320,22.935646,番22路
何贤医院(清河东路),何贤医院(清河东路),何贤医院(清河东路),BV10019883,,何贤医院（清河东路）,113.367716,22.937698,番12路旅游专线、番13路、番146路、番160路、番165路、番1路、番4路、番51路、番5路、番5路长线、番68路、番97路、番99路、番9路、番9路长线
和丰村委,和丰村委,和丰村委,BV11152742,,和丰村委,113.697773,23.796247,从604路
和桂工业园路口,和桂工业园路口,和桂工业园路口,BV11623153,,和桂工业园路口,113.094154,23.268376,佛里07B路、花24路
和桂工业园A区,和桂工业园A区,和桂工业园A区,BV10253027,,,113.091686,23.269044,佛里07B路
和桂中路,和桂中路,和桂中路,BV11646753,,和桂中路,113.094253,23.264310,佛里07B路、花24路
和桂中路南,和桂中路南,和桂中路南,BV11623151,,,113.094302,23.261436,佛里07B路
和基花园,和基花园,和基花园,BV10251773,,和基花园,113.134371,23.059267,佛276路/佛276
和乐路,和乐路,和乐路,BV11330821,,和乐路,113.355129,23.294872,758路、827路
和龙村,和龙村,和龙村站,BV11400776,,和龙村,113.361629,23.291026,973路、帽峰山旅游专线1线
和龙村委,和龙村委,和龙村委,BV09125836,,,113.380931,23.281276,帽峰山旅游专线1线
和睦村,和睦村,和睦村,BV11578763,,,113.628057,23.524932,从1路东线
和睦小学,和睦小学,和睦小学,BV11578769,,,113.621278,23.527626,从1路东线
和平村,和平村,和平村,BV11119399,,和平村,113.908167,23.399866,增城67路、增城72B路
和平村(招呼站),和平村(招呼站),和平村(招呼站),BV11409762,,和平村,113.915020,23.400846,增城72B路
和平东,和平东,和平东,BV10018680,,和平东,113.245711,23.114320,82路、夜33路
和平路,和平路,和平路,BV11363512,,和平路,113.832451,23.292380,增城3路
和平路口,和平路口,和平路口,BV10023215,,和平路口,113.296081,23.010923,番182路
和平西,和平西,和平西,BV10018664,,和平西,113.237121,23.114258,251路、297路、530路、61路、6路、82路、佛202路、夜33路
和平新村,和平新村,和平新村3,BV09010638,3,和平新村③,113.231749,23.142133,134路、198路、215路、268路、290路、46路、4路、62路、80路、夜96路
和平新村,和平新村,和平新村1,BV09238795,1,和平新村①,113.231764,23.140207,229路、253路、256路、261路、521路、527路、55路、B3路、夜120路、夜16路、夜18路、夜19路、夜21路、夜30路、夜3路、夜45路、广12路、广276路、广283路、广283路班车
和平新村,和平新村,和平新村2,BV09238796,2,和平新村②,113.231116,23.140632,215路、229路、253路、256路、268路、305路、486路、4路、527路、527路机电班车、55路、62路、80路、88路、B3路、夜120路、夜16路、夜21路、夜95路、114路
和平新村,和平新村,和平新村,BV11687875,3,和平新村③,113.231749,23.142133,夜59路
和平中,和平中,和平中,BV11545107,,和平中,113.239369,23.114085,251路、297路、2路、3路、530路、6路、夜5路
和瑞路口,和瑞路口,和瑞路口,BV11033154,,和瑞路口,113.264976,23.355339,510路、724路、971路、夜123路
和瑞路西,和瑞路西,和瑞路西,BV09246904,,和瑞路西,113.256488,23.355323,510路、724路、971路、夜123路
和瑞路总站,和瑞路总,和瑞路总站,BV10973737,,和瑞路总站,113.253828,23.355097,510路、724路、971路、夜123路
和顺车站,和顺车,和顺车站,BV10252684,,,113.134097,23.245422,佛里07B路
和顺车站总站,和顺车站总,和顺车站总站,BV10631120,,,113.133932,23.245344,广231路
和顺路口,和顺路口,和顺路口,BV11482317,,和顺路口,113.394997,23.305378,758路
和顺坡,和顺坡,和顺坡,BV11115212,,和顺坡,113.710027,23.623432,从14路、从19路
和兴步行街,和兴步行街,和兴步行街,BV10015586,,和兴步行街,113.161328,23.411888,花21路、花21路夜班、花75路、花80路、花9路
和郁同心路口,和郁同心路口,和郁同心路口,BV11634511,,和郁同心路口,113.220617,23.459200,花86路
河滨公园,河滨公园,河滨公园,BV10019216,,河滨公园,113.586486,23.549682,从20路、从4路、从5路、从5路长线、从7路、从夜1路、从4路快线
河村,河村,河村,BV10015058,,河村,113.330633,23.014656,310路、公交地铁接驳专线8路、番145路、番185路、番186路、番53路
河村村口,河村村口,河村村口,BV10947634,,,113.149979,23.162176,沥12路
河村口,河村口,河村口,BV11222141,,,113.149131,23.163297,佛244路、广231路
河宕东,河宕东,河宕东,BV10252571,,河宕东,113.096716,23.010026,佛236路
河堤广场,河堤广场,河堤广场,BV10020889,,河堤广场,113.587446,23.549534,从20路、从4路、从5路、从5路长线、从夜1路
河东广场,河东广场,河东广场,BV11578757,,河东广场,113.590725,23.548832,从11路、从12路、从13路、从14路、从16路、从19路、从19路密石班车、从1路东线、从3路、从7路、从905路、从906路、从化13路
河东路口,河东路口,河东路口站,BV09314049,,河东路口,113.185930,23.100210,佛202路、佛244路、佛278路、广419路、沥17B路、沥17B路区间
河东南路中,河东南路中,河东南路中,BV09376473,,河东南路中,113.592618,23.538970,从13路、从14路、从19路、从19路密石班车、从1路东线、从3路、从905路、从化13路
河东派出所,河东派出所,河东派出所,BV11578749,,,113.598241,23.547406,从1路东线
河东社区,河东社区,河东社区,BV10510656,,,113.183745,23.098279,沥17B路、沥17B路区间
河东市场,河东市场,河东市场,BV11578751,,河东市场,113.591094,23.546102,从13路、从19路密石班车、从1路东线、从3路、从8路、从905路、从906路、从化13路
河东中学,河东中学,河东中学,BV11578764,,河东中学,113.611100,23.533846,从1路东线、从905路
河洞,河洞#1,河洞,BV11152733,,河洞,114.002343,23.886153,从502路
河洞,河洞#2,河洞,BV11119681,,,113.792235,23.449010,增城69路
河塱沙中庄,河塱沙中庄,河塱沙中庄,BV10255870,,河塱沙中庄,113.183766,23.207729,里14、里14路
河联村,河联村,河联村,BV10471092,,河联村,113.354661,23.453922,716路、花16路
河柳街,河柳街,河柳街,BV10013800,,河柳街,113.230117,23.135358,413路
河沙中路,河沙中路,河沙中路,BV10021076,,河沙中路,113.214275,23.141145,416路、广205路
河沙中路西,河沙中路西,河沙中路西,CL100007,,河沙中路西,113.210786,23.140516,广205路
河田社,河田社,河田社,BV11216191,,河田社,113.702221,23.621035,从14路、从19路
河田西路,河田西路,河田西路,BV10021196,,河田西路,113.269242,23.166007,190路
河西大道东,河西大道东,河西大道东,BV10251754,,河西大道东,113.165672,23.084732,佛277路、佛279路
河西大道中,河西大道中,河西大道中,BV10719648,,河西大道中,113.160341,23.084778,佛279路
河西路口,河西路口,河西路口,BV10251765,,,113.149022,23.086235,佛202路、佛276路/佛276、佛279路
河西市场,河西市场,河西市场,BV10251753,,河西市场,113.157114,23.084633,佛279路
河西小学,河西小学,河西小学,BV10251752,,河西小学,113.151313,23.083783,佛279路
荷村,荷村#1,荷村,BV09351784,,荷村,113.524167,23.143649,340路、347路、349路、375路、397路、516路、566路、569路、579路、946路、B31路、夜49路、夜98路
荷村,荷村#2,荷村,BV11687961,,荷村,113.961122,23.810753,从501路、从503路
荷村路口,荷村路口,荷村路口,BV11323076,,荷村路口,113.558907,23.600610,从18路、从901路、从902路
荷村牌坊(荷岳公路),荷村牌坊(荷岳公路),荷村牌坊(荷岳公路),BV10252357,,荷村牌坊（荷岳公路）,113.100156,22.959015,佛K330路/K330路快线
荷景花园,荷景花园,荷景花园站,BV11691294,,荷景花园,113.340710,22.908988,番108B路、番12路旅游专线、番130路、番147路、番29路、番67路旅游专线、番68路、番6路、番108路
荷景路,荷景路,荷景路站,BV11629137,,荷景路,113.247649,23.058683,995路
荷景路西,荷景路西,荷景路西,BV10019118,,荷景路西,113.237853,23.058671,121路、770路、广277路
荷景路中,荷景路中,荷景路中,BV10990018,,荷景路中,113.244014,23.058687,121路、52路、64路、广277路
荷棠下村,荷棠下村,荷棠下村,BV09298085,,荷棠下村,113.515226,23.355463,342路、350路、362路、456路、456路环线、650路、827路、夜126路、夜131路
荷塘村,荷塘村,荷塘村,BV09314210,,荷塘村,113.051065,23.395864,花15路
鹤边,鹤边,鹤边,BV10751556,,鹤边,113.261939,23.216317,251路、425路、510路、528路、58路、665路、夜35路
鹤边军民西路,鹤边军民西路,鹤边军民西路,BV11692948,,鹤边军民西路,113.260101,23.223789,831路、970路、984路、夜85路
鹤边员村,鹤边员村,鹤边员村,BV11691429,,鹤边员村,113.263787,23.226394,831路、970路、984路、夜85路
鹤洞东,鹤洞东,鹤洞东,BV09364266,,鹤洞东,113.246639,23.072737,121路、417路、445路环线、52路、64路、769路/769路快线、995路、夜42路、广277路、79路
鹤洞路西,鹤洞路西,鹤洞路西站,BV09001134,2,鹤洞路西,113.230617,23.071191,181路、19路、222路、285路、445路环线、583路、69路、70路、71路、769路/769路快线、770路、787路、811路、91路、佛232路、商务专线4路、夜103路、夜11路、夜44路、夜72路、广275路、广277路、广565路、桂09路、桂23路
鹤洞路西,鹤洞路西,鹤洞路西1,BV09199072,1,鹤洞路西①,113.230765,23.071159,410路、769路/769路快线、787路、夜103路、夜11路、夜44路、夜72路、广275路、广277路、87路
鹤洞新村,鹤洞新村,鹤洞新村,BV10013603,,鹤洞新村,113.241307,23.087421,121A路、181路、19路、206路、309路、312路、52路、64路、812路、966路、夜11路、夜29路、夜72路、广275路、102路
鹤洞总站,鹤洞总,鹤洞总站,BV10824927,,鹤洞总站,113.234480,23.075344,410路、417路、夜32路
鹤岗村,鹤岗村,鹤岗村,BV10388539,,鹤岗村,113.166518,23.293212,723路
鹤龙东路站,鹤龙东路,鹤龙东路站,BV09314895,,鹤龙东路（市残运中心）,113.268447,23.220988,425路
鹤龙四路(龙兴西路口),鹤龙四路(龙兴西路口),鹤龙四路,BV09194001,1,鹤龙四路（龙兴西路口）①,113.297379,23.276990,793路
鹤龙四路(龙兴西路口),鹤龙四路(龙兴西路口),鹤龙四路(龙兴西路口),BV09196447,1,鹤龙四路（龙兴西路口）①,113.297921,23.279458,986路
鹤龙四路(龙兴西路口),鹤龙四路(龙兴西路口),鹤龙四路(龙兴西路口)2,BV09226081,2,鹤龙四路（龙兴西路口）②,113.298068,23.279402,510路、652路、751路、753路、793路、837路、840路、夜94路
鹤龙四路(龙兴西路口),鹤龙四路(龙兴西路口),鹤龙四路(龙兴西路口)1,BV09228303,1,鹤龙四路（龙兴西路口）①,113.297739,23.279499,427路、510路、751路
鹤龙四路(龙兴西路口)1站(原行知学院站),鹤龙四路(龙兴西路口)1站(原行知学院站),鹤龙四路(龙兴西路口)1站(原行知学院站),BV09244070,2,鹤龙四路（龙兴西路口）②,113.297450,23.277173,837路
鹤龙五路口,鹤龙五路口,鹤龙五路口,BV10021374,,鹤龙五路口,113.295450,23.297329,夜123路
鹤南(兵房街),鹤南(兵房街),鹤南,BV09001451,,鹤南,113.258173,23.219094,21路、298路、425路、522路、523A路、523路、58A路、58路、665路、706路、706路早间短线、807路、840路、夜114路、夜80路、夜94路、259路、108路
鹤南(兵房街),鹤南(兵房街),鹤南(兵房街),BV10405425,,鹤南（兵房街）,113.257682,23.218720,251路、510路、528路、730路、759路环线、886路、夜105路、夜114路、259路
鹤前东路,鹤前东路,鹤前东路,BV10563049,,鹤前东路,113.310415,23.323669,724路、985路
鹤亭,鹤亭,鹤亭,BV10018676,,鹤亭,113.298432,23.327357,510路、828路、840路、夜123路、夜94路
鹤亭工业区北二路口,鹤亭工业区北二路口,鹤亭工业区北二路口,BV11505346,,鹤亭工业区北二路口,113.311187,23.314711,828路
鹤亭工业区北六路口,鹤亭工业区北六路口,鹤亭工业区北六路口,BV11505345,,鹤亭工业区北六路口,113.320434,23.312324,828路
鹤亭西路口,鹤亭西路口,鹤亭西路口,BV11392391,,鹤亭西路口,113.301011,23.329622,724路、985路
鹤洲村,鹤洲村,鹤洲村,BV10020750,,鹤洲村,113.837357,23.260264,增城18路、增城1路、增城74路、增城7路
黑山,黑山,黑山,BV11688412,2,黑山②,113.236429,23.151685,134路、179路、17路、215路、225路、238路、486路、524路、545路、62路、71路、729路、80路、823路、832路、夜120路、夜15路、夜21路、夜2路、夜59路、夜80路
亨威公司,亨威公司,亨威公司,BV11367817,,亨威公司,113.621821,23.162070,增城30路、增城31路、增城32路内环、增城32路外环、增城43路、增城45路、增夜6路
恒宝广场总站,恒宝广场总,恒宝广场总站,BV10021805,,恒宝广场总站,113.236256,23.121356,207路、226路、541路、夜39路
恒大汽车城站,恒大汽车城,恒大汽车城站,BV11476743,,,113.563097,22.684032,南25路、南沙21路支线
恒大山水城,恒大山水城,恒大山水城,BV10024218,,恒大山水城,113.608833,23.293760,370路、增城11A路、增城11路、增城36路、增城54路
恒大山水郡,恒大山水郡,恒大山水郡,BV11119367,,恒大山水郡,113.623791,23.337191,增城11A路、增城11路、增城36路
恒大御景半岛花园,恒大御景半岛花园,恒大御景半岛花园,BV09125795,,恒大御景半岛花园,113.202556,23.194465,广746路
恒福路,恒福路,恒福路站,BV11688503,,恒福路,113.292735,23.149991,297路、547路、706路、706路早间短线、110路
恒福路总站,恒福路总,恒福路总站,BV10013925,,恒福路总站,113.279956,23.146632,10路、247路、夜4路
横槎,横槎,横槎,BV11620648,,横槎,113.418637,23.305625,758路
横二队路口站,横二队路口,横二队路口站,BV11419864,,,113.424639,22.780290,南42路
横岗村,横岗村,横岗村,BV10017064,,横岗村,113.065725,23.321459,乐平01B路、花5B路
横岗路口,横岗路口,横岗路口,BV10256173,,横岗路口,113.068011,23.102257,佛200路
横岗南街,横岗南街,横岗南街,BV10014198,,横岗南街,113.311437,23.261401,924路、926路、夜62路
横海,横海,横海,BV11219555,,,113.642015,23.047093,莞609路
横江,横江,横江,BV10252561,,横江,113.163953,23.110712,佛236路、佛244B路、佛251路、佛263路、佛263路短线、佛278路、沥12B路
横江村,横江村,横江村,BV11688164,,横江村,113.315561,22.939738,番108B路、番129路、番16路、番4B路、番9路、番9路长线
横江村委,横江村委,横江村委,BV11596292,,横江村委,113.393533,23.686408,从408路
横江路口,横江路口,横江路口,BV10252196,,,113.168128,23.110795,佛244路、佛沥18路
横江墟,横江墟,横江墟,BV10018730,,横江墟,113.569130,23.585713,从18路、从6路、从6路支线、从901路、从902路
横江庄,横江庄,横江庄,BV11522307,,横江庄,113.445352,23.413866,738路
横滘,横滘,横滘,BV09000553,2,横滘2,113.231233,23.177106,134路、17路、215路、238路、524路、527路、545路、71路、832路、夜122路、夜15路、夜21路、夜2路、夜76路、夜80路
横滘,横滘,横滘1,BV09307684,1,横滘①,113.230999,23.176623,238路、524路、527路、539路、545路、71路、975路、夜122路、夜15路、夜21路、夜2路、夜76路
横滘小区,横滘小区,横滘小区,BV10016590,,横滘小区,113.234563,23.178131,215路
横迳广场,横迳广场,横迳广场站,BV11688077,,横迳广场,113.564317,23.190670,371路、394路、446路、566路、571A路、夜52路
横坑,横坑,横坑,BV10381847,,横坑,113.302705,23.318076,828路
横坑村,横坑村,横坑村,BV09078121,,横坑村（樟边）,113.377196,22.977780,番33路
横坑径,横坑径,横坑径,BV10015644,,,113.186176,23.452230,花83路
横坑路口,横坑路口,横坑路口,BV11307218,,横坑路口,113.496943,23.595129,从402路
横朗工业路,横朗工业路,横朗工业路,BV11579692,,,113.702191,23.274352,增城50A路
横塱村,横塱村,横塱村,BV10015371,,横塱村,113.706947,23.276345,增城11路、增城12路、增城13路、增城2路、增城4路
横塱村委,横塱村委,横塱村委,BV11289574,,横塱村委,113.706546,23.261268,增城4路
横塱工业二路,横塱工业二路,横塱工业二路,BV11650591,,横塱工业二路,113.705332,23.268988,增城50A路、增城50路
横塱工业路,横塱工业路,横塱工业路,BV11579685,,横塱工业路,113.702472,23.273280,增城50A路、增城50路
横塱工业区,横塱工业区,横塱工业区,BV10558727,,横塱工业区,113.707916,23.269320,增城4路
横塱小学,横塱小学,横塱小学,BV11118933,,横塱小学,113.713637,23.259476,增城50A路、增城50路
横沥北街口,横沥北街口,横沥北街口,BV10022440,,横沥北街口,113.263662,23.342305,712路、750路
横沥地铁站公交总站,横沥地铁站公交总,横沥地铁站公交总站,BV11603419,,横沥地铁站公交总站,113.506427,22.755883,南14路、南沙24路、南沙G3路、南沙G5路
横沥南环街口,横沥南环街口,横沥南环街口,BV10342080,,横沥南环街口,113.260433,23.337374,712路、750路
横沥派出所,横沥派出所,横沥派出所站,BV09083524,,横沥派出所,113.493844,22.742688,40路/南40路、南10路、南17路、南55路、南沙10路短线、南沙12路、南沙G4路
横沥医院,横沥医院,横沥医院站,BV10015813,,横沥医院,113.488268,22.739234,40路/南40路、南10路、南17路、南55路、南沙10路短线、南沙12路、南沙G4路
横沥镇政府,横沥镇政府,横沥镇政府站,BV09269062,,横沥镇政府,113.480804,22.735381,40路/南40路、南10路、南17路、南55路、南沙10路短线、南沙12路、南沙G4路
横沥中街口,横沥中街口,横沥中街口,BV10022643,,横沥中街口,113.261820,23.339543,712路、750路
横沥中学,横沥中学,横沥中学站,BV09246072,,横沥中学,113.473997,22.734064,40路/南40路、南10路、南17路、南55路、南沙10路短线、南沙12路、南沙G4路
横岭八队(横岭村委路口),横岭八队(横岭村委路口),横岭八队(横岭村委路口),BV11477190,,,113.488043,23.616994,从902路
横岭村,横岭村,横岭村,BV10262284,,,113.773112,23.006051,莞86路
横楼,横楼,横楼,BV11116062,,横楼,113.980486,23.849615,从502路
横三路口,横三路口,横三路口,BV11352950,,横三路口,113.424594,23.562278,从406路
横沙村,横沙村#1,横沙村,BV10016514,,横沙村,113.209172,23.163063,290路、55路、745路、佛里07B路、夜96路
横沙村,横沙村#2,横沙村,BV11552457,,横沙村,113.070290,23.382856,花15路
横沙路,横沙路,横沙路,BV10256255,,,113.166753,23.120947,佛沥18路
横潭路口,横潭路口,横潭路口,BV09001446,,横潭路口,113.211864,23.379087,花10路、花17路联民村、花37路、花75路、花84路
横潭牌坊,横潭牌坊,横潭牌坊,BV10014223,,横潭牌坊,113.213600,23.379639,花10路、花17路联民村、花37路、花75路、花84路
横潭市场,横潭市场,横潭市场,BV11390860,,横潭市场,113.210480,23.381047,夜92路、花1路、花84路
横溪,横溪,横溪,BV11152728,,横溪,113.972058,23.809183,从501路、从503路、从913路
横涌,横涌,横涌,BV10252758,,,112.900277,23.183660,655A线、655B路、655路
横枝岗,横枝岗#1,横枝岗,BV09091397,,横枝岗,113.278067,23.146607,184路、245路、297路、546路、110路、109路
横枝岗,横枝岗#2,横枝岗,BV09091110,,横枝岗（广医肿瘤医院）,113.287782,23.149181,63路
横枝岗路北,横枝岗路北,横枝岗路北,BV10014636,,横枝岗路北（广州棋院）,113.290180,23.150700,63路
横枝岗路口,横枝岗路口,横枝岗路口站,BV11691189,,横枝岗路口（广医肿瘤医院）,113.289125,23.147664,297路、547路、706路、706路早间短线、110路、109路
横枝岗总站,横枝岗总,横枝岗总站,BV10389127,,横枝岗,113.288336,23.148960,184路
红港村站,红港村,红港村站,BV11400207,,,113.587615,22.632584,南30路
红港村(灵新支线路口)站,红港村(灵新支线路口)站,红港村(灵新支线路口)站,BV09078985,,,113.586643,22.636896,
红谷尚品站(临时站),红谷尚品站(临时站),红谷尚品站(临时站),BV09406124,,,113.239145,23.363685,花30路
红海货场,红海货场,红海货场,BV10024268,,红海货场,113.829948,23.156748,增城18路
红湖村路口站,红湖村路口,红湖村路口站,BV11400208,,,113.573718,22.647542,南30路
红莲路,红莲路,红莲路,BV09302216,,红莲路,113.579344,22.684226,南沙21路支线、南沙2路支线
红联,红联#1,红联站,BV11596280,,红联站,113.378272,23.660802,从408路
红联,红联#2,红联,BV11596279,,红联站,113.397572,23.666621,从408路
红岭,红岭,红岭,BV10887170,,红岭,113.826143,23.775374,从12路
红旗村,红旗村,红旗村,BV11268018,,红旗村,113.580541,23.603431,从6路
红旗坊,红旗坊,红旗坊,BV11601271,,红旗坊,113.294565,23.257300,嘉禾5线
红旗路,红旗路#1,红旗路,BV11421088,,红旗路（开元学校）,113.551612,23.215771,330A路、341路、379路、455路、永和便民01线
红旗路,红旗路#2,红旗路,BV10018285,,红旗路,113.366070,23.367938,473路、732路
红旗路北,红旗路北,红旗路北,BV11121298,,红旗路北,113.365533,23.374552,473路、732路
红旗路口,红旗路口,红旗路口,BV10014399,,红旗路口,113.364161,23.364648,727路、976路、夜83路
红旗路南,红旗路南,红旗路南,BV10018286,,红旗路南,113.365183,23.365891,473路、732路
红旗童庄中心街路口,红旗童庄中心街路口,红旗童庄中心街路口,BV11176880,,红旗童庄中心街路口,113.354003,23.378364,473路、727路
红旗中心(博罗庄),红旗中心(博罗庄),红旗中心(博罗庄),BV10018284,,,113.361479,23.378919,473路、727路
红旗中心路口,红旗中心路口,红旗中心路口,BV11091848,,红旗中心路口,113.351598,23.379304,473路、733路
红旗中心路中,红旗中心路中,红旗中心路中,BV11183575,,红旗中心路中,113.368592,23.381109,732路
红山,红山,红山,BV10974372,,红山,113.469649,23.096900,434路、夜41路、夜73路
红山村,红山村,红山村,BV11604725,,,113.274828,23.582474,花17路王子山班车
红石村委,红石村委,红石村委,BV10977099,,红石村委,113.564375,23.438498,从804路
红田围,红田围,红田围,BV11576163,,红田围,113.709829,23.577853,从701路
红卫岗,红卫岗,红卫岗,BV11575897,,红卫岗,113.078998,23.010590,佛251路
红线女中心,红线女中心,红线女中心,BV10988164,,红线女中心,113.337922,23.125630,138路、499路、545路、669路、901A路
红星村站,红星村,红星村站,BV10015924,,,113.472845,22.837086,南51路
红星工业路北,红星工业路北,红星工业路北,BV11402612,,红星工业路北,113.226942,23.218578,254路
红星工业路南,红星工业路南,红星工业路南,BV11402613,,红星工业路南,113.225444,23.216436,254路
红星路口,红星路口,红星路口,BV10252555,,红星路口,113.000530,23.129519,佛263路
红星南路,红星南路,红星南路,BV09108097,,红星南路,112.984895,23.110301,佛263路
红星平安大道南,红星平安大道南,红星平安大道南,BV10021217,,,113.223622,23.215446,夜107路
红星桥,红星桥,红星桥,BV11481125,,红星桥,113.216650,23.219356,705路、742路、831路、834路、841路、夜117路
红珠路,红珠路,红珠路,BV09404943,,,113.215198,23.383214,夜92路、花1路、花6路、花76路
红珠路口,红珠路口,红珠路口,BV09001427,,红珠路口,113.216113,23.380471,花10路、花37路、花75路、花84路
红庄社,红庄社,红庄社,BV09209207,,红庄社,114.024056,23.841769,从501路
宏岗沥口村,宏岗沥口村,宏岗沥口村站,BV09399076,,,113.141776,23.225496,佛里07B路
宏岗市场,宏岗市场,宏岗市场,BV11690541,,,113.140774,23.228242,佛里07B路
宏光路口,宏光路口,宏光路口,BV11690757,,宏光路口,113.538004,23.110481,321路、374路、439路、450路、454路环线、516路、566路、569路、572路、579路、940路、946路、B31路、夜49路、夜57路、夜73路
宏光路中,宏光路中,宏光路中站,BV11483209,,宏光路中,113.535317,23.110781,334路
宏明路口,宏明路口,宏明路口站,BV09320060,,宏明路口,113.527457,23.111370,334路、340路、567路
宏明路中,宏明路中,宏明路中,BV10018565,,宏明路中,113.534622,23.114811,321路、340路、454路环线
宏威路,宏威路,宏威路,BV11688699,,宏威路,113.187136,23.117403,广132路、广277路、广281路、广夜58路、广夜67路
宏威路口,宏威路口,宏威路口,BV11688740,,宏威路口,113.187832,23.115315,佛236路、佛250路、佛251路、佛263路、佛263路短线、佛277路、佛279路、佛沥18路、广123路、广132路、广260路、广277路、广281路、广286路、广969路、广夜58路、广夜67路、沥12B路、沥12路
洪德路,洪德路,洪德路1,BV09200956,1,洪德路①,113.247026,23.103556,188路、226路、288路、31路、521路、9路、夜3路、夜45路、夜69路、夜79路、夜7路、广123路、114路、102路
洪德路,洪德路,洪德路,BV11688508,2,洪德路,113.247056,23.103317,10路、16路、183路、226路、236路、288路、31路、521路、B21路、夜3路、夜45路、夜7路、广123路
洪奇沥大桥北(南沙交警二中队),洪奇沥大桥北(南沙交警二中队),洪奇沥大桥北(南沙交警二中队),BV09369537,,,113.504093,22.703867,
洪奇沥大桥北(南沙交警二中队),洪奇沥大桥北(南沙交警二中队),洪奇沥大桥北站,BV11119877,,,113.503750,22.703384,K981路
洪奇沥大桥西站,洪奇沥大桥西站,洪奇沥大桥西站,BV11119875,,,113.489455,22.688122,
洪石坊,洪石坊,洪石坊,BV10886949,,洪石坊（地铁菊树站）,113.208090,23.070950,962路、996路
鸿福地铁站,鸿福地铁,鸿福地铁站,BV10880721,,,113.752795,23.012056,莞86路
鸿福东路东,鸿福东路东,鸿福东路东,BV10266609,,,113.769614,23.005461,莞86路
鸿福商业中心,鸿福商业中心,鸿福商业中心,BV11645950,,鸿福商业中心,113.738650,23.018941,莞75路
鸿利光电,鸿利光电,鸿利光电,BV10471090,,鸿利光电,113.353763,23.448573,708路、花16路
鸿图科技,鸿图科技,鸿图科技,BV10544712,,,112.523811,23.043609,广州-肇庆
后海村口,后海村口,后海村口,BV10256195,,,113.179216,23.162543,790路
后海村路口,后海村路口,后海村路口,BV10648186,,,113.179759,23.163137,790路
后海村总站,后海村总,后海村总站,BV10394168,,,113.184842,23.168119,790路
后滘村,后滘村,后滘村,BV10014309,,后滘村,113.315106,23.064230,180路、195路、221路、301路、35路、582路、59路、5路、70路、762路、765路、788路、82路、836路、86路、960路、987路、9路、夜101路、夜34路、夜55路、582路班车
后滘村口,后滘村口,后滘村口,BV10018266,,后滘村口,113.307097,23.072921,466路
后滘西大街,后滘西大街,后滘西大街,BV10387276,,后滘西大街,113.310943,23.069600,466路
后街牌坊,后街牌坊,后街牌坊,BV10741030,,,112.905240,23.438134,花81路
胡屋,胡屋,胡屋站,BV11400773,,胡屋,113.394909,23.274611,973路、帽峰山旅游专线1线
胡宅路口,胡宅路口,胡宅路口,BV11632915,,胡宅路口,113.461270,23.513500,从807路
胡忠产科医院,胡忠产科医院,胡忠产科医院,BV10016699,,胡忠产科医院,113.192024,23.367854,花18路、花37路
胡忠儿童医院,胡忠儿童医院,胡忠儿童医院,BV11631573,,,113.195643,23.396990,花109路
胡忠儿童医院总站,胡忠儿童医院总,胡忠儿童医院总站,BV10442982,,胡忠儿童医院,113.195513,23.396856,花16路
胡忠医院,胡忠医院,胡忠医院站,BV09002135,,胡忠医院,113.200890,23.384616,夜92路、花16路、花18路、花5路、花62路、花63路、花63路短线、花68路、花68路白坭班车、花68路短线、花6路、花80路、花81路、花86路
湖滨南路,湖滨南路,湖滨南路,BV09349636,,湖滨南路,113.219307,23.225725,476路
湖东西社村,湖东西社村,湖东西社村,BV10561097,,湖东西社村,113.677896,23.209119,增城40路
湖景湾北门,湖景湾北门,湖景湾北门,BV10253103,,湖景湾北门,112.997356,23.121394,佛263路
湖山国际公交总站,湖山国际公交总,湖山国际公交总站,BV11260736,,湖山国际公交总站,113.557028,23.134205,358路、374路、572路
湖天货运站,湖天货运,湖天货运站,BV10013775,,湖天货运站,113.221755,23.192301,17路、198路、521路、705路、830路、839路、夜21路、夜2路、夜3路
湖洲,湖洲,湖洲,BV11688698,,湖洲,113.166613,23.138557,佛244路、佛沥12高峰线、广281路、沥12路
瑚琏农贸市场,瑚琏农贸市场,瑚琏农贸市场,BV11621263,,瑚琏农贸市场,113.330391,23.270889,736路、799路、837路
虎榜路口,虎榜路口,虎榜路口,BV11689901,,虎榜路口,113.171719,23.097910,佛244路、佛276路/佛276、佛277路、佛278路、佛279路、广260路、广419路
虎榜市场,虎榜市场,虎榜市场站,BV11371467,,虎榜市场,113.176182,23.098266,佛202路、佛244路、佛278路、广260路、广419路
虎窿村总站,虎窿村总,虎窿村总站,BV10382332,,,113.559509,23.354418,350路
虎门渡口站,虎门渡口,虎门渡口站,BV09305393,,虎门渡口（上湾小区）,113.582188,22.803229,南53路、南沙19路、南沙24路、番143路
虎门渡口(上湾小区)站,虎门渡口(上湾小区),虎门渡口(上湾小区)站,BV09271070,,虎门渡口（上湾小区）,113.581974,22.802592,南53路、南沙20路、南沙24路
虎门渡口总站,虎门渡口总,虎门渡口总站,BV09099103,,虎门渡口（上湾小区）,113.581965,22.802578,南沙20路
虎门高速联络道站,虎门高速联络道,虎门高速联络道站,BV11393017,,,113.582489,22.775220,九王庙临时接驳线内环、九王庙临时接驳线外环、南夜5路
虎门轮渡码头总站,虎门轮渡码头总,虎门轮渡码头总站,BV10981568,,虎门轮渡码头总站,113.582242,22.808381,南沙24路、南沙38路、南沙G4路
虎沙大道,虎沙大道,虎沙大道站,BV11664538,,虎沙大道,113.510517,22.859181,南沙8路
虎塘村,虎塘村,虎塘村,BV11209846,,虎塘村,113.321286,23.332045,724路、797路
虎塘村委总站,虎塘村委总,虎塘村委总站,BV11269586,,虎塘村委总站,113.321508,23.332130,733路
互太印染厂,互太印染厂,互太印染厂站,BV10015933,,,113.529147,22.685548,南28路、南沙9路团结围线、南沙9路缸瓦沙线
护林路(横沙村口),护林路(横沙村口),护林路(横沙村口),BV11692211,,护林路（横沙村口）,113.446395,23.116361,339路、344路、356路
护林路(江东村北),护林路(江东村北),护林路(江东村北),BV10388236,,护林路（江东村北）,113.467938,23.114567,432A路、B26路
护林路(敬业路口),护林路(敬业路口),护林路(敬业路口),BV11520582,,护林路（敬业路口）,113.472712,23.112436,431路、432A路、B26路
护林路(茅岗路口),护林路(茅岗路口),护林路(茅岗路口),BV11689178,,护林路（茅岗路口）,113.435846,23.118635,339路、356路、432A路、581路、945路
护林路(镇东路口),护林路(镇东路口),护林路(镇东路口)站,BV11619527,,护林路（镇东路口）,113.457696,23.114171,210路、377路、432路、459路
护林路(珠村),护林路(珠村),护林路(珠村),BV10407072,,护林路（珠村）,113.418594,23.119262,348路、B15路、B20路、夜13路、550路
护林路东总站,护林路东总,护林路东总站,BV10018089,,护林路东总站,113.478037,23.112320,431路、432A路、B26路
护林路西,护林路西,护林路西站,BV11412818,,护林路西,113.429036,23.119701,356路、390路、432A路、581路、945路
护林路中,护林路中,护林路中,BV11689179,,护林路中,113.440907,23.117590,339路、344路、356路、432A路、581路、945路、B30路
花博大道,花博大道,花博大道,BV10906296,,花博大道,113.197856,23.067302,207路
花城,花城,花城,BV10023804,,花城,113.286431,23.496101,花17路A、花17路联民村、花83B路
花城北路,花城北路,花城北路,BV10462379,,花城北路,113.202765,23.395175,花86路
花城村卫生站,花城村卫生#1,花城村卫生站,BV11382869,,,113.289900,23.495714,花17路C
花城村卫生站,花城村卫生#2,花城村卫生站,BV09200449,,,113.295151,23.504664,花17路C
花城大道(华穗路口),花城大道(华穗路口)#1,花城大道(华穗路口),BV10021402,,花城大道（华穗路口）,113.314014,23.122237,194路、230路、40路、811路、夜109路、107路
花城大道(华穗路口),花城大道(华穗路口)#1,花城大道,BV11462417,,花城大道,113.311551,23.122453,138路、194路、230路、40路、44路、811路、B22路、夜109路、107路
花城大道(华穗路口),花城大道(华穗路口)#2,花城大道,BV11474543,,花城大道（地铁潭村站）,113.340949,23.120043,499路、545路、669路、夜109路
花城大道(平云路口),花城大道(平云路口),花城大道(平云路口),BV11626803,,花城大道（平云路口）,113.344679,23.119833,499路
花城大道东,花城大道东,花城大道东,BV10014666,,花城大道东,113.336588,23.120325,40路、499路、545路、777路、886路、901A路、夜109路
花城广场,花城广场,花城广场,BV10022054,,花城广场（友谊国金店）,113.317371,23.121685,194路、40路、777路、夜109路
花城广场西总站,花城广场西总,花城广场西总站,CL100016,,花城广场西总站,113.315896,23.122836,107路
花城南路,花城南路,花城南路,BV11690336,,花城南路,113.211840,23.376232,702路、712路、花21路、花21路夜班、花75路
花地,花地,花地,BV11688506,,花地,113.227911,23.102455,19路、206路、236路、312路、411路、414路、52路、552路、55路、57路、74路、75路、780路、783路、812路、838路、839路、965路、990路、夜11路、夜29路、夜44路、夜69路、广281路、广夜67路
花地大道,花地大道,花地大道,BV09001039,1,花地大道,113.228264,23.092284,217路、222路、487路、71路、782A路、782路、839路、佛278路、夜103路、夜113路、夜44路、广565路、沥17B路、沥17B路区间
花地大道,花地大道,花地大道2,BV09163014,2,花地大道②,113.228447,23.092072,71路、782A路、838路、966路、夜44路、沥17B路、沥17B路区间
花地大道,花地大道,花地大道站1,BV09304066,1,,113.228705,23.090293,217路、222路、487路、525路、839路、夜113路、广565路
花地大道(海南村),花地大道(海南村),花地大道(海南村)站,BV10798986,,花地大道（海南村）,113.219443,23.057300,19路、285路、525路、787路、佛232路、商务专线4路、广275路、广275路出场短线、桂09路、桂12路、桂21路、桂23路
花地大道北(花地湾),花地大道北(花地湾),花地大道北(花地湾)1,BV09304067,1,花地大道北（花地湾）,113.229758,23.099316,217路、838路、夜44路、106路
花地大道北(花地湾),花地大道北(花地湾),花地大道北,BV10014795,,花地大道北（花地湾）,113.229758,23.099316,15路、1路、71路、782路
花地大道北(花地湾),花地大道北(花地湾),花地大道北(花地湾)站,BV11688402,,花地大道北（花地湾）,113.228996,23.097864,15路、1路、217路、414路、71路、783路、839路、佛202路、夜113路、夜1路、夜44路
花地大道南,花地大道南,花地大道南站,BV10798985,,花地大道南,113.215126,23.052924,19路、525路、佛232路、商务专线4路、广275路、广275路出场短线、桂09路、桂12路、桂21路、桂23路
花地大道南总站(鹅公村),花地大道南总站(鹅公村),花地大道南总站(鹅公村),BV10405573,,花地大道南（鹅公村）总站,113.219315,23.058012,285路、787路
花地大道中,花地大道中,花地大道中,BV11687889,,花地大道中,113.228157,23.071395,181路、217路、222路、525路、69路、70路、71路、769路/769路快线、91路、佛232路、夜103路、夜44路、广277路、广565路、桂23路
花地湾地铁站,花地湾地铁,花地湾地铁站,BV10018357,,花地湾地铁站,113.228539,23.090498,487路、782A路、782路、839路、夜103路、广565路、沥17B路、沥17B路区间
花东派出所,花东派出所,花东派出所,BV11401364,,花东派出所,113.326702,23.438091,708路、夜106路、花16路、花84路、花85路
花东市场,花东市场,花东市场站,BV11691191,,花东市场,113.314564,23.439156,708路、711路、夜106路、花16路、花32路、花84路、花85路
花东镇政府(小太阳幼儿园),花东镇政府(小太阳幼儿园),花东镇政府,BV11568709,,花东镇政府,113.320305,23.439181,708路、夜106路、花16路、花32路
花东镇政府(小太阳幼儿园),花东镇政府(小太阳幼儿园),花东镇政府(小太阳幼儿园),BV11680453,,花东镇政府,113.321942,23.439032,夜106路
花东中队,花东中队,花东中队,BV10016613,,花东中队,113.283604,23.438799,711路、花16路、花17路A、花32路、花84路、花85路
花东中学路口,花东中学路口,花东中学路口,BV11591067,,花东中学路口,113.326164,23.444884,花32路
花都120指挥中心,花都120指挥中心,花都120指挥中心,BV10431531,,花都120指挥中心,113.221335,23.389307,花25路
花都宝井,花都宝井,花都宝井,BV10016939,,花都宝井,113.127448,23.365533,花22路、花24路
花都北兴总站,花都北兴总,花都北兴总站,BV11380280,,花都北兴总站,113.406961,23.430858,709路、714路、夜116路、高峰快线72路
花都大道东,花都大道东,花都大道东,BV09063348,,花都大道东,113.254844,23.429109,花85路
花都大道西,花都大道西,花都大道西,BV11592997,,花都大道西,113.208498,23.430045,花25路
花都儿童公园,花都儿童公园,花都儿童公园,BV10709927,,,113.235524,23.421919,花105路
花都儿童公园总站,花都儿童公园总,花都儿童公园总站,BV10847898,,,113.235524,23.421919,花105路
花都飞鹅岭地铁口,花都飞鹅岭地铁口,花都飞鹅岭地铁口,BV11602106,,花都飞鹅岭地铁口,113.150661,23.380027,乐平01B路
花都富力金港城总站,花都富力金港城总,花都富力金港城总站,BV10908735,,,113.354426,23.459490,708路、夜106路
花都港综合办公楼,花都港综合办公楼,花都港综合办公楼,BV10492528,,花都港综合办公楼,113.128490,23.352867,花19路
花都广场,花都广场,花都广场,BV10016943,,花都广场,113.212766,23.401358,花109路、花22路、花23路、花75A路、花75路、花7路、花86路、花9路
花都广场(地铁A出口),花都广场(地铁A出口),花都广场(地铁A出口),BV11552460,,花都广场（地铁A出口）,113.216737,23.401462,715路、花2路、花70路、花70路短线、花75A路、花75路、花85路、花9路
花都广场(区政府),花都广场(区政府),花都广场(区政府),BV11550145,,花都广场（区政府）,113.216929,23.405254,花18路、花85路、花86路、花9路、701路
花都海关,花都海关,花都海关,BV09404838,,花都海关,113.198690,23.389038,花16路、花18路、花22路、花86路
花都湖,花都湖,花都湖,BV09309193,,,113.224023,23.386544,夜92路、花17路联民村、花1路
花都理工学校正门,花都理工学校正门,花都理工学校正门,BV11634512,,,113.214363,23.434984,花86路
花都理工职业学校,花都理工职业学校,花都理工职业学校,BV10553639,,花都理工职业学校,113.210929,23.433023,花23路、花63路、花63路短线
花都两龙总站,花都两龙总站,花都两龙总站,BV09220594,,,113.276571,23.453776,
花都美居中心,花都美居中心,花都美居中心,BV11690762,,花都美居中心,113.219950,23.360684,702路、花21路、花21路夜班
花都区驾驶人考场,花都区驾驶人考场,花都区驾驶人考场,BV09127353,,,113.218898,23.462324,花23路
花都区青少宫,花都区青少宫,花都区青少宫,BV11650549,,,113.213686,23.417061,花105路
花都区人民医院,花都区人民医院,花都区人民医院,BV09136866,,花都区人民医院,113.206793,23.377023,花1路、花37路、花75A路
花都区政务中心,花都区政务中心,花都区政务中心,BV11573300,,花都区政务中心,113.216885,23.416330,花19路、花6路、花86路
花都一中站,花都一中,花都一中站,BV10016662,,花都一中,113.266350,23.441158,夜129路、花4路、704路
花都音像厂站,花都音像厂,花都音像厂站,BV10018748,,花都音像厂,113.267345,23.445391,夜129路、花4路、704路
花港大道路口,花港大道路口,花港大道路口,BV10492535,,花港大道路口,113.136032,23.352882,花19路
花果山公园,花果山公园,花果山公园,BV10015550,,花果山公园,113.213862,23.389226,花16路、花23路、花75A路、花76路
花果山公园北门,花果山公园北门,花果山公园北门,BV11082510,,花果山公园北门,113.214191,23.394897,花19路、花75A路
花卉世界,花卉世界#1,花卉世界,BV10251983,,花卉世界,113.156724,22.975606,佛K330路/K330路快线
花卉世界,花卉世界#2,花卉世界,BV09006098,,花卉世界,113.215796,23.450205,花23路、花63路、花63路短线
花蕾路,花蕾路,花蕾路,BV10019335,,花蕾路,113.231317,23.095830,183路、487路、782A路、782路、838路、965路、966路
花林湖畔,花林湖畔,花林湖畔,BV11308175,,花林湖畔,113.520533,23.607932,从1路西线、从402路、从化921路
花林湖畔总站,花林湖畔总,花林湖畔总站,BV11335401,,花林湖畔总站,113.521872,23.606256,从3路、从401路、从402路、从化921路
花岭,花岭,花岭,BV11139993,,花岭,113.971099,23.770095,从503路
花侨市场,花侨市场,花侨市场,BV11497169,,花侨市场,113.369920,23.422568,716路、花84路
花山城西村,花山城西村,花山城西村,BV10471826,,花山城西村,113.282791,23.498811,花83B路
花山村,花山村,花山村,BV09225746,,,113.584838,23.361696,增城53路
花山第二工业区,花山第二工业区,花山第二工业区,BV10015516,,花山第二工业区,113.249523,23.400116,花17路联民村、花1路、花84路
花山两龙,花山两龙,花山两龙,BV10023846,,,113.276085,23.460009,花4路
花山医院(106国道),花山医院(106国道),花山医院(106国道),BV10432249,,花山医院,113.274581,23.458444,花17路A、花83B路
花山医院(106国道站),花山医院(106国道站),花山医院(106国道站),BV10878861,,,113.274663,23.458724,花17路联民村
花山镇政府,花山镇政府,花山镇政府,BV11427236,,花山镇政府,113.267599,23.436613,711路、花16路、花17路联民村、花83路、花84路、花85路、花4路
花山中学,花山中学,花山中学,BV11552458,,花山中学,113.273987,23.460358,花83路、花4路
花田路口,花田路口,花田路口,BV09243525,,花田路口,113.362267,23.403112,473路、734路
花湾路,花湾路,花湾路,BV10022777,,花湾路,113.233688,23.087011,990路
花溪路口,花溪路口,花溪路口,BV10022776,,花溪路口,113.232508,23.085020,121A路、782A路、966路、990路
花语阳光花园,花语阳光花园,花语阳光花园,BV11669460,,花语阳光花园,113.497696,22.770048,南沙23B路、南沙5路、南沙32路
花园酒店,花园酒店,花园酒店2,BV09226130,2,花园酒店②,113.283683,23.138201,B2A路、B2路、夜14路、夜15路、夜25路、夜41路、夜56路、夜5路、夜77路、夜88路、夜89路
花园酒店,花园酒店,花园酒店,BV09360551,1,花园酒店①,113.283683,23.138201,10路、125路、189路、191路、220路、225路、233路、245路、247路、278路、280路、301A路、545路、546路、63路、6路、810路、833路、862路、886路、夜105路、夜4路、空港快线2号线、空港快线2号线夜班、空港快线2线
花园路,花园路,花园路,BV11377522,,,113.266165,23.194342,421路
花园路口,花园路口,花园路口,BV11377523,,,113.266998,23.196165,421路
花苑广场,花苑广场,花苑广场站,BV11688738,,花苑广场,113.147291,23.035678,佛279路、桂23路
华成路公园站,华成路公园,华成路公园站,BV11622451,,,113.290229,23.348603,空港2路、空港2路公交短线
华成路口,华成路口,华成路口,BV09355190,,华成路口,113.315683,23.122842,499路、62路、777路、901A路
华成路总站,华成路总,华成路总站,BV11203684,,华成路（高德置地广场）总站,113.316579,23.123537,138路、901A路、107路
华创产业园一期总站,华创产业园一期总,华创产业园一期总站,BV11337777,,华创产业园一期总站,113.417671,22.994559,番66路
华创动漫产业园路口,华创动漫产业园路口,华创动漫产业园路口,BV11635885,,华创动漫产业园路口,113.415468,23.003929,番75路
华达汽车,华达汽车,华达汽车,BV11449184,,华达汽车,113.631399,23.168071,增城21路、增城46路
华发峰尚花园,华发峰尚花园,华发峰尚花园,BV11283996,,,113.623156,23.339157,增城36路
华风技工学校,华风技工学校,华风技工学校,BV11461727,,,113.158069,23.374596,花37路
华风技校,华风技校,华风技校,BV11581329,,华风技校,113.155416,23.377121,花19路
华峰路(红旗村),华峰路(红旗村),华峰路(红旗村)站,BV10411318,,华峰路（红旗村）,113.554424,23.220567,330A路、341路、455路
华峰路口,华峰路口,华峰路口站,BV09368449,,华峰路口,113.553308,23.222969,341路、455路
华峰路口总站,华峰路口总,华峰路口总站,BV09097133,,华峰路口总站,113.553308,23.222969,330A路
华峰寺,华峰寺,华峰寺站,BV09368447,,华峰寺,113.556574,23.225633,455路、永和便民01线
华峰寺总站,华峰寺总,华峰寺总站,BV11040301,1,华峰寺总站①,113.557736,23.225874,341路、948路
华甫村,华甫村,华甫村站,BV11692324,,华甫村,113.511815,23.169155,335路、358路、365路、366路、371路、375路、391A路、391路、946路、948路、夜52路
华工,华工,华工,BV10016015,,华工,113.397611,23.049301,332路、387路、86路、夜50路、大学城专线1路、大学城专线2路、大学城专线3路、大学城环线1路、番201路、番202路旅游专线
华工北路,华工北路,华工北路,BV10388536,,华工北路（南国会国际会议中心）,113.409460,23.055674,332路、387路
华工北路东,华工北路东,华工北路东,BV10326970,,华工北路东,113.403650,23.056719,332路、387路
华工大,华工大,华工大,BV11485000,,华工大,113.343709,23.152847,20路、218路、405路、41路、775路、78A路、78路、B10路、夜23路、夜53路、高峰快线32路
华工大总站,华工大总,华工大总站,BV10017909,,华工大总站,113.342532,23.150974,230路、32路、775路、大学城专线2路、高峰快线32路
华工广州国际校区北门,华工广州国际校区北门,华工广州国际校区北门,BV09256511,2,华工广州国际校区北门②,113.399121,23.019764,番87路
华工广州国际校区北门,华工广州国际校区北门,华工广州国际校区北门1,BV09274273,1,华工广州国际校区北门②,113.398644,23.019264,番87路
华工国际校区公交总站,华工国际校区公交总,华工国际校区公交总站,BV09011384,,华工国际校区公交总站,113.395684,23.009577,番10路、番17路、番186路
华工国际校区南门,华工国际校区南门,华工国际校区南门,BV11279315,,华工国际校区南门,113.401894,23.010112,番52路
华工生活区,华工生活区,华工生活区,BV10016016,,华工生活区,113.398686,23.053880,332路、387路、86路、夜50路、大学城专线1路、大学城专线2路、大学城专线3路、大学城环线1路、番201路、番202路旅游专线
华工正门,华工正门,华工正门,BV10014718,,华工正门,113.404907,23.047120,番201路
华观路,华观路,华观路,BV11689185,,华观路,113.385021,23.170498,581路、582路、776路、78A路、901A路、901路、B10路、B4A路、夜101路、夜53路、夜68路、高峰快线32路、582路班车
华观路(火炉山森林公园),华观路(火炉山森林公园),华观路(火炉山森林公园),BV10405622,,华观路（火炉山森林公园）,113.380540,23.170636,581路、582路、776路、78A路、901A路、901路、B10路、B4A路、夜101路、夜53路、夜68路、582路班车
华观路东,华观路东,华观路东,BV10405901,,华观路东,113.407983,23.169379,78A路、B4A路、夜53路
华观路中,华观路中,华观路中,BV10405889,,华观路中,113.401792,23.169767,491路、78A路、B26路、B4A路、夜53路
华贵路,华贵路,华贵路,BV09001149,,华贵路,113.236733,23.125672,15路、207路、226路、268路、530路、541路、61路、夜39路
华贵路口,华贵路口,华贵路口,BV10016189,,华贵路口,113.235722,23.126561,124路、15路、226路、268路、530路、541路、55路、61路、66路、74路、8路、夜121路、夜39路、夜6路
华海大厦,华海大厦,华海大厦1,BV09317631,1,华海大厦①,113.270151,23.096194,188路、190路、253路、25路、270路、273路、299路、53路、544路、82路、夜16路、夜23路、夜32路、夜33路、夜37路、夜42路
华海大厦,华海大厦,华海大厦,BV10015713,2,华海大厦②,113.270764,23.095344,180路、186路、188路、192路、222路、25路、270路、273路、299路、44路、53路、544路、551路、59路、夜16路、夜32路、夜33路、夜37路、夜42路、大学城专线3路
华海工业区,华海工业区,华海工业区,BV10017318,,华海工业区,113.185635,23.397985,花31路
华海街口,华海街口,华海街口,BV10458379,,华海街口,113.216991,23.182261,477路
华辉度假村,华辉度假村,华辉度假村,BV10022862,,华辉度假村,113.633151,23.622876,从11路、从12路、从19路、从20路、从4路、从701路、从4路快线
华辉路东,华辉路东,华辉路东,BV10555310,,华辉路东,113.280104,23.458011,花32路
华汇广场站,华汇广场,华汇广场站,BV10016463,,华汇广场,113.550948,22.803168,南34路、南沙12路、南沙38路、南沙62路、南沙63路A线、南沙63路B线、南沙8路
华景北路,华景北路,华景北路站,BV11095871,,华景北路,113.355271,23.144003,130路、191路、194路、239路、298路、B9路、夜89路
华景北路东,华景北路东,华景北路东,BV11581959,,华景北路东,113.359271,23.143507,194路、239路
华景北路口,华景北路口,华景北路口,BV11580708,,华景北路口,113.354481,23.143543,194路、239路
华景路口,华景路口,华景路口,BV10019613,,华景路口,113.352613,23.138119,194路、239路、B9路
华景新城(南华路),华景新城(南华路),华景新城(南华路),BV10019865,,华景新城（南华路）,113.360010,22.927730,番129路、番165路、番20B路、番30路
华景新城,华景新城#1,华景新城,BV09244990,1,BRT华景新城1,113.354434,23.136843,B11路、B12路、B16路、B17路、B1短线快车、B1路、B20路、B21路、B25路、B2A路、B2路、B3路、B4路、B5路
华景新城,华景新城#1,华景新城,BV10014575,,华景新城,113.355911,23.136514,夜17路、夜19路、夜25路、夜34路、夜38路、夜41路、夜43路、夜48路、夜68路、夜9路
华景新城,华景新城#2,华景新城,BV11578800,,华景新城,113.362741,22.929151,番20B路
华景新城西,华景新城西,华景新城西,BV10016446,,华景新城西,113.353184,23.146383,130路、191路、298路、560路、夜89路
华景新城总站,华景新城总,华景新城总站,BV10016448,,华景新城总站,113.359846,23.143434,130路、191路、293路、298路、B4A路、B9路、夜89路
华景新城(翰景路)总站,华景新城总站(翰景路),华景新城总站(翰景路),BV11107113,,华景新城（翰景路）总站,113.353831,23.145336,194路、239路、560路
华景新城(翰景路)总站,华景新城总站(翰景路),华景新城(翰景路)总站,BV11578887,,华景新城（翰景路）总站,113.354058,23.145289,194路
华景新村,华景新村,华景新村,BV10019614,,华景新村,113.353274,23.140860,194路、239路、B9路
华凯燃气站,华凯燃气,华凯燃气站,BV10840065,,,113.552173,22.822590,南沙63路A线、南沙63路B线
华坑村,华坑村,华坑村,BV11627159,,华坑村,113.465674,23.318976,726路、827路
华坑路,华坑路,华坑路,BV10017802,,华坑路,113.480396,23.107854,360路、390路、434路
华坑生态村,华坑生态村,华坑生态村,BV10021386,,华坑生态村,113.485408,23.112287,360路
华坑生态村总站,华坑生态村总,华坑生态村总站,BV10017803,,华坑生态村总站,113.484733,23.112536,390路、434路
华乐大厦,华乐大厦,华乐大厦,BV10017054,,华乐大厦,113.281989,23.137540,483路
华立学院,华立学院,华立学院,BV10020748,,华立学院,113.857982,23.241918,增城18路、增城1路、增城74路、增城7路
华立学院总站,华立学院总,华立学院总站,BV11259172,,华立学院总站,113.858312,23.242110,增城18路、增城1路、增城74路
华林寺,华林寺,华林寺,BV09242705,,华林寺,113.241747,23.123094,17路、181路、226路、238路、251路、288路、297路、521路、552路、夜3路、夜45路、夜79路、夜99路、旅游公交2线、广205路、114路
华美路(广汕路口),华美路(广汕路口),华美路(广汕路口),BV10014290,,华美路（广汕路口）,113.381185,23.199008,497路、84A路、夜71路
华美学校,华美学校,华美学校,BV10014430,,华美学校,113.380675,23.201613,497路、84A路、夜71路
华南碧桂园,华南碧桂园,华南碧桂园,BV10014519,,华南碧桂园,113.343010,22.999805,129路、302路、303路、310路、987路、公交地铁接驳专线9路、夜88路、番145路、番146路、番163A路、番163B路、番186路、番52路、番89路、番88路
华南碧桂园,华南碧桂园,华南碧桂园(南行),BV10878382,,华南碧桂园,113.343010,22.999805,番10路
华南碧桂园,华南碧桂园,华南碧桂园(北行),BV11578978,,华南碧桂园,113.342859,23.001096,番10路
华南碧桂园东门,华南碧桂园东门,华南碧桂园东门,BV11688143,,华南碧桂园东门,113.355303,22.995610,公交地铁接驳专线9路、番10路、番186路、番88路
华南纺织创新科技园,华南纺织创新科技园,华南纺织创新科技园,BV10998030,,,112.948789,23.442400,655A线、655B路、655路
华南家电研究院,华南家电研究院,华南家电研究院,BV10253574,,,113.325311,22.816591,307路/佛307路
华南轮胎厂,华南轮胎厂,华南轮胎厂,BV10425402,,华南轮胎厂,113.379593,22.958346,番4路、番52路
华南汽车城东,华南汽车城东,华南汽车城东,BV11689963,,华南汽车城东,113.126212,23.070310,佛250路、佛277路
华南汽车城西,华南汽车城西,华南汽车城西站,BV11689961,,华南汽车城西,113.118366,23.071163,佛250路、佛277路、广州-肇庆
华南师范大学(南海校区),华南师范大学(南海校区),华南师范大学(南海校区),BV10253331,,,113.023296,23.145876,佛275路
华南师范大学附属南沙中学,华南师范大学附属南沙中学,华南师范大学附属南沙中学,BV09099112,,,113.533365,22.818788,南53路
华南新城,华南新城,华南新城,BV10014317,,华南新城,113.340816,23.014519,302A路、公交地铁接驳专线8路、番17路、番17路长线、番30路、番53路、番56路
华南新城(沿江东路),华南新城(沿江东路),华南新城(沿江东路),BV11172007,,华南新城（沿江东路）,113.345574,23.028685,番188路、番58路、番86路
华南新城(沿江路),华南新城(沿江路),华南新城(沿江路),BV11694314,,,113.345606,23.028796,番86路
华南新城北区西门,华南新城北区西门,华南新城北区西门,BV10015100,,华南新城北区西门,113.342103,23.026266,公交地铁接驳专线7路、番58路、番86路、高峰快线42路
华南新城临时公交总站,华南新城临时公交总,华南新城临时公交总站,BV11172008,,华南新城临时公交总站,113.352489,23.025860,番188路、番58路、番86路
华南新城南区正门,华南新城南区正门,华南新城南区正门站,BV11131945,,华南新城南区正门,113.342668,23.022591,公交地铁接驳专线7路、番58路、番86路、高峰快线42路
华农大东北门,华农大东北门,华农大东北门,BV11621852,,华农大东北门,113.359122,23.161726,20路、41路
华农大正门,华农大正门,华农大正门,BV09242193,,华农大正门,113.347622,23.154640,20路、218路、405路、41路、775路、78A路、78路、B10路、夜23路、夜53路、高峰快线32路
华农基地,华农基地,华农基地,BV10024312,,华农基地,113.630043,23.241601,增城36路
华侨城,华侨城,华侨城,BV09005810,,华侨城,113.349214,22.935379,番108B路、番129路、番15路、番22B路、番22路、番27路、番30路、番3路、番68路、番6路、番7路、番夜5路、番108路
华侨城,华侨城,华侨城分站,BV11132734,,华侨城,113.348991,22.936354,番22B路、番22路、番7路
华侨城北门,华侨城北门,华侨城北门,BV10023282,,华侨城北门,113.346274,22.937249,番22B路、番22路
华侨城欢乐海岸plus,华侨城欢乐海岸plus,华侨城欢乐海岸plus,BV11686478,,,113.300485,22.821934,307路/佛307路、K314路
华侨城欢乐海岸PLUS,华侨城欢乐海岸PLUS,华侨城欢乐海岸PLUS,BV11654362,,华侨城欢乐海岸PLUS,113.302370,22.821330,307路/佛307路、K314路
华侨城主题公园,华侨城主题公园,华侨城主题公园,BV11266409,,华侨城主题公园,113.295906,22.814461,K314路
华侨工业园,华侨工业园,华侨工业园,BV10016659,,华侨工业园,113.275942,23.464271,花17路A、花17路联民村、花83B路
华侨农场,华侨农场,华侨农场,BV09317448,,华侨农场,113.367298,23.421926,716路、花84路
华侨医院(潭村),华侨医院(潭村),华侨医院,BV09067059,2,华侨医院（潭村）,113.346504,23.127431,137路、194路、218路、243路、245路、261路、53路、540路、541路、547路、548路、583路、B22路、B8路、夜13路、夜18路、夜35路、夜36路、夜39路、夜40路、夜93路、大学城专线4路
华侨医院(潭村),华侨医院(潭村),华侨医院(潭村)1,BV09232892,1,华侨医院（潭村）①,113.346430,23.128053,140路、194路、261路、517路、540路、547路、B15路、B22路、夜27路、夜36路、夜39路
华侨医院(潭村),华侨医院(潭村),华侨医院(潭村),BV10539406,1,华侨医院（潭村）,113.346677,23.127401,140路、218路、243路、284路、299路、504路、517路、518路、53路、541路、542路、562路、583路、901A路、B15路、B8路、夜13路、夜27路、大学城专线4路
华侨中学,华侨中学#1,华侨中学站,BV09200357,,,113.292944,22.808787,312路
华侨中学,华侨中学#2,华侨中学,BV09276327,,华侨中学,113.821371,23.283131,增城10路、增城48路、增城6路
华泉社区,华泉社区,华泉社区,BV11671077,,华泉社区,113.244179,23.168122,740路
华软南门,华软南门,华软南门,BV11393823,,,113.490407,23.450574,从801路
华润热电厂,华润热电厂,华润热电厂站,BV11664540,,华润热电厂,113.524430,22.860053,南沙8路
华润瑞府公交总站,华润瑞府公交总,华润瑞府公交总站,BV09302144,,华润瑞府公交总站,113.498068,22.768129,南沙5路、南沙学1路
华润涂料捷信厂,华润涂料捷信厂,华润涂料捷信厂站,BV11164942,,,113.355346,22.818586,312路
华沙村,华沙村,华沙村,BV11489692,,华沙村,113.424406,23.191511,324路、345A路、449路、83路、夜60路、夜68路、333路
华山路,华山路,华山路,BV10610424,,华山路,113.470285,22.962922,番132路旅游专线
华商学院,华商学院,华商学院站,BV11689033,,华商学院,113.772474,23.257102,增城14路、增城64路、增城65路、增城78路、增城82路、增城9A路/9A路快线、增城9路、增城9路快线
华商职业学院,华商职业学院,华商职业学院,BV11190506,,华商职业学院,113.779309,23.257818,增城14路、增城64路、增城65路、增城78路、增城82路、增城9路
华盛南路,华盛南路,华盛南路,BV10681249,,华盛南路,113.302287,23.086195,182路、767路、823路、882路快线、8路、964路
华师,华师#1,华师,BV10014713,,华师,113.375181,23.050788,383路、801路、B25路、夜48路、大学城专线2路、大学城环线1路、大学城环线2路、番201路
华师,华师#2,华师站,BV09364561,,,113.340286,23.143278,813路、夜23路、夜89路
华师大南门,华师大南门,华师大南门,BV10019585,,华师大南门,113.346847,23.137720,B10路、夜23路
华师大厦酒店,华师大厦酒店,华师大厦酒店,BV10558838,,,113.344145,23.138177,空港快线2号线
华师附属大学城小学,华师附属大学城小学,华师附属大学城小学,BV11069600,,华师附属大学城小学,113.384488,23.059168,387路、大学城环线2路、番202路旅游专线
华师附小(东悦湾校区)站,华师附小(东悦湾校区),华师附小(东悦湾校区)站,BV09305899,,华师附小（东悦湾校区）,113.527070,22.813199,南沙31路支线
华师附中,华师附中#1,华师附中站,BV11519158,,华师附中（花都校区）,113.220212,23.434960,19路直达快线、花31路
华师附中,华师附中#2,华师附中站,BV11519159,,华师附中,113.338048,23.138660,B10路、B11路、B17路
华师附中新世界学校,华师附中新世界学校,华师附中新世界学校,BV10014211,,华师附中新世界学校,113.288520,23.237507,539路、656路、663路、667路、671路、798路、799路、924路、夜62路
华师附中总站,华师附中总,华师附中总站,BV11216107,,,113.219598,23.432836,花75A路
华师生活区(华师一路),华师生活区(华师一路),华师生活区(华师一路),BV10388937,,,113.378928,23.051776,夜48路、夜50路、大学城专线4路
华穗路,华穗路,华穗路,BV10022156,,华穗路,113.312991,23.119269,138路、44路、B22路
华堂街,华堂街,华堂街,BV10660881,,,113.192508,23.160542,790路
华腾路,华腾路,华腾路,BV11333410,,华腾路（华创产业园二期）,113.419721,22.995090,番66路
华腾路口,华腾路口,华腾路口,BV11333409,,华腾路口,113.416020,22.990897,番66路
华文航空学校,华文航空学校,华文航空学校,BV09028486,,华文航空学校,113.109201,23.329564,花24A路
华夏北,华夏北,华夏北,BV10948835,,华夏北（御景名门）,113.171572,23.105502,广419路
华夏路北,华夏路北,华夏路北,BV10021750,,华夏路北,113.315763,23.128953,499路、518路、562路、62路、777路
华夏陶瓷城西门,华夏陶瓷城西门,华夏陶瓷城西门,BV10251530,,华夏陶瓷城西门,113.004713,22.962005,佛251路
华夏学院,华夏学院,华夏学院,BV10621021,,华夏学院,113.510084,23.577350,从10路、从402路、从9路、从化922路
华夏学院总站,华夏学院总,华夏学院总站,BV11491307,,华夏学院总站,113.508012,23.578098,从402路
华馨苑,华馨苑,华馨苑,BV10014158,,华馨苑,113.590562,23.119274,571路、增城22路、增城22路/增22路、增城37路、增城39路
华兴工业区,华兴工业区,华兴工业区,BV10015571,,华兴工业区,113.223644,23.350627,花21路、花21路夜班、花8路
华兴综合市场,华兴综合市场,华兴综合市场,BV11643291,,华兴综合市场,113.595917,23.140147,571A路、增城23路、增城32路内环、增城32路外环、增城35路、增夜4路
华严寺,华严寺,华严寺,BV09313064,,华严寺,113.218099,23.464515,花23路、花63路、花63路短线、花83路、花86路、花88路、花88路短线
华严寺总站,华严寺总,华严寺总站,BV11430051,,,113.217997,23.464633,花88路短线
华扬路,华扬路,华扬路站,BV11619531,,华扬路,113.424032,23.201073,324路
华阳村,华阳村,华阳村,BV10263111,,,113.566086,23.076447,莞616路、莞619路
华阳工业区,华阳工业区,华阳工业区,BV10263115,,,113.563647,23.077912,莞616路、莞619路
华阳湖路口,华阳湖路口,华阳湖路口,BV10494263,2,华阳湖路口②,113.556186,23.056003,莞616路、莞619路
华阳湖路口,华阳湖路口,华阳湖路口2,BV11671373,2,,113.557072,23.056128,广369路、莞86路
华阳湖湿地公园,华阳湖湿地公园,华阳湖湿地公园,BV10266784,,,113.564026,23.070427,莞616路、莞619路
华阳南路,华阳南路,华阳南路,BV10619428,,华阳南路,113.145986,22.973310,佛K330路/K330路快线
华洲路,华洲路,华洲路,BV10018235,,华洲路,113.339990,23.078981,252路、270路、45路、764路
华洲路(华泰西街路口),华洲路(华泰西街路口),华洲路(华泰西街路口),BV10783496,,华洲路（华泰西街路口）,113.343587,23.075319,252路、270路、45路、764路
华洲路口,华洲路口,华洲路口,BV10783495,,华洲路口,113.341252,23.075310,252路、270路、45路、764路
华洲路中,华洲路中,华洲路中,BV11485266,,华洲路中,113.346818,23.075618,252路、270路、45路、764路
化工研究院,化工研究院,化工研究院,BV10023632,,化工研究院,113.624856,23.303447,增城11A路、增城11路、增城36路、增城54路
化龙产业园,化龙产业园,化龙产业园,BV10019995,,化龙产业园,113.494247,23.045400,番61路
化龙车站,化龙车,化龙车站,BV10015107,,化龙车站,113.444135,23.044397,番128路、番51路、番53路、番59路、番60路、番61路、番62路、番63路、番76路
化龙大道中,化龙大道中,化龙大道中,BV09381928,,化龙大道中,113.441679,23.042050,番52路、番77路
化龙驾驶人考场,化龙驾驶人考场,化龙驾驶人考场,BV11162078,,,113.456961,23.060323,番60路
化龙教练场,化龙教练场,化龙教练场,BV11018446,,化龙教练场,113.460741,23.048897,番60路
化龙医院,化龙医院,化龙医院,BV10020005,,化龙医院,113.447484,23.046119,番60路、番63路
化龙镇中心小学,化龙镇中心小学,化龙镇中心小学,BV11619188,,化龙镇中心小学,113.457898,23.035792,番128路、番59路、番61路、番62路、番76路
化龙中学,化龙中学,化龙中学,BV10020037,,化龙中学,113.454188,23.032258,番76路
环城东路南,环城东路南,环城东路南,BV10019937,,环城东路南,113.366403,22.934724,番22路
环城路北段入口,环城路北段入口,环城路北段入口,BV11673829,,,113.679369,23.077314,增城75路、莞609路
环城西路,环城西路,环城西路,BV10896447,,环城西路,113.354602,22.941225,番7路
环城小学,环城小学,环城小学,BV10253208,,,113.251866,22.842818,314路、佛314路
环翠南路,环翠南路,环翠南路,BV09232379,,,113.246611,23.053580,770路
环村北路北,环村北路北,环村北路北,BV11055794,,环村北路北,113.263581,23.257403,796路
环村北路南,环村北路南,环村北路南,BV11365713,,环村北路南,113.269139,23.256381,796路
环村北路中,环村北路中,环村北路中,BV11075004,,环村北路中,113.267389,23.256405,796路
环村南路,环村南路,环村南路,BV11367180,2,环村南路②,113.366653,23.076021,461路班车
环岛南路东(科睿路口),环岛南路东(科睿路口),环岛南路东(科睿路口),BV09311533,,环岛南路东（科睿路口）,113.245755,23.019879,桂12路
环岛南路路口,环岛南路路口,环岛南路路口,BV11251692,,环岛南路路口,113.240934,23.021314,佛211路、桂11路
环岛南路中,环岛南路中,环岛南路中,BV11508521,,环岛南路中（保利滨湖）,113.237790,23.019805,桂12路
环湖路,环湖路,环湖路,BV11363039,,,113.211104,23.374490,花75路
环滘,环滘,环滘,BV10018021,,环滘,113.247608,23.218546,830路、831路、982路
环滘村路口,环滘村路口,环滘村路口,BV10021854,,环滘村路口,113.247409,23.218347,265路
环滘村总站,环滘村总,环滘村总站,BV10596300,,环滘村总站,113.244744,23.219254,265路
环滘工业区,环滘工业区,环滘工业区,BV10018022,,环滘工业区,113.245412,23.212316,265路、830路、831路
环滘旧桥头,环滘旧桥头,环滘旧桥头,BV10021857,,环滘旧桥头,113.245917,23.218856,265路
环山村,环山村,环山村,BV11692327,,环山村,113.089598,23.301672,花24路
环山新村,环山新村,环山新村,BV11692318,,环山新村,113.091369,23.306350,花24路
环市大道北站,环市大道北,环市大道北站,BV10382224,,环市大道北站,113.556636,22.820572,南沙20路、南沙63路A线、南沙63路B线
环市东南国路口,环市东南国路口,环市东南国路口,BV10254064,,,113.259476,22.828323,312路
环市西路(广园西路口),环市西路(广园西路口),环市西路(广园西路口),BV09061507,,环市西路（广园西路口）,113.244705,23.149450,176路、225路、238路、290路、34路、42路、523A路、523路快线、524路、530路、545路、7路、823路、夜15路、夜18路、夜77路、夜96路、广231路
环市中路口,环市中路口,环市中路口,BV10019090,,环市中路口,113.272024,23.142481,190路、544路、76A路、76路、夜32路、旅游公交1线
环亚工业园,环亚工业园,环亚工业园,BV10020879,,环亚工业园,113.540263,23.495756,从5路、从5路长线、从904路、从夜1路
环宇城,环宇城,环宇城,BV09397453,,环宇城（万科府前花园）,113.516148,22.792738,南34路、南沙G1路、南沙G4路、南沙G5路
环镇北路,环镇北路,环镇北路,BV10923620,,,113.174759,23.091751,沥17B路、沥17B路区间
环镇东路,环镇东路,环镇东路,BV10591468,,环镇东路,113.217796,23.279792,652路、713路、723路、837路、703路
环镇路口,环镇路口,环镇路口,BV11484177,,环镇路口,113.216688,23.278643,472路、723路、825路
环镇西路,环镇西路,环镇西路,BV11395877,,,113.212362,23.278986,652路、703路
环洲二路(沙凤一路口),环洲二路(沙凤一路口),环洲二路(沙凤一路口),BV11271517,,,113.203079,23.150482,429路循环线
环洲二路(沙凤一路口),环洲二路(沙凤一路口),环洲二路,BV11334508,,环洲二路,113.203070,23.148876,42路、885路、夜112路、广789路
环洲二路北,环洲二路北,环洲二路北,BV10013906,,环洲二路北,113.203298,23.153635,广478路
环洲二路东,环洲二路东,环洲二路东站,BV11541072,,环洲二路东,113.206451,23.157405,广夜91路
环洲三路,环洲三路,环洲三路,BV10713664,,环洲三路,113.199037,23.157274,429路循环线、42路、790路、885路、佛276路/佛276、佛沥18路、佛里07B路、佛里07路、夜122路、广283路班车、广424路、广746路、广夜54路、里07路、里07路高峰线
环洲三路东,环洲三路东,环洲三路东,BV10019530,,环洲三路东,113.207660,23.162175,290路、55路、830路、夜96路、广657路、广夜91路
环洲三路西,环洲三路西,环洲三路西,BV11691999,,环洲三路西,113.197691,23.148384,653路、佛276路/佛276、佛沥18路、佛里07B路、佛里07路、夜122路、广283路班车、广424路、广夜54路、里07路、里07路高峰线、广205路
环洲四路,环洲四路,环洲四路,BV10658332,,,113.194816,23.156794,790路
浣花东路,浣花东路,浣花东路(停东行),BV09355963,,浣花东路,113.240048,23.085516,782A路
浣花东路,浣花东路,浣花东路(停西行),BV09355964,,浣花东路,113.240569,23.085827,782A路
浣花东路,浣花东路,浣花东路,BV11163447,,浣花东路,113.240844,23.085902,121A路、966路
浣花路,浣花路,浣花路,BV10832642,,浣花路,113.225758,23.085815,121A路、207路、552路、69路、70路、74路、782路、838路、91路、962路、佛244路、夜1路、广277路
皇冠音响厂,皇冠音响厂,皇冠音响厂,BV10425408,,皇冠音响厂,113.380110,22.958325,番4路、番52路
皇岭社,皇岭社,皇岭社,BV11190324,,皇岭社,113.692492,23.583925,从13路、从化13路
皇母,皇母,皇母,BV10529345,,皇母,113.097967,23.427361,花2B路、花88路
皇庭峰景壹号,皇庭峰景壹号,皇庭峰景壹号,BV11646859,,,113.807775,23.031461,莞G7路
凰埔村,凰埔村,凰埔村,BV11403260,,凰埔村,113.768287,23.149225,增城57路
凰岗凤凰大道东,凰岗凤凰大道东,凰岗凤凰大道东,BV10021382,,凰岗凤凰大道东,113.219196,23.198203,126路、521路、夜3路、夜90路
凰岗路口,凰岗路口,凰岗路口站,BV11688373,,凰岗路口,113.221215,23.196990,17路、198路、428路、521路、705路、830路、839路、夜21路、夜3路
凰岗总站,凰岗总,凰岗总站,BV10014033,,凰岗总站,113.217254,23.205642,126路、17路、280路、476路、521路、夜3路、夜90路
黄榜岭,黄榜岭,黄榜岭站,BV11589187,,黄榜岭,113.267454,23.314772,652路、843路、夜129路
黄贝岭,黄贝岭,黄贝岭,BV11119673,,黄贝岭,113.765718,23.440947,增城15路、增城16路、增城41路
黄边,黄边,黄边,BV11687843,,,113.267679,23.228490,251路、510路、528路、58路、665路、755路、831路、970路、984路、夜85路
黄边北路,黄边北路,黄边北路,BV09276323,,黄边北路,113.279830,23.224998,38路、425路、666路、667路、755路、793路、798路、831路、984路、夜119路、743路
黄边北路(广云路口),黄边北路(广云路口),黄边北路(广云路口)站,BV11632942,,黄边北路（广云路口）,113.284165,23.223706,666路、755路、981路
黄边北路口,黄边北路口,黄边北路口,BV09188679,,黄边北路口,113.290182,23.221516,38路、667路、755路、798路、981路、984路、夜76路
黄边北路西,黄边北路西,黄边北路西,BV10425513,,,113.271909,23.227978,666路
黄边北路中,黄边北路中,黄边北路中,BV11477132,,,113.275083,23.226500,666路
黄边北路总站,黄边北路总,黄边北路总站,BV10387193,,,113.290122,23.221599,666路
黄边地铁站B口,黄边地铁站B口,黄边地铁站B口,BV11658740,,,113.282633,23.225228,鹤龙4线
黄边南(市二矿),黄边南(市二矿),黄边南,BV09125754,,黄边南（市二矿）,113.274347,23.223995,58路、755路、793路、984路、夜119路
黄边南(市二矿),黄边南(市二矿),黄边南(市二矿),BV09168360,,,113.274255,23.224043,666路
黄边南街,黄边南街,黄边南街,BV10387192,,,113.270743,23.227324,666路
黄边南路,黄边南路,黄边南路,BV11477126,,黄边南路,113.268864,23.226755,58路、755路、793路、984路、夜119路、鹤龙2线
黄边牌坊,黄边牌坊,黄边牌坊,BV11630678,,,113.268684,23.227522,鹤龙2线
黄边小学,黄边小学,黄边小学,BV11568226,,,113.271489,23.228318,鹤龙2线
黄编牌坊,黄编牌坊,黄编牌坊,BV10014699,,黄编牌坊,113.363177,22.951810,302路、303路、夜88路、番10路、番143路、番145路、番146路、番33路、番4B路、番51路、番7路
黄埔村,黄埔村,黄埔村,BV09005977,,黄埔村,113.391214,23.097365,137路、262路、564路、762路、夜100路、夜66路、旅游观光1线
黄埔村南村口,黄埔村南村口,黄埔村南村口,BV10018619,,黄埔村南村口,113.383642,23.094806,229路、旅游公交3线
黄埔大道,黄埔大道,黄埔大道,BV11279611,2,黄埔大道（羊城创意园）,113.379952,23.119738,218路、261路、28路、40路、44路、517路、518路、53路、548路、562路、764路、B15路、夜13路、夜27路、夜93路、550路
黄埔大道东,黄埔大道东,黄埔大道东站,BV09190192,,黄埔大道东,113.419806,23.102809,261路、夜97路
黄埔低空经济创新中心,黄埔低空经济创新中心,黄埔低空经济创新中心站,BV09400279,,黄埔低空经济创新中心,113.483389,23.179531,388路、391A路、391路、506路、573路、575路、943路、944路、夜104路、夜124路、夜51路
黄埔低空经济创新中心总站,黄埔低空经济创新中心总,黄埔低空经济创新中心总站,BV09400275,,黄埔低空经济创新中心总站,113.483389,23.179531,358路、365路、375路、573路、944路、B24路、393路
黄埔东路(石化南路),黄埔东路(石化南路),黄埔东路(石化南路),BV09070814,,黄埔东路（石化南路）,113.464551,23.099094,夜41路、夜73路
黄埔东路(石化南路)总站,黄埔东路总站(石化南路),黄埔东路总站(石化南路),BV09065518,,黄埔东路（石化南路）总站,113.462793,23.099457,581路、943路、夜104路
黄埔东路(石化南路)总站,黄埔东路总站(石化南路),黄埔东路(石化南路)总站,BV09065963,,黄埔东路（石化南路）总站,113.462793,23.099457,581路、B31路、夜104路
黄埔港,黄埔港,黄埔港站,BV11688549,,黄埔港,113.443742,23.099917,344路、348路、360路、431路、438路、517路、夜46路、高峰快线24路
黄埔港总站,黄埔港总,黄埔港总站,BV10017404,2,黄埔港总站②,113.444356,23.098209,338路、B5路
黄埔古村南广场总站(落客点),黄埔古村南广场总站(落客点),黄埔古村南广场总站,BV09386566,,黄埔古村南广场总站,113.393110,23.091195,564路、夜100路
黄埔古村南广场总站(落客点),黄埔古村南广场总站(落客点),黄埔古村南广场总站(落客点),BV09390533,,黄埔古村南广场总站,113.393110,23.091195,夜100路
黄埔古村总站,黄埔古村总,黄埔古村总站,BV10024444,,黄埔古村总站,113.395395,23.095767,762路、旅游观光1线
黄埔广附实验学校,黄埔广附实验学校,黄埔广附实验学校站,BV11448516,,黄埔广附实验学校,113.459848,23.110244,210路、377路、431路、432路、广369路
黄埔军校纪念中学,黄埔军校纪念中学,黄埔军校纪念中学,BV10946530,,黄埔军校纪念中学,113.421353,23.077291,383路、430路、夜65路、长洲岛1号线
黄埔军校小学,黄埔军校小学,黄埔军校小学,BV09385635,,黄埔军校小学,113.445097,23.194051,325路、345A路、345路、396路、83路、946路、夜60路、夜68路、夜81路、333路
黄埔军校总站,黄埔军校总,黄埔军校总站,BV10509039,,黄埔军校总站,113.423154,23.086400,430路、长洲岛1号线、长洲岛2号线
黄埔区儿童公园,黄埔区儿童公园,黄埔区儿童公园站,BV11687896,,黄埔区儿童公园,113.456292,23.108509,360路、390路、432A路、432路、459路、517路、581路、943路、B26路、B29路、B30路、夜104路、夜46路、320路
黄埔区萝岗福利院站,黄埔区萝岗福利院,黄埔区萝岗福利院站,BV11488678,,黄埔区萝岗福利院,113.491791,23.211216,327路、328路、392路
黄埔区青少年宫(萝岗宫),黄埔区青少年宫(萝岗宫),黄埔区青少年宫(萝岗宫),BV09043183,,黄埔区青少年宫（萝岗宫）,113.487050,23.179004,358路、391路、393路
黄埔区青少年宫(萝岗宫),黄埔区青少年宫(萝岗宫),黄埔区青少年宫,BV11279608,,黄埔区青少年宫（萝岗宫）,113.487865,23.179185,358路、365路、375路、388路、391A路、391路、506路、943路、944路、B24路、夜104路、夜124路、夜51路、393路
黄埔区少年宫,黄埔区少年宫#1,黄埔区少年宫站,BV09344027,,黄埔区少年宫,113.449737,23.109148,323路、324路、355路、360路、390路、432A路、432路、434路、459路、517路、581路、943路、B26路、B29路、B30路、夜104路、夜46路、320路
黄埔区少年宫,黄埔区少年宫#2,黄埔区少年宫,BV11687901,,,113.487865,23.179185,575路
黄埔区天誉小学站,黄埔区天誉小学,黄埔区天誉小学站,BV09334430,,黄埔区天誉小学,113.521185,23.333104,370路
黄埔区图书馆(香雪馆),黄埔区图书馆(香雪馆),黄埔区图书馆站,BV11279607,,,113.497299,23.177219,327A路、358路、365路、375路、388路、391A路、391路、506路、943路、夜104路、393路
黄埔区图书馆(香雪馆),黄埔区图书馆(香雪馆),黄埔区图书馆(香雪馆),BV11466873,,,113.495740,23.177135,327A路、388路、391路、392路、943路
黄埔区图书馆站(香雪馆),黄埔区图书馆站(香雪馆),黄埔区图书馆站(香雪馆),BV11483403,,,113.495740,23.177135,358路、392路、393路
黄埔水库,黄埔水库,黄埔水库站,BV10714271,,黄埔水库,113.508812,23.108668,214路、376路、573路快线、575路
黄埔体育馆,黄埔体育馆,黄埔体育馆站,BV11687857,,黄埔体育馆,113.447871,23.114312,323路、324路、338路、355路、374路、377路、438路、581路、943路、945路、B24路、B29路、夜104路、夜97路、高峰快线24路、320路
黄埔体育馆南门,黄埔体育馆南门,黄埔体育馆南门,BV10021323,,黄埔体育馆南门,113.452005,23.115136,210路、356路、377路、459路
黄埔体育中心公交站场,黄埔体育中心公交站场,黄埔体育中心公交站场,BV10018091,,,113.453274,23.113369,364路
黄埔体育中心总站,黄埔体育中心总,黄埔体育中心总站,BV10013811,,黄埔体育中心总站,113.452536,23.113550,323路、324路、355路、356路、374路、B16路、广369路
黄埔图书馆(大沙馆),黄埔图书馆(大沙馆),黄埔图书馆,BV09297713,,黄埔图书馆（大沙馆）,113.453989,23.111708,431路
黄埔图书馆(大沙馆),黄埔图书馆(大沙馆),黄埔图书馆(大沙馆),BV09344025,,黄埔图书馆（大沙馆）,113.454232,23.111614,广369路
黄埔新城(沙步一横路)总站,黄埔新城(沙步一横路)总,黄埔新城(沙步一横路)总站,BV09412641,,黄埔新城（沙步一横路）总站,113.527873,23.088978,566路
黄埔新城总站(沙步一横路),黄埔新城总站(沙步一横路),黄埔新城总站(沙步一横路),BV09413349,,黄埔新城（沙步一横路）总站,113.527827,23.088960,566路
黄埔新港,黄埔新港,黄埔新港站,BV09230886,,黄埔新港,113.519884,23.055911,363路、440路、453A路、571B路、夜49路、莞616路、莞618路、莞619路、莞86路
黄埔造船厂,黄埔造船厂,黄埔造船厂站,BV10323005,,黄埔造船厂,113.636258,22.702519,南1路B、南沙62路、南沙62路短线、南沙1路
黄草埔,黄草埔,黄草埔,BV10019448,,黄草埔,113.304595,23.243763,663路、924路、夜62路
黄场,黄场,黄场,BV11480860,,黄场,113.547131,23.618101,从18路、从901路、从902路
黄场二社,黄场二社,黄场二社,BV11480858,,黄场二社站,113.541656,23.623988,从18路、从901路、从902路
黄船二街口,黄船二街口,黄船二街口站,BV11597703,,黄船二街口,113.410553,23.077386,361路
黄船集体宿舍,黄船集体宿舍,黄船集体宿舍站,BV11597699,,黄船集体宿舍,113.409556,23.078656,361路
黄船技工学校,黄船技工学校,黄船技工学校,BV09314413,,,113.420808,23.080251,长洲岛2号线
黄船文化中心总站,黄船文化中心总,黄船文化中心总站,BV10510214,,黄船文化中心总站,113.414327,23.078868,361路
黄村,黄村#1,黄村,BV11692816,3,BRT黄村3,113.405994,23.122205,B15路、B16路、B17路、B18路、B18路快线、B19路、B1路、B20路、B26路、B2A路、B3路、B5路、夜13路、夜17路、夜19路、夜34路、夜41路
黄村,黄村#2,黄村,BV11396498,,黄村,113.711252,23.378953,增城41路、增城70路
黄村北路,黄村北路,黄村北路,BV10022035,,,113.407244,23.130631,404路
黄村北总站,黄村北总,黄村北总站,BV10022036,,,113.409682,23.129475,404路
黄村康体路,黄村康体路,黄村康体路站,BV11279612,,黄村康体路,113.399960,23.135496,432A路、508路、548路、564路、773路、夜100路、夜81路
黄村立交,黄村立交,黄村立交站,BV10714249,,黄村立交,113.403328,23.132754,210路、214路、347路、363路、465路、547路、548路、高峰快线24路
黄村立交南,黄村立交南,黄村立交南,BV10017694,,黄村立交南,113.412289,23.125490,495路、903路、夜34路、夜46路
黄村路(大观南路口),黄村路(大观南路口),黄村路(大观南路口),BV10018703,,黄村路（王园路口）,113.402237,23.126794,404路、夜64路
黄村路(王园路口),黄村路(王园路口),黄村路(王园路口),BV11636888,,黄村路（王园路口）,113.404152,23.126976,404路、夜64路
黄村路口,黄村路口,黄村路口,BV11477696,,黄村路口,113.401834,23.127331,497路、B22路、B26路、B4路、夜38路、夜51路、夜93路、B4B路
黄村西路,黄村西路,黄村西路,BV09123935,,黄村西路,113.399801,23.125766,404路、497路、B22路、B26路、B4路、夜51路、夜64路、夜93路、B4B路
黄村训练基地,黄村训练基地,黄村训练基地,BV10018188,,黄村训练基地,113.408644,23.139496,448路、490路、508路、548路、573路、320路
黄村训练基地总站,黄村训练基地总,黄村训练基地总站,BV10387175,,黄村训练基地总站,113.408038,23.139112,夜34路
黄登村,黄登村,黄登村,BV11311964,,黄登村,113.476037,23.241448,354路
黄登村北,黄登村北,黄登村北,BV11438524,,黄登村北,113.471494,23.246245,354路
黄登村口,黄登村口,黄登村口,BV11573885,,黄登村口,113.487306,23.227164,345路、354路、392路、396A路环线
黄登村总站,黄登村总,黄登村总站,BV10017811,,黄登村总站,113.479707,23.239721,392路
黄洞村,黄洞村,黄洞村,BV10016261,,,113.831465,23.460910,增城42路
黄冈小学,黄冈小学,黄冈小学,BV11688049,,黄冈小学,113.228921,23.421500,花105路、花25路、花31路、花75A路、花85路、花8路
黄冈中学,黄冈中学,黄冈中学,BV10977756,,黄冈中学,113.253371,23.370331,花70路、花都111路
黄阁保利城,黄阁保利城,黄阁保利城,BV11171569,,黄阁保利城,113.491712,22.833722,南61路、南夜1路、南沙61路短线
黄阁大道中站,黄阁大道中,黄阁大道中站,BV09026668,,黄阁大道中,113.510532,22.831358,南55路、南61路、南夜1路、南沙49路、南沙54路、南沙61路短线、南沙70路、南沙夜1路、番141路
黄阁地铁站,黄阁地铁,黄阁地铁站,BV10016402,,黄阁地铁站,113.515318,22.827257,南61路、南夜1路、南沙12路、南沙33路、南沙38路、南沙49路、南沙54路、南沙70路、南沙8路、南沙G3路、番141路
黄阁公交总站,黄阁公交总,黄阁公交总站,BV10017140,,,113.505879,22.837362,南夜1路、南沙61路短线
黄阁南路,黄阁南路,黄阁南路,CL100003,,黄阁南路,113.516636,22.788826,南沙32路
黄阁汽车城,黄阁汽车城,黄阁汽车城站,BV09077735,,黄阁汽车城,113.502314,22.841238,南14路、南55路、南沙15路、南沙38路、南沙70路、番141路
黄阁汽车城地铁站,黄阁汽车城地铁,黄阁汽车城地铁站,BV10634722,,黄阁汽车城地铁站,113.505055,22.837762,南55路、南61路、南沙38路、南沙61路短线、南沙夜1路
黄阁体育公园站,黄阁体育公园,黄阁体育公园站,BV10017574,,黄阁体育公园,113.510141,22.827697,南沙33路、南沙54路、南沙8路、番141路
黄阁医院站,黄阁医院,黄阁医院站,BV10017575,,黄阁医院,113.503415,22.828977,南沙15路、南沙33路、南沙49路、南沙8路、番141路
黄阁镇政府站,黄阁镇政府,黄阁镇政府站,BV10017143,,黄阁镇政府,113.506971,22.826025,南55路、南沙12路、南沙15路、南沙54路、南沙61路短线、南沙K5路
黄阁中学,黄阁中学,黄阁中学站,BV10017141,,黄阁中学,113.507498,22.834630,南55路、南61路、南夜1路、南沙38路、南沙61路短线、南沙70路、南沙夜1路
黄葛坝站,黄葛坝,黄葛坝站,BV11222152,,黄葛坝,113.401631,23.306392,758路
黄海路,黄海路,黄海路,BV10253042,,黄海路,113.181129,23.111321,佛276路/佛276、广286路、沥12路
黄河路中,黄河路中,黄河路中,BV10424942,,,113.483182,22.967146,番93路
黄鹤路总站,黄鹤路总,黄鹤路总站,BV10982983,,,113.269595,23.221137,夜35路
黄花岗,黄花岗,黄花岗(停北行),BV09155477,2,黄花岗②,113.293386,23.142813,482路
黄花岗,黄花岗,黄花岗(停南行),BV09308850,2,黄花岗②,113.290452,23.140438,482路
黄花岗,黄花岗,黄花岗1,BV09348431,1,黄花岗①,113.293065,23.142738,16路、192路、220路、223路、236路、285路、287路、482路、6路、706路、74路、78路、夜5路、夜69路
黄花岗,黄花岗,黄花岗,BV10014265,2,黄花岗②,113.293386,23.142813,16路、201路、220路、285路无轨电车短线、6路、706路、706路早间短线、833路、862路、夜5路、夜69路、大学城专线4路
黄华路,黄华路,黄华路,BV10022210,,黄华路,113.272817,23.137165,483路
黄华路口,黄华路口,黄华路口,BV10022209,,黄华路口,113.273055,23.135186,483路
黄丽街,黄丽街,黄丽街,BV11627311,,黄丽街,113.207141,23.170088,429路循环线、广746路
黄龙带,黄龙带,黄龙带,BV11018293,,黄龙带,113.741187,23.757102,从601路、从914路
黄麻村,黄麻村,黄麻村,BV11573884,,,113.458887,23.203920,345A路、345路、396路、夜60路、333路
黄麻村经济合作社,黄麻村经济合作社,黄麻村经济合作社,BV11486250,,黄麻村经济合作社,113.456651,23.222188,328路、328路支线
黄麻村口,黄麻村口,黄麻村口,BV09329918,,黄麻村口（黄麻社区居民委员会）,113.459924,23.204921,328路、328路支线
黄麻路,黄麻路,黄麻路,BV10789509,,黄麻路,113.450182,23.222077,328路、328路支线
黄茅村委,黄茅村委,黄茅村委,BV11352940,,黄茅村委,113.364698,23.581166,从404路
黄茅村总站,黄茅村总,黄茅村总站,BV11632514,,黄茅村总站,113.348914,23.574651,从404路
黄泥田社,黄泥田社,黄泥田社,BV11115204,,,113.677464,23.579793,从13路、从701路、从化13路
黄陂社区总站,黄陂社区总,黄陂社区总站,BV10847085,,黄陂社区总站,113.435107,23.194026,449路
黄陂湿地公园,黄陂湿地公园,黄陂湿地公园,BV09244731,,,113.425135,23.191748,联和街便民02环线
黄岐百货大厦,黄岐百货大厦,黄岐百货大厦,BV10253043,,黄岐百货大厦,113.181129,23.117469,佛276路/佛276、广286路、沥12路
黄岐办事处,黄岐办事处,黄岐办事处,BV10641791,,黄岐办事处,113.182329,23.119236,佛沥18路、广132路、广277路、广281路、广夜58路
黄岐办事处总站,黄岐办事处总,黄岐办事处总站,BV10393784,,黄岐办事处总站,113.182100,23.119150,广夜67路
黄岐城区,黄岐城区,黄岐城区,BV11688701,,黄岐城区,113.191464,23.116955,佛200路、佛236路、佛250路、佛251路、佛263路、佛263路短线、佛277路、佛沥18路、广123路、广132路、广260路、广277路、广281路、广286路、广969路、广夜58路、广夜67路、沥12B路、沥12路
黄岐第一城总站,黄岐第一城总,黄岐第一城总站,BV10394434,,黄岐第一城总站,113.177407,23.126088,广286路
黄岐高级中学,黄岐高级中学,黄岐高级中学,BV10256196,,,113.177077,23.159810,790路
黄岐海北广场,黄岐海北广场,黄岐海北广场,BV09091476,,,113.182705,23.134804,夜112路
黄岐行政服务中心,黄岐行政服务中心,黄岐行政服务中心,BV11236257,,黄岐行政服务中心（福盛花园）,113.176797,23.119430,沥12路
黄岐医院,黄岐医院,黄岐医院,BV10256184,,黄岐医院,113.179519,23.119287,沥12路
黄岐中学,黄岐中学,黄岐中学,BV10394153,,黄岐中学,113.184624,23.110103,广969路
黄旗山路,黄旗山路,黄旗山路,BV10486967,,黄旗山路,113.537170,23.209454,327A路、345A路、396A路环线、455路、333路
黄旗山路南,黄旗山路南,黄旗山路南,BV09368640,,黄旗山路南,113.535659,23.206633,327A路、345A路、396A路环线、455路、333路
黄旗印象,黄旗印象,黄旗印象,BV10750825,,,113.766627,23.007215,莞86路
黄沙大道,黄沙大道,黄沙大道,BV09001038,2,黄沙大道（广医口腔医院）②,113.230500,23.114450,15路、208路、209路、25路、538路、55路、71路、74路、9路、夜37路、广123路、广275路、105路
黄沙氹村口,黄沙氹村口,黄沙氹村口,BV09227220,,黄沙氹村口,113.731825,23.530584,增城83路
黄沙岛花园,黄沙岛花园,黄沙岛花园,BV11208027,,黄沙岛花园,113.374789,22.928619,番4B路
黄沙后道,黄沙后道,黄沙后道,BV10017766,,黄沙后道,113.231036,23.115053,208路、25路、74路、9路、夜37路、广123路
黄沙路北站,黄沙路北,黄沙路北站,BV09099104,,黄沙路北,113.524409,22.870522,南沙8路
黄沙路中站,黄沙路中,黄沙路中站,BV09377544,,黄沙路中,113.524869,22.865464,南沙8路
黄沙码头,黄沙码头,黄沙码头,BV09001391,,,113.235052,23.108739,S6A黄沙-芳村航线
黄沙码头,黄沙码头,黄沙码头,BV10599083,,黄沙码头,113.234049,23.111182,181路、1路、208路、209路、217路、25路、538路、552路、57路、64路、75路、9路、夜113路、夜1路、夜37路、夜72路、广123路、广281路、广夜67路、106路
黄沙塘,黄沙塘,黄沙塘,BV10015599,,黄沙塘,113.045087,23.408502,花81路
黄沙头村,黄沙头村,黄沙头村,BV11623407,,黄沙头村,113.648125,23.149539,增城22路、增城22路/增22路
黄沙总站,黄沙总,黄沙总站,BV10018651,1,黄沙总站,113.234420,23.114114,251路、297路、6路、佛202路、夜5路、105路
黄山鲁东门站,黄山鲁东门,黄山鲁东门站,BV09099113,,,113.584843,22.778805,九王庙临时接驳线内环、九王庙临时接驳线外环
黄山鲁西门总站,黄山鲁西门总,黄山鲁西门总站,BV10634721,,,113.553468,22.777774,南61路
黄石北路口,黄石北路口,黄石北路口,BV10013662,,黄石北路口,113.284428,23.213888,244路、245路
黄石东,黄石东,黄石东,BV11481129,,黄石东（广外）,113.278403,23.205074,244路、265路、36路、539路、563路、742路、803路、810路、832路、841路、982路、夜76路、夜95路、夜9路
黄石东(白云尚城)总站,黄石东(白云尚城)总,黄石东总站,BV10013663,,黄石东（白云尚城）总站,113.280908,23.214522,245路
黄石东(白云尚城)总站,黄石东(白云尚城)总,黄石东(白云尚城)总站,BV10832133,,黄石东（白云尚城）总站,113.280688,23.214422,244路
黄石东路(云城西路口),黄石东路(云城西路口),黄石东路(云城西路口)站,BV11688425,1,黄石东路（云城西路口）①,113.273317,23.207052,126路、244路、265路、268路、36路、420路、539路、563路、651路、660路环线、706路、706路早间短线、742路、794路、803路、810路、832路、841路、982路、夜114路、夜76路、夜90路、夜95路、夜9路、广424路
黄石东路口,黄石东路口,黄石东路口,BV09005986,1,黄石东路口①,113.282954,23.206788,803路、夜122路
黄石东路口,黄石东路口,黄石东路口2,BV09167548,2,黄石东路口②,113.282466,23.205534,126路、244路、245路、268路、563路、66路、832路、B18路、B18路快线、夜90路、夜95路
黄石东路口,黄石东路口,黄石东路口1,BV11167648,1,黄石东路口①,113.282687,23.206354,126路、223路、244路、245路、268路、38路、529路、563路、76A路、76路、798路、864路、B18路、B18路快线、夜90路
黄石路,黄石路,黄石路2,BV09408943,2,黄石路②,113.263512,23.205841,36路、563路、706路、夜114路、夜90路
黄石路,黄石路,黄石路,BV11688426,1,黄石路,113.263246,23.205943,126路、244路、265路、268路、539路、706路早间短线、759路环线、803路、810路、841路、夜76路
黄石路口,黄石路口,黄石路口2,BV09226098,2,黄石路口（地铁马务站）②,113.258299,23.204185,32路、759路环线、夜114路、夜22路、夜26路、夜76路、夜95路、108路
黄石路口,黄石路口,黄石路口,BV10013753,2,黄石路口（地铁马务站）,113.257992,23.202885,176路、21路、244路、251路、254路、268路、274路、280路、298路、510路、519路、522路、523A路、523路、528路、555路、556路、58A路、58路、803路、807路、810路、832路、886路、夜105路、夜107路、夜12路、夜22路、夜26路、夜35路、夜76路、夜94路、夜95路、高速专线2路、108路
黄石路口,黄石路口,黄石路口1,BV11623985,1,黄石路口（地铁马务站）①,113.258264,23.202047,176路、21路、251路、254路、274路、510路、528路、58路、夜105路
黄石路南,黄石路南,黄石路南,BV10021059,,,113.266071,23.204580,651路
黄石路,黄石路总,黄石路1,BV09351558,1,黄石路①,113.263246,23.205943,126路、244路、265路、268路、36路、539路、563路、742路、803路、810路、832路、841路、982路、夜76路、夜95路、夜9路
黄石路,黄石路总,黄石路总站,BV10018538,1,黄石路总站,113.257698,23.206602,274路、32路、36路、524路、540路、665路、夜12路
黄水口,黄水口,黄水口,BV11152748,,黄水口,113.955051,23.821516,从502路、从912路
黄泗围,黄泗围,黄泗围,BV11219593,,,113.814915,23.122902,莞76路
黄泗围路口,黄泗围路口,黄泗围路口,BV10685786,,,113.814719,23.120927,莞76路
黄塘村,黄塘村,黄塘村,BV11118939,,黄塘村,113.851468,23.405822,增城63路
黄塘路口,黄塘路口,黄塘路口,BV10254276,,,112.923728,23.274496,655A线、655B路、655路
黄围,黄围#1,黄围,BV11474708,,黄围,113.675166,23.661821,从11路、从12路
黄围,黄围#2,黄围,BV09243515,,,113.641528,23.522168,从1路东线
黄围,黄围#3,黄围,BV11474710,,黄围,113.656424,23.781285,从603路、从604路
黄屋村,黄屋村#1,黄屋村,BV10847069,,黄屋村,113.364133,23.216435,492路
黄屋村,黄屋村#2,黄屋村,BV11409743,,,113.929787,23.473529,增城68路
黄园路,黄园路,黄园路,BV10021138,,黄园路,113.260754,23.208476,794路
黄竹塱,黄竹塱,黄竹塱,BV10875022,,黄竹塱,113.768145,23.742047,从12路
黄竹塱工区六队,黄竹塱工区六队,黄竹塱工区六队,BV11389814,,黄竹塱工区六队,113.784991,23.744913,从602路
黄竹塱新村,黄竹塱新村,黄竹塱新村,BV11640293,,黄竹塱新村,113.772491,23.745650,从602路
黄竹塱一队,黄竹塱一队,黄竹塱一队,BV11152937,,黄竹塱一队,113.762222,23.739932,从12路
黄庄,黄庄,黄庄,BV10022229,,黄庄,113.337318,23.236942,504路、792A路、862路、夜74路
潢涌公寓,潢涌公寓,潢涌公寓,BV10645086,,,113.736912,23.128891,莞G7路
潢涌路口,潢涌路口,潢涌路口,BV10262821,,潢涌路口,113.666519,23.097138,增城75路、莞609路、莞75路、莞G7路
潢涌商业城,潢涌商业城,潢涌商业城,BV10266270,,,113.721958,23.123989,莞G7路
潢涌体育馆,潢涌体育馆,潢涌体育馆,BV10266623,,,113.729749,23.127256,莞G7路
迴龙亭街口,迴龙亭街口,迴龙亭街口,BV11482322,,迴龙亭街口,113.380413,23.309240,758路
汇才二街,汇才二街,汇才二街,BV10021314,,,113.204486,23.173282,658A路、658B路、金沙洲2号线
汇才二街口,汇才二街口,汇才二街口,BV11106161,,,113.203434,23.171824,658A路、658B路
汇才一街,汇才一街,汇才一街,BV11106162,,汇才一街,113.202981,23.175257,658A路、658B路、广746路、金沙洲2号线
汇彩路,汇彩路,汇彩路,BV11487907,,汇彩路,113.410931,23.118840,356路、495路、903路、B24路、B2A路、夜46路、550路
汇彩路北总站,汇彩路北总,汇彩路北总站,BV10019594,,汇彩路北总站,113.410255,23.118944,B18路、B18路快线、B3路、夜19路
汇彩路口,汇彩路口,汇彩路口站,BV09190193,,汇彩路口,113.412923,23.105302,261路、495路、夜97路
汇彩路总站,汇彩路总,汇彩路总站,BV10021328,3,汇彩路总站③,113.411923,23.112082,356路、B2A路、550路
汇港轩,汇港轩,汇港轩,BV10421869,,汇港轩,113.817885,23.286695,增城14路、增城16路、增城2路、增城3路、增城4路、增城9路
汇杰科技园,汇杰科技园,汇杰科技园,BV11686329,,,113.303973,22.981864,番109B路
汇景北路总站,汇景北路总,汇景北路总站2,BV09395455,2,汇景北路总站,113.362371,23.153466,20路
汇景北路总站,汇景北路总,汇景北路总站,BV10017906,,汇景北路总站,113.362671,23.153295,20路、266路、41路、498路、夜23路
汇景大道,汇景大道,汇景大道,BV11688161,,汇景大道,113.368914,22.924803,番129路、番12路旅游专线、番130路、番147路、番165路、番19路、番29路、番5路、番5路长线、番9路、番9路长线
汇景新城东总站,汇景新城东总,汇景新城东总站,BV10388992,,汇景新城东总站,113.372783,23.151164,541路
汇侨路,汇侨路,汇侨路,BV10018043,,汇侨路,113.253314,23.201238,807A路、980路环线、夜75路、980路、929路
汇侨路总站,汇侨路总,汇侨路总站,BV11461975,,汇侨路,113.253383,23.201491,426路环线、980路
汇侨南路,汇侨南路,汇侨南路,BV10017167,,汇侨南路,113.254635,23.198162,244A路、278路、510路、523路、538路、807A路、980路环线、夜75路、980路、929路
汇侨新城,汇侨新城,汇侨新城,BV09226079,,汇侨新城,113.250618,23.201671,夜75路
汇侨新城总站,汇侨新城总,汇侨新城总站,BV10019063,1,汇侨新城总站①,113.250645,23.201665,244A路、278路、538路、980路环线、980路
汇泉路(中海锦城北),汇泉路(中海锦城北),汇泉路(中海锦城北),BV10766676,,汇泉路（中海锦城北）,113.166899,23.073971,广412路、广夜111路
汇泉路东,汇泉路东,汇泉路东,BV10580315,,汇泉路东,113.169887,23.072171,广412路、广夜111路
汇盛路,汇盛路,汇盛路,BV11580700,,汇盛路（健康方舟）,113.254470,23.063341,445路环线、79路
汇太东金贸街,汇太东金贸街,汇太东金贸街,BV11372210,,汇太东金贸街,113.615378,23.132882,增城28路
汇太中路,汇太中路,汇太中路,BV11207578,,汇太中路,113.607085,23.131223,增城27路、增城29路、增城30路、增城34路、增城38路、增城9路
汇通广场总站,汇通广场总站,汇通广场总站,BV11084167,,,113.184960,23.425993,
会江村,会江村,会江村,BV11454966,,会江村,113.292500,23.012833,番185路
会江村委,会江村委,会江村委,BV09185771,,会江村委,113.288591,23.012537,番185路
会江地铁站,会江地铁,会江地铁站,BV09412967,,,113.281292,23.014926,番145路
会江学校,会江学校,会江学校,BV10023214,,会江学校,113.285798,23.010889,番182路
会元学校,会元学校,会元学校,BV10912697,,会元学校,113.534495,23.332708,343路
会展东路,会展东路,会展东路,BV11416603,,会展东路,113.363333,23.105373,B7路
会展公园,会展公园,会展公园站,BV10022809,,会展公园,113.347596,23.107420,303A路、B7路、夜108路、旅游观光1线
会展中心北,会展中心北,会展中心北站,BV10022806,,会展中心北,113.361935,23.106569,303A路、B7路、夜108路、旅游观光1线
会展中心码头,会展中心码头,会展中心码头站,BV10022807,,会展中心码头,113.357102,23.106707,303A路、B7路、南沙K1路支线、夜108路、旅游观光1线
荟贤路北,荟贤路北,荟贤路北,BV09066770,1,荟贤路北,113.302468,23.238782,656路、663路、665路、66路、76路、799路、803路、924路、夜62路
惠福路,惠福路,惠福路,BV11688565,,惠福路（省医门诊部）,113.252934,23.122787,124路、209路、217路、3路、541路、66路、6路、82路、8路、夜121路、夜33路、夜39路、夜5路、夜6路、夜72路、110路、106路
惠福西,惠福西,惠福西,BV11480694,,惠福西,113.250011,23.123444,124路、209路、217路、3路、541路、66路、6路、82路、夜121路、夜33路、夜39路、夜5路、夜72路、110路、106路
惠联路口,惠联路口,惠联路口,BV09244735,,,113.426354,23.196515,联和街便民02环线
惠云园,惠云园,惠云园,BV11468429,,,113.126188,23.044097,桂23路
惠云园公交首末站,惠云园公交首末,惠云园公交首末站,BV11585024,,,113.128462,23.044268,桂23路
活力体育中心,活力体育中心,活力体育中心,BV10255958,,,113.203750,22.939543,佛349路
火车站(福宁路),火车站(福宁路),火车站(福宁路),BV10701154,,火车站（福宁路）,113.200517,23.378638,花8路
火车站综合体,火车站综合体,火车站综合体,BV11690283,,,112.441614,23.081838,广州-肇庆
火村(法雨寺),火村(法雨寺),火村(法雨寺),BV09355194,,火村（法雨寺）,113.494242,23.155818,336路
火村(法雨寺),火村(法雨寺),火村,BV11691182,,火村（法雨寺）,113.495506,23.156989,321路、336路、338路、349路、450路、940路、B24路、夜97路、夜98路
火村东,火村东,火村东,BV10021347,,火村东,113.500933,23.149909,337路、450路、575路、夜98路
火村东总站,火村东总,火村东总站,BV10014162,,火村东总站,113.501037,23.150151,367路、459路、夜57路
火村路口,火村路口,火村路口,BV09006108,,火村路口,113.499047,23.143196,321路、337路、347路、459路、575路
火炬路,火炬路,火炬路,BV11470272,,,113.206748,22.942557,佛349路
火炬路(雅居乐),火炬路(雅居乐),火炬路(雅居乐),BV10977849,,,113.203937,22.939804,佛349路
火炬职院,火炬职院,火炬职院,BV10258641,,,113.454281,22.554684,K981路
火炼树,火炼树,火炼树,BV10262335,,,113.761550,23.010239,莞86路
机保段新村,机保段新村,机保段新村,BV11484182,,,113.209185,23.353195,825路
机场国内货站,机场国内货,机场国内货站,BV11449921,,机场国内货站,113.304440,23.414820,空港1路
机场交警支队,机场交警支队,机场交警支队,BV11622455,,机场交警支队,113.298274,23.370312,空港2路、空港2路公交短线
机场立交北,机场立交北,机场立交北2,BV09226069,2,机场立交北②,113.256601,23.165591,251路、254路、280路、752路、807A路、807路、886路
机场立交北,机场立交北,机场立交北1,BV09226089,1,机场立交北①,113.256206,23.166505,199路、244A路、244路、298路、32路、58A路、58路、63路、810路、981路、夜22路、夜35路
机场立交北,机场立交北,机场立交北,BV10523474,1,机场立交北①,113.256601,23.165591,高速专线2路
机场立交北3,机场立交北3,机场立交北3,BV09214035,3,机场立交北①,113.257143,23.163956,
机场路,机场路,机场路,BV10018539,2,机场路（黄石南收费站）,113.258439,23.200520,176路、21路、244路、251路、254路、268路、274路、280路、298路、32路、528路、540路、555路、556路、58A路、58路、759路环线、803路、810路、832路、886路、夜114路、夜22路、夜26路、夜35路、夜76路、夜94路、夜95路
机场路岗贝路口(省二医民航院区),机场路岗贝路口(省二医民航院区),机场路岗贝路口(省二医民航院区)1,BV09091930,1,机场路岗贝路口（省二医民航院区）①,113.254322,23.179452,662路、810路、夜107路
机场路岗贝路口(省二医民航院区),机场路岗贝路口(省二医民航院区),机场路岗贝路口1,BV09226068,1,机场路岗贝路口（省二医民航院区）①,113.254117,23.181794,807A路、夜22路、夜75路、980路
机场路岗贝路口(省二医民航院区),机场路岗贝路口(省二医民航院区),机场路岗贝路口,BV11688420,2,机场路岗贝路口（省二医民航院区）②,113.254023,23.180660,175路、244A路、244路、251路、254路、268路、271路、280路、298路、32路、475路、522路、523A路、58A路、58路、757路、807A路、807路、810路、886路、980路环线、夜107路、夜122路、夜12路、夜22路、夜35路、夜95路、广424路、高速专线2路
机场路口,机场路口,机场路口,BV10383051,,机场路口,113.097480,23.072670,佛236路、佛251路
机场路总站,机场路总,机场路总站,BV10014443,,机场路总站,113.256850,23.162581,189路、198路、470路、546路、702路、981路、夜87路、高速专线2路、101路
机场南13号门,机场南13号门,机场南13号门,BV09324829,,,113.297967,23.389804,花17路A
机场南出口,机场南出口,机场南出口,BV11622445,,机场南出口,113.295883,23.368636,空港1路
机场西路尖彭路口,机场西路尖彭路口,机场西路尖彭路口,BV10014466,,,113.279707,23.230963,667路
机场信息大楼,机场信息大楼,机场信息大楼,BV11271589,,,113.296290,23.375227,空港1路、空港2路、空港2路公交短线
机电技工学校,机电技工学校,机电技工学校,BV10458378,,机电技工学校,113.216128,23.180276,477路
机电技工学校总站,机电技工学校总,机电技工学校总站,BV10432261,,,113.215949,23.180334,527路机电班车
机关幼儿园,机关幼儿园,机关幼儿园,BV10015083,,机关幼儿园,113.353327,22.936234,番20B路、番22B路、番2路
机务大街,机务大街,机务大街,BV10021803,,机务大街,113.239492,23.154164,225路、486路、夜59路
机务段路口,机务段路口,机务段路口,BV10454855,,机务段路口,113.237421,23.151062,225路、486路、62路、731路环线、975路、夜59路
机务段总站,机务段总,机务段总站,BV10021804,,机务段总站,113.239327,23.158069,225路、486路、夜59路
机械城,机械城,机械城,BV11568710,,机械城,113.357890,23.444274,708路、花16路
鸡抱沙(四涌),鸡抱沙(四涌),鸡抱沙(四涌)站,BV09105491,,鸡抱沙（四涌）,113.613810,22.706491,南1路B、南沙62路短线、南沙1路
鸡抱沙四涌(临时站),鸡抱沙四涌(临时站),鸡抱沙四涌站,BV09410325,,,113.612199,22.706356,南沙62路
鸡抱沙四涌(临时站),鸡抱沙四涌(临时站),鸡抱沙四涌(临时站),BV11602617,,,113.612008,22.706516,
鸡谷山路西,鸡谷山路西,鸡谷山路西,BV09077733,,鸡谷山路西,113.486482,22.831736,南61路、南夜1路、南沙61路短线
鸡颈坑,鸡颈坑,鸡颈坑,BV10014372,2,鸡颈坑,113.312656,23.173067,179路、504路、560路、785路、833路、836路、862路、夜24路、241路、夜47路、B6路快线、B6路
鸡龙岗路口,鸡龙岗路口,鸡龙岗路口,BV11632940,,鸡龙岗路口,113.656087,23.604649,从14路
鸡笼岗路口,鸡笼岗路口,鸡笼岗路口,BV11447881,,,113.655997,23.604670,从701路
鸡洲庙,鸡洲庙,鸡洲庙,BV10253906,,,113.260360,22.864377,314路、佛314路
鸡洲市场,鸡洲市场,鸡洲市场,BV10253905,,,113.260703,22.860953,314路、佛314路
姬堂,姬堂,姬堂站,BV11690376,,姬堂,113.450374,23.134585,324路、326路、338路、339路、344路、347路、355路、438路、459路、943路、B24路、夜104路、夜97路、320路
姬堂商业街,姬堂商业街,姬堂商业街,BV10021262,,姬堂商业街,113.460927,23.139736,338路、347路、459路、B24路、夜97路
基岗村路口,基岗村路口,基岗村路口,BV09136660,,基岗村路口,113.706829,23.190068,增城34路、增城39路、增城9路
基岗大道南,基岗大道南,基岗大道南,BV09348756,,基岗大道南,113.708900,23.176479,增城37路
基建新村,基建新村,基建新村站,BV10681376,1,基建新村1,113.259673,23.085560,10路、121A路、121路、220路、285路、288路、29路、303路、31路、69路、75路、811路、995路、9路、夜24路、夜44路、夜7路
基立村,基立村,基立村,BV10021128,,基立村,113.270179,23.104415,14路、192路、44路、5路、768路、823路、88路、93路、夜30路、夜8路、广276路
基立下道,基立下道,基立下道1,BV11621851,1,基立下道1,113.269097,23.106555,129路、220路、222路、285路、299路、59路、768路、811路、93路、B5路、夜102路、夜16路、夜42路、广276路
基立下道,基立下道,基立下道2,BV11621853,2,基立下道②,113.268872,23.106629,16路、220路、222路、285路、299路、59路、811路、91路、93路、夜102路、夜16路、夜42路、夜69路
基立下道,基立下道,基立下道,BV11688513,1,基立下道①,113.268872,23.106629,236路、551路、夜69路
基业花园北,基业花园北,基业花园北,BV10255865,,,113.213618,23.032200,K201路
吉利市场站,吉利市场,吉利市场站,BV10950829,,吉利市场,113.002898,22.974153,佛251路
吉利墟,吉利墟,吉利墟,BV11266128,,吉利墟,113.003909,22.975638,佛251路
吉岐路,吉岐路,吉岐路,BV10013830,,吉岐路,113.430356,23.135269,432路
吉山村委,吉山村委,吉山村委,BV11144657,,吉山村委,113.428384,23.129356,364路、432路、B15路、B20路、夜13路
吉山坑尾路,吉山坑尾路,吉山坑尾路,BV11175637,,吉山坑尾路,113.430101,23.133645,364路、432路
吉山坑尾路口,吉山坑尾路口,吉山坑尾路口,BV11192760,,吉山坑尾路口,113.427469,23.137912,364路、432路
吉山小学,吉山小学,吉山小学,BV11689173,,吉山小学,113.421907,23.134100,390路、403路、432路、495路、581路、944路、945路
吉山新路街,吉山新路街,吉山新路街,BV11086040,,吉山新路街,113.422714,23.129708,364路、432路、465路、B15路、B20路、夜13路
吉山新路街(吉山村委),吉山新路街(吉山村委),吉山新路街(吉山村委),BV11620081,,吉山新路街（吉山村委）,113.428153,23.128543,465路
吉山幼儿园,吉山幼儿园,吉山幼儿园,BV09000513,,吉山幼儿园,113.421809,23.131588,390路、403路、432路、495路、581路、944路、945路、B15路、B20路
吉祥北道,吉祥北道,吉祥北道,BV10920243,,,113.292664,23.046668,公交地铁接驳专线4路
吉祥道,吉祥道,吉祥道,BV11297526,,吉祥道,113.297304,23.043971,122路、211路、305路、311路、公交地铁接驳专线4路、公交地铁接驳专线5路、夜133路、夜28路、番13路、番17路、番17路长线、番183路、番186路、番188路、番25路、番53路
吉祥二路站,吉祥二路,吉祥二路站,BV11491324,,吉祥二路,113.522416,23.619618,从401路、从化921路
吉祥二路路口站,吉祥二路路口,吉祥二路路口站,BV11491304,,吉祥二路路口,113.517660,23.618584,从401路
吉祥路,吉祥路#1,吉祥路,BV09005648,,吉祥路,113.260271,23.133140,215路、265路、293路、528路、7路、夜21路、广12路
吉祥路,吉祥路#2,吉祥路站,BV10902046,,,113.450210,22.889028,南36路
吉祥一路站,吉祥一路,吉祥一路站,BV11491292,,吉祥一路,113.521737,23.616755,从401路、从化921路
吉祥一路路口(水坑村),吉祥一路路口(水坑村),吉祥一路路口(水坑村),BV09177155,,,113.517508,23.617256,从1路西线
吉祥一路路口(水坑村),吉祥一路路口(水坑村),吉祥一路路口站,BV11308174,,吉祥一路路口,113.517650,23.616944,从1路西线、从402路
吉星村,吉星村,吉星村,BV11497170,,吉星村,113.379030,23.425062,花84路
集安街,集安街,集安街,BV11621778,,集安街,113.294852,23.230685,671路
集邦货运市场,集邦货运市场,集邦货运市场,BV10020947,,集邦货运市场,113.641076,23.135639,增城22路、增城22路/增22路、莞609路
集成电路产业园,集成电路产业园,集成电路产业园,BV09099106,,,113.577590,22.682978,南沙2路支线
集贤村,集贤村,集贤村,BV10471825,,集贤村,113.245311,23.497612,花83B路
集贤苑教师新村,集贤苑教师新村,集贤苑教师新村,BV11482216,,集贤苑教师新村,113.294940,23.237207,539路、656路、663路、665路、671路、76路、799路、924路、夜62路、743路
集贤苑教师新村总站,集贤苑教师新村总,集贤苑教师新村总站,BV10016195,,,113.291818,23.239051,大学城班线4
集贤苑路口,集贤苑路口,集贤苑路口,BV10014208,,集贤苑路口,113.298742,23.237781,539路、656路、663路、665路、66路、76路、799路、803路、924路、夜62路
集贤庄,集贤庄,集贤庄,BV10019447,,集贤庄,113.296924,23.233880,66路、671路、803路、743路
集星路口,集星路口,集星路口,BV11488539,,集星路口,113.536537,23.414653,从805路
暨华医院(南安村),暨华医院(南安村),暨华医院(南安村),BV10860771,,暨华医院（南安村）,113.556104,23.122290,372路、374路、增城25路
暨华医院(南安村),暨华医院(南安村),暨华医院,BV11584435,,暨华医院,113.556098,23.122145,增城25路、增城28路
暨南大学南校区,暨南大学南校区,暨南大学南校区,BV10338285,,暨南大学南校区,113.412139,23.016992,番52路
加石路(罗岗村),加石路(罗岗村),加石路(罗岗村),BV11057805,,加石路（罗岗村）,113.262444,23.255312,978路、夜63路
加石路(七星岗路口),加石路(七星岗路口),加石路(七星岗路口),BV10022317,,加石路（七星岗路口）,113.268054,23.252197,978路、夜63路
加石路口,加石路口,加石路口,BV11057804,,加石路口,113.259650,23.256789,978路
加石路中,加石路中,加石路中,BV11057806,,加石路中,113.267039,23.254198,978路、夜63路
加庄,加庄,加庄,BV09198380,1,加庄,113.455109,23.151705,324路、326路、339路、344路、355路、943路、夜104路
加庄,加庄,加庄(南行),BV09232679,2,加庄②,113.455043,23.151581,490路
加庄,加庄,加庄(北行),BV09232680,2,加庄②,113.455045,23.150922,490路
佳仕达工业园总站,佳仕达工业园总,佳仕达工业园总站,BV10487850,,佳仕达工业园总站,113.138947,23.388970,花9路
佳兆业凤鸣山,佳兆业凤鸣山,佳兆业凤鸣山,BV11690103,,佳兆业凤鸣山,113.487225,22.822613,南沙15路
家埔村,家埔村,家埔村,BV11403259,,家埔村,113.760326,23.140989,增城57路
家和天曜总站,家和天曜总,家和天曜总站,BV11448213,,家和天曜总站,113.428585,23.144394,345路、403路、508路、573路
家家乐医院,家家乐医院,家家乐医院1,BV09212869,1,家家乐医院①,113.388218,23.130854,503路、518路、562路、B21路、B8路、夜36路
家家乐医院,家家乐医院,家家乐医院2,BV09291510,2,家家乐医院②,113.388490,23.131669,40路、548路、564路、764路、772路、773路、774路、B18路、B18路快线、B19路、夜100路、夜81路
家家乐医院,家家乐医院,家家乐医院,BV11688359,2,家家乐医院,113.388269,23.131806,40路、503路、518路、548路、562路、564路、764路、772路、773路、774路、B18路、B18路快线、B19路、B21路、B8路、夜100路、夜36路、夜81路
家具博览中心,家具博览中心,家具博览中心,BV10252037,,家具博览中心,113.085699,22.949440,佛236路、佛K330路/K330路快线
嘉安花园站,嘉安花园,嘉安花园站,BV11325974,,,113.533782,22.706603,南30路、南39路
嘉翠苑站,嘉翠苑,嘉翠苑站,BV09408344,,嘉翠苑,113.284833,23.231733,425路、539路、793路、夜119路、743路
嘉禾,嘉禾,嘉禾,BV10014476,2,嘉禾②,113.269803,23.233935,970路、夜85路
嘉禾八一科技园,嘉禾八一科技园,嘉禾八一科技园,BV10014474,,嘉禾八一科技园,113.296714,23.251200,926路
嘉禾金铂天地,嘉禾金铂天地,嘉禾金铂天地,BV11620485,,嘉禾金铂天地,113.274805,23.241338,922路
嘉禾望岗站,嘉禾望岗,嘉禾望岗站,BV09408343,,嘉禾望岗总站,113.283624,23.240725,509路、671路、711路、739路、753路、756路、796路、922路、970路、978路、夜63路、夜84路、夜85路
嘉禾望岗公交枢纽站,嘉禾望岗公交枢纽,嘉禾望岗公交枢纽站,BV10425150,,嘉禾望岗公交枢纽站,113.285393,23.239113,539路、656路、663路、671路、793路、799路、夜119路
嘉禾望岗总站,嘉禾望岗总,嘉禾望岗总站,BV09408554,,嘉禾望岗,113.284195,23.241712,509路、671路、711路、739路、753路、756路、796路、922路、924路、926路、970路、978路、夜62路、夜63路、夜84路、夜85路
嘉禾长湴,嘉禾长湴,嘉禾长湴,BV11688379,,嘉禾长湴,113.286804,23.260623,510路、528路、711路、753路、793路、804路、807路、837路、840路、夜119路、夜94路
嘉禾长湴街总站,嘉禾长湴街总,嘉禾长湴街总站,BV10637010,,嘉禾长湴街总站,113.297114,23.261801,663路
嘉禾长湴总站,嘉禾长湴总,嘉禾长湴总站,BV10017100,,嘉禾长湴总站,113.299147,23.263683,986路
嘉禾制药厂,嘉禾制药厂,嘉禾制药厂,BV11268021,,嘉禾制药厂,113.577829,23.588685,从6路
嘉禾,嘉禾总#1,嘉禾2,BV09226080,2,嘉禾2,113.271238,23.234717,251路、510路、528路、739路、753路、755路、804路、926路、夜84路
嘉禾总站,嘉禾总#2,嘉禾总站,BV10017737,2,嘉禾2,113.302721,23.268212,807路
嘉鸿花园,嘉鸿花园,嘉鸿花园站2,BV09083275,2,嘉鸿花园②,113.285757,23.068368,180路、221路、230路、546路、75路、夜24路、夜55路
嘉鸿花园,嘉鸿花园,嘉鸿花园1,BV09360318,1,嘉鸿花园①,113.285020,23.068675,288路、303路、59路、761路、9路
嘉鸿花园,嘉鸿花园,嘉鸿花园,BV10021775,2,嘉鸿花园②,113.285020,23.068675,551路
嘉湖花园,嘉湖花园,嘉湖花园,BV10262436,,,113.800966,23.030305,莞G7路
嘉景华庭,嘉景华庭,嘉景华庭,BV11371485,,,113.098777,23.135760,佛244B路、佛278路
嘉美小镇,嘉美小镇,嘉美小镇,BV11411337,,嘉美小镇,113.055244,23.526569,花39路短线
嘉梦工业园总站,嘉梦工业园总,嘉梦工业园总站,BV09257861,,,113.279879,23.280165,龙归3线
嘉怡花园,嘉怡花园,嘉怡花园,BV11688731,,嘉怡花园,113.112033,23.117536,佛211路、佛244B路、佛263路、佛263路短线、佛275路、佛278路
嘉逸华庭,嘉逸华庭,嘉逸华庭,BV10017315,,嘉逸华庭,113.190784,23.383270,花31路
嘉御豪庭,嘉御豪庭,嘉御豪庭,BV10024212,,嘉御豪庭,113.794154,23.201815,增城10路、增城76路、增夜2路
嘉裕花园站,嘉裕花园,嘉裕花园站,BV10014928,,嘉裕花园,113.399260,22.819475,40路/南40路、南45路、南59路、南沙40路短线、南沙65路、南沙67路
嘉洲广场,嘉洲广场,嘉洲广场,BV11689448,,嘉洲广场,113.182394,23.111349,佛236路、佛244B路、佛250路、佛251路、佛263路、佛263路短线、佛277路、佛279路、佛沥18路、广123路、广260路、广286路、广969路、沥12B路、沥12路
嘉洲花园西门,嘉洲花园西门,嘉洲花园西门,BV10252792,,嘉洲花园西门,113.171532,23.119367,广281路、沥12路
假日半岛幼儿园,假日半岛幼儿园,假日半岛幼儿园,BV10939055,,假日半岛幼儿园,113.055108,23.480460,花39路短线
尖彭路东,尖彭路东,尖彭路东,BV10021148,,尖彭路东,113.287185,23.226210,665路、804路、夜76路、743路
尖彭路口,尖彭路口,尖彭路口,BV10014468,,尖彭路口,113.269538,23.231734,665路、804路、831路、926路
简太路,简太路,简太路站,BV10018467,,简太路,113.397357,22.892024,南36路、南50路、南52路、番150路、番5路、番5路长线
简太路口站,简太路口,简太路口站,BV09218822,,简太路口,113.397147,22.893845,南36路、南50路、番150路
简塘村,简塘村,简塘村,BV10860795,,简塘村,113.572801,23.404597,增城54路
建华汇,建华汇,建华汇,BV11382753,,建华汇,113.310079,23.026155,公交地铁接驳专线7路、番185路
建基路,建基路,建基路,BV10019496,,建基路,113.282531,23.102506,864路、967路、968路
建南村,建南村,建南村,BV10021419,,建南村,113.251569,23.295237,652路、843路
建设北路中,建设北路中,建设北路中,BV11661375,,建设北路中,113.202962,23.410580,花105路、花10路、花23路、花62路、花63路、花63路短线、花75路、花81路、花9路、701路
建设大道,建设大道,建设大道,BV11689969,,建设大道,113.189161,23.143999,653路、佛276路/佛276、夜112路、广746路、广205路
建设大道路口,建设大道路口,建设大道路口,BV11459333,,,113.188740,23.143869,佛276路/佛276、沥20路
建设大道中(国昌广场),建设大道中(国昌广场),建设大道中(国昌广场),BV09313640,,建设大道中,113.194987,23.144087,广746路、沥20路
建设大道中(国昌广场),建设大道中(国昌广场),建设大道中,BV10713679,,建设大道中,113.194987,23.144087,653路、佛276路/佛276、夜112路、夜122路、广424路、广746路、广789路、广夜54路、沥20路
建设大马路,建设大马路,建设大马路,BV11328396,,建设大马路,113.275865,23.137057,125路、483路
建设横马路,建设横马路,建设横马路,BV10604855,,建设横马路,113.277187,23.135543,483路
建设南路,建设南路,建设南路,BV11662636,,建设南路,113.206567,23.374641,706路、花63路、花63路短线、花68路、花68路白坭班车、花68路短线、花73路、花75A路、花8路、703路
建设新街,建设新街,建设新街,BV10013786,,建设新街,113.519715,23.359997,362路
建业北路西,建业北路西,建业北路西,BV10019295,,建业北路西,113.350520,23.313328,504路、夜74路
建业路,建业路,建业路,BV09179267,,建业路,113.356739,23.297208,758路、827路、太和1线便民车专线
剑岭,剑岭#1,剑岭站,BV09206742,,剑岭,113.083340,23.387222,花115路、花68路、花68路白坭班车、花68路短线
剑岭,剑岭#2,剑岭,BV11375028,,,113.088805,23.396439,花2B路
剑岭村,剑岭村,剑岭村,BV09308402,,,113.083340,23.387222,花2B路
剑岭村委,剑岭村委,剑岭村委,BV09079549,,剑岭村委,113.088817,23.396465,713路、花2B路、花2路、花88路
剑桥郡医院,剑桥郡医院,剑桥郡医院,BV10860159,,剑桥郡医院,113.379138,23.020923,302A路
健康港总站,健康港总,健康港总站,BV11583222,,,113.256908,23.061027,445路环线、79路
健乐医院,健乐医院,健乐医院,BV11540990,,健乐医院,113.227214,23.204508,280路、428路、757路、830路、夜21路
健明六路,健明六路,健明六路,BV09182648,,健明六路,113.384014,23.142268,408路、432A路、764路、夜43路、B14路
江坳村,江坳村,江坳村,BV11119380,,,113.802739,23.400564,
江坳绿道综合服务区,江坳绿道综合服务区,江坳绿道综合服务区,BV10014893,,江坳绿道综合服务区,113.802663,23.400483,增城15路、增城16路、增城19路、增城58路、增城73路
江北路总站,江北路总,江北路总站,BV10568281,,江北路总站,113.200542,23.078706,670路、782路、990路
江贝村,江贝村,江贝村,BV10323121,,,113.316118,23.093703,463路
江贝村运动场,江贝村运动场,江贝村运动场,BV10323120,,,113.314369,23.092384,463路
江滨皮革厂,江滨皮革厂,江滨皮革厂,BV10015463,,江滨皮革厂,113.269730,23.455624,花4路
江埔村,江埔村,江埔村,BV11415295,,江埔村,113.603858,23.543375,从1路东线、从905路
江埔村委,江埔村委,江埔村委,BV11578758,,江埔村委,113.602477,23.546074,从1路东线、从905路
江埔社区,江埔社区,江埔社区站,BV11389707,,江埔社区,113.613092,23.575816,从11路、从12路、从14路、从19路、从4路、从4路快线
江城路,江城路,江城路,BV10018877,,江城路,113.214117,23.274761,472路、713路、723路、825路
江村,江村,江村,BV10014787,,江村,113.613039,23.572876,从11路、从12路、从19路、从4路、从4路快线
江村车站派出所,江村车站派出所,江村车站派出所,BV10612219,,江村车站派出所,113.216828,23.306341,829路
江村车站生活区,江村车站生活区,江村车站生活区,BV10612362,,江村车站生活区,113.215621,23.307346,829路
江村大桥北,江村大桥北,江村大桥北,BV11688099,,江村大桥北,113.239002,23.279821,509路、522路、523路快线、706路、796路、837路、977路、夜129路、夜87路
江村大桥南,江村大桥南,江村大桥南,BV09115546,,江村大桥南,113.240217,23.268802,509路、522路、523路快线、706路、796路、837路、977路、夜129路、夜87路
江村墟,江村墟,江村墟,BV11345928,,江村墟,113.231450,23.278718,509路、522路、652路、654路、837路、843路、977路、夜87路
江东村,江东村,江东村站,BV10016836,,江东村,113.538290,23.204188,327A路、330A路、330路、446路、455路、夜60路
江丰路口,江丰路口,江丰路口,BV11688079,,,113.239140,23.278877,977路
江府路东,江府路东,江府路东,BV11488085,,江府路东,113.235274,23.293152,722路
江府路西,江府路西,江府路西,BV11488083,,江府路西,113.224768,23.292726,722路
江高,江高,江高站,BV09242094,,江高,113.227311,23.278001,472路、509路、522路、523路、523路快线、652路、713路、722路、723路、825路、829路、837路、843路、977路、夜87路
江高(大松岗),江高(大松岗),江高(大松岗),BV09112239,,江高（大松岗）,113.233234,23.277141,523路、706路早间短线、722路
江高(大松岗)总站,江高(大松岗)总,江高(大松岗)总站,BV11267411,,江高（大松岗）总站,113.234435,23.276802,472路
江高(广技师白云校区),江高(广技师白云校区)#1,江高(广技师白云校区),BV11241714,,,113.215890,23.282920,825路
江高(广技师白云校区),江高(广技师白云校区)#1,江高,BV11371426,,江高,113.215886,23.282877,472路、825路
江高(广技师白云校区)总站,江高(广技师白云校区)总,江高(广技师白云校区)总站,BV09368252,,江高,113.206091,23.283802,977路、703路
江高路口,江高路口,江高路口站,BV11345922,,江高路口,113.224586,23.278706,472路、509路、522路、523路、652路、713路、722路、723路、825路、829路、837路、843路、977路、夜87路
江高南岗村总站,江高南岗村总,江高南岗村总站,BV10018287,,江高南岗村总站,113.204033,23.250589,509路
江高小塘,江高小塘,江高小塘,BV10018878,,江高小塘,113.204624,23.277273,523路、723路、843路、977路
江高小塘总站,江高小塘总,江高小塘总站,BV10014050,,江高小塘总站,113.204614,23.277175,523路快线、837路
江高新楼村总站,江高新楼村总,江高新楼村总站,BV10018299,,江高新楼村,113.233994,23.337366,654路
江高长兴路口,江高长兴路口,江高长兴路口,BV10342079,,江高长兴路口,113.246097,23.328722,474路、712路、750路
江高镇人民政府,江高镇人民政府,江高镇人民政府,BV11488079,,江高镇人民政府,113.229869,23.292924,722路
江高总站,江高总#1,江高总站,BV10623355,,江高,113.206094,23.283816,523路、652路、843路、977路
江高总站,江高总#2,江高总站,BV11436893,,江高,113.234457,23.276824,723路、825路、829路
江高总站(大松岗),江高总站(大松岗),江高总站(大松岗),BV11127777,,江高（大松岗）总站,113.234292,23.276798,723路、825路、829路
江高总站(夏荷路),江高总站(夏荷路),江高总站(夏荷路),BV10577466,,江高（夏荷路）总站,113.205913,23.266689,474路、713路
江海大道中,江海大道中,江海大道中1,BV09319409,1,江海大道中1,113.327533,23.091852,14路、189路、206路、20路、252路、264A路、270路、302A路、303A路、304路、45路、468路、583路、765路、779路、801路、90路、夜8路、高峰快线74路
江海大道中,江海大道中,江海大道中,BV11687940,1,江海大道中1,113.327533,23.091852,801路、夜29路、夜37路
江海大道中,江海大道中总,江海大道中2,BV09316963,2,江海大道中2,113.327518,23.093508,14路、189路、18路、206路、20路、252路、264A路、270路、302A路、303A路、304路、311路、37路、468路、582路、夜109路、夜133路、夜135路、夜20路、夜56路、夜8路、高峰快线74路、582路班车
江海大道中,江海大道中总,江海大道中总站,BV11365453,2,江海大道中2,113.327681,23.093481,夜29路、夜37路
江海街办事处总站,江海街办事处总,江海街办事处总站,BV11625827,,,113.332435,23.087135,夜135路
江海路,江海路,江海路,BV10019495,,江海路,113.283643,23.104853,864路、967路、968路
江河路,江河路,江河路,BV09000902,,江河路,113.158396,23.112363,佛236路、佛244B路、佛251路、佛263路、佛263路短线、佛278路、沥12B路
江河幕墙北门,江河幕墙北门,江河幕墙北门,BV10024159,,江河幕墙北门,113.627173,23.163297,增城20路、增城21路、增城44路、增城46路、增城64路
江景路,江景路,江景路,BV10809960,,江景路,113.263583,23.208119,794路
江联村新围,江联村新围,江联村新围,BV11171081,,江联村新围,113.712814,23.581253,从13路、从化13路
江龙桥,江龙桥,江龙桥,BV10024138,,江龙桥,113.820070,23.132251,增城18路、增城76路、莞76路
江南村,江南村,江南村,BV11688148,,江南村,113.359275,22.996958,公交地铁接驳专线9路、番10路、番186路
江南村路口,江南村路口,江南村路口,BV10266878,,江南村路口,113.643478,23.116837,增城75路、莞609路、莞615路、莞75路、莞G7路
江南大道北,江南大道北,江南大道北1,BV09243516,1,江南大道北①,113.263422,23.111549,14路、183路、186路、190路、29路、823路、82路、夜22路、夜30路、夜33路
江南大道北,江南大道北,江南大道北,BV10016114,2,江南大道北②,113.263422,23.111549,10路、14路、180路、186路、190路、194路、253路、29路、544路、823路、82路、88路、968路、B21路、夜30路、夜32路、夜33路、夜8路
江南大道口,江南大道口,江南大道口,BV11688517,,江南大道口,113.264092,23.102902,188路、236路、285路、5路、811路、91路、B5路、夜69路
江南大道南(地铁江泰路站),江南大道南(地铁江泰路站),江南大道南(地铁江泰路站),BV09364559,,江南大道南（地铁江泰路站）,113.275114,23.085183,253路、812路、967路、广565路
江南大道南(地铁江泰路站),江南大道南(地铁江泰路站),江南大道南,BV10021838,,江南大道南（地铁江泰路站）,113.275114,23.085183,812路
江南大道南(地铁江泰路站)总站,江南大道南(地铁江泰路站)总,江南大道南(地铁江泰路站)总站,BV09364558,1,江南大道南（地铁江泰路站）总站①,113.275565,23.084284,244A路、244路、夜22路
江南大道南总站,江南大道南总,江南大道南总站,BV10016121,,江南大道南（地铁江泰路站）总站,113.275270,23.084752,812路
江南大道中,江南大道中,江南大道中1,BV09228038,1,江南大道中①,113.266073,23.105570,14路、186路、190路、253路、29路、544路、823路、82路、88路、夜16路、夜30路、夜32路、夜33路、夜8路
江南大道中,江南大道中,江南大道中,BV10015712,1,江南大道中1,113.266166,23.104835,180路、186路、190路、192路、253路、25路、29路、544路、768路、82路、夜32路、夜33路
江南富图花园,江南富图花园,江南富图花园,BV11163179,,江南富图花园,113.347536,22.953940,番33路
江南工业区,江南工业区,江南工业区,BV11688128,,江南工业区,113.367809,22.999826,公交地铁接驳专线9路、番10路、番186路
江南路站,江南路,江南路站,BV10015850,,江南路,113.570002,22.749971,南夜6路、南沙13路、南沙49路、南沙4路、南沙62路、南沙62路短线、番141路、南沙1路
江南路临时站,江南路临时,江南路临时站,BV09291849,,,113.571103,22.750039,南夜6路
江南农批市场,江南农批市场,江南农批市场,BV11217548,,,113.643677,23.100760,莞609路
江南桥,江南桥,江南桥,BV10345739,,江南桥,113.650707,23.104680,增城75路、莞609路、莞615路
江南商业城小区,江南商业城小区,江南商业城小区,BV10019939,,江南商业城小区,113.361628,22.935492,番20B路、番4B路
江南西路,江南西路,江南西路,BV10017764,,江南西路,113.267086,23.098167,186路、220路、270路、273路、29路、53路、夜23路、夜37路、大学城专线3路
江南西路总站,江南西路总,江南西路总站,BV10015253,,江南西路总站,113.266924,23.098166,489路
江南新村站,江南新村,江南新村站(北行),BV09276324,,江南新村（骨伤科医院）,113.261034,23.097056,273路
江南新村(骨伤科医院),江南新村(骨伤科医院)#1,江南新村站(南行),BV09276322,,江南新村（骨伤科医院）,113.260865,23.097187,273路
江南新村(骨伤科医院),江南新村(骨伤科医院)#1,江南新村,BV09387478,,江南新村,113.261034,23.097056,121路、226路、244A路、244路、250路、270路、273路、285路、527路、527路机电班车、530路、53路、811路、91路、夜120路、夜22路、夜23路、夜36路、夜37路、夜45路、夜55路、夜93路、大学城专线3路
江南新村(骨伤科医院),江南新村(骨伤科医院)#1,江南新村(骨伤科医院),BV10018367,,江南新村（骨伤科医院）,113.263180,23.096277,186路、220路、270路、29路、489路、夜37路、大学城专线3路
江南新村(骨伤科医院),江南新村(骨伤科医院)#2,江南新村,BV11688351,,江南新村,113.354169,22.958448,番15路、番5路、番5路长线
江欧村委会,江欧村委会,江欧村委会,BV09305550,,,113.538245,22.916069,番155路
江欧尾,江欧尾,江欧尾,BV09305551,,,113.546578,22.895985,番155路
江鸥村,江鸥村,江鸥村,BV09305164,,江鸥村,113.538273,22.915963,番148路
江鸥村委会,江鸥村委会,江鸥村委会,BV09305552,,,113.538262,22.916008,番155路
江畔湾北门,江畔湾北门,江畔湾北门,BV09269178,,江畔湾北门,113.570885,23.058076,广369路
江人路,江人路,江人路,BV11345926,,江人路,113.235585,23.282817,509路、522路、652路、654路、706路早间短线、713路、837路、843路、977路、夜87路
江人路(广花路口),江人路(广花路口),江人路(广花路口),BV10021420,,江人路（广花路口）,113.239227,23.285149,652路、843路
江人路口,江人路口,江人路口,BV11688078,,江人路口,113.238402,23.282786,706路、977路、夜129路
江山时代,江山时代,江山时代,BV09184474,,江山时代,113.673884,23.278345,增城11路、增城2路、增城71路
江泰路,江泰路,江泰路,BV10019561,,江泰路,113.279373,23.085415,253路、812路、992路、广565路
江泰路口,江泰路口,江泰路口,BV10019560,,江泰路口,113.280228,23.085697,253路、542路、812路、992路、夜43路、夜44路
江塘坦,江塘坦,江塘坦,BV10394557,,,112.952633,23.373714,655A线、655B路、655路
江同东路,江同东路,江同东路,BV11493173,,江同东路,113.229776,23.276154,654路
江同路,江同路,江同路,BV11430345,,江同路,113.225172,23.276458,472路、474路、509路、523路、843路、977路
江同路口,江同路口,江同路口,BV11493174,,江同路口,113.226001,23.275661,654路
江湾二路,江湾二路,江湾二路,BV11361114,,江湾二路,113.085726,23.017521,佛251路
江湾立交,江湾立交,江湾立交,BV10252347,,江湾立交,113.096479,23.028443,佛236路、佛251路
江湾桥脚,江湾桥脚,江湾桥脚,BV11687876,2,江湾桥脚②,113.277703,23.120113,125路、129路、16路、182路、184路、194路、222路、247路、24路、264路、285路、285路无轨电车短线、299路、36路、551路、59路、7路、80路、91路、93路、B5路、夜102路、夜12路、夜16路、广12路
江湾桥南,江湾桥南,江湾桥南2,BV09172266,2,江湾桥南2,113.271997,23.110771,129路、220路、222路、24路、264路、285路、299路、59路、91路、93路、968路、B5路、夜102路、夜16路、夜42路、夜69路、广276路
江湾桥南,江湾桥南,江湾桥南1,BV09359515,1,江湾桥南1,113.271516,23.110571,11路、129路、16路、182路、220路、222路、236路、264路、285路、299路、59路、91路、93路、968路、夜102路、夜16路、夜42路、夜69路、广276路
江湾桥南,江湾桥南,江湾桥南,BV11688521,2,江湾桥南2,113.271516,23.110571,236路、285路无轨电车短线、551路
江尾,江尾,江尾,BV11513568,,江尾,113.778564,23.283911,增城2路
江西坳,江西坳,江西坳,BV11300564,,,113.808059,23.533390,增城60路
江夏(黄石东路中),江夏(黄石东路中),江夏(黄石东路中)站,BV11279582,,江夏（黄石东路中）,113.269357,23.206920,126路、244路、265路、268路、36路、420路、539路、563路、651路、706路、706路早间短线、742路、759路环线、794路、803路、810路、832路、841路、982路、夜114路、夜76路、夜90路、夜95路、夜9路
江夏安置区,江夏安置区,江夏安置区,BV09241596,,,113.112791,23.340101,花5B路
江夏村,江夏村,江夏村,BV10252230,,江夏村,113.134524,23.108295,佛236路、佛244B路、佛251路、佛263路、佛263路短线、佛278路
江夏村安置区,江夏村安置区,江夏村安置区,BV09404905,,江夏村安置区站,113.113540,23.339996,花5B路
江夏东二路北,江夏东二路北,江夏东二路北,BV10021140,,,113.275370,23.208397,539路、794路、981路、夜76路
江晓路,江晓路,江晓路,BV10022473,,,113.289712,23.071189,766路环线
江晓路口,江晓路口,江晓路口,BV10019486,,江晓路口,113.286757,23.069012,75路、761路、766路环线
江晓路口总站,江晓路口总,江晓路口总站,BV10022523,,,113.287125,23.069150,786路
江心村,江心村,江心村,BV09095156,,,113.166939,23.121725,佛沥18路
江新路(镇龙),江新路(镇龙),江新路(镇龙),BV10388568,,江新路（镇龙）,113.576155,23.295040,441路
江兴村,江兴村,江兴村,BV10019772,,江兴村,113.536768,22.920046,番148路、番155路
江兴村(光明一路),江兴村(光明一路),江兴村(光明一路),BV11496181,,,113.536235,22.924521,番155路
江燕花园(地铁江泰路站),江燕花园(地铁江泰路站),江燕花园(地铁江泰路站),BV09364557,,江燕花园（地铁江泰路站）,113.273354,23.084126,180路、530路、544路、546路、B9路、夜16路、夜32路
江燕花园(地铁江泰路站),江燕花园(地铁江泰路站),江燕花园,BV10016109,,江燕花园（地铁江泰路站）,113.273245,23.084254,180路、546路、551路、59路
江燕路口,江燕路口,江燕路口,BV11357700,,江燕路口,113.273982,23.087674,244A路、244路、780路、夜103路、夜22路、广565路
江怡路,江怡路,江怡路,BV10018249,,江怡路,113.288723,23.102620,460路
江怡路口,江怡路口,江怡路口,BV10018257,,江怡路口,113.286394,23.102479,460路
将军潭,将军潭,将军潭,BV09271071,,将军潭,113.111248,23.374017,花115路、花2B路、花68路、花68路白坭班车、花68路短线
将军塘,将军塘,将军塘,BV11398025,,将军塘站,113.395085,23.666990,从408路
蒋村,蒋村,蒋村,BV11544379,,蒋村,113.798523,23.311832,增城80路
蒋村总站,蒋村总,蒋村总站,BV11459258,,蒋村总站,113.798432,23.310799,增城77路
交电新村,交电新村,交电新村,BV11088404,,交电新村,113.260178,23.161846,124路、179路、181路、182路、186路、189路、199路、24路、257路、273路、284路、298路、32路、34路、38路、46路、540路、63路、661路、810路、夜40路、高峰快线21路
交警大队,交警大队#1,交警大队,BV09176957,,交警大队,113.577535,23.540767,从10路、从21路长线、从7路、从903路、从夜3路
交警大队,交警大队#2,交警大队,BV11403666,,交警大队,113.826214,23.293436,增城2路、增城48路、增城5路、增城79路、增城80路
交警大队,交警大队#3,交警大队,BV11403665,,,113.373721,22.953765,番21B路
交警龙潭中队,交警龙潭中队,交警龙潭中队,BV11625922,,交警龙潭中队,113.409593,23.644630,从10路、从407路、从408路
交警吕田中队,交警吕田中队,交警吕田中队,BV10808753,,交警吕田中队,113.941660,23.807199,从12路
交警温泉中队,交警温泉中队,交警温泉中队,BV11353224,,交警温泉中队,113.651713,23.632970,从11路、从12路、从19路、从20路、从4路、从4路快线
交警中队,交警中队,交警中队,BV10014901,,交警中队,113.823059,23.295990,增城15路、增城2路、增城6路、增城79路
交通大厦,交通大厦,交通大厦分站,BV11131149,,交通大厦分站,113.368878,22.942292,301路、南68路快线、南沙65路、南沙68路、南沙70路、南沙K5路、番10路、番142路、番22路、番6路、番8路、番91路
交通大厦,交通大厦,交通大厦站,BV11689917,,交通大厦,113.366454,22.941378,番100路、番11路、番141路、番143路、番148路、番150B路、番150路、番22B路、番3路、番92路/番92路
交通大厦东,交通大厦东,交通大厦东,BV10251807,,交通大厦东,113.136515,23.039512,佛232路
交通驾培中心,交通驾培中心,交通驾培中心,BV11346507,,交通驾培中心,113.218901,23.462334,花63路、花63路短线
交通学院,交通学院,交通学院,BV09181064,,交通学院,113.653938,23.298133,370路、增城71路、科教城2路
交通运输局,交通运输局#1,交通运输局,BV11477194,,交通运输局,113.578889,23.542777,从18路、从6路、从6路支线、从9路
交通运输局,交通运输局#2,交通运输局,BV11481321,,,113.824060,23.287944,增城10路、增城47路
交投集团,交投集团,交投集团,BV11181465,,,113.785054,23.033170,莞G7路
茭塘东村牌坊,茭塘东村牌坊,茭塘东村牌坊,BV11402202,,茭塘东村牌坊,113.499245,23.009970,番131路
茭塘西,茭塘西,茭塘西,BV10416290,,茭塘西,113.494280,23.003401,番131路
蛟潭,蛟潭,蛟潭,BV11418011,,,113.629266,23.489357,从302路
蕉利北,蕉利北,蕉利北站,BV10263706,,,113.674503,23.086313,增城75路、莞609路
蕉利南,蕉利南,蕉利南站,BV10263906,,,113.677371,23.082671,增城75路、莞609路
蕉门村站,蕉门村,蕉门村站,BV10015930,,蕉门村,113.515115,22.806645,南沙W1路支线、番143路
蕉门村牌坊站,蕉门村牌坊,蕉门村牌坊站,BV11412580,,蕉门村牌坊,113.513530,22.803682,南53路、南沙12路、南沙G2路
蕉门地铁站,蕉门地铁,蕉门地铁站,BV10014705,,蕉门地铁站（区政府）,113.521581,22.803345,南34路、南53路、南沙12路、南沙18路、南沙38路、南沙G1路、南沙G2路、南沙G4路、南沙G5路、南沙W1A路、南沙W1B路、南沙W1路支线、南沙学1路
蕉门地铁(区政府)站,蕉门地铁(区政府),蕉门地铁(区政府)站,BV09078572,,蕉门地铁（区政府）站,113.521581,22.803345,南53路、南沙18路、南沙G3路、南沙W1路支线
蕉门地铁站/区政府,蕉门地铁站/区政府,蕉门地铁站/区政府,BV09045364,,,113.522017,22.803610,
蕉门地铁总站,蕉门地铁总,蕉门地铁总站,BV11580784,,,113.522700,22.804279,南沙W1路支线
蕉门公交总站,蕉门公交总,蕉门公交总站,BV10525622,,蕉门公交总站,113.522113,22.803795,K981路、南27路、南56路、南64路快线、南沙31路A线、南沙31路B线、南沙31路支线、南沙4路、南沙70路、南沙G1路、南沙G2路、南沙K1路、南沙K1路支线、南沙K2路、南沙K5路、南沙K6路、南沙K8路、南沙W1A路、南沙W1B路、机场快线7号C线、南沙32路
蕉门公园站,蕉门公园,蕉门公园站,BV11252849,,蕉门公园,113.526149,22.798535,南沙W1B路
蕉门河社区服务中心站,蕉门河社区服务中心,蕉门河社区服务中心站,BV10413212,,蕉门河社区服务中心,113.527738,22.792530,南27路、南34路、南61路、南沙33路、南沙4路、南沙54路、南沙8路、南沙W1A路、南沙W1B路、南沙32路
蕉石岭,蕉石岭,蕉石岭,BV10327017,,蕉石岭,113.852385,23.280023,增城10路、增城3路、增城47路
蕉西路北站,蕉西路北,蕉西路北站,BV11101901,,蕉西路北,113.526119,22.803381,南沙W1A路
蕉西路中站,蕉西路中,蕉西路中站,BV11421795,,,113.519202,22.791438,南沙20路、南沙31路A线、南沙31路B线
蕉园路口,蕉园路口,蕉园路口,BV09344819,,蕉园路口,113.512043,23.069181,440路
较场西路,较场西路,较场西路,BV11317979,,较场西路,113.277885,23.128482,183路、211路、223路、76路、864路、93路、B8路、夜36路、夜4路
教师村,教师村,教师村,BV11359296,,教师村,113.661598,23.604170,从14路、从701路
教思亭,教思亭,教思亭,BV09314414,,,113.416812,23.081751,长洲岛2号线
教育路口,教育路口,教育路口,BV10251770,,教育路口,113.187000,23.139067,653路、佛276路/佛276、夜112路、广205路
教育路南,教育路南,教育路南,BV09241713,,教育路南,113.260622,23.125073,14路
窖吓村,窖吓村,窖吓村,BV11522006,,窖吓村,113.579129,23.321631,352A路
滘口地铁站,滘口地铁,滘口地铁站,BV11215348,,,113.202923,23.116864,广州-肇庆
滘口客运站,滘口客运,滘口客运站,BV11682066,,,113.202773,23.115382,312路
滘口客运站总站,滘口客运站总,滘口客运站总站,BV10014057,,滘口客运站总站,113.203087,23.115931,124路、206路、233路、236路、309路、57路、61路、832路、夜27路、夜29路、夜69路、广419路
滘口汽车站总站,滘口汽车站总,滘口汽车站总站,BV11587892,,,113.202215,23.116299,312路、夜29路
滘心村,滘心村,滘心村,BV11363020,,滘心村,113.212760,23.242960,834路
滘心村(滘心路口),滘心村(滘心路口),滘心村(滘心路口),BV11463658,,滘心村（滘心路口）,113.216074,23.244078,977路
滘心村口,滘心村口,滘心村口,BV11481126,,滘心村口,113.211662,23.230367,705路、742路、834路、841路、夜117路
滘心村总站,滘心村总,滘心村总站,BV10013686,,滘心村总站,113.220413,23.237979,476路
滘心大道,滘心大道,滘心大道,BV11601154,,滘心大道,113.213885,23.233394,271路、841路
滘心东路,滘心东路,滘心东路,BV09368078,,滘心东路,113.222312,23.238843,271路、476路、722路
滘心工业区,滘心工业区,滘心工业区,BV11481133,,滘心工业区,113.213038,23.228065,705路、742路、841路
滘心路口,滘心路口,滘心路口,BV11601155,,滘心路口,113.218050,23.234834,271路、476路、夜117路
滘心市场,滘心市场,滘心市场,BV11645311,,滘心市场,113.217551,23.237961,271路、476路、夜117路
滘心小学,滘心小学,滘心小学,BV11413328,,滘心小学,113.219529,23.239150,271路、476路、722路
接龙里,接龙里,接龙里,BV10019334,,接龙里,113.234438,23.096800,183路、487路、782A路、782路、838路、965路、966路
节能科技园,节能科技园,节能科技园,BV10014702,,节能科技园,113.358106,22.978878,302路、303路、310路、987路、夜88路、番10路、番143路、番145路、番146路、番163A路、番165路、番52路、番89路
节能科技园总站,节能科技园总,节能科技园总站,BV10386996,,节能科技园,113.363496,22.981122,番143路、番165路
桔洞,桔洞,桔洞,BV09272796,,桔洞,113.427114,23.308111,758路
桔树村,桔树村,桔树村,BV09310999,,,113.290557,23.034348,公交地铁接驳专线4路、公交地铁接驳专线5路
捷进中路,捷进中路,捷进中路,BV09308699,,捷进中路,113.351606,22.952010,番4B路
捷厉特车厂,捷厉特车厂,捷厉特车厂,BV11632951,,捷厉特车厂,113.630905,23.165520,增城20路、增城21路、增城44路、增城46路
捷普电子厂,捷普电子厂,捷普电子厂,BV11467023,,捷普电子厂,113.501136,23.143831,349路、450路、459路、575路、940路、夜57路、夜98路
捷荣锦江豪庭(东海大道),捷荣锦江豪庭(东海大道),捷荣锦江豪庭(东海大道),BV10629682,,,112.908681,23.358514,655B路、655路
解放北路,解放北路,解放北路站,BV11091392,,解放北路（南越王博物馆）,113.256303,23.141475,284路、519路、528路、555路、5路、7路、夜12路、夜22路、夜26路、夜55路、夜8路
解放北路(应元路口),解放北路(应元路口),解放北路(应元路口),BV11663428,,解放北路（应元路口）,113.256447,23.135862,284路、555路、56路
解放北路口,解放北路口,解放北路口站,BV11091380,,解放北路口,113.254846,23.143043,181路、186路、256路、42路、5路、7路、夜55路、夜79路、夜8路
解放北路总站(应元路口),解放北路总站(应元路口),解放北路总站(应元路口),BV10387132,,解放北路（应元路口）总站,113.256425,23.136665,180路、21路、31路、58A路、广275路
解放路,解放路,解放路,BV10896448,,解放路,113.349588,22.937610,番7路
解放南路,解放南路,解放南路2,BV09226091,2,解放南路②,113.257322,23.121289,191路、243路、244A路、244路、250路、273路、527路、5路、823路、B8路、夜107路、夜120路、夜22路、夜30路、夜36路、夜55路、夜89路、广夜67路、113路
解放南路,解放南路,解放南路,BV11688454,1,解放南路①,113.257417,23.119901,14路、180路、243路、244A路、244路、250路、253路、273路、29路、527路、527路机电班车、5路、64路、88路、B8路、夜120路、夜36路、夜55路、广281路、广夜67路、空港快线3线、113路
解放南路(沿江路口),解放南路(沿江路口),解放南路(沿江路口),BV10013723,,解放南路（沿江路口）,113.257822,23.116012,64路、广281路、广夜67路
解放南路口,解放南路口,解放南路口,BV11688580,,解放南路口,113.254975,23.120700,124路、209路、217路、3路、541路、66路、6路、82路、夜121路、夜39路、夜5路、夜72路
解放中路,解放中路,解放中路2,BV09226097,2,解放中路②,113.257011,23.125210,180路、191路、217路、243路、244A路、244路、250路、253路、273路、29路、527路、527路机电班车、5路、88路、夜120路、夜22路、夜30路、夜55路、夜72路、夜89路、广夜67路
解放中路,解放中路,解放中路,BV11688461,3,解放中路3,113.257214,23.124513,124路、191路、209路、217路、243路、244A路、244路、250路、273路、519路、527路、527路机电班车、5路、64路、6路、88路、夜107路、夜120路、夜72路、夜89路、广281路、广夜67路、110路、101路、104路、113路
解放庄,解放庄,解放庄,BV11675346,,解放庄,113.282686,23.219956,755路、831路
界河桥,界河桥,界河桥站,BV10016788,,界河桥,113.625100,22.706241,南1路B、南沙62路、南沙62路短线、南沙1路
界涌桥,界涌桥,界涌桥,BV10020062,,界涌桥,113.459116,22.935174,番160路、番80路、番夜1路
今洲广场站,今洲广场,今洲广场站,BV10015866,,今洲广场,113.539913,22.803433,南沙18路、南沙19路、南沙49路、南沙G4路、南沙学1路、番141路、番143路
金碧花园,金碧花园,金碧花园,BV09245151,1,金碧花园①,113.280258,23.070821,551路
金碧花园,金碧花园,金碧花园1,BV09407139,1,金碧花园①,113.281195,23.070301,180路、221路、230路、288路、309路、546路、59路、75路、761路、9路、夜24路、夜55路
金碧花园,金碧花园,金碧花园2,BV09413160,2,,113.282042,23.069942,221路、288路、303路、309路、546路、59路、夜24路、夜55路
金碧路总站,金碧路总,金碧路总站,BV10021366,,金碧路总站,113.514745,23.051742,440路
金碧御水山庄总站,金碧御水山庄总,金碧御水山庄总站,BV10023913,,金碧御水山庄总站,113.191964,23.483043,花86路、花89路
金埔路口,金埔路口,金埔路口,BV09202618,,金埔路口,113.375711,23.326236,728路、827路
金城大厦,金城大厦,金城大厦站,BV09407400,,金城大厦,113.202449,23.381622,705路、夜92路、花19路、花1路、花21路、花21路夜班、花37路、花62路、花63路、花63路短线、花68路、花68路白坭班车、花68路短线、花7路、花80路、花81路、花86路、703路
金地上城,金地上城,金地上城,BV09325677,,金地上城,113.593899,23.222143,增城11A路
金渡大花坛,金渡大花坛,金渡大花坛,BV10544715,,,112.516403,23.038678,广州-肇庆
金峰园路,金峰园路,金峰园路,BV11182294,,金峰园路,113.444355,23.181561,325路、345路
金逢路口,金逢路口,金逢路口,BV10665814,,,113.124609,23.258265,佛里07B路
金刚禅寺,金刚禅寺,金刚禅寺,BV11627309,,,113.187891,23.152518,429路循环线、广478路、广746路
金谷路口,金谷路口,金谷路口,BV09139066,,金谷路口,113.349632,23.422700,花84路
金谷南路,金谷南路,金谷南路,BV11568717,,金谷南路,113.351367,23.424525,708路、716路、夜106路、花16路
金谷园,金谷园,金谷园,BV10014892,,金谷园,113.790204,23.410987,增城15路、增城16路、增城19路、增城58路、增城73路
金光西大道(曾边村),金光西大道(曾边村),金光西大道(曾边村),BV11616395,,金光西大道（曾边村）,113.407998,23.028690,番51路、番53路、番87路
金贵村,金贵村,金贵村,BV11688390,1,金贵村①,113.292601,23.156641,175路、179路、199路、223路、257路、285路、285路无轨电车短线、298路、32路、46路、540路、841路、B16路、B18路、B18路快线、夜35路、大学城专线1路、高峰快线21路、241路
金海岸花园,金海岸花园,金海岸花园分站,BV09305008,,金海岸花园分站,113.399173,22.939304,南沙54路、番28B路、番微公交3路
金海岸花园,金海岸花园,金海岸花园,BV11687946,,金海岸花园,113.400943,22.939416,301路、南沙54路、番10路、番148路、番160路、番16路、番19路、番1路、番28B路、番29路、番68路、番6路、番93路、番97路、番99路、番微公交3路、番93路短线
金荷二路站,金荷二路,金荷二路站,BV09380919,,金荷二路,113.488766,23.029845,番77路
金荷六路,金荷六路,金荷六路,BV09305347,,金荷六路（汽车小镇）,113.498486,23.017449,番131路、番31路、番77路
金湖工业区,金湖工业区,金湖工业区,BV11233067,,金湖工业区,113.450755,22.998838,番128路、番62路
金湖雅苑总站,金湖雅苑总,金湖雅苑总站,BV10021815,,金湖雅苑总站,113.332009,23.196036,241路
金湖住宅区,金湖住宅区,金湖住宅区,BV10019229,,金湖住宅区,113.337400,23.208809,246路、747路
金鸡,金鸡,金鸡,BV11115197,,金鸡,113.619179,23.498609,从302路
金鸡社,金鸡社,金鸡社,BV11216189,,金鸡社,113.672240,23.608282,从14路、从19路、从19路密石班车
金桔咀桥,金桔咀桥,金桔咀桥站,BV11419912,,,113.262917,22.818382,312路
金井坊,金井坊,金井坊,BV10020058,,金井坊,113.443805,22.950932,番80路、番81路、番92路/番92路、番93路、番93路短线
金菊花园,金菊花园,金菊花园,BV11364427,,金菊花园,113.209764,23.400577,花86路
金科博翠明珠站,金科博翠明珠,金科博翠明珠站,BV11412808,,金科博翠明珠,113.502879,22.766736,南39路、南沙23B路
金坑站,金坑,金坑站,BV11482785,,金坑,113.520832,23.258380,345路
金兰寺村,金兰寺村,金兰寺村,BV10024265,,金兰寺村,113.851331,23.193726,增城18路
金联市场,金联市场,金联市场,BV09064296,,金联市场,113.217929,23.384374,夜92路、花17路联民村、花1路、花84路
金岭北路站,金岭北路,金岭北路站,BV10015861,,金岭北路,113.545875,22.797987,南1路B、南沙18路、南沙49路、南沙63路A线、南沙63路B线、南沙8路、番141路
金岭南路站,金岭南路,金岭南路站,BV10015855,,金岭南路,113.554339,22.761808,南1路B、南夜4路、南沙18路、南沙49路、南沙4路、番141路、南沙1路
金岭南路口,金岭南路口,金岭南路口站,BV09389440,,金岭南路口,113.556374,22.757295,南1路B、南27路、南夜6路、南沙13路、南沙18路、南沙49路、南沙4路、南沙54路、番141路、南沙1路
金岭南路口公交站,金岭南路口公交,金岭南路口公交站,BV11504670,,,113.556374,22.757295,长途番禺宝安
金岭中路站,金岭中路,金岭中路站,BV10015858,,金岭中路,113.547296,22.776964,南1路B、南夜4路、南沙18路、南沙49路、南沙4路、番141路
金龙财富广场,金龙财富广场,金龙财富广场,BV09005192,,金龙财富广场,113.427300,22.939715,番148路、番160路、番28B路、番83路
金龙财富广场,金龙财富广场,金龙财富广场(东行),BV09075519,,,113.425445,22.939035,番夜1路
金龙财富广场,金龙财富广场,金龙财富广场(西行),BV09075520,,,113.427300,22.939715,番夜1路
金龙城财富广场,金龙城财富广场,金龙城财富广场,BV09090400,,,113.427083,22.939678,番28B路
金龙路中,金龙路中,金龙路中,BV11624633,,金龙路中,113.425443,22.969977,番72路、番79路、番83路
金隆路站,金隆路,金隆路站,BV11070088,,金隆路,113.539878,22.794812,南34路、南53路、南沙12路、南沙20路、南沙31路A线、南沙38路
金隆小学滨海路校区,金隆小学滨海路校区,金隆小学滨海路校区,BV09397164,,,113.539538,22.817452,南沙31路B线
金隆小学海滨路校区,金隆小学海滨路校区,金隆小学海滨路校区,BV09304107,,,113.540968,22.816814,南沙31路A线
金名都,金名都,金名都站,BV11688780,,金名都,113.200428,23.179797,佛252路、佛沥18路、佛里07B路、佛里07路、广231路、广657路、广974路班车、广夜91路、里07路、里07路短线/佛里07路里广快线、里14、里14路、里17路、里07路高峰线、广974路
金盘岭教练场,金盘岭教练场,金盘岭教练场,BV10019230,,金盘岭教练场,113.339184,23.226562,246路、747路
金盆北路,金盆北路,金盆北路,BV09180454,,金盆北路,113.382983,23.332742,728路
金盆北路口,金盆北路口,金盆北路口,BV11253917,,金盆北路口,113.388585,23.342217,728路
金盆村骑马场,金盆村骑马场,金盆村骑马场,BV11253919,,金盆村骑马场,113.385699,23.342328,728路
金盆村委,金盆村委,金盆村委,BV09332618,,金盆村委,113.377780,23.328591,728路、827路
金盆金沙路口,金盆金沙路口,金盆金沙路口,BV11253916,,金盆金沙路口,113.382115,23.332327,827路
金盆骑马街口,金盆骑马街口,金盆骑马街口,BV09179268,,金盆骑马街口,113.387634,23.345337,728路、827路
金盆钱岗庄,金盆钱岗庄,金盆钱岗庄,BV11284893,,金盆钱岗庄,113.373950,23.322949,728路、827路
金盆永福路口,金盆永福路口,金盆永福路口,BV11260334,,金盆永福路口,113.371618,23.318377,728路、827路
金盆中路,金盆中路,金盆中路,BV11279248,,金盆中路,113.380742,23.330949,728路、827路
金融大厦站,金融大厦,金融大厦站,BV11101900,,金融大厦,113.528608,22.803189,南沙W1A路
金融服务区,金融服务区,金融服务区,BV11118945,,金融服务区,113.615156,23.153237,增城30路、增城38路、增城40路、增城44路、增城45路
金三大道东,金三大道东,金三大道东,BV09204120,,,113.474691,22.680684,
金沙丽水,金沙丽水,金沙丽水,BV10019684,,金沙丽水,113.343585,22.904305,番108B路、番130路、番147路、番108路
金沙路,金沙路,金沙路,BV11629134,,金沙路,113.251081,23.092895,16路、243路、303路、31路、487路、489路、813路、963路、967路、995路、B21路、夜3路、广123路
金沙南路,金沙南路,金沙南路,BV11430344,,金沙南路,113.219067,23.273772,472路、474路、509路、523路、654路、843路、977路
金沙人家,金沙人家,金沙人家站,BV11164938,,,113.376660,22.810987,312路
金沙小区,金沙小区,金沙小区,BV11499582,,金沙小区,113.216555,23.275467,472路、713路、723路、825路、837路
金沙邮电局,金沙邮电局,金沙邮电局,BV10251721,,,112.957506,23.067823,佛250路
金沙洲(涛乐街)总站,金沙洲(涛乐街)总,金沙洲(涛乐街)总站,BV09347833,,金沙洲（涛乐街）总站,113.205604,23.173790,290路、429路循环线、55路、658A路、658B路、745路、夜96路
金沙洲大桥西,金沙洲大桥西,金沙洲大桥西2,BV09010639,2,金沙洲大桥西②,113.204448,23.157277,290路、55路、830路、885路、夜16路、夜45路、夜96路、广231路、广283路班车、广424路、广夜54路
金沙洲大桥西,金沙洲大桥西,金沙洲大桥西,BV10713669,2,金沙洲大桥西②,113.205904,23.155960,290路、42路、55路、745路、830路、佛276路/佛276、夜122路、夜16路、夜45路、夜96路、广12路、广231路、广276路、广283路、广283路班车、广424路、广夜54路、广高峰快线30路
金沙洲路,金沙洲路,金沙洲路3,BV09010641,3,金沙洲路③,113.202892,23.160724,55路、745路、830路、885路
金沙洲路,金沙洲路,金沙洲路1,BV09369963,1,金沙洲路,113.202819,23.159314,42路、55路、佛276路/佛276、夜122路、夜16路、夜45路、广12路、广276路、广283路、广283路班车、广424路、广夜54路、广夜91路、广高峰快线30路、里07路高峰线
金沙洲路,金沙洲路,金沙洲路2,BV11329134,2,金沙洲路,113.202893,23.159006,290路、830路、885路、佛276路/佛276、夜122路、夜16路、夜45路、夜96路、广12路、广231路、广276路、广283路、广424路、广974路班车、广高峰快线30路、广974路
金沙洲路,金沙洲路,金沙洲路,BV11688450,2,金沙洲路②,113.202900,23.160715,42路、佛里07路
金沙洲码头,金沙洲码头,金沙洲码头,BV10022432,1,金沙洲码头,113.208650,23.158320,745路、广657路
金沙洲码头总站,金沙洲码头总,金沙洲码头总站,BV10019002,1,金沙洲码头总站①,113.208481,23.158683,830路、广657路、广夜91路
金山北路,金山北路,金山北路,BV09381927,,金山北路,113.457250,23.031855,番77路
金山产业园,金山产业园,金山产业园,BV09042298,,,113.344410,22.986821,番109B路
金山村委,金山村委,金山村委,BV10020017,,金山村委,113.412542,22.992240,番66路、番72路
金山村委总站,金山村委总,金山村委总站,BV11632496,,金山村委总站,113.410350,22.992796,番81路
金山大道草堂村口,金山大道草堂村口,金山大道草堂村口,BV10843336,,金山大道草堂村口,113.462856,23.027597,番75路
金山大道路口,金山大道路口,金山大道路口站,BV11688127,,金山大道路口,113.391816,22.992101,公交地铁接驳专线8路、番51路、番59路
金山大道谭山村口,金山大道谭山村口,金山大道谭山村口,BV10753646,,金山大道谭山村口站,113.449330,23.017972,番59路、番75路
金山谷花园,金山谷花园,金山谷花园,BV10019836,,金山谷花园,113.337402,22.971771,301路、番100路、番13路、番15路、番1路、番86路、番91路、番96路、番97路、番99路、番夜5路、番108路
金山谷花园总站,金山谷花园总,金山谷花园总站,BV10838158,,金山谷花园总站,113.342311,22.980643,番21B路、番86路
金山谷尚层,金山谷尚层,金山谷尚层,BV09278980,,,113.341705,22.981155,番86路高峰直达短线
金山路口,金山路口,金山路口,BV10019984,,金山路口,113.421070,22.977476,番59路
金山小学,金山小学,金山小学,BV10020018,,金山小学（华创动漫产业园）,113.414331,22.989960,番66路、番72路
金狮大道西,金狮大道西,金狮大道西,BV11188269,,,113.148038,23.470361,花89路
金狮大道中,金狮大道中,金狮大道中,BV09087349,,金狮大道中,113.170877,23.468545,花23路
金时花园,金时花园,金时花园,BV11447600,,金时花园,113.848727,23.275778,增城47路、增城74路
金市路,金市路,金市路,BV10618432,,金市路,113.413583,22.996014,番66路、番72路
金属冶炼厂,金属冶炼厂,金属冶炼厂,BV11379214,,,113.319494,23.060378,960路
金水里村口,金水里村口,金水里村口,BV10017713,,金水里村口,113.539147,23.341941,352路
金水里东,金水里东,金水里东,BV10014355,,金水里东,113.548066,23.342135,352路
金水里西,金水里西,金水里西,BV10014354,,金水里西,113.545036,23.341996,352路
金穗路,金穗路,金穗路,BV10015735,2,金穗路2,113.324939,23.125436,20路、499路、583路、669路、B22路、夜43路
金穗路总站(马场路口),金穗路总站(马场路口),金穗路总站(马场路口),BV11077912,,金穗路（马场路口）总站,113.336545,23.124473,669路
金田工业区,金田工业区,金田工业区,BV11568712,,金田工业区,113.338329,23.428388,708路、夜106路、花16路、花84路
金湾生活区,金湾生活区,金湾生活区,BV10023397,,金湾生活区,113.336651,22.900021,番6路、番7路
金溪科技园,金溪科技园,金溪科技园,BV10640122,,,113.108577,23.251942,佛里07B路
金禧路西,金禧路西,金禧路西,BV10018255,,金禧路西,113.278913,23.097452,460路
金新大道,金新大道,金新大道,BV09149118,,金新大道,113.363046,23.027956,番71路
金新大道中,金新大道中,金新大道中,BV09101594,,金新大道中,113.362640,23.024427,番71路
金信路,金信路,金信路,BV10022274,,金信路,113.268392,23.179002,34路、544路、547路、795路、841路、夜32路
金信路口,金信路口,金信路口,BV10019054,,金信路口,113.269766,23.181524,544路、547路、757路、841路、夜32路
金信路总站,金信路总,金信路总站,BV10019055,,金信路（云山锦绣家园）总站,113.268957,23.180750,757路
金轩三路(广汽爱信),金轩三路(广汽爱信),金轩三路(广汽爱信),BV11686081,,金轩三路（广汽爱信）,113.480553,23.010619,番75路
金轩三路(祺盛动力),金轩三路(祺盛动力),金轩三路(祺盛动力),BV11686080,,金轩三路（祺盛动力）,113.485554,23.012569,番75路
金轩三路(祺盛动力),金轩三路(祺盛动力),金轩三路,BV11686085,,金轩三路（祺盛动力）,113.484292,23.012212,番75路
金燕生活区,金燕生活区,金燕生活区,BV11519172,,金燕生活区,113.323276,23.159492,503路、54路、89路、B11路、夜10路
金燕庄,金燕庄,金燕庄,BV11627158,,金燕庄,113.502183,23.352461,827路
金业别墅花园,金业别墅花园,金业别墅花园,BV10020100,,金业别墅花园,113.361033,22.920326,番9路、番9路长线
金业小学站,金业小学,金业小学站,BV10018629,,金业小学,113.585361,22.768356,九王庙临时接驳线内环、九王庙临时接驳线外环、南夜5路、南沙5路、南沙62路
金宇花园,金宇花园,金宇花园,BV11688515,,金宇花园,113.248296,23.065167,121路、52路、64路、995路、广277路
金宇花园总站,金宇花园总,金宇花园总站,BV10013810,,金宇花园总站,113.248456,23.065308,夜42路
金源花园站,金源花园,金源花园站,BV11419865,,,113.409677,22.799448,南42路
金钟,金钟,金钟,BV11627696,,金钟,113.510982,23.519494,从808路
金州新邨,金州新邨,金州新邨,BV09309647,,,113.409568,23.072255,332路
金洲站,金洲,金洲站,BV10015820,,金洲,113.543143,22.803448,南34路、南53路、南沙12路、南沙18路、南沙19路、南沙38路、南沙49路、南沙G4路、南沙学1路、番141路、番143路
金洲北路,金洲北路,金洲北路,BV10018080,,金洲北路,113.426317,23.085276,383路、430路、夜65路、长洲岛1号线、长洲岛2号线
金洲村站,金洲村,金洲村站,BV10015893,,金洲村,113.541162,22.804121,南沙20路、南沙31路A线、南沙31路B线
金洲地铁站(双山大道),金洲地铁站(双山大道),金洲地铁站(双山大道),BV09302196,,,113.532192,22.795504,南沙19路
金洲地铁站(双山大道),金洲地铁站(双山大道),金洲地铁站,BV10015863,,,113.532192,22.795504,南53路、南夜4路、南沙4路、南沙63路A线、南沙63路B线
金洲公交站,金洲公交,金洲公交站,BV11504676,,,113.543143,22.803448,长途番禺宝安
金竹一路西,金竹一路西,金竹一路西,BV11481322,,金竹一路西,113.803089,23.290560,增城47路、增城77路
金棕榈湾,金棕榈湾,金棕榈湾,BV10334354,,金棕榈湾,113.059995,23.103749,佛200路
锦城花园,锦城花园,锦城花园1,BV09364274,1,锦城花园（四五八医院）①,113.304460,23.134361,189路
锦城花园,锦城花园,锦城花园,BV11171452,1,锦城花园（四五八医院）,113.305304,23.134158,185路、189路、204路、261路、27路、284路、293路、2路、305路、518路、542路、54路、56路、62路、B4路、夜18路、夜36路、夜38路、广283路、广283路班车、广高峰快线30路
锦城花园(东风东)总站,锦城花园(东风东)总,锦城花园(东风东)总站,BV11620748,,锦城花园（东风东）总站,113.303670,23.133064,129路、106路
锦城花园总站(东风东),锦城花园总站(东风东),锦城花园总站(东风东),BV10014572,2,锦城花园（东风东）总站,113.303538,23.133151,129路、185路、221路、2路、63路、B15路、夜13路
锦村村委总站,锦村村委总,锦村村委总站,BV11334795,,锦村村委总站,113.854923,23.702288,从602路
锦二村委,锦二村委,锦二村委,BV11115203,,锦二村委,113.602706,23.494516,从301路
锦龙站,锦龙,锦龙站,BV09001095,,锦龙站,113.233482,22.956265,佛K330路/K330路快线
锦三村委,锦三村委,锦三村委,BV11115187,,锦三村委,113.588262,23.505038,从301路
锦涡3桥,锦涡3桥,锦涡3桥,BV10266776,,,113.599077,23.020608,莞618路、莞86路
锦兴染厂站,锦兴染厂,锦兴染厂站,BV10018478,,,113.463484,22.898247,南50路、南52路
锦绣半岛西区,锦绣半岛西区,锦绣半岛西区,BV10659821,,锦绣半岛西区,113.251478,23.045343,211路、310路、310路高峰短线、311路、夜133路
锦绣半山,锦绣半山,锦绣半山,BV11198222,,锦绣半山,113.786611,23.257823,增城14路、增城65路、增城78路、增城82路、增城9路、增城9路快线
锦绣趣园,锦绣趣园,锦绣趣园,BV11450426,,锦绣趣园,113.300611,22.978133,312路、番99路、番夜5路
锦绣趣园(105国道),锦绣趣园(105国道),锦绣趣园(105国道),BV10023080,,锦绣趣园（105国道）,113.297026,22.977317,番129路
锦绣趣园东,锦绣趣园东,锦绣趣园东,BV10019717,,锦绣趣园东,113.304463,22.977515,312路、番99路、番夜5路
锦绣生态园,锦绣生态园,锦绣生态园,BV11689055,,锦绣生态园,113.304211,22.972453,288路、312路、番100路、番109路、番125路、番15路、番97路
锦绣生态园南门,锦绣生态园南门,锦绣生态园南门,BV10014962,,锦绣生态园南门,113.301837,22.968770,番109路、番125路、番97路
锦绣文化中心,锦绣文化中心,锦绣文化中心,BV11689052,,锦绣文化中心,113.310395,22.979853,288路、地铁接驳10A线、番100路、番109B路、番109路、番125路、番25路、番96路、番97路、番99路、番夜5路
锦绣香江,锦绣香江#1,锦绣香江(东行),BV09062268,,锦绣香江分站,113.337946,23.004660,番58路
锦绣香江,锦绣香江#1,锦绣香江(西行),BV09062269,,锦绣香江分站,113.337777,23.004872,番58路
锦绣香江,锦绣香江#1,锦绣香江,BV09176206,,锦绣香江,113.337777,23.004872,129路、303A路、公交地铁接驳专线9路、夜102路、番163A路、番163B路、番30路、番52路、番86路、番89路
锦绣香江,锦绣香江#1,锦绣香江分站,BV11172006,,,113.336611,23.003850,303A路、番86路
锦绣香江,锦绣香江#1,锦绣香江(分站),BV11206265,,锦绣香江分站,113.336611,23.003850,番30路
锦绣香江,锦绣香江#2,锦绣香江,BV09244922,,,113.771751,23.562936,增城16路、增城61路、旅游专线1路
锦绣香江北门,锦绣香江北门,锦绣香江北门站,BV09243520,,锦绣香江北门,113.331508,23.001179,129路、303A路、公交地铁接驳专线9路、番163A路、番163B路、番30路、番52路、番86路、番89路
锦绣新天地,锦绣新天地,锦绣新天地,BV11102414,,锦绣新天地,113.613825,23.124229,379路、571A路、571B路、增城22路、增城26路、增城28路、增城75路、增城9路、莞615路
锦绣银湾,锦绣银湾,锦绣银湾,BV10023235,,锦绣银湾,113.320843,23.031928,公交地铁接驳专线7路、番188路
锦绣御景苑,锦绣御景苑,锦绣御景苑,BV10016270,,锦绣御景苑,113.816670,23.302812,增城15路快线、增城16路、增城48路、增城5路、旅游专线1路
锦一总站,锦一总,锦一总站,BV09244072,,锦一总站,113.615538,23.482310,从301路
锦园路南,锦园路南,锦园路南,BV10947057,,锦园路南,113.145865,23.051394,佛202路
进港大道西,进港大道西,进港大道西,BV09371832,,,113.523893,22.805866,南沙33路
进港大道西,进港大道西,进港大道西站,BV10017842,,,113.523858,22.805879,长途番禺宝安
进港大道中站,进港大道中,进港大道中站,BV10015868,,进港大道中,113.555076,22.800741,南1路B、南53路、南沙19路、南沙62路、南沙G4路、南沙学1路、番143路
京广协同创新中心站,京广协同创新中心,京广协同创新中心站,BV09149587,,京广协同创新中心,113.521136,23.155499,335路、375路、397路、566路、569路、941路、946路、B31路、夜49路
京师励耕学校,京师励耕学校,京师励耕学校,BV09219049,,,113.309441,22.805401,312路
京师励耘学校,京师励耘学校,京师励耘学校,BV09219476,,,113.309297,22.805480,312路
京溪路,京溪路,京溪路,BV11506953,,京溪路,113.322211,23.185426,126路、136路、784路、791路、804路、83路、京溪2线、夜74路、夜90路、241路
京溪路口,京溪路口,京溪路口,BV10019227,,京溪路口,113.329552,23.185599,140路、201路、246路、498路、502路、791路、804路、884路、京溪2线、241路
京溪南方医院,京溪南方医院,京溪南方医院,BV11468837,,,113.320318,23.187345,京溪2线
京珠高速桥底,京珠高速桥底,京珠高速桥底站,BV11403267,,京珠高速桥底,113.473986,22.904298,番28路
经济贸易职业学校,经济贸易职业学校,经济贸易职业学校,BV11346058,,经济贸易职业学校,113.229787,23.486199,花63路、花83B路
经贸学校,经贸学校,经贸学校,BV10262362,,,113.772235,23.056311,莞G7路
经委大厦,经委大厦,经委大厦,BV11175929,,经委大厦,113.134876,23.041371,佛232路、佛276路/佛276
晶正科技园,晶正科技园,晶正科技园,BV11660929,,晶正科技园,113.613827,23.181938,增城12路
精益大厦,精益大厦,精益大厦,BV10016611,,精益大厦,113.258896,23.423261,花16路、花17路联民村、花84路
井岗菜场,井岗菜场,井岗菜场站,BV11469892,,井岗菜场（从玉菜场）,113.540004,23.528493,从808路
井岗村,井岗村,井岗村,BV10604892,,井岗村,113.177939,23.339050,750路
井岗村委,井岗村委#1,井岗村委,BV11501809,,井岗村委,113.182850,23.350129,829路
井岗村委,井岗村委#2,井岗村委,BV11469468,,井岗村委,113.525727,23.525997,从808路
井岗大道北街,井岗大道北街,井岗大道北街,BV11568007,,井岗大道北街,113.183610,23.351850,829路
井岗大道北街口,井岗大道北街口,井岗大道北街口,BV11568005,,,113.181325,23.346547,829路
井岗大道南街口,井岗大道南街口,井岗大道南街口,BV11568008,,,113.180804,23.344480,829路
井泉四路,井泉四路,井泉四路站,BV10653030,,井泉四路,113.574988,23.184589,371路、394路
井泉一路,井泉一路,井泉一路站,BV10653025,,井泉一路,113.570035,23.186967,371路、394路
井头李,井头李,井头李,BV11315198,,,113.813665,23.521507,增城62路
景泰坑,景泰坑,景泰坑2,BV09304041,2,景泰坑2,113.273393,23.162489,189路、199路、298路、540路、63路、夜35路
景泰坑,景泰坑,景泰坑,BV11088401,1,景泰坑,113.273876,23.162515,179路、181路、199路、210路、24路、257路、265路、273路、298路、32路、36路、38路、46路、540路、63路、夜35路、大学城专线1路、高峰快线21路、高峰快线80路
景泰坑临时总站,景泰坑临时总,景泰坑临时总站,BV09341847,,,113.271581,23.162566,181路
景泰坑总站,景泰坑总,景泰坑总站,BV10405864,,,113.271581,23.162566,181路
景泰直街,景泰直街,景泰直街,BV10017948,,景泰直街,113.263945,23.162050,186路、284路、479路、夜40路、夜82路
景泰直街总站,景泰直街总,景泰直街总站,BV10018324,,景泰直街总站,113.264217,23.164002,479路、夜82路
景新国际,景新国际,景新国际,BV11619431,,景新国际,113.623717,23.283428,370路、增城11路
景裕嘉园,景裕嘉园,景裕嘉园,BV10703780,,景裕嘉园,113.205803,23.096874,佛202路、夜103路、广565路、沥17B路、沥17B路区间
景云路,景云路,景云路,BV10019173,2,景云路②,113.269992,23.167334,190路、795路
警察学校,警察学校,警察学校,BV11540996,,警察学校,113.223049,23.199534,280路、428路、830路、夜21路
迳口村,迳口村,迳口村,BV10475300,,迳口村,113.159801,23.449911,花80路、花都113路
迳头二社,迳头二社,迳头二社,BV11552770,,迳头二社,113.568869,23.268067,458路
迳头二小分校,迳头二小分校,迳头二小分校,BV11552773,,迳头二小分校,113.569364,23.263481,458路
迳头九社总站,迳头九社总,迳头九社总站,BV10604978,,迳头九社总站,113.568585,23.257766,458路
迳头六社,迳头六社,迳头六社,BV10604977,,迳头六社,113.569700,23.261441,458路
迳吓村,迳吓村,迳吓村,BV10020783,,迳吓村,113.792106,23.302657,增城3路、增城47路
敬业路,敬业路,敬业路,BV11535653,,,113.470972,23.109311,文冲1号线便民车
靖海路口,靖海路口,靖海路口站,BV11688522,,靖海路口,113.257200,23.114390,128路、131A路、186路、1路、208路、57路、58路、64路、夜1路、夜31路、广281路、广夜67路、旅游公交2线
镜湖工业区总站,镜湖工业区总,镜湖工业区总站,BV10704948,,镜湖工业区总站,113.250640,23.350093,花22路
九比村站,九比村,九比村站,BV10014921,,九比村,113.383729,22.845122,南48路、南沙33路、南沙65路、南沙67路、番142路
九比村总站,九比村总,九比村总站,BV10418331,,九比村总站,113.384090,22.841118,南沙G3路
九峰山农庄,九峰山农庄,九峰山农庄,BV11119363,,九峰山农庄,113.893956,23.427231,增城68路
九佛二中北门,九佛二中北门,九佛二中北门,BV10017606,,,113.513512,23.349594,342路
九佛政和路口,九佛政和路口,九佛政和路口,BV09359307,,九佛政和路口,113.513132,23.357457,650路、827路、夜126路、夜131路
九和村,九和村,九和村,BV11393811,,九和村,113.609109,23.265401,增城11A路、增城35A路、增城35路、增城36路、增夜4路
九和村北,九和村北,九和村北,BV10016213,,九和村北,113.611356,23.268888,增城11A路、增城35A路、增城35路、增城36路、增夜4路
九湖村,九湖村,九湖村站,BV11691193,,九湖村,113.303819,23.439067,711路、花16路、花17路A、花32路、花84路、花85路
九湖村幼儿园,九湖村幼儿园,九湖村幼儿园,BV11584400,,九湖村幼儿园,113.298192,23.439624,花32路
九江大道公交枢纽站,九江大道公交枢纽,九江大道公交枢纽站,BV11255352,,九江大道公交枢纽站,113.012882,22.851745,佛236路
九江交警中队,九江交警中队,九江交警中队,BV11010422,,,113.008385,22.849960,佛236路
九江上东四约村,九江上东四约村,九江上东四约村,BV10592881,,,113.019576,22.840808,佛236路
九江中学,九江中学,九江中学,BV10252034,,,113.014053,22.836811,佛236路
九岭路,九岭路,九岭路站,BV11630345,,九岭路,113.546044,23.210468,394路、942路
九龙大道,九龙大道,九龙大道,BV10602773,,九龙大道（穗北社区）,113.486829,23.386253,650路、夜126路、夜131路
九龙大道南,九龙大道南,九龙大道南站,BV11483387,,九龙大道南,113.584006,23.277501,365路
九龙二小大坦分校,九龙二小大坦分校,九龙二小大坦分校,BV10022143,,九龙二小大坦分校,113.583609,23.261886,444路
九龙二小九楼分校,九龙二小九楼分校,九龙二小九楼分校,BV10022148,,九龙二小九楼分校,113.575978,23.275076,443路、444路、458路
九龙岗,九龙岗,九龙岗,BV09017013,,,113.721409,23.726331,从604路
九龙湖,九龙湖,九龙湖,BV10019351,,九龙湖,113.416617,23.453437,花85路、高峰快线72路
九龙湖公园南门,九龙湖公园南门,九龙湖公园南门,BV09409116,,九龙湖公园南门,113.516278,23.340222,343路
九龙江,九龙江,九龙江,BV11152768,,九龙江,113.721948,23.726535,从604路
九龙三小,九龙三小,九龙三小,BV09252824,,,113.570456,23.280859,新龙镇02线上午、新龙镇02线下午
九龙五金不锈钢城,九龙五金不锈钢城,九龙五金不锈钢城,BV10254830,,,113.142619,23.103312,佛200路、佛250路
九龙涌公交场,九龙涌公交场,九龙涌公交场,BV10925988,,,113.134288,23.124442,沥12B路
九龙镇新市场,九龙镇新市场,九龙镇新市场,BV10017605,,,113.516463,23.353444,342路
九龙镇政府,九龙镇政府,九龙镇政府,BV10555852,,,113.513166,23.357197,夜131路
九龙镇政府总站,九龙镇政府总,九龙镇政府总站,BV10013784,,,113.513070,23.357730,342路、350路、362路、456路、456路环线、457路、夜131路
九曲村路口,九曲村路口,九曲村路口,BV10797868,,,113.639681,23.007219,莞86路
九曲涌桥,九曲涌桥,九曲涌桥,BV11610066,,,113.636048,23.007371,莞86路
九如村,九如村,九如村,BV11449183,,九如村,113.628509,23.187181,增城21路、增城40路、增城46路
九太路,九太路,九太路,BV10017613,,九太路,113.488668,23.344197,342路、827路
九太路口,九太路口,九太路口,BV10013847,,九太路口,113.511537,23.358646,457路、650路、827路、夜126路、夜131路
九谭,九谭,九谭,BV11133386,,,113.085572,23.100768,佛200路
九潭,九潭,九潭,BV09386852,,九潭,113.085626,23.100332,佛200路
九潭村,九潭村,九潭村,BV10018888,,九潭村,113.161409,23.304154,721路、723路
九潭南路,九潭南路,九潭南路,BV11628724,,九潭南路,113.175062,23.376004,花112路、花70路、花70路短线
九塘社,九塘社,九塘社,BV10487846,,九塘社,113.153015,23.392518,花9路
九头,九头,九头,BV11369794,,九头,113.479677,23.553386,从803路
九王庙村站,九王庙村,九王庙村站,BV11516351,,,113.586537,22.775325,南夜5路
九五二小九楼分校,九五二小九楼分校,九五二小九楼分校,BV11596689,,,113.576037,23.275039,458路
九腌地路口,九腌地路口,九腌地路口,BV11598040,,九腌地路口,113.521038,23.381325,351路
九益村,九益村,九益村,BV11403956,,九益村,113.769479,23.411049,增城19路、增城41路、增城58路、增城70路、增城69路
九涌半,九涌半,九涌半站,BV09240062,,,113.556945,22.661886,南30路、南沙9路团结围线、南沙9路缸瓦沙线
九涌桥,九涌桥,九涌桥站,BV09296468,,,113.550856,22.667305,南30路、南沙9路团结围线、南沙9路缸瓦沙线
久裕村路口,久裕村路口,久裕村路口,BV10020905,,久裕村路口,113.637315,23.127731,增城22路、增城22路/增22路
久裕村委,久裕村委,久裕村委,BV10024166,,久裕村委,113.642974,23.124808,增城26路、增城27路
久裕牛仔街,久裕牛仔街,久裕牛仔街,BV10024167,,久裕牛仔街,113.640928,23.125068,增城26路
久裕商贸城,久裕商贸城,久裕商贸城,BV10020384,,久裕商贸城,113.647331,23.124360,增城26路、增城27路
玖龙宿舍,玖龙宿舍,玖龙宿舍,BV11623539,,,113.541249,23.065420,广369路
玖龙宿舍1站,玖龙宿舍1,玖龙宿舍1站,BV10494259,,,113.541984,23.066193,莞616路、莞86路
玖龙宿舍2站,玖龙宿舍2,玖龙宿舍2站,BV10494258,,,113.543356,23.067820,莞616路、莞619路
玖龙纸厂,玖龙纸厂,玖龙纸厂,BV11328080,,,113.538004,23.032023,莞618路
酒店商业街,酒店商业街,酒店商业街,BV10558293,,酒店商业街,113.044403,23.501848,花39路短线
旧福山村委总站,旧福山村委总,旧福山村委总站,BV10552929,,旧福山村委总站,113.510206,23.275808,443路
旧高埔村,旧高埔村,旧高埔村,BV11119536,,旧高埔村,113.707317,23.471885,增城59路
旧黄茅,旧黄茅#1,旧黄茅,BV11632515,,旧黄茅,113.353487,23.573878,从404路
旧黄茅,旧黄茅#2,旧黄茅,BV11352959,,旧黄茅,113.341554,23.575434,从404路
旧江村桥头,旧江村桥头,旧江村桥头,BV11488084,,旧江村桥头,113.235380,23.271354,523路、834路、977路
旧山吓村,旧山吓村,旧山吓村,BV11463932,,旧山吓村,113.866419,23.179165,增城88路
旧水坑村,旧水坑村,旧水坑村,BV10692701,,旧水坑村总站,113.394417,22.960707,番19路、番22路
旧水坑村口(城区大道),旧水坑村口(城区大道),旧水坑村口(城区大道),BV10023248,,旧水坑村口（城区大道）,113.389870,22.954966,番19路
旧水坑村尾,旧水坑村尾,旧水坑村尾,BV11026442,,旧水坑村尾,113.399465,22.964696,番22路
旧水坑村委,旧水坑村委,旧水坑村委,BV10407070,,旧水坑村委,113.391320,22.965047,番27路
旧水坑派出所(旧村南路),旧水坑派出所(旧村南路),旧水坑派出所(旧村南路),BV10023249,,旧水坑派出所（旧村南路）,113.389432,22.956680,番19路、番22B路、番22路
旧水坑中心街,旧水坑中心街,旧水坑中心街,BV10977908,,旧水坑中心街,113.394178,22.957259,番22路
旧水坑总站,旧水坑总,旧水坑总站,BV10862144,,,113.394341,22.960882,番22B路、番27路
旧围村,旧围村,旧围村,BV10017561,,旧围村,113.469103,23.139488,338路、347路、459路、B24路、夜97路
旧西福桥,旧西福桥,旧西福桥,BV10024246,,旧西福桥,113.738962,23.207142,增城14路、增城34路
旧寨村,旧寨村,旧寨村站,BV11419918,,,113.276418,22.810990,312路
救捞局,救捞局,救捞局,BV10018558,,救捞局,113.341084,23.049548,180路、195路、35路、468路、86路、997路、夜128路、夜34路、夜55路
救助站,救助,救助站,BV11140000,,救助站,113.856183,23.278245,增城10路、增城3路、增城47路
居雅装饰城,居雅装饰城,居雅装饰城,BV10023849,,,113.208970,23.395507,花76路
驹荣北路地铁站,驹荣北路地铁,驹荣北路地铁站,BV09078897,,驹荣北路地铁站,113.270247,22.837622,K314路
聚宝工业园,聚宝工业园,聚宝工业园,BV11028708,,聚宝工业园,113.408171,23.654877,从10路、从407路、从408路、从911路
聚德路,聚德路,聚德路,BV10017836,,聚德路,113.323564,23.087110,20路、226路、250路、夜135路、夜45路
聚德西路,聚德西路,聚德西路,BV11184188,,聚德西路,113.320551,23.084640,250路、779路
聚德西路口,聚德西路口,聚德西路口,BV11183741,,,113.320797,23.080583,264路、583路、761路、779路、商务专线5路、夜20路、夜33路、夜6路
聚德中路,聚德中路,聚德中路,BV10022514,,聚德中路,113.323092,23.086016,779路
聚豪新村站,聚豪新村,聚豪新村站,BV09240624,,,113.394280,22.766452,南46路、南56路
聚龙城,聚龙城,聚龙城,BV10618561,,,113.020253,22.850483,佛236路
聚龙村,聚龙村,聚龙村,BV10604894,,聚龙村,113.195993,23.313679,829路
聚龙地铁站D口,聚龙地铁站D口,聚龙地铁站D口,BV09162719,,,113.233851,23.185141,云山红色研学巴士1号线
聚龙工业区,聚龙工业区,聚龙工业区,BV10713667,,聚龙工业区,113.230898,23.184641,175路、17路、238路、271路、477路、524路、71路、757路、夜21路、夜2路、广424路、259路
聚胜花园,聚胜花园,聚胜花园站,BV09358021,,,113.284017,22.804242,312路
聚贤街口,聚贤街口,聚贤街口,BV10022659,,聚贤街口,113.292809,23.330464,750路、843路、704路
聚贤街牌坊,聚贤街牌坊,聚贤街牌坊,BV10611696,,,113.286220,23.337344,高速专线2路
卷烟一厂,卷烟一厂,卷烟一厂,BV10016433,,卷烟一厂,113.322048,23.092253,130路、184路、190路、226路、250路、69路、夜135路、夜45路
军民路,军民路,军民路,BV11641995,,,113.342987,23.281163,736路
军桥,军桥,军桥,BV10251702,,军桥,113.127458,23.038992,佛276路/佛276
军桥东,军桥东,军桥东,BV10251712,,军桥东,113.130098,23.039087,佛276路/佛276
军体院,军体院,军体院,BV11589193,1,军体院①,113.310870,23.155046,136路、175路、236路、246路、252路、27路、30路、51路、540路、833路、84A路、884路、B12路、夜14路、夜5路、夜69路、夜70路
军田,军田,军田,BV10015490,,军田,113.134326,23.458376,花80路、花81A路、花88路、花88路短线
君华香柏华府,君华香柏华府,君华香柏华府站,BV11376455,,君华香柏华府总站,113.352709,22.907509,番19路、番9路
君华香柏华府,君华香柏华府,君华香柏华府(西行),BV11384375,,君华香柏华府总站,113.353056,22.907717,番9路、番9路长线
君华香柏华府,君华香柏华府,君华香柏华府(东行),BV11384376,,君华香柏华府,113.353381,22.907739,番9路、番9路长线
均冲站,均冲,均冲站,BV10015038,,,113.457098,22.848806,南51路
均禾大道中,均禾大道中,均禾大道中,BV11690767,,均禾大道中,113.275393,23.259206,509路、739路、756路、807路、837路、840路、夜84路、夜94路
均禾工业区总站(清湖村),均禾工业区总站(清湖村),均禾工业区总站(清湖村),BV11088446,,均禾工业区（清湖村）总站,113.270055,23.271109,21路
均禾上村,均禾上村,均禾上村,BV10595017,,均禾上村,113.292524,23.256601,663路
均和村,均和村,均和村,BV10021972,,均和村,113.549392,23.267886,345路
均和东,均和东,均和东站,BV11098341,,均和东,113.258922,23.257382,21路、509路、756路、796路、807路、837路、840路、夜94路
均和墟,均和墟,均和墟站,BV09242701,,均和墟,113.254782,23.256244,21路、509路、756路、796路、807路、837路、840路、978路、夜63路、夜94路
均田,均田,均田站,BV11400775,,均田,113.388581,23.275569,973路
钧明欢乐世界,钧明欢乐世界,钧明欢乐世界站,BV11584749,,钧明欢乐世界,113.586366,23.192930,371路、增城21路、增城32路内环、增城32路外环、增城35路、增夜4路
峻福路南,峻福路南,峻福路南,BV09299186,,峻福路南,113.479707,23.188355,327A路
峻泰路,峻泰路,峻泰路,BV11573400,,峻泰路,113.480333,23.190148,夜124路
峻祥路(峻泰路路口),峻祥路(峻泰路路口),峻祥路(峻泰路路口),BV10863974,,峻祥路（峻泰路路口）,113.482344,23.188556,327A路、330路
骏成路东,骏成路东,骏成路东,BV10014166,,骏成路东,113.508929,23.143829,450路、夜57路、夜98路
骏达路东,骏达路东,骏达路东,BV10900951,,骏达路东,113.522176,23.142341,夜98路
骏达路中,骏达路中,骏达路中,BV11483206,,骏达路中,113.514901,23.142500,334路、450路、夜57路、夜98路
骏功路,骏功路,骏功路,BV10017345,,骏功路,113.524808,23.133321,940路
骏功路(连云路口),骏功路(连云路口),骏功路(连云路口),BV11691186,,骏功路（连云路口）,113.514941,23.133302,321路、940路
骏功路西,骏功路西,骏功路西,BV10021338,,骏功路西,113.519953,23.133334,940路
骏景豪庭,骏景豪庭,骏景豪庭,BV10253345,,骏景豪庭（佰德广场）,113.167480,23.095719,佛202路、佛276路/佛276
骏威客车厂,骏威客车厂,骏威客车厂,BV11363021,,骏威客车厂,113.207897,23.238449,834路、夜117路
骏威小学,骏威小学,骏威小学,BV10017324,,骏威小学,113.227517,23.407415,花19路、花75A路、花85路
骏业路东,骏业路东,骏业路东,BV11689043,,骏业路东（佳大时代公寓）,113.524873,23.138366,334路、347路、349路、397路、450路、夜57路
骏业路口,骏业路口,骏业路口,BV11467031,,骏业路口（佳大时代公寓）,113.526912,23.139850,340路、347路、349路、375路、397路、516路、566路、569路、579路、946路、B31路、夜49路
骏业路西,骏业路西,骏业路西,BV11379030,,骏业路西,113.512898,23.137961,347路、349路
骏业路中,骏业路中,骏业路中,BV11379029,,骏业路中,113.519986,23.137908,334路、347路、349路、397路、450路、夜57路
骏壹万邦,骏壹万邦,骏壹万邦,BV10543719,,骏壹万邦,113.220257,23.407793,花103路、花109路、花19路、花31路、花6路、花75A路、花75路、花85路、花9路
骏逸苑,骏逸苑,骏逸苑,BV11624669,,骏逸苑,113.343071,23.122791,499路、545路、669路
开创大道(广汕路口),开创大道(广汕路口),开创大道(广汕路口),BV11688158,1,开创大道（广汕路口）①,113.440472,23.189579,324路、325路、345路、349路、396路、945路、946路、夜81路
开创大道(科翔路口),开创大道(科翔路口),开创大道(科翔路口),BV09002104,,开创大道（科翔路口）,113.448270,23.181357,324路、349路、573路快线、945路、946路
开创大道(连云路口),开创大道(连云路口),开创大道(连云路口),BV11690286,,开创大道（连云路口）,113.529353,23.130168,323路、334路、340路、375路、450路、516路、566路、569路、572路、579路、940路、946路、B31路、夜49路、夜57路、夜73路
开创大道(时代天境),开创大道(时代天境),开创大道(时代天境),BV09254012,,开创大道（时代天境）,113.508340,23.172861,335路、358路、365路、366路、375路、391A路、391路、946路、948路、夜52路
开创大道(香雪八路路口),开创大道(香雪八路路口),开创大道(香雪八路路口)站,BV11692323,,开创大道（香雪八路路口）,113.491933,23.175834,366路、371路、946路
开创大道(香雪山南),开创大道(香雪山南),开创大道(香雪山南)站,BV11690285,,开创大道（香雪山南）,113.471248,23.176731,324路、334路、366路、371路、391路、506路、573路、946路、夜104路
开创大道,开创大道#1,开创大道站,BV10653045,,开创大道（香雪山南）,113.465285,23.174452,324路、334路、339路、366路、371路、391路、506路、575路、943路、946路、夜104路、夜51路、科学城3号交通专线/K3路
开创大道,开创大道#2,开创大道,BV09256769,,开创大道（时代天境）,113.508361,23.172853,358路、371路
开创大道口,开创大道口,开创大道口,BV10884933,,开创大道口,113.540383,23.105343,321路、374路、439路、450路、516路、566路、569路、572路、579路、940路、946路、B31路、夜49路、夜57路、夜73路
开创大道立交,开创大道立交,开创大道立交,BV10017344,,开创大道立交,113.530305,23.128173,323路、340路、516路、572路、579路、940路、夜49路、夜73路
开创大道中(南方物流),开创大道中(南方物流),开创大道中(南方物流),BV09178249,,开创大道中（南方物流）,113.528363,23.135017,B31路
开创大道中(南方物流),开创大道中(南方物流),开创大道中,BV11483203,,开创大道中（南方物流）,113.528008,23.135412,334路、340路、375路、450路、516路、566路、569路、579路、946路、B31路、夜49路、夜57路
开创大道总站,开创大道总,开创大道总站,BV10018706,,开创大道（科翔路口）,113.442105,23.187887,349路、573路快线、945路
开达路北,开达路北,开达路北,BV09344033,,开达路北,113.475997,23.175553,324路、334路、944路
开达路北总站,开达路北总,开达路北总站,BV11608094,,,113.476170,23.175477,391A路
开达路南,开达路南,开达路南站,BV09193686,,开达路南,113.474086,23.163364,324路
开达路中,开达路中,开达路中,BV09344032,,开达路中,113.475041,23.170844,324路、334路、944路
开发大道(骏成路口),开发大道(骏成路口),开发大道(骏成路口)站,BV09062309,,开发大道（骏成路口）,113.507676,23.142936,347路、349路、388路、459路、573路快线、940路
开发大道立交东,开发大道立交东,开发大道立交东,BV09000496,,开发大道立交东,113.521066,23.087639,214路、372路、376路、388路、453路环线、516路、567路、569路、571B路、571路、572路、B30路、B31路、夜49路、夜57路、夜73路
开发大道立交桥北,开发大道立交桥北,开发大道立交桥北,BV09382043,,,113.515298,23.090785,575路
开发区(珠江嘉园)总站,开发区(珠江嘉园)总,开发区(珠江嘉园)总站,BV09130293,,,113.551528,23.201379,B31路
开发区电大,开发区电大,开发区电大,BV10919109,,开发区电大,113.505574,23.180295,392路
开发区二小,开发区二小,开发区二小,BV11449182,,开发区二小,113.610593,23.191906,373路、增城21路、增城46路、增夜6路
开发区管委会,开发区管委会#1,开发区管委会站,BV09197875,,开发区管委会,113.524012,23.064219,453A路、573路快线
开发区管委会,开发区管委会#2,开发区管委会站,BV09369964,,开发区管委会,113.485483,23.450725,从5路、从5路长线、从801路、从803路、从804路、从806路、从807路、从808路、从809路、从夜1路
开发区管委会,开发区管委会#3,开发区管委会站,BV09339491,,开发区管委会,113.623513,23.156271,增城20路、增城21路、增城32路内环、增城32路外环、增城46路、增夜6路、新塘万达1路
开发区技工学校,开发区技工学校,开发区技工学校,BV11383668,,开发区技工学校,113.558370,23.312944,352A路
开发区加速器产业园区,开发区加速器产业园区,开发区加速器产业园区,BV09006142,,开发区加速器产业园区,113.492302,23.154279,321路、338路、349路、367路、450路、940路、B24路、夜97路、夜98路
开发区立交桥北,开发区立交桥北,开发区立交桥北站,BV10714251,,开发区立交桥北,113.515298,23.090785,214路、376路、388路、573路快线、575路
开发区路口,开发区路口,开发区路口(北行),BV09223984,,开发区路口,113.518890,23.082615,广369路
开发区路口,开发区路口,开发区路口(南行),BV09223988,1,开发区路口①,113.518680,23.082512,广369路
开发区路口,开发区路口,开发区路口站,BV11689283,1,开发区路口,113.518680,23.082512,363路、453A路、453路环线、516路、567路、569路、571B路、572路、573路快线、575路、B28路、B29路、夜41路、夜49路
开发区一小,开发区一小,开发区一小,BV09359017,,开发区一小,113.604590,23.194827,增城21路、增城46路
开发区医院,开发区医院,开发区医院站,BV11689293,,开发区医院,113.525326,23.060796,363路、440路、453A路、516路、573路快线、B28路、夜41路、广369路、莞616路、莞618路、莞619路、莞86路
开发区总站,开发区总,开发区总站,BV10020923,,开发区总站（新港码头）,113.514950,23.051648,571B路
开萝大道(地铁香雪站),开萝大道(地铁香雪站),开萝大道,BV09241985,,开萝大道（地铁香雪站）,113.494630,23.176044,327A路、327路、328路支线、391A路、575路、941路、942路
开萝大道(地铁香雪站),开萝大道(地铁香雪站),开萝大道(地铁香雪站),BV11621939,,开萝大道（地铁香雪站）,113.494633,23.176159,327路、388路
开萝大道站(地铁香雪站),开萝大道站(地铁香雪站),开萝大道站(地铁香雪站),BV11623858,,开萝大道（地铁香雪站）,113.494394,23.176488,327路
开萝大道总站,开萝大道总,开萝大道总站,BV09320059,,开萝大道（地铁香雪站）,113.494634,23.176107,365A路
开拓路口,开拓路口,开拓路口,BV10021387,,开拓路口,113.496846,23.110463,360路
开泰大道(东荟城),开泰大道(东荟城)#1,开泰大道,BV10924417,,开泰大道（东荟城）,113.499472,23.162384,327A路、334路、337路、373路、388路、569路、573路快线、941路、B24路、夜49路
开泰大道(东荟城),开泰大道(东荟城)#1,开泰大道(东荟城),BV11461491,,开泰大道（东荟城）,113.499488,23.162362,373路、388路、569路、夜49路
开泰大道(东荟城),开泰大道(东荟城)#2,开泰大道,BV11467033,,开泰大道（科学城体育公园）,113.442569,23.174219,336路
开泰大道(东荟城路口),开泰大道(东荟城路口),开泰大道(东荟城路口),BV10900953,,开泰大道（东荟城路口）,113.494270,23.167668,夜98路
开泰大道(东明三路口),开泰大道(东明三路口),开泰大道(东明三路口),BV11466897,,开泰大道（东明三路口）,113.507326,23.151974,388路、573路快线、941路
开泰大道(开达路口),开泰大道(开达路口),开泰大道(开达路口),BV11690288,,开泰大道（开达路口）,113.475620,23.164600,321路、334路、336路、339路、349路、573路快线
开泰大道(开源路口),开泰大道(开源路口),开泰大道(开源路口)站,BV09237474,,开泰大道（东荟城）,113.501935,23.159486,327A路、334路、337路、373路、941路、B24路
开泰大道(科丰路口),开泰大道(科丰路口),开泰大道(科丰路口)站,BV09005644,,开泰大道（科丰路口）,113.458730,23.165325,324路、336路、339路、349路、391路、506路、573路快线、B4A路
开泰大道(瑞和路口),开泰大道(瑞和路口),开泰大道(瑞和路口),BV10846994,,开泰大道（瑞和路口）,113.497130,23.165525,327A路、334路、337路、373路、388路、569路、573路快线、941路、B24路、夜49路
开泰大道(瑞和路口),开泰大道(瑞和路口),开泰大道站(瑞和路口),BV10924416,,开泰大道（瑞和路口）,113.496603,23.165762,327A路
开泰大道(天泰二路口),开泰大道(天泰二路口),开泰大道(天泰二路口),BV11466907,,开泰大道（天泰二路口）,113.452815,23.166071,336路、349路、355路、391路、506路、573路快线
开泰大道(新阳路口),开泰大道(新阳路口),开泰大道(新阳路口),BV11466898,,开泰大道（科丰路口）,113.465257,23.165919,324路、336路、339路、349路、573路快线、944路
开泰大道中,开泰大道中,开泰大道中,BV11690287,,开泰大道中,113.480971,23.164980,321路、334路、336路、339路、349路、573路快线
开源大道,开源大道,开源大道,BV09067478,,开源大道（云信路口）,113.529736,23.170161,327A路、365路、366路、367路、371路、373路、397路、506路、566路、571A路、948路、B31路、夜49路、夜52路
开源大道(云信路口),开源大道(云信路口),开源大道(云信路口),BV09065655,,开源大道（云信路口）,113.525020,23.168351,327A路、365路、366路、367路、371路、373路、391A路、391路、397路、566路、948路、B31路、夜52路
开源大道中,开源大道中,开源大道中站,BV10846993,,开源大道中,113.504402,23.159236,327A路、336路、338路、373路、569路、夜49路
凯德新玥,凯德新玥,凯德新玥,BV11687919,,凯德新玥,113.338516,22.834108,南68路快线、南沙68路、南沙K7路
凯德新玥(三期)站,凯德新玥(三期),凯德新玥(三期)站,BV09255589,,凯德新玥（三期）,113.343160,22.833206,南沙68路
凯德新玥三期站,凯德新玥三期,凯德新玥三期站,BV10903585,,,113.343091,22.833406,南沙68路
凯景酒店路口,凯景酒店路口,凯景酒店路口,BV10266621,,,113.740166,23.129622,莞G7路
凯旋国际,凯旋国际,凯旋国际站,BV09407006,,凯旋国际,113.232716,23.409827,花25路
看守所,看守所,看守所,BV10023904,,看守所,113.196539,23.461394,花83路
康大路口,康大路口,康大路口,BV11619433,,康大路口,113.582003,23.285246,370路
康富路,康富路,康富路,BV11664334,,康富路,113.548041,23.104388,454路环线、579路、940路、B30路、夜134路
康湖大街,康湖大街,康湖大街,BV10022032,,,113.351150,23.122669,401路
康健公司,康健公司,康健公司,BV10020803,,康健公司,113.842679,23.266334,增城4路
康康幼儿园,康康幼儿园,康康幼儿园,BV10961651,,,113.187300,23.073114,便民巴士4号线
康乐村,康乐村,康乐村1,BV09184531,1,康乐村①,113.297773,23.096596,14路、184路、190路、206路、226路、250路、263路、270路、53路、69路、93路、夜24路、夜29路、夜30路、夜37路、夜43路、夜45路、夜8路、大学城专线3路
康乐村,康乐村,康乐村,BV11688348,2,康乐村②,113.300284,23.097606,14路、184路、208路、211路、226路、250路、263路、264路、53路、823路、88路、93路、B9路、夜23路、夜24路、夜29路、夜30路、夜37路、夜43路、夜45路、夜8路
康乃馨花园,康乃馨花园,康乃馨花园(北行),BV09328567,,康乃馨花园,113.227418,23.084071,广夜111路
康乃馨花园,康乃馨花园,康乃馨花园(南行),BV09328568,,康乃馨花园,113.227448,23.084223,广夜111路
康乃馨花园,康乃馨花园,康乃馨花园(停北行),BV09348877,,康乃馨花园,113.227418,23.084071,广412路
康乃馨花园,康乃馨花园,康乃馨花园(停南行),BV09348878,,康乃馨花园,113.227448,23.084223,广412路
康乃馨花园,康乃馨花园,康乃馨花园,BV11457902,,康乃馨花园,113.227418,23.084071,207路、487路、552路、70路、74路、782A路、838路、839路、962路、966路、990路、夜113路、夜1路、广419路
康南路,康南路#1,康南路,BV10861638,,康南路（东兴市场）,113.546172,23.108776,579路、940路
康南路,康南路#2,康南路,BV10022798,,康南路,113.551905,23.099303,B30路
康南路北,康南路北,康南路北,BV10021950,,康南路北,113.547272,23.107108,579路、940路、夜134路
康南路口,康南路口,康南路口站,BV11690298,,康南路口,113.544384,23.110130,214路、372路、374路、571B路、571路、579路、940路、夜134路
康平路,康平路,康平路,BV10550117,,,113.417409,23.238918,333A路
康泰园,康泰园,康泰园,BV10023361,,康泰园,113.344539,22.946480,番4路
康王北路(东风路口),康王北路(东风路口),康王北路(东风路口),BV09234561,,康王北路（东风路口）,113.242415,23.133675,204路、297路
康王北路(东风路口),康王北路(东风路口),康王北路,BV09374435,,康王北路,113.242226,23.131431,181路、204路、238路、251路、288路、297路、521路、527路、527路机电班车、552路、夜120路、夜3路、夜45路、114路
康王路总站(上下九),康王路总站(上下九),康王路总站,BV10016824,,康王路（上下九）总站,113.242377,23.118584,夜99路
康王路总站(上下九),康王路总站(上下九),康王路总站(上下九),BV10532688,,康王路（上下九）总站,113.242377,23.118584,238路、夜99路、广205路
康王南路,康王南路,康王南路2,BV09328895,2,康王南路②,113.243495,23.112790,251路、297路、552路、旅游公交2线、114路
康王南路,康王南路,康王南路站,BV11688480,1,康王南路,113.243657,23.112435,181路、226路、288路、521路、530路、552路、商务专线4路、夜3路、夜45路、夜79路、旅游公交2线、114路
康王中路,康王中路,康王中路,BV11688470,2,康王中路②,113.242076,23.127166,17路、181路、238路、251路、288路、297路、521路、552路、74路、夜3路、夜45路、夜79路、夜99路、旅游公交2线、广205路、114路
康卫路,康卫路,康卫路,BV11368014,,,113.282333,23.233732,667路
康耀大道东,康耀大道东,康耀大道东,BV09070827,,康耀大道东,113.482785,23.383277,343路、650路
康怡公园,康怡公园,康怡公园,BV11690535,,康怡公园,113.184451,23.037183,佛232路、桂09路
康裕北苑(西环路),康裕北苑(西环路),康裕北苑(西环路),BV10023263,,康裕北苑（西环路）,113.346289,22.948079,番4路
康裕北苑总站,康裕北苑总,康裕北苑总站,BV11498808,,康裕北苑总站,113.348711,22.950823,番23路、番4路
康裕西园,康裕西园,康裕西园,BV10023362,,,113.347788,22.947362,番4路
康裕园,康裕园,康裕园,BV10023197,,康裕园,113.348542,22.945812,番16路、番23路、番27路、番67路旅游专线
柯村,柯村,柯村,BV09017011,,,113.960785,23.810790,从501路
柯岭路站(原镇龙水厂站),柯岭路站(原镇龙水厂站),柯岭路站(原镇龙水厂站),BV09399273,,柯岭路,113.574194,23.277550,443路
柯木迳,柯木迳,柯木迳,BV09243521,,,113.624924,23.525403,从1路东线
柯木塱,柯木塱,柯木塱站,BV11688334,,柯木塱,113.386464,23.195836,345A路、346路、494路、497A路、497路、564路、83路、夜100路
柯木塱大坪街,柯木塱大坪街,柯木塱大坪街,BV11175205,,柯木塱大坪街,113.386589,23.204301,491路
柯木塱南路,柯木塱南路,柯木塱南路,BV11605380,,柯木塱南路（国家农科中心）,113.401927,23.182925,497A路
柯木塱南路北站,柯木塱南路北,柯木塱南路北站,BV11603760,,柯木塱南路北,113.397604,23.192856,497A路
柯木塱南路南站,柯木塱南路南,柯木塱南路南站,BV11603750,,柯木塱南路南,113.399469,23.177580,497A路
柯木塱西路,柯木塱西路,柯木塱西路,BV11170006,,柯木塱西路,113.383609,23.205439,491路
柯子岭,柯子岭,柯子岭,BV11688535,,柯子岭,113.266565,23.164591,190路、544路、546路、547路、66路、706路、706路早间短线、76A路、76路、795路、810路、864路、夜32路、夜9路、大学城专线1路
柯子岭牌坊,柯子岭牌坊,柯子岭牌坊,BV09005969,1,柯子岭牌坊①,113.272080,23.167772,175路、223路、245路、265路、36路、38路、795路、841路、B18路、B18路快线
柯子岭总站,柯子岭总,柯子岭总站3,BV09370170,3,柯子岭（地铁大金钟路站）总站,113.269359,23.164456,190路
柯子岭总站(河田路),柯子岭总站(河田路),柯子岭总站(河田路),BV10013628,,,113.268472,23.164221,273路
科城山庄总站,科城山庄总,科城山庄总站,BV10846983,,科城山庄总站,113.477907,23.190335,327A路、330路
科创大道北,科创大道北,科创大道北,BV09256001,,科创大道北,113.240489,23.036852,桂11路、桂12路、桂21路
科创大道南,科创大道南,科创大道南,BV09280995,,科创大道南,113.240754,23.024044,佛211路、桂11路
科创大道南路口,科创大道南路口,科创大道南路口,BV09308763,,科创大道南路口,113.242786,22.998558,K201路、佛211路、桂11路
科达路,科达路,科达路,BV09116477,,科达路,113.247276,23.026273,桂11路、桂12路
科丰路,科丰路,科丰路,BV10915453,,科丰路,113.246730,23.030902,桂11路、桂12路
科丰路(科林路口)站,科丰路（科林路口）,科丰路(科林路口)站,BV09267391,,科丰路（科林路口）,113.451046,23.140475,324路、326路、338路、339路、344路、347路、355路、459路、943路、B24路、夜104路、夜97路、320路
科丰路(科林路口)站,科丰路（科林路口）,科丰路（科林路口）,CL100014,,科丰路（科林路口）,113.452546,23.143176,320路
科丰路北,科丰路北,科丰路北,BV09198378,,科丰路北,113.461441,23.168472,339路、943路、夜104路
科丰路南,科丰路南,科丰路南,BV09198379,,科丰路南,113.453717,23.147298,324路、326路、339路、344路、355路、943路、夜104路、320路
科泓路,科泓路,科泓路,BV09117690,,科泓路,113.245696,23.022165,桂11路、桂12路
科泓路(科创大道路口),科泓路(科创大道路口),科泓路(科创大道路口),BV09370257,,科泓路（科创大道路口）,113.241205,23.023541,桂11路
科华路,科华路,科华路,BV10343613,,科华路,113.356393,23.147221,266路
科技东街北门,科技东街北门,科技东街北门,BV10016445,,科技东街北门,113.346088,23.146556,130路、191路、298路、560路、夜89路
科技服务中心,科技服务中心,科技服务中心站,BV11341530,,科技服务中心,113.331251,23.302158,563路、735路、797路、夜76路
科技小镇东,科技小镇东,科技小镇东,BV09398103,,科技小镇东（东行）,113.668315,23.287942,科教城1路
科甲居委会站,科甲居委会,科甲居委会站,BV09396324,,科甲居委会,113.283221,23.255751,嘉禾5线
科甲水,科甲水,科甲水站,BV11688382,,科甲水,113.285061,23.256416,509路、510路、528路、711路、739路、753路、756路、804路、926路、嘉禾5线、嘉禾望岗地铁站便民车3线、夜84路
科甲水牌坊,科甲水牌坊,科甲水牌坊,BV11534206,,科甲水牌坊,113.284100,23.254686,嘉禾5线、嘉禾望岗地铁站便民车3线
科教城东公交总站,科教城东公交总,科教城东公交总站,BV09181055,,科教城东公交总站,113.678130,23.293434,增城2路、增城71路、科教城1路
科教城西公交总站,科教城西公交总,科教城西公交总站,BV09181071,,科教城西公交总站,113.654471,23.308114,增城71路
科教城西总站,科教城西总,科教城西总站,BV09284396,,,113.654415,23.308512,370路
科教城小学,科教城小学,科教城小学,BV09323258,,科教城小学,113.672013,23.283608,增城71路
科林路中,科林路中,科林路中,BV10017792,,科林路中,113.440520,23.144922,390路、490路、944路、320路
科林路总站,科林路总,科林路总站,BV10018194,,,113.442898,23.144002,448路
科目二考场,科目二考场,科目二考场,BV11299094,,,113.236646,22.809247,307路/佛307路
科睿路,科睿路,科睿路,BV09117687,,科睿路,113.246560,23.025556,桂11路、桂12路
科翔路,科翔路,科翔路,BV10022012,,科翔路,113.445756,23.181421,396路
科翔路(尖塔山路口),科翔路(尖塔山路口),科翔路(尖塔山路口),BV11467038,,科翔路（尖塔山路口）,113.437238,23.175031,336路、396路
科翔路(香山路口),科翔路(香山路口),科翔路(香山路口),BV11467025,,科翔路（香山路口）,113.433643,23.174342,336路、396路
科新路,科新路,科新路,BV10021189,,科新路,113.376060,23.127572,408路
科新路口,科新路口,科新路口,BV10021190,,科新路口,113.376129,23.125141,408路
科兴路,科兴路,科兴路,BV09069503,,科兴路,113.323693,23.305764,夜123路
科兴西路,科兴西路,科兴西路,BV09069505,,科兴西路,113.318893,23.306518,夜123路
科学城彩频路总站,科学城彩频路总,科学城彩频路总站,BV10017533,,科学城彩频路总站,113.426795,23.164162,335路、364路、371路、396路
科学城路口,科学城路口,科学城路口1,BV09081247,1,科学城路口,113.409306,23.162254,325路、564A路、夜51路
科学城路口,科学城路口,科学城路口站1,BV09343742,1,科学城路口①,113.409262,23.162536,497路、548路、774路、903路、B26路、B4A路、B4路、夜38路
科学城路口,科学城路口,科学城路口,BV11467027,2,科学城路口,113.408277,23.160446,325路、448路、496路、497路、506路、548路、564A路、564路、573路、774路、B22路、B26路、B4路、夜100路、夜38路、夜51路、夜81路、夜93路
科学城路口总站,科学城路口总,科学城路口总站,BV11010138,,科学城路口总站,113.409262,23.162536,776路
科学城南部公交场总站,科学城南部公交场总,科学城南部公交场总站,BV10017787,,,113.441442,23.154339,390路
科学城(揽月路)总站,科学城总站(揽月路),科学城(揽月路)总站,BV09199365,1,科学城（揽月路）总站,113.451124,23.164995,321路、326路、496路、B4A路
科学城(揽月路)总站,科学城总站(揽月路),科学城总站(揽月路),BV09266626,1,科学城（揽月路）总站①,113.451124,23.164995,326路、B4A路
科学大道,科学大道,科学大道,BV10847049,,科学大道（广东质检院）,113.419141,23.167890,325路、336路、355路、391路、494路、573路、581路、夜51路、科学城3号交通专线/K3路
科学大道(揽月路口),科学大道(揽月路口),科学大道(揽月路口),BV09406833,,科学大道（揽月路路口）,113.441587,23.167102,945路
科学大道(揽月路路口),科学大道(揽月路路口),科学大道(揽月路路口)站,BV10653043,,科学大道（揽月路路口）,113.441587,23.167102,355路、371路、391路、573路、945路、B4A路、夜51路、夜81路
科学大道(映日路口),科学大道(映日路口),科学大道(映日路口)站,BV11075868,,科学大道（映日路口）,113.451773,23.171823,371路、573路、夜51路
科学大道口,科学大道口,科学大道口2,BV09212867,2,科学大道口,113.410529,23.170916,497路、548路、564A路、564路、774路、776路、78A路、903路、B26路、B4路、夜100路、夜38路、夜53路
科学大道口,科学大道口,科学大道口,BV11687887,1,科学大道口,113.410139,23.170219,336路、355路、391路、494路、497路、548路、564路、581路、774路、776路、78A路、903路、B26路、B4路、夜100路、夜38路、夜53路、夜93路
科学大道西,科学大道西,科学大道西站,BV10847078,,科学大道西（地铁神舟路站）,113.425030,23.167745,325路、336路、355路、391路、494路、573路、581路、夜51路、科学城3号交通专线/K3路
科学大道中,科学大道中,科学大道中,BV10847058,,科学大道中,113.430643,23.167692,325路、336路、355路、391路、494路、573路、581路、夜51路、科学城3号交通专线/K3路
科学广场,科学广场,科学广场,BV09244069,,科学广场,113.447323,23.169444,349路、371路、391路、573路、573路快线、夜51路、夜81路
科学信息大厦,科学信息大厦,科学信息大厦站,BV09332613,,科学信息大厦,113.433817,23.167915,355路、371路、391路、506路、573路、945路、B4A路、夜51路、夜81路
科学院,科学院,科学院,BV11687860,,科学院,113.351134,23.185057,30路、39路、564路、775路、83路、84A路、84路、B12路、夜100路、夜10路、夜71路
科学院地化所,科学院地化所,科学院地化所,BV10714269,,科学院地化所,113.360320,23.145679,210路、214路、363路、503路、508路、776路、813路、B18路、B19路、大学城专线1路、大学城专线2路
科韵立交西,科韵立交西,科韵立交西,BV10019619,,科韵立交西,113.368703,23.142397,503路、776路、813路、大学城专线1路、大学城专线2路
科韵路,科韵路,科韵路,BV11689853,2,科韵路②,113.368690,23.125526,28路、304路、408路、496路、506路、541路、547路、582路、901A路、B22路、B25路、B7路、B7路快线、夜101路、夜132路、夜20路、大学城专线1路、大学城专线2路、582路班车
科韵路公交场,科韵路公交场,科韵路公交场,BV10014016,,科韵路公交场,113.368859,23.123590,28路、541路、547路、901A路、B22路
科韵路棠安路口,科韵路棠安路口,科韵路棠安路口,BV11688552,,科韵路棠安路口,113.371059,23.135113,28路、304路、408路、496路、503路、506路、541路、547路、582路、772路、901A路、B4A路、夜101路、夜132路、夜43路、夜68路、大学城专线1路、大学城专线2路、B14路、582路班车
科韵路中,科韵路中,科韵路中,BV11689167,,科韵路中,113.372239,23.145440,28路、541路、582路、772路、776路、901A路、B4A路、夜101路、夜132路、夜68路、582路班车
科韵路总站,科韵路总,科韵路总站,BV10022018,,科韵路总站,113.368667,23.123465,496路、506路、夜39路
科珠路(科研路口),科珠路(科研路口),科珠路(科研路口),BV09241978,,,113.432421,23.169758,325路、396路
科珠路北,科珠路北,科珠路北站,BV09234811,,科珠路北,113.432283,23.171132,325路、336路、345路、396路、B22路
科珠路口,科珠路口,科珠路口,BV10017793,,科珠路口,113.433031,23.145975,390路、490路、944路
科珠路南,科珠路南,科珠路南,BV11689177,,科珠路南,113.432032,23.149444,345路、364路、495路、581路、945路
可园,可园,可园,BV10262125,,可园,113.739220,23.042899,莞75路
克山,克山,克山2,BV09010643,2,克山②,113.239185,23.146648,198路、225路、268路、290路、34路、46路、524路、545路、823路、夜15路、夜18路、夜95路、夜96路、广231路
克山,克山,克山1,BV09377937,1,克山1,113.239918,23.147106,179路、198路、225路、238路、268路、274路、46路、524路、538路、545路、823路、夜15路、夜18路
克山,克山,克山,BV11102072,1,克山1,113.239197,23.146655,238路、42路、高峰快线80路
客村立交,客村立交,客村立交2,BV09377599,2,客村立交②,113.309850,23.100514,130路、131A路、131B路、189路、204路、225路、263路、266路、37路、53路、B9路、夜108路、夜23路、夜24路、夜34路、夜43路、夜66路
客村立交,客村立交,客村立交1,BV09377600,1,客村立交①,113.310021,23.099762,122路、130路、131B路、189路、195路、230路、252路、301A路、305路、51路、562路、836路、夜108路、夜28路、夜34路、夜43路、夜61路、夜88路
客村立交,客村立交,客村立交,BV11688553,3,客村立交3,113.310171,23.104241,122路、195路、230路、252路、301A路、305路、37路、51路、562路、836路、夜28路、夜61路、夜88路
客轮船厂,客轮船厂,客轮船厂,BV11687902,,客轮船厂,113.320556,23.057842,180路、195路、35路、468路、86路、997路、夜128路、夜34路、夜55路
坑贝村,坑贝村,坑贝村,BV11619432,,坑贝村,113.643525,23.280891,370路、增城11路、增城89路
坑贝地铁站,坑贝地铁,坑贝地铁站,BV11119378,,坑贝地铁站,113.638355,23.281368,370路、增城11路、增城89路
坑边路,坑边路,坑边路,BV11371742,,坑边路,113.444395,23.334618,726路、826路
坑口地铁站,坑口地铁,坑口地铁站,BV10018354,,坑口地铁站（芳村客运站）,113.226837,23.081858,207路、487路、552路、70路、74路、782A路、838路、839路、962路、966路、990路、夜113路、夜1路、广412路、广419路、广夜111路
坑口地铁站总站,坑口地铁站总,坑口地铁站总站,BV09073347,,坑口地铁站总站,113.227897,23.082104,181路、552路、769路/769路快线、广419路
坑田,坑田,坑田,BV10013821,,坑田,113.432960,23.109267,329路、432路
坑头,坑头,坑头,BV10013820,,坑头,113.436007,23.110148,329路、432路
坑头村,坑头村,坑头村站,BV11130508,,坑头村,113.390809,22.986896,公交地铁接驳专线8路、番51路、番59路
坑头村生态公园,坑头村生态公园,坑头村生态公园,BV10019989,,,113.393891,22.984583,番59路、番79路
坑头村总站,坑头村总,坑头村总站,BV11171750,,,113.392729,22.983451,公交地铁接驳专线8路
坑头东线,坑头东线,坑头东线,BV10023409,,坑头东线,113.396697,22.994263,番75路
坑头东线工业区,坑头东线工业区,坑头东线工业区,BV10425318,,,113.400541,22.982042,番59路、番79路、番81路
坑头工业区,坑头工业区,坑头工业区,BV10023366,,坑头工业区（市新路）,113.387553,22.984777,番51路、番79路
坑头市场,坑头市场,坑头市场,BV10020029,,坑头市场,113.390739,22.984823,公交地铁接驳专线8路、番79路
坑围村,坑围村,坑围村,BV10847184,,坑围村,113.514206,23.183321,327路、392路、942路、944路
坑尾村,坑尾村,坑尾村站,BV11308172,,坑尾村,113.524594,23.600559,从1路西线、从3路、从402路、从化921路
空港大道,空港大道(永和西街口),空港大道,BV09063602,,空港大道,113.286836,23.250311,793路、夜119路
空港大道,空港大道(永和西街口),空港大道(永和西街口)站,BV11534205,,空港大道（永和西街口）,113.286567,23.251121,嘉禾5线、嘉禾望岗地铁站便民车3线、夜119路
空港大道,空港大道#1,空港大道,BV11621666,,空港大道,113.282434,23.225336,539路、667路、793路、981路、夜119路、夜76路、743路
空港大道北站,空港大道北,空港大道北站,BV11279609,,,113.285518,23.234166,425路、539路、793路、夜119路、743路
空港大道中,空港大道中,空港大道中,BV10021250,,,113.280250,23.221597,539路、667路、793路、981路、夜119路、夜76路、743路
空港南六路,空港南六路,空港南六路,BV11630579,,空港南六路,113.290475,23.377398,空港1路、空港2路、空港2路公交短线
口岸大厦站,口岸大厦,口岸大厦站,BV10015945,,,113.668950,22.644887,南21路、南27路
口岸路口,口岸路口,口岸路口,BV11139587,,口岸路口,113.573891,23.543298,从10路、从21路长线、从7路、从903路、从夜3路
口岸综合楼,口岸综合楼,口岸综合楼,BV11622448,,口岸综合楼,113.294646,23.368926,空港1路
邝家庄东,邝家庄东,邝家庄东,BV10432264,,邝家庄东,113.233365,23.381490,花106路、花70路、花76路、701路
邝维煜中学,邝维煜中学,邝维煜中学,BV11306472,,邝维煜中学,113.200537,23.402692,712路、713路、夜92路、花109路、花10路、花18路、花22路、花2路、花62路、花63路、花63路短线、花68路、花68路白坭班车、花68路短线、花70路、花70路短线、花80路、花81路
矿泉街道办,矿泉街道办,矿泉街道办,BV11448848,,,113.241840,23.165315,商务专线3路
葵湖村,葵湖村,葵湖村,BV11463928,,,113.825672,23.193668,增城88路
葵蓬西滘村,葵蓬西滘村,葵蓬西滘村站,BV11167615,,葵蓬西滘村,113.210641,23.089904,414路、525路、780路
葵蓬西滘市场,葵蓬西滘市场,葵蓬西滘市场,BV10800908,,葵蓬西滘市场,113.210329,23.090138,414路
葵蓬小学,葵蓬小学,葵蓬小学,BV11167616,,葵蓬小学,113.210945,23.092086,414路、525路、780路
葵蓬一队,葵蓬一队,葵蓬一队,BV10017988,,葵蓬一队,113.215928,23.098586,414路
坤和街口,坤和街口,坤和街口,BV09334662,,坤和街口,113.317667,23.260998,799路、984路
腊布医院,腊布医院,腊布医院,BV11118816,,,113.783887,23.418424,增城58路
腊圃村,腊圃村,腊圃村,BV11119680,,腊圃村,113.784071,23.422234,增城15路、增城16路、增城41路、增城73路
腊圃路口,腊圃路口,腊圃路口,BV11294040,,腊圃路口,113.786331,23.417633,增城15路、增城15路快线、增城16路、增城58路、旅游专线1路、增城69路
腊圃医院,腊圃医院,腊圃医院,BV11359681,,腊圃医院,113.783887,23.418424,增城19路、增城41路、增城70路
辣塘路口,辣塘路口,辣塘路口,BV11308210,,辣塘路口,113.594975,23.500234,从301路
来安三街,来安三街,来安三街,BV10013841,,来安三街,113.547824,23.203087,341路
来安四街(珠江嘉园),来安四街(珠江嘉园),来安四街,BV10013842,,来安四街,113.550472,23.201863,341路、379路、夜60路
来安四街(珠江嘉园),来安四街(珠江嘉园),来安四街(珠江嘉园),BV10871156,,来安四街（珠江嘉园）,113.550479,23.201863,夜52路
莱茵汇(广百),莱茵汇(广百),莱茵汇,BV09311801,,莱茵汇,113.595923,23.528680,从10路、从11路、从12路、从9路、从夜1路
莱茵汇(广百),莱茵汇(广百),莱茵汇(广百),BV09400587,,,113.595899,23.528695,从5路长线
莱茵汇总站,莱茵汇总,莱茵汇总站,BV09356516,,莱茵汇,113.595859,23.528721,从10路、从9路
兰桂街,兰桂街,兰桂街,BV11271130,,兰桂街,113.341271,23.349911,733路
兰溪村,兰溪村,兰溪村,BV11119385,,兰溪村,113.948251,23.367593,增城67路
兰溪路口(招呼站),兰溪路口(招呼站),兰溪路口,BV10021544,,兰溪路口,113.884356,23.404018,增城17路、增城63路、增城67路
兰溪路口(招呼站),兰溪路口(招呼站),兰溪路口(招呼站),BV11409769,,,113.884303,23.404058,增城72B路
蓝山村,蓝山村,蓝山村,BV10023003,,蓝山村,113.733263,23.194764,增城14路、增城34路
蓝山村委,蓝山村委,蓝山村委,BV10024245,,蓝山村委,113.730681,23.186826,增城14路、增城34路
蓝山上坊社,蓝山上坊社,蓝山上坊社,BV11441815,,蓝山上坊社,113.731770,23.190036,增城14路
蓝天高级技校站,蓝天高级技校,蓝天高级技校站,BV09206704,,,113.647503,23.346749,增城54路
蓝田村,蓝田村,蓝田村,BV11412280,,蓝田村,113.046553,23.391849,花15路
蓝田东路,蓝田东路,蓝田东路,BV11480862,,蓝田东路,113.580744,23.548420,从18路、从3路、从3路夜班、从6路、从6路支线、从901路、从902路
蓝楹街长岗中学,蓝楹街长岗中学,蓝楹街长岗中学,BV11634515,,,113.212808,23.429709,花86路
蓝珠,蓝珠,蓝珠,BV10939052,,,113.062880,23.423210,花39路短线
蓝珠二社,蓝珠二社,蓝珠二社站,BV11407234,,蓝珠二社,113.062711,23.423276,花68路
蓝珠一社,蓝珠一社,蓝珠一社,BV11406988,,蓝珠一社,113.062533,23.430130,花39路短线、花68路
揽月路,揽月路,揽月路,BV11412829,,揽月路,113.449316,23.163727,326路、494路、496路、506路、945路
揽月路西,揽月路西,揽月路西,BV11412823,,揽月路西,113.440647,23.164181,506路、945路
榄核二中,榄核二中,榄核二中,BV09410324,,榄核二中,113.390247,22.829179,南45路、南48路、南沙65路、南沙67路、南沙G3路、番142路
榄核公交总站,榄核公交总,榄核公交总站,BV10014980,,榄核公交总站,113.331383,22.824971,307路/佛307路、南41路、南43路、南44路、南45路、南60路、南68路快线、南沙33路、南沙68路、南沙G3路
榄核派出所,榄核派出所,榄核派出所站,BV10641085,,,113.335930,22.834425,南43路、南44路、南60路
榄核涌,榄核涌,榄核涌,BV09211334,,榄核涌,113.334416,22.841085,南45路、南沙68路
榄核镇公交总站,榄核镇公交总,榄核镇公交总站,BV10742834,,,113.331228,22.824633,南沙33路
榄核镇政府,榄核镇政府,榄核镇政府站,BV10014974,,榄核镇政府,113.339681,22.840544,南44路、南45路、南60路、南沙33路、南沙G3路、南沙K7路
榄核中学站,榄核中学,榄核中学站,BV10754907,,,113.336957,22.830297,南43路、南60路
榄九路口,榄九路口,榄九路口站,BV10014922,,榄九路口,113.384901,22.842001,南45路、南48路、南沙65路、南沙67路、番142路
榄塘村,榄塘村,榄塘村,BV10408669,,,113.349250,22.977087,番30路
榄塘村委,榄塘村委,榄塘村委,BV10019912,,榄塘村委,113.349467,22.977260,番165路、番20B路、番30路
榄塘村总站,榄塘村总,榄塘村总站,BV10023245,,榄塘村总站,113.350517,22.974056,番20B路
榄元村,榄元村,榄元村,BV10018548,,榄元村,113.383131,23.195057,491路、494路、497路、564路、83路、夜100路
朗陶居,朗陶居,朗陶居,BV10020162,,朗陶居,113.359933,22.921386,番12路旅游专线、番147路、番27路
朗头村,朗头村,朗头村,BV11484178,,朗头村,113.183806,23.317696,472路、825路
朗头中街口,朗头中街口,朗头中街口,BV09069502,,朗头中街口,113.182216,23.319877,472路
朗兴路,朗兴路,朗兴路,BV09263071,,朗兴路,113.240112,23.237953,970路、夜85路
朗兴路北,朗兴路北,朗兴路北,BV09263072,,朗兴路北（大朗市场）,113.240569,23.241237,970路
塱边村,塱边村,塱边村,BV10412598,,,113.438419,22.960121,番111路
塱边村口,塱边村口,塱边村口,BV10023389,,塱边村口,113.437544,22.961904,番62路
塱边村尾,塱边村尾,塱边村尾,BV10023388,,塱边村尾（艺彩印刷园）,113.438497,22.964436,番62路
塱头村,塱头村,塱头村,BV09176953,,塱头村,113.084713,23.340810,花15B路、花15路
塱仔新村,塱仔新村,塱仔新村,BV11578752,,塱仔新村,113.592605,23.549083,从16路、从1路东线、从3路、从7路、从905路
浪拔村,浪拔村,浪拔村,BV11488228,,浪拔村,113.909445,23.487599,增城66路
浪口,浪口,浪口,BV11151772,,浪口,113.937537,23.852630,从504路、从506路
浪网大道路口,浪网大道路口,浪网大道路口,BV09204118,,,113.476684,22.627708,K981路
劳边,劳边,劳边,BV10251801,,,112.925735,23.057937,佛250路
劳教所,劳教所,劳教所,BV11466783,,劳教所,113.070284,23.379514,花15路
老干部活动中心,老干部活动中心,老干部活动中心,BV10023291,,老干部活动中心,113.355493,22.933645,番22路
老干大学,老干大学,老干大学,BV10014338,,老干大学,113.268020,23.153951,189路、190路、278路、36路、544路、546路、547路、66路、76路、810路、864路、夜32路、夜9路
老屋村,老屋村,老屋村,BV11488951,,,113.759685,23.405877,增城41路
老庄,老庄,老庄,BV10019145,,老庄,113.333112,23.227816,504路、560路、792A路、792路环线、862路、882路快线、夜74路、B6路快线、B6路
乐安街,乐安街,乐安街,BV11408222,,乐安街,113.087265,23.064443,佛250路、佛277路
乐安桥,乐安桥,乐安桥,BV10251621,,,113.087265,23.064443,佛277路
乐城,乐城,乐城,BV11688732,,乐城,113.093681,23.065262,佛250路、佛277路
乐从红星美凯龙,乐从红星美凯龙,乐从红星美凯龙,BV10252029,,乐从红星美凯龙,113.084330,22.923706,佛236路、佛K330路/K330路快线
乐从交通中心(佛山大道南),乐从交通中心(佛山大道南),乐从交通中心(佛山大道南),BV11469210,,乐从交通中心（佛山大道南）,113.085282,22.960569,佛236路
乐从交通中心(枢纽站),乐从交通中心(枢纽站),乐从交通中心(枢纽站),BV10255309,,乐从交通中心（枢纽站）,113.085438,22.959233,佛236路、佛K330路/K330路快线
乐从路口,乐从路口,乐从路口,BV10252032,,乐从路口,113.085433,22.962660,佛236路
乐得花园,乐得花园,乐得花园,BV11477133,,乐得花园,113.271046,23.225592,58路、666路、755路、793路、984路、夜119路
乐敦路口,乐敦路口,乐敦路口,BV11633457,,乐敦路口,113.315572,23.088541,464路
乐嘉路,乐嘉路,乐嘉路,BV10013704,,乐嘉路,113.253299,23.170747,268路、32路、58A路、58路、63路、752路、807A路、夜105路
乐嘉路西,乐嘉路西,乐嘉路西,BV10018304,,乐嘉路西,113.249381,23.170169,475路
乐嘉路中,乐嘉路中,乐嘉路中,BV10018303,,乐嘉路中,113.250442,23.170352,475路
乐明,乐明,乐明,BV11018295,,乐明,113.806949,23.856097,从601路
乐陶街口,乐陶街口,乐陶街口,BV10022195,,,113.251424,23.171228,475路
乐天创意园总站,乐天创意园总,乐天创意园总站,BV11225790,,乐天创意园总站,113.356212,23.149104,405路
乐同村,乐同村,乐同村,BV11688140,,乐同村,113.180945,23.425135,花10路、花30路、花75路、花76路、花7路、花9路、701路
乐羊羊路(亚运城天骄)总站,乐羊羊路(亚运城天骄)总,乐羊羊路(亚运城天骄)总站,BV09221556,,乐羊羊路（亚运城天骄）总站,113.493782,22.950064,番162B路、番162路
乐意居,乐意居,乐意居,BV09069507,,乐意居,113.352431,23.171514,218路、46路、54路、775路、高峰快线80路
乐意居花园总站,乐意居花园总,乐意居花园总站,BV10016421,1,乐意居花园总站①,113.352398,23.171089,297路
乐有汇超市,乐有汇超市,乐有汇超市,BV10961549,,,113.192023,23.076823,便民巴士4号线
勒竹新村,勒竹新村,勒竹新村,BV11689041,,勒竹新村,113.505036,23.138410,321路、337路、347路、459路、575路
礌岗地铁站,礌岗地铁,礌岗地铁站,BV10254422,,,113.150195,23.045553,佛279路
礌岗公园南门,礌岗公园南门,礌岗公园南门,BV11688743,,,113.143283,23.041368,佛232路
黎村,黎村,黎村,BV10015494,,黎村,113.116876,23.445356,花2B路、花88路、花88路短线
黎岗路口,黎岗路口,黎岗路口,BV10252409,,,113.073886,23.200442,佛244B路
黎家塘成德街口,黎家塘成德街口,黎家塘成德街口,BV09186612,,黎家塘成德街口,113.420997,23.398444,725路
黎家塘村口,黎家塘村口,黎家塘村口,BV11383325,,黎家塘村口,113.430630,23.400487,725路
黎家塘社岭街口,黎家塘社岭街口,黎家塘社岭街口,BV11383326,,黎家塘社岭街口,113.425222,23.400448,725路
黎园酒家,黎园酒家,黎园酒家,BV10961550,,,113.196271,23.077342,便民巴士4号线
礼传三街,礼传三街,礼传三街,BV10654284,,,113.197180,23.157023,790路
礼村,礼村,礼村,BV09000383,,礼村,113.308336,23.017753,288路、301A路、301路、304路、309路、562路、夜20路、夜61路、番13路、番187路、番25路、番53路、番91路、番96路
礼村东,礼村东,礼村东,BV10015056,,礼村东,113.314861,23.016809,310路、公交地铁接驳专线8路、番145路、番185路、番186路、番53路
礼岗,礼岗,礼岗1,BV09226106,1,礼岗（省口腔医院）①,113.273272,23.089449,夜22路
礼岗,礼岗,礼岗,BV10016110,2,礼岗（省口腔医院）,113.272836,23.090476,180路、186路、192路、244A路、244路、253路、530路、544路、546路、551路、59路、780路、B9路、夜103路、夜16路、夜22路、夜32路、广565路
礼岗路,礼岗路,礼岗路,BV10985057,,,113.271762,23.089099,992路
礼岗路口,礼岗路口,礼岗路口,BV10985056,,,113.269453,23.090158,992路
李伯坳,李伯坳,李伯坳,BV10636377,,李伯坳,113.508574,23.248424,345路
李家埔,李家埔,李家埔,BV09290392,,李家埔,113.507404,23.514517,从803路
李屋,李屋,李屋,BV10262679,,,113.663551,23.063102,莞609路
里汾,里汾,里汾,BV11119593,,,113.629785,23.378514,增城51路
里汾村,里汾村,里汾村,BV11632887,,里汾村,113.629564,23.378450,增城51路
里汾村委,里汾村委,里汾村委,BV11555491,,里汾村委,113.627954,23.379682,增城52路
里官路东,里官路东,里官路东,BV10889440,,,113.148432,23.206501,里07路短线/佛里07路里广快线
里官路西,里官路西,里官路西,BV11112530,,里官路西,113.108681,23.216076,佛244路、佛252路
里仁洞,里仁洞,里仁洞,BV11688082,,里仁洞,113.346621,22.991886,302路、303路、310路、987路、夜88路、番10路、番143路、番145路、番146路、番163A路、番163B路、番165路、番52路、番89路
里水城区,里水城区,里水城区,BV11251033,,,113.175980,23.217369,里14
里水客运站,里水客运,里水客运站,BV11105158,,,113.142782,23.175821,广231路
里水汽车客运站,里水汽车客运,里水汽车客运站,BV10252303,,,113.142574,23.174788,佛244路、佛里07路、广231路、沥12路、里07路、里07路高峰线
里水桥南,里水桥南,里水桥南,BV11690548,,里水桥南,113.153600,23.191924,佛244路、佛里07路、广231路、里07路、里07路高峰线
里水小学,里水小学,里水小学,BV10809070,,里水小学,113.154963,23.202607,佛252路、佛里07B路、佛里07路、里07路、里07路短线/佛里07路里广快线、里07路高峰线
里水行政服务中心,里水行政服务中心,里水行政服务中心,BV10423360,,里水行政服务中心,113.158902,23.200156,佛252路、佛里07B路、佛里07路、里07路、里07路短线/佛里07路里广快线、里07路高峰线
鲤塘村,鲤塘村,鲤塘村,BV10449609,,鲤塘村,113.011365,23.371453,花15路
力康路,力康路,力康路,BV11039030,,,113.420824,23.186896,333路
力源豪苑,力源豪苑,力源豪苑,BV11363546,,力源豪苑,113.793307,23.300458,增城3路、增城47路
历一经济社,历一经济社,历一经济社,BV09240060,,历一经济社,113.180077,23.465350,花88路、花88路短线、花89路
立德街,立德街,立德街,BV10504996,,立德街,113.400009,23.043006,番201路
立景创新科技总站,立景创新科技总,立景创新科技总站,BV09406409,,,113.577496,23.219270,永和便民01线
立新西路东,立新西路东,立新西路东,BV11471985,,立新西路东,113.782129,23.179004,增城34路、增城34路快线
丽峰路,丽峰路,丽峰路,BV10017883,,丽峰路,113.534873,23.587685,从3路
丽江花园,丽江花园,丽江花园,BV10015193,,丽江花园,113.298032,23.034807,125路、公交地铁接驳专线5路、夜28路
丽江花园正门,丽江花园正门,丽江花园正门,BV10019650,,丽江花园正门,113.302776,23.042035,122路、125路、公交地铁接驳专线5路
丽江花园总站,丽江花园总,丽江花园总站,BV10015192,,丽江花园总站,113.297877,23.034473,122路、125路、夜28路
丽江路口,丽江路口,丽江路口,BV10015195,,丽江路口,113.291147,23.039482,125路、公交地铁接驳专线5路、夜28路
丽景花园,丽景花园,丽景花园,BV10253901,,,113.259789,22.851032,314路、佛314路
丽美酒店,丽美酒店,丽美酒店,BV09313070,,丽美酒店,113.208978,23.381387,702路、夜92路、花10路、花17路联民村、花6路、花75A路、花84路
丽日商业广场,丽日商业广场,丽日商业广场,BV11186902,,,113.268180,23.100605,空港快线3线
丽水湾,丽水湾,丽水湾,BV10388698,,丽水湾（福安园）,113.311310,23.032988,番188路
丽雅苑,丽雅苑,丽雅苑,BV10251608,,丽雅苑,113.134437,23.051572,佛232路、佛276路/佛276
利达路,利达路,利达路,BV10015638,,,113.144010,23.463275,花89路
利大鞋业站,利大鞋业,利大鞋业站,BV10912605,,,113.378328,22.797733,南59路
利丰大道,利丰大道,利丰大道,BV10023436,,利丰大道,113.486275,22.983190,番92路/番92路、番93路、番93路短线
利迳村,利迳村,利迳村,BV10014832,,利迳村,113.760720,23.455901,增城15路、增城15路快线、增城16路、增城41路
利迳村委(招呼站),利迳村委(招呼站),利迳村委(招呼站),BV09209213,,利迳村委,113.762504,23.459802,增城15路
利迳村委(招呼站),利迳村委(招呼站),利迳村委,BV11624642,,利迳村委,113.762137,23.459348,增城15路、增城16路
利坑,利坑,利坑,BV11115199,,,113.558012,23.402652,从805路
利口福,利口福,利口福,BV10014325,,利口福,113.367502,23.015656,302A路、公交地铁接驳专线8路、番17路、番17路长线、番30路、番52路、番53路、番71路、番75路
利农村委,利农村委,利农村委,BV11598366,,利农村委,113.329447,23.453810,花32路
励业路口站,励业路口,励业路口站,BV10015915,,励业路口,113.459515,22.886467,37路/南37路、南34路、南35路、南36路、南48路、南52路、南57路、南沙33路、南沙38路、南沙70路、番11路、番141路
励业染厂站,励业染厂,励业染厂站,BV10018479,,,113.463614,22.902188,南50路、南52路
沥滘,沥滘,沥滘,BV11688783,,沥滘,113.311322,23.065412,180路、195路、221路、301路、35路、582路、59路、5路、70路、762路、765路、788路、82路、836路、86路、960路、987路、991路、9路、夜101路、夜34路、夜55路、582路班车
沥滘大埗头,沥滘大埗头,沥滘大埗头,BV11366953,,沥滘大埗头,113.309751,23.057581,991路、997路、夜128路、964路
沥滘大埗头总站,沥滘大埗头总,沥滘大埗头总站,BV10022783,,沥滘大埗头总站,113.309805,23.057417,765路、964路
沥滘路,沥滘路,沥滘路,BV11354485,,沥滘路,113.304612,23.057545,991路、997路、夜128路、964路
沥滘路东,沥滘路东,沥滘路东,BV09373961,,沥滘路东,113.307888,23.057417,991路、997路、夜128路、964路
沥滘路西,沥滘路西,沥滘路西,BV11366954,,沥滘路西,113.289545,23.058670,997路、夜128路、964路
沥滘路西总站,沥滘路西总,沥滘路西总站,BV11058606,,沥滘路西总站,113.288692,23.058453,766路环线、88路、夜30路
沥滘路中,沥滘路中,沥滘路中,BV09347676,,沥滘路中,113.300334,23.058126,765路、991路、997路、964路
沥滘总站,沥滘总,沥滘总站,BV10016721,,沥滘总站,113.318816,23.064505,221路、301路、59路、5路、70路、82路、836路、987路、9路、夜101路
沥口村,沥口村,沥口村,BV11336975,,沥口村,113.082472,23.063964,佛250路、佛277路、广州-肇庆
沥心沙东路,沥心沙东路,沥心沙东路,BV11576846,,,113.558147,22.662055,南沙16路
沥心沙东路口,沥心沙东路口,沥心沙东路口,BV09296032,,沥心沙东路口,113.558191,22.661978,南沙16路
沥一经济社,沥一经济社,沥一经济社,BV09274991,,,113.180185,23.465209,花88路短线
茘红路总站,茘红路总,茘红路总站,BV11491807,,,113.180507,23.387796,花70路
荔城二小,荔城二小,荔城二小,BV10020755,,荔城二小,113.829127,23.289666,增城17路、增城48路、增城5路、增城9路
荔城花园,荔城花园,荔城花园,BV10020764,,荔城花园,113.782508,23.288246,增城11路、增城12路、增城13路、增城4路
荔城街党群中心,荔城街党群中心,荔城街党群中心,BV11455883,,荔城街党群中心,113.807138,23.290044,增城47路、增城77路
荔城街道办,荔城街道办,荔城街道办,BV09400274,,荔城街道办,113.818841,23.295878,增城11路、增城12路、增城13路、增城16路、增城18路、增城5路、增城80路
荔城三中(A站),荔城三中(A站),荔城三中(A站),BV09173467,,荔城三中（A站）,113.794844,23.297691,增城3路
荔城三中(A站),荔城三中(A站),荔城三中,BV10020763,,荔城三中,113.793969,23.296706,增城11路、增城12路、增城13路、增城3路、增城4路
荔城医院,荔城医院,荔城医院,BV09302543,,荔城医院,113.825165,23.293195,增城10路、增城16路、增城1路、增城64路、增城6路、增城9路快线
荔城中学,荔城中学,荔城中学,BV10020795,,荔城中学,113.847328,23.283946,增城10路、增城3路
荔红二路,荔红二路,荔红二路站,BV10846984,,荔红二路,113.496029,23.169747,327A路、335路、337路、339路、367路、373路、388路、569路、575路、941路、B24路、夜49路、夜97路、夜98路、393路
荔红路,荔红路,荔红路,BV09232690,,荔红路（萝岗中医院）,113.506641,23.179202,337路、339路、367路、506路、569路、571A路、943路、948路、夜104路、夜49路、夜51路
荔红路口,荔红路口,荔红路口,BV10387632,,荔红路口,113.177838,23.398743,花31B路、花70路、花70路短线
荔红路总站,荔红路总,荔红路总站,BV11384732,,荔红路总站,113.180508,23.387735,花112路、花70路、花70路短线、703路
荔红南路,荔红南路,荔红南路站,BV11435995,,荔红南路,113.179219,23.377678,705路、花112路、花31B路、花70路、花70路短线、703路
荔红中路,荔红中路#1,荔红中路,BV10847173,,荔红中路,113.501771,23.178003,328路支线、337路、339路、367路、373路、392路、506路、569路、571A路、943路、948路、夜104路、夜49路、夜51路、夜97路
荔红中路,荔红中路#2,荔红中路,BV09078881,,荔红中路,113.180416,23.390325,花31B路、花70路、花70路短线
荔湖站,荔湖,荔湖站,BV11360400,,荔湖站,113.813483,23.258202,增城10路、增城1路、增城5路、增城8路、增夜2路
荔湖城,荔湖城,荔湖城,BV10562531,,,113.596696,23.215477,增城11A路、增城31路、增城35路、增夜4路
荔湖城总站,荔湖城总,荔湖城总站,BV10632869,,荔湖城总站,113.597843,23.214948,366路
荔湖社区总站,荔湖社区总,荔湖社区总站,BV11455375,,荔湖社区总站,113.826880,23.244714,增城1路
荔景中学,荔景中学,荔景中学,BV11621324,,荔景中学,113.806536,23.282127,增城2路
荔圃宾馆,荔圃宾馆,荔圃宾馆,BV10022870,,荔圃宾馆,113.645042,23.647343,从4路、从702路、从4路快线
荔勤北路(崇文四路口),荔勤北路(崇文四路口),荔勤北路(崇文四路口),BV09066311,,荔勤北路（崇文四路口）,113.233597,23.070292,19路、445路环线、71路、770路、87路
荔勤北路中,荔勤北路中,荔勤北路中,BV09066310,,荔勤北路中,113.237322,23.072021,19路、445路环线、102路
荔勤南路,荔勤南路,荔勤南路,BV09149595,,荔勤南路,113.240964,23.067601,787路
荔勤南路(崇文四路口),荔勤南路(崇文四路口),荔勤南路(崇文四路口),BV09191080,,荔勤南路（崇文四路口）,113.237028,23.068091,87路
荔勤南路(崇文四路口),荔勤南路(崇文四路口),荔勤南路(崇文四路口)(南行),BV09308840,,荔勤南路总站,113.237560,23.066737,787路、87路
荔勤南路(崇文四路口),荔勤南路(崇文四路口),荔勤南路(崇文四路口)(北行),BV09308841,,荔勤南路,113.237087,23.067996,787路
荔勤南路总站,荔勤南路总,荔勤南路总站,BV09234523,,荔勤南路总站,113.238268,23.066484,787路
荔湾湖公园西门,荔湾湖公园西门,荔湾湖公园西门,BV11688488,,荔湾湖公园西门,113.224907,23.124408,208路、209路、538路、71路、82路、9路、夜33路、广123路、广275路、105路
荔湾湖西门,荔湾湖西门,荔湾湖西门,BV09372074,,,113.224907,23.124408,夜37路
荔湾路,荔湾路,荔湾路2,BV09162065,2,荔湾路①,113.238122,23.130384,15路、413路、52路、530路、555路、55路、88路、夜11路、夜30路、夜59路、广260路、广275路、105路
荔湾路,荔湾路,荔湾路1,BV09233339,1,荔湾路①,113.238041,23.130568,133路、268路、413路、555路、夜95路、105路
荔湾路,荔湾路,荔湾路,BV09374429,1,荔湾路①,113.237507,23.129788,夜59路
荔湾路口,荔湾路口,荔湾路口1,BV09271782,1,荔湾路口1,113.234999,23.128309,124路、128路、193路、233路、52路、555路、61路、夜11路、夜27路、夜31路、夜95路、夜99路、广260路、广286路、旅游公交1线、广205路
荔湾路口,荔湾路口,荔湾路口,BV10016144,1,荔湾路口1,113.234639,23.128191,夜127路、夜59路、109路
荔湾路口,荔湾路口,荔湾路口2,BV11164816,2,荔湾路口2,113.234458,23.128301,133路、17路、204路、207路、250路、555路、61路、885路、夜11路、夜27路、夜2路、夜31路、夜59路、旅游公交1线、旅游公交2线、广205路、104路、109路、107路、105路
荔湾图书馆,荔湾图书馆,荔湾图书馆,BV11137778,,荔湾图书馆,113.232682,23.131515,413路
荔香公园,荔香公园,荔香公园,BV11360404,,,113.496689,23.449559,从801路
荔香路,荔香路,荔香路,BV10017071,,荔香路,113.438775,23.100599,438路、高峰快线24路
荔香路南,荔香路南,荔香路南站,BV11448837,,荔香路南,113.439040,23.098667,431路、438路、517路、B5路
荔新路口(新塘),荔新路口(新塘),荔新路口(新塘)站,BV11575475,,荔新路口（新塘）,113.608875,23.125920,增城27路、增城32路内环、增城32路外环、增城36路、增城39路、增城46路、增城75路、增城9路、增城9路快线
荔新路口(新塘),荔新路口(新塘),荔新路口,BV11662112,,荔新路口（新塘）,113.608875,23.125920,增城9路快线
荔信三街,荔信三街,荔信三街,BV09117110,,,113.244605,23.069785,445路环线
荔星大道北,荔星大道北,荔星大道北,BV09389723,,荔星大道北,113.796017,23.305403,增城77路
荔茵幼儿园,荔茵幼儿园,荔茵幼儿园,BV11118424,,荔茵幼儿园,113.823851,23.304436,增城15路、增城48路、增城6路、增城79路
荔园,荔园,荔园,BV11590046,,,112.949146,23.360410,655A线
荔枝小镇,荔枝小镇,荔枝小镇,BV11450234,,荔枝小镇,113.707799,23.207360,增城13路、增城65路
荔枝园西,荔枝园西,荔枝园西,BV10018126,,荔枝园西,113.537126,23.092343,436路
砺江桥,砺江桥,砺江桥,BV10023100,,砺江桥,113.481958,22.984682,番131路、番92路/番92路、番93路、番93路短线
连丰,连丰,连丰,BV11352941,,,113.360839,23.590186,从404路
连塘,连塘,连塘,BV11151769,,连塘,113.914180,23.901706,从506路
连塘村路口,连塘村路口,连塘村路口,BV11623840,,,113.497867,23.472001,从5路长线
连塘村委,连塘村委,连塘村委,BV11352974,,连塘村委,113.486154,23.485584,从806路
连塘路口,连塘路口,连塘路口,BV10020441,,连塘路口,113.497000,23.472100,从5路、从803路、从806路、从807路、从808路、从夜1路
连塘市场,连塘市场,连塘市场,BV11352963,,连塘市场,113.488732,23.484919,从806路
连溪大道站,连溪大道,连溪大道站,BV09410332,,,113.504886,22.850333,南沙8路
连兴,连兴,连兴,BV11151768,,连兴,113.922257,23.904053,从506路
连云路总站,连云路总站,连云路总站,BV09128485,,,113.526847,23.129651,
连珠,连珠,连珠站,BV11317188,,连珠,113.049931,23.443106,花68路、花81路
莲峰书院,莲峰书院,莲峰书院,BV10251629,,莲峰书院,113.081685,23.002710,佛251路
莲港大道西,莲港大道西,莲港大道西分站,BV09201156,,莲港大道西,113.480563,22.970027,番148路、番160路
莲港大道西,莲港大道西,莲港大道西站,BV09254334,,莲港大道西,113.480647,22.969919,番128路、番132路旅游专线、番148路、番160路、番93路
莲港大道中,莲港大道中,莲港大道中,BV11610673,,莲港大道中,113.487073,22.972723,番128路、番148路、番160路、番162B路
莲花山车站,莲花山车,莲花山车站,BV10023434,,莲花山车站,113.495397,22.978561,番128路、番162B路、番92路/番92路、番93路、番93路短线
莲花山港,莲花山港,莲花山港,BV10019765,,莲花山港,113.495022,22.971686,番128路、番148路、番160路、番162B路、番92路/番92路、番93路、番93路短线
莲花山港正门,莲花山港正门,莲花山港正门,BV11447764,,莲花山港正门,113.500525,22.970805,番160路、番92路/番92路、番93路、番93路短线
莲花山港总站,莲花山港总,莲花山港总站,BV10023192,,莲花山港总站,113.500631,22.970903,番160路
莲花山交警中队,莲花山交警中队,莲花山交警中队,BV10023071,,莲花山交警中队,113.475710,22.978136,番126路、番128路、番131路、番132路旅游专线、番92路/番92路、番93路、番93路短线
莲花山庄,莲花山庄,莲花山庄,BV10023098,,莲花山庄,113.490199,22.987574,番131路
莲花市场,莲花市场,莲花市场,BV10020773,,莲花市场,113.826388,23.292478,增城2路、增城3路
莲花砚路,莲花砚路,莲花砚路,BV10023976,,莲花砚路,113.431559,23.177204,325路
莲山中路,莲山中路,莲山中路,BV09407240,,莲山中路,113.244069,23.430498,花8路
莲塘村,莲塘村#1,莲塘村,BV11619428,,莲塘村,113.651416,23.280757,370路、增城11路
莲塘村,莲塘村#2,莲塘村,BV11619425,,莲塘村,113.484674,23.342011,827路
莲塘村,莲塘村#3,莲塘村,BV11619427,,,113.446023,23.660966,从901路
莲塘村,莲塘村#4,莲塘村,BV11619426,,莲塘村,113.246090,23.399211,花84路
莲塘村委站,莲塘村委,莲塘村委站,BV11452845,,莲塘村委,113.659808,23.270166,增城89路
莲塘村总站,莲塘村总,莲塘村总站,BV10017614,,莲塘村总站,113.484739,23.342372,342路
莲塘面村,莲塘面村,莲塘面村,BV10015369,,莲塘面村,113.726397,23.278047,增城11路、增城12路、增城13路、增城2路、增城4路
莲塘南,莲塘南,莲塘南,BV11690356,,莲塘南,113.240422,23.389535,715路、夜92路、花22路、花30路
莲塘市场,莲塘市场,莲塘市场,BV11595181,,莲塘市场,113.241898,23.396390,花17路联民村、花1路、花84路
莲溪,莲溪,莲溪,BV09246211,1,莲溪,113.421982,23.114896,348路、356路、B16路、B17路、B1短线快车、B1路、B26路、夜41路、夜46路
莲溪,莲溪,莲溪站,BV09326646,1,BRT莲溪1,113.421851,23.115008,B16路、B17路、B1短线快车、B1路、B24路、B26路、B5路
莲溪村站,莲溪村,莲溪村站,BV11037277,,莲溪村,113.499847,22.834242,南沙15路、南沙33路、南沙8路、番141路
莲溪大道站,莲溪大道,莲溪大道站,BV11414812,,莲溪大道,113.504737,22.850268,南沙8路
莲溪路口,莲溪路口,莲溪路口,BV11487906,,莲溪路口,113.412458,23.106616,495路、903路、B24路、B2A路、550路
莲涌街,莲涌街,莲涌街,BV09285358,,,113.243262,23.165433,
联安,联安#1,联安,BV11371474,,联安,113.169515,23.104943,佛244路、佛276路/佛276、佛277路、佛278路、佛279路、广260路、广419路
联安,联安#2,联安,BV11688091,,,113.675165,23.432714,增城73路
联安村(村委),联安村(村委),联安村,BV11138642,,联安村,113.674978,23.431217,增城51路、增城73路
联安村(村委),联安村(村委),联安村(村委),BV11156921,,联安村,113.675039,23.432719,增城73路
联安村四队,联安村四队,联安村四队,BV10442988,,,113.330324,23.464905,花32路
联安村委,联安村委,联安村委,BV11431439,,联安村委,113.329486,23.470262,花32路
联邦工业城,联邦工业城,联邦工业城,BV11164924,,联邦工业城,113.328457,22.939242,番108B路、番129路、番16路、番4B路、番9路、番9路长线
联边文体公园,联边文体公园,联边文体公园,BV11658752,,,113.283837,23.230797,鹤龙4线
联表,联表,联表,BV10252415,,,113.094358,23.157299,佛244B路
联东U谷总站,联东U谷总,联东U谷总站,BV09166057,,,113.501681,23.072774,穗东街便民车01线
联发市场,联发市场,联发市场,BV10020887,,联发市场,113.592789,23.525441,从301路、从5路、从5路长线、从904路、从夜1路
联丰村,联丰村,联丰村,BV10015990,,联丰村,113.612813,23.248572,增城36路
联丰村委,联丰村委#1,联丰村委,BV11152745,,联丰村委,113.984112,23.811371,从501路
联丰村委,联丰村委#2,联丰村委,BV10024313,,联丰村委,113.618250,23.246737,增城36路
联丰卫生站,联丰卫生,联丰卫生站,BV09389309,,联丰卫生站,113.621317,23.245372,增城36路
联广路东,联广路东,联广路东,BV09265899,,联广路东,113.520820,23.122485,337路
联广路西,联广路西,联广路西,BV09254006,,联广路西,113.506957,23.119962,337路
联广路中,联广路中,联广路中,BV09265896,,联广路中,113.517782,23.122000,337路
联桂北,联桂北,联桂北,BV10014066,,联桂北,113.227190,23.101597,193路、207路、411路、414路、552路、74路、780路、812路、91路、965路、广277路
联和,联和,联和2,BV09226063,2,联和②,113.259037,23.212201,251路、425路、510路、528路、58路、665路、706路、730路、794路、807路、840路、夜114路、夜35路、夜87路、夜94路、259路
联和,联和,联和1,BV11637999,1,联和①,113.258241,23.213308,21路、251路、298路、510路、522路、523A路、523路、58A路、58路、665路、706路、730路、807路、886路、夜105路、夜114路、夜80路、夜87路、夜94路、高速专线2路、108路
联和,联和,联和,BV11687903,1,联和①,113.258241,23.213308,706路早间短线、759路环线
联和北,联和北,联和北,BV10017633,,联和北,113.412643,23.212847,333A路、346路、449路
联和路口,联和路口,联和路口,BV10847101,,联和路口,113.420613,23.195611,324路、346路、391路、449路、564A路、901路、夜60路
联和墟,联和墟,联和墟,BV11689574,,联和墟,113.419779,23.202514,333A路、346路、391路、449路
联和墟总站,联和墟总,联和墟总站,BV10022293,,联和墟总站,113.419797,23.202486,564A路
联和总站(惠联路),联和总站(惠联路),联和总站(惠联路),BV10022266,1,联和（惠联路）总站①,113.422058,23.197157,324路、333A路、391路、901路、夜60路
联河路中,联河路中,联河路中,BV10256264,,联河路中,113.145019,23.090421,佛211路
联滘路东,联滘路东#1,联滘路东,BV09121080,,联滘路东,113.232542,23.272309,722路、834路、977路
联滘路东,联滘路东#2,联滘路东,BV10875070,,,113.139217,23.121544,沥12B路
联滘路中,联滘路中,联滘路中,BV11652332,,联滘路中,113.228183,23.269970,722路、834路、977路
联诺科技站,联诺科技,联诺科技站,BV10387504,,,113.385773,22.889222,南36路
联平村委,联平村委,联平村委,BV11498330,,联平村委,113.730436,23.827391,从914路
联群村委,联群村委,联群村委,BV11498329,,,113.734621,23.768641,从914路
联群新村,联群新村,联群新村站,BV11691190,,联群新村,113.296489,23.438360,711路、花16路、花32路、花84路、花85路
联围村路口,联围村路口,联围村路口,BV11442563,,联围村路口,113.492639,22.977534,番92路/番92路、番93路、番93路短线
联溪洞牌坊,联溪洞牌坊,联溪洞牌坊,BV11152951,,联溪洞牌坊,113.850662,23.725252,从602路
联乡路总站,联乡路总,联乡路总站,BV09386976,,联乡路总站,113.237988,23.381774,花11路、花都116路、701路
联星,联星,联星,BV11620350,,联星,113.483708,23.498279,从807路
联星村,联星村,联星村,BV11379198,,联星村总站,113.086565,23.472370,花81A路
联星西华站,联星西华,联星西华站,BV11353222,,联星西华站,113.592028,23.537282,从11路、从12路、从13路、从14路、从19路、从19路密石班车、从1路东线、从3路、从化13路
联星西街,联星西街,联星西街,BV11632913,,联星西街,113.489084,23.497607,从807路
联兴村委,联兴村委,联兴村委,BV11382222,,联兴村委,113.691299,23.319580,增城49路、增城50路
联益村,联益村,联益村,BV10014878,,联益村,113.841060,23.337888,增城17路
濂泉路口,濂泉路口,濂泉路口1,BV09318948,1,濂泉路口,113.302461,23.158875,175路、179路、297路、298路、46路、862路、夜35路、大学城专线4路、241路、110路
濂泉路口,濂泉路口,濂泉路口2,BV09412828,2,,113.301512,23.158521,175路、298路、32路、540路、841路、B16路、B18路、夜35路
濂泉路口,濂泉路口,濂泉路口,BV11688393,2,濂泉路口②,113.301512,23.158521,257路、大学城专线4路
良地埠站,良地埠,良地埠站,BV10641099,,,113.320116,22.839882,南43路
良洞,良洞,良洞,BV11151765,,良洞,113.934107,23.837709,从504路、从506路
良墩,良墩,良墩,BV09236190,,,113.562129,23.625804,从6路支线
良豪,良豪,良豪,BV10252550,,良豪,113.098259,23.094378,佛236路、佛251路
良角站,良角,良角站,BV10023180,,良角,113.424267,22.880421,南36路、番150路
良口公交总站,良口公交总,良口公交总站,BV09361692,,良口公交总站,113.730410,23.720790,从11路
良口墟,良口墟,良口墟,BV10808751,,良口墟,113.730462,23.720816,从12路、从603路、从607路
良口墟总站,良口墟总,良口墟总站,BV11491341,,良口墟总站,113.730410,23.720790,从601路、从602路、从604路、从605路、从606路、从608路、从914路
良明,良明,良明,BV10875021,,良明,113.712671,23.701183,从11路、从12路、从607路
良平村委,良平村委,良平村委,BV11152729,,良平村委,113.766543,23.679016,从606路
良沙路,良沙路,良沙路,BV11114782,,良沙路,113.380653,23.349530,724路、728路、979路
良沙一路,良沙一路,良沙一路,BV11621038,,良沙一路,113.373305,23.353233,655路、724路、979路
良沙一路(良城中路口),良沙一路(良城中路口),良沙一路(良城中路口),BV10331039,,良沙一路（良城中路口）,113.367759,23.356143,655路、724路、979路
良田保税路总站,良田保税路总,良田保税路总站,BV09381325,,良田保税路总站,113.393521,23.355665,655路
良田村站,良田村,良田村站,BV11452841,,良田村,113.653423,23.274505,增城89路
良田村委总站,良田村委总,良田村委总站,BV10019342,,良田村委总站,113.381434,23.352415,728路、979路
良田大道,良田大道,良田大道,BV11166352,,良田大道,113.378168,23.351631,728路、979路
良田环村西路,良田环村西路,良田环村西路,BV11264167,,良田环村西路,113.377760,23.356167,655路
良田良狮路口,良田良狮路口,良田良狮路口,BV11182888,,良田良狮路口,113.397743,23.338846,827路
良田路口,良田路口,良田路口,BV11689357,,良田路口,113.365928,23.357541,473路、650路、655路、724路、727路、732路、976路、979路、夜83路
良田南路,良田南路,良田南路,BV11264165,,良田南路,113.378367,23.357629,655路
良田一小,良田一小,良田一小,BV11655608,,良田一小,113.450819,23.327632,726路、827路
良田中路,良田中路,良田中路,BV09338749,,良田中路,113.380756,23.348549,827路
良新村委,良新村委,良新村委,BV11152740,,良新村委,113.725082,23.720611,从603路、从604路、从608路
良园一路,良园一路,良园一路,BV09381326,,良园一路,113.386314,23.366808,655路
良园一路口,良园一路口,良园一路口,BV11681832,,良园一路口,113.379971,23.362736,655路
良种场一区,良种场一区,良种场一区,BV10020061,,良种场一区,113.454693,22.940825,番160路、番80路、番夜1路
良种猪场,良种猪场,良种猪场,BV11621039,,良种猪场,113.363633,23.305902,758路、827路
梁銶琚职校,梁銶琚职校,梁銶琚职校,BV10463947,,,113.239895,22.819195,307路/佛307路
两龙,两龙,两龙,BV11382881,,,113.269080,23.452873,花17路C
两龙南街,两龙南街,两龙南街站,BV11589196,,两龙南街,113.275012,23.452492,夜129路、704路
两龙汽车总站,两龙汽车总,两龙汽车总站,BV10467870,,,113.276571,23.453776,花83B路
两龙市场站,两龙市场,两龙市场站,BV09404847,,两龙市场,113.268959,23.452379,夜129路、花4路、704路
两龙市场(106国道),两龙市场(106国道),两龙市场(106国道),BV11528987,,两龙市场,113.272893,23.449152,花83路
两龙卫生站,两龙卫生,两龙卫生站,BV10016661,,两龙卫生站,113.273528,23.454610,花17路A、花17路联民村、花83B路、花83路、704路
两龙总站,两龙总,两龙总站,BV09252823,,两龙总站,113.276567,23.453755,夜129路、704路
两上村口,两上村口,两上村口,BV09104377,,两上村口,113.177517,23.318638,721路
两上村委,两上村委,两上村委,BV11627353,,两上村委,113.176565,23.316724,721路
两潭路,两潭路,两潭路,BV09376990,,两潭路,113.179290,23.321372,721路
两潭路口,两潭路口,两潭路口,BV10866342,,两潭路口,113.180306,23.324017,472路、721路、825路
两下村南,两下村南,两下村南,BV11161665,,两下村南,113.175689,23.307453,721路、723路
两下村委,两下村委,两下村委,BV11627352,,两下村委,113.176567,23.313131,721路
亮星村,亮星村,亮星村,BV11119345,,亮星村,113.944694,23.403763,增城72B路
疗养院,疗养院,疗养院,BV11607753,,,113.307567,22.939973,番129路
寮采北路,寮采北路,寮采北路,BV09243508,,寮采北路,113.370327,23.410525,473路、734路
寮采村口,寮采村口,寮采村口,BV11625296,,寮采村口,113.351683,23.385244,473路、733路
寮采村委总站,寮采村委总,寮采村委总站,BV11269589,,寮采村委总站,113.356369,23.397357,734路
寮采路,寮采路,寮采路,BV10018283,,寮采路,113.352921,23.387069,473路
寮采南路口,寮采南路口,寮采南路口,BV09243507,,寮采南路口,113.354417,23.394266,473路
寮采中路口,寮采中路口,寮采中路口,BV09212859,,寮采中路口,113.356287,23.397444,473路、734路
寮采总站,寮采总,寮采总站,BV10019158,,寮采（世外桃源）总站,113.373666,23.410844,473路
寮竹,寮竹,寮竹,BV10019157,,寮竹（新兴街口）,113.354470,23.390567,473路
蓼江村,蓼江村,蓼江村,BV10014426,,蓼江村,113.184413,23.288685,723路
蓼江村小学,蓼江村小学,蓼江村小学,BV10018881,,蓼江村小学,113.182677,23.289098,723路
蓼江上梁,蓼江上梁,蓼江上梁,BV10018882,,蓼江上梁,113.182325,23.292425,723路
烈士陵园,烈士陵园,烈士陵园,BV10013934,2,烈士陵园②,113.280230,23.129303,183路、1路、211路、222路、243路、546路、76路、864路、93路、B8路、夜1路、夜27路、夜36路、夜40路、夜4路、夜9路、108路、102路、107路
猎德,猎德,猎德,BV10014668,,猎德,113.326457,23.121230,11路、18路、194路、20路、40路、45路、583路、62路、669路、777路、811路、886路、901A路、夜109路、夜56路、旅游公交3线
猎德大道北,猎德大道北,猎德大道北2,BV09413161,2,猎德大道北②,113.327967,23.125901,20路、583路、夜43路
猎德大道北,猎德大道北,猎德大道北站,BV11688556,1,猎德大道北①,113.328124,23.126043,194路、20路、302A路、499路、504路、517路、547路、B22路、夜105路、夜43路
猎德东,猎德东,猎德东,BV10018242,,猎德东,113.326362,23.120977,11路、18路、20路、40路、45路、583路、62路、777路、811路、886路、90路、夜105路、夜109路、夜56路、旅游公交3线
猎德污水处理厂,猎德污水处理厂,猎德污水处理厂,BV10021901,,猎德污水处理厂,113.343929,23.113677,293路、40路、44路
林场,林场,林场,BV09221952,,林场,113.812057,23.297475,增城11路、增城12路、增城48路、增城80路
林村,林村,林村,BV11632912,,林村,113.492935,23.497422,从807路
林和东路,林和东路,林和东路,BV10714270,,林和东路,113.322986,23.146936,137路、214路、233路、280路、363路、45路、551路、59路、810路、B19路、B20路、夜15路、夜77路、高峰快线24路
林和西横路,林和西横路,林和西横路,BV10016628,,林和西横路,113.309671,23.148215,175路、246路、884路
林和西路,林和西路,林和西路2,BV09383025,2,林和西路①,113.318448,23.146729,11路、214路、246路、302A路、302路、363路、41路、45路、841路、884路、B19路、B20路、夜15路、夜17路、夜28路、夜74路、广283路、高峰快线24路
林和西路,林和西路,林和西路3,BV11509447,3,林和西路③,113.318395,23.144414,122路、183路、195路、233路、263路、280路、508路、59路、810路、夜77路
林和西路,林和西路,林和西路,BV11688381,3,林和西路,113.318395,23.144408,137路、209路、551路、B17路
林和西路口,林和西路口,林和西路口,BV10016627,,林和西路口,113.315361,23.148400,175路、246路、884路
林和中路,林和中路,林和中路1,BV09310407,1,林和中路①,113.319926,23.146534,11路、195路、263路、302A路、302路、B17路、广283路
林和中路,林和中路,林和中路,BV10017488,2,林和中路②,113.319871,23.146682,122路、175路、183路、209路、246路、363路、41路、508路、841路、884路、夜17路、夜28路、夜74路
林科所,林科所,林科所,BV10022228,,林科所,113.334345,23.233300,504路、792A路、862路、夜74路、B6路快线、B6路
林乐路,林乐路,林乐路,BV10714255,,林乐路,113.325372,23.145895,214路、302A路、302路、363路、39路、54路、6路、89路、B19路、B20路、广283路
临江大道,临江大道,临江大道,BV09336732,,临江大道（猎德牌坊）,113.331757,23.115231,138路、293路、44路、669路、777路
临江大道(员村二横路口),临江大道(员村二横路口),临江大道(员村二横路口),BV10021902,,临江大道（员村二横路口）,113.356946,23.112047,293路、40路、44路
临江大道(员村南街口),临江大道(员村南街口),临江大道(员村南街口),BV10381817,,临江大道（员村南街口）,113.348410,23.113119,293路、40路、44路
临江大道东,临江大道东,临江大道东,BV10021684,,临江大道东,113.336470,23.114616,138路、293路、44路、669路、777路
临江大道中,临江大道中,临江大道中,BV10021438,,临江大道中,113.325688,23.115978,138路、293路、44路、777路
临时上下点,临时上下点,临时上下点,BV10446697,,,113.182220,23.319872,825路
麟龙西路站,麟龙西路,麟龙西路站,BV11037292,,,113.499667,22.830486,南沙15路、南沙33路、南沙8路、番141路
灵岗二桥站,灵岗二桥,灵岗二桥站,BV10014925,,灵岗二桥,113.392379,22.817551,40路/南40路、南48路、南59路、南沙40路短线、番142路
灵山成校站,灵山成校,灵山成校站,BV10014930,,灵山成校,113.406640,22.814745,40路/南40路、南45路、南59路、南沙40路短线、南沙65路、南沙67路
灵山村站,灵山村,灵山村站,BV10014929,,灵山村,113.404989,22.815712,40路/南40路、南45路、南59路、南沙40路短线、南沙65路、南沙67路
灵山岛,灵山岛,灵山岛站,BV11602676,,灵山岛,113.505537,22.771144,南39路、南55路、南沙13路、南沙20路、南沙23B路、南沙23路、南沙23路A线、南沙5路、南沙G1路、南沙G2路、南沙G3路、南沙G4路、南沙G5路
灵山岛便民分中心,灵山岛便民分中心,灵山岛便民分中心站,BV09302147,,灵山岛便民分中心,113.515331,22.771999,南沙23路、南沙23路A线
灵山岛儿童公园,灵山岛儿童公园,灵山岛儿童公园站,BV09302146,,灵山岛儿童公园,113.502666,22.777608,南沙5路
灵山东路,灵山东路,灵山东路,BV11170265,,灵山东路,113.421475,23.130203,348路、403路、432A路、495路、944路
灵山东路西,灵山东路西,灵山东路西,BV11170264,,灵山东路西,113.418115,23.129656,348路、403路、432A路、495路
灵山路口北站,灵山路口北,灵山路口北站,BV10014931,,灵山路口北,113.408421,22.813406,南45路、南沙65路、南沙67路
灵山路口南站,灵山路口南,灵山路口南站,BV10014983,,灵山路口南,113.409479,22.812603,40路/南40路、南39路、南59路、南沙40路短线、南沙49路、南沙58路
灵山市场站,灵山市场,灵山市场站,BV10014932,,灵山市场,113.407289,22.810931,南39路、南45路、南沙49路、南沙58路、南沙65路、南沙67路
灵山墟,灵山墟,灵山墟,BV11119627,,灵山墟,113.821398,23.533644,增城60路、增城62路
灵山医院站,灵山医院,灵山医院站,BV10014984,,灵山医院,113.413525,22.811730,40路/南40路、南39路、南59路、南沙40路短线、南沙49路、南沙58路、南沙G3路
灵兴工业园,灵兴工业园,灵兴工业园,BV10023105,,灵兴工业园,113.477782,22.984102,番131路、番92路/番92路、番93路、番93路短线
玲洲,玲洲,玲洲,BV11487751,,玲洲总站,113.453235,23.659987,从18路、从405路、从901路
玲洲总站,玲洲总,玲洲总站,BV10387111,,玲洲总站,113.449595,23.655865,从18路
凌边村,凌边村,凌边村,BV10019981,,凌边村,113.428151,22.987478,番59路
凌边工业区,凌边工业区,凌边工业区,BV10019983,,凌边工业区,113.425595,22.977834,番59路、番83路
凌环南路,凌环南路,凌环南路,BV10019982,,凌环南路,113.429816,22.981544,番59路
凌环西路(凌边村),凌环西路(凌边村),凌环西路(凌边村),BV10019980,,凌环西路（凌边村）,113.424545,22.994563,番59路
凌塘村,凌塘村,凌塘村站1,BV09081166,1,凌塘村①,113.393093,23.169732,581路、776路、901A路、B10路、B4A路、夜101路、夜68路、高峰快线32路
凌塘村,凌塘村,凌塘村站2,BV09324145,2,凌塘村①,113.392940,23.169861,776路、901路、B10路、夜53路、高峰快线32路
凌塘村,凌塘村,凌塘村1,BV11341513,1,凌塘村①,113.394203,23.170156,78A路、901A路、B4A路、夜68路
凌塘村,凌塘村,凌塘村,BV11689183,2,凌塘村,113.395462,23.170118,78A路
凌塘村总站,凌塘村总,凌塘村总站,BV10019604,,凌塘村总站,113.393862,23.169810,491路、582路、B26路、582路班车
凌塘新村,凌塘新村,凌塘新村,BV10017497,,凌塘新村,113.395853,23.165289,夜101路、高峰快线32路
陵岗,陵岗,陵岗,BV10258769,,,113.434771,22.530749,K981路
陵园西路,陵园西路,陵园西路,BV10022273,,陵园西路,113.277916,23.133542,546路
聆雨路口,聆雨路口,聆雨路口,BV09389625,,,113.447254,23.166461,349路
聆雨路路口,聆雨路路口,聆雨路路口,BV11466904,,聆雨路路口,113.447254,23.166461,336路、355路、391路、573路快线、B4A路
菱王电梯,菱王电梯,菱王电梯,BV11027607,,,112.922471,23.434450,655A线、655路
岭东村,岭东村,岭东村站,BV09302153,,岭东村,113.389824,22.792942,南47路、南沙58路、南沙65路、番142路
岭东第一技师学院,岭东第一技师学院,岭东第一技师学院,BV09404903,,,113.144918,23.362812,花37路
岭东中路,岭东中路,岭东中路站,BV09404844,,岭东中路,113.143005,23.366007,花24路、花2B路、花2C路、花37路
岭南,岭南,岭南,BV09388708,,,113.142763,23.110350,佛211路、佛236路、佛244B路、佛251路、佛263路、佛263路短线、佛278路、沥12B路
岭南村,岭南村,岭南村,BV10954987,,,112.941396,23.414526,655A线、655B路、655路
岭南第一技师学院,岭南第一技师学院,岭南第一技师学院,BV10016728,,岭南第一技师学院,113.144272,23.361814,花19路、花37路
岭南电缆厂站,岭南电缆厂,岭南电缆厂站,BV11176038,,,113.340559,22.856118,南41路
岭南路北,岭南路北,岭南路北,BV10732192,,,113.140530,23.120340,沥12B路
岭南路南,岭南路南,岭南路南,BV11520981,,,113.141122,23.112397,沥12B路
岭南路中,岭南路中,岭南路中,BV10875067,,,113.141052,23.115521,沥12B路
岭南小学,岭南小学,岭南小学,BV10621023,,岭南小学,113.520010,23.573609,从10路、从9路
岭南学院,岭南学院,岭南学院,BV10847054,,岭南学院,113.411072,23.168634,325路、336路、355路、391路、494路、573路、581路、B4A路、夜51路、科学城3号交通专线/K3路
岭南印象园,岭南印象园,岭南印象园,BV10018639,,岭南印象园,113.398753,23.039100,997路、夜128路、番201路
岭南V谷总站,岭南V谷总,岭南V谷总站,BV11340105,,岭南V谷总站,113.216486,23.046126,19路
岭头,岭头#1,岭头站,BV11379591,,岭头,113.508023,23.220111,327路、330A路、330路、345A路、396A路环线、396路、446路、夜60路、333路
岭头,岭头#2,岭头,BV11688323,,岭头,113.748667,23.685026,从606路
岭头东,岭头东,岭头东站,BV11688332,,岭头东,113.517142,23.216545,327路、330A路、330路、345A路、396A路环线、396路、446路、夜60路、333路
岭头新村,岭头新村,岭头新村,BV09345008,,岭头新村,113.504204,23.218941,327路、330A路、330路、345A路、396A路环线、396路、446路、夜60路、333路
岭西路口,岭西路口,岭西路口,BV10939051,,岭西路口,113.090136,23.386617,花2路
岭西南路,岭西南路,岭西南路,BV11581333,,岭西南路,113.125905,23.354067,花19路
领地海纳天河,领地海纳天河,领地海纳天河,BV10394372,,,113.181481,23.090612,沥17B路、沥17B路区间
刘家村,刘家村,刘家村,BV11119537,,刘家村,113.764047,23.488783,增城59路
刘家路口,刘家路口,刘家路口,BV11484171,,刘家路口,113.202113,23.305623,472路、825路、829路
刘家沙,刘家沙,刘家沙,BV11513833,,刘家沙,113.220711,23.272001,472路、474路、509路、523路、654路、843路、977路
流潮,流潮,流潮,BV11321046,,流潮,113.169113,23.194348,广231路
流花(南部战区总医院),流花(南部战区总医院),流花站,BV09364516,,流花（南部战区总医院）,113.251813,23.144639,251路、38路、7路、夜55路、夜79路
流花(南部战区总医院),流花(南部战区总医院),流花(南部战区总医院)站,BV09364517,,流花（南部战区总医院）,113.251811,23.144697,181路、256路、29路、42路、518路、5路、823路、夜7路、夜8路
流花公园,流花公园,流花公园,BV11091378,,流花公园,113.250991,23.138440,181路、186路、251路、29路、38路、518路、823路、夜7路
流花路,流花路,流花路,BV09379844,,流花路,113.244808,23.140723,29路、301A路、518路、552路、823路、广260路
流花路小学,流花路小学,流花路小学,BV09253469,,流花路小学,113.242702,23.143668,商务专线3路
流溪半岛总站,流溪半岛总,流溪半岛总站,BV11552750,,流溪半岛总站,113.290643,23.321806,750路
流溪河大桥,流溪河大桥,流溪河大桥站,BV11415298,,流溪河大桥,113.583872,23.536603,从10路、从18路、从1路东线、从1路西线、从20路、从21路长线、从3路、从3路夜班、从4路、从5路、从5路长线、从6路、从6路支线、从901路、从902路、从903路、从9路、从夜1路、从夜3路、从4路快线
流溪河国家森林公园,流溪河国家森林公园,流溪河国家森林公园,BV10808747,,流溪河国家森林公园,113.779628,23.746509,从12路、从602路
留东村东基站,留东村东基,留东村东基站,BV11298835,,留东村东基,113.507632,22.859161,南沙15路
留东村口,留东村口,留东村口站,BV11632506,,留东村口,113.495621,22.852463,南沙15路
留耕堂,留耕堂,留耕堂,BV10023337,,留耕堂,113.325253,22.905620,番29路
留新路站,留新路,留新路站,BV11632507,,留新路,113.500489,22.855290,南沙15路
留新路口,留新路口,留新路口站,BV09077734,,留新路口,113.494358,22.850422,南14路、南55路、南沙15路、南沙38路、南沙70路、番141路
榴花中学,榴花中学,榴花中学,BV10019354,,榴花中学,113.407110,23.430598,花84路
柳桥北路口,柳桥北路口,柳桥北路口,BV10022527,,,113.217940,23.065799,445路环线
柳桥南路,柳桥南路,柳桥南路,BV10022526,,,113.219287,23.066486,445路环线
六二三路,六二三路,六二三路2,BV09355408,2,六二三路②,113.240376,23.111336,181路、208路、217路、297路、530路、538路、552路、64路、夜113路、夜1路、夜37路、夜72路、广123路、广夜67路、106路
六二三路,六二三路,六二三路站1,BV09360104,1,六二三路①,113.242222,23.111376,1路、208路、217路、251路、25路、552路、64路、75路、9路、夜1路、夜37路、夜72路、广123路、106路
六二三路,六二三路,六二三路,BV11688352,1,六二三路①,113.239726,23.111343,181路、209路、57路、广281路
六二社,六二社,六二社,BV11369788,,六二社,113.481799,23.545636,从803路
六榕路,六榕路,六榕路,BV10019583,,六榕路,113.255149,23.128770,215路、253路、29路、夜21路、广12路、旅游公交1线
龙坳桥,龙坳桥,龙坳桥,BV11369780,,龙坳桥,113.511793,23.502665,从803路、从807路
龙表路,龙表路,龙表路,BV11412613,,,113.167001,23.065617,同成社区公交接驳专线、同成社区接驳专线
龙博路,龙博路,龙博路,BV09175323,,龙博路,113.373755,23.391890,727路
龙城商业中心,龙城商业中心,龙城商业中心站,BV10323002,,龙城商业中心,113.646575,22.687477,南1路B、南21路、南沙21路支线、南沙62路、南沙62路短线、南沙1路
龙城医院,龙城医院,龙城医院,BV09398635,,龙城医院,113.609824,23.304881,增城89路
龙地村,龙地村,龙地村,BV11357217,,龙地村,113.832140,23.123490,增城18路
龙洞北,龙洞北,龙洞北站,BV09343741,,龙洞北,113.362041,23.205385,39路、492路、497A路、775路、夜10路
龙洞北路东,龙洞北路东,龙洞北路东,BV11687918,,龙洞北路东,113.365977,23.204782,492路、84路
龙洞东路(天源路口),龙洞东路(天源路口),龙洞东路,BV10014440,,龙洞东路,113.364491,23.198841,497A路、84路
龙洞东路(天源路口),龙洞东路(天源路口),龙洞东路(天源路口),BV10567098,,龙洞东路（天源路口）,113.364479,23.197363,497A路、84路
龙洞东路中,龙洞东路中,龙洞东路中,BV10014442,,龙洞东路中,113.364665,23.201135,497A路、84路
龙洞路,龙洞路,龙洞路,BV11360406,,,113.498934,23.444807,从801路
龙洞路口,龙洞路口,龙洞路口,BV10847065,,龙洞路口,113.360666,23.195179,30路、39路、492路、775路、夜10路
龙洞路南,龙洞路南,龙洞路南,BV09017323,,,113.492839,23.443342,从801路
龙洞牌坊,龙洞牌坊,龙洞牌坊,BV11687927,,龙洞牌坊,113.361777,23.195279,345A路、346路、492路、564路、775路、83路、84A路、84路、B12路、夜100路、夜71路
龙洞总站,龙洞总#1,龙洞总站,BV10016277,,龙洞（民族文化村）总站,113.355590,23.223103,30路、497A路
龙洞总站,龙洞总#2,龙洞总站,BV10016276,,龙洞（广东金融学院）总站,113.371548,23.202272,39路、775路、夜10路
龙峰路口,龙峰路口,龙峰路口,BV10252020,,,113.041251,22.864229,佛236路
龙岗村,龙岗村,龙岗村,BV10018281,,龙岗村,113.378521,23.395091,727路、734路
龙岗村口,龙岗村口,龙岗村口,BV11196655,,龙岗村口,113.386264,23.393281,727路
龙岗村路口,龙岗村路口,龙岗村路口,BV11488790,,龙岗村路口,113.386719,23.393710,716路
龙岗村牌坊,龙岗村牌坊,龙岗村牌坊,BV11167684,,龙岗村牌坊,113.391319,23.390467,716路、727路
龙岗大岭东,龙岗大岭东,龙岗大岭东,BV11488788,,龙岗大岭东,113.384125,23.396815,716路
龙岗大桥南,龙岗大桥南,龙岗大桥南站,BV09113538,,龙岗大桥南,113.375944,23.407474,716路、734路
龙岗风柜口,龙岗风柜口,龙岗风柜口,BV11488789,,龙岗风柜口,113.382164,23.398139,716路
龙岗小学,龙岗小学#1,龙岗小学,BV11250298,,龙岗小学,113.382186,23.393456,727路、734路
龙岗小学,龙岗小学#2,龙岗小学,BV11473697,,龙岗小学,113.693864,23.297874,增城49路、增城50路
龙岗墟,龙岗墟,龙岗墟,BV11216193,,龙岗墟,113.662665,23.603418,从14路、从19路、从19路密石班车、从701路
龙古村站,龙古村,龙古村站,BV10382349,,,113.374397,22.792468,南46路
龙古村口站,龙古村口,龙古村口站,BV11408201,,,113.374754,22.790267,南59路
龙光棕榈水岸,龙光棕榈水岸,龙光棕榈水岸站,BV10024076,,龙光棕榈水岸,113.518109,22.794156,南53路、南沙12路、南沙38路、南沙G2路、南沙G3路、南沙W1A路、南沙W1B路
龙归城(地铁夏良站)总站,龙归城(地铁夏良站)总,龙归城(地铁夏良站)总站,BV09376385,,,113.315546,23.280134,656路
龙归城北,龙归城北,龙归城北站,BV11482985,,龙归城北,113.313597,23.282472,427路、656路、793路、夜119路、夜86路
龙归城南,龙归城南,龙归城南,BV11482984,,龙归城南,113.313199,23.279821,427路、656路、793路、夜119路、夜86路
龙归城总站,龙归城总,龙归城总站,BV10021500,,龙归城（地铁夏良站）总站,113.316502,23.279695,427路、656路、793路、夜119路
龙归地铁站总站(B出口),龙归地铁站总站(B出口),龙归地铁站总站(B出口),BV09257866,,,113.294691,23.290634,龙归3线
龙归地铁站总站(B出口),龙归地铁站总站(B出口),龙归地铁站总站,BV10018940,,,113.294770,23.291673,736路
龙归华侨医院,龙归华侨医院,龙归华侨医院,BV09006176,2,龙归华侨医院,113.298813,23.285237,427路、510路、652路、711路、736路、751路、753路、840路、986路、夜86路、夜94路
龙归路口,龙归路口,龙归路口,BV10014633,,龙归路口,113.319220,23.268765,529路、563路、656路、76A路、833路、夜76路
龙归墟,龙归墟,龙归墟(南行),BV09389419,,龙归墟,113.296003,23.290192,986路
龙归墟,龙归墟,龙归墟(北行),BV09389420,,龙归墟,113.295512,23.291243,986路
龙归墟,龙归墟,龙归墟,BV11690759,,龙归墟,113.296003,23.290192,427路、510路、652路、711路、735路、751路、753路、840路、夜94路
龙归永兴村总站,龙归永兴村总,龙归永兴村总站,BV10022483,,龙归永兴村总站,113.331170,23.272084,76A路
龙归竹木市场,龙归竹木市场,龙归竹木市场,BV11621260,,龙归竹木市场,113.312896,23.273309,656路、736路、751路、837路、夜86路
龙和路,龙和路,龙和路,BV11271131,,龙和路,113.347607,23.349980,733路
龙河路口,龙河路口,龙河路口,BV10944119,,龙河路口,113.298875,23.283349,427路、510路、652路、736路、751路、753路、840路、986路、夜86路、夜94路
龙河中路,龙河中路,龙河中路,BV10022484,,龙河中路,113.325974,23.276444,76A路
龙河中路口,龙河中路口,龙河中路口,BV10022485,,龙河中路口,113.322243,23.276940,76A路
龙湖村口,龙湖村口,龙湖村口,BV09112246,,龙湖村口,113.220447,23.252848,834路、977路
龙湖村委,龙湖村委,龙湖村委,BV09112240,,龙湖村委,113.221566,23.258096,834路、977路
龙湖路口,龙湖路口,龙湖路口,BV10022699,,龙湖路口,113.225478,23.257241,722路、929路
龙湖煤气站,龙湖煤气,龙湖煤气站(停西行),BV09346796,,龙湖煤气,113.221118,23.263335,977路
龙湖煤气站,龙湖煤气,龙湖煤气站,BV10019325,,龙湖煤气站,113.221503,23.264960,834路、977路
龙虎路东,龙虎路东,龙虎路东,BV10381113,,龙虎路东,113.347685,23.325748,724路
龙江村总站,龙江村总,龙江村总站,BV10022138,,龙江村,113.578242,23.250559,444路
龙江交通中心公交枢纽站,龙江交通中心公交枢纽,龙江交通中心公交枢纽站,BV11575039,,龙江交通中心公交枢纽站,113.077154,22.864201,佛K330路/K330路快线
龙江片区,龙江片区,龙江片区分站,BV10253659,,龙江片区分站,113.049727,22.883760,佛236路
龙江侨社,龙江侨社,龙江侨社,BV10253656,,龙江侨社,113.070362,22.887267,佛K330路/K330路快线
龙江镇政府,龙江镇政府,龙江镇政府,BV10253116,,龙江镇政府,113.069119,22.871468,佛K330路/K330路快线
龙角村路口,龙角村路口,龙角村路口,BV10634585,,龙角村路口,113.451208,23.594855,从10路、从9路
龙角村委,龙角村委,龙角村委,BV11337695,,龙角村委,113.796328,23.351727,增城79路
龙津东路,龙津东路,龙津东路,BV10021651,,龙津东路,113.245352,23.124609,124路、541路、66路、8路、夜121路、夜39路、夜6路
龙津路口,龙津路口,龙津路口,BV10251522,,龙津路口,113.005381,22.955190,佛251路
龙津中路,龙津中路,龙津中路,BV10021650,,龙津中路,113.240060,23.126353,124路、226路、541路、66路、74路、8路、夜121路、夜39路、夜6路
龙聚村委,龙聚村委,龙聚村委,BV11028702,,龙聚村委,113.409062,23.650411,从10路、从407路、从408路、从911路
龙口,龙口,龙口,BV11690255,,龙口,113.254672,23.401411,711路、夜129路、花1路、花84路、704路
龙口东,龙口东,龙口东,BV09006178,1,龙口东,113.333299,23.143932,130路、133路、191路、20路、218路、230路、298路、32路、41路、78A路、78路、813路、B11路、B17路、夜53路、夜89路
龙口东路北,龙口东路北,龙口东路北,BV10022037,,,113.334667,23.142179,406路环线
龙口东路南,龙口东路南,龙口东路南,BV10022038,,,113.335745,23.140180,406路环线
龙口检测站,龙口检测,龙口检测站,BV10016610,,龙口检测站,113.257893,23.418828,花16路、花17路联民村、花84路
龙口西,龙口西,龙口西,BV11689170,1,龙口西,113.329304,23.144110,130路、133路、191路、20路、218路、230路、298路、41路、78A路、78路、813路、B11路、B17路、夜53路、夜89路
龙口西(穗园小区)总站,龙口西(穗园小区)总,龙口西(穗园小区)总站,BV09347257,,龙口西（穗园小区）总站,113.332855,23.146354,133路
龙口西路北,龙口西路北,龙口西路北,BV10022041,,,113.330746,23.145176,32路、406路环线
龙口西路南,龙口西路南,龙口西路南,BV10022039,,,113.331254,23.138770,406路环线
龙口西路中,龙口西路中,龙口西路中,BV10022040,,,113.330410,23.141704,406路环线
龙美村(迎新路),龙美村(迎新路),龙美村,BV09374430,,龙美村,113.364545,22.970397,302路、303路、夜88路、番10路、番143路、番145路、番146路、番52路
龙美村(迎新路),龙美村(迎新路),龙美村(迎新路),BV10020032,,龙美村（迎新路）,113.366361,22.970100,番27路、番7路、番89路
龙美牌坊,龙美牌坊,龙美牌坊(北行),BV09374427,,龙美牌坊,113.361614,22.975518,310路
龙美牌坊,龙美牌坊,龙美牌坊,BV11688051,,龙美牌坊,113.361831,22.974631,302路、303路、310路、987路、夜88路、番10路、番143路、番145路、番146路、番163A路、番165路、番52路、番89路
龙岐村,龙岐村,龙岐村,BV10015091,,龙岐村,113.337008,22.926995,番15路、番2路、番7路
龙岐村委,龙岐村委,龙岐村委,BV10015090,,龙岐村委,113.338866,22.926922,番15路、番2路、番7路
龙岐路口(西环路),龙岐路口(西环路),龙岐路口(西环路)站,BV11164917,,龙岐路口（西环路）,113.342384,22.925159,番67路旅游专线、番68路
龙岐路口站(西环路),龙岐路口站(西环路),龙岐路口站(西环路),BV11411116,,,113.342054,22.924929,
龙桥市场,龙桥市场,龙桥市场,BV11216187,,龙桥市场,113.664979,23.605563,从14路、从19路、从19路密石班车
龙泉路,龙泉路,龙泉路,BV10015485,,龙泉路,113.146987,23.466044,花23路、花62路
龙狮璟珑府总站,龙狮璟珑府总,龙狮璟珑府总站,BV09408341,,龙狮璟珑府总站,113.524275,23.322694,343路
龙水井,龙水井,龙水井,BV11369786,,龙水井,113.501568,23.536797,从803路、从903路
龙潭埔,龙潭埔,龙潭埔,BV11119372,,龙潭埔,113.933892,23.478557,增城68路
龙潭村,龙潭村,龙潭村站,BV11688340,1,龙潭村①,113.326618,23.084981,14路、18路、250路、252路、270路、302A路、303A路、304路、311路、45路、468路、582路、583路、765路、779路、801路、90路、夜109路、夜133路、夜135路、夜20路、夜56路、夜8路、高峰快线74路、582路班车
龙潭村牌坊,龙潭村牌坊,龙潭村牌坊站,BV10513040,,龙潭村牌坊,113.331736,23.081003,14路、250路、252路、264路、270路、45路、761路、762路、764路、801路、夜33路、夜56路、夜6路、夜8路、高峰快线74路
龙潭村委,龙潭村委,龙潭村委,BV11596290,,,113.404635,23.668033,从408路
龙潭立交西,龙潭立交西,龙潭立交西,BV10019071,,龙潭立交西,113.322911,23.080596,264路、583路、761路、779路、夜6路
龙潭路口,龙潭路口,龙潭路口,BV10877113,,龙潭路口,113.407146,23.669640,从10路、从407路、从408路、从911路
龙潭市场,龙潭市场,龙潭市场,BV11028706,,龙潭市场,113.408483,23.673553,从10路、从407路、从908路、从911路
龙塘北路,龙塘北路,龙塘北路,BV11271129,,龙塘北路,113.332582,23.341213,733路
龙塘村,龙塘村,龙塘村,BV11209842,,龙塘村,113.328078,23.334228,797路
龙塘进龙街,龙塘进龙街,龙塘进龙街,BV11669323,,龙塘进龙街,113.327393,23.334858,724路、733路
龙塘幼儿园,龙塘幼儿园,龙塘幼儿园,BV11111614,,龙塘幼儿园,113.323296,23.334817,724路、733路、797路
龙塘中街,龙塘中街,龙塘中街,BV10018896,,龙塘中街,113.327233,23.338633,724路、733路
龙塘中街口,龙塘中街口,龙塘中街口,BV10569191,,龙塘中街口,113.330598,23.339499,724路、733路
龙田,龙田,龙田,BV11119585,,,113.655139,23.436597,增城51路
龙田村委,龙田村委,龙田村委,BV11224123,,,113.477711,23.643418,从902路
龙湾村,龙湾村,龙湾村,BV10621605,,龙湾村,113.287673,22.905764,番68路
龙湾路口,龙湾路口,龙湾路口,BV10023083,,龙湾路口,113.297676,22.902678,K314路、番12路旅游专线、番67路旅游专线、番68路
龙威材料城,龙威材料城,龙威材料城,BV10252026,,龙威材料城,113.077248,22.913985,佛236路、佛K330路/K330路快线
龙溪村委总站,龙溪村委总,龙溪村委总站,BV10018585,,龙溪村委总站,113.175728,23.071383,670路、838路
龙溪大道东(教师新村),龙溪大道东(教师新村),龙溪大道东(教师新村),BV10405317,,龙溪大道东,113.222597,23.078358,487路、佛275路
龙溪大道东(教师新村),龙溪大道东(教师新村),龙溪大道东,BV11441879,,龙溪大道东,113.222597,23.078358,121A路、1路、207路、411路、487路、552路、782A路、812路、839路、990路、佛275路、夜1路、广412路、广夜111路
龙溪大道西(裕海路口),龙溪大道西(裕海路口),龙溪大道西(裕海路口),BV10622182,,龙溪大道西（裕海路口）,113.190844,23.069471,670路、广412路、广夜111路
龙溪大道西(裕海路口),龙溪大道西(裕海路口),龙溪大道西,BV11179382,,,113.190615,23.069593,广州-肇庆
龙溪大道中,龙溪大道中,龙溪大道中,BV09031213,,龙溪大道中,113.206690,23.074609,962路、990路、996路、广412路、广夜111路、广州-肇庆
龙溪大道总站,龙溪大道总,龙溪大道总站,BV10889800,,龙溪大道（广中医三院）总站,113.211243,23.073770,452路、962路
龙溪地铁站,龙溪地铁,龙溪地铁站,BV11167726,,,113.186722,23.068635,广州-肇庆
龙溪地铁C出口,龙溪地铁C出口,龙溪地铁C出口,BV10961553,,,113.186757,23.068640,便民巴士4号线、海龙便民巴士
龙溪公交保养场,龙溪公交保养场,龙溪公交保养场,BV10961551,,,113.191052,23.072057,便民巴士4号线
龙溪立交南(坑口牌坊),龙溪立交南(坑口牌坊),龙溪立交南(坑口牌坊),BV11687883,,龙溪立交南（坑口牌坊）,113.227727,23.073377,181路、217路、222路、525路、552路、69路、70路、71路、769路/769路快线、91路、佛232路、夜103路、夜44路、广277路、广565路、桂23路
龙溪西路,龙溪西路,龙溪西路,BV10017978,2,龙溪西路2,113.189844,23.074511,207路、670路、838路、夜113路
龙溪中路,龙溪中路,龙溪中路,BV10015136,,龙溪中路,113.192985,23.076798,207路、670路、838路、夜113路
龙溪中路(江北路口),龙溪中路(江北路口),龙溪中路(江北路口)站,BV09330409,,龙溪中路（江北路口）,113.198534,23.076862,207路、670路、838路、990路、夜113路
龙祥路口,龙祥路口,龙祥路口,BV10015108,,龙祥路口,113.448928,23.043923,番128路、番59路、番61路、番62路、番76路
龙新村,龙新村,龙新村,BV11118522,,龙新村,113.705945,23.301785,增城49路
龙新村委,龙新村委,龙新村委,BV11224110,,龙新村委,113.683733,23.554832,从906路
龙星,龙星,龙星,BV11152746,,龙星,113.648108,23.698011,从607路
龙星村(2),龙星村(2),龙星村(2),BV11352938,2,龙星村②,113.447611,23.646741,从405路
龙星村,龙星村#1,龙星村1,BV11352902,1,龙星村①,113.447796,23.632276,从405路
龙星村,龙星村#2,龙星村3,BV11352898,3,龙星村①,113.448543,23.654556,从405路
龙星村,龙星村#3,龙星村,BV11543500,,,113.447738,23.642595,从化922路
龙星村2,龙星村2,龙星村2,BV11352903,2,龙星村①,113.447423,23.646954,
龙星村卫生站,龙星村卫生,龙星村卫生站,BV11352896,,龙星村卫生站,113.447255,23.639759,从405路
龙星工业园,龙星工业园,龙星工业园,BV11543501,,,113.446574,23.634792,从化922路
龙兴西路,龙兴西路#1,龙兴西路,BV11171945,,龙兴西路（云翔学校）,113.302451,23.277628,427路、736路、751路、793路、837路、夜119路、夜86路
龙兴西路,龙兴西路#2,龙兴西路,BV09180357,,龙兴西路,113.318362,23.271723,656路、736路、751路、837路、夜86路
龙兴西路西,龙兴西路西,龙兴西路西,BV10018964,,龙兴西路西,113.299133,23.278030,427路、736路、751路、793路、837路、夜119路、夜86路
龙兴中路口,龙兴中路口,龙兴中路口,BV11621261,,龙兴中路口,113.320130,23.270028,736路、837路
龙穴村尾,龙穴村尾,龙穴村尾站,BV10024029,,龙穴村尾,113.638988,22.696185,南1路B、南沙62路、南沙62路短线、南沙1路
龙穴岛,龙穴岛,龙穴岛站,BV10016800,,龙穴岛,113.639830,22.688783,南1路B、南21路、南沙21路支线、南沙62路、南沙62路短线、南沙1路
龙眼洞森林公园,龙眼洞森林公园,龙眼洞森林公园,BV09343704,,龙眼洞森林公园,113.360412,23.204659,30路、39路、492路、775路、夜10路
龙眼洞森林公园东,龙眼洞森林公园东,龙眼洞森林公园东,BV11600789,,龙眼洞森林公园东,113.360017,23.208534,30路、497A路
龙怡路,龙怡路,龙怡路,BV10022288,,龙怡路,113.339324,23.146249,560路
龙苑山庄,龙苑山庄,龙苑山庄,BV11117229,,龙苑山庄,113.377562,23.412517,716路
龙圳村,龙圳村,龙圳村,BV11119535,,龙圳村,113.725888,23.486336,增城59路
龙洲路三洲路口,龙洲路三洲路口,龙洲路三洲路口,BV10254199,,,113.264318,22.876565,314路、佛314路
龙珠路东,龙珠路东,龙珠路东,BV10929023,,龙珠路东,113.226959,23.399887,715路、花16路、花19路、花25路、花2路、花30路、花31路、花70路、花70路短线、花75路、花8路、花9路
龙珠新村站,龙珠新村,龙珠新村站,BV10017248,,龙珠新村,113.554427,22.692223,南25路、南沙21路支线
龙珠中路,龙珠中路,龙珠中路,BV10016378,,龙珠中路,113.204158,23.400462,花2路、花70路、花70路短线、花86路
珑翠花园,珑翠花园,珑翠花园,BV10573515,,珑翠花园,113.306253,22.996493,288路、301路、番109B路
珑耀华府,珑耀华府,珑耀华府,BV11225700,,,113.166207,23.086390,沥17B路
楼阁村,楼阁村,楼阁村,BV10014294,,楼阁村,113.379581,23.213903,497路、84A路、夜71路
楼山下路口,楼山下路口,楼山下路口,BV11169365,,楼山下路口,113.652232,23.712245,从608路
楼星村委,楼星村委,楼星村委,BV11224121,,,113.437149,23.664670,从901路
卢屋村站,卢屋村,卢屋村站,BV09233667,,,113.832710,23.427846,增城42路
卢溪村西,卢溪村西,卢溪村西,BV10423417,,,113.757667,23.107955,莞G7路
庐前山南路口,庐前山南路口,庐前山南路口,BV09079000,,庐前山南路口,113.484146,22.822829,南14路、南61路、南沙61路短线、南沙夜1路
芦苞旧车站,芦苞旧车,芦苞旧车站,BV10629692,,,112.896261,23.353184,655B路、655路
芦苞旧车站,芦苞旧车,芦苞旧车站(东行),BV11149008,,,112.896261,23.353184,655B路
芦苞行政服务中心,芦苞行政服务中心,芦苞行政服务中心,BV10620849,,,112.903741,23.353578,655B路、655路
芦湾村站,芦湾村,芦湾村站,BV10015838,,芦湾村,113.584221,22.795227,南53路、南沙19路、南沙24路、南沙62路、南沙学1路
鲁村路口,鲁村路口,鲁村路口,BV10252771,,,112.904199,23.188244,655A线、655B路、655路
陆村,陆村,陆村,BV10020749,,陆村,113.841587,23.256211,增城18路、增城1路、增城74路、增城7路
陆仕水产总站,陆仕水产总,陆仕水产总站,BV11622853,,,113.142655,23.319617,花24A路
陆宅一队,陆宅一队,陆宅一队,BV11398031,,陆宅一队,113.516624,23.423858,从805路、从809路
陆祖庙,陆祖庙,陆祖庙,BV11315591,,陆祖庙,113.242356,23.241407,523A路、970路、夜85路
鹿颈村牌坊站,鹿颈村牌坊,鹿颈村牌坊站,BV11457411,,,113.597454,22.759740,九王庙临时接驳线内环
鹿颈牌坊站,鹿颈牌坊,鹿颈牌坊站,BV10608988,,鹿颈牌坊,113.597454,22.759740,九王庙临时接驳线外环、南沙18路、南沙24路
鹿鸣山总站,鹿鸣山总,鹿鸣山总站,BV09068673,,鹿鸣山总站,113.528135,23.085544,453路环线、B1路
鹿田村水口站,鹿田村水口,鹿田村水口站,BV11491299,,鹿田村水口站,113.505292,23.624826,从402路
路边村,路边村,路边村,BV10015987,,路边村,113.656271,23.217781,增城12路、增城36路
鹭江,鹭江,鹭江1,BV09160624,1,鹭江①,113.303474,23.097939,190路、206路、211路、247路、263路、264路、270路、53路、69路、767路、88路、夜23路、夜24路、夜29路、夜30路、夜37路、夜43路、夜45路、夜8路
鹭江,鹭江,鹭江2,BV09335012,2,鹭江②,113.303707,23.098087,14路、182路、184路、190路、206路、226路、229路、247路、24路、250路、270路、69路、767路、8路、夜24路、夜30路、夜37路、夜43路、夜45路、夜6路、夜8路
鹭江,鹭江,鹭江,BV11687958,2,鹭江②,113.303707,23.098087,14路、182路、184路、208路、226路、24路、250路、263路、264路、53路、823路、88路、8路、B9路、夜6路、大学城专线3路
麓湖公园,麓湖公园,麓湖公园,BV10013648,,麓湖公园（艺博院）,113.276588,23.147131,245路、63路、旅游公交1线
麓景路,麓景路,麓景路,BV11688573,,麓景路,113.272921,23.146300,190路、544路、546路、547路、706路、706路早间短线、76A路、76路、夜32路
吕沙路口,吕沙路口,吕沙路口站,BV11151770,,,113.946503,23.814257,从505路、从506路
吕田第二小学,吕田第二小学,吕田第二小学,BV11152767,,吕田第二小学,113.943977,23.815087,从505路
吕田公交总站,吕田公交总,吕田公交总站,BV09233666,,吕田公交总站,113.947350,23.812554,从12路
吕田客运站总站,吕田客运站总,吕田客运站总站,BV10808758,,,113.947249,23.812618,从501路、从502路、从503路、从504路、从505路、从506路、从912路、从913路
吕田社区,吕田社区,吕田社区,BV11488296,,吕田社区,113.946627,23.814128,从504路
吕新,吕新,吕新,BV11152765,,吕新,113.953734,23.819030,从502路
吕中,吕中,吕中,BV11139997,,吕中,113.949452,23.814603,从501路、从503路
旅游大厦,旅游大厦,旅游大厦,BV10252348,,旅游大厦,113.096453,23.031120,佛236路、佛251路
绿村村委站,绿村村委,绿村村委站,BV10641090,,,113.359510,22.860096,南41路
绿地香树花城总站,绿地香树花城总,绿地香树花城总站,BV11187578,,,113.153637,23.146680,广281路
绿地香树花园总站,绿地香树花园总,绿地香树花园总站,BV11622030,,,113.153637,23.146680,广281路
绿湖国际城站,绿湖国际城,绿湖国际城站,BV11144124,,绿湖国际城,113.790027,23.197152,增城10路、增城10路快线、增城34路快线、增城76路、增夜2路
绿景路口,绿景路口,绿景路口,BV10252572,,绿景路口,113.096646,23.003211,佛236路
绿色长廊,绿色长廊,绿色长廊站,BV10736585,,绿色长廊,113.414713,22.895990,南35路、南48路、南52路、南沙33路、南沙70路、番11路、番140路、番141路
绿庭山语站,绿庭山语,绿庭山语站,BV11406677,,,113.390730,22.806895,40路/南40路、南46路、南47路、南59路、南沙40路短线
绿庭雅苑,绿庭雅苑#1,绿庭雅苑站,BV11408151,,,113.392879,22.802835,40路/南40路、南47路、南59路、南沙40路短线
绿庭雅苑,绿庭雅苑#2,绿庭雅苑,BV09078538,,绿庭雅苑,113.365238,22.924718,番129路、番12路旅游专线、番130路、番147路、番165路、番19路、番29路、番5路、番5路长线、番9路、番9路长线
仑头,仑头,仑头,BV09224391,,仑头,113.365865,23.078388,461路班车
仑头村,仑头村,仑头村,BV10019621,2,仑头村②,113.366927,23.082632,461路、801路、夜70路、大学城专线3路
仑头村委会,仑头村委会,仑头村委会,BV10013667,,,113.369424,23.081436,461路班车
仑头公园,仑头公园,仑头公园,BV09224390,,仑头公园,113.372851,23.078851,461路班车
仑头立交,仑头立交,仑头立交,BV10019616,,仑头立交,113.365553,23.079336,801路、B25路、夜48路、大学城专线1路、大学城专线2路、大学城专线3路、大学城专线4路、高峰快线74路
仑头路口,仑头路口,仑头路口,BV10013857,,仑头路口,113.369023,23.082543,461路、461路班车、夜70路
仑头总站,仑头总,仑头总站,BV10796283,,仑头,113.365884,23.078134,264A路、264路、461路班车
轮胎厂,轮胎厂,轮胎厂,BV09386974,,轮胎厂,113.097183,23.379063,花115路、花2B路、花68路、花68路白坭班车、花68路短线
罗边实发市场,罗边实发市场,罗边实发市场,BV10019963,,罗边实发市场,113.386113,23.015507,番51路、番53路、番75路
罗冲围客运站,罗冲围客运,罗冲围客运站,BV10013779,3,罗冲围客运站③,113.218278,23.150878,198路、229路、253路、305路、42路、46路、521路、527路、527路机电班车、729路、839路、B3路、佛276路/佛276、夜120路、夜122路、夜16路、夜19路、夜3路、夜45路、广高峰快线30路、高峰快线80路
罗冲围客运站,罗冲围客运,罗冲围客运站1,BV11629687,1,罗冲围客运站①,113.217367,23.152177,253路、830路、佛276路/佛276、广424路
罗冲围客运站,罗冲围客运,罗冲围客运站2,BV11675544,2,罗冲围客运站②,113.219287,23.150083,229路、290路、305路、42路、46路、527路、55路、839路、885路、佛276路/佛276、夜16路、夜30路、夜45路、夜96路、广12路、广276路、广283路、广283路班车、广478路、广夜54路、114路
罗冲围总站,罗冲围总,罗冲围总站,BV10016620,,罗冲围总站,113.217586,23.158751,B3路、夜19路
罗冲围总站(松南路),罗冲围总站(松南路),罗冲围(松南)总站,BV09400280,,罗冲围（松南路）总站,113.216036,23.154430,夜30路、259路
罗冲围总站(松南路),罗冲围总站(松南路),罗冲围总站(松南路),BV10016552,,罗冲围（松南路）总站,113.216433,23.153830,229路、253路、305路、46路、夜30路、夜76路、高峰快线80路、259路、114路
罗村,罗村,罗村,BV11152718,,罗村,113.740631,23.687558,从606路
罗村二中,罗村二中,罗村二中,BV11651665,,罗村二中,113.037391,23.056873,佛277路
罗村敬老院,罗村敬老院,罗村敬老院,BV10252537,,罗村敬老院,113.034976,23.055761,佛277路
罗村医院,罗村医院,罗村医院,BV10251713,,罗村医院,113.039395,23.064076,佛250路、广州-肇庆
罗村中心广场,罗村中心广场,罗村中心广场,BV10432504,,罗村中心广场,113.047399,23.063010,佛250路、佛277路
罗洞村口,罗洞村口,罗洞村口,BV10021817,,罗洞村口,113.357820,23.288398,246路、504路、973路、夜74路
罗洞社,罗洞社,罗洞社,BV11216192,,罗洞社,113.685882,23.616682,从14路、从19路、从19路密石班车
罗洞新塘,罗洞新塘,罗洞新塘,BV09017010,,,113.606449,23.518599,从302路
罗岗村,罗岗村,罗岗村,BV11581963,,罗岗村,113.268865,23.251460,251路
罗岗村委,罗岗村委#1,罗岗村委,BV10020817,,罗岗村委,113.266320,23.248967,251路、978路、夜63路
罗岗村委,罗岗村委#2,罗岗村委,BV11449808,,罗岗村委,113.822357,23.249132,增城1路
罗岗市场,罗岗市场#1,罗岗市场,BV10020838,,罗岗市场,113.266728,23.251472,251路、978路、夜63路
罗岗市场,罗岗市场#2,罗岗市场,BV11092634,,罗岗市场,113.812302,23.270848,增城10路、增城5路、增城8路、增城9A路/9A路快线、增夜2路
罗家村(番禺大道),罗家村(番禺大道),罗家村(番禺大道),BV11557666,,罗家村（番禺大道）,113.380161,22.943062,番19路、番21B路、番22路、番28路、番4路
罗家村(富怡路),罗家村(富怡路),罗家村(富怡路),BV10023203,,罗家村（富怡路）,113.381385,22.949070,番16路、番19路、番23路、番28路、番52路
罗家村(市莲路),罗家村(市莲路),罗家村(市莲路)站,BV11689914,,罗家村,113.382824,22.940708,番100路、番10路、番111路、番3路、番68路、番92路/番92路
罗坑村,罗坑村,罗坑村,BV11119685,,罗坑村,113.745409,23.411475,增城58路
罗水楼,罗水楼,罗水楼,BV11139999,,罗水楼,113.975894,23.801675,从503路
罗屋村站,罗屋村,罗屋村站,BV11689388,,罗屋村,112.973608,23.445454,花81路
罗屋社,罗屋社,罗屋社,BV11216188,,罗屋社,113.730301,23.623999,从14路、从19路
罗溪村委,罗溪村委,罗溪村委,BV11501808,,罗溪村委,113.169645,23.352366,829路
罗溪村总站,罗溪村总,罗溪村总站,BV10682852,,罗溪村总站,113.169585,23.352500,750路
罗溪路,罗溪路,罗溪路,BV11568012,,罗溪路,113.170250,23.350952,829路
罗溪中路,罗溪中路,罗溪中路,BV11568010,,罗溪中路,113.173811,23.354204,829路
罗仙村,罗仙村,罗仙村,BV11528313,,,113.235228,23.429070,花85路
罗仙村安置区,罗仙村安置区,罗仙村安置区,BV11209791,,罗仙村安置区,113.236328,23.436197,花8路
罗窑路,罗窑路,罗窑路,BV11209843,,罗窑路,113.348751,23.327369,797路
罗隐路口,罗隐路口,罗隐路口,BV09334637,,,112.567244,23.162423,广州-肇庆
罗庄,罗庄,罗庄,BV10873330,,,113.351448,22.994790,公交地铁接驳专线9路
罗庄村,罗庄村,罗庄村,BV11615665,,罗庄村,113.351663,22.994979,番10路、番186路
萝峰村,萝峰村,萝峰村,BV10847185,,萝峰村,113.509443,23.181941,327路、392路、942路、944路
萝峰村口,萝峰村口,萝峰村口,BV11102407,,萝峰村口,113.511969,23.180594,337路、339路、367路、506路、569路、571A路、943路、948路、夜104路、夜49路、夜51路
萝峰小学,萝峰小学,萝峰小学,BV11102410,,萝峰小学,113.509320,23.179887,337路、339路、367路、506路、569路、571A路、943路、948路、夜104路、夜49路、夜51路
萝岗,萝岗,萝岗,BV09241911,,萝岗（香雪公园）,113.518060,23.184515,327路、365A路、392路、942路、944路
萝岗村口,萝岗村口,萝岗村口站,BV11687956,,萝岗村口,113.518736,23.165917,327A路、336路、338路、358路、365路、366路、367路、371路、373路、391A路、391路、397路、948路、B31路
萝岗村委,萝岗村委,萝岗村委,BV10919110,,萝岗村委,113.498480,23.177425,夜49路、夜51路、夜97路
萝岗大塱村站,萝岗大塱村,萝岗大塱村站,BV11105960,,萝岗大塱村,113.482065,23.177596,366路、371路、946路
萝岗会议中心,萝岗会议中心,萝岗会议中心站,BV10847168,,萝岗会议中心,113.471916,23.181434,388路、575路、943路、夜51路
萝岗会议中心西,萝岗会议中心西,萝岗会议中心西站,BV10847161,,萝岗会议中心西,113.469557,23.183066,388路、575路、943路、夜124路、夜51路
萝岗区青少年宫,萝岗区青少年宫,萝岗区青少年宫,BV09314022,,,113.487050,23.179004,388路
萝岗市民广场,萝岗市民广场,萝岗市民广场,BV10847176,,萝岗市民广场,113.475343,23.181296,388路、575路、943路、夜124路、夜51路
萝岗万达广场总站,萝岗万达广场总,萝岗万达广场总站,BV10535359,,萝岗万达广场总站,113.460815,23.168332,334路、494路、575路
萝岗香雪总站,萝岗香雪(梅花世界)总,萝岗香雪总站,BV10017511,,萝岗香雪（梅花世界）总站,113.519906,23.182383,327路、337路、339路、392路、397路、569路、943路、944路、948路、夜104路、夜51路
萝岗香雪总站,萝岗香雪(梅花世界)总,萝岗香雪(梅花世界)总站,BV11632957,,萝岗香雪（梅花世界）总站,113.518177,23.181925,944路
萝岗香雪牌坊,萝岗香雪牌坊,萝岗香雪牌坊站,BV10847097,,萝岗香雪牌坊,113.497534,23.176103,327A路、337路、339路、358路、365路、367路、373路、375路、388路、391A路、391路、569路、571A路、575路、941路、948路、B24路、夜49路、夜97路、393路
萝岗行政执法楼,萝岗行政执法楼,萝岗行政执法楼,BV09377806,,,113.466258,23.177259,575路
萝岗行政执法综合楼,萝岗行政执法综合楼,萝岗行政执法综合楼,BV11062754,,萝岗行政执法综合楼,113.466258,23.177259,573路、943路、夜51路、科学城3号交通专线/K3路
萝岗中医院,萝岗中医院,萝岗中医院,BV09389725,,,113.505483,23.178730,328路支线
萝岗总站,萝岗总,萝岗总站,BV10018576,,萝岗总站,113.504390,23.177104,373路、夜97路
萝格路口,萝格路口,萝格路口站,BV10653031,,萝格路口,113.514243,23.165129,335路、358路、365路、366路、371路、391A路、391路、946路、948路、夜52路
萝坎村,萝坎村,萝坎村站,BV10653047,,萝坎村,113.501139,23.174286,335路、358路、365路、366路、371路、375路、391A路、391路、946路、948路、夜52路
萝岭路(永顺大道口),萝岭路(永顺大道口),萝岭路(永顺大道口),BV11488680,,萝岭路（永顺大道口）,113.492279,23.214142,327路、328路
萝岭路南,萝岭路南,萝岭路南,BV11531909,,萝岭路南,113.489148,23.197741,392路
螺旋大道西,螺旋大道西,螺旋大道西,BV10456439,,螺旋大道西,113.365527,23.069228,353路、高峰快线74路
螺旋三路,螺旋三路,螺旋三路,BV11574680,,螺旋三路,113.364322,23.063798,夜125路
螺旋四路东,螺旋四路东,螺旋四路东,BV10573516,,螺旋四路东,113.364778,23.061949,353路、高峰快线74路
螺旋四路西,螺旋四路西,螺旋四路西,BV10573514,,螺旋四路西,113.362679,23.061983,353路、高峰快线74路
洛场村,洛场村,洛场村,BV11344941,,洛场村,113.278900,23.438359,711路、花16路、花17路A、花84路、花85路
洛城中学,洛城中学,洛城中学站,BV10019648,,洛城中学,113.300899,23.047166,122路、125路、211路、305路、311路、公交地铁接驳专线4路、公交地铁接驳专线5路、夜133路、夜28路、番146路、番186路、番188路、番91路
洛平路,洛平路,洛平路,BV11607758,,,113.268882,23.439375,花83路
洛浦医疗产业园,洛浦医疗产业园,洛浦医疗产业园,BV09101975,,洛浦医疗产业园,113.285263,23.043278,番13路、番17路、番17路长线、番183路、番25路、番57路
洛浦医院,洛浦医院,洛浦医院,BV11095902,,洛浦医院,113.270275,23.046405,番183路
洛三,洛三,洛三,BV11152762,,洛三,113.660602,23.676928,从607路
洛涛居,洛涛居,洛涛居站,BV11688558,,洛涛居,113.297122,23.048878,122路、125路、211路、305路、311路、公交地铁接驳专线4路、公交地铁接驳专线5路、夜133路、夜28路、番146路、番186路、番188路、番91路
洛涛南区,洛涛南区,洛涛南区站,BV11691194,,洛涛南区,113.299414,23.043499,311路、公交地铁接驳专线4路、公交地铁接驳专线5路、夜133路、番13路、番146路、番17路、番17路长线、番183路、番186路、番188路、番25路、番53路、番91路
洛溪,洛溪,洛溪,BV11152713,,洛溪,113.665676,23.677458,从607路
洛溪南浦总站,洛溪南浦总,洛溪南浦总站,BV10023117,,洛溪南浦总站,113.274865,23.048866,番13路、番17路、番17路长线、番25路
洛溪桥底,洛溪桥底,洛溪桥底,BV10021404,,洛溪桥底（海珠儿童公园）,113.298537,23.060634,765路、88路、991路
洛溪桥脚,洛溪桥脚,洛溪桥脚,BV09005210,2,洛溪桥脚②,113.303944,23.069544,122路、195路、211路、230路、301A路、305路、51路、562路、88路、B7路、B7路快线、夜101路、夜20路、夜28路、夜30路、夜34路、夜61路、夜88路、964路
洛溪西一村,洛溪西一村,洛溪西一村,BV11467701,,洛溪西一村,113.270989,23.051165,番57路
洛溪新城,洛溪新城,洛溪新城分站,BV09239308,,洛溪新城分站,113.301331,23.043040,122路、125路、129路、301A路、309路
洛溪新城,洛溪新城,洛溪新城,BV11688563,,洛溪新城,113.300595,23.043511,129路、288路、301A路、301路、303路、309路、311路、51路、562路、公交地铁接驳专线4路、公交地铁接驳专线5路、夜102路、夜133路、夜20路、夜61路、夜88路、番13路、番146路、番17路、番17路长线、番183路、番186路、番188路、番25路、番53路、番91路
洛溪新城总站,洛溪新城总,洛溪新城总站,BV10016556,,洛溪新城总站,113.299046,23.043814,211路、番146路、番91路
洛溪新城总站,洛溪新城总站,洛溪新城总站,BV10388089,,,113.287760,23.051736,
骆村,骆村,骆村,BV10017067,,骆村,113.046962,23.296106,花5B路
骆村市场,骆村市场,骆村市场,BV10742891,,骆村市场,113.050461,23.294056,花5B路
孖沙二涌站,孖沙二涌,孖沙二涌站,BV10542624,,,113.644775,22.662307,南21路、南27路
孖塘站,孖塘,孖塘站,BV10503376,,孖塘,113.478573,23.203112,330路
麻车村,麻车村,麻车村,BV10024293,,麻车村,113.764064,23.200020,增城34路、增城34路快线
麻车村委,麻车村委,麻车村委,BV11367805,,麻车村委,113.768531,23.193089,增城34路
麻二村委,麻二村委,麻二村委,BV11115213,,麻二村委,113.609459,23.607019,从20路
麻二大房站,麻二大房,麻二大房站,BV11366910,,麻二大房,113.611156,23.610601,从20路
麻冚村,麻冚村,麻冚村,BV11488232,,麻冚村,113.889876,23.447035,增城66路
麻冚村委,麻冚村委,麻冚村委,BV11488229,,麻冚村委,113.896588,23.458619,增城66路
麻三村,麻三村,麻三村站,BV09269179,,麻三村,113.563878,23.055455,广369路、莞616路、莞619路、莞86路
麻三村委,麻三村委,麻三村委,BV11115217,,麻三村委,113.610272,23.613916,从20路
麻奢,麻奢,麻奢,BV11270058,,麻奢,113.111765,23.216061,佛244路、佛252路
麻奢医院,麻奢医院,麻奢医院,BV10889441,,麻奢医院,113.116246,23.215969,佛244路、佛252路
麻一木棉站,麻一木棉,麻一木棉站,BV11198745,,麻一木棉站,113.607082,23.603235,从20路
麻涌车站,麻涌车,麻涌车站,BV10266782,,麻涌车站,113.566353,23.055280,广369路、莞616路、莞619路
麻涌码头,麻涌码头,麻涌码头,BV11328078,,,113.528039,23.030626,莞618路
麻涌市场(古梅美食街),麻涌市场(古梅美食街),麻涌市场(古梅美食街),BV10494261,,,113.567709,23.055277,莞616路、莞619路
麻涌市场(古梅美食街),麻涌市场(古梅美食街),麻涌市场,BV11309028,,麻涌市场（古梅美食街）,113.567709,23.055277,广369路、莞86路
麻涌文化广场,麻涌文化广场,麻涌文化广场,BV10262819,,,113.578369,23.056179,莞616路
麻涌一中,麻涌一中,麻涌一中,BV09269175,,麻涌一中,113.573428,23.058704,广369路
麻涌镇政府,麻涌镇政府,麻涌镇政府,BV10265742,,,113.576902,23.053058,莞616路、莞86路
麻涌中学,麻涌中学,麻涌中学,BV10424344,,,113.583629,23.049747,莞619路
蔴地岗,蔴地岗,蔴地岗,BV11028713,,蔴地岗,113.409289,23.699296,从10路、从911路
马鞍山公园东,马鞍山公园东,马鞍山公园东,BV10664684,,,113.234496,23.400238,花22路
马鞍山公园西门,马鞍山公园西门,马鞍山公园西门,BV11690357,,马鞍山公园西门,113.229056,23.394637,715路、花30路、花70路、花70路短线、花75路、花9路、701路
马场路口,马场路口,马场路口,BV10813008,,马场路口,113.708251,23.697567,从11路、从12路、从607路
马场路南,马场路南,马场路南,BV10021441,,马场路南（南国花园）,113.337964,23.117669,138路、40路、499路、545路、669路、777路
马场路中,马场路中,马场路中,BV09355197,,马场路中,113.337843,23.121293,138路、499路、545路、901A路
马村,马村,马村,BV10587233,,马村,113.792691,23.479593,增城42路、增城83路
马洞村委,马洞村委,马洞村委,BV10022645,,马洞村委,113.449716,23.364878,738路、979路、夜118路
马洞广新路东,马洞广新路东,马洞广新路东,BV11469406,,马洞广新路东,113.463070,23.356839,738路
马洞广新路中,马洞广新路中,马洞广新路中,BV11469407,,马洞广新路中,113.455579,23.362218,738路
马洞马新路(茅岗新岗路口),马洞马新路(茅岗新岗路口),马洞马新路(茅岗新岗路口),BV11468574,,马洞马新路（茅岗新岗路口）,113.454738,23.357678,979路、夜118路
马洞马新路东,马洞马新路东,马洞马新路东,BV11469403,,马洞马新路东,113.462715,23.354427,738路
马洞森林公园总站,马洞森林公园总,马洞森林公园总站,BV11465374,,马洞森林公园总站,113.458906,23.355851,738路、979路、夜118路
马洞小学,马洞小学,马洞小学,BV09208064,,马洞小学,113.447222,23.366000,738路、979路、夜118路
马房三街,马房三街,马房三街站,BV09407401,,马房三街,113.197811,23.386724,702路、花10路、花19路、花5路、花6路、花80路、花81路、花85路
马岗岭街口,马岗岭街口,马岗岭街口,BV11662482,,马岗岭街口,113.248608,23.267961,796路
马滘河站,马滘河,马滘河站,BV09269177,,马滘河（花海漂游）,113.552580,23.056275,广369路、莞86路
马克村站,马克村,马克村站,BV11424359,,,113.430807,22.841907,南51路
马克村总站,马克村总,马克村总站,BV11403454,,,113.430213,22.841290,南51路、南57路
马克路站,马克路,马克路站,BV10015043,,,113.441609,22.847285,南51路、南57路
马克路口站,马克路口,马克路口站,BV10020672,,马克路口,113.442333,22.848332,南34路、南50路、南沙54路、番143路、番150B路
马坑社,马坑社,马坑社,BV11028712,,马坑社,113.410276,23.684064,从10路、从911路
马口圳,马口圳,马口圳,BV11315194,,,113.810206,23.519522,增城62路
马兰形,马兰形,马兰形,BV11333205,,马兰形,113.487842,23.375386,826路
马沥村,马沥村,马沥村,BV10021291,,马沥村,113.435867,23.387098,738路、979路、夜118路
马岭村委,马岭村委,马岭村委,BV11379200,,马岭村委,113.108630,23.456174,花81A路
马岭路口,马岭路口#1,马岭路口,BV11689384,,马岭路口,113.415193,23.631732,从10路、从407路、从911路
马岭路口,马岭路口#2,马岭路口,BV09322922,,马岭路口,113.103114,23.461091,花81路、花93路
马前村站,马前村,马前村站,BV10019743,,,113.373731,22.781149,南46路
马前村口站,马前村口,马前村口站,BV10405458,,马前村口,113.377752,22.782449,南沙58路
马山,马山,马山,BV10975804,,马山,113.619656,23.174920,增城12路、增城40路
马山宿舍,马山宿舍,马山宿舍,BV11455322,,马山宿舍,113.628134,23.173406,增城21路、增城46路
马务,马务,马务2,BV09226099,2,马务②,113.253699,23.206644,176路、254路、280路、425路、519路、524路、556路、730路、夜107路、夜22路、夜26路、259路
马务,马务,马务,BV11688360,1,马务①,113.253699,23.206644,126路、176路、254路、265路、280路、519路、524路、539路、556路、563路、730路、742路、840路、841路、982路、夜107路、夜22路、夜26路、夜80路、夜90路
马务大街,马务大街,马务大街,BV11682560,,马务大街,113.252718,23.208630,982路
马务联和西街,马务联和西街,马务联和西街,BV11682556,,马务联和西街,113.252729,23.210485,982路
马溪村,马溪村,马溪村,BV10435799,,马溪村,113.141032,23.357625,花37路
马溪总站,马溪总,马溪总站,BV10701712,,马溪总站,113.143161,23.353852,花19路
马新路(广新路口),马新路(广新路口),马新路(广新路口),BV11655611,,马新路（广新路口）,113.453391,23.362785,826路
马修村,马修村,马修村,BV10015438,,马修村,113.777063,23.183569,增城34路
马修谢屋村,马修谢屋村,马修谢屋村,BV10538189,,马修谢屋村,113.773057,23.187670,增城34路
马庄村,马庄村,马庄村,BV11133003,,马庄村,113.346960,22.979799,番30路
麦村,麦村#1,麦村,BV10016318,,麦村,113.225857,23.065113,19路、285路、410路、445路环线、770路、787路、广275路、桂12路、桂21路
麦村,麦村#2,麦村,BV10655506,,麦村,113.858778,23.372392,增城17路、增城63路
麦村村委,麦村村委#1,麦村村委,BV10022141,,麦村村委,113.584634,23.254141,444路
麦村村委,麦村村委#2,麦村村委,BV11118931,,麦村村委,113.843685,23.381707,增城63路
麦田生态园站,麦田生态园,麦田生态园站,BV11491313,,麦田生态园,113.497995,23.603493,从402路
芒林街,芒林街,芒林街,BV11406401,,芒林街,113.530598,23.363143,362路
毛埔,毛埔,毛埔,BV11480861,,毛埔站,113.549663,23.613261,从18路、从901路、从902路
毛铺站,毛铺,毛铺站,BV11622079,,,113.549429,23.613605,从901路
茅草庄,茅草庄,茅草庄,BV11392389,,茅草庄,113.322673,23.320152,724路、985路
茅岗,茅岗,茅岗,BV10018275,1,茅岗①,113.426295,23.108478,夜41路、夜46路
茅岗,茅岗,茅岗,BV11502695,1,茅岗①,113.426915,23.107660,B16路、B17路、B1路、B24路、B26路、B5路
茅岗村,茅岗村,茅岗村,BV10013823,,茅岗村,113.431424,23.116108,339路、364路、390路、432路
茅岗工业区,茅岗工业区,茅岗工业区,BV11333208,,茅岗工业区,113.443152,23.339369,726路、826路
茅岗公寓,茅岗公寓,茅岗公寓站,BV09190191,,茅岗公寓,113.438887,23.112862,344路、432A路、B30路
茅岗口,茅岗口,茅岗口,BV10013822,,茅岗口,113.430664,23.110762,339路、364路、390路、432路
茅岗路口,茅岗路口,茅岗路口站,BV09242887,,茅岗路口,113.439252,23.123224,210路、214路、326路、347路、363路、B29路、高峰快线24路
茅岗路南,茅岗路南,茅岗路南,BV10017798,,茅岗路南,113.429286,23.108187,329路、364路、390路
茅岗市场,茅岗市场,茅岗市场,BV11609231,,茅岗市场,113.432442,23.120325,364路、390路、432路
茅岗新村站,茅岗新村,茅岗新村站,BV10885187,,茅岗新村,113.439549,23.115408,344路、432A路、B30路
茅岗新岗路,茅岗新岗路,茅岗新岗路,BV11655612,,茅岗新岗路,113.443021,23.351343,826路
茅坪,茅坪,茅坪,BV11152735,,茅坪,113.691973,23.798021,从604路
茅山,茅山,茅山,BV11484181,,茅山,113.209298,23.297016,472路、825路
茅山村委会,茅山村委会,茅山村委会,BV11484173,,茅山村委会,113.207906,23.302286,472路、825路
茅山大道北,茅山大道北,茅山大道北,BV09223738,,茅山大道北,113.631058,23.131384,增城21路
茅山大道南,茅山大道南,茅山大道南,BV09171588,,,113.631066,23.112122,增城25路
茅山新二社,茅山新二社,茅山新二社,BV10612361,,茅山新二社,113.209816,23.313669,829路
茅山新庄口,茅山新庄口,茅山新庄口,BV11484170,,茅山新庄口,113.205157,23.304633,472路、825路、829路
茅田村,茅田村,茅田村,BV11119632,,茅田村,113.634930,23.341506,增城52路
茅田路口,茅田路口,茅田路口,BV11323073,,茅田路口,113.860281,23.893149,从601路
茂敦路口,茂敦路口,茂敦路口,BV11352956,,茂敦路口,113.414749,23.588546,从406路
茂新村,茂新村,茂新村,BV10018734,,茂新村,113.553045,23.607618,从18路、从901路、从902路
帽峰山,帽峰山,帽峰山,BV11482313,,帽峰山（铜锣湾水库）,113.432254,23.309424,758路
帽峰山青年中医药科普园,帽峰山青年中医药科普园,帽峰山青年中医药科普园,BV09125839,,,113.421648,23.286489,帽峰山旅游专线1线
帽峰山森林公园,帽峰山森林公园,帽峰山森林公园,BV09125838,,,113.444836,23.306351,帽峰山旅游专线1线
帽峰山西,帽峰山西,帽峰山西站,BV11400771,,帽峰山西,113.379946,23.284803,973路、帽峰山旅游专线1线
帽峰山总站(高屋村),帽峰山总站(高屋村),帽峰山总站(高屋村),BV11204171,,帽峰山（铜锣湾水库）,113.444837,23.306383,758路
玫瑰园,玫瑰园,玫瑰园,BV11371472,,,113.066086,23.168470,佛278路
眉山村,眉山村,眉山村,BV10015114,,眉山村,113.424667,23.005438,番59路
眉山村口,眉山村口,眉山村口,BV10023406,,眉山村口,113.422815,23.008325,番66路、番75路
眉山工业区,眉山工业区,眉山工业区,BV10019979,,眉山工业区,113.424263,22.999143,番59路
梅东路总站,梅东路总,梅东路总站,BV11062810,,梅东路总站,113.302198,23.131669,夜13路
梅花村,梅花村,梅花村,BV10016241,1,梅花村1,113.300726,23.129327,129路、243路、299路、37路、502路、541路、548路、551路、59路、63路、813路、B5路、B8路、夜10路、夜15路、夜27路、夜39路、夜40路、夜93路、夜9路、106路、107路
梅花居委,梅花居委,梅花居委,BV10017322,,梅花居委,113.208824,23.408359,花31路、701路
梅花岭,梅花岭,梅花岭,BV09120817,,梅花岭,113.859671,23.231942,增城18路、增城74路
梅花园,梅花园,梅花园,BV09355216,2,梅花园②,113.315265,23.183177,179路、504路、560路、791路、833路、836路、862路、882路快线、夜24路、241路、夜47路、B6路快线、B6路
梅山村(金江大道),梅山村(金江大道),梅山村(金江大道),BV10019929,,梅山村（金江大道）,113.382081,23.003917,番17路长线、番59路
梅山村(金江大道),梅山村(金江大道),梅山村,BV11171484,,梅山村,113.382490,23.006362,公交地铁接驳专线8路、公交地铁接驳专线9路、番17路
梅山工业区站,梅山工业区,梅山工业区站,BV10017250,,,113.497503,22.796032,南34路、南55路
梅树村委,梅树村委,梅树村委,BV11018291,,梅树村委,113.765395,23.815238,从601路
梅田村路口,梅田村路口,梅田村路口,BV10326980,,梅田村路口,113.446465,23.262331,346路、973路
梅园村,梅园村,梅园村,BV10016214,,梅园村,113.608155,23.259505,增城11A路、增城35A路、增城35路、增城36路、增夜4路
梅园路东,梅园路东,梅园路东,BV11279675,,梅园路东,113.314076,23.181615,498路
梅园路西,梅园路西,梅园路西,BV11279673,,梅园路西,113.309809,23.181683,498路
梅园路中,梅园路中,梅园路中,BV11279676,,梅园路中,113.311473,23.181247,498路
梅园路总站,梅园路总,梅园路总站,BV11279674,,梅园路总站,113.307383,23.184430,498路
梅园西,梅园西,梅园西,BV09005236,2,梅园西（地铁凤凰新村站）,113.251059,23.096634,10路、121A路、16路、220路、226路、243路、288路、303路、31路、487路、489路、521路、75路、780路、813路、963路、995路、9路、B21路、夜3路、夜45路、夜79路、夜7路、广123路
梅园新村,梅园新村,梅园新村,BV10017236,2,梅园新村（地铁梅花园站）②,113.314584,23.177504,179路、504路、560路、785路、833路、836路、862路、夜24路、241路、夜47路、B6路快线、B6路
媒体村,媒体村,媒体村,BV10019860,,媒体村,113.470042,22.947802,番151路、番160路、番162B路、番162路、番夜4路
美彩家纺产业园,美彩家纺产业园,美彩家纺产业园,BV09043179,,美彩家纺产业园,113.470499,22.879550,南48路、南沙33路、南沙38路、南沙70路、番11路、番141路
美的大道江山路口,美的大道江山路口,美的大道江山路口,BV10393627,,,113.209699,22.941308,佛349路
美的工业区,美的工业区,美的工业区,BV10254082,,,113.202037,22.912490,佛349路
美的工业园站,美的工业园,美的工业园站,BV11625908,,美的工业园,113.527839,22.732498,南沙G2路
美的工业园(南珠大道),美的工业园(南珠大道),美的工业园(南珠大道),BV09370308,,美的工业园（南珠大道）,113.534877,22.720215,南沙G2路
美的生活电器公司,美的生活电器公司,美的生活电器公司,BV10254187,,,113.223423,22.909219,佛349路
美的生活区站,美的生活区,美的生活区站,BV11058997,,美的生活区,113.529755,22.729339,K981路、南沙24路、南沙5路
美国工业区,美国工业区,美国工业区,BV11655182,,美国工业区,113.165189,23.410919,花2路
美国工业园,美国工业园,美国工业园,BV10015587,,,113.166341,23.415312,花75路、花都113路
美荔公园,美荔公园,美荔公园,BV11522012,,美荔公园,113.572209,23.326152,352A路
美林湖,美林湖,美林湖,BV10435013,,,113.026960,23.444174,花68路
美林湖仓库,美林湖仓库,美林湖仓库,BV11165381,,美林湖仓库,113.029164,23.505613,花39路短线
美尼美,美尼美,美尼美,BV09072539,,美尼美,113.828905,23.156345,增城55路、增城76路
美食广场南门,美食广场南门,美食广场南门,BV10977909,,美食广场南门,113.392712,22.956762,番22路
美食广场西门,美食广场西门,美食广场西门,BV10023250,,美食广场西门,113.391417,22.958714,番19路、番22B路、番22路
美术学院,美术学院,美术学院,BV10014691,,美术学院,113.377790,23.043844,B25路、大学城专线2路、大学城环线1路
美特厂,美特厂,美特厂,BV10023058,,美特厂,113.462468,23.025129,番128路、番31路、番62路
美涂士,美涂士,美涂士,BV10254201,,美涂士,113.276247,22.883273,314路、K314路、佛314路、佛349路
美心苑,美心苑,美心苑,BV11689915,,美心苑,113.394202,22.943795,番100路、番10路、番111路、番3路、番68路、番92路/番92路
门口岗总站,门口岗总,门口岗总站,BV10601258,,门口岗总站,113.277936,23.080611,夜16路
蒙花布,蒙花布,蒙花布,BV11119364,,,113.896577,23.437530,增城68路
猛涌,猛涌,猛涌,BV11687884,,猛涌,113.301451,23.008170,288路、301A路、301路、夜61路、番13路、番25路、番91路、番96路
猛涌村,猛涌村,猛涌村,BV10023210,,猛涌村,113.301084,23.016152,番181路、番182路
孟田村,孟田村,孟田村,BV09070818,,孟田村,113.504750,23.180844,327路、942路、944路
米埗(从都),米埗(从都),米埗,BV11323456,,米埗,113.674511,23.680523,从11路、从12路
米埗(从都),米埗(从都),米埗(从都),BV11485628,,米埗,113.675039,23.682884,从607路
米岗村委会,米岗村委会,米岗村委会,BV11314031,,,113.343601,23.392289,733路
米岗村总站,米岗村总,米岗村总站,BV10022420,,米岗村总站,113.343122,23.393372,733路
米岗牌坊,米岗牌坊,米岗牌坊,BV10019156,,米岗牌坊,113.350817,23.382142,473路、733路
米岗西门,米岗西门,米岗西门,BV10388405,,米岗西门,113.347182,23.387572,733路
米龙村,米龙村,米龙村,BV11400772,,米龙村,113.356366,23.290712,246路、504路、973路、夜74路、帽峰山旅游专线1线
米田社,米田社,米田社,BV11369787,,米田社,113.483907,23.551197,从803路
米围,米围,米围,BV11323081,,米围,113.968265,23.809733,从501路、从503路
泌冲,泌冲,泌冲,BV10390458,,泌冲（时代水岸）,113.183592,23.143903,653路、790路、夜112路、沥20路
泌冲小学,泌冲小学,泌冲小学,BV10256197,,泌冲小学,113.183037,23.142197,653路、夜112路、沥20路
泌二新村,泌二新村,泌二新村,BV10256199,,泌二新村,113.182816,23.136092,653路、夜112路、沥20路
泌一新村站,泌一新村,泌一新村站,BV10918411,,泌一新村,113.185522,23.143824,沥20路
密石村,密石村,密石村,BV11357222,,,113.743652,23.554506,增城61路
密石村委总站,密石村委总,密石村委总站,BV11418089,,,113.717419,23.612236,从19路密石班车
蜜仔窿,蜜仔窿,蜜仔窿,BV11369777,,蜜仔窿,113.462707,23.566512,从803路
棉村,棉村,棉村,BV11651647,,棉村,113.210556,23.063634,410路
棉村市场,棉村市场,棉村市场,BV11651649,,棉村市场,113.211894,23.059605,410路
面带路口,面带路口,面带路口,BV11595179,,面带路口,113.568492,23.438737,从804路
苗圃,苗圃,苗圃,BV11689187,,苗圃,113.360175,23.170536,581路、772路、773路、78A路、78路、B10路、B11路、夜53路、高峰快线32路
庙贝村站,庙贝村,庙贝村站,BV10014987,,庙贝村,113.441423,22.794101,40路/南40路、南39路、南沙49路
庙贝工业区站,庙贝工业区,庙贝工业区站,BV10633541,,,113.423320,22.803040,40路/南40路、南39路
庙贝农场,庙贝农场,庙贝农场站,BV10378335,,庙贝农场,113.481754,22.778496,40路/南40路、南14路、南39路、南56路、南沙12路
庙埔,庙埔,庙埔,BV11399878,,庙埔,113.435650,23.672239,从407路
庙南村,庙南村,庙南村站,BV10014993,,庙南村,113.494882,22.770283,40路/南40路、南14路、南39路、南56路、南沙12路、南沙32路
庙南高速路口,庙南高速路口,庙南高速路口站,BV11388446,,庙南高速路口站,113.490146,22.774833,40路/南40路、南39路、南56路、南沙12路、南沙32路
庙南路中,庙南路中,庙南路中,BV09306699,,庙南路中,113.499060,22.773634,南沙23B路、南沙5路、南沙32路
庙排,庙排,庙排,BV11596285,,庙排,113.356324,23.648491,从408路
庙青9队站,庙青9队,庙青9队站,BV10633540,,,113.470769,22.786157,40路/南40路
庙青村站,庙青村,庙青村站,BV10014989,,庙青村,113.463101,22.783594,南39路、南沙49路
庙青大滘涌桥站,庙青大滘涌桥#1,庙青大滘涌桥站,BV11273570,,,113.457989,22.791594,40路/南40路
庙青大滘涌桥站,庙青大滘涌桥#2,庙青大滘涌桥站,BV09353780,,,113.468009,22.782073,南39路
庙青大滘涌桥站(S111),庙青大滘涌桥站(S111),庙青大滘涌桥站(S111),BV11409010,,,113.468009,22.782073,南39路
庙青排水站,庙青排水,庙青排水站,BV10633240,,,113.462504,22.792547,40路/南40路
庙青中滘桥站,庙青中滘桥,庙青中滘桥站,BV10017936,,,113.470310,22.782185,40路/南40路
庙潭,庙潭,庙潭,BV11119684,,,113.822175,23.423458,
庙潭村,庙潭村,庙潭村,BV11654364,,庙潭村,113.821701,23.423292,增城70路
庙头,庙头,庙头,BV10014602,,庙头,113.497674,23.085932,夜41路、夜73路
庙头,庙头,庙头,BV11386258,1,庙头①,113.496154,23.085803,B1路、B28路、B29路、B30路、B31路、夜41路、夜73路、广369路
庙尾村,庙尾村,庙尾村,BV10587227,,,113.849190,23.446699,增城42路
庙仔庄,庙仔庄,庙仔庄站,BV11589190,,庙仔庄,113.248721,23.294427,652路、843路、夜129路
民安村,民安村,民安村,BV10022356,,,113.273148,23.509111,花17路A、花17路联民村
民安村,民安村,民安村站2,BV11442875,2,,113.273095,23.514003,花17路A
民防办,民防办,民防办,BV11370936,,民防办,113.564650,23.553432,从10路
民航技术学院,民航技术学院,民航技术学院,BV11271587,,民航技术学院,113.307148,23.414887,空港1路
民航生活区,民航生活区,民航生活区,BV11504665,,,113.254135,23.181909,空港快线3线
民航售票处,民航售票处,民航售票处,BV10405436,,,113.254563,23.149248,空港快线2号线、空港快线2线、空港快线3线
民航学院路口,民航学院路口,民航学院路口,BV09414030,,民航学院路口,113.089153,23.386065,花115路、花2B路、花39路短线、花68路、花68路白坭班车、花68路短线
民航学院总站,民航学院总,民航学院总站,BV10569017,,,113.099384,23.402275,花2C路、花2路
民航中南管理局,民航中南管理局,民航中南管理局,BV11283550,,民航中南管理局,113.292701,23.378848,空港1路、空港2路、空港2路公交短线
民航子弟学校,民航子弟学校,民航子弟学校,BV10018320,,民航子弟学校,113.263774,23.175704,479路、661路、夜82路
民汇一路(政务中心),民汇一路(政务中心),民汇一路,BV09069506,,民汇一路（政务中心）,113.313203,23.299703,728路、夜123路
民汇一路(政务中心),民汇一路(政务中心),民汇一路(政务中心),BV09192266,,民汇一路（政务中心）,113.313568,23.299708,728路
民建村,民建村,民建村站,BV09252315,,民建村,113.545015,22.648674,南沙16路、南沙9路团结围线、南沙9路缸瓦沙线
民科园北门,民科园北门,民科园北门,BV11500813,,民科园北门,113.324225,23.305900,797路、828路
民乐,民乐,民乐,BV10616510,,民乐,113.466325,23.660049,从18路、从405路、从901路、从902路
民乐村委,民乐村委,民乐村委,BV10875073,,民乐村委,113.471323,23.659083,从18路、从405路、从901路、从902路
民乐村委总站,民乐村委总,民乐村委总站,BV11543502,,,113.471735,23.659028,从化922路
民乐长岭,民乐长岭,民乐长岭,BV11480863,,民乐长岭,113.487538,23.659424,从18路、从901路、从902路
民立村,民立村,民立村,BV10015941,,民立村,113.566056,22.623799,南沙16路、南沙9路团结围线、南沙9路缸瓦沙线
民生路北,民生路北,民生路北站,BV09277457,,,113.378770,22.794696,南59路
民生桥北站,民生桥北,民生桥北站,BV10014979,,民生桥北,113.331240,22.830113,南41路、南43路、南44路、南45路、南60路、南沙68路
民心学校站,民心学校,民心学校站,BV09083799,,,113.483745,22.876942,南22路
民兴村,民兴村,民兴村站,BV10015939,,民兴村,113.555568,22.634920,南沙16路、南沙9路团结围线、南沙9路缸瓦沙线
民营工业园,民营工业园#1,民营工业园,BV11476051,,,112.913975,23.215799,655A线、655B路、655路
民营工业园,民营工业园#2,民营工业园,BV10016847,,民营工业园,113.619812,23.150949,增城28路、增城29路、增城30路、增城32路内环、增城32路外环、增城34路、增城34路快线、增城36路、增城38路、增城39路、增城40路、增城44路、增城45路、增城46路、增城9A路/9A路快线、增城9路
民营科技园门口,民营科技园门口,民营科技园门口,BV10021372,,民营科技园门口,113.330679,23.298025,728路、735路、797路、828路
民政局,民政局,民政局,BV10019840,,民政局（合盛市场）,113.354237,22.942916,番15路、番30路、番3路、番68路、番6路、番9路、番9路长线、番夜5路、番108路
民主村,民主村,民主村,BV10018686,,民主村,113.116182,23.364057,花15路、花2C路、花5路
敏捷集团,敏捷集团,敏捷集团,BV10021912,,敏捷集团,113.324580,22.976476,301路、番109B路、番13路、番91路、番96路、番97路、番99路、番夜5路
名幸站,名幸,名幸站,BV10326920,,名幸,113.549841,22.774029,南1路B、南夜4路、南沙18路、南沙49路、南沙4路、番141路
名雅花园,名雅花园,名雅花园,BV11688702,,名雅花园,113.169513,23.135794,佛244路、佛沥12高峰线、广281路、沥12路
明达路口,明达路口,明达路口,BV10252018,,,113.008918,22.841290,佛236路
明德路,明德路,明德路,BV10254765,,明德路,113.195373,23.039196,佛211路
明华综合市场,明华综合市场,明华综合市场站,BV09325373,,明华综合市场,113.192997,23.425768,715路、夜92路、花62路
明经村,明经村,明经村,BV10023060,,明经村,113.462625,23.013217,番128路、番62路
明科四路北,明科四路北,明科四路北,BV09398102,,明科四路北,113.667109,23.283634,科教城1路
明科四路南,明科四路南,明科四路南,BV09328144,,明科四路南,113.667130,23.281204,科教城1路
明泉街,明泉街,明泉街,BV10018343,,,113.241578,23.169322,
明泉街总站,明泉街总,明泉街总站,BV10709525,,,113.241864,23.169761,740路
明贤实验高级中学站,明贤实验高级中学,明贤实验高级中学站,BV09410320,,明贤实验高级中学,113.532150,22.717281,南沙G2路
明星新村,明星新村,明星新村,BV11119401,,明星新村,113.801568,23.265903,增城14路、增城65路、增城82路、增城9路
明月一路,明月一路,明月一路,BV10388885,,明月一路,113.306042,23.117149,781路
明珠大道北(健朗医用),明珠大道北(健朗医用),明珠大道北(健朗医用),BV09177159,,,113.518235,23.622182,从1路西线
明珠大道北(健朗医用),明珠大道北(健朗医用),明珠大道北,BV11543499,,,113.517779,23.619693,从化921路
明珠大道南,明珠大道南,明珠大道南,BV10017882,,明珠大道南,113.534408,23.583630,从1路西线、从3路、从7路
明珠管委会,明珠管委会,明珠管委会,BV10017884,,明珠管委会,113.532538,23.594935,从1路西线、从3路、从402路、从化921路
明珠管委会总站,明珠管委会总,明珠管委会总站,BV11491312,,明珠管委会总站,113.531612,23.595139,从402路
明珠开发大厦站,明珠开发大厦,明珠开发大厦站,BV11408138,,,113.509143,22.773326,南沙23路A线
明珠科学园(万新大道),明珠科学园(万新大道),明珠科学园(万新大道),BV09187508,,明珠科学园（万新大道）,113.535526,22.727311,南沙24路、南沙G2路
明珠路(宝石路口),明珠路(宝石路口),明珠路(宝石路口),BV10387108,,明珠路（宝石路口）,113.513286,23.054072,453A路、567路
明珠路口,明珠路口,明珠路口,BV10840937,,明珠路口,113.531370,23.568214,从10路、从9路、从化922路
明珠路南,明珠路南,明珠路南,BV10978922,,,113.512130,23.058885,453A路
明珠农业公园站,明珠农业公园,明珠农业公园站,BV11694277,,明珠农业公园,113.523632,22.732798,南沙G1路
明珠市场,明珠市场,明珠市场,BV11380997,,明珠市场,113.528196,23.597965,从1路西线、从3路
明珠湾开发大厦站,明珠湾开发大厦,明珠湾开发大厦站,BV11604221,,明珠湾开发大厦,113.509103,22.773197,南沙23路
明珠湾体育馆,明珠湾体育馆,明珠湾体育馆,BV09302200,,明珠湾体育馆,113.501925,22.773277,南沙23B路
明珠湾小学站,明珠湾小学,明珠湾小学站,BV11621753,,明珠湾小学,113.501293,22.777322,南沙5路、南沙32路
明珠湾展览馆东,明珠湾展览馆东,明珠湾展览馆东,BV09119636,,明珠湾展览馆东,113.510499,22.774334,南沙23路、南沙23路A线
明珠新村,明珠新村,明珠新村,BV11688541,,明珠新村,113.390621,23.115201,218路、261路、495路、503路、517路、53路、B24路、夜97路、550路
鸣翠苑,鸣翠苑,鸣翠苑,BV10493252,,鸣翠苑,113.356197,22.961046,番12路旅游专线、番150路、番160路、番165路、番20B路、番30路
摩天轮,摩天轮,摩天轮站,BV11411805,,摩天轮,113.030119,23.499943,花39路短线
磨碟沙,磨碟沙,磨碟沙,BV11620525,,磨碟沙,113.335024,23.101324,229路、239路、262路、304路、582路、B7路快线、夜101路、夜20路、夜66路、夜70路、大学城专线3路、582路班车
磨碟沙公园,磨碟沙公园,磨碟沙公园,BV11207345,,磨碟沙公园,113.328338,23.107876,303A路、夜108路、夜66路
磨碟沙路,磨碟沙路,磨碟沙路站,BV11279603,,磨碟沙路,113.330459,23.101120,303A路、45路、583路、779路、90路、B7路、夜108路、夜135路
莫庄,莫庄,莫庄,BV11115116,,莫庄,113.480526,23.430716,从802路、从804路、从805路、从809路
莫庄村,莫庄村,莫庄村,BV11332851,,,113.481963,23.430206,从802路
木广塘站,木广塘,木广塘站,BV11317184,,木广塘,113.012247,23.447139,花68路、花81路
木摾水库,木摾水库,木摾水库,BV11086408,,木摾水库,113.481548,23.217122,345路、354路、392路、396A路环线
木壳岭,木壳岭,木壳岭,BV11115210,,木壳岭,113.592250,23.530975,从18路、从21路长线、从3路、从3路夜班、从4路、从5路、从5路长线、从6路、从6路支线、从901路、从902路、从夜1路
木棉脚,木棉脚,木棉脚,BV10023303,,木棉脚,113.389622,22.966897,番27路
木棉冚村,木棉冚村,木棉冚村,BV11162722,,木棉冚村,113.609166,23.198092,增城31路、增城32路内环、增城32路外环
木棉木场,木棉木场,木棉木场,BV11627691,,木棉木场,113.521230,23.494233,从803路、从807路、从808路
木棉社,木棉社,木棉社,BV09163013,,木棉社,113.713980,23.554738,从701路
木棉小学,木棉小学,木棉小学,BV10977071,,木棉小学,113.519950,23.496260,从803路、从807路、从808路
木潭村,木潭村,木潭村,BV11337689,,木潭村,113.788810,23.358008,增城79路
沐陂村,沐陂村,沐陂村,BV11458236,,沐陂村,113.392858,23.155166,496路、773路、774路、B4B路
沐陂村口,沐陂村口,沐陂村口,BV11458237,,沐陂村口,113.389231,23.155294,496路、773路、774路
沐陂村总站,沐陂村总,沐陂村总站,BV10014615,,沐陂村总站,113.392918,23.155172,夜101路
沐陂东路,沐陂东路,沐陂东路,BV10017498,,沐陂东路,113.395166,23.160409,夜101路、高峰快线32路
沐陂工业园,沐陂工业园,沐陂工业园,BV10022502,,沐陂工业园,113.397064,23.157458,夜101路、高峰快线32路
沐陂路,沐陂路,沐陂路,BV10022223,,沐陂路,113.396833,23.141410,496路、774路
沐陂南路口,沐陂南路口,沐陂南路口,BV10022224,,沐陂南路口,113.389622,23.151881,496路、774路
沐陂西,沐陂西,沐陂西,BV11458234,,沐陂西,113.382221,23.157990,28路、773路、夜132路
慕园村,慕园村,慕园村,BV10017636,,慕园村,113.432101,23.247012,346路、449路
穆院村,穆院村,穆院村,BV10899741,,穆院村,113.015054,23.128352,佛263路
纳帕溪谷,纳帕溪谷,纳帕溪谷,BV10939058,,纳帕溪谷,113.033685,23.499314,花39路短线
南安村,南安村,南安村站,BV11690299,,南安村,113.553203,23.120615,372路、571B路
南岸路,南岸路,南岸路,BV09006129,,南岸路,113.225493,23.136643,17路、256路、261路、274路、34路、413路、538路、71路、832路、839路、885路、夜2路
南岸路口,南岸路口,南岸路口,BV11371499,,南岸路口,113.225603,23.130744,413路
南奥实验学校,南奥实验学校,南奥实验学校,BV10014953,,南奥实验学校,113.319963,22.994190,303A路、地铁接驳10A线、番109B路、番109路、番125路、番30路、番52路、番86路
南北台站,南北台,南北台站,BV09187512,,南北台,113.593648,22.781310,南53路、南夜5路、南沙19路、南沙24路、南沙62路、南沙学1路
南边村,南边村,南边村,BV10431804,,南边村,113.180105,23.072383,670路、838路
南边路口,南边路口,南边路口,BV11669139,,南边路口,113.256073,23.085102,963路
南边路总站,南边路总,南边路总站,BV09372415,,南边路总站,113.262721,23.073776,230路、29路
南埔街,南埔街,南埔街,BV11627194,,,113.495572,23.337176,342路
南部快线桥底,南部快线桥底,南部快线桥底,BV10023331,,南部快线桥底,113.419861,22.915131,番28B路、番28B路快线、番28路
南部战区总医院,南部战区总医院,南部战区总医院站,BV11091382,,,113.251704,23.144188,251路、38路
南草堂,南草堂,南草堂,BV10674286,,南草堂,113.378907,23.012853,302A路、公交地铁接驳专线8路、番17路、番17路长线、番30路、番52路、番53路、番71路、番75路
南昌里,南昌里,南昌里,BV09313065,,南昌里,113.214376,23.442748,花23路、花63路、花63路短线
南昌社,南昌社,南昌社,BV09193889,,南昌社,113.196274,23.346128,472路
南城路北,南城路北,南城路北,BV09082668,,南城路北站（南）,113.356155,22.929702,番20B路
南村,南村#1,南村1,BV09316713,1,南村2,113.268289,23.100773,180路、186路、188路、190路、222路、253路、25路、29路、544路、59路、82路、夜16路、夜32路、夜33路、夜42路、大学城专线3路
南村,南村#1,南村,BV11688567,2,南村2,113.268321,23.100297,180路、192路、220路、222路、25路、299路、29路、44路、551路、59路、82路、夜16路、夜32路、夜33路、夜42路
南村,南村#2,南村站,BV09398775,,南村,113.387779,23.007205,公交地铁接驳专线9路、番10路、番186路、番51路、番52路、番72路、番75路
南村,南村#3,南村站,BV09277458,,南村（南沙）,113.386287,22.784329,南沙58路
南村,南村#4,南村,BV11688568,,南村（花山）,113.278471,23.473257,花17路联民村、花83B路
南村车站,南村车,南村车站,BV10019663,,南村车站,113.378881,23.009550,番59路
南村社区居委,南村社区居委,南村社区居委,BV11675124,,南村社区居委,113.380985,23.007626,番10路、番186路
南村尾,南村尾,南村尾,BV10018334,,,113.391396,22.778245,南47路
南村文化广场,南村文化广场,南村文化广场,BV11688150,,南村文化广场,113.374634,23.003023,公交地铁接驳专线9路、番10路、番186路
南村医院,南村医院,南村医院站,BV11689288,,南村医院,113.385679,23.010170,302A路、公交地铁接驳专线8路、公交地铁接驳专线9路、番10路、番17路、番17路长线、番186路、番30路、番52路、番53路、番71路、番72路、番75路
南村中学,南村中学,南村中学,BV10019920,,南村中学,113.383510,22.998722,番17路长线、番33路、番59路
南村综合市场,南村综合市场,南村综合市场站,BV11689284,,南村综合市场,113.382198,23.009721,302A路、公交地铁接驳专线8路、公交地铁接驳专线9路、番10路、番17路、番17路长线、番186路、番30路、番52路、番53路、番71路、番72路、番75路
南大干线(曾边村),南大干线(曾边村),南大干线(曾边村),BV11619470,,南大干线（曾边村）,113.405231,23.023736,番51路、番53路、番87路
南大干线(金轩二路口),南大干线(金轩二路口),南大干线(金轩二路口),BV11686084,,南大干线（金轩二路口）,113.489452,23.023967,番31路、番75路、番77路
南大干线(金轩一路),南大干线(金轩一路),南大干线(金轩一路),BV09380918,,南大干线（金轩一路）,113.484799,23.029405,番77路
南大干线(金轩一路口),南大干线(金轩一路口),南大干线(金轩一路口),BV11686082,,南大干线（金轩一路口）,113.485577,23.027159,番31路、番75路、番77路
南大干线(礼村),南大干线(礼村),南大干线(礼村),BV09191548,,南大干线（礼村）,113.309864,23.016740,番145路、番53路、番夜2路
南大干线(汽车小镇),南大干线(汽车小镇)#1,南大干线(汽车小镇),BV09391139,,南大干线（汽车小镇）站,113.495936,23.017455,番75路
南大干线(汽车小镇),南大干线(汽车小镇)#1,南大干线,BV11646397,,南大干线（汽车小镇）,113.495936,23.017455,番31路、番75路、番77路
南大干线(汽车小镇),南大干线(汽车小镇)#2,南大干线,BV09272791,,,113.334702,23.014446,番86路
南大干线(市新路口),南大干线(市新路口),南大干线(市新路口),BV11619316,,南大干线（市新路口）,113.401063,23.021189,番51路、番53路、番87路
南大干线(塘埗西),南大干线(塘埗西),南大干线(塘埗西),BV09189704,,南大干线（塘埗西）,113.334702,23.014446,302A路、公交地铁接驳专线8路、番17路、番17路长线、番30路、番53路、番56路
南大路口,南大路口,南大路口,BV11688093,,南大路口,113.334229,23.011916,129路、302路、303A路、303路、310路、51路、987路、夜102路、番145路、番146路、番163B路、番186路、番190路、番30路、番58路、番86路
南方报社,南方报社,南方报社,BV09005187,3,南方报社（杨箕东）③,113.309580,23.123782,130路、183路、189路、195路、204路、252路、263路、266路、301A路、305路、37路、51路、53路、562路、836路、882路快线、89路、B21路、B9路、夜23路、夜24路、夜28路、夜34路、夜43路、夜61路、夜88路、107路
南方报社,南方报社,南方报社2,BV09233664,2,南方报社（杨箕东）②,113.309999,23.124307,122路、183路、195路、263路、305路、37路、51路、夜24路、夜43路、夜88路
南方茶叶市场总站,南方茶叶市场总,南方茶叶市场总站,BV10019333,1,南方茶叶市场总站①,113.216032,23.105853,838路、91路
南方村,南方村,南方村,BV10019338,,南方村,113.293314,23.294509,510路、751路、840路、夜94路
南方村委,南方村委,南方村委,BV11447267,,南方村委,113.276345,23.294441,753路
南方大厦,南方大厦,南方大厦1,BV09169831,1,南方大厦1,113.247235,23.110198,217路、31路、552路、556路、夜113路、夜1路、夜26路、夜72路、夜7路、106路、102路
南方大厦,南方大厦,南方大厦站1,BV09192173,1,南方大厦1,113.247145,23.110164,209路、38路
南方大厦,南方大厦,南方大厦站,BV11688451,2,南方大厦2,113.249933,23.111166,128路、131A路、186路、1路、208路、57路、64路、夜31路、广281路、广夜67路、旅游公交2线
南方学院后门总站,南方学院后门总,南方学院后门总站,BV11417822,,南方学院后门总站,113.674005,23.629316,从20路
南方医科大学,南方医科大学,南方医科大学,BV10013965,,南方医科大学,113.331918,23.190712,201路、246路、502路、791路、804路、884路、京溪2线、241路
南方医科大学第七附属医院,南方医科大学第七附属医院,南方医科大学第七附属医院,BV11652172,,南方医科大学第七附属医院,113.145841,23.207830,佛244路、佛252路、里07路短线/佛里07路里广快线
南方医院,南方医院,南方医院2,BV09199575,2,南方医院2,113.322322,23.190280,136路、560路、804路、833路、夜24路、夜74路
南方医院,南方医院,南方医院1,BV09293281,1,南方医院①,113.322293,23.191045,126路、136路、179路、504路、792路环线、836路、83路、862路、882路快线、夜24路、夜74路、夜90路、夜47路、B6路快线、B6路
南方医院,南方医院,南方医院(停北行),BV09310986,,,113.322484,23.190594,792路环线
南方医院,南方医院,南方医院,BV11688389,1,南方医院①,113.322477,23.190771,804路、夜95路
南方医院(白云分院)总站,南方医院(白云分院)总,南方医院(白云分院)总站,BV09314894,,,113.267985,23.213981,794路
南方医院(白云院区)总站,南方医院(白云院区)总,南方医院(白云院区)总站,BV11675549,,,113.267112,23.214000,794路
南方医院江高院区,南方医院江高院区,南方医院江高院区站,BV11345927,,南方医院江高院区,113.222472,23.287813,474路、522路、722路、829路、夜87路、703路
南方医院增城分院,南方医院增城分院,南方医院增城分院,BV09356204,,南方医院增城分院,113.619932,23.159880,增城30路、增城31路、增城44路、增城45路、增城64路、新塘万达1路
南方医院增城院区站,南方医院增城院区,南方医院增城院区站,BV09399149,,,113.619932,23.159880,增城43路
南方医院总站,南方医院总,南方医院总站,BV10021222,,南方医院总站,113.322375,23.192086,夜95路
南丰汇总站,南丰汇总,南丰汇总站,BV11279057,,南丰汇（地铁新港东站）总站,113.350573,23.100326,467路、582路班车、旅游公交3线
南丰路,南丰路,南丰路,BV10252937,,,112.914183,23.233489,655A线、655B路、655路
南府路站,南府路,南府路站,BV11370954,,南府路,113.518716,22.802677,南53路、南沙12路、南沙W1A路、南沙W1B路
南岗,南岗,南岗,BV11687851,,南岗,113.536821,23.098835,214路、321路、340路、372路、388路、397路、397路短线快线、516路、566路、567路、569路、571B路、571路、572路、946路、B30路、B31路、夜134路、夜49路、夜57路、夜73路
南岗(总站),南岗(总站),南岗(总站),BV09074314,,南岗总站,113.533287,23.104699,夜134路
南岗沧头,南岗沧头,南岗沧头站,BV09108103,,南岗沧头,113.548505,23.117878,214路、372路、374路、571B路
南岗化工厂,南岗化工厂,南岗化工厂,BV10714253,,南岗化工厂,113.534208,23.095748,214路、340路、372路、388路、397路、436路、516路、566路、567路、569路、571B路、571路、572路、946路、B30路、B31路、夜134路、夜49路、夜73路
南岗码头,南岗码头,南岗码头,BV11634406,,南岗码头总站,113.548039,23.086565,436路
南岗万达广场站,南岗万达广场,南岗万达广场站,BV09297715,,南岗万达广场,113.544027,23.102520,454路环线、夜134路
南岗万达广场总站,南岗万达广场总,南岗万达广场总站,BV11662007,,南岗万达广场总站,113.546143,23.100806,579路、940路、B30路
南岗西路口,南岗西路口,南岗西路口,BV10018125,,南岗西路口,113.534467,23.093895,436路
南岗总站,南岗总,南岗总站,BV10017343,,南岗,113.537462,23.099146,321路、334路、340路、376路、388路、436路、439路、450路、946路
南关,南关,南关,BV10021628,,南关,113.265491,23.118533,10路、183路、194路、1路、544路、夜16路、夜1路、夜32路、夜8路
南桂桥,南桂桥,南桂桥,BV10251601,,南桂桥,113.129239,23.034109,桂23路
南国奥林匹克花园总站,南国奥林匹克花园总,南国奥林匹克花园总站,BV10388943,,南国奥林匹克花园总站,113.317256,22.991936,129路
南国奥园,南国奥园,南国奥园,BV10019637,,南国奥园,113.315809,22.991611,303A路、地铁接驳10A线、夜102路、番109B路、番109路、番125路、番52路
南国小商品城,南国小商品城,南国小商品城,BV10254833,,南国小商品城,113.145852,23.104070,佛200路、佛250路
南国幼儿园,南国幼儿园,南国幼儿园,BV11141184,,,113.261773,22.830500,307路/佛307路
南海大道海四路口,南海大道海四路口,南海大道海四路口,BV11692982,,南海大道海四路口,113.134307,23.055136,佛276路/佛276
南海第二人民医院,南海第二人民医院,南海第二人民医院,BV11004275,,南海第二人民医院,113.184887,23.042218,广275路、桂09路
南海第二人民医院北,南海第二人民医院北,南海第二人民医院北,BV10254528,,南海第二人民医院北,113.185611,23.043605,桂09路
南海公安局,南海公安局,南海公安局,BV10251700,,南海公安局,113.137391,23.034705,佛279路、桂23路
南海公交总站,南海公交总,南海公交总站,BV11092271,,南海公交总站,113.146813,23.041428,佛232路
南海管业城,南海管业城,南海管业城,BV11321048,,南海管业城,113.163680,23.171437,广231路
南海广场,南海广场,南海广场,BV11175928,,南海广场,113.134681,23.045917,佛232路、佛276路/佛276
南海技师学院站,南海技师学院,南海技师学院站,BV11466153,,,113.074225,23.198329,佛244B路
南海快线枢纽中心,南海快线枢纽中心,南海快线枢纽中心,BV11427465,,,113.149659,23.039169,K201路
南海路北,南海路北,南海路北,BV11573377,,南海路北,113.187065,23.114018,佛200路
南海旅游公交总站,南海旅游公交总,南海旅游公交总站,BV11643957,,,113.139761,23.054544,佛202路
南海区全科医院,南海区全科医院,南海区全科医院,BV09064963,,南海区全科医院（桂城医院）,113.124468,23.038334,佛276路/佛276
南海神庙,南海神庙,南海神庙,BV10014601,,南海神庙,113.491359,23.087140,B1短线快车、夜41路、夜73路
南海神庙,南海神庙,南海神庙,BV11386237,1,BRT南海神庙1,113.491167,23.087291,B1短线快车、B1路、B28路、B29路、B30路、B31路、夜41路、夜73路、广369路
南海双语实验学校,南海双语实验学校,南海双语实验学校,BV11540904,,,113.184885,23.177677,
南海体育馆,南海体育馆,南海体育馆,BV11175931,,南海体育馆,113.135949,23.050735,佛232路
南海外国语学校(三山校区),南海外国语学校(三山校区),南海外国语学校(三山校区),BV10798162,,,113.221890,23.009437,K201路
南海信息技术学校站,南海信息技术学校,南海信息技术学校站,BV10251717,,南海信息技术学校,112.997111,23.085815,佛250路
南海中学,南海中学,南海中学,BV10667541,,南海中学,112.992862,22.949318,佛251路
南汉二陵博物馆,南汉二陵博物馆,南汉二陵博物馆,BV11440426,,南汉二陵博物馆,113.377946,23.046608,86路、夜50路
南航碧路口,南航碧路口,南航碧路口,BV10457976,,南航碧路口,113.188874,23.482360,花86路、花89路
南航货运部,南航货运部,南航货运部,BV11421413,,南航货运部,113.303273,23.410483,空港1路
南航机务工程部,南航机务工程部,南航机务工程部,BV11271588,,南航机务工程部,113.304782,23.408844,空港1路
南航路口,南航路口,南航路口,BV10015475,,南航路口,113.179234,23.452281,715路、夜92路、花62路、花81路、花83路
南航信息楼,南航信息楼,南航信息楼,BV11622444,,南航信息楼,113.292408,23.371935,空港1路、空港2路
南航综合楼,南航综合楼,南航综合楼,BV11602139,,,113.291420,23.372920,空港2路公交短线
南横村站,南横村,南横村站,BV11393013,,南横村,113.596447,22.751700,九王庙临时接驳线内环、九王庙临时接驳线外环、南沙24路
南横市场站,南横市场,南横市场站,BV11410732,,,113.595922,22.754538,南沙18路
南湖半岛花园总站,南湖半岛花园总,南湖半岛花园总站,BV11199328,,,113.331314,23.219786,792路环线
南湖半山,南湖半山,南湖半山站,BV11688576,,南湖半山,113.332707,23.223396,504路、560路、792A路、792路环线、862路、882路快线、夜74路、B6路快线、B6路
南湖乐园,南湖乐园,南湖乐园,BV10019147,,南湖乐园,113.329030,23.219647,504路、560路、792A路、792路环线、862路、882路快线、夜74路、B6路快线、B6路
南湖一路,南湖一路,南湖一路,BV10251619,,南湖一路,113.046077,23.062382,佛277路
南湖总站,南湖总,南湖总站,BV10388655,,南湖（大河马水上世界）总站,113.318834,23.215530,136路
南华东路,南华东路,南华东路,BV10019504,,南华东路,113.267013,23.113647,968路、B21路
南华工贸高级技工学校,南华工贸高级技工学校,南华工贸高级技工学校站,BV09283807,,,113.484205,22.884761,南14路、南22路
南华工商学院,南华工商学院,南华工商学院,BV10013967,,南华工商学院,113.320606,23.170376,136路、140路、201路、246路、502路、785路、夜74路
南华广场,南华广场,南华广场,BV11120154,,南华广场,113.208958,23.386976,花16路、花23路、花75A路
南华路,南华路,南华路,BV10407069,,南华路,113.365220,22.927262,番12路旅游专线、番147路、番165路、番20B路、番29路、番5路、番5路长线
南华中,南华中,南华中,BV10021629,,南华中,113.260403,23.112773,10路、183路、194路、25路、768路、8路、989路、夜22路、夜6路
南潢路口,南潢路口,南潢路口,BV10262623,,,113.668979,23.097537,莞G7路
南箕路总站,南箕路总,南箕路总站,BV10021796,,南箕路总站,113.264126,23.072498,220路
南滘路口,南滘路口,南滘路口,BV10256252,,南滘路口,113.196141,23.131516,佛沥18路、广789路
南漖,南漖,南漖,BV09232376,,南漖,113.240280,23.053413,770路
南漖(立白科技园)总站,南漖(立白科技园)总,南漖(立白科技园)总站,BV09372077,,南漖（立白科技园）总站,113.241023,23.055083,52路
南漖村,南漖村,南漖村,BV11199329,,南漖村,113.239390,23.052965,64路
南街口,南街口,南街口,BV10023776,,南街口,113.101043,23.339869,花15路、花5路
南京路小区,南京路小区,南京路小区,BV10013902,,南京路小区,113.232671,23.148361,274路、广478路、广夜54路
南井村口,南井村口,南井村口,BV10394325,,,113.179713,23.089139,沥17B路、沥17B路区间
南坑口,南坑口,南坑口,BV11126374,,南坑口,113.903277,23.895064,从504路、从506路
南菱汽车城,南菱汽车城,南菱汽车城站,BV09313066,,南菱汽车城,113.209434,23.428775,花23路、花63路、花63路短线
南岭村委,南岭村委,南岭村委,BV10021416,,南岭村委,113.291131,23.273742,652路、986路
南岭村总站,南岭村总,南岭村总站,BV10021415,,南岭村总站,113.289310,23.273455,652路
南岭工业区八横路,南岭工业区八横路,南岭工业区八横路,BV10022758,,南岭工业区八横路,113.299434,23.269751,986路
南岭工业区南路,南岭工业区南路,南岭工业区南路,BV10022760,,南岭工业区南路,113.297107,23.270352,986路
南岭工业区南路东,南岭工业区南路东,南岭工业区南路东,BV10022759,,南岭工业区南路东,113.298233,23.270476,986路
南岭工业区四横路,南岭工业区四横路,南岭工业区四横路,BV10022761,,南岭工业区四横路,113.296752,23.271572,986路
南岭工业区五横路口,南岭工业区五横路口,南岭工业区五横路口,BV11560714,,南岭工业区五横路口,113.297206,23.265891,663路、986路、嘉禾望岗地铁站便民车3线
南岭工业区中路,南岭工业区中路,南岭工业区中路,BV10022762,,南岭工业区中路,113.295712,23.272264,986路
南岭桥头南街口,南岭桥头南街口,南岭桥头南街口,BV10021417,,南岭桥头南街口,113.293466,23.274090,652路、986路
南岭中路,南岭中路,南岭中路,BV10022763,,南岭中路,113.290919,23.273062,986路
南岭中路口,南岭中路口,南岭中路口,BV10022764,,南岭中路口,113.291072,23.271273,986路
南楼村路口,南楼村路口,南楼村路口,BV11224122,,,113.441977,23.661232,从901路
南门,南门,南门站,BV10015691,,南门,113.259207,23.426668,711路、夜129路、花16路、花17路联民村、花84路、花4路、704路
南派村,南派村,南派村,BV10019785,,南派村,113.487876,22.938192,番149路
南派花场,南派花场,南派花场,BV10019784,,南派花场,113.490886,22.934279,番149路
南平村委,南平村委,南平村委,BV11115198,,南平村委,113.714975,23.552685,从701路
南浦车站,南浦车,南浦车站,BV10023220,,南浦车站,113.274830,23.049065,番183路、番57路
南浦村,南浦村#1,南浦村,BV11690772,,南浦村,113.171854,23.347122,750路
南浦村,南浦村#2,南浦村,BV09344241,,南浦村（市莲路）,113.462706,22.963622,番111路、番126路、番131路、番132路旅游专线、番92路/番92路、番93路、番夜3路、番93路短线
南浦村总站,南浦村总,南浦村总站,BV10018849,,南浦村总站,113.170255,23.347073,829路
南浦大桥南(沿沙路),南浦大桥南(沿沙路),南浦大桥南(沿沙路),BV10023111,,南浦大桥南（沿沙路）,113.289690,23.040419,番13路、番17路、番17路长线、番183路、番25路、番57路
南浦大桥南(沿沙路),南浦大桥南(沿沙路),南浦大桥南,BV11297525,,南浦大桥南,113.290186,23.039580,211路、305路、311路、公交地铁接驳专线4路、公交地铁接驳专线5路、夜133路、番186路、番53路、番57路
南浦岛(锦绣半岛)总站,南浦岛(锦绣半岛)总,南浦岛(锦绣半岛)总站,BV09294914,,南浦岛（锦绣半岛）总站,113.253542,23.047146,310路、311路
南浦岛总站,南浦岛总,南浦岛总站,BV10020343,,南浦岛（锦绣半岛）总站,113.253377,23.046856,211路、310路、310路高峰短线、311路、夜133路、番57路
南浦海滨花园,南浦海滨花园,南浦海滨花园,BV11089350,,南浦海滨花园,113.285663,23.038806,305路、公交地铁接驳专线4路
南浦敏捷金月湾,南浦敏捷金月湾,南浦敏捷金月湾,BV10655135,,南浦敏捷金月湾,113.250822,23.039551,211路、310路、310路高峰短线、311路、夜133路
南浦三桥北,南浦三桥北,南浦三桥北,BV11688062,,南浦三桥北,113.288713,23.030474,310路、310路高峰短线
南浦三桥南,南浦三桥南,南浦三桥南,BV11064176,,南浦三桥南,113.296573,23.021447,310路、310路高峰短线、番145路、番181路、番182路、番185路、番夜2路
南浦综合市场,南浦综合市场,南浦综合市场,BV10023221,,南浦综合市场,113.271695,23.048237,番183路
南区公园(福德路),南区公园(福德路),南区公园(福德路),BV11688119,,南区公园（福德路）,113.353986,22.926085,番129路、番130路、番27路、番29路、番30路、番3路、番夜5路
南区公园(南城路),南区公园(南城路),南区公园(南城路),BV10023259,,南区公园（南城路）,113.355043,22.924675,番19路、番27路
南沙奥园站,南沙奥园,南沙奥园站,BV10024097,,南沙奥园,113.590534,22.750794,南夜6路、南沙24路、南沙4路、南沙54路、南沙W2路
南沙碧桂园站,南沙碧桂园,南沙碧桂园站,BV10015867,,南沙碧桂园,113.550117,22.801948,南1路B、南53路、南沙19路、南沙62路、南沙G4路、南沙学1路、番143路
南沙村站,南沙村,南沙村站,BV11419859,,,113.410146,22.793969,南42路
南沙第一中学站,南沙第一中学,南沙第一中学站,BV10975332,,,113.538791,22.789856,南沙31路A线、南沙31路B线
南沙儿童公园站,南沙儿童公园,南沙儿童公园站(南行),BV09374605,,南沙儿童公园,113.536777,22.821297,南沙31路支线
南沙儿童公园站,南沙儿童公园,南沙儿童公园站(北行),BV09374606,,南沙儿童公园,113.536832,22.821041,南沙31路支线
南沙儿童公园站,南沙儿童公园,南沙儿童公园站,BV10381617,,,113.536861,22.821049,南53路
南沙儿童公园总站,南沙儿童公园总,南沙儿童公园总站,BV09061484,,,113.536800,22.821357,南53路、南沙63路A线、南沙63路B线
南沙妇幼保健院站,南沙妇幼保健院,南沙妇幼保健院站,BV10901616,,南沙妇幼保健院,113.566811,22.747629,南28路、南沙13路
南沙港车站,南沙港车,南沙港车站,BV09187647,,,113.641858,22.665411,南21路、南27路
南沙港务大厦,南沙港务大厦,南沙港务大厦站,BV10980872,,,113.667953,22.647513,南21路、南27路
南沙华师附小站,南沙华师附小,南沙华师附小站,BV10818016,,南沙华师附小,113.599833,22.764699,九王庙临时接驳线内环、九王庙临时接驳线外环、南53路、南沙18路、南沙24路
南沙华师附幼站,南沙华师附幼,南沙华师附幼站,BV11393015,,南沙华师附幼,113.601554,22.766214,九王庙临时接驳线内环、九王庙临时接驳线外环、南53路、南沙18路
南沙疾控中心站,南沙疾控中心(启慧学校),南沙疾控中心(启慧学校)站,BV11477167,,南沙疾控中心（启慧学校）,113.494135,22.810701,南沙49路
南沙疾控中心站,南沙疾控中心(启慧学校),南沙疾控中心站,BV11520060,,南沙疾控中心（启慧学校）,113.492771,22.807881,南14路、南55路、南沙12路、南沙49路、南沙54路
南沙蕉门公交总站,南沙蕉门公交总,南沙蕉门公交总站,BV11419706,,,113.523087,22.803712,机场快线7号C线
南沙街道办事处站,南沙街道办事处,南沙街道办事处站,BV10015869,,南沙街道办事处,113.561447,22.800696,南1路B、南53路、南沙19路、南沙62路、南沙G4路、南沙学1路、番143路
南沙境界站,南沙境界,南沙境界站,BV10021043,,南沙境界,113.521615,22.815933,南53路、南沙38路、南沙49路、南沙54路
南沙科创中心站,南沙科创中心,南沙科创中心站,BV11393016,,,113.596214,22.745973,九王庙临时接驳线内环
南沙科技创新中心站,南沙科技创新中心,南沙科技创新中心站,BV10024034,,南沙科技创新中心,113.595154,22.750920,南沙4路、南沙54路、南沙W2路
南沙客运站,南沙客运,南沙客运站,BV10381311,,南沙客运站,113.590264,22.771138,九王庙临时接驳线内环、九王庙临时接驳线外环、南夜5路、南沙5路、南沙62路
南沙客运港站,南沙客运港,南沙客运港站,BV10015841,,南沙客运港,113.606539,22.771995,南沙19路、南沙24路、南沙5路、南沙学1路
南沙牌坊站,南沙牌坊,南沙牌坊站,BV10015889,,南沙牌坊,113.530532,22.803635,南27路、南34路、南61路、南沙18路、南沙31路A线、南沙31路B线、南沙33路、南沙49路、南沙4路、南沙54路、南沙G4路、南沙W1A路、南沙学1路、番141路、番143路、南沙32路
南沙区人民政府西门,南沙区人民政府西门,南沙区人民政府西门,BV09337250,,,113.517356,22.804188,南沙K1路支线
南沙湿地公园,南沙湿地公园,南沙湿地公园,BV09244064,,南沙湿地公园,113.633695,22.611700,南25路、南沙G1路、南沙旅游1路
南沙十里方圆,南沙十里方圆,南沙十里方圆站,BV11689813,,南沙十里方圆,113.499488,22.817659,南55路、南沙12路、南沙15路、南沙49路、南沙54路
南沙世贸中心大厦站,南沙世贸中心大厦,南沙世贸中心大厦站,BV10015840,,南沙世贸中心大厦,113.599472,22.774543,九王庙临时接驳线内环、九王庙临时接驳线外环、南夜5路、南沙19路、南沙5路、南沙学1路
南沙数聚大厦,南沙数聚大厦,南沙数聚大厦,BV09302199,,,113.510557,22.768891,南沙23路A线
南沙体育馆站,南沙体育馆,南沙体育馆站,BV10014706,,南沙体育馆,113.511400,22.783880,南55路、南沙32路
南沙图书馆站,南沙图书馆,南沙图书馆站,BV11438902,,南沙图书馆,113.528182,22.801187,南沙W1A路
南沙湾御苑,南沙湾御苑,南沙湾御苑站,BV09302422,,南沙湾御苑,113.583139,22.798215,南53路、南沙19路、南沙24路、南沙62路、南沙学1路
南沙湾总站,南沙湾总,南沙湾总站,BV11155029,,,113.608088,22.766934,南53路、南沙18路、南沙19路
南沙小学站,南沙小学,南沙小学站2,BV09099108,2,南沙小学,113.573149,22.755158,南28路、南沙24路
南沙小学站,南沙小学,南沙小学站,BV10018625,,,113.570766,22.755754,九王庙临时接驳线内环、九王庙临时接驳线外环、南1路B、南27路、南沙54路
南沙小学(西门)站,南沙小学(西门),南沙小学(西门)站,BV11616126,,,113.568170,22.757575,南沙62路
南沙小学西门,南沙小学西门,南沙小学西门站,BV11174463,,南沙小学西门,113.568491,22.757230,南沙62路短线、长途番禺宝安
南沙中心医院西门站,南沙中心医院西门,南沙中心医院西门站,BV11583739,,南沙中心医院西门站,113.526946,22.788948,南61路、南沙19路、南沙31路B线、南沙33路、南沙54路、南沙32路
南沙资讯科技园,南沙资讯科技园,南沙资讯科技园站,BV10024035,,南沙资讯科技园,113.603243,22.750901,南沙4路、南沙54路、南沙W2路
南山,南山,南山,BV11152945,,南山,113.791024,23.742680,从602路
南山丰景花园,南山丰景花园,南山丰景花园,BV09368448,,南山丰景花园,113.600565,23.197241,455路、增城21路、增城32路内环、增城32路外环、增城46路、增夜6路
南山公园,南山公园#1,南山公园,BV10014331,,南山公园,113.385483,23.011615,302A路、公交地铁接驳专线8路、番17路、番17路长线、番30路、番51路、番53路、番71路、番75路
南山公园,南山公园#2,南山公园,BV10322930,,南山公园,113.539699,23.091743,436路
南山经济社,南山经济社,南山经济社,BV10019390,,南山经济社,113.188091,23.471348,花23路、花86路、花88路、花88路短线
南山西路南,南山西路南,南山西路南,BV10388650,,南山西路南,113.545882,23.089178,436路
南社街,南社街,南社街,BV11437182,,,113.276247,23.068901,
南石路,南石路,南石路,BV11661262,,南石路（地铁棣园站）,113.256351,23.077002,31路
南石西(地铁棣园站)总站,南石西(地铁棣园站)总,南石西(地铁棣园站)总站,BV09364265,,南石西（地铁棣园站）总站,113.258205,23.074901,31路
南双玉村,南双玉村,南双玉村,BV11688132,,南双玉村,113.303193,22.940316,番108B路、番129路、番9路、番9路长线
南双玉村总站,南双玉村总,南双玉村总站,BV10019952,,南双玉村总站,113.301535,22.939941,番4B路、番9路
南双玉工业区,南双玉工业区,南双玉工业区,BV11607757,,南双玉工业区,113.299584,22.940842,番108B路、番129路、番9路长线
南水路,南水路,南水路,BV11623152,,,113.097492,23.260388,佛里07B路
南水路西,南水路西,南水路西,BV11676704,,南水路西,113.089976,23.259975,花24路
南顺二村站,南顺二村,南顺二村站,BV11419866,,,113.448042,22.768489,南42路
南顺二村尾站,南顺二村尾,南顺二村尾站,BV09273712,,,113.467732,22.769633,南42路
南顺二村尾总站,南顺二村尾总,南顺二村尾总站,BV10382294,,,113.467820,22.769683,南42路
南顺二村中路站,南顺二村中路,南顺二村中路站,BV11419868,,,113.458983,22.768219,南42路
南顺一村站,南顺一村,南顺一村站,BV11419863,,,113.436405,22.774584,南42路
南顺一村尾站,南顺一村尾,南顺一村尾站,BV09272792,,,113.440972,22.771884,南42路
南泰路,南泰路,南泰路,BV10021720,,南泰路,113.271418,23.085085,186路、192路
南泰路(南边路口),南泰路(南边路口),南泰路(南边路口),BV11661263,,南泰路（南边路口）,113.257966,23.080341,31路
南泰路(南石路口),南泰路(南石路口),南泰路(南石路口),BV11661261,,南泰路（南石路口）,113.255734,23.079456,31路
南泰路东,南泰路东,南泰路东,BV10022515,,南泰路东,113.279945,23.088673,780路、967路
南泰路口,南泰路口,南泰路口,BV10019559,,,113.274997,23.087309,992路
南泰路西,南泰路西,南泰路西,BV10021619,,南泰路西,113.265381,23.084098,10路
南塘经济社,南塘经济社,南塘经济社,BV09022795,,南塘经济社,113.179801,23.468785,花23路
南天商业城,南天商业城,南天商业城,BV10852006,,南天商业城,113.292469,23.059093,88路、997路、夜128路、964路
南田路,南田路,南田路,BV11688509,,南田路,113.256072,23.100582,121A路、188路、236路、243路、285路、夜45路、夜69路、114路、113路
南田西,南田西,南田西2,BV09222640,2,南田西2,113.251990,23.098761,188路、236路、夜69路、114路
南田西,南田西,南田西,BV10715984,1,南田西1,113.252207,23.098553,121A路、188路、226路、236路、243路、夜45路、夜69路、113路
南亭村总站,南亭村总,南亭村总站,BV11630089,,,113.381351,23.037135,384路/384路旅游专线
南庭路,南庭路,南庭路,BV09243543,,南庭路,113.369336,22.925375,番9路、番9路长线
南头,南头,南头,BV10619439,,,112.902021,23.335387,655A线、655B路、655路
南湾,南湾,南湾,BV10014603,,南湾,113.505698,23.084988,夜41路、夜73路、穗东街便民车01线
南湾,南湾,南湾,BV11386229,1,BRT南湾1,113.504510,23.085347,B1路、B28路、B29路、B30路、B31路
南湾水乡总站,南湾水乡总,南湾水乡总站,BV11622857,,,113.505458,23.085017,372路
南湾总站,南湾总,南湾总站,BV11472711,,南湾总站,113.505698,23.084988,372路、571路
南贤路口,南贤路口,南贤路口,BV11360945,,南贤路口,113.208192,23.253363,509路
南香山,南香山,南香山,BV09246416,,南香山,113.629734,23.194233,增城40路
南翔二路,南翔二路,南翔二路站,BV10885214,,南翔二路,113.437871,23.157370,344路、448路
南翔二路东,南翔二路东,南翔二路东站,BV10885189,,南翔二路东,113.448943,23.156424,344路、390路、944路
南翔二路中,南翔二路中,南翔二路中,BV09355569,,南翔二路中,113.443239,23.157237,344路、390路、944路
南翔三路站,南翔三路,南翔三路站,BV10885195,,南翔三路,113.442951,23.151093,344路
南翔一路东,南翔一路东,南翔一路东站,BV09355564,,南翔一路东,113.456180,23.158754,944路
南翔一路中,南翔一路中,南翔一路中站,BV11467018,,南翔一路中,113.452385,23.159357,944路
南星村,南星村,南星村,BV10252536,,南星村,113.022902,23.049804,佛277路
南星汤屋社,南星汤屋社,南星汤屋社1,BV11359303,1,南星汤屋社①,113.669642,23.580685,从13路、从701路、从化13路
南星汤屋社,南星汤屋社,南星汤屋社2,BV11359304,2,南星汤屋社①,113.673222,23.580270,从13路、从化13路
南壆村,南壆村,南壆村,BV11119342,,,113.746322,23.208455,增城34路、增城34路快线
南燕路,南燕路,南燕路,BV10018265,,南燕路,113.300681,23.072391,466路、960路
南阳庄,南阳庄,南阳庄,BV10018767,,南阳庄,113.254711,23.391880,711路、花1路、704路
南洋理工职业学院,南洋理工职业学院,南洋理工职业学院,BV11353226,,南洋理工职业学院,113.612455,23.584820,从11路、从12路、从14路、从19路、从4路、从4路快线
南洋学校,南洋学校,南洋学校,BV11632965,,,113.535681,23.493185,从904路
南洋庄,南洋庄,南洋庄,BV11199996,,,113.254759,23.391654,夜129路
南一市场站,南一市场,南一市场站,BV10887809,,,113.434299,22.776264,南42路
南医大五附院,南医大五附院,南医大五附院站,BV11623857,,南医大五附院（从化中学）,113.566313,23.550847,从10路、从1路东线、从1路西线、从7路、从903路
南英站,南英,南英站,BV10561567,,,113.487361,22.858279,南沙70路
南英检测,南英检测,南英检测站,BV09371839,,南英检测站,113.487263,22.858382,南14路、南55路、南沙38路、番141路
南涌村委站,南涌村委,南涌村委站,BV10024050,,,113.457209,22.881060,南34路、南36路、南50路、南57路
南涌口村,南涌口村,南涌口村站,BV11206063,,南涌口村,113.486661,22.815958,南14路、南61路、南夜1路、南沙15路、南沙61路短线、南沙夜1路
南涌口路站,南涌口路,南涌口路站,BV11206069,,南涌口路,113.493468,22.814586,南沙15路
南油,南油,南油,BV10252553,,南油,112.989976,23.113911,佛263路
南园花园大街,南园花园大街,南园花园大街,BV10018127,,南园花园大街,113.541696,23.091365,436路
南源街,南源街,南源街,BV11371498,,南源街,113.228994,23.132084,413路
南约,南约,南约站,BV09205390,,南约,113.143870,23.035325,佛279路、桂23路
南悦花苑,南悦花苑,南悦花苑,BV11154136,,南悦花苑,113.254860,23.215034,730路、759路环线、886路、夜105路、夜114路、108路
南悦花苑总站,南悦花苑总,南悦花苑总站,BV10828444,,南悦花苑总站,113.254117,23.215147,730路、759路环线、886路、夜105路、夜114路、108路
南粤技工学校,南粤技工学校,南粤技工学校,BV11334504,,南粤技工学校,113.537567,23.486180,从904路
南云东街,南云东街,南云东街,BV10019064,,南云东街,113.255798,23.178536,662路、757路、980路环线、夜75路、980路
南云二路北,南云二路北,南云二路北,BV10021937,,南云二路北,113.439179,23.154308,320路
南云二路南,南云二路南,南云二路南,BV10388901,,南云二路南（海格产业园）,113.442394,23.147345,320路
南云二路中,南云二路中,南云二路中,BV10021936,,南云二路中,113.440591,23.152173,320路
南云三路口,南云三路口,南云三路口,BV10381758,,南云三路口,113.441007,23.155375,448路、944路
南云三路南,南云三路南,南云三路南,BV10885193,,南云三路南,113.443457,23.146816,344路、390路、448路、944路
南云三路中,南云三路中,南云三路中,BV11497596,,南云三路中,113.441512,23.152135,448路、944路
南云四路,南云四路,南云四路,BV10885182,,南云四路,113.449965,23.152931,344路、390路
南云四路(南翔三路口),南云四路(南翔三路口),南云四路(南翔三路口),BV10885190,,南云四路（南翔三路口）,113.447781,23.150513,344路、390路
南云五路,南云五路,南云五路站,BV10885177,,南云五路,113.447438,23.145139,344路、490路、320路
南云五路东站,南云五路东,南云五路东站,BV10885178,,南云五路东,113.450811,23.148065,344路、490路、320路
南云一路中,南云一路中,南云一路中,BV10021938,,南云一路中,113.437127,23.156202,320路
南站小学,南站小学,南站小学,BV11451733,,南站小学,113.269980,22.998704,番101短线
南镇牌坊,南镇牌坊,南镇牌坊,BV10253654,,南镇牌坊,113.069822,22.875646,佛K330路/K330路快线
南周,南周,南周,BV11488077,,南周,113.217825,23.246172,834路、977路
南洲北,南洲北,南洲北,BV10018264,,南洲北（好又多）,113.297816,23.071429,466路、960路
南洲北路,南洲北路,南洲北路,BV10014357,,南洲北路,113.297098,23.073404,239路、546路、779路、780路、836路、960路、991路、夜33路
南洲北路总站,南洲北路总,南洲北路总站,BV10019120,2,南洲北路总站②,113.290209,23.073960,239路、247路、779路、广276路
南洲村,南洲村,南洲村,BV10263114,,,113.556391,23.076916,莞616路、莞619路
南洲工业区,南洲工业区,南洲工业区,BV10263116,,,113.552476,23.075834,莞616路、莞619路
南洲花园,南洲花园,南洲花园,BV10014358,,南洲花园,113.300187,23.073180,239路、247路、779路、780路、836路、960路、夜33路
南洲花园总站,南洲花园总,南洲花园总站1号分站,BV09415725,,,113.300638,23.072595,546路
南洲花园总站,南洲花园总,南洲花园总站,BV10019474,1,南洲花园总站①,113.300638,23.072595,546路、780路
南洲路,南洲路,南洲路,BV10791667,,南洲路（盛景家园）,113.319692,23.063144,180路、195路、35路、468路、86路、960路、夜34路、夜55路
南洲路口,南洲路口,南洲路口,BV09025579,,南洲路口,113.291984,23.070698,129路、273路、287路、35路、462路、5路、70路、75路、766路环线、82路、836路、960路、991路、夜102路、夜24路、夜44路、夜4路
南洲路中,南洲路中,南洲路中,BV09358354,,南洲路中,113.319394,23.060508,468路、86路、960路
南洲路总站(小洲南路口),南洲路总站(小洲南路口),南洲路总站(小洲南路口),BV09243517,,南洲路（盛景家园）,113.348648,23.049135,180路、195路、夜34路
南洲路总站(小洲南路口),南洲路总站(小洲南路口),南洲路(小洲南路口)总站,BV09244066,,南洲路（小洲南路口）总站,113.348749,23.049284,夜34路
南洲名苑,南洲名苑,南洲名苑,BV10016102,1,南洲名苑（瑞宝花园）①,113.288777,23.067926,180路、221路、230路、288路、303路、309路、546路、551路、59路、75路、997路、9路、夜128路、夜24路、夜30路、夜55路、964路
南洲名苑北,南洲名苑北,南洲名苑北,BV10013747,,南洲名苑北,113.292198,23.068912,129路、35路、5路、70路、82路、836路、夜102路、夜24路、夜4路
南珠路,南珠路,南珠路,BV11476747,,南珠路,113.364266,22.930357,番20B路、番9路、番9路长线
南庄,南庄,南庄,BV11332854,,,113.506194,23.446389,从802路
南庄大道东,南庄大道东,南庄大道东,BV11484489,,南庄大道东,113.052666,22.985731,佛251路
南庄大道公交临时站,南庄大道公交临时,南庄大道公交临时站,BV10614490,,南庄大道公交临时站,113.045271,22.985994,佛251路
南庄大道罗格路口,南庄大道罗格路口,南庄大道罗格路口,BV09083717,,南庄大道罗格路口,113.022669,22.985626,佛251路
南庄大道一环路口,南庄大道一环路口,南庄大道一环路口,BV10251529,,南庄大道一环路口,113.013040,22.982731,佛251路
南庄大道中,南庄大道中,南庄大道中,BV10450580,,南庄大道中,113.025918,22.986124,佛251路
南庄道班站,南庄道班,南庄道班站,BV10251528,,南庄道班,113.022093,22.985540,佛251路
南庄枢纽站,南庄枢纽,南庄枢纽站,BV10471176,,南庄枢纽站,113.005398,22.958657,佛251路
南庄文化中心站,南庄文化中心,南庄文化中心站,BV11462181,,南庄文化中心,113.002291,22.985206,佛251路
南庄医院站,南庄医院,南庄医院站,BV11688711,,南庄医院,113.004354,22.981115,佛251路
南庄镇政府站,南庄镇政府,南庄镇政府站,BV10251517,,南庄镇政府,113.009103,22.983544,佛251路
南庄中学,南庄中学,南庄中学,BV10251515,,南庄中学,113.030583,22.985524,佛251路
内环东路,内环东路,内环东路,BV10022005,,内环东路,113.394428,23.053179,383路
内环西路,内环西路,内环西路,BV11597697,,内环西路,113.382856,23.052494,361路、383路、大学城专线4路
嫩北村,嫩北村,嫩北村,BV09006385,,嫩北村,113.052890,23.097250,佛200路
能源路,能源路,能源路,BV10022024,,能源路,113.340400,23.166876,400路
坭紫市场,坭紫市场,坭紫市场,BV10016842,,坭紫市场,113.635124,23.117190,增城38路
年丰村,年丰村,年丰村站,BV10015934,,,113.533322,22.682007,南30路、南沙9路团结围线、南沙9路缸瓦沙线
宁埔大道(陈家林路口),宁埔大道(陈家林路口),宁埔大道(陈家林路口),BV09385628,,宁埔大道（陈家林路口）,113.553905,23.149419,516路
宁埔大道(创学路口),宁埔大道(创学路口),宁埔大道(创学路口),BV09385638,,宁埔大道（创学路口）,113.560041,23.152364,516路
宁埔大道北,宁埔大道北,宁埔大道北,BV09243505,,宁埔大道北,113.569946,23.161773,516路、增城28路、增城43路
宁埔大道西,宁埔大道西,宁埔大道西,BV09385636,,宁埔大道西（明珞公司）,113.546140,23.147216,516路
宁西政务中心,宁西政务中心,宁西政务中心,BV11544743,,宁西政务中心,113.652493,23.224429,增城36路
柠檬长廊,柠檬长廊,柠檬长廊,BV11284894,,柠檬长廊,113.479697,23.317983,726路、827路
牛步迳,牛步迳,牛步迳,BV10022863,,牛步迳,113.639423,23.624624,从11路、从12路、从19路、从20路、从4路、从701路、从4路快线
牛轭洞,牛轭洞,牛轭洞,BV11152939,,牛轭洞,113.684630,23.738799,从603路
牛古潭,牛古潭,牛古潭,BV11597984,,牛古潭,113.534794,23.403226,从809路
牛牯潭牌坊,牛牯潭牌坊,牛牯潭牌坊,BV09068162,,牛牯潭牌坊,113.398189,23.275418,973路、帽峰山旅游专线1线
牛角村,牛角村,牛角村站,BV10020149,,牛角村,113.338390,22.868796,南41路、南沙68路
牛角桥北,牛角桥北,牛角桥北站,BV11687850,,牛角桥北,113.339303,22.872837,南41路、南沙68路
牛利岗南街,牛利岗南街,牛利岗南街,BV10019131,,牛利岗南街,113.318597,23.170099,785路
牛路,牛路,牛路,BV11152757,,牛路,113.722885,23.740557,从604路
牛眠,牛眠,牛眠,BV10808754,,牛眠,113.726864,23.718400,从11路、从12路、从605路、从606路、从607路、从608路
牛心岭总站,牛心岭总,牛心岭总站,BV11352970,,牛心岭,113.457898,23.457327,从806路
牛仔城,牛仔城,牛仔城,BV10464418,,牛仔城,113.627579,23.123669,莞75路、莞G7路
牛仔谷,牛仔谷,牛仔谷,BV10975769,,牛仔谷,113.640204,23.122989,增城26路
纽恩泰,纽恩泰,纽恩泰,BV11449180,,纽恩泰,113.626515,23.189962,增城21路、增城46路
农产品生产基地,农产品生产基地,农产品生产基地,BV11352968,,农产品生产基地,113.414711,23.601581,从406路
农工商,农工商,农工商,BV11366574,,农工商,113.606864,23.284502,增城35A路、增城35路、增夜4路
农机站,农机,农机站,BV10405845,,农机,113.508112,22.930478,番148路
农机汽车城,农机汽车城,农机汽车城,BV10017316,,农机汽车城,113.188753,23.384729,花31路
农讲所,农讲所,农讲所2,BV09185490,2,农讲所②,113.269289,23.129254,125路、211路、243路、27路、864路、93路、夜1路、夜27路、夜40路、夜4路、夜9路、108路、102路、107路
农讲所,农讲所,农讲所1,BV09201207,1,农讲所①,113.270338,23.129331,1路、211路、215路、243路、76路、864路、93路、夜1路、夜21路、夜27路、夜40路、夜4路、108路、102路、107路
农讲所,农讲所,农讲所,BV11688432,2,农讲所②,113.269465,23.129190,76A路
农讲所总站,农讲所总,农讲所总站,BV09187507,,农讲所总站,113.269825,23.129818,76A路
农科院,农科院,农科院,BV11689859,,农科院,113.346009,23.147286,210路、214路、266路、363路、405路、503路、508路、776路、813路、B18路、B18路快线、B19路、大学城专线2路
农科院兽医研究所,农科院兽医研究所,农科院兽医研究所,BV10017910,,农科院兽医研究所,113.354967,23.150338,266路、405路
农垦总局,农垦总局,农垦总局,BV11519165,,农垦总局,113.328117,23.155692,503路、54路、89路、B11路、夜10路
农林东,农林东,农林东2,BV09172267,2,农林东②,113.292557,23.127404,183路、1路、222路、243路、299路、502路、541路、548路、B8路、夜10路、夜15路、夜1路、夜27路、夜39路、夜40路、夜9路
农林东,农林东,农林东,BV11688478,1,农林东,113.293846,23.127440,129路、183路、192路、222路、225路、243路、247路、285路、285路无轨电车短线、299路、37路、40路、44路、502路、541路、548路、551路、59路、63路、811路、813路、B5路、B8路、夜15路、夜27路、夜39路、夜40路、夜93路、106路、107路
农林下路,农林下路,农林下路,BV11688431,2,农林下路（广药附属一院）②,113.291005,23.129983,16路、192路、221路、223路、225路、247路、285路、285路无轨电车短线、287路、542路、63路、夜15路、夜36路
农校南门,农校南门,农校南门,BV10023247,,,113.361332,22.924612,番130路、番19路、番29路、番30路
农校职中,农校职中,农校职中站,BV11688142,,农校职中,113.362550,22.926520,番129路、番12路旅游专线、番147路、番165路、番20B路、番29路、番30路、番5路、番5路长线、番9路、番9路长线
讴村,讴村,讴村,BV10742887,,讴村,113.038610,23.303530,花5B路
欧边,欧边,欧边,BV11454189,,,112.905094,23.321369,655A线、655B路、655路
欧岗村,欧岗村,欧岗村,BV10014291,,欧岗村（省交通运输技师学院）,113.380889,23.203878,497路、84A路、夜71路
欧洲工业园路口,欧洲工业园路口,欧洲工业园路口站,BV11164943,,,113.360930,22.818606,312路
琶洲,琶洲,琶洲,BV11688440,1,琶洲,113.362007,23.101105,229路、239路、262路、304路、461路、461路班车、582路、B7路快线、夜101路、夜20路、夜66路、夜70路、大学城专线3路、582路班车、旅游公交3线、550路
琶洲保利总站,琶洲保利总,琶洲保利总站,BV11114822,,琶洲保利总站,113.359714,23.098043,550路
琶洲村,琶洲村,琶洲村站,BV09244075,,琶洲村,113.373458,23.100608,137路、229路、262路、28路、303A路、495路、564路、762路、774路、夜100路、夜66路、旅游观光1线、旅游公交3线
琶洲大道东,琶洲大道东,琶洲大道东,BV10021679,,琶洲大道东（保利广场·香格里拉酒店）,113.366712,23.103427,137路、762路、B7路
琶洲大桥北,琶洲大桥北,琶洲大桥北,BV11688358,,琶洲大桥北,113.368996,23.118849,137路、239路、243路、304路、582路、764路、B11路、B25路、B7路、B7路快线、夜101路、夜132路、夜20路、夜40路、夜48路、大学城专线1路、大学城专线2路、大学城专线4路、582路班车、550路
琶洲大桥北总站,琶洲大桥北总,琶洲大桥北总站,BV10580172,,琶洲大桥北,113.368804,23.117876,夜40路
琶洲大桥底,琶洲大桥底,琶洲大桥底,BV10022497,,琶洲大桥底,113.367359,23.113240,771路、夜132路
琶洲大桥南,琶洲大桥南,琶洲大桥南2,BV09345099,2,琶洲大桥南,113.365048,23.100698,461路、461路班车、大学城专线3路
琶洲大桥南,琶洲大桥南,琶洲大桥南,BV10013858,1,琶洲大桥南,113.363821,23.101015,137路、229路、239路、262路、304路、582路、762路、B7路、夜101路、夜20路、夜66路、夜70路、582路班车、旅游公交3线、550路
琶洲石基村总站,琶洲石基村总,琶洲石基村总站,BV10018620,,琶洲石基村（黄埔古港）总站,113.384129,23.091226,229路、旅游公交3线
琶洲塔,琶洲塔,琶洲塔,BV09112241,,琶洲塔,113.372404,23.100434,137路、229路、262路、28路、495路、564路、762路、774路、夜100路、旅游观光1线、旅游公交3线
琶洲塔公交总站,琶洲塔公交总,琶洲塔公交总站,BV11609610,,琶洲塔公交总站,113.371144,23.098020,28路、303A路、495路
琶洲塔公园,琶洲塔公园,琶洲塔公园,BV10965117,,琶洲塔公园,113.368498,23.105564,137路、旅游观光1线
派潭村,派潭村,派潭村,BV10016256,,派潭村,113.786635,23.486437,增城42路、增城83路
派潭敬老院,派潭敬老院,派潭敬老院,BV11357221,,派潭敬老院,113.773384,23.492242,增城16路、增城60路、增城61路、增城62路
派潭客运站,派潭客运,派潭客运站,BV11463517,,派潭客运站,113.775123,23.487604,增城15路、增城15路快线、增城41路、增城42路、增城59路、增城60路、增城61路、增城62路、增城83路、旅游专线1路
派潭派出所,派潭派出所,派潭派出所,BV11268942,,派潭派出所,113.774816,23.495386,增城16路、增城60路、增城61路、增城62路
派潭市场,派潭市场,派潭市场,BV11463518,,派潭市场,113.774876,23.488736,增城15路、增城15路快线、增城16路、增城41路、增城59路、增城60路、增城61路、增城62路、增城83路、旅游专线1路
派潭养护站,派潭养护,派潭养护站,BV11468573,,,113.776981,23.486933,增城42路
派潭医院,派潭医院,派潭医院,BV11119669,,,113.773816,23.493349,增城61路、增城62路
潘屋,潘屋#1,潘屋,BV10018173,,潘屋,113.547141,23.277666,443路
潘屋,潘屋#2,潘屋,BV11159078,,潘屋,113.963950,23.764362,从503路
潘屋社(临时站),潘屋社(临时站),潘屋社(临时站),BV09285361,,,113.798378,23.473360,增城42路
盘福路,盘福路,盘福路1,BV09227578,1,盘福路①,113.254892,23.138270,209路、265路、528路、56路、74路、7路、旅游公交1线、109路、105路
盘福路,盘福路,盘福路,BV11091396,2,盘福路,113.254892,23.138270,180路、186路、256路、273路、284路、293路、31路、555路、556路、58路、5路、夜12路、夜22路、夜26路、夜8路、旅游公交1线
盘古北路,盘古北路,盘古北路,BV11688981,,盘古北路,113.149553,23.477341,花25路、花81路、花93路
盘古王公园总站,盘古王公园总,盘古王公园总站,BV10464432,,盘古王公园总站,113.149307,23.483379,花25路
盘古中路,盘古中路,盘古中路,BV11688983,,盘古中路,113.150310,23.467229,花23路、花25路、花62路、花89路
磻溪村委,磻溪村委,磻溪村委,BV11116056,,磻溪村委站,113.638143,23.697528,从607路
蟠龙路口站,蟠龙路口站,蟠龙路口站,BV11119864,,,113.430693,22.676750,
泮塘,泮塘,泮塘,BV10022283,,泮塘,113.230896,23.125021,207路、25路、2路、55路、66路、74路、885路、8路、夜121路、夜6路
泮塘总站,泮塘总,泮塘总站,BV10021910,,泮塘总站,113.234046,23.122864,268路、2路、66路、夜121路
泮霞村,泮霞村,泮霞村,BV11632611,,泮霞村,113.628083,23.365850,增城51路
跑马地花园,跑马地花园,跑马地花园,BV11624668,,跑马地花园,113.344029,23.126385,499路、545路、669路
培贤路口,培贤路口,培贤路口站,BV10019799,,培贤路口,113.455654,22.888228,37路/南37路、南36路、南48路、南52路、南沙38路、番140路、番141路
培新中学,培新中学,培新中学,BV10014221,,培新中学,113.219501,23.381490,花10路、花37路、花75路、花76路、花84路
培正大道路口,培正大道路口,培正大道路口,BV11428995,,,113.081566,23.388962,713路、花2B路、花2路、花88路
培正路,培正路,培正路,BV11321547,,培正路,113.291875,23.122267,811路、813路
培智学校,培智学校,培智学校,BV10020052,,,113.413492,22.975366,番59路、番79路
彭边村东,彭边村东,彭边村东2,BV09278981,2,,113.281463,23.228376,665路、804路
彭边村东,彭边村东,彭边村东,BV10019310,,,113.276713,23.230714,665路、804路、831路
彭边村西,彭边村西,彭边村西,BV10014467,,彭边村西,113.274094,23.230999,665路、804路、831路、926路
彭场村,彭场村,彭场村,BV10655509,,彭场村,113.871574,23.393194,增城17路、增城63路
彭城东路,彭城东路,彭城东路,BV10703320,,彭城东路,113.234530,23.145092,广478路、广夜54路
彭上村口,彭上村口,彭上村口,BV11658745,,,113.278775,23.233411,鹤龙4线
彭上德兴路,彭上德兴路,彭上德兴路,BV09200000,,彭上德兴路,113.279477,23.231045,798路、926路
彭上幼儿园,彭上幼儿园,彭上幼儿园,BV11647776,,,113.276471,23.232710,鹤龙4线
彭上综合市场,彭上综合市场,彭上综合市场,BV11647777,,,113.277323,23.233438,鹤龙4线
彭西祠堂,彭西祠堂,彭西祠堂,BV11658739,,,113.271756,23.233410,鹤龙4线
彭西幼儿园,彭西幼儿园,彭西幼儿园,BV11647778,,,113.273435,23.232420,鹤龙4线
蓬涌,蓬涌,蓬涌站,BV10254418,,蓬涌,113.187555,23.033019,佛232路、广275路、广275路出场短线、桂23路
皮革城,皮革城,皮革城,BV11306482,,皮革城,113.165912,23.458266,715路、夜92路、花25路、花62路、花83路、花88路、花88路短线、花89路、花都113路
皮具文化园站,皮具文化园,皮具文化园站,BV11168433,,皮具文化园,113.160763,23.467245,花62路
陂下(光辉村),陂下(光辉村),陂下(光辉村),BV09236191,,,113.563021,23.616438,从6路支线
陂下(光辉村),陂下(光辉村),陂下,BV11624284,,陂下,113.563033,23.616293,从6路
飘峰,飘峰,飘峰,BV10021894,,飘峰（御峰国际）,113.300820,23.004242,288路、301A路、301路、番13路、番25路、番91路、番96路
平安,平安,平安,BV10252559,,平安,113.151901,23.112611,佛236路、佛244B路、佛251路、佛263路、佛263路短线、佛278路、沥12B路
平安路,平安路,平安路,BV11448850,,平安路,113.407424,23.390812,726路、727路、732路
平北,平北,平北站,BV09205393,,平北（桂城儿童公园）,113.201465,23.041256,桂09路、桂23路
平北村委,平北村委,平北村委,BV10254715,,平北村委,113.198547,23.041608,桂23路
平地,平地,平地,BV10741029,,,112.917997,23.442274,655B路、花81路
平东村委,平东村委,平东村委,BV11102606,,,113.203045,23.026053,商务专线4路
平东大道玉器街站,平东大道玉器街,平东大道玉器街站,BV09101696,,平东大道玉器街站,113.202546,23.023992,K201路、佛211路
平东社,平东社,平东社,BV10023918,,,113.184586,23.477481,花89路
平岗村委,平岗村委,平岗村委,BV11115223,,平岗村委,113.678294,23.610198,从14路、从19路、从19路密石班车
平乐路,平乐路,平乐路,BV11488686,,,113.558036,23.001586,莞616路
平岭头村,平岭头村,平岭头村,BV11412279,,平岭头村,113.081801,23.364209,花15路
平南村委,平南村委,平南村委,BV10986686,,平南村委,113.195838,23.024602,K201路、佛211路
平南市场,平南市场,平南市场,BV10830166,,平南市场,113.193312,23.027193,K201路、佛232路、广275路、广275路出场短线
平南顺利市场,平南顺利市场,平南顺利市场,BV10254723,,,113.215959,23.015442,K201路
平沙,平沙,平沙1,BV09226062,1,平沙①,113.250028,23.250606,21路、522路、523路快线、706路、807路、840路、夜94路
平沙,平沙,平沙,BV11688453,1,平沙①,113.250028,23.250606,522路、523路快线、706路、706路早间短线、756路、807路、夜80路、夜87路、夜94路
平沙公园,平沙公园,平沙公园,BV10022323,,平沙公园,113.254627,23.252266,21路、978路、夜63路
平沙路口,平沙路口,平沙路口站,BV09000463,,平沙路口,113.246660,23.251088,523路、58A路、756路、夜80路、夜87路
平沙南街,平沙南街,平沙南街,BV10021791,,平沙南街,113.254114,23.250106,21路、978路、夜63路
平沙总站,平沙总,平沙总站,BV10022326,,平沙（农贸市场）总站,113.253503,23.247999,978路、夜63路
平山路口,平山路口,平山路口,BV11488538,,平山路口,113.532578,23.414969,从805路
平坦,平坦,平坦,BV11399882,,平坦,113.450042,23.689066,从407路
平稳村站,平稳村,平稳村站,BV10014926,,平稳村,113.396736,22.821334,40路/南40路、南45路、南59路、南沙40路短线、南沙65路、南沙67路
平西村,平西村,平西村,BV11431444,,平西村,113.245327,23.429279,花85路、花8路
平西村安置区,平西村安置区,平西村安置区,BV09019749,,平西村安置区,113.250610,23.429202,花85路
平西路口,平西路口,平西路口,BV09308660,,平西路口,113.186069,23.036192,佛232路、广275路、广275路出场短线、桂23路
平一路口站,平一路口,平一路口站,BV11119871,,,113.486459,22.683815,K981路
平云路北,平云路北,平云路北,BV11329918,,平云路北,113.346204,23.126191,245路、499路、高峰快线42路
平云路中,平云路中,平云路中,BV11603347,,平云路中,113.346386,23.123760,245路、499路、540路
平洲宾馆,平洲宾馆,平洲宾馆站,BV10798990,,,113.203306,23.032247,佛232路、商务专线4路、广275路、广275路出场短线
平洲立交,平洲立交,平洲立交站,BV11112348,,平洲立交,113.207989,23.039535,佛232路、广275路、广275路出场短线
平洲玉器街,平洲玉器街,平洲玉器街,BV10254406,,平洲玉器街,113.198880,23.029453,佛211路、佛232路、商务专线4路、广275路、广275路出场短线
平洲玉器街总站,平洲玉器街总,平洲玉器街总站,BV11102605,,,113.204763,23.021633,商务专线4路
平洲中队,平洲中队,平洲中队,BV10254713,,平洲中队,113.188825,23.038502,桂23路
平洲中心小学,平洲中心小学,平洲中心小学,BV11648037,,平洲中心小学,113.196820,23.022665,K201路、佛211路
平洲总站,平洲总,平洲总站,BV11279899,,平洲（富丰君御）总站,113.181794,23.037651,广275路、广275路出场短线
坪地,坪地,坪地2,BV11489895,2,坪地①,113.857087,23.891178,从601路
坪地,坪地,坪地1,BV11559829,1,坪地①,113.852323,23.890008,从601路
坪东村,坪东村,坪东村,BV11371879,,坪东村,113.273889,23.437677,711路、花16路、花84路、花85路
坪山,坪山,坪山站,BV11691185,,坪山,113.262960,23.434214,711路、夜129路、花16路、花17路联民村、花83路、花84路、花85路、花4路、704路
屏二牌坊,屏二牌坊,屏二牌坊,BV11131899,,屏二牌坊,113.283206,22.959037,番101路、番125路、番129路、番97路
屏山牌坊,屏山牌坊,屏山牌坊,BV11164921,,屏山牌坊,113.290321,22.964263,佛K330路/K330路快线、番101路、番125路、番129路、番97路
屏一村公园,屏一村公园,屏一村公园,BV11267376,,屏一村公园,113.282556,22.967141,番109路
屏一村口,屏一村口,屏一村口,BV10322949,,屏一村口,113.291417,22.966696,番101路、番109路
屏一村篮球场,屏一村篮球场,屏一村篮球场,BV11267375,,屏一村篮球场,113.278827,22.963215,番109路
屏一村委,屏一村委,屏一村委,BV11265348,,屏一村委,113.285393,22.967713,番101路、番109路
屏一村新合苑,屏一村新合苑,屏一村新合苑,BV11303331,,屏一村新合苑总站,113.274145,22.962710,番109路
屏一桥,屏一桥,屏一桥,BV10014966,,屏一桥,113.287014,22.967514,番101路、番109路
鄱阳路,鄱阳路,鄱阳路,BV10251759,,鄱阳路（敬修堂）,113.185037,23.119002,佛沥18路、广132路、广277路、广281路、广夜58路、广夜67路
鄱阳路敬修堂,鄱阳路敬修堂,鄱阳路敬修堂,BV11150266,,,113.185012,23.119087,
珀丽酒店,珀丽酒店,珀丽酒店,BV10901918,,,113.270822,23.093183,空港快线3线
蒲鱼庄,蒲鱼庄,蒲鱼庄,BV10019339,,蒲鱼庄,113.294429,23.313641,510路、840路、夜123路、夜94路
蒲州大道北站,蒲州大道北站,蒲州大道北站,BV09081615,,,113.588315,22.775205,
浦华路西,浦华路西,浦华路西,BV11609818,,浦华路西,113.262799,23.035076,211路、310路、310路高峰短线、311路、769路/769路快线、夜133路
七彩澳游,七彩澳游,七彩澳游,BV11374255,,七彩澳游,113.690241,23.323667,增城49路、增城50路
七队站,七队,七队站,BV10015922,,,113.473107,22.828974,南51路
七境村,七境村,七境村,BV11119670,,七境村,113.825166,23.534481,增城60路、增城62路
七十七站,七十七,七十七站,BV10019823,,,113.446109,22.903763,南52路
七星北路路口,七星北路路口,七星北路路口,BV10631944,,七星北路路口,113.352843,23.481752,花85路
七星岗,七星岗#1,七星岗,BV10021829,,七星岗,113.271786,23.249909,251路
七星岗,七星岗#2,七星岗,BV11352951,,七星岗,113.495186,23.476302,从806路
七星岗工业路,七星岗工业路,七星岗工业路,BV11682596,,七星岗工业路,113.274276,23.255658,796路
七星岗工业路南,七星岗工业路南,七星岗工业路南,BV11682595,,七星岗工业路南,113.274127,23.251367,796路
七星岗公园,七星岗公园,七星岗公园,BV10019962,,七星岗公园,113.391797,22.997903,公交地铁接驳专线8路、番51路、番72路、番75路
七星岗路,七星岗路,七星岗路,BV10021827,,七星岗路,113.276191,23.248313,251路、796路
七星岗路东,七星岗路东,七星岗路东,BV10783716,,七星岗路东,113.277328,23.247153,251路、796路
七星岗路口,七星岗路口,七星岗路口站,BV11098346,,七星岗路口,113.280314,23.246940,509路、510路、528路、739路、753路、756路、804路、926路、夜84路
七星岗总站,七星岗总,七星岗总站,BV10019657,,七星岗,113.265933,23.241214,251路
七星六队,七星六队,七星六队,BV10631943,,七星六队,113.368793,23.474279,花85路
七星路口,七星路口#1,七星路口,BV11625937,,七星路口（花东）,113.330153,23.435608,708路、夜106路、花16路、花84路、花85路
七星路口,七星路口#2,七星路口,BV11625936,2,七星路口,113.591698,23.543459,从11路、从12路、从13路、从14路、从19路、从1路东线、从3路、从8路、从化13路
七星七队,七星七队,七星七队,BV10446694,,七星七队,113.375102,23.465636,花85路
七星市场,七星市场,七星市场,BV11415297,,七星市场,113.595997,23.540992,从8路
七星体育公园,七星体育公园,七星体育公园,BV11115221,,七星体育公园,113.598398,23.539628,从8路
七星小学,七星小学,七星小学,BV10446699,,七星小学,113.351936,23.477769,花85路
七星庄,七星庄,七星庄,BV11655609,,七星庄,113.508359,23.361093,457路、650路、夜126路、夜131路
七涌站,七涌,七涌站,BV10017249,,,113.548994,22.697116,南25路
齐富路,齐富路,齐富路,BV10022091,,齐富路,113.259219,23.197360,759路环线、夜114路
齐富路东,齐富路东,齐富路东,BV10021063,,齐富路东,113.268909,23.196473,199路、421路、555路、651路、759路环线、夜114路
齐富路中,齐富路中,齐富路中,BV10021755,,齐富路中,113.264720,23.196658,199路、420路、555路、759路环线、夜114路
齐富路总站,齐富路总,齐富路总站,BV10021754,,齐富路总站,113.266168,23.201951,199路
岐东市场,岐东市场,岐东市场,BV10256128,,,113.190977,23.118526,佛沥18路
岐山村,岐山村#1,岐山村,BV10322921,,岐山村,113.437769,23.136066,432路
岐山村,岐山村#2,岐山村,BV10013828,,岐山村,113.146695,23.364960,花19路
岐山村口,岐山村口,岐山村口,BV11614568,,岐山村口站,113.166727,23.370884,花37路
岐山村市场,岐山村市场,岐山村市场,BV11614567,,岐山村市场,113.156212,23.365263,花37路
岐山环村南街,岐山环村南街,岐山环村南街,BV11567283,,岐山环村南街,113.154225,23.363522,花37路
岐山路口,岐山路口,岐山路口,BV11175638,,岐山路口,113.432812,23.125427,364路、432路、465路
岐田村委,岐田村委,岐田村委,BV11352965,,岐田村委,113.420212,23.578173,从406路
岐田十字路口,岐田十字路口,岐田十字路口,BV11352945,,岐田十字路口,113.419149,23.582494,从406路
岐头村,岐头村,岐头村站,BV11691291,,岐头村（荔园新天地）,113.341596,22.922178,K314路、番67路旅游专线、番68路
岐洲路口,岐洲路口,岐洲路口,BV10256256,,,113.167493,23.124149,佛沥18路
其岭,其岭,其岭,BV09292566,,,113.494770,23.662004,从901路
奇才新村,奇才新村,奇才新村,BV10019377,,奇才新村,113.187405,23.480366,花86路
奇槎路口,奇槎路口,奇槎路口,BV09032433,,奇槎路口,113.135541,23.085929,佛250路
祈丰路站,祈丰路(金洲地铁),祈丰路(金洲地铁)站,BV11156027,,祈丰路（金洲地铁站）,113.534374,22.793812,南沙20路、南沙4路
祈丰路站,祈丰路(金洲地铁),祈丰路站,BV11206071,,祈丰路（金洲地铁站）,113.534191,22.793531,南34路、南沙12路、南沙19路、南沙38路、南沙4路、南沙8路
祈福工业区,祈福工业区,祈福工业区,BV10432254,,,113.281029,23.502616,花17路A、花17路联民村
祈福生活无限,祈福生活无限,祈福生活无限,BV10432251,,祈福生活无限,113.232166,23.389122,花70路、花76路、701路
祈福水城,祈福水城,祈福水城,BV10023342,,祈福水城,113.346898,22.913398,番108B路、番12路旅游专线、番130路、番147路、番29路、番6路、番108路
祈福新邨,祈福新邨,祈福新邨,BV11373973,,,113.326106,22.973934,机场快线7B线
祈福新邨总站,祈福新邨总,祈福新邨总站,BV11018620,,祈福新邨总站,113.330878,22.973052,288路、312路、番1路
祈福新村总站,祈福新村总,祈福新村总站,BV11413199,,,113.330889,22.973880,288路
祈福医院,祈福医院,祈福医院,BV10019634,,祈福医院,113.318778,22.972776,288路、312路、番100路、番15路
祈乐苑,祈乐苑,祈乐苑,BV10018256,,祈乐苑,113.283400,23.099295,211路、460路、夜12路
棋杆慈济医院路口,棋杆慈济医院路口,棋杆慈济医院路口,BV09342745,,棋杆慈济医院路口,113.501806,23.581450,从402路
棋杆市场,棋杆市场,棋杆市场,BV10621034,,棋杆市场,113.496352,23.582903,从10路、从9路
棋杆墟,棋杆墟,棋杆墟,BV10621026,,棋杆墟,113.501074,23.581016,从10路、从9路、从化922路
棋杆中学,棋杆中学,棋杆中学,BV09339489,,棋杆中学,113.500912,23.583991,从402路
旗峰路南,旗峰路南,旗峰路南,BV10262217,,,113.769867,23.010421,莞86路
旗峰小学,旗峰小学,旗峰小学,BV10252208,,旗峰小学,113.144873,23.167281,佛244路、广231路、沥12路
旗冚村,旗冚村,旗冚村,BV09185058,,旗冚村,113.543421,23.265793,345路
旗岭,旗岭#1,旗岭,BV11346067,,,113.494648,23.662026,从18路、从902路
旗岭,旗岭#2,旗岭,BV09377933,,旗岭,113.217168,23.468143,花23路、花63路、花63路短线、花83路、花86路、花88路、花88路短线
旗岭华严寺总站,旗岭华严寺总,旗岭华严寺总站,BV10527848,,,113.218099,23.464515,花88路
旗岭市场,旗岭市场,旗岭市场,BV11346056,,旗岭市场,113.216376,23.471023,花23路、花25B路、花83B路、花83路、花86路、花88路、花88路短线
旗岭市场东,旗岭市场东,旗岭市场东,BV11494159,,,113.219639,23.469925,花83B路
旗岭医院,旗岭医院,旗岭医院,BV10019405,,旗岭医院,113.219638,23.469985,花63路、花63路短线、花83B路
旗美村,旗美村,旗美村,BV11271092,,旗美村,113.215182,23.481164,花25B路
旗新村,旗新村,旗新村,BV10462375,,旗新村,113.209490,23.475590,花23路、花25B路、花86路、花88路、花88路短线
麒麟新城站,麒麟新城,麒麟新城站,BV10015926,,麒麟新城,113.495995,22.813296,南55路、南沙12路、南沙49路、南沙54路、南沙G3路、南沙K5路
麒麟新城三期总站,麒麟新城三期总,麒麟新城三期总站,BV11298836,,麒麟新城三期,113.489228,22.818736,南沙15路
麒麟中学站,麒麟中学,麒麟中学站,BV10019210,,麒麟中学,113.493232,22.816611,南沙15路
麒龙西路站,麒龙西路,麒龙西路站,BV11159276,,麒龙西路,113.499643,22.830515,南沙33路、番141路
企岗村,企岗村,企岗村,BV10252427,,,113.088621,23.165266,佛244B路
启德路,启德路,启德路,BV11658239,,启德路,113.288499,23.229241,743路
启学路,启学路,启学路,BV11102405,,启学路,113.514654,23.180996,337路、339路、367路、571A路、948路、夜49路
启学路(玉岩路路口),启学路(玉岩路路口),启学路(玉岩路路口),BV10014029,,启学路（玉岩路路口）,113.519457,23.181998,367路、506路、571A路、夜104路、夜49路
启学路(玉岩路路口),启学路(玉岩路路口),启学路站(玉岩路路口),BV11102415,,启学路（玉岩路路口）,113.519457,23.181998,571A路
启源大道西,启源大道西,启源大道西,BV10555308,,启源大道西,113.280058,23.451275,花32路
启源大道中,启源大道中,启源大道中,BV10555311,,启源大道中,113.279995,23.444483,花32路
起义路,起义路,起义路,BV10018654,,起义路,113.258968,23.124975,14路、253路、29路、519路、64路、6路、夜107路、夜22路、夜5路、夜8路、104路
起义路口,起义路口,起义路口2,BV09376640,2,起义路口,113.258553,23.120840,64路、101路、104路、106路
起义路口,起义路口,起义路口,BV10016248,1,起义路口1,113.257962,23.120798,3路、519路、夜107路
起云路总站,起云路总站,起云路总站,BV11127228,,,113.424082,23.171488,
啟明工业区,啟明工业区,啟明工业区,BV10256026,,啟明工业区,113.192446,23.192109,广657路、广夜91路
气象局,气象局,气象局,BV11688144,,气象局,113.317294,22.939675,番108B路、番129路、番16路、番4B路、番9路、番9路长线
气象局番禺站,气象局番禺,气象局番禺站,BV09256520,,,113.317104,22.939682,番108B路
汽车博览中心,汽车博览中心,汽车博览中心,BV11620508,,汽车博览中心,113.545744,23.063030,广369路、莞86路
汽车城,汽车城,汽车城,BV10023839,,,113.123412,23.357136,花22路、花24路
汽车城地铁站(鸡谷山路),汽车城地铁站(鸡谷山路),汽车城地铁站,BV10016577,,汽车城地铁站,113.501777,22.838601,南14路、南夜1路、南沙15路、南沙33路、南沙70路、南沙8路、南沙夜1路、番141路
汽车城地铁站(鸡谷山路),汽车城地铁站(鸡谷山路),汽车城地铁站(鸡谷山路),BV11639443,,,113.502591,22.839195,南夜1路
汽车城地铁站(市南大道),汽车城地铁站(市南大道),汽车城地铁站(市南大道),BV11639442,,,113.504591,22.838619,南夜1路
汽车城管委会,汽车城管委会,汽车城管委会,BV09409767,,汽车城管委会,113.139244,23.363495,花19路、花24路、花2B路、花2C路
汽车城消防中队,汽车城消防中队,汽车城消防中队,BV10492524,,汽车城消防中队,113.132596,23.365879,花19路
汽车东站,汽车东,汽车东站,BV10471293,,,113.809836,23.026345,莞G7路
汽车东站西,汽车东站西,汽车东站西,BV10263756,,,113.806749,23.026377,莞G7路
汽车小镇总站,汽车小镇总,汽车小镇总站,BV09238942,,汽车小镇总站,113.497651,23.017156,番131路、番31路、番77路、番77路高峰快线
汽东城管委会,汽东城管委会,汽东城管委会,BV09271077,,,113.139244,23.363495,花2B路
千灯湖地铁站,千灯湖地铁,千灯湖地铁站,BV10329387,,千灯湖地铁站,113.148810,23.057630,佛202路、佛211路、佛279路
千灯湖公交总站,千灯湖公交总,千灯湖公交总站,BV10500652,,千灯湖公交总站,113.139296,23.055066,佛232路
千鹤街路口,千鹤街路口,千鹤街路口,BV11137252,,千鹤街路口,113.820766,23.225583,增城5路
千鹤街中,千鹤街中,千鹤街中站,BV11368662,,千鹤街中,113.816492,23.227440,增城5路
千鹤街总站,千鹤街总,千鹤街总站,BV11259174,,千鹤街总站（豪园）,113.810856,23.229851,增城5路
千泷沟站,千泷沟,千泷沟站,BV11491295,,千泷沟,113.856724,23.711532,从602路
前峰路,前峰路,前峰路,BV09278675,,,113.437654,22.943778,番83路
前锋村,前锋村,前锋村,BV10019789,,,113.437725,22.941127,番夜1路
前锋村委,前锋村委,前锋村委,BV10020082,,前锋村委,113.442875,22.928729,番28B路、番81路
前锋工业区,前锋工业区,前锋工业区,BV10020083,,前锋工业区,113.441758,22.932038,番28B路、番81路
前锋南路,前锋南路,前锋南路,BV10901507,,前锋南路,113.444251,22.923704,番28B路、番81路
前锋总站,前锋总,前锋总站,BV10020080,,前锋总站,113.445283,22.919706,番28B路、番28B路快线、番81路
前光总站,前光总,前光总站,BV11151774,,前光,113.952753,23.916676,从506路
前进北街,前进北街,前进北街,BV10017890,,,113.243459,23.164463,商务专线3路
前进大街口,前进大街口,前进大街口,BV11430820,,,113.244188,23.162569,480路
前进路,前进路,前进路,BV10021655,,前进路,113.272606,23.103367,129路、14路、192路、44路、5路、823路、88路、93路、夜102路、夜30路、夜8路、广276路
钱岗东向,钱岗东向,钱岗东向,BV11595176,,钱岗东向,113.543713,23.434952,从804路
钱岗古村,钱岗古村,钱岗古村,BV10977097,,钱岗古村,113.536425,23.433608,从804路
堑口,堑口,堑口2,BV09179585,2,堑口②,113.256248,23.110607,10路、16路、183路、194路、243路、244A路、244路、250路、25路、273路、527路、527路机电班车、B21路、B8路、夜120路、夜22路、夜36路、夜55路、夜89路、113路
堑口,堑口,堑口,BV10885474,2,堑口②,113.257133,23.111196,191路、968路
堑口码头(一劳大旧址),堑口码头(一劳大旧址),堑口码头(一劳大旧址),BV09321841,,堑口码头（一劳大旧址）,113.256116,23.111715,121A路、121路、989路
堑口码头(一劳大旧址),堑口码头(一劳大旧址),堑口码头,BV11332161,,堑口码头（一劳大旧址）,113.256116,23.111715,121A路、131A路、131B路
羌洞站,羌洞,羌洞站,BV11379593,,羌洞,113.492710,23.215319,327路、328路、330A路、330路、345A路、396A路环线、396路、446路、夜60路、333路
侨诚花园总站,侨诚花园总,侨诚花园总站,BV10019079,,侨诚花园总站,113.285383,23.072297,462路、75路、761路
侨港路口,侨港路口,侨港路口,BV10381740,,,113.283755,23.072673,786路
侨宏花园,侨宏花园,侨宏花园,BV11503825,,侨宏花园,113.636501,23.639601,从4路、从702路、从4路快线
侨乐新村,侨乐新村,侨乐新村,BV10016560,,侨乐新村,113.318378,23.166385,136路、140路、201路、246路、502路、785路、夜74路
侨威,侨威,侨威,BV10020806,,侨威,113.841960,23.278452,增城47路、增城4路
桥东,桥东,桥东(停北行),BV09050221,,,113.237343,23.197909,426路环线、730路、259路
桥东,桥东,桥东(停南行),BV09312164,,,113.237004,23.195830,426路环线、730路
桥东,桥东,桥东,BV10017093,,桥东,113.237004,23.195830,527路、539路、63路、7路、840路、夜22路、夜77路、夜80路、夜94路、259路
桥东小区,桥东小区,桥东小区,BV11688504,1,桥东小区1,113.211747,23.110525,193路、19路、206路、207路、236路、309路、312路、34路、411路、52路、55路、57路、75路、783路、839路、990路、夜11路、夜127路、夜29路、夜44路、夜69路、广277路、广281路、广969路、广夜67路
桥东小区总站,桥东小区总,桥东小区总站,BV10022284,,桥东小区总站,113.209088,23.114002,55路
桥东小学,桥东小学,桥东小学,BV10015080,,桥东小学,113.361110,22.938917,番2路、番4B路、番97路
桥福园(东环路),桥福园(东环路),桥福园(东环路),BV11557665,,桥福园（东环路）,113.378415,22.951435,番21B路
桥福园(富华东路),桥福园(富华东路),桥福园(富华东路),BV10023202,,桥福园（富华东路）,113.377636,22.948700,番16路、番22B路、番23路
桥虹花园,桥虹花园,桥虹花园,BV10023205,,桥虹花园,113.388196,22.952280,番16路、番19路、番23路、番28路、番52路
桥栏,桥栏,桥栏,BV10775403,,桥栏,113.674556,23.652841,从11路、从12路
桥联正街,桥联正街,桥联正街,BV10023386,,桥联正街,113.448046,22.978654,番62路
桥山村,桥山村,桥山村,BV10015119,,桥山村,113.418997,22.985410,番72路
桥山工业区,桥山工业区,桥山工业区,BV11692470,,桥山工业区,113.413329,22.975247,番59路
桥头村,桥头村,桥头村,BV10014845,,桥头村,113.827252,23.338895,增城15路、增城15路快线、增城16路、增城6路、增城79路
桥头村委,桥头村委,桥头村委,BV11544380,,桥头村委,113.819692,23.335826,增城79路
桥头小学路口,桥头小学路口,桥头小学路口,BV11352966,,桥头小学路口,113.420216,23.614646,从406路
桥西,桥西,桥西,BV11159425,,,112.440647,23.061382,广州-肇庆
桥兴中学,桥兴中学,桥兴中学,BV10442993,,桥兴中学,113.367756,22.927377,番20B路、番9路、番9路长线
桥中,桥中,桥中,BV09003001,2,桥中站2,113.213076,23.126026,124路、193路、19路、233路、34路、416路、52路、61路、783路、839路、佛279路、夜11路、夜127路、夜27路、夜44路、广123路、广132路、广260路、广286路、广夜58路
桥中,桥中,桥中站1,BV09376898,1,桥中②,113.212276,23.127719,124路、193路、207路、233路、34路、52路、783路、832路、佛279路、夜11路、夜27路、广123路、广132路、广260路、广286路、广夜58路
桥中,桥中,桥中1,BV11163379,1,桥中1,113.212179,23.127883,416路、839路、夜127路
桥中北路,桥中北路,桥中北路,BV10021075,,桥中北路,113.213964,23.137466,416路
桥中南路,桥中南路,桥中南路,BV11418208,,桥中南路,113.217825,23.122489,416路
桥中中路,桥中中路,桥中中路,BV10014797,,桥中中路,113.213575,23.133175,25路、261路、416路、555路、783路、夜99路、广205路
桥中中路南,桥中中路南,桥中中路南(北行),BV09377439,,桥中中路南,113.213384,23.129101,沥20路、广205路
桥中中路南,桥中中路南,桥中中路南,BV10021185,,桥中中路南,113.213139,23.129745,25路、261路、416路、555路、783路、夜95路、夜99路、沥20路、广205路
桥中总站,桥中总,桥中总站,BV11225789,,桥中总站,113.212276,23.127719,19路、夜44路
亲爱里站,亲爱里,亲爱里站,BV11432431,,亲爱里,113.623063,23.341665,增城11A路、增城11路
勤发市场,勤发市场,勤发市场,BV10538191,,勤发市场,113.779384,23.181177,增城34路
勤天小区,勤天小区,勤天小区,BV09252825,,,113.560141,23.280722,新龙镇02线上午、新龙镇02线下午
青迳村,青迳村,青迳村,BV11119633,,青迳村,113.711822,23.434014,增城73路
青萝路口,青萝路口,青萝路口,BV09345563,,青萝路口,113.336277,22.915528,番29路
青年路东,青年路东,青年路东,BV10022126,,青年路东,113.526998,23.067538,440路、453路环线
青年路西,青年路西,青年路西,BV10022159,,,113.521738,23.067853,453路环线
青年路中,青年路中,青年路中站,BV09400276,,青年路中,113.524217,23.068220,440路、453路环线
青年农场,青年农场,青年农场,BV10378294,,青年农场,113.481220,23.406164,650路、826路
青少宫,青少宫,青少宫,BV09154563,,,113.213686,23.417061,花105路
青云城内路口,青云城内路口,青云城内路口,BV11290414,,青云城内路口,113.580261,23.550256,从3路、从3路夜班、从9路
青云公园,青云公园,青云公园,BV10017869,,青云公园,113.579700,23.547190,从18路、从6路、从6路支线、从901路、从902路、从9路
轻工路口,轻工路口,轻工路口,BV10252569,,轻工路口,113.096326,23.035545,佛236路、佛251路
轻工职业学校,轻工职业学校,轻工职业学校,BV09323255,,轻工职业学校（东行）,113.681415,23.295650,增城2路、增城71路
轻工职业学院,轻工职业学院,轻工职业学院,BV09324112,,,113.680242,23.292449,科教城1路
轻工中专站,轻工中专,轻工中专站,BV11519175,,轻工中专,113.340137,23.168569,400路、B11路
清布站,清布,清布站,BV11364425,,清布,113.260894,23.372871,707路、704路、701路
清布安置区,清布安置区,清布安置区站,BV11346377,,清布安置区,113.255101,23.376904,花11路、704路
清布街,清布街,清布街,BV11542195,,清布街,113.252105,23.379649,花11路
清布卫生站,清布卫生,清布卫生站,BV11559665,,清布卫生站,113.254710,23.381480,花11路、704路
清布墟,清布墟,清布墟,BV10956571,,清布墟,113.258011,23.383067,711路、夜129路、花11路、花1路、704路
清布中学,清布中学,清布中学,BV11346374,,清布中学,113.241764,23.385181,715路、花22路、花30路
清河市场,清河市场,清河市场站,BV10019793,,清河市场,113.390565,22.938240,301路、南沙54路、番148路、番160路、番1路、番28B路、番29路、番6路、番93路、番97路、番99路、番微公交3路、番93路短线
清河市场,清河市场,清河市场分站,BV11258727,,清河市场,113.392459,22.938867,番148路、番93路短线
清河中路,清河中路,清河中路,BV09316435,,清河中路,113.364725,22.937177,番12路旅游专线、番13路、番165路、番1路、番5路、番5路长线、番97路、番9路、番9路长线
清湖村口,清湖村口,清湖村口2,BV09165291,2,清湖村口②,113.265372,23.258575,21路、739路、756路、796路、807路、837路、840路、夜84路、夜94路
清湖村口,清湖村口,清湖村口1,BV09226087,1,清湖村口②,113.264616,23.258351,509路、756路、807路、夜94路
清湖村口,清湖村口,清湖村口,BV11690766,2,清湖村口②,113.267067,23.258902,
清湖村委,清湖村委,清湖村委,BV10640230,,清湖村委,113.265508,23.261045,21路、739路、夜84路
清湖村总站(苏元庄),清湖村总站(苏元庄),清湖村总站(苏元庄),BV10657808,,清湖村（苏元庄）总站,113.277754,23.267508,739路、夜84路
清湖村总站(苏元庄),清湖村总站(苏元庄),清湖村总站,BV11294482,,清湖村（苏元庄）总站,113.277761,23.267607,739路
清湖马田街,清湖马田街,清湖马田街,BV10821044,,清湖马田街,113.267885,23.263527,21路、739路、夜84路
清湖牌坊,清湖牌坊,清湖牌坊,BV10021235,,清湖牌坊,113.265932,23.259229,739路、夜84路
清晖园,清晖园,清晖园,BV10252997,,,113.250534,22.838775,314路、佛314路
清流村,清流村,清流村,BV10019779,,清流村总站,113.489942,22.908012,番149路
清塘地铁站,清塘地铁,清塘地铁站,BV11450391,,清塘地铁站,113.255910,23.372586,花70路、花都111路、704路
清音楼,清音楼,清音楼,BV10022872,,清音楼,113.637955,23.640456,从4路、从702路、从4路快线
晴海岸站,晴海岸,晴海岸站,BV10405416,,晴海岸,113.583842,22.750835,南夜6路、南沙24路、南沙4路、南沙54路、南沙W2路
庆槎路,庆槎路,庆槎路,BV10388518,,庆槎路（锦东服装城）,113.216064,23.208357,476路
庆槎路北,庆槎路北,庆槎路北,BV10018033,,庆槎路北,113.209228,23.216346,425路
庆东村,庆东村,庆东村,BV10488788,,庆东村,113.827972,23.362945,增城15路、增城16路、增城6路
庆丰,庆丰,庆丰,BV11687970,,庆丰,113.224554,23.214773,254路、519路、705路、742路、757路、831路、834路、841路、夜107路、夜117路
庆丰财智广场,庆丰财智广场,庆丰财智广场,BV11465201,,庆丰财智广场,113.221678,23.213904,126路、夜90路
庆丰村,庆丰村,庆丰村,BV10020858,,庆丰村,113.806230,23.299139,增城11路、增城12路、增城48路、增城80路
庆丰二路口,庆丰二路口,庆丰二路口,BV10018035,,庆丰二路口,113.212049,23.213472,425路
庆丰纺织一路,庆丰纺织一路,庆丰纺织一路,BV10019318,,庆丰纺织一路,113.219401,23.208938,556路、563路、834路、夜26路
庆丰广场,庆丰广场,庆丰广场,BV10016347,,庆丰广场,113.222114,23.215843,126路、425路、757路、夜90路
庆丰一路,庆丰一路,庆丰一路,BV11006278,,庆丰一路,113.216870,23.212576,425路
庆丰一路口,庆丰一路口,庆丰一路口,BV10018036,,庆丰一路口,113.214830,23.210478,425路
庆隆路口,庆隆路口,庆隆路口,BV10013889,,庆隆路口,113.210007,23.212949,425路、476路
庆隆路中,庆隆路中,庆隆路中,BV10018032,,庆隆路中,113.208967,23.208521,425路、476路
庆沙路口站,庆沙路口,庆沙路口站,BV09070815,,庆沙路口,113.478879,22.868273,南沙38路、番141路
庆盛村,庆盛村,庆盛村站,BV09371836,,庆盛村,113.482951,22.863177,南14路、南55路、南沙33路、南沙38路、南沙70路、番141路
庆盛枢纽公交总站,庆盛枢纽公交总,庆盛枢纽公交总站,BV09410322,,,113.486501,22.870394,南22路、南48路、南57路
丘屋,丘屋,丘屋,BV11488295,,丘屋,113.974183,23.771779,从503路
邱屋龙溪谷田园世界,邱屋龙溪谷田园世界,邱屋龙溪谷田园世界,BV11329489,,邱屋龙溪谷田园世界,113.651741,23.698673,从607路
秋风路口,秋风路口,秋风路口,BV10555856,,秋风路口,113.530662,23.384194,351路
秋枫村委,秋枫村委,秋枫村委,BV11597981,,秋枫村委总站,113.545031,23.390374,从809路
秋鹿路,秋鹿路,秋鹿路,BV11215769,,秋鹿路,113.213522,23.273628,472路、474路、509路、523路、654路、843路、977路
区二中,区二中,区二中,BV11363518,,,113.859324,23.277720,增城10路、增城3路
区公安分局,区公安分局,区公安分局,BV11251217,,区公安分局,113.803795,23.288725,增城13路、增城3路、增城48路、增城4路
区公汽东门,区公汽东门,区公汽东门,BV10382999,,区公汽东门,113.424637,22.937785,番83路
区公汽公司,区公汽公司,区公汽公司,BV09006341,,区公汽公司总站,113.423368,22.939267,番10路、番148路、番160路、番29路
区婚姻登记处,区婚姻登记处,区婚姻登记处,BV11018300,,区婚姻登记处,113.632793,23.629469,从4路、从702路、从4路快线
区健康管理中心,区健康管理中心,区健康管理中心,BV09304539,,区健康管理中心,113.307518,22.939973,番108B路、番129路、番4B路、番9路、番9路长线
区人力资源市场,区人力资源市场,区人力资源市场,BV09313067,,区人力资源市场,113.206387,23.420207,花23路、花63路、花63路短线
区市场监督管理局,区市场监督管理局,区市场监督管理局,BV11607348,,区市场监督管理局,113.373626,22.935220,番19路
区税务局,区税务局,区税务局,BV11206714,,,113.217920,23.407938,花6路、花75A路
区卫健局,区卫健局,区卫健局,BV11251218,,区卫健局,113.824081,23.309040,增城15路、增城48路、增城6路、增城79路
区行政服务中心,区行政服务中心,区行政服务中心站,BV09200513,,,113.290869,22.807733,312路
区政府东门,区政府东门,区政府东门站,BV09293280,,区政府东门（永旺梦乐城）,113.381280,22.939491,南68路快线、南沙54路、南沙65路、南沙68路、番142路、番143路、番147路、番148路、番150B路、番150路、番19路、番21B路、番28B路、番28路、番4路、番68路
区政府东门,区政府东门,区政府东门分站,BV11562298,,区政府东门分站,113.381866,22.936987,南沙54路、番21B路
区政府东门(永旺梦乐城)站,区政府东门(永旺梦乐城),区政府东门(永旺梦乐城)站,BV09305549,,区政府东门（永旺梦乐城）,113.381280,22.939491,南68路快线、南沙68路
区政府东门总站,区政府东门总,区政府东门总站,BV10632191,,区政府东门（永旺梦乐城）,113.381434,22.939716,番111路、番147路、番68路
区政务服务中心站(西),区政务服务中心站(西),区政务服务中心站(西),BV11580785,,,113.516191,22.803467,南沙W1路支线
区政务服务中心站(西),区政务服务中心站(西),区政务服务中心站,BV11589148,,区政务服务中心,113.515933,22.803554,南53路、南沙12路、南沙G2路、南沙G3路
区政务中心,区政务中心,区政务中心,BV11621652,,区政务中心,113.814417,23.275151,增城10路、增城5路、增城8路、增城9A路/9A路快线、增夜2路
区庄立交西,区庄立交西,区庄立交西站,BV10943425,,区庄立交西,113.285743,23.138057,10路、189路、220路、225路、63路、6路、833路、862路、夜14路、夜15路、夜25路、夜41路、夜5路、夜77路
曲寮吓村,曲寮吓村,曲寮吓村,BV11409757,,,113.960373,23.426741,增城72A路
屈洞,屈洞,屈洞,BV11332858,,,113.494457,23.433457,从802路
屈洞村路口,屈洞村路口,屈洞村路口,BV11334266,,屈洞村路口,113.486597,23.428477,从804路、从805路、从809路
全球通,全球通,全球通,BV10015360,,全球通,113.819956,23.291980,增城4路
全盛花园,全盛花园,全盛花园,BV10262681,,,113.670044,23.070686,莞609路
泉溪,泉溪,泉溪站,BV11345917,,泉溪,113.224508,23.296265,474路、522路、829路、夜87路、703路
群爱村,群爱村,群爱村,BV11544378,,群爱村,113.753284,23.338621,增城80路
群爱村路口,群爱村路口,群爱村路口,BV11544381,,群爱村路口,113.777375,23.320427,增城80路
群爱村委,群爱村委,群爱村委,BV11544382,,群爱村委,113.764127,23.330196,增城80路
群岗村委,群岗村委,群岗村委,BV10252183,,群岗村委,113.087600,23.223443,佛244路、佛252路
群结村,群结村,群结村,BV09255220,,,113.515075,22.708218,南10路
群结村路口站,群结村路口,群结村路口站,BV11119876,,,113.511371,22.710747,南10路
群贤路,群贤路,群贤路,BV09032518,,群贤路,113.326770,23.022207,公交地铁接驳专线5路、番182路、番190路
群星花园,群星花园,群星花园,BV10850435,,群星花园,113.601473,23.119451,214路、571路、增城22路、增城22路/增22路、增城23路、增城25路、增城26路、增城35路、增城37路、增城9路、增城26A路
群星新村,群星新村,群星新村,BV11318005,,,113.597856,23.131245,增城29路
热橙花园,热橙花园,热橙花园,BV11006955,,热橙花园,113.271682,23.445155,花17路A、花17路联民村、花83路
热水,热水,热水,BV10875905,,热水,113.702532,23.691750,从11路、从12路、从607路
人爱医院(龙珠路),人爱医院(龙珠路),人爱医院(龙珠路),BV10915701,,人爱医院（龙珠路）,113.200781,23.400128,花2路、花70路
人爱医院(龙珠路),人爱医院(龙珠路),人爱医院,BV11494118,,人爱医院,113.199745,23.399391,712路、713路、夜92路、花109路、花10路、花18路、花22路、花62路、花63路、花63路短线、花68路、花68路白坭班车、花68路短线、花70路短线、花80路、花81路
人保信息中心,人保信息中心,人保信息中心,BV10255825,,人保信息中心,113.142999,23.053167,佛202路
人和总站,人和(恒充充电站)总,人和(恒充充电站)总站,BV09293649,,人和（恒充充电站）总站,113.298461,23.320366,712路
人和总站,人和(恒充充电站)总,人和总站,BV11648878,,人和（恒充充电站）总站,113.298468,23.320368,707路、712路、715路、701路
人和北后东街口,人和北后东街口,人和北后东街口,BV11683720,,人和北后东街口,113.296822,23.337370,971路
人和车站,人和车,人和车站,BV10022737,,人和车站,113.295011,23.332392,510路、724路、828路、985路、夜123路
人和村,人和村,人和村,BV11683718,,人和村,113.299748,23.345885,971路
人和大街,人和大街,人和大街,BV11683722,,人和大街,113.294732,23.334340,971路
人和地铁站,人和地铁,人和地铁站,BV11413244,,,113.289685,23.338696,花1路
人和第六小学,人和第六小学,人和第六小学,BV11392390,,人和第六小学,113.306526,23.325337,724路、985路
人和二中,人和二中,人和二中,BV11690338,,人和二中,113.266173,23.346109,712路、750路
人和鹤龙七路总站,人和鹤龙七路总,人和鹤龙七路总站,BV09375780,,人和鹤龙七路总站,113.285715,23.343570,840路、夜94路
人和华成路,人和华成路,人和华成路,BV10022663,,人和华成路（新村公园）,113.290512,23.349107,737路、843路、985路、夜班136路、空港2路
人和华成路东,人和华成路东,人和华成路东站,BV11541147,,人和华成路东,113.294385,23.351477,737路、843路、985路、夜班136路、空港2路、空港2路公交短线
人和华成路公园站(总站),人和华成路公园站(总站),人和华成路公园站(总站),BV09218823,,,113.290941,23.350102,空港2路公交短线
人和华成路口,人和华成路口,人和华成路口,BV11401368,,人和华成路口,113.294819,23.350246,708路、夜106路、高速专线2路
人和华成路西,人和华成路西,人和华成路西,BV11662463,,人和华成路西,113.289348,23.346543,737路、843路、空港2路
人和华成路中,人和华成路中,人和华成路中站,BV11602141,,人和华成路中,113.291890,23.351420,737路、843路、985路、夜班136路、空港2路、空港2路公交短线
人和华侨医院,人和华侨医院,人和华侨医院,BV11690334,,人和华侨医院,113.287674,23.340706,510路、707路、711路、712路、715路、724路、750路、828路、840路、971路、夜123路、夜129路、夜92路、夜94路、704路、701路
人和华盛南路,人和华盛南路,人和华盛南路,BV10018979,,人和华盛南路,113.278716,23.336724,737路
人和华盛南路口,人和华盛南路口,人和华盛南路口,BV10333167,,人和华盛南路口,113.280117,23.333967,737路
人和聚贤街,人和聚贤街,人和聚贤街,BV11589194,,人和聚贤街,113.290268,23.332931,737路、夜129路
人和聚贤街东,人和聚贤街东,人和聚贤街东,BV11273136,,人和聚贤街东,113.292361,23.331373,737路
人和聚贤街西,人和聚贤街西,人和聚贤街西,BV11273135,,人和聚贤街西,113.286653,23.335617,737路
人和市场,人和市场,人和市场,BV10621040,,人和市场,113.441691,23.603452,从10路、从405路、从9路、从化922路
人和新街,人和新街,人和新街,BV10018975,,人和新街,113.293710,23.333166,737路、750路、843路、704路
人和墟(万家福广场),人和墟(万家福广场),人和墟(万家福广场),BV11365784,,人和墟（万家福广场）,113.293156,23.334781,724路、737路、750路、843路、971路、夜123路、高速专线2路
人和墟(万家福广场),人和墟(万家福广场),人和墟,BV11689355,2,人和墟,113.293156,23.334781,510路、707路、708路、711路、712路、715路、724路、750路、828路、840路、971路、985路、夜123路、夜129路、夜94路、夜班136路、空港2路、高速专线2路
人和墟(万家福广场)总站,人和墟(万家福广场)总,人和墟(万家福广场)总站,BV11333202,,人和墟（万家福广场）总站,113.293156,23.334781,708路
人和墟(万家福广场),人和墟总,人和墟2,BV09212864,2,人和墟②,113.290618,23.337892,510路、707路、708路、715路、724路、737路、843路、971路、985路、夜123路、夜129路、夜94路、夜班136路、空港2路、高速专线2路、704路、701路
人和墟(万家福广场),人和墟总,人和墟总站,BV10014381,2,人和墟②,113.289854,23.338523,夜106路、夜92路、空港2路、701路
人和墟总站(万家福广场),人和墟总站(万家福广场),人和墟总站(万家福广场),BV11333203,,,113.293156,23.334781,夜班136路
人和总站(东华村),人和总站(东华村),人和总站(东华村),BV11269591,,人和（东华村）总站,113.278161,23.341430,737路
人力资源和社会保障局,人力资源和社会保障局,人力资源和社会保障局,BV10017864,,,113.585102,23.541467,从3路夜班
人民北路,人民北路,人民北路,BV09002684,1,人民北路,113.249552,23.132666,128路、186路、2路、31路、38路、556路、823路、夜26路、夜31路、夜7路、109路
人民北路(站南路口),人民北路(站南路口),人民北路(站南路口),BV11091379,,人民北路（站南路口）,113.251792,23.147818,181路、251路、256路、38路、42路、5路、7路、823路、夜55路、夜79路、夜7路、夜8路
人民村站,人民村,人民村站,BV10020146,,人民村,113.337475,22.854682,南沙68路
人民公园东,人民公园东,人民公园东,BV10017267,,人民公园东,113.216876,23.410172,花18路、花19路、花6路、花86路
人民公园南门,人民公园南门,人民公园南门,BV11482780,,人民公园南门,113.215010,23.408247,花31路、701路
人民广场(图书馆)站,人民广场(图书馆),人民广场(图书馆)站,BV11438903,,,113.531190,22.800784,南沙W1A路
人民路口站,人民路口,人民路口站,BV10405470,,人民路口,113.379934,22.783632,南沙58路
人民南路,人民南路,人民南路1,BV09319719,1,人民南路①,113.248427,23.113187,128路、134路、186路、217路、31路、4路、556路、夜16路、夜26路、夜31路、夜72路、夜7路、110路、106路、102路
人民南路,人民南路,人民南路,BV11688400,1,人民南路①,113.248464,23.113602,128路、186路、209路、31路、38路、556路、110路、106路、102路
人民日报广东分社,人民日报广东分社,人民日报广东分社站2,BV09313214,2,人民日报广东分社2,113.317631,23.130272,284路、293路、299路、541路、548路、54路、813路、886路、B15路、B8路、夜13路、夜18路、夜27路、夜34路、夜36路、夜40路、夜61路、广283路班车
人民日报广东分社,人民日报广东分社,人民日报广东分社,BV11688536,3,人民日报广东分社3,113.319263,23.129905,140路、245路、261路、266路、53路、562路、777路、夜13路、夜18路、夜27路、夜34路、夜36路、夜39路、夜93路、大学城专线4路、广283路、广高峰快线30路
人民医院,人民医院,人民医院,BV11455884,,人民医院,113.837147,23.286440,增城47路
人民医院新院,人民医院新院,人民医院新院站,BV11591012,,人民医院新院,113.223139,23.426894,花103路、花25路、花6路
人民英雄纪念碑,人民英雄纪念碑,人民英雄纪念碑,BV09262062,,,113.583302,23.553274,从18路、从6路、从6路支线、从901路
人民中路,人民中路,人民中路,BV10016158,,人民中路,113.248213,23.124705,128路、134路、186路、2路、31路、38路、4路、夜16路、夜31路、夜7路、102路
人社局,人社局,人社局,BV11619929,,人社局,113.585160,23.541499,从3路、从3路夜班
仁厚直街,仁厚直街,仁厚直街,BV10022779,,,113.238446,23.090332,990路
仁威庙,仁威庙,仁威庙,BV10021842,,仁威庙,113.230972,23.127115,207路、25路、885路、8路、夜6路
日发市场,日发市场,日发市场,BV11689450,,日发市场,113.124285,23.110052,佛211路、佛236路、佛244B路、佛251路、佛263路、佛263路短线、佛278路
日立公司站,日立公司,日立公司站,BV11406673,,日立公司,113.633562,23.179978,增城12路
日田,日田,日田,BV11371478,,,113.069233,23.173026,佛278路
荣兴路,荣兴路,荣兴路,BV10014796,,荣兴路,113.226831,23.096634,15路
嵘都花园(西门),嵘都花园(西门),嵘都花园(西门),BV11169966,,嵘都花园（西门）,113.211614,23.088222,525路、780路
溶洲路口,溶洲路口,溶洲路口,BV10251512,,溶洲路口,113.058286,22.986509,佛251路
榕景路,榕景路,榕景路,BV11316200,,榕景路,113.254339,23.090511,夜3路、夜7路
榕林路口,榕林路口,榕林路口,BV10023283,,榕林路口,113.380308,22.950932,番22B路、番22路
榕树冚村,榕树冚村,榕树冚村,BV11406469,,榕树冚村,113.970703,23.351014,增城67路
榕树头,榕树头#1,榕树头,BV11597707,,榕树头,113.351711,23.069597,252路、361路、45路、468路
榕树头,榕树头#2,榕树头,BV09043517,,榕树头,113.608182,23.491158,从301路
榕树下,榕树下,榕树下,BV11198743,,,113.746626,23.576850,从13路
榕树吓,榕树吓,榕树吓,BV11115179,,,113.746814,23.576880,从化13路
榕溪,榕溪,榕溪,BV11688423,,榕溪,113.236811,23.211735,126路、254路、426路环线、519路、524路、556路、830路、831路、841路、夜107路、夜22路、夜26路、夜90路、929路
融创公交总站,融创公交总,融创公交总站,BV11406346,,融创公交总站,113.236744,23.435964,花109路、花19路、花6路
融创乐园,融创乐园,融创乐园,BV11207951,,融创乐园,113.229537,23.430305,19路直达快线、花75A路、花8路
融创文旅城,融创文旅城,融创文旅城,BV11431446,,融创文旅城,113.230951,23.427522,花103路、花85路
融穗澜湾,融穗澜湾,融穗澜湾,BV11515404,,融穗澜湾,113.375821,22.929525,番4B路
融通路中(滨江1号),融通路中(滨江1号),融通路中,BV10580313,,融通路中（滨江1号）,113.159255,23.074155,广412路、广夜111路
融通路中(滨江1号),融通路中(滨江1号),融通路中(滨江1号),BV10766677,,融通路中（滨江1号）,113.161458,23.073982,广412路
肉联厂,肉联厂,肉联厂,BV11578759,,,113.617217,23.530212,从1路东线
如丰厂,如丰厂,如丰厂,BV10625491,,如丰厂,113.760089,23.202572,增城34路、增城34路快线
如意坊,如意坊,如意坊2,BV09382089,2,如意坊,113.225134,23.121755,208路、71路、夜33路、夜37路、广123路、广275路、105路
如意坊,如意坊,如意坊,BV11357695,2,如意坊②,113.226087,23.119887,208路、209路、3路、538路、71路、82路、9路、夜33路、夜37路、广123路、广275路、105路
如意坊总站,如意坊总,如意坊总站,BV10022019,,如意坊总站,113.226052,23.120196,3路
如意路,如意路#1,如意路站,BV11688560,,如意路,113.300631,23.044794,122路、125路、211路、305路、夜28路、番188路、番91路
如意路,如意路#2,如意路站,BV11491298,,如意路,113.526734,23.618232,从401路、从化921路
如意三马路,如意三马路,如意三马路,BV11377119,,如意三马路,113.295866,23.046290,125路、305路、311路、公交地铁接驳专线4路、公交地铁接驳专线5路、夜133路、番13路、番17路、番17路长线、番183路、番186路、番25路、番53路、番91路
软件路,软件路,软件路,BV11687914,,软件路,113.410594,23.172860,355路、494路、497路、581路、774路、776路、78A路、903路、B26路、B4路、夜38路、夜53路
软件路西,软件路西,软件路西,BV10019111,,软件路西,113.401201,23.174051,581路、776路、901A路、901路、B26路、夜68路
软件信息园路口,软件信息园路口,软件信息园路口站,BV09209167,,软件信息园路口,113.021300,23.131880,佛263路、佛275路
瑞宝南路,瑞宝南路,瑞宝南路,BV10013873,,,113.288514,23.078667,462路
瑞宝乡,瑞宝乡,瑞宝乡,BV10022157,,瑞宝乡,113.281371,23.082437,夜44路
瑞宝乡总站,瑞宝乡总,瑞宝乡总站,BV10021837,,瑞宝乡总站,113.280177,23.082205,253路、542路、夜43路、广565路
瑞宝小学,瑞宝小学,瑞宝小学,BV10013870,,瑞宝小学,113.294662,23.073591,239路、466路、766路环线、779路、780路、991路
瑞边村,瑞边村,瑞边村,BV11346059,,瑞边村,113.234720,23.492029,花63路、花83B路
瑞边村路口,瑞边村路口,瑞边村路口,BV09404841,,瑞边村路口,113.227187,23.493531,花25B路
瑞东花园,瑞东花园,瑞东花园站,BV11619529,,瑞东花园,113.460867,23.113007,210路、377路、432路
瑞东花园南门,瑞东花园南门,瑞东花园南门,BV11448843,,瑞东花园南门,113.459494,23.111269,431路、广369路、文冲1号线便民车
瑞东花园西,瑞东花园西,瑞东花园西,BV09081183,,瑞东花园西,113.458856,23.113013,364路、377路、432路
瑞东花园总站,瑞东花园总,瑞东花园总站,BV11426724,,瑞东花园总站,113.456550,23.112085,364路、377路、432路
瑞发路南,瑞发路南,瑞发路南,BV10021192,,瑞发路南,113.493611,23.158850,367路、393路
瑞发路中,瑞发路中,瑞发路中,BV10021193,,瑞发路中,113.495969,23.160367,367路、393路
瑞和路,瑞和路,瑞和路,BV11573823,,瑞和路,113.500640,23.155423,337路、450路、575路、夜98路
瑞和路北,瑞和路北,瑞和路北,BV11691183,,瑞和路北,113.495870,23.161673,321路、349路、367路、575路、940路、夜97路
瑞和路北(开泰大道口),瑞和路北(开泰大道口),瑞和路北(开泰大道口),BV11467022,,瑞和路北（开泰大道口）,113.494644,23.164880,321路、336路、349路、367路、575路、940路、夜97路、393路
瑞和路口,瑞和路口,瑞和路口,BV11467016,,瑞和路口,113.500648,23.157717,336路、337路、338路、B24路
瑞和路南,瑞和路南,瑞和路南,BV11573826,,瑞和路南,113.502156,23.153461,337路、450路、575路、夜98路
瑞机手袋厂,瑞机手袋厂,瑞机手袋厂,BV11451065,,瑞机手袋厂,113.650115,23.345931,增城54路
瑞岭村委站,瑞岭村委,瑞岭村委站,BV11375031,,瑞岭村委,113.066252,23.442668,花68路
瑞岭大新站,瑞岭大新,瑞岭大新站,BV11406987,,瑞岭大新,113.062407,23.437093,花68路
瑞岭华南小学,瑞岭华南小学,瑞岭华南小学,BV09237023,,瑞岭华南小学,113.063425,23.440598,花39路短线、花68路
瑞南路,瑞南路,瑞南路,BV10013872,,,113.289046,23.075828,462路
瑞南路口,瑞南路口,瑞南路口,BV11646759,,,113.289164,23.075002,462路
瑞南新村,瑞南新村,瑞南新村,BV09006426,,瑞南新村,113.284844,23.082056,129路、263路、273路、287路、35路、469路、5路、70路、780路、82路、夜102路、夜24路、夜33路、夜44路、夜4路、广276路
瑞祥路,瑞祥路,瑞祥路,BV11304446,,瑞祥路,113.514434,23.152916,941路
瑞祥路东,瑞祥路东,瑞祥路东,BV11445013,,瑞祥路东,113.519202,23.155912,941路
瑞祥路西,瑞祥路西,瑞祥路西,BV11445040,,瑞祥路西,113.510951,23.150999,941路
瑞云路,瑞云路,瑞云路,BV11628723,,瑞云路,113.176945,23.377491,花70路、花70路短线
润江南路中,润江南路中,润江南路中,CL100005,,润江南路中,113.280296,23.061296,87路
润江南路总站,润江南路总,润江南路总站,CL100004,,润江南路总站,113.285016,23.059316,87路
润龙里,润龙里,润龙里,BV11690261,,润龙里,113.236733,23.393789,715路、夜92路、花17路联民村、花1路、花30路、花84路
润水埔,润水埔,润水埔,BV09017341,,,113.497162,23.500515,从807路、从903路
润悦花园,润悦花园,润悦花园,BV11413294,,润悦花园,113.764690,23.283681,增城11路、增城12路、增城13路、增城2路、增城49路、增城4路
润云路口,润云路口,润云路口,BV10022092,,润云路口,113.266561,23.196549,199路、420路、759路环线、夜114路
润云路南,润云路南,润云路南,BV11297643,,,113.267698,23.197677,420路、651路
润云路中,润云路中,润云路中,BV11297642,,,113.268921,23.200393,420路、651路
三安村路口,三安村路口,三安村路口,BV10016070,,三安村路口,113.679703,23.168886,增城37路
三百洞村委,三百洞村委,三百洞村委,BV11334506,,三百洞村委,113.551669,23.479036,从904路
三百洞村委总站,三百洞村委总,三百洞村委总站,BV11418722,,三百洞村委,113.561022,23.474466,从904路
三宝墟,三宝墟,三宝墟,BV11687873,,三宝墟,113.355660,23.187014,30路、345A路、39路、564路、775路、83路、84A路、84路、B12路、夜100路、夜10路、夜71路
三保工业区,三保工业区,三保工业区,BV10022016,,三保工业区,113.533034,23.104582,340路、397路、567路
三层路口,三层路口,三层路口,BV10808756,,三层路口,113.672355,23.650840,从11路、从12路
三村村委路口站,三村村委路口,三村村委路口站,BV11152763,,三村村委路口,114.018261,23.837238,从501路
三村海丰南,三村海丰南,三村海丰南,BV11647668,,,113.337534,22.818494,307路/佛307路
三村路口,三村路口,三村路口,BV11152715,,三村路口,114.000857,23.846603,从502路
三达路跨线桥首末站,三达路跨线桥首末,三达路跨线桥首末站,BV09052349,,,112.877438,23.166560,655A线、655B路、655路
三德路口,三德路口,三德路口,BV10019780,,三德路口,113.491541,22.909053,番149路
三东村,三东村,三东村,BV11688081,,三东村,113.229301,23.425548,花25路、花31路、花75A路、花85路、花8路
三东大道西,三东大道西,三东大道西,BV09000744,,三东大道西,113.188861,23.418866,712路、花10路、花30路、花75路、花76路、花7路、花81路、花9路、701路
三东东布,三东东布,三东东布站,BV11688984,,三东东布,113.231075,23.411626,花16路、花18路、花25路
三东市场,三东市场,三东市场,BV10015659,,三东市场,113.228574,23.410054,花16路、花31路、花75A路、花85路、花8路
三东小学,三东小学,三东小学,BV11688074,,三东小学,113.228637,23.414980,花105路、花25路、花31路、花75A路、花85路、花8路
三东新村西区,三东新村西区,三东新村西区,BV10475303,,,113.225837,23.412401,花18路
三墩,三墩,三墩,BV10258556,,,113.480039,22.643730,K981路
三多路口站,三多路口,三多路口站,BV09254009,,三多路口,113.452064,23.110824,323路、324路、355路
三凤村,三凤村,三凤村站,BV11691192,,三凤村,113.308755,23.439252,711路、花16路、花17路A、花32路、花84路、花85路
三横路南,三横路南,三横路南,BV11613168,,,113.185591,23.181434,
三洪奇牌坊,三洪奇牌坊,三洪奇牌坊,BV09093921,,,113.202240,22.906776,佛349路
三华村,三华村,三华村,BV09002116,,三华村,113.197591,23.393097,夜92路、花10路、花16路、花18路、花22路、花62路、花63路、花63路短线、花68路、花68路白坭班车、花68路短线、花80路、花81路
三环岛,三环岛,三环岛,BV11430443,,三环岛,113.581483,23.141212,增城43路
三江车站,三江车,三江车站,BV10024296,,三江车站,113.851207,23.192665,增城55路
三江关村,三江关村,三江关村,BV11463931,,三江关村,113.844920,23.190297,增城88路
三江敬老院,三江敬老院,三江敬老院,BV11463936,,三江敬老院,113.859108,23.187082,增城88路
三江居委,三江居委,三江居委,BV11463933,,三江居委,113.856046,23.187633,增城88路
三江石三路口,三江石三路口,三江石三路口,BV10024137,,,113.828863,23.156366,莞76路
三江田心村,三江田心村,三江田心村,BV11463935,,三江田心村,113.823492,23.191711,增城88路
三江墟,三江墟,三江墟,BV11285651,,三江墟,113.849974,23.189634,增城18路、增城55路
三将军村委路口,三将军村委路口,三将军村委路口,BV09154785,,三将军村委路口,113.537961,23.552430,从903路
三将军路口,三将军路口,三将军路口,BV10017879,,三将军路口,113.539182,23.566449,从10路、从1路西线、从3路、从7路、从9路
三角大信新都汇,三角大信新都汇,三角大信新都汇,BV09253015,,,113.414051,22.676666,
三角独尾桥站,三角独尾桥站,三角独尾桥站,BV09409715,,,113.477851,22.680018,
三角国宇豪庭站,三角国宇豪庭站,三角国宇豪庭站,BV09232641,,,113.415385,22.671460,
三角路口,三角路口,三角路口,BV10258557,,,113.482304,22.673600,K981路
三角市,三角市,三角市,BV11688487,,三角市,113.273915,23.124997,183路、215路、3路、B8路、夜21路、夜36路、106路
三角亭,三角亭,三角亭,BV10018085,,三角亭,113.411292,23.076354,361路、383路、430路、夜65路
三角香蕉市场站,三角香蕉市场站,三角香蕉市场站,BV09206951,,,113.474023,22.680745,
三角新洋站,三角新洋站,三角新洋站,BV11119869,,,113.467658,22.680242,
三角医院,三角医院,三角医院,BV09191115,,,113.420332,22.678981,
三滘村,三滘村,三滘村,BV11689530,,三滘村,113.305850,23.066015,180路、195路、221路、301路、35路、582路、59路、5路、70路、762路、765路、788路、82路、836路、86路、960路、987路、991路、9路、夜101路、夜34路、夜55路、582路班车
三九脑科医院,三九脑科医院,三九脑科医院,BV10016355,,三九脑科医院,113.327228,23.180564,136路、140路、201路、246路、498路、502路、791路、夜74路
三骏市场,三骏市场,三骏市场,BV10255223,,三骏市场,113.197576,23.139738,佛沥18路、佛里07路、广789路、里07路、里07路高峰线
三棵松工区站,三棵松工区,三棵松工区站,BV11152950,,三棵松工区,113.810095,23.740281,从602路
三坑水库,三坑水库,三坑水库,BV11375034,,三坑水库,113.057116,23.443567,花68路
三乐路,三乐路,三乐路,BV10254188,,,113.227803,22.909546,佛349路
三乐路北滘站,三乐路北滘,三乐路北滘站,BV10254184,,,113.204941,22.907131,佛349路
三乐路烈士路口,三乐路烈士路口,三乐路烈士路口,BV11049649,,,113.259386,22.911889,佛349路
三乐路伟业路口,三乐路伟业路口,三乐路伟业路口,BV10254186,,,113.217671,22.908786,佛349路
三联村委会,三联村委会,三联村委会,BV09404904,,,113.072909,23.307545,花5B路
三联路口,三联路口#1,三联路口,BV11382872,,三联路口,113.404615,23.404867,709路
三联路口,三联路口#2,三联路口,BV09396049,,三联路口,113.776764,23.284732,增城11路、增城12路、增城13路、增城4路
三坭涌站,三坭涌,三坭涌站,BV10019820,,,113.423105,22.903283,南52路
三坪路口,三坪路口,三坪路口,BV11352969,,三坪路口,113.424120,23.566962,从406路
三其大街,三其大街,三其大街,BV10020086,,三其大街,113.436482,22.947747,番83路
三桥北,三桥北,三桥北,BV10015088,,三桥北,113.344817,22.935493,番2路、番67路旅游专线
三桥丹山水闸,三桥丹山水闸,三桥丹山水闸,BV10015086,,三桥丹山水闸,113.344990,22.932165,番2路
三桥南,三桥南,三桥南,BV10015089,,三桥南,113.342543,22.926937,番2路、番67路旅游专线
三沙村口,三沙村口,三沙村口,BV09080934,,,113.469726,22.880267,南沙70路、番11路
三沙公路站,三沙公路,三沙公路站,BV10015918,,,113.472913,22.884043,南35路、南57路
三沙路口站,三沙路口,三沙路口站,BV09353103,,,113.469740,22.881790,37路/南37路、南35路、南57路
三山大道东,三山大道东,三山大道东,BV11076856,,三山大道东,113.241869,23.038809,桂12路
三山立交,三山立交,三山立交,BV10487877,,,113.215418,23.009773,K201路
三善村口,三善村口,三善村口,BV10017642,,三善村口,113.292232,22.893088,K314路、佛314路、佛349路、番12路旅游专线、番67路旅游专线
三盛,三盛,三盛,BV10381844,,三盛,113.317734,23.313253,828路
三水大塘中心广场,三水大塘中心广场,三水大塘中心广场,BV11630719,,,112.908062,23.433093,花81路
三水大塘中心广场总站,三水大塘中心广场总,三水大塘中心广场总站,BV11625129,,,112.907946,23.432460,花81路
三水区总工会,三水区总工会,三水区总工会,BV11364854,,,112.892463,23.168818,655A线、655B路、655路
三水总站,三水总,三水总站,BV11116063,,三水,114.010960,23.906397,从502路
三乡路西站,三乡路西,三乡路西站,BV11044199,,,113.188197,23.135602,佛沥18路
三向村,三向村,三向村,BV10015574,,三向村,113.216262,23.368099,702路、花106路、花21路
三星,三星,三星,BV11119541,,,113.672218,23.364663,增城53路
三星村,三星村,三星村,BV11377447,,三星村,113.671996,23.366325,增城41路
三星村委,三星村委,三星村委,BV09260929,,,113.672125,23.363398,增城53路
三姓路,三姓路,三姓路,BV09186857,,三姓路,113.583779,22.745863,南夜6路、南沙49路、南沙4路
三姓围站,三姓围,三姓围站,BV10418336,,三姓围,113.577356,22.752471,九王庙临时接驳线内环、九王庙临时接驳线外环、南1路B、南27路、南沙24路、南沙54路
三姓围村,三姓围村,三姓围村,BV09173928,,,113.581917,22.752995,南沙18路
三雄极光,三雄极光,三雄极光,BV11397349,,,113.268917,22.978351,番101路、番99路
三丫车,三丫车,三丫车,BV11119672,,三丫车,113.769877,23.471740,增城15路、增城16路、增城41路
三亚塘景区,三亚塘景区,三亚塘景区,BV11152938,,三亚塘景区,113.796208,23.740477,从602路
三眼桥,三眼桥,三眼桥站,BV11371484,,三眼桥,113.182226,23.100545,佛202路、佛244路、佛278路、广260路、广419路
三涌,三涌,三涌站,BV10015001,,三涌（龙穴岛）,113.597818,22.706839,南1路B、南沙62路短线、南沙1路
三涌(龙穴岛)站,三涌(龙穴岛)站,三涌(龙穴岛)站,BV11164647,,,113.597818,22.706839,
三涌(万环西)站,三涌(万环西),三涌(万环西)站,BV10603714,,,113.505761,22.704361,南28路
三涌村路口,三涌村路口,三涌村路口,BV10262629,,,113.707345,23.114663,莞G7路
三涌龙穴岛站,三涌龙穴岛,三涌龙穴岛站,BV11689814,,,113.594887,22.706759,南沙62路
三元宫,三元宫,三元宫,BV10021780,,三元宫,113.257323,23.137054,211路、旅游公交1线
三元里,三元里,三元里,BV09002689,1,三元里①,113.253538,23.158879,185路、198路、21路、278路、470路、519路、528路、555路、556路、661路、803路、981路、商务专线3路、夜105路、夜107路、夜12路、夜26路、夜87路、空港快线2号线、空港快线2号线夜班、空港快线2线、101路、108路、105路、113路
三元里大道(桂花岗),三元里大道(桂花岗),三元里大道(桂花岗)1,BV11478033,1,三元里大道（桂花岗）①,113.256071,23.157839,470路、519路、981路、夜105路、夜107路、101路、108路、105路、113路
三元里大道(桂花岗),三元里大道(桂花岗),三元里大道(桂花岗),BV11478560,2,三元里大道（桂花岗）,113.256781,23.156439,185路、198路、21路、519路、528路、555路、556路、803路、商务专线3路、夜105路、夜12路、夜26路、108路、105路、113路
三元里大道(桂花岗),三元里大道(桂花岗),三元里大道,BV11576966,2,三元里大道（桂花岗）②,113.255079,23.158276,185路、21路、278路、528路、夜107路、夜12路、夜26路、夜87路
三元里大道北,三元里大道北,三元里大道北,BV09000485,2,三元里大道北,113.250392,23.186516,176路、21路、274路、278路、32路、519路、528路、538路、540路、555路、556路、58A路、58路、662路、803路、832路、夜105路、夜26路、夜76路、夜87路、夜94路、929路、108路、105路、113路
三元里大道口,三元里大道口,三元里大道口,BV10013757,,三元里大道口,113.255274,23.190519,176路、21路、244路、268路、274路、522路、528路、540路、555路、807A路、832路、980路环线、夜105路、夜22路、夜75路、夜76路、夜94路、980路、929路、108路
三元里大道中,三元里大道中,三元里大道中2,BV09164965,2,三元里大道中②,113.244937,23.178895,278路、475路、519路、528路、540路、555路、556路、803路、975路、夜105路、夜26路、广424路、108路、105路、113路
三元里大道中,三元里大道中,三元里大道中3,BV09341551,3,三元里大道中③,113.245865,23.180433,274路、519路、528路、538路、540路
三元里大道中,三元里大道中,三元里大道中站,BV11687945,1,三元里大道中①,113.245528,23.179734,176路、185路、21路、271路、274路、278路、32路、58A路、58路、63路、662路、7路、803路、975路、夜105路、夜122路、夜26路、夜77路、108路、105路、113路
三元里地铁站A口,三元里地铁站A口,三元里地铁站A口,BV09162723,,,113.252393,23.160144,云山红色研学巴士1号线
三元里古庙,三元里古庙,三元里古庙,BV10015205,,三元里古庙,113.256290,23.162965,179路、198路、278路、46路、540路、661路、752路、夜105路
三元里抗英斗争纪念公园,三元里抗英斗争纪念公园,三元里抗英斗争纪念公园,BV09162717,,,113.256008,23.157730,云山红色研学巴士1号线
三元里人民抗英斗争纪念馆,三元里人民抗英斗争纪念馆,三元里人民抗英斗争纪念馆,BV09162720,,,113.255052,23.163520,云山红色研学巴士1号线
三洲二架桥,三洲二架桥,三洲二架桥,BV10253909,,,113.262730,22.875131,314路、佛314路
三洲居委会(碧桂路),三洲居委会(碧桂路),三洲居委会(碧桂路),BV11053230,,,113.267705,22.885193,佛349路
三洲牌坊,三洲牌坊,三洲牌坊,BV11372315,,,113.265153,22.878550,314路、佛314路
三洲市场,三洲市场,三洲市场,BV10253911,,,113.267095,22.879540,314路、佛314路
叁悦广场,叁悦广场,叁悦广场,BV11011360,,叁悦广场,113.379027,23.103725,762路
散围总站,散围总,散围总站,BV09221291,,散围总站,113.790069,23.686339,从606路
森林公园路口,森林公园路口,森林公园路口,BV09231264,,森林公园路口,113.368679,23.312848,758路、827路
森林湖,森林湖,森林湖,BV10709453,,,113.730407,22.983833,莞86路
森语大街路口,森语大街路口,森语大街路口,BV10387277,,森语大街路口,113.309341,23.071620,466路
沙北村,沙北村,沙北村,BV10019770,,沙北村,113.512426,22.922036,番148路、番155路
沙北村总站,沙北村总,沙北村总站,BV11488014,,,113.512765,22.921364,番155路
沙贝村,沙贝村,沙贝村,BV10020884,,沙贝村,113.569047,23.515095,从5路、从5路长线、从904路、从夜1路
沙步大道,沙步大道,沙步大道,BV09068672,,沙步大道,113.525407,23.088906,453路环线、566路
沙埔大道北站,沙埔大道北,沙埔大道北站,BV09376389,,,113.652643,23.173780,增城29路
沙埔广场,沙埔广场,沙埔广场,BV10016075,,沙埔广场,113.656253,23.162042,增城29路、增城37路、增城44路
沙埔路口,沙埔路口,沙埔路口站,BV10959661,,沙埔路口,113.651466,23.172414,增城29路、增城34路、增城36路、增城39路、增城64路、增城9路
沙埔市场,沙埔市场,沙埔市场,BV10016076,,沙埔市场,113.654034,23.157791,增城37路、增城44路
沙埔医院,沙埔医院,沙埔医院,BV10910370,,沙埔医院,113.658382,23.164378,增城37路
沙村,沙村,沙村站,BV10714250,,沙村,113.555077,23.121191,214路、571B路
沙村地铁站,沙村地铁,沙村地铁站(西行),BV09308010,,,113.567027,23.113056,454路环线
沙村地铁站,沙村地铁,沙村地铁站,BV10975753,,沙村地铁站,113.566862,23.112917,454路环线、571路、增城22路、增城22路/增22路、增城25路、增城29路、增城39路、增城45路
沙堤路口,沙堤路口,沙堤路口,BV10506094,,沙堤路口,113.068254,23.061418,佛250路、佛277路
沙东新村,沙东新村,沙东新村,BV09244074,,沙东新村,113.381277,23.208511,491路、497路、84A路、夜71路
沙渡路,沙渡路,沙渡路,BV10554543,,,113.254572,23.086188,967路
沙凤,沙凤,沙凤,BV11691998,,沙凤,113.197907,23.153446,429路循环线、42路、885路、佛276路/佛276、佛沥18路、佛里07B路、佛里07路、夜122路、广283路班车、广424路、广746路、广夜54路、里07路、里07路高峰线
沙凤二路,沙凤二路,沙凤二路,BV11627310,,沙凤二路,113.195308,23.151892,429路循环线、广478路、广746路、广205路
沙凤三路,沙凤三路,沙凤三路,BV10013909,,沙凤三路,113.190517,23.151521,429路循环线、790路、广478路、广746路、广205路
沙凤一路,沙凤一路,沙凤一路,BV10013907,,沙凤一路,113.199703,23.151999,429路循环线、42路、653路、885路、夜112路、广478路
沙凤一路西,沙凤一路西,沙凤一路西,BV11627312,,沙凤一路西,113.188412,23.150190,790路、广478路、广746路
沙凤一路西总站,沙凤一路西总,沙凤一路西总站,BV11457903,,沙凤一路西,113.188173,23.150084,夜112路、广205路
沙凤一路中,沙凤一路中,沙凤一路中,BV10569405,,沙凤一路中,113.204286,23.151908,广478路
沙岗村,沙岗村#1,沙岗村,BV10388847,,沙岗村,113.636870,23.632715,从4路、从702路、从4路快线
沙岗村,沙岗村#2,沙岗村,BV11119643,,沙岗村,113.730199,23.383264,增城19路、增城41路、增城69路
沙公堡路口,沙公堡路口,沙公堡路口站,BV09371833,,,113.480246,22.866558,南14路、南55路、南沙38路、南沙70路、番141路
沙海村,沙海村,沙海村,BV10256259,,,113.159781,23.126880,佛沥18路
沙河,沙河,沙河2,BV09263630,2,沙河②,113.306802,23.157687,175路、179路、46路、241路
沙河,沙河,沙河,BV09375063,2,沙河②,113.307552,23.157310,257路、297路、298路、32路、540路、841路、862路、B16路、B18路、大学城专线4路、110路
沙河大街,沙河大街,沙河大街1,BV09330208,1,沙河大街①,113.304271,23.153190,16路、201路、236路、夜14路、夜5路
沙河大街,沙河大街,沙河大街2,BV09332378,2,沙河大街②,113.304539,23.153545,27路、84A路、夜69路
沙河大街,沙河大街,沙河大街,BV10014271,1,沙河大街,113.303210,23.151963,16路、201路、236路、27路、833路、84A路、夜14路、夜5路、夜69路
沙河顶,沙河顶,沙河顶,BV10014269,,沙河顶,113.302076,23.150383,16路、201路、236路、27路、833路、84A路、夜14路、夜5路、夜69路
沙河横马路,沙河横马路,沙河横马路,BV10021692,,沙河横马路,113.307962,23.155560,商务专线5路、夜47路
沙角村站,沙角村,沙角村站,BV10014920,,沙角村,113.382410,22.849753,南48路、南沙65路、南沙67路、番142路
沙角村委,沙角村委,沙角村委,BV11224111,,,113.690380,23.145345,增城90路
沙滘,沙滘,沙滘,BV10405844,,沙滘,113.531528,22.892352,番148路
沙滘村,沙滘村,沙滘村,BV11190505,,沙滘村,113.731727,23.210939,增城9路
沙滘村口,沙滘村口,沙滘村口,BV10024237,,沙滘村口,113.735428,23.204734,增城14路、增城34路
沙滘路口,沙滘路口,沙滘路口,BV10252036,,沙滘路口,113.085933,22.944285,佛236路
沙迳村委,沙迳村委,沙迳村委,BV11597209,,,113.373919,23.630767,从907路
沙坑牌坊,沙坑牌坊,沙坑牌坊站,BV11164936,,,113.381616,22.809433,312路
沙塱村,沙塱村,沙塱村,BV10014785,,沙塱村（金滙城）,113.610443,23.560175,从11路、从12路、从13路、从14路、从16路、从19路、从19路密石班车、从7路、从化13路
沙龙尾,沙龙尾,沙龙尾,BV10023330,,,113.403428,22.920853,番28路
沙陇村,沙陇村,沙陇村,BV10015433,,沙陇村,113.752138,23.205866,增城34路、增城34路快线
沙螺湾村站,沙螺湾村,沙螺湾村站,BV10382223,,沙螺湾村,113.547566,22.820825,南沙20路
沙洛村站,沙洛村,沙洛村站,BV11444713,,沙洛村,113.255763,23.055805,417路
沙洛村委,沙洛村委,沙洛村委,BV11665256,,沙洛村委,113.254892,23.058303,417路
沙洛工业园,沙洛工业园,沙洛工业园,BV10013807,,沙洛工业园,113.252544,23.059933,417路
沙洛市场,沙洛市场,沙洛市场站,BV09238710,,沙洛市场,113.254467,23.059299,417路
沙面小学(大坦沙校区),沙面小学(大坦沙校区),沙面小学(大坦沙校区),BV11650925,,沙面小学（大坦沙校区）,113.217422,23.135165,783路
沙面新城,沙面新城,沙面新城,BV09376900,,沙面新城,113.185927,23.131455,653路、佛276路/佛276、佛沥18路、夜112路、广132路、广789路、广夜58路、广205路
沙面新城总站,沙面新城总,沙面新城总站,BV10393856,,沙面新城总站,113.185584,23.131033,广277路、广205路
沙南村,沙南村,沙南村,BV10021040,,沙南村总站,113.534306,22.887893,番148路
沙南路,沙南路,沙南路,BV10019946,,沙南路,113.336286,22.951021,番4B路
沙宁路口,沙宁路口,沙宁路口,BV10024309,,沙宁路口,113.656068,23.212324,增城12路、增城36路、增城40路
沙浦,沙浦,沙浦,BV10014600,,沙浦,113.485239,23.089578,夜41路、夜73路
沙浦,沙浦,沙浦,BV11386265,1,BRT沙浦1,113.485275,23.089803,B1路、B28路、B29路、B30路、B31路
沙挞路口,沙挞路口,沙挞路口,BV09329917,,沙挞路口,113.456302,23.210019,328路、328路支线
沙太货运站(临时站),沙太货运站(临时站),沙太货运站,BV10022231,,沙太货运站,113.341347,23.243748,504路、862路、夜74路
沙太货运站(临时站),沙太货运站(临时站),沙太货运站(临时站),BV11625961,,,113.340253,23.242294,792A路
沙太货运站总站,沙太货运站总,沙太货运站总站,BV10022230,,,113.340377,23.242837,747路、792A路
沙太路北总站,沙太路北总,沙太路北总站,BV10022667,,沙太路北总站,113.353324,23.263094,862路
沙太南路,沙太南路,沙太南路,BV09006120,,沙太南路,113.325734,23.175904,136路、140路、201路、246路、502路、夜74路
沙太南路(省妇幼天河院区),沙太南路(省妇幼天河院区),沙太南路(省妇幼天河院区),BV09064404,,沙太南路（省妇幼天河院区）,113.323435,23.173929,136路、140路、201路、246路、502路、夜74路
沙塘村,沙塘村,沙塘村,BV10024263,,沙塘村,113.859196,23.227734,增城18路、增城74路
沙塘村口站,沙塘村口,沙塘村口站,BV11633028,,沙塘村口,113.854694,23.226797,增城74路
沙塘路口站,沙塘路口,沙塘路口站,BV11456552,,,113.854768,23.226663,增城74路
沙田村,沙田村,沙田村,BV11656584,,沙田村,113.473396,23.319519,726路、827路
沙田村委会,沙田村委会,沙田村委会,BV11284896,,沙田村委会,113.480779,23.313337,827路
沙田村总站,沙田村总,沙田村总站,BV10389056,,沙田村总站,113.480787,23.313418,726路
沙亭北路,沙亭北路,沙亭北路,BV11678464,,沙亭北路,113.353387,23.320224,728路、659路
沙亭村委,沙亭村委,沙亭村委,BV10021150,,沙亭村委,113.359914,23.316364,728路
沙亭岗村口,沙亭岗村口,沙亭岗村口站,BV11330441,,沙亭岗村口,113.349929,23.314010,728路、797路、976路、985路、659路
沙亭广兴路,沙亭广兴路,沙亭广兴路,BV11678463,,沙亭广兴路,113.357721,23.320056,659路
沙亭南路,沙亭南路,沙亭南路,BV10019296,,沙亭南路,113.354973,23.312944,504路、夜74路
沙亭苏庄,沙亭苏庄,沙亭苏庄,BV11330823,,沙亭苏庄,113.369847,23.315015,728路、827路
沙亭西路,沙亭西路,沙亭西路,BV09180453,,沙亭西路,113.366244,23.314938,728路
沙头,沙头,沙头,BV11516976,,,113.522693,22.938225,番155路
沙头村,沙头村#1,沙头村,BV09348753,,沙头村,113.698028,23.172706,增城37路
沙头村,沙头村#2,沙头村,BV10016069,,沙头村,113.343945,22.950383,番4B路
沙头南,沙头南,沙头南,BV11496182,,,113.527644,22.935015,番155路
沙头市场,沙头市场,沙头市场,BV10023360,,沙头市场,113.344483,22.949620,番4路
沙头新村,沙头新村,沙头新村,BV11688139,,沙头新村,113.342657,22.942568,番108B路、番129路、番16路、番9路、番9路长线
沙头中学,沙头中学,沙头中学,BV10019945,,沙头中学,113.339959,22.950599,番4B路
沙湾东村,沙湾东村,沙湾东村,BV10023340,,沙湾东村,113.335978,22.911769,番29路、番7路
沙湾古镇南门,沙湾古镇南门,沙湾古镇南门站,BV11691290,,沙湾古镇南门,113.332473,22.903042,K314路、番108B路、番12路旅游专线、番130路、番147路、番67路旅游专线、番68路、番6路、番7路、番108路
沙湾南村,沙湾南村,沙湾南村站,BV11691292,,沙湾南村,113.333284,22.903899,番108B路、番12路旅游专线、番130路、番147路、番67路旅游专线、番68路、番6路、番7路、番108路
沙湾派出所,沙湾派出所,沙湾派出所,BV10023341,,沙湾派出所,113.338281,22.909543,番29路、番7路
沙湾三街,沙湾三街,沙湾三街,BV10022128,,沙湾三街,113.524412,23.069189,440路、453路环线
沙湾五街,沙湾五街,沙湾五街,BV10022127,,沙湾五街,113.526279,23.068450,440路
沙湾一街,沙湾一街,沙湾一街,BV10022129,,沙湾一街,113.522116,23.069577,440路
沙湾涌,沙湾涌,沙湾涌站,BV10014973,,,113.342697,22.840252,南41路、南44路、南45路、南60路
沙湾珠宝产业园,沙湾珠宝产业园,沙湾珠宝产业园,BV11501166,,沙湾珠宝产业园总站,113.321865,22.920803,番15路
沙湾珠宝产业园总站,沙湾珠宝产业园总,沙湾珠宝产业园总站,BV10388982,,沙湾珠宝产业园总站,113.321865,22.920803,番15路
沙湾总站,沙湾总,沙湾总站,BV10023394,,沙湾总站,113.337134,22.902789,番6路、番7路
沙尾站,沙尾,沙尾站,BV10015029,,,113.477384,22.815414,南51路
沙尾村,沙尾村,沙尾村,BV11085640,,沙尾村,113.787718,23.168316,增城56路
沙尾二村站,沙尾二村,沙尾二村站,BV10017244,,沙尾二村,113.584723,22.663688,南25路、南沙16路
沙尾桥,沙尾桥,沙尾桥,BV11251690,,沙尾桥,113.211606,23.049343,19路、525路、广275路、广275路出场短线、桂12路、桂21路
沙尾桥底,沙尾桥底,沙尾桥底,BV11031584,,沙尾桥底,113.210423,23.047417,525路
沙尾水闸,沙尾水闸,沙尾水闸,BV10022256,,沙尾水闸,113.204750,23.049480,525路
沙尾一村站,沙尾一村,沙尾一村站(北行),BV09221294,,,113.568899,22.678406,南沙2路支线
沙尾一村站,沙尾一村,沙尾一村站(南行),BV09221295,,,113.568746,22.678448,南沙2路支线
沙尾一村站,沙尾一村,沙尾一村站,BV11412563,,沙尾一村,113.568746,22.678448,南25路、南沙21路支线
沙尾一路口站,沙尾一路口,沙尾一路口站,BV10651486,,沙尾一路口,113.571839,22.677802,南沙16路
沙溪,沙溪,沙溪,BV10016830,,沙溪,113.280380,23.087866,35路、812路、82路、992路、夜33路、夜43路
沙溪,沙溪,沙溪,BV10390455,,,113.190526,23.135659,
沙溪村,沙溪村#1,沙溪村,BV11689291,,沙溪村,113.321961,23.037865,129路、302A路、302路、303A路、303路、304路、788路、90路、987路、公交地铁接驳专线4路、公交地铁接驳专线5路、夜102路、夜109路、夜88路、番146路、番17路、番17路长线、番182路、番185路、番191路、番56路、番58路
沙溪村,沙溪村#2,沙溪村,BV11150690,,沙溪村,113.190578,23.135647,广789路
沙溪村口,沙溪村口,沙溪村口,BV11237861,,沙溪村口,113.281123,23.077333,469路、583路、761路、786路
沙溪村牌坊,沙溪村牌坊,沙溪村牌坊,BV11689576,,沙溪村牌坊,113.325751,23.037639,302路、90路、番182路
沙溪大道东总站,沙溪大道东总,沙溪大道东总站,BV10843680,,沙溪大道东总站,113.343337,23.036249,90路、公交地铁接驳专线4路、番182路、番185路、番191路
沙溪牌坊,沙溪牌坊,沙溪牌坊,BV09074944,,,113.325751,23.037639,90路、公交地铁接驳专线4路、番182路、番185路、番191路
沙溪商贸城,沙溪商贸城,沙溪商贸城,BV11626403,,沙溪商贸城,113.329329,23.037314,302路、90路、公交地铁接驳专线4路、番182路、番185路、番191路
沙溪社区,沙溪社区,沙溪社区,BV10741165,,,113.189487,23.132123,佛沥18路
沙溪综合市场,沙溪综合市场,沙溪综合市场,BV10256253,,沙溪综合市场,113.191383,23.131430,佛沥18路、广789路
沙墟市场,沙墟市场,沙墟市场站,BV09000363,,沙墟市场,113.373538,22.943250,南沙65路、南沙68路、南沙70路、番100路、番10路、番141路、番142路、番143路、番148路、番150B路、番150路、番22路、番3路、番92路/番92路
沙墟一村,沙墟一村,沙墟一村,BV10023201,,沙墟一村,113.372039,22.948464,番16路、番22B路、番23路
沙涌(里水),沙涌(里水),沙涌(里水),BV10793094,,,113.159650,23.143684,佛沥12高峰线、广281路
沙涌,沙涌#1,沙涌1,BV09080691,1,沙涌（三元里大道）①,113.247420,23.170391,519路、108路、105路、113路
沙涌,沙涌#1,沙涌2,BV09167550,2,沙涌（三元里大道）②,113.247818,23.168938,176路、185路、21路、274路、278路、519路、555路、夜105路、108路、105路、113路
沙涌,沙涌#1,沙涌,BV10713660,1,沙涌（三元里大道）①,113.247456,23.170261,176路、185路、21路、271路、274路、278路、528路、538路、540路、555路、556路、662路、7路、803路、975路、夜105路、夜107路、夜122路、夜12路、夜26路、夜77路、广424路
沙涌,沙涌#2,沙涌,BV11689077,,沙涌,113.159568,23.143888,佛244路、佛沥12高峰线、沥12路
沙涌村(富怡路),沙涌村(富怡路),沙涌村(富怡路),BV10387973,,沙涌村（富怡路）,113.417992,22.962312,番111路、番23路、番52路、番80路、番81路
沙涌村(市莲路),沙涌村(市莲路),沙涌村(市莲路),BV10023443,,沙涌村（市莲路）,113.417995,22.955348,番3路、番92路/番92路、番93路、番93路短线
沙涌南(凤翔公园)总站,沙涌南(凤翔公园)总,沙涌南(凤翔公园)总站,BV09061518,,,113.243190,23.165358,530路
沙涌南总站,沙涌南总,沙涌南总站,BV10017888,,,113.241176,23.168599,530路、商务专线3路
沙元埔,沙元埔,沙元埔,BV11597980,,沙元埔,113.527527,23.410016,从809路
沙园,沙园,沙园,BV09242190,1,沙园1,113.257346,23.088694,10路、121A路、16路、220路、243路、288路、303路、31路、487路、489路、75路、780路、811路、813路、963路、967路、995路、9路、B21路、商务专线4路、夜79路、夜7路、广123路
沙园村,沙园村,沙园村站,BV11691296,,沙园村,113.341985,22.919545,番67路旅游专线、番68路
沙园路口,沙园路口,沙园路口,BV10014854,,沙园路口,113.825616,23.295335,增城48路、增城9路
沙洲,沙洲,沙洲,BV11171789,,沙洲,113.604668,23.598629,从20路
沙庄街,沙庄街,沙庄街,BV10023701,,沙庄街,113.821578,23.135062,增城18路、增城76路、莞76路
晒缯涌站,晒缯涌,晒缯涌站,BV10019821,,,113.430560,22.904238,南52路
山边,山边#1,山边,BV11522007,,山边,113.560933,23.322043,352A路
山边,山边#2,山边,BV11596287,,山边,113.398579,23.665809,从408路
山村,山村#1,山村2,BV09250343,2,山村（地铁石围塘站）②,113.222526,23.104956,309路、312路、57路、75路、夜44路
山村,山村#1,山村1,BV09254332,1,山村（地铁石围塘站）①,113.221849,23.105178,193路、312路、411路、414路、57路、838路、839路、91路、夜11路、夜44路
山村,山村#1,山村站,BV11687869,1,山村（地铁石围塘站）①,113.222413,23.105272,19路、206路、207路、236路、309路、411路、414路、52路、55路、75路、783路、838路、839路、91路、990路、夜11路、夜29路、夜69路、广277路、广281路、广夜67路
山村,山村#2,山村,BV09367689,,山村,113.831826,23.162051,增城18路、增城55路
山村路,山村路,山村路,BV10638157,,,113.224263,23.105773,783路
山底下社路口站,山底下社路口,山底下社路口站,BV11491308,,山底下社路口,113.651113,23.721108,从608路
山海连城,山海连城,山海连城,BV11061616,,山海连城,113.506173,23.019286,番131路、番133路高峰短线、番77路
山海连城总站,山海连城总,山海连城总站,BV09341766,,山海连城总站,113.504550,23.019182,番31路
山海湾南门,山海湾南门,山海湾南门站,BV11507781,,山海湾南门,113.486198,22.951215,番151路、番162路、番夜4路
山口村,山口村,山口村,BV11118813,,山口村,113.755605,23.403353,增城19路、增城41路、增城69路
山口园路站,山口园路站,山口园路站,BV11541073,,,113.195396,23.201366,
山龙村北,山龙村北,山龙村北,BV09409115,,山龙村北,113.510399,23.343261,343路
山龙村委,山龙村委,山龙村委,BV10017607,,山龙村委,113.509809,23.339253,342路
山马塘,山马塘,山马塘,BV11398032,2,山马塘2,113.361880,23.656748,
山马塘,山马塘,山马塘2,BV11596288,2,山马塘1,113.362443,23.657281,从408路
山马塘,山马塘,山马塘1,BV11596289,1,山马塘1,113.366301,23.658418,从408路
山美村站,山美村,山美村站,BV11452842,,山美村,113.601868,23.319707,增城89路
山门村,山门村,山门村,BV10023064,,山门村,113.444589,22.994070,番128路、番62路
山门牌坊,山门牌坊,山门牌坊,BV10023063,,山门牌坊,113.445170,22.997030,番128路、番62路
山清水秀花园,山清水秀花园,山清水秀花园,BV11271102,,山清水秀花园,113.219300,23.489119,花25B路
山水塘,山水塘,山水塘,BV11198732,,山水塘,113.688078,23.581710,从13路、从701路、从化13路
山塘,山塘,山塘,BV09017014,,,113.977295,23.773124,从503路
山塘村,山塘村,山塘村,BV11379607,,山塘村,113.602644,23.389706,增城54路、增城87路
山田村,山田村,山田村,BV11631835,,山田村,113.745813,23.280805,增城11路、增城12路、增城13路、增城2路、增城49路、增城4路、增城81路
山田村委站,山田村委,山田村委站,BV11193726,,山田村委,113.316446,23.620759,从403路
山田地铁站,山田地铁,山田地铁站,BV11118525,,山田地铁站,113.740869,23.279518,增城11路、增城12路、增城13路、增城2路、增城49路、增城4路、增城81路
山田地铁西站,山田地铁西,山田地铁西站,BV09193095,,,113.734810,23.278082,增城11路、增城13路、增城2路、增城49路、增城4路、增城81路
山田社,山田社,山田社,BV11193728,,山田社,113.321691,23.622081,从403路
山下安置区,山下安置区,山下安置区,BV10431530,,山下安置区,113.239926,23.411530,花16路、花18路
山下村路口,山下村路口,山下村路口站,BV11491310,,山下村路口,113.722028,23.705232,从605路
山下村委,山下村委,山下村委站,BV11457964,,山下村委,113.629245,23.550823,从905路
山心总站,山心总,山心总站,BV11484097,,山心总站,113.314792,23.619755,从403路
山子眉,山子眉,山子眉,BV11420914,,山子眉站,113.511279,23.645428,从18路、从901路、从902路
山子尾,山子尾,山子尾,BV11258159,,,113.511648,23.645269,从901路
杉边马新村,杉边马新村,杉边马新村,BV09231263,,杉边马新村,113.366299,23.308322,758路、827路
杉山巷路口,杉山巷路口,杉山巷路口,BV11628275,,杉山巷路口,113.480618,23.237138,392路
珊瑚,珊瑚,珊瑚,BV11645794,,珊瑚,112.956882,23.437830,花81路
珊瑚村委,珊瑚村委,珊瑚村委,BV11399881,,珊瑚村委总站,113.452056,23.694184,从407路
珊瑚村委总站,珊瑚村委总,珊瑚村委总站,BV11491321,,珊瑚村委总站,113.452086,23.694227,从407路
珊瑚里村站,珊瑚里村,珊瑚里村站,BV10532309,,珊瑚里村,112.961503,23.440401,花81路
珊景步行街(和乐路),珊景步行街(和乐路),珊景步行街,BV09289835,,,113.355274,23.294836,太和1线便民车专线
珊景步行街(和乐路),珊景步行街(和乐路),珊景步行街(和乐路),BV11480662,,,113.355274,23.294836,太和1线便民车专线
善贤街,善贤街,善贤街,BV09368263,,善贤街,113.201661,23.168181,广746路
商贸城,商贸城,商贸城,BV10381621,,商贸城,113.595429,23.533132,从8路
商业步行街,商业步行街,商业步行街,BV11645300,,商业步行街,113.114514,23.112948,佛251路
商业大道北(北社),商业大道北(北社),商业大道北(北社),BV11632955,,,113.053658,23.174234,佛278路
商业大厦,商业大厦,商业大厦,BV11690553,,,112.449920,23.030858,广州-肇庆
上坳,上坳,上坳,BV10394550,,,112.952128,23.390627,655A线、655B路、655路
上白坭,上白坭,上白坭,BV10619181,,上白坭,113.161885,23.104813,佛200路、佛250路
上白泥,上白泥,上白泥,BV11626258,,,113.161883,23.104813,佛250路
上柏,上柏,上柏,BV10251715,,上柏,113.019408,23.076849,佛250路
上步村,上步村,上步村,BV11688399,2,上步村（地铁上步站）,113.230036,23.171025,134路、179路、17路、215路、238路、524路、527路、539路、545路、71路、832路、975路、夜122路、夜15路、夜21路、夜2路、夜76路、夜80路
上步总站,上步总,上步总站,BV10019032,,上步总站,113.232036,23.172132,179路
上埔庄路口,上埔庄路口,上埔庄路口,BV09238941,,上埔庄路口,113.535895,23.352064,350路、351路
上村,上村,上村,BV10018333,,,113.388532,22.781492,南47路
上大埔路口,上大埔路口,上大埔路口,BV11334264,,上大埔路口,113.489698,23.427324,从804路、从805路、从809路
上渡头(独树岗),上渡头(独树岗),上渡头(独树岗),BV11147522,,,112.946083,23.369026,655B路、655路
上扶罗,上扶罗,上扶罗,BV10021538,,上扶罗,113.842586,23.315503,增城17路
上高潭,上高潭,上高潭,BV11115201,,上高潭,113.631751,23.487357,从302路
上合,上合,上合,BV10262680,,,113.666163,23.067884,莞609路
上基村路口,上基村路口,上基村路口,BV11305423,,,113.681458,23.156485,增城90路
上漖,上漖,上漖,BV10015051,,上漖,113.304853,23.040811,129路、288路、301A路、301路、303路、309路、311路、51路、562路、公交地铁接驳专线4路、公交地铁接驳专线5路、夜102路、夜133路、夜20路、夜61路、夜88路、番13路、番146路、番17路、番17路长线、番183路、番186路、番188路、番25路、番53路、番91路
上境村,上境村,上境村,BV10015381,,上境村,113.712290,23.173427,增城13路、增城14路、增城37路、增城39路、增城90路
上九东,上九东,上九东,BV10016156,1,上九东,113.247632,23.119738,124路、128路、134路、186路、209路、217路、2路、31路、38路、4路、556路、66路、823路、8路、夜121路、夜16路、夜26路、夜31路、夜6路、夜72路、夜7路
上九路,上九路,上九路,BV11265529,,上九路,113.246014,23.118398,2路、3路、6路、夜5路
上九陂村,上九陂村,上九陂村,BV11447928,,,113.768106,23.567334,增城16路
上九坡村,上九坡村,上九坡村,BV11627810,,,113.768075,23.567366,增城61路
上卢塘,上卢塘,上卢塘,BV10982601,,上卢塘,113.409595,23.694453,从10路
上罗村委,上罗村委,上罗村委,BV11312999,,上罗村委,113.638458,23.484669,从302路
上南村,上南村,上南村,BV10019239,,上南村,113.350789,23.277929,246路、504路、夜74路
上坭村站,上坭村,上坭村站,BV10014916,,上坭村,113.376818,22.877441,南48路、南68路快线、南沙33路、南沙65路、南沙67路、南沙68路、番142路
上坭小学站,上坭小学,上坭小学站,BV10742365,,上坭小学,113.371198,22.879038,南沙68路
上棚村,上棚村,上棚村,BV11555490,,,113.640363,23.311331,增城52路、增城54路
上沙村,上沙村,上沙村,BV11688723,,上沙村,113.157990,23.151762,佛244路、佛沥12高峰线、广281路、沥12路
上沙竹园,上沙竹园,上沙竹园,BV10256070,,,113.159648,23.154550,佛沥12高峰线
上山背村,上山背村,上山背村,BV11156862,,上山背村,113.765579,23.463144,增城15路、增城16路、增城41路
上邵村,上邵村,上邵村,BV10015419,,上邵村,113.638127,23.163699,增城29路、增城34路、增城36路、增城39路、增城9路
上邵工业区,上邵工业区,上邵工业区,BV11633009,,,113.637494,23.157819,增城20路
上邵工业区北,上邵工业区北,上邵工业区北,BV11641190,,,113.636648,23.159122,增城21路、增城44路
上社,上社,BRT上社S1,BV09172264,1,BRT上社S1,113.360020,23.134893,B20路、B5路
上社,上社,BRT上社N1,BV09350120,1,BRT上社N1,113.361527,23.134626,B17路
上社,上社,BRT上社N1,BV09375067,1,,113.361611,23.134588,B16路、B21路、B5路
上社,上社,BRT上社站N2子站,BV09386856,,,113.360317,23.135113,B12路
上社,上社,上社,BV11694281,2,BRT上社2,113.360634,23.134991,B12路、B16路、B17路、B1路、B20路、B21路、B25路、B2A路、B2路、B3路、B4A路、B4路、B8路、夜17路、夜19路、夜25路、夜34路、夜36路、夜38路、夜41路、夜43路、夜48路、夜68路、夜9路、B14路
上社路口,上社路口,上社路口,BV10866350,,上社路口,113.188323,23.310962,472路、825路
上水,上水,上水,BV11623811,,上水,113.470095,23.424632,714路、从5路长线、从805路、夜116路、高峰快线72路
上水(广州老人院),上水(广州老人院),上水(广州老人院),BV11621267,,上水,113.471795,23.427579,714路、从805路、夜116路、高峰快线72路
上水广州老人院,上水广州老人院,上水广州老人院,BV09367829,,,113.471795,23.427579,从5路长线
上堂,上堂,上堂1,BV09169832,1,上堂,113.450611,23.137198,324路、326路、339路、344路、355路、943路、夜104路、320路
上堂,上堂,上堂,BV11690379,2,上堂,113.451121,23.139151,324路、326路、338路、339路、344路、347路、459路、943路、B24路、夜97路、320路
上塘村,上塘村,上塘村,BV11629206,,,113.724846,23.412450,增城58路
上塘村委,上塘村委,上塘村委,BV10977072,,上塘村委,113.495928,23.543677,从803路
上塘小学,上塘小学,上塘小学,BV11626273,,上塘小学,113.493465,23.544914,从803路
上围,上围#1,上围,BV10875074,,上围,113.507812,23.648209,从18路、从901路、从902路
上围,上围#2,上围,BV11152749,,上围,113.916881,23.811867,从505路
上围村,上围村,上围村,BV10023699,,上围村,113.825373,23.150013,增城18路、增城76路、莞76路
上围朱仙路,上围朱仙路,上围朱仙路,BV11477246,,上围朱仙路,113.703206,23.219333,增城13路、增城65路
上屋,上屋,上屋,BV11459347,,上屋,113.577044,23.318433,441路
上西村路口站,上西村路口,上西村路口站,BV11482397,,,113.394891,23.713506,从911路
上下九步行街,上下九步行街,上下九步行街,BV11545108,,上下九步行街,113.240780,23.115569,530路、61路
上新,上新,上新,BV11119544,,,113.660233,23.368073,增城53路
上涌,上涌,上涌2,BV09175488,2,上涌②,113.309574,23.082879,122路、195路、230路、239路、247路、301A路、305路、51路、562路、836路、88路、B7路、B7路快线、商务专线5路、夜101路、夜28路、夜30路、夜34路、夜61路、夜88路、964路
上涌,上涌,上涌,BV10014360,1,上涌①,113.309577,23.082888,122路、195路、211路、239路、247路、264路、51路、562路、779路、88路、B7路、夜28路、夜30路、夜33路、夜34路、夜6路、高峰快线35路、964路
上涌果树公园,上涌果树公园,上涌果树公园,BV10019074,,上涌果树公园,113.303527,23.080591,583路、761路
上涌果树公园南门,上涌果树公园南门,上涌果树公园南门,BV10791016,,上涌果树公园南门,113.302142,23.073135,466路、779路
上涌南,上涌南,上涌南,BV09005254,1,上涌南①,113.307436,23.076103,122路、195路、211路、230路、239路、247路、301A路、305路、51路、562路、779路、836路、88路、B7路、B7路快线、夜101路、夜20路、夜28路、夜30路、夜33路、夜34路、夜88路、964路
上油罗村,上油罗村,上油罗村,BV11650592,,上油罗村,113.691426,23.314642,增城49路、增城50路
上游路总站,上游路总,上游路总站,BV11278285,,,113.601439,23.551035,从3路
上元,上元,上元,BV10461236,,上元,113.065665,22.993352,佛251路
上元岗,上元岗,上元岗,BV11687888,2,上元岗②,113.341400,23.177511,257路、297路、30路、345A路、346路、39路、46路、498路、503路、54路、564路、83路、84A路、84路、884路、89路、B11路、B12路、夜100路、夜10路、夜70路、夜71路、高峰快线21路、高峰快线80路
上中坑村,上中坑村,上中坑村,BV10555844,,上中坑村,113.528015,23.383018,351路
上庄,上庄,上庄,BV10338271,,上庄,113.418234,23.075705,383路、430路、夜65路
尚东阳光,尚东阳光,尚东阳光,BV11218556,,尚东阳光,113.566459,23.106787,增城39路
尚上名筑,尚上名筑,尚上名筑,BV10019760,,尚上名筑,113.482170,22.959069,番111路、番148路、番160路、番162B路、番93路、番夜3路
少管所,少管所,少管所,BV11481844,,少管所,113.229867,23.199077,176路、271路、428路、524路、757路、夜21路
少年宫(临时站),少年宫(临时站),少年宫(临时站),BV09353887,,,113.511091,22.785840,
少年宫临时站,少年宫临时,少年宫临时站,BV09357180,,,113.510610,22.785792,南沙20路、南沙G2路、南沙G3路
邵边,邵边,邵边,BV10325981,,邵边,113.156013,23.104449,佛200路、佛250路
畲族村,畲族村,畲族村,BV11119392,,畲族村,113.983668,23.342447,增城67路
蛇龙北,蛇龙北,蛇龙北,BV11689456,,蛇龙北,113.131189,23.107661,佛236路、佛251路、佛263路、佛263路短线、佛278路
蛇龙南,蛇龙南,蛇龙南,BV10256140,,蛇龙南,113.130915,23.103280,佛200路
社边街,社边街,社边街,BV11522305,,社边街,113.461473,23.421658,738路
射击场,射击场,射击场,BV11687904,,,113.344240,23.181070,30路、345A路、346路、39路、564路、83路、84A路、84路、B12路、夜100路、夜10路、夜71路
申通物流,申通物流,申通物流站,BV11330445,,申通物流,113.345510,23.320197,797路、985路
诜村村委会,诜村村委会,诜村村委会,BV11438559,,诜村村委会,113.298633,23.013600,番181路
诜村路口,诜村路口,诜村路口,BV11438558,,诜村路口,113.301018,23.014580,番181路
诜村总站,诜村总,诜村总站,BV10023213,,诜村总站,113.296028,23.010799,番181路
莘田村,莘田村,莘田村,BV10888823,,,112.948722,23.401046,655A线、655B路、655路
莘田村委,莘田村委,莘田村委,BV10018786,,莘田村委,113.407889,23.412642,709路
莘田工业区,莘田工业区,莘田工业区,BV10018787,,莘田工业区,113.411317,23.417877,709路
莘田牌坊,莘田牌坊,莘田牌坊,BV10573528,,,112.944206,23.411331,655A线、655B路、655路
莘田小学,莘田小学,莘田小学,BV11448861,,莘田小学,113.405848,23.409606,709路
深航花园,深航花园,深航花园,BV11621688,,深航花园,113.224565,23.403787,花22路、701路
深井,深井,深井,BV09224685,,深井,113.403069,23.070545,332路、361路、383路、夜65路
深井码头总站,深井码头总,深井码头总站,BV10497615,,深井码头总站,113.403466,23.081557,430路
深井文塔公园,深井文塔公园,深井文塔公园站,BV10021362,,深井文塔公园,113.406136,23.072256,332路、361路、383路、夜65路
深沙村,深沙村,深沙村,BV10019768,,深沙村,113.508059,22.944842,番148路
深沙尾,深沙尾,深沙尾,BV10019769,,深沙尾,113.507581,22.936745,番148路
深湾村站,深湾村,深湾村站,BV10023466,,深湾村,113.574173,22.766029,九王庙临时接驳线内环、九王庙临时接驳线外环、南沙5路、南沙62路
深涌村,深涌村#1,深涌村,BV10252109,,深涌村,113.175609,23.031661,K201路、桂23路
深涌村,深涌村#2,深涌村,BV11441816,,深涌村,113.698572,23.147796,增城14路
深涌工业区,深涌工业区,深涌工业区,BV09298630,,深涌工业区,113.173542,23.037575,佛232路
神岗村,神岗村,神岗村,BV10020876,,神岗村,113.528355,23.491143,从5路、从5路长线、从904路、从夜1路
神岗村,神岗村,神岗村(东行),BV11633064,,,113.528112,23.491030,从904路
神岗村委,神岗村委,神岗村委,BV10024223,,神岗村委,113.690965,23.261035,增城12路、增城13路
神岗大桥,神岗大桥,神岗大桥,BV11369778,,神岗大桥,113.522827,23.488428,从803路
神岗墟,神岗墟,神岗墟,BV10945004,,神岗墟,113.523676,23.486393,从5路、从5路长线、从802路、从803路、从807路、从808路、从夜1路
神岗中学,神岗中学,神岗中学,BV10020874,,神岗中学,113.521003,23.483160,从5路、从5路长线、从802路、从803路、从807路、从808路、从夜1路
神棋路口(G355线),神棋路口(G355线),神棋路口,BV10621025,,神棋路口,113.459138,23.590396,从10路、从9路
神棋路口(G355线),神棋路口(G355线),神棋路口(G355线),BV11626271,,神棋路口（S355线）,113.458041,23.590044,从803路
神山,神山,神山,BV09000493,,神山,113.182083,23.335344,472路、707路、750路、825路、829路、花73路
神山大道西,神山大道西,神山大道西站,BV11488073,,神山大道西,113.183962,23.335269,472路、522路、722路、829路
神山商贸城,神山商贸城,神山商贸城站,BV11688052,,神山商贸城,113.190912,23.335450,472路、522路、707路、722路、750路、825路、829路、花73路
神山医院,神山医院,神山医院,BV11627349,,神山医院,113.183025,23.331357,721路
神山总站,神山总,神山总站,BV10013876,,神山,113.181346,23.335292,522路、707路、721路、722路、花73路
神州路,神州路,神州路,BV09388804,,,113.426925,23.163978,夜81路
神舟路,神舟路,神舟路,BV11467005,,神舟路（绿地智慧广场）,113.427032,23.164037,448路、506路、B22路、B4A路
神舟路南,神舟路南,神舟路南,BV11316452,,,113.427009,23.165740,
神舟路员工楼,神舟路员工楼,神舟路员工楼,BV10023975,,神舟路员工楼,113.428681,23.180493,325路
神舟路中,神舟路中,神舟路中,BV11668243,,,113.427008,23.170226,科学城3号交通专线/K3路
沈山下路口,沈山下路口,沈山下路口,BV09139856,,,113.709737,23.616168,从19路密石班车
生活二区路口,生活二区路口,生活二区路口,BV10252254,,,113.027393,23.148971,佛275路
生南,生南,生南,BV11316709,,生南,113.221836,23.048966,410路
生水塘,生水塘,生水塘,BV09017012,,,113.688078,23.581710,从13路、从701路、从化13路
生态小镇,生态小镇,生态小镇,BV11152739,,生态小镇,113.724375,23.701811,从606路
生物产业园人才公寓,生物产业园人才公寓,生物产业园人才公寓,BV09368637,,生物产业园人才公寓,113.550978,23.286082,442路
生物岛叠翠园,生物岛叠翠园,生物岛叠翠园,BV10018641,,生物岛叠翠园,113.370827,23.069119,353路
生物岛水墨园,生物岛水墨园,生物岛水墨园,BV10456438,,生物岛水墨园,113.376526,23.074246,353路
生物研究院,生物研究院,生物研究院站,BV10846988,,生物研究院,113.507985,23.161582,327A路、336路、338路、373路、569路、夜49路
省第二中医院,省第二中医院,省第二中医院,BV11480682,,省第二中医院,113.279956,23.146632,10路、184路、245路、247路、297路、546路、547路、706路、706路早间短线、夜4路、110路、109路
省电校,省电校,省电校,BV11688325,,省电校,113.398638,23.194701,345A路、491路、494路、497路、564路、83路、901路、夜100路
省妇幼,省妇幼,省妇幼,BV11472525,,省妇幼,113.244434,23.152793,176路、179路、198路、268路、274路、46路、480路、523A路、523路快线、530路、538路、7路、803路、夜77路、夜95路、高峰快线80路
省妇幼保健院(金新大道),省妇幼保健院(金新大道),省妇幼保健院(金新大道),BV09117349,,省妇幼保健院（金新大道）,113.362142,23.020092,番71路
省交警指挥中心,省交警指挥中心,省交警指挥中心,BV10018934,,省交警指挥中心,113.284909,23.227132,665路、804路、夜76路
省戒毒基地,省戒毒基地,省戒毒基地,BV10751555,,省戒毒基地,113.263416,23.218743,251路、425路、510路、528路、58路、665路、夜35路
省军区,省军区,省军区,BV09012731,1,省军区,113.313713,23.156133,136路、236路、252路、27路、298路、30路、32路、508路、84A路、84路、884路、B12路、B18路、夜14路、夜5路、夜69路、夜70路
省旅游学校,省旅游学校,省旅游学校,BV10016351,,省旅游学校,113.317310,23.209034,126路、136路、792A路、804路、832路、833路、864路、夜90路、夜95路
省贸易学校路口,省贸易学校路口,省贸易学校路口,BV10471821,,,113.255951,23.498766,花83B路
省农干科干院,省农干科干院,省农干科干院,BV09355604,,省农干科干院,113.353066,23.147484,210路、214路、266路、363路、405路、503路、508路、776路、813路、B18路、B18路快线、B19路、大学城专线1路、大学城专线2路、高峰快线24路
省轻工学院,省轻工学院,省轻工学院,BV11415012,,省轻工学院,113.784078,23.228066,增城82路
省荣军医院(荣校),省荣军医院(荣校),省荣军医院(荣校)2,BV09091929,2,省荣军医院（荣校）②,113.286319,23.095165,190路、264路、53路、88路、大学城专线3路
省荣军医院(荣校),省荣军医院(荣校),省荣军医院(荣校),BV09335698,1,省荣军医院（荣校）①,113.288753,23.094367,190路、250路、88路、93路
省荣军医院(荣校),省荣军医院(荣校),省荣军医院,BV11688347,1,省荣军医院（荣校）①,113.288463,23.094574,14路、184路、206路、208路、211路、226路、263路、264路、270路、53路、69路、823路、93路、B9路、夜12路、夜23路、夜24路、夜29路、夜30路、夜37路、夜43路、夜45路、夜8路、大学城专线3路
省银行医院,省银行医院,省银行医院站,BV11480681,,省银行医院,113.285419,23.146493,184路、297路、547路、706路、706路早间短线、110路、109路
省质检基地,省质检基地,省质检基地,BV10253577,,,113.325445,22.811781,307路/佛307路
省中医二沙分院,省中医二沙分院,省中医二沙分院,BV11312274,,,113.297170,23.112110,131A路、194路、781路、89路、B21路
省中医院,省中医院,省中医院,BV10016247,,省中医院,113.251860,23.120113,124路、209路、217路、3路、541路、66路、6路、82路、夜121路、夜39路、夜5路、夜72路、110路、106路
省中医院大学城医院,省中医院大学城医院,省中医院大学城医院,BV10016021,,省中医院大学城医院,113.385433,23.050751,361路、383路、384路/384路旅游专线、387路、86路、夜48路、夜50路、大学城专线4路、番微公交7路
圣丰混凝土公司,圣丰混凝土公司,圣丰混凝土公司,BV10467868,,圣丰混凝土公司,113.229324,23.465665,花83路
胜塘,胜塘,胜塘,BV11393409,,胜塘,113.745195,23.758859,从601路
胜洲村,胜洲村,胜洲村,BV10416289,,胜洲村总站,113.488666,23.018588,番131路
盛龙社区,盛龙社区,盛龙社区,BV10020038,,盛龙社区总站,113.451305,23.032853,番76路
盛路通信路口,盛路通信路口,盛路通信路口,BV10252774,,,112.913908,23.213076,655A线、655B路、655路
盛世名门,盛世名门,盛世名门,BV11346676,,,113.595168,23.127570,增城29路
盛泰花园,盛泰花园,盛泰花园,BV10023193,,盛泰花园,113.375959,22.937508,番19路
师大后门,师大后门,师大后门1,BV09370113,1,师大后门,113.340060,23.142998,夜53路
师大后门,师大后门,师大后门,BV11081664,,师大后门,113.340261,23.143248,130路、191路、20路、218路、298路、41路、775路、78A路、78路、B10路、B11路、B17路、夜23路、高峰快线32路
师大暨大,师大暨大,师大暨大,BV09241986,2,师大暨大,113.342416,23.138488,B11路、B12路、B1路、B21路、B25路、B2A路、B2路、B3路、B4路、夜17路、夜19路、夜25路、夜34路、夜38路、夜41路、夜43路、夜48路、夜68路、夜9路、空港快线2号线夜班、空港快线2线
师大暨大,师大暨大,师大暨大,BV11688561,2,BRT师大暨大2,113.341478,23.138997,B12路、B16路、B17路、B1路、B20路、B21路、B25路、B2A路、B2路、B3路、B4路、B5路、B9路、夜17路、夜19路、夜25路、夜34路、夜38路、夜41路、夜43路、夜48路、夜68路、夜9路
诗书路,诗书路,诗书路,BV10018605,,诗书路,113.249256,23.122465,58路
狮诚医院站,狮诚医院,狮诚医院站,BV10435235,,,113.170038,23.464494,花81路
狮城国际(合和路),狮城国际(合和路),狮城国际(合和路),BV11592996,,,113.181520,23.446878,花25路
狮地村,狮地村,狮地村,BV10555843,,狮地村,113.533395,23.376337,351路
狮峰中学,狮峰中学,狮峰中学,BV10023910,,狮峰中学,113.157253,23.464267,花25路、花88路、花88路短线、花89路
狮岭大道西,狮岭大道西,狮岭大道西,BV11637750,,狮岭大道西,113.172020,23.455406,715路、夜92路、花25路、花62路、花81路、花83路、花88路、花89路
狮岭大道中,狮岭大道中,狮岭大道中,BV09310134,,狮岭大道中,113.183430,23.445970,715路、夜92路、花62路、花81路
狮岭工商学院,狮岭工商学院,狮岭工商学院,BV11284654,,,113.177349,23.443819,花31B路
狮岭利和路,狮岭利和路,狮岭利和路,BV11466588,,狮岭利和路,113.140076,23.464382,花23路
狮岭龙头市场,狮岭龙头市场,狮岭龙头市场,BV11552456,,狮岭龙头市场,113.168657,23.460539,花81路、花83路、花88路短线
狮岭汽车站,狮岭汽车,狮岭汽车站,BV10015488,,狮岭汽车站,113.145732,23.462114,花80路、花81A路、花88路、花88路短线
狮岭汽车站总站,狮岭汽车站总,狮岭汽车站总站,BV11306579,,狮岭汽车站总站,113.145902,23.462149,花62路
狮岭前进村卫生站,狮岭前进村卫生,狮岭前进村卫生站,BV11450305,,,113.141935,23.468387,花89路
狮民村总站,狮民村总,狮民村总站,BV11382870,,,113.309679,23.516075,花17路C
狮山大学城总站,狮山大学城总,狮山大学城总站,BV10338819,,,113.024346,23.163496,佛275路
狮山高级中学,狮山高级中学,狮山高级中学,BV10791685,,狮山高级中学,112.980181,23.105722,佛263路
狮山高速路口,狮山高速路口,狮山高速路口,BV10252456,,狮山高速路口,113.010482,23.129719,佛263路
狮山海逸桃源花园,狮山海逸桃源花园,狮山海逸桃源花园,BV11402526,,,113.064813,23.160792,佛278路
狮山派出所松岗警务区,狮山派出所松岗警务区,狮山派出所松岗警务区,BV10450602,,,113.095599,23.148883,佛244B路
狮山石门高级中学,狮山石门高级中学,狮山石门高级中学,BV11688707,,狮山石门高级中学,112.999774,23.126509,佛263路
狮象村委,狮象村委,狮象村委,BV11116061,,狮象村委,113.907877,23.806964,从505路
十八罗汉景区正门站,十八罗汉景区正门,十八罗汉景区正门站,BV10405463,,十八罗汉景区正门,113.397080,22.797201,南沙58路
十八亩,十八亩,十八亩,BV10252549,,十八亩,113.029400,23.053084,佛277路
十二队站,十二队,十二队站,BV10015923,,,113.472759,22.833380,南51路
十二岭路,十二岭路,十二岭路,BV10019001,,十二岭路,113.292431,23.220464,981路
十二涌站,十二涌,十二涌站,BV10015830,,十二涌,113.592382,22.656479,南25路、南沙16路
十九路军陵园,十九路军陵园,十九路军陵园,BV10016136,,十九路军陵园,113.301958,23.148854,192路、199路、27路、547路、6路、78路、夜14路
十九涌站,十九涌,十九涌站,BV10326958,,十九涌,113.641055,22.603135,南25路、南沙G1路、南沙旅游1路
十里江湾,十里江湾,十里江湾,BV11111199,,,113.586598,23.023322,莞619路
十里江湾北,十里江湾北,十里江湾北,BV09316249,,,113.583905,23.026683,莞86路
十里尚堤西苑,十里尚堤西苑,十里尚堤西苑,BV09385654,,十里尚堤西苑,113.165060,23.160480,佛沥12高峰线、里17路
十六涌站,十六涌,十六涌站,BV10024031,,,113.621760,22.631162,南21路
十三队站,十三队,十三队站,BV10015920,,,113.475063,22.822463,南51路
十三社,十三社,十三社,BV11595177,,十三社总站,113.579808,23.438733,从804路
十三涌,十三涌,十三涌,BV10017243,,十三涌,113.595910,22.653078,南25路、南沙16路
十四队站,十四队,十四队站,BV10015921,,,113.473513,22.826515,南51路
十四涌水产市场,十四涌水产市场,十四涌水产市场,CL100009,,十四涌水产市场,113.604736,22.645256,南沙旅游1路
十涌,十涌,十涌,BV10017245,,十涌,113.576728,22.671782,南25路、南沙16路
十涌半临时站,十涌半临时,十涌半临时站,BV09395192,,,113.579853,22.668973,南25路
十字滘村,十字滘村,十字滘村,BV10601539,,十字滘村,113.711589,23.149313,增城14路
十字路口站,十字路口,十字路口站,BV11352952,,,113.471731,23.433678,从806路
石安路,石安路,石安路站,BV11671985,,石安路,113.221634,23.207154,757路
石安路东,石安路东,石安路东,BV09073407,,石安路东,113.225804,23.203975,757路
石北中学,石北中学,石北中学,BV09201090,,石北中学,113.299268,23.022475,番145路、番181路、番182路、番185路
石壁街道办,石壁街道办,石壁街道办,BV10019720,,石壁街道办,113.288459,22.978351,番101路、番99路、番夜5路
石壁路口(汉溪大道中),石壁路口(汉溪大道中),石壁路口,BV09000362,,石壁路口,113.307107,22.988097,288路、301A路、301路、番100路、番109路、番13路、番25路、番91路、番96路
石壁路口(汉溪大道中),石壁路口(汉溪大道中),石壁路口(汉溪大道中),BV11611788,,石壁路口,113.304694,22.988969,番100路
石壁小学,石壁小学,石壁小学,BV10023011,,石壁小学,113.268159,23.003351,番101短线、番145路、番185路
石壁一村,石壁一村,石壁一村,BV11446008,,石壁一村总站,113.269288,23.002811,番185路
石壁中学,石壁中学,石壁中学,BV10023026,,石壁中学,113.260610,22.979390,番101短线、番101路、番99路
石壁中学总站,石壁中学总,石壁中学总站,BV11451734,,石壁中学总站,113.260652,22.979385,番101短线
石槎路(地铁聚龙站),石槎路(地铁聚龙站),石槎路,BV09242095,2,石槎路（地铁聚龙站）②,113.233747,23.185158,527路、63路、7路、夜77路、夜80路、夜94路
石槎路(地铁聚龙站),石槎路(地铁聚龙站),石槎路(地铁聚龙站),BV11464892,2,石槎路（地铁聚龙站）,113.233830,23.185064,539路、夜80路、259路
石槎路中,石槎路中,石槎路中,BV11463002,,石槎路中,113.237615,23.201766,426路环线、527路、539路、63路、730路、7路、840路、夜22路、夜77路、夜80路、夜94路、259路
石槎路总站,石槎路总,石槎路总站,BV10016204,,石槎路总站（金碧新城）,113.237957,23.205830,63路、7路
石床,石床,石床,BV11169368,,石床,113.697595,23.720261,从608路
石东路口,石东路口,石东路口,BV11671367,,石东路口,113.224244,23.205045,757路
石二社,石二社,石二社,BV11399885,,石二社,113.445296,23.681674,从407路
石丰路口,石丰路口,石丰路口,BV09006131,,石丰路口,113.219726,23.204287,126路、17路、280路、705路、夜90路
石岗村,石岗村,石岗村站,BV11690355,,石岗村,113.207069,23.415129,花76路、花7路
石岗村(亚运大道)站,石岗村(亚运大道)#1,石岗村,BV09197108,,石岗村（亚运大道）,113.395629,22.938561,番93路、番99路、番微公交3路
石岗村(亚运大道)站,石岗村(亚运大道)#1,石岗村(亚运大道)站,BV09200218,,石岗村（亚运大道）,113.395629,22.938561,301路、南沙54路、番148路、番160路、番1路、番29路、番6路、番93路、番97路、番93路短线
石岗东村,石岗东村,石岗东村,BV10899406,,石岗东村,113.391972,22.942001,番100路、番10路、番111路、番3路、番68路、番92路/番92路
石岗东街,石岗东街,石岗东街,BV11682557,,石岗东街,113.248910,23.210706,982路
石岗二桥,石岗二桥,石岗二桥,BV11440363,,,113.219711,23.426704,花6路
石岗路,石岗路,石岗路,BV10021823,,石岗路,113.269743,23.070450,530路、87路
石岗路(绿地滨江汇),石岗路(绿地滨江汇),石岗路(绿地滨江汇),BV11317279,,石岗路（绿地滨江汇）,113.268394,23.067594,87路
石岗路(绿地滨江汇)总站,石岗路(绿地滨江汇)总,石岗路(绿地滨江汇)总站,BV10021824,,石岗路（绿地滨江汇）,113.268394,23.067594,530路
石岗路口,石岗路口,石岗路口,BV10019490,,石岗路口,113.270979,23.072918,530路、87路
石岗西村,石岗西村,石岗西村,BV11689913,,石岗西村,113.386661,22.940336,番100路、番10路、番111路、番3路、番68路、番92路/番92路
石岗西基街,石岗西基街,石岗西基街,BV11682558,,石岗西基街,113.247665,23.211348,982路
石岗小学,石岗小学,石岗小学,BV11384019,,石岗小学,113.216862,23.423876,花19路、花6路、花86路
石古塘,石古塘,石古塘,BV11115180,,石古塘,113.712263,23.566846,从701路
石海村,石海村,石海村,BV11115200,,石海村,113.633666,23.571690,从13路、从19路密石班车、从906路、从化13路
石海村委,石海村委,石海村委,BV11023922,,石海村委,113.644628,23.578331,从13路、从19路密石班车、从906路、从化13路
石海小学,石海小学,石海小学,BV11115178,,石海小学,113.638261,23.574414,从13路、从19路密石班车、从化13路
石合路口,石合路口,石合路口,BV10017878,,石合路口,113.541895,23.567157,从3路
石湖部队,石湖部队,石湖部队,BV11582343,,石湖部队,113.337320,23.278900,799路、837路
石湖村,石湖村#1,石湖村,BV11398538,,石湖村,113.342970,23.287649,471路、799路、837路
石湖村,石湖村#2,石湖村,BV11398539,,石湖村,113.736096,23.212227,增城34路快线、增城64路、增城65路、增城9路
石湖村东,石湖村东,石湖村东,BV10021226,,,113.350590,23.291614,471路
石湖村口,石湖村口,石湖村口,BV11171952,,石湖村口,113.328694,23.287077,529路、563路、751路、833路、夜76路、夜86路
石湖路口,石湖路口,石湖路口,BV11439690,,石湖路口,113.116988,23.340126,花24路
石湖镇东路总站,石湖镇东路总,石湖镇东路总站,BV11517083,,,113.344927,23.286639,471路
石湖洲(社堂村),石湖洲(社堂村),石湖洲(社堂村),BV10639914,,,112.914059,23.221184,655A线、655B路、655路
石湖总站,石湖总,石湖总站,BV10382240,,,113.337243,23.278756,736路
石化路(东勤路口),石化路(东勤路口),石化路(东勤路口),BV09070825,,石化路（东勤路口）,113.464384,23.137768,338路、347路、B24路、夜97路
石化路口,石化路口,石化路口,BV10022083,,石化路口,113.459200,23.101574,夜41路
石化路总站,石化路总,石化路总站,BV10018276,,石化路总站,113.463579,23.109297,210路、517路、B17路、夜46路
石化南一街,石化南一街,石化南一街,BV10021331,,石化南一街,113.471035,23.109510,431路
石化生活区,石化生活区,石化生活区站,BV10018100,,石化生活区,113.463971,23.107152,210路、432A路、459路、517路、B26路、夜46路
石化生活区南,石化生活区南,石化生活区南,BV11591687,,石化生活区南,113.469892,23.105364,360路、390路、夜73路、广369路、320路
石化小学,石化小学,石化小学,BV10021330,,石化小学,113.469670,23.107070,431路
石基村,石基村,石基村,BV11476853,,,113.434819,22.951158,番80路
石基村(市南路),石基村(市南路),石基村(市南路)站,BV09347034,,石基村（市南路）,113.420465,22.896491,南35路、南48路、南52路、南沙33路、南沙70路、番11路、番140路、番141路
石基村口,石基村口,石基村口,BV10018618,,石基村口,113.380903,23.096920,229路、旅游公交3线
石基村市场站,石基村市场,石基村市场站,BV10019818,,,113.420171,22.899823,南52路
石基村委站,石基村委,石基村委站,BV10019817,,,113.421189,22.897459,南52路
石基村站(市南路),石基村站(市南路),石基村站(市南路),BV11624360,,石基村（市南路）,113.420244,22.896402,南沙33路
石基小学站,石基小学,石基小学站,BV10019819,,,113.419728,22.902139,南52路
石吉,石吉,石吉,BV11632916,,,113.452464,23.517141,从807路
石脚下,石脚下,石脚下,BV11139995,,石脚下,113.979974,23.799730,从503路
石碣路口,石碣路口,石碣路口,BV10252413,,,113.091289,23.160306,佛244B路
石碣市场,石碣市场,石碣市场,BV11371483,,,113.088179,23.154797,佛278路
石井(朝阳村),石井(朝阳村),石井(朝阳村),BV11621470,,石井（朝阳村）,113.204430,23.224935,476路
石井(广东兵工厂旧址)站,石井(广东兵工厂旧址)#1,石井(广东兵工厂旧址)站,BV09368725,,石井（广东兵工厂旧址）,113.234775,23.211347,126路、254路、426路环线、524路、830路、831路、夜22路、夜90路、929路
石井(广东兵工厂旧址)站,石井(广东兵工厂旧址)#2,石井(广东兵工厂旧址)站,BV09368724,,石井（庆丰纺织服装城）总站,113.216750,23.211378,556路、夜26路
石井(广东兵工厂旧址)站,石井(广东兵工厂旧址)#3,石井(广东兵工厂旧址)站,BV09368723,,石井（红星小学）总站,113.223065,23.219336,夜107路
石井(红星小学)总站,石井(红星小学)总,石井(红星小学)总站,BV11316584,,石井（红星小学）总站,113.223346,23.219119,夜107路
石井,石井#1,石井,BV09368284,,石井（广东兵工厂旧址）,113.234775,23.211347,423路环线、519路、556路、841路、夜107路、夜26路
石井,石井#2,石井,BV11481130,,石井（庆丰纺织服装城）总站,113.216750,23.211378,563路、834路、夜26路
石井,石井#3,石井,BV09001133,,石井（市114中）总站,113.199021,23.213829,831路
石井,石井#4,石井,BV10262437,,,113.789458,23.031764,莞G7路
石井朝阳村,石井朝阳村,石井朝阳村,BV10589839,,,113.204521,23.224926,831路
石井大道(白云湖公园),石井大道(白云湖公园)#1,石井大道,BV10013689,,石井大道（红星村）,113.229119,23.229966,271路、929路
石井大道(白云湖公园),石井大道(白云湖公园)#1,石井大道(白云湖公园),BV11569023,,石井大道（白云湖公园）,113.229119,23.229966,夜117路
石井大道(工业园),石井大道(工业园),石井大道,BV09368254,,石井大道（工业园）,113.223923,23.249303,722路、929路
石井大道(工业园),石井大道(工业园),石井大道(工业园),BV11598830,,石井大道（工业园）,113.223713,23.249291,929路
石井大道(红星村),石井大道(红星村),石井大道(红星村),BV10020202,,石井大道（红星村）,113.230631,23.228062,271路、夜117路、929路
石井大道(滘心村),石井大道(滘心村),石井大道(滘心村),BV10022695,,石井大道（滘心村）,113.223610,23.239446,722路、929路
石井大道(滘心大道口),石井大道(滘心大道口),石井大道(滘心大道口),BV10911776,,石井大道（滘心大道口）,113.226435,23.234646,271路、夜117路、929路
石井大道(龙湖),石井大道(龙湖),石井大道(龙湖),BV10022698,,石井大道（龙湖）,113.224671,23.253427,722路、929路
石井大道(石沙路口),石井大道(石沙路口),石井大道(石沙路口),BV10013693,,石井大道（石沙路口）,113.227027,23.215152,271路、423路环线、757路、夜117路、929路
石井大道北,石井大道北,石井大道北,BV11578269,,石井大道北,113.225231,23.263950,722路、929路
石井大道南,石井大道南,石井大道南,BV10013692,,石井大道南,113.230509,23.219772,271路、夜117路、929路
石井大道中,石井大道中,石井大道中,BV10022696,,石井大道中,113.221595,23.245269,722路、929路
石井红星村总站,石井红星村总,石井红星村总站,BV10018147,,石井红星村总站,113.228568,23.225081,254路
石井路口,石井路口,石井路口,BV10262467,,,113.789995,23.032039,莞G7路
石井庆丰总站,石井庆丰总,石井庆丰总站,BV10021806,,,113.222693,23.212622,757路
石井潭村总站,石井潭村总,石井潭村总站,BV10021214,,石井潭村总站,113.231871,23.193405,238路、夜21路
石井文化广场(石丰路),石井文化广场(石丰路),石井文化广场(石丰路)1,BV09245150,1,石井文化广场（石丰路）①,113.220955,23.208817,705路、757路、夜26路、夜90路
石井文化广场(石丰路),石井文化广场(石丰路),石井文化广场(石丰路),BV11688403,2,石井文化广场（石丰路）,113.220955,23.208817,126路、556路、563路、705路、757路、834路、夜90路
石井鸦岗总站,石井鸦岗总,石井鸦岗总站,BV10013899,,石井鸦岗总站,113.193603,23.234404,271路、742路
石井中学,石井中学,石井中学,BV11687972,,石井中学,113.227931,23.212841,126路、254路、271路、423路环线、425路、428路、519路、563路、742路、831路、834路、841路、夜107路、夜90路、929路
石井总站,石井总#1,石井总站,BV10596406,,石井（铁路学校）总站,113.204253,23.202642,425路
石井总站,石井总#2,石井总站,BV09377935,,石井（红星小学）总站,113.223065,23.219336,519路
石井总站,石井总#3,石井总站,BV10381320,,石井（庆丰纺织服装城）总站,113.216750,23.211378,556路、563路、834路
石井总站(红星村),石井总站(红星村),石井总站(红星村),BV11628198,,石井（红星小学）总站,113.223118,23.219154,519路
石井总站(滘心村),石井总站(滘心村),石井总站(滘心村),BV10817722,,石井（滘心村）总站,113.218066,23.234734,841路
石迳村,石迳村,石迳村,BV10023006,,石迳村,113.668053,23.235891,增城12路、增城65路
石咀村路口,石咀村路口,石咀村路口,BV11193727,,石咀村路口,113.373849,23.600459,从403路
石咀村委,石咀村委,石咀村委,BV10945022,,石咀村委,113.364134,23.598653,从403路
石坑,石坑,石坑,BV11317178,,石坑,113.093296,23.455668,花81路、花93路
石坑田寮社,石坑田寮社,石坑田寮社,BV11198744,,石坑田寮社,113.700866,23.584686,从13路、从701路、从化13路
石沥村口,石沥村口,石沥村口,BV11483394,,石沥村口,113.566718,23.298557,345路、365路、370路、夜126路
石联村委,石联村委#1,石联村委,BV11399880,,石联村委,113.443720,23.680035,从407路
石联村委,石联村委#2,石联村委,BV11369783,,石联村委站,113.469849,23.540440,从803路
石联小学,石联小学,石联小学,BV11224120,,石联小学,113.474352,23.543366,从803路
石岭村委,石岭村委,石岭村委,BV11169366,,石岭村委,113.658961,23.712644,从608路
石榴岗,石榴岗,石榴岗,BV11689397,,石榴岗,113.338471,23.085206,18路、206路、264A路、37路
石榴岗路西,石榴岗路西,石榴岗路西,BV10013673,,石榴岗路西（中西医结合医院）,113.330264,23.091800,189路、18路、206路、264A路、37路、夜135路
石榴岗总站,石榴岗总#1,石榴岗总站,BV10756309,,石榴岗（海珠行政服务中心）总站,113.334480,23.087904,189路
石榴岗总站,石榴岗总#2,石榴岗总站,BV10017833,,石榴岗总站,113.347905,23.084286,250路、夜33路
石龙,石龙,石龙,BV11484168,,石龙,113.186167,23.316489,472路、825路
石龙大围,石龙大围,石龙大围,BV11152756,,石龙大围,113.914174,23.811374,从505路
石龙档铺街,石龙档铺街,石龙档铺街,BV11465000,,石龙档铺街,113.187575,23.315198,472路、825路
石龙火车站隧道口,石龙火车站隧道口,石龙火车站隧道口,BV10449020,,,113.837033,23.111932,莞76路
石楼碧桂园,石楼碧桂园,石楼碧桂园,BV10416288,,石楼碧桂园,113.488387,22.995500,番131路
石楼官塱路,石楼官塱路,石楼官塱路,BV10023387,,石楼官塱路,113.443151,22.970874,番62路
石楼牌坊,石楼牌坊,石楼牌坊,BV10023072,,石楼牌坊,113.478127,22.974597,番126路、番128路、番131路、番132路旅游专线、番92路/番92路、番93路、番93路短线
石楼镇群众服务中心,石楼镇群众服务中心,石楼镇群众服务中心,BV10648335,,石楼镇群众服务中心,113.475859,22.959002,番111路、番132路旅游专线
石楼镇政府,石楼镇政府,石楼镇政府,BV10019763,,石楼镇政府,113.483301,22.971415,番128路、番132路旅游专线、番148路、番160路、番夜3路
石路基,石路基,石路基2,BV09337403,2,石路基②,113.232131,23.128169,128路、133路、17路、193路、204路、233路、250路、885路、夜11路、夜2路、夜99路、广260路、广286路、旅游公交2线、广205路
石路基,石路基,石路基,BV11688484,1,石路基①,113.231475,23.128280,124路、61路、夜11路、夜127路、夜27路、夜31路、夜59路、夜95路、广205路、104路、109路、107路、105路
石伦里,石伦里,石伦里,BV11553739,,石伦里,113.351482,23.094709,467路
石洛市场,石洛市场,石洛市场,BV10253290,,,113.247665,22.830801,314路、佛314路
石马,石马,石马站,BV09000490,,石马,113.245905,23.254899,523路、58A路、756路、夜80路、夜87路
石马村口,石马村口,石马村口站,BV11098347,,石马村口,113.250699,23.256802,509路、756路、807路、837路、840路、夜94路
石马德圣社区,石马德圣社区,石马德圣社区,BV11662484,,石马德圣社区,113.255693,23.264492,796路
石马公交场总站,石马公交场总,石马公交场总站,BV10022588,,石马公交场总站,113.240379,23.263138,夜80路
石马南,石马南,石马南,BV11688444,,石马南,113.247087,23.255477,522路、706路、756路、807路、840路、夜80路、夜87路、夜94路
石马涌边大街北,石马涌边大街北,石马涌边大街北,BV11662483,,石马涌边大街北,113.255664,23.260720,796路
石马涌边大街中,石马涌边大街中,石马涌边大街中,BV11662481,,石马涌边大街中,113.255467,23.258726,796路
石马总站,石马总,石马总站,BV10021411,,,113.246238,23.267024,夜129路
石门街,石门街,石门街,BV10018307,,石门街,113.198785,23.210032,476路
石庙村,石庙村,石庙村,BV10510655,,,113.184232,23.092915,沥17B路、沥17B路区间
石明村委,石明村委,石明村委,BV11018298,,石明村委,113.816920,23.870315,从601路
石南白沙社,石南白沙社,石南白沙社,BV11414545,,石南白沙社,113.655468,23.580531,从13路、从701路、从化13路
石南村,石南村,石南村,BV11115218,,石南村,113.663874,23.581512,从13路、从701路、从906路、从化13路
石南大桥,石南大桥,石南大桥,BV10251509,,石南大桥,113.066502,22.995683,佛251路
石南路,石南路#1,石南路,BV11689919,,石南路（神山）,113.194741,23.329244,722路、829路
石南路,石南路#2,石南路,BV11689920,,石南路（大石）,113.292577,23.010236,番182路
石南路东,石南路东,石南路东,BV10023216,,石南路东（大石）,113.302040,23.011823,番182路
石南路口,石南路口,石南路口,BV11488071,,石南路口（神山）,113.194261,23.331550,722路、829路
石牌村,石牌村#1,石牌村1,BV09256766,1,石牌村①,113.333933,23.128932,194路、243路、261路、299路、517路、518路、53路、541路、545路、547路、548路、562路、B15路、B22路、B8路、夜13路、夜18路、夜27路、夜35路、夜36路、夜39路、夜40路、夜93路
石牌村,石牌村#1,石牌村2,BV09256767,2,石牌村②,113.334442,23.129125,137路、138路、140路、194路、218路、243路、245路、284路、299路、302路、540路、541路、542路、547路、583路、B22路
石牌村,石牌村#1,石牌村4,BV09387753,4,石牌村④,113.333335,23.129214,137路、245路、261路、284路、518路、542路、545路、夜13路、夜18路、夜27路、夜35路、夜36路、夜39路、夜40路
石牌村,石牌村#1,石牌村,BV10018369,2,石牌村②,113.334147,23.128918,140路、504路、53路、540路、562路、夜93路、大学城专线4路
石牌村,石牌村#2,石牌村,BV09323890,,石牌村,113.474815,22.873914,南48路、南沙38路、南沙70路、番11路、番141路
石牌村牌坊站,石牌村牌坊,石牌村牌坊站,BV09355193,,石牌村牌坊,113.333657,23.127066,499路
石牌东路北,石牌东路北,石牌东路北,BV10021789,,石牌东路北,113.337457,23.136893,218路
石牌东路南,石牌东路南,石牌东路南,BV10021790,,石牌东路南,113.337863,23.130629,218路
石牌桥,石牌桥,BRT石牌桥N2,BV09258711,2,,113.326666,23.136021,B12路、B4路、B9路
石牌桥,石牌桥,BRT石牌桥S1,BV09358282,1,,113.325592,23.135758,B10路、B21路、B2路、B5路
石牌桥,石牌桥,石牌桥,BV10014527,1,BRT石牌桥1,113.325200,23.136084,B10路、B3路、B9路、夜105路、夜17路、夜19路、夜23路、夜25路、夜35路、夜38路、夜41路、夜48路、夜68路、夜70路、夜9路
石牌桥,石牌桥,石牌桥,BV11694311,1,BRT石牌桥1,113.326925,23.136008,B10路、B12路、B1短线快车、B1路、B21路、B25路、B2A路、B2路、B3路、B4路、B5路
石碁成校,石碁成校,石碁成校,BV09118406,,石碁成校,113.435065,22.960569,番111路
石碁村,石碁村,石碁村,BV10408566,,石碁村（市莲路）,113.435758,22.950287,番80路、番81路、番83路、番92路/番92路、番93路、番93路短线
石碁四中,石碁四中,石碁四中,BV10020084,,石碁四中,113.440158,22.936539,番28B路、番28B路快线、番81路
石碁文化广场,石碁文化广场,石碁文化广场,BV10832137,,石碁文化广场,113.433469,22.958549,番23路、番52路、番62路、番72路、番79路、番80路、番81路、番83路
石碁文化广场总站,石碁文化广场总,石碁文化广场总站,BV11139586,,石碁文化广场总站,113.434364,22.957219,番52路、番62路、番79路
石碁镇政府,石碁镇政府,石碁镇政府,BV10567948,,石碁镇政府,113.431153,22.953824,番3路、番92路/番92路、番93路、番93路短线
石碁中学,石碁中学,石碁中学,BV10567953,,石碁中学,113.440142,22.949471,番80路、番81路、番92路/番92路、番93路、番93路短线
石碁总站,石碁总,石碁总站,BV10020022,,石碁总站,113.431718,22.955391,番23路、番3路、番72路
石桥社,石桥社,石桥社,BV11370957,,石桥社,113.655943,23.597049,从19路密石班车、从701路
石桥新村,石桥新村,石桥新村,BV11690289,,石桥新村,113.486427,23.167584,321路、334路、335路、336路、339路、349路、573路快线、940路、夜98路
石庆路北,石庆路北,石庆路北,BV10018034,,石庆路北,113.209489,23.217222,425路
石厦村,石厦村,石厦村,BV09237171,,石厦村,113.760115,23.176115,增城56路
石厦村路口,石厦村路口,石厦村路口,BV11631566,,石厦村路口,113.782103,23.172894,增城55路、增城56路、增城57路、增城76路
石滩交管所,石滩交管所,石滩交管所,BV11377670,,石滩交管所,113.782732,23.177898,增城55路、增城56路、增城57路、增城76路、莞76路
石滩客运站,石滩客运,石滩客运站,BV10637146,,,113.786550,23.175405,增城57路
石滩路口,石滩路口,石滩路口,BV10015431,,石滩路口,113.739443,23.213906,增城14路
石滩汽车站,石滩汽车,石滩汽车站,BV11219466,,,113.786535,23.175217,莞76路
石滩沙园中路,石滩沙园中路,石滩沙园中路,BV11144123,,石滩沙园中路,113.783680,23.182111,增城10路、增城76路、增夜2路
石滩镇政府,石滩镇政府,石滩镇政府,BV10024133,,石滩镇政府,113.788279,23.170525,增城55路、增城56路、增城57路、增城76路、莞76路
石潭路,石潭路,石潭路,BV11481834,,石潭路,113.227732,23.186157,238路、271路、524路、757路
石潭路(南新大街),石潭路(南新大街),石潭路(南新大街),BV11481835,,石潭路（南新大街）,113.230220,23.192748,271路、524路、757路、夜21路
石潭西路北,石潭西路北,石潭西路北,BV11113104,,石潭西路北,113.231273,23.210185,176路、271路、280路、524路、556路、830路、834路、夜26路
石潭西路口,石潭西路口,石潭西路口,BV10021885,,石潭西路口,113.220684,23.199185,17路、280路、705路、夜21路、夜2路
石塘村委,石塘村委,石塘村委,BV10254888,,石塘村委,113.095708,23.274959,花24路
石塘六队,石塘六队,石塘六队,BV10015564,,石塘六队,113.247496,23.356704,707路、花21路、花21路夜班、花22路
石塘路口,石塘路口,石塘路口,BV10015570,,石塘路口,113.226134,23.346048,花21路、花21路夜班、花8路
石塘水泥厂,石塘水泥厂,石塘水泥厂,BV11691202,,石塘水泥厂,113.237016,23.348312,707路、花21路、花21路夜班
石塘卫生站,石塘卫生,石塘卫生站,BV10015567,,石塘卫生站,113.240717,23.349427,707路、花21路、花21路夜班
石头村,石头村,石头村,BV10735653,,石头村,113.770074,23.190960,增城34路
石头记,石头记,石头记,BV10015584,,石头记,113.157293,23.405142,花21路、花21路夜班、花80路、花9路
石湾公园,石湾公园,石湾公园,BV10431624,,石湾公园,113.076672,23.008206,佛251路
石湾客运站,石湾客运,石湾客运站,BV10251505,,石湾客运站,113.083953,23.016588,佛251路
石围塘,石围塘,石围塘,BV11688438,1,石围塘,113.215480,23.108443,193路、19路、206路、207路、236路、309路、312路、411路、52路、55路、57路、75路、783路、839路、990路、夜11路、夜29路、夜44路、夜69路、广277路、广281路、广夜67路
石围塘码头,石围塘码头,石围塘码头,BV10638156,,石围塘码头,113.225045,23.107553,783路
石西路口,石西路口,石西路口,BV10018884,,石西路口,113.183819,23.304899,723路
石溪,石溪,石溪1,BV09203867,1,石溪①,113.272526,23.074059,221路、546路、59路、75路、9路、夜24路、夜55路
石溪,石溪,石溪站,BV10681379,2,石溪②,113.270797,23.074817,180路、221路、230路、288路、303路、309路、469路、551路、583路、75路、761路、9路、79路
石溪村,石溪村,石溪村,BV10602772,,石溪村,113.866019,23.390146,增城17路、增城63路
石溪村口,石溪村口,石溪村口,BV11361603,,石溪村口,113.408845,23.107182,261路、402路/402路快车、495路、517路、B24路、夜97路、550路
石溪总站,石溪总,石溪总站,BV10016626,,石溪总站,113.271217,23.074501,521路、527路、527路机电班车、夜120路、夜3路
石吓村,石吓村,石吓村,BV11143608,,,113.643058,23.138329,莞609路
石新路南,石新路南,石新路南,BV09348755,,石新路南,113.623777,23.133901,增城37路
石兴大道南,石兴大道南,石兴大道南,BV11355536,,石兴大道南,113.274032,22.986997,312路、佛K330路/K330路快线
石燕村,石燕村,石燕村,BV11338869,,石燕村,113.075601,23.375870,花15路
石涌口,石涌口,石涌口,BV10014580,,石涌口,113.277335,23.112200,11路、121A路、121路、131A路、131B路、182路、24路、460A路、460路、8路、B21路、夜42路、夜6路
石中路口,石中路口,石中路口,BV10251761,,石中路口,113.181145,23.122449,佛276路/佛276、佛沥18路、广132路、广277路、广286路、广夜58路
时代方洲总站,时代方洲总,时代方洲总站,BV11494950,,时代方洲总站,113.334700,22.923101,番2路
时代广场,时代广场#1,时代广场2,BV09309831,2,时代广场2,113.312706,23.143617,122路、136路、183路、191路、508路、540路、547路、夜28路
时代广场,时代广场#1,时代广场,BV11481123,2,时代广场,113.312706,23.143617,122路、133路、136路、183路、191路、209路、504路、508路、547路、6路、841路、B16路、夜28路、夜74路
时代广场,时代广场#2,时代广场,BV10253339,,时代广场,113.169519,23.096123,佛202路、佛276路/佛276、沥17B路区间
时代广动动力电池临时总站,时代广动动力电池临时总,时代广动动力电池临时总站,BV09256512,,,113.474884,23.014690,番75路
时代广汽动力电池临时总站,时代广汽动力电池临时总,时代广汽动力电池临时总站,BV09088591,,时代广汽动力电池临时总站,113.474314,23.015619,番75路
时代花园,时代花园,时代花园,BV10480216,,时代花园,113.250235,23.178763,662路
时代廊桥,时代廊桥,时代廊桥,BV11141639,,时代廊桥,113.613673,23.195925,增城31路、增城32路内环、增城32路外环
时代玫瑰园,时代玫瑰园,时代玫瑰园,BV11367966,,时代玫瑰园,113.277991,23.227763,667路、831路
时代玫瑰园二期,时代玫瑰园二期,时代玫瑰园二期,BV11568223,,,113.280548,23.224831,鹤龙2线
时代玫瑰园总站,时代玫瑰园总,时代玫瑰园总站,BV10016166,,时代玫瑰园总站,113.278423,23.227551,38路、58路、798路
时代南湾站,时代南湾,时代南湾站,BV10015873,,时代南湾,113.589363,22.786819,南53路、南夜5路、南沙19路、南沙24路、南沙62路、南沙学1路
时代倾城,时代倾城,时代倾城,BV10021578,,时代倾城,113.392427,23.000797,番72路、番75路
实验小学,实验小学,实验小学,BV09221954,,实验小学,113.800499,23.298675,增城11路、增城12路、增城48路、增城80路
实验中学,实验中学,实验中学,BV11688137,,实验中学,113.205788,23.378966,花1路、花37路、花6路、花75A路
食品集团,食品集团,食品集团,BV10023199,,食品集团,113.363725,22.950080,番16路、番23路
士官训练学校,士官训练学校,士官训练学校,BV11253920,,士官训练学校,113.383236,23.336874,728路
世环环保公司,世环环保公司,世环环保公司,BV10389120,,,112.929205,23.454307,花81路
世农茂生鲜市场,世农茂生鲜市场,世农茂生鲜市场,BV10939054,,世农茂生鲜市场,113.053266,23.497476,花39路短线
世外桃源,世外桃源,世外桃源,BV11275197,,世外桃源,113.373784,23.410493,734路
市八十六中,市八十六中,市八十六中,BV10021047,,市八十六中,113.432417,23.103818,364路、390路
市慈善医院,市慈善医院,市慈善医院,BV10017961,,市慈善医院,113.222599,23.100597,193路、222路、411路、780路
市东下路,市东下路,市东下路,BV10431975,,市东下路,113.118695,23.036206,桂23路
市动物卫生监督所,市动物卫生监督所,市动物卫生监督所,BV10425152,,市动物卫生监督所,113.285536,23.236937,425路、539路、656路、667路、793路、798路、799路、夜119路、743路
市儿童公园总站,市儿童公园总,市儿童公园总站,BV09234564,1,市儿童公园总站①,113.266840,23.184061,544路、547路、夜32路
市二宫,市二宫,市二宫,BV10019501,,市二宫,113.261397,23.109420,10路、16路、183路、194路、25路、5路、768路、968路、989路、B21路、夜22路、空港快线3线
市二中,市二中,市二中,BV10895391,,市二中（颐养院）,113.859324,23.277720,增城47路
市法院,市法院,市法院,BV10257486,,,112.501529,23.082076,广州-肇庆
市妇幼保健院(新院区北门),市妇幼保健院(新院区北门),市妇幼保健院(新院区北门),BV11670217,,市妇幼保健院（新院区北门）,113.143189,22.954057,佛K330路/K330路快线
市干部健康管理中心站,市干部健康管理中心,市干部健康管理中心站,BV11379609,,市干部健康管理中心,113.513816,23.218710,327路、330A路、330路、345A路、396A路环线、396路、446路、夜60路、333路
市工人疗养院,市工人疗养院,市工人疗养院,BV09404843,,,113.280419,23.563615,花17路王子山班车
市国家档案馆(大学城)总站,市国家档案馆(大学城)总,市国家档案馆(大学城)总站,BV11456550,,,113.374792,23.045942,夜50路
市红会医院,市红会医院,市红会医院1,BV09226102,1,市红会医院①,113.256618,23.108424,244A路、244路、250路、273路、527路、527路机电班车、夜120路、夜22路、夜36路、夜55路、夜89路、113路
市红会医院,市红会医院,市红会医院,BV10016127,2,市红会医院2,113.257719,23.108872,10路、16路、183路、191路、194路、243路、25路、5路、968路、B21路、B8路
市红会医院北门总站,市红会医院北门总,市红会医院北门总站,BV10016714,,市红会医院北门总站,113.255625,23.109125,191路
市技师学院,市技师学院,市技师学院,BV09181058,,市技师学院（西行）,113.680631,23.295481,增城2路、增城71路、科教城1路
市交通技工学校,市交通技工学校,市交通技工学校,BV10019232,,市交通技工学校,113.344897,23.238504,246路、747路
市交校,市交校,市交校1,BV09226088,1,市交校①,113.274660,23.236936,251路、510路、528路、804路、926路、夜85路
市交校,市交校,市交校,BV10014469,1,市交校,113.275021,23.237485,251路、509路、510路、528路、739路、753路、756路、796路、922路、926路、970路、978路、夜63路、夜84路、夜85路
市良路,市良路,市良路,BV11613115,,市良路（青峰工业区）,113.307212,22.896772,番12路旅游专线、番67路旅游专线、番68路
市良路(青峰路口),市良路(青峰路口),市良路(青峰路口),BV11613134,,市良路（青峰路口）,113.317389,22.891951,番12路旅游专线、番67路旅游专线、番68路
市民服务中心,市民服务中心,市民服务中心,BV11203551,,市民服务中心,113.752936,23.015492,莞75路
市民广场,市民广场,市民广场站,BV10840063,,市民广场（南沙城）,113.531576,22.801142,南沙19路、南沙63路A线、南沙63路B线、南沙8路
市南路站,市南路,市南路站,BV10381616,,市南路,113.530772,22.814227,南53路、南沙31路支线、南沙8路
市七十三中学,市七十三中学,市七十三中学,BV11683717,,,113.301282,23.347797,971路
市汽技校,市汽技校,市汽技校,BV10014186,,市汽技校,113.239815,23.264854,523路、58A路、834路、977路
市桥大桥,市桥大桥,市桥大桥,BV10019938,,市桥大桥,113.363831,22.934780,番22路、番4B路
市桥大桥北,市桥大桥北,市桥大桥北,BV10019884,,市桥大桥北,113.362531,22.936785,番1路、番97路、番9路、番9路长线
市桥二桥南,市桥二桥南,市桥二桥南站,BV10903174,,,113.388563,22.924154,番5路、番5路长线
市桥街道办,市桥街道办,市桥街道办,BV10014700,,市桥街道办,113.359837,22.949638,302路、303路、夜88路、番145路、番146路、番16路、番33路、番51路、番7路
市桥街计生办,市桥街计生办,市桥街计生办,BV10023276,,,113.368005,22.947753,番22B路
市桥街派出所,市桥街派出所,市桥街派出所,BV10023200,,市桥街派出所,113.365492,22.949621,番16路、番22B路、番23路
市桥汽车站,市桥汽车,市桥汽车站,BV10014775,,市桥汽车站,113.359692,22.948196,K314路、南68路快线、南沙65路、南沙68路、南沙70路、南沙K5路、番141路、番142路、番145路、番148路、番67路旅游专线、番92路/番92路、番96路
市桥汽车站东门,市桥汽车站东门,市桥汽车站东门站,BV11688053,,市桥汽车站东门（番禺人才市场）,113.361314,22.948556,302路、夜88路、番10路、番143路、番145路、番146路、番16路、番23路、番33路、番4B路、番51路、番7路
市桥汽车站西门,市桥汽车站西门,市桥汽车站西门站,BV10015078,,市桥汽车站西门（番禺人才市场）,113.359909,22.947097,301路、番11路、番12路旅游专线、番13路、番145路、番146路、番150B路、番150路、番15路、番160路、番16路、番2路、番33路、番5路、番5路长线、番7路、番8路、番91路、番96路、番97路、番99路
市桥汽车站总站,市桥汽车站总,市桥汽车站总站,BV10388237,,,113.359692,22.948196,302路、303路、南沙K5路
市桥文化中心,市桥文化中心,市桥文化中心,BV10019885,,市桥文化中心,113.358250,22.938179,番1路、番20B路、番22B路、番9路、番9路长线
市桥医院,市桥医院,市桥医院,BV11155262,,,113.347277,22.952162,
市桥医院(捷进中路),市桥医院(捷进中路),市桥医院(捷进中路),BV11498807,,市桥医院（捷进中路）,113.347658,22.951315,番4B路、番4路
市桥医院(西环路),市桥医院(西环路),市桥医院(西环路),BV10764629,,市桥医院（西环路）,113.346997,22.952011,番33路
市桥中心小学,市桥中心小学,市桥中心小学,BV10023198,,市桥中心小学,113.354239,22.947086,番16路、番27路、番4路、番67路旅游专线
市三宫,市三宫,市三宫,BV10016188,,市三宫,113.233373,23.123791,207路、226路、268路、541路、55路、61路、66路、74路、8路、夜121路、夜39路、夜6路
市少年宫,市少年宫,市少年宫1,BV09229322,1,市少年宫①,113.247431,23.135521,133路、204路、256路、261路、297路、29路、555路、556路、夜18路、夜7路、109路、105路
市少年宫,市少年宫,市少年宫,BV11688449,2,市少年宫②,113.248427,23.135386,181路、186路、215路、229路、253路、2路、31路、38路、518路、62路、80路、B3路、夜19路、夜21路、广12路、广276路、广283路、广283路班车
市十二人民医院(黄埔院区),市十二人民医院(黄埔院区),市十二人民医院(黄埔院区),BV09386469,,市十二人民医院（黄埔院区）,113.525382,23.102595,397路、397路短线快线
市饲料研究所,市饲料研究所,市饲料研究所站,BV11330435,,市饲料研究所,113.334568,23.322599,797路、985路
市头村,市头村,市头村(西行),BV09391140,,市头村,113.389073,23.018772,番75路
市头村,市头村,市头村,BV11676305,,市头村,113.389139,23.018774,302A路、番51路、番53路、番75路
市委党校,市委党校,市委党校站,BV11689573,,,113.266269,22.814819,312路
市新路,市新路,市新路,BV11578967,,市新路（地铁新造站）,113.408519,23.033649,番51路、番53路
市胸科医院,市胸科医院,市胸科医院,BV10016686,,市胸科医院,113.283223,23.148919,184路、63路
市一医院,市一医院,市一医院,BV10019584,,市一医院,113.254042,23.133461,215路、253路、29路、56路、58路、夜21路、广12路、旅游公交1线
市医药职业学校,市医药职业学校,市医药职业学校,BV10333425,,市医药职业学校,113.217852,23.198332,126路、521路、夜3路、夜90路
市政大学,市政大学,市政大学,BV10017447,,市政大学,113.270616,23.459703,花4路
市政务服务中心,市政务服务中心#1,市政务服务中心站,BV09355191,,市政务服务中心,113.315668,23.120853,499路、669路
市政务服务中心,市政务服务中心#2,市政务服务中心,BV09367830,,,113.589481,23.553300,从5路长线
市政园林局,市政园林局,市政园林局,BV10016705,,市政园林局,113.199965,23.386387,夜92路、花18路、花62路、花63路、花63路短线、花68路、花68路白坭班车、花68路短线、花6路、花80路、花86路
市中医院,市中医院,市中医院,BV09000996,1,市中医院①,113.238549,23.111434,181路、1路、217路、552路、57路、64路、75路、夜113路、夜1路、夜37路、夜72路、广281路、广夜67路、106路
市中医院,市中医院,市中医院2,BV09165635,2,市中医院②,113.234426,23.111904,209路、佛202路
市中医院,市中医院,市中医院站2,BV09385884,2,市中医院②,113.236108,23.111488,208路、251路、25路、297路、538路、6路、9路、夜5路、广123路
寿星大厦,寿星大厦,寿星大厦,BV10019234,,寿星大厦,113.342973,23.244304,246路、747路
瘦狗岭,瘦狗岭,瘦狗岭,BV10014703,,瘦狗岭,113.324277,23.152917,27路、298路、32路、39路、560路、B18路、夜14路
曙光北路,曙光北路,曙光北路,BV11222552,,曙光北路,113.225522,23.435002,花109路、花19路、花6路
曙光路,曙光路,曙光路,BV10023755,,曙光路,113.222562,23.404974,花105路、花31路、花6路、花75路、花9路
曙光路北,曙光路北,曙光路北站,BV11614564,,曙光路北,113.223126,23.409712,花105路、花31路
曙光路隧道口,曙光路隧道口,曙光路隧道口,BV11244132,,曙光路隧道口,113.224776,23.430632,花19路、花6路
曙光中路,曙光中路,曙光中路,BV10701125,,,113.222107,23.401528,花6路
树吓村,树吓村,树吓村,BV10494382,,树吓村,113.565059,23.195544,341路、夜52路
树元(新围路口),树元(新围路口),树元(新围路口),BV11632914,,树元（新围路口）,113.469499,23.510245,从807路
双岗,双岗,双岗,BV10014598,,双岗,113.477829,23.094094,夜41路、夜73路、广369路
双岗,双岗,双岗,BV11386234,1,BRT双岗1,113.477335,23.094548,B1路、B28路、B29路、B30路、B31路、夜41路、夜73路、广369路
双岗村,双岗村,双岗村站,BV11345923,,双岗村,113.224795,23.326418,522路、722路、夜87路、703路
双岗村口,双岗村口,双岗村口,BV10014235,,双岗村口,113.226148,23.325829,474路、654路、702路、706路、706路早间短线、712路、713路、722路、750路
双岗市场,双岗市场,双岗市场,BV11539267,,,113.225655,23.327856,750路
双岗向南庄,双岗向南庄,双岗向南庄,BV11690335,,双岗向南庄,113.231058,23.328050,474路、712路、750路
双合寮,双合寮,双合寮,BV11119626,,双合寮,113.815859,23.522766,增城62路
双和大马路西,双和大马路西,双和大马路西,BV09389673,,双和大马路西,113.294664,23.264607,663路、804路、807路、986路、嘉禾望岗地铁站便民车3线
双和大马路中,双和大马路中,双和大马路中,BV10949218,,双和大马路中,113.299957,23.267761,663路、804路、807路、986路、嘉禾望岗地铁站便民车3线
双和东街,双和东街,双和东街,BV11087125,,双和东街,113.301538,23.267556,663路、嘉禾望岗地铁站便民车3线
双和二街,双和二街,双和二街,BV11564457,,,113.302740,23.265916,嘉禾望岗地铁站便民车3线
双和工业区二路,双和工业区二路,双和工业区二路,BV11087128,,双和工业区二路,113.302761,23.265379,663路
双和公园,双和公园,双和公园,BV11564456,,,113.301580,23.265037,嘉禾望岗地铁站便民车3线
双和三路,双和三路,双和三路,BV11087127,,双和三路,113.302739,23.265952,663路
双和庄,双和庄,双和庄,BV11564459,,,113.302657,23.267434,嘉禾望岗地铁站便民车3线
双井村口,双井村口,双井村口,BV10017378,,双井村口,113.540709,23.140947,323路、439路
双菱轧钢,双菱轧钢,双菱轧钢,BV10020934,,双菱轧钢,113.633646,23.123589,增城27路
双菱扎钢,双菱扎钢,双菱扎钢,BV09295097,,,113.633946,23.123471,增城27路
双桥公园,双桥公园,双桥公园,BV11441191,,双桥公园,113.213086,23.126919,128路
双沙(黄埔东路),双沙(黄埔东路),双沙(黄埔东路),BV09237024,,双沙（黄埔东路）,113.480461,23.091084,434路、夜73路、广369路
双沙(信华路),双沙(信华路),双沙(信华路),BV09229655,,双沙（信华路）,113.477596,23.101122,434路、广369路
双塘村,双塘村,双塘村,BV11632886,,双塘村,113.643332,23.391738,增城51路
双头村,双头村,双头村,BV11486637,,双头村,113.762580,23.527805,增城62路
水边街(三元里大道口),水边街(三元里大道口),水边街(三元里大道口),BV10506698,,水边街（三元里大道口）,113.246648,23.178817,662路
水埔,水埔,水埔,BV11482390,,水埔,113.927391,23.812610,从505路
水埔村委,水埔村委,水埔村委,BV11152750,,水埔村委,113.931186,23.811989,从505路
水厂路口,水厂路口,水厂路口,BV10023112,,水厂路口,113.287397,23.041888,番13路、番17路、番17路长线、番183路、番25路、番57路
水底村,水底村,水底村,BV11503824,,水底村,113.614284,23.590235,从11路、从12路、从14路、从19路、从4路、从4路快线
水电二局医院,水电二局医院,水电二局医院,BV10014159,,水电二局医院,113.596801,23.119079,571路、增城22路、增城22路/增22路、增城37路、增城39路
水均田村,水均田村,水均田村,BV11313463,,水均田村,113.466891,23.251544,354路
水均田路,水均田路,水均田路,BV10387388,,水均田路（东华学院）,113.463340,23.256778,354路
水均田路北,水均田路北,水均田路北,BV10019523,,水均田路北,113.457683,23.259963,354路
水均田路中,水均田路中,水均田路中,BV10019522,,水均田路中,113.460204,23.257374,354路
水口村,水口村#1,水口村,BV09344671,,水口村,113.365247,23.213941,492路
水口村,水口村#2,水口村,BV11119374,,水口村,113.916860,23.386906,增城67路
水口村,水口村#3,水口村,BV10847076,,水口村,113.083889,23.346124,花15路
水口坊,水口坊,水口坊,BV11651650,,水口坊,113.209931,23.067274,410路
水口冚村,水口冚村,水口冚村,BV10547609,,,113.827482,23.463121,增城42路
水口社,水口社,水口社,BV11300563,,,113.850386,23.532074,增城60路
水口营,水口营,水口营,BV11497174,,水口营,113.394806,23.429019,花84路
水利二桥,水利二桥,水利二桥,BV11307216,,水利二桥,113.495214,23.597184,从402路
水利学院,水利学院,水利学院,BV10014786,,,113.614091,23.565779,从11路、从12路、从14路、从16路、从19路、从7路
水沥,水沥,水沥站,BV11345921,,水沥,113.228081,23.311699,474路、522路、829路、夜87路、703路
水沥村,水沥村,水沥村站,BV10632190,,水沥村,113.230017,23.311301,654路、706路、706路早间短线、722路
水濂小学,水濂小学,水濂小学,BV10023326,,水濂小学,113.390987,22.971149,番27路
水龙村路口,水龙村路口,水龙村路口,BV11244354,,水龙村路口,113.852254,23.197172,增城18路
水美村,水美村,水美村,BV11143807,,水美村,113.954642,23.350196,增城67路
水门村,水门村,水门村,BV10015109,,水门村,113.451152,23.041456,番128路、番59路、番61路、番62路、番76路
水南村,水南村#1,水南村,BV10020870,,,113.554102,23.111027,454路环线
水南村,水南村#2,水南村,BV10020869,,水南村,113.491286,23.463791,从5路、从5路长线、从803路、从806路、从807路、从808路、从夜1路
水南大道西,水南大道西,水南大道西,BV10021949,,,113.549771,23.107321,454路环线
水南大道中,水南大道中,水南大道中,BV10021948,,,113.552151,23.107789,454路环线
水南加油站,水南加油,水南加油站,BV10263010,,,113.826487,23.113627,莞76路
水牛头渡口站,水牛头渡口,水牛头渡口站,BV10016468,,水牛头渡口总站,113.565403,22.743844,南沙13路
水牛头渡口总站,水牛头渡口总,水牛头渡口总站,BV09099110,,,113.565403,22.743843,南28路
水平,水平,水平,BV11152730,,水平,113.753856,23.683367,从606路
水藤站,水藤,水藤站,BV10252645,,水藤站,113.080296,22.916865,佛236路
水藤加油站,水藤加油,水藤加油站,BV10252028,,水藤加油站,113.082690,22.919945,佛236路
水藤路口,水藤路口,水藤路口,BV10252072,,,113.078974,22.915791,佛236路
水头路口,水头路口,水头路口,BV11649404,,水头路口,113.136091,23.097911,佛250路
水围村,水围村,水围村,BV11119381,,水围村,113.931001,23.400772,增城72B路
水尾,水尾,水尾,BV11352962,,水尾,113.342621,23.575263,从404路
水渭路口,水渭路口,水渭路口,BV11622254,,,113.281876,23.479678,花17路A、花17路联民村、花83B路
水务局,水务局,水务局,BV09410387,,水务局,113.209282,23.391971,花19路、花22路、花7路、花85路、花8路
水西,水西,水西站,BV09237475,,水西,113.472280,23.188798,366路、388路、夜124路
水西村,水西村,水西村,BV09006662,,水西村,113.480852,23.199800,330路
水西村路口,水西村路口,水西村路口,BV10945034,,水西村路口,113.405247,23.615626,从403路、从404路
水西村委,水西村委,水西村委,BV11486242,,水西村委,113.482401,23.198203,330路
水西路,水西路,水西路,BV09223990,,,113.480603,23.193745,366路、388路、夜124路
水西路北,水西路北,水西路北站,BV10888706,,水西路北,113.475969,23.190678,366路、388路、夜124路
水西路南,水西路南,水西路南,BV11549367,,水西路南,113.464384,23.177248,366路、573路、575路、943路、夜51路、科学城3号交通专线/K3路
水西路中,水西路中,水西路中站,BV10847165,,水西路中,113.468128,23.181914,366路、575路、943路、夜51路
水西路总站,水西路总,水西路总站,BV10888705,,,113.480480,23.193749,366路
水乡中心医院,水乡中心医院,水乡中心医院,BV11675161,,,113.581038,23.037136,莞619路、莞86路
水秀二路,水秀二路,水秀二路站,BV11615375,,水秀二路,113.206713,23.081521,966路、996路
水秀二路总站,水秀二路总,水秀二路总站,BV11615374,,水秀二路,113.203999,23.082632,966路、996路
水秀一路(花涧四街),水秀一路(花涧四街),水秀一路(花涧四街),BV11517084,,水秀一路（花涧四街）,113.207876,23.084179,70路、74路
水秀一路西,水秀一路西,水秀一路西,BV11463516,,水秀一路西,113.204124,23.085127,70路、74路
水秀一路中,水秀一路中,水秀一路中,BV11463514,,水秀一路中,113.209930,23.083397,70路、74路
水秀一路总站,水秀一路总,水秀一路总站,BV11463515,,水秀一路总站,113.199215,23.085506,70路、74路
水荫横路口,水荫横路口,水荫横路口,BV10016134,,水荫横路口,113.306781,23.142576,27路、78路、夜14路
水荫路,水荫路,水荫路,BV10016135,,水荫路,113.304957,23.148595,192路、199路、27路、547路、6路、78路、夜14路
水荫路南站,水荫路南,水荫路南站,BV11106084,,水荫路南,113.303644,23.138083,27路、78路、夜14路
水荫路总站,水荫路总,水荫路总站,BV10021738,,水荫路总站,113.306703,23.141753,192路、199路
水元东路,水元东路,水元东路,BV11531910,,水元东路,113.489511,23.196245,327路、392路
水元东路(水东街口),水元东路(水东街口),水元东路(水东街口),BV09265069,,水元东路（水东街口）,113.484609,23.198723,327路
水韵蓝湾,水韵蓝湾,水韵蓝湾,BV10420801,,水韵蓝湾,113.393544,22.911347,番21B路、番28路
水闸口,水闸口,水闸口,BV10023114,,水闸口,113.282996,23.044743,番13路、番17路、番17路长线、番183路、番25路、番57路
税务所,税务所,税务所,BV11118867,,税务所,113.622190,23.159736,增城20路、增城21路、增城32路内环、增城32路外环、增城46路、增夜6路、新塘万达1路
税务新村,税务新村,税务新村,BV10432263,,税务新村,113.196981,23.405724,花31路
顺昌路,顺昌路,顺昌路,BV11647306,,,113.341810,22.815077,307路/佛307路
顺成·大融城北门,顺成·大融城北门,顺成·大融城北门,BV11319046,,,113.267525,22.830639,307路/佛307路
顺德客运总站,顺德客运总,顺德客运总站,BV10253171,,,113.245652,22.820976,307路/佛307路、312路、314路、佛314路
顺德客运总站上客点,顺德客运总站上客点,顺德客运总站上客点,BV11379870,,,113.245326,22.821840,307路/佛307路
顺德区税务局,顺德区税务局,顺德区税务局,BV11110927,,,113.298847,22.802409,312路
顺德区政府,顺德区政府,顺德区政府站,BV09358020,,,113.287780,22.806155,312路
顺德学院地铁站,顺德学院地铁,顺德学院地铁站,BV09079032,,,113.311483,22.820894,307路/佛307路
顺德一中高中部,顺德一中高中部,顺德一中高中部,BV10253569,,,113.286797,22.830924,307路/佛307路
顺德职院站,顺德职院,顺德职院站,BV11419905,,,113.325077,22.808899,312路
顺峰山公园,顺峰山公园,顺峰山公园,BV11141182,,顺峰山公园,113.271223,22.830701,307路/佛307路、K314路
顺河村站,顺河村,顺河村站,BV10014923,,顺河村,113.387242,22.835879,南45路、南48路、南沙65路、南沙67路、番142路
顺河村路口站,顺河村路口,顺河村路口站,BV10405448,,顺河村路口,113.392838,22.820085,40路/南40路、南48路、南59路、南沙40路短线、番142路
顺河村委站,顺河村委,顺河村委站,BV10641088,,,113.379598,22.825216,南44路
顺河路口,顺河路口,顺河路口站,BV10014969,,,113.369500,22.838266,南44路、南45路
顺龙厂,顺龙厂,顺龙厂站,BV11688086,,顺龙厂,113.582101,23.181353,371路、394路、446路、566路、571A路、增城21路、增城38路
顺欣花园,顺欣花园,顺欣花园,BV11689662,,顺欣花园,113.616382,23.147713,增城28路、增城29路、增城30路、增城32路内环、增城32路外环、增城34路、增城36路、增城38路、增城39路、增城40路、增城44路、增城45路、增城46路、增城9路
司法学校,司法学校,司法学校,BV10982982,,司法学校,113.265767,23.221078,425路、夜119路、夜35路
司法学校总站,司法学校总,司法学校总站,BV11645374,,司法学校,113.265730,23.221202,793路
思成路,思成路,思成路,BV10019137,,思成路,113.411349,23.175004,78A路、901A路、901路
思成路北,思成路北,思成路北,BV11601638,,思成路北,113.416737,23.180654,491路
思亲园,思亲园,思亲园,BV10023013,,思亲园,113.276766,22.999298,番100路
思亭路北,思亭路北,思亭路北,BV09324142,,,113.413510,23.084238,长洲岛2号线
思亭路总站,思亭路总,思亭路总站,BV11063478,,,113.411338,23.086998,长洲岛2号线
思贤村,思贤村,思贤村,BV10020041,,思贤村,113.429570,23.048285,番51路、番53路、番60路
思乡阁,思乡阁,思乡阁,BV10255251,,,112.900149,23.352333,655B路、655路
思蕴路总站,思蕴路总站,思蕴路总站,BV11580941,,,113.410442,23.181270,
斯迳路(腰坑水库),斯迳路(腰坑水库),斯迳路,BV10382329,,,113.551420,23.357128,350路
斯迳路(腰坑水库),斯迳路(腰坑水库),斯迳路(腰坑水库),BV10382330,,,113.549085,23.357384,350路
斯文井,斯文井,斯文井,BV10019149,,斯文井,113.323976,23.216451,504路、560路、792A路、792路环线、862路、882路快线、夜74路、B6路快线、B6路
斯庄村,斯庄村,斯庄村,BV10015374,,斯庄村,113.686917,23.243448,增城12路、增城65路
四丰村,四丰村,四丰村,BV10020769,,四丰村,113.866936,23.232875,增城1路
四环岛,四环岛,四环岛,BV11255716,,四环岛,113.580327,23.152275,增城43路、增城26A路
四角围,四角围,四角围,BV09404948,,四角围,113.119340,23.373109,713路、花115路、花15B路、花15路、花39路短线、花5路、花68路、花68路白坭班车、花68路短线
四角围村,四角围村,四角围村站,BV11375026,,四角围村,113.125718,23.375325,乐平01B路、花115路、花68路、花68路白坭班车、花68路短线
四角围驾校,四角围驾校,四角围驾校,BV11243345,,,113.122831,23.371985,花2B路、花2C路
四联村委会,四联村委会,四联村委会,BV11147523,,,112.909706,23.349658,655A线、655B路、655路
四联大布村,四联大布村,四联大布村,BV11619418,,,112.908525,23.314400,655A线、655B路、655路
四联路口,四联路口,四联路口,BV11497167,,四联路口,113.401428,23.432587,花84路
四十七中汇景实验学校,四十七中汇景实验学校,四十七中汇景实验学校,BV10017911,,四十七中汇景实验学校,113.356188,23.152599,266路
四十七中汇景实验学校北门,四十七中汇景实验学校北门,四十七中汇景实验学校北门,BV10947758,,四十七中汇景实验学校北门,113.357936,23.154616,266路
四涌站,四涌,四涌站,BV10015002,,,113.528275,22.715576,南39路
四涌(万环西)站,四涌(万环西),四涌(万环西)站,BV11615706,,,113.510614,22.701203,南28路
四涌半(万环西)站,四涌半(万环西),四涌半(万环西)站,BV11615705,,,113.521380,22.692409,南28路
寺右南街,寺右南街,寺右南街,BV10388887,,寺右南街,113.303650,23.118924,781路
泗沥,泗沥,泗沥,BV11689451,,泗沥,113.148393,23.111750,佛236路、佛244B路、佛251路、佛263路、佛263路短线、佛278路、沥12B路
松柏东街,松柏东街,松柏东街,BV10017690,,松柏东街,113.261680,23.163145,124路、182路、34路、479路、661路、夜82路
松柏东街北,松柏东街北,松柏东街北,BV11469474,,松柏东街北,113.261814,23.166662,182路、34路、479路、661路、夜82路
松柏里,松柏里,松柏里,BV11115112,,松柏里,113.520573,23.427812,从804路
松柏路中,松柏路中,松柏路中,BV10018045,,松柏路中,113.247774,23.204207,426路环线、929路
松柏塘,松柏塘,松柏塘,BV09357797,,松柏塘,113.938380,23.813765,从505路
松北,松北,松北(停北行),BV09046617,,松北,113.218331,23.160235,527路、731路环线
松北,松北,松北,BV10703593,,松北,113.218331,23.160235,198路、521路、527路机电班车、830路、839路、夜120路、夜122路、夜19路、夜3路、夜76路、广424路、259路
松北,松北,松北(南行),BV11245086,,松北,113.218017,23.161366,527路、B3路
松北,松北,松北(北行),BV11245087,,松北,113.218331,23.160235,B3路
松北,松北,松北(停南行),BV11627134,,松北,113.218017,23.161366,731路环线、259路
松岗,松岗,松岗,BV09205392,,,113.098634,23.144080,佛244B路、佛278路
松岗公园,松岗公园,松岗公园,BV11371481,,,113.098308,23.138609,佛244B路、佛278路
宝安汽车站(107国道),松岗天虹商场,宝安汽车站(107国道),[],,,113.893937,22.566892,长途番禺宝安
松浪社,松浪社,松浪社,BV11351403,,松浪社,113.669907,23.622556,从20路
松南街口,松南街口,松南街口,BV11121619,,松南街口,113.218722,23.157292,198路、521路、527路、527路机电班车、729路、731路环线、830路、839路、B3路、夜120路、夜122路、夜19路、夜3路、夜76路、广424路、259路
松南路,松南路,松南路,BV11464960,,,113.217137,23.152918,731路环线
松南路口,松南路口,松南路口,BV10713672,,松南路口,113.218326,23.153397,198路、521路、527路、527路机电班车、729路、731路环线、830路、839路、B3路、夜120路、夜122路、夜19路、夜3路、夜76路、广424路、259路
松树院,松树院,松树院,BV11151767,,松树院,113.919022,23.902726,从506路
松田学院,松田学院,松田学院,BV10015370,,松田学院,113.719063,23.276935,增城11路、增城12路、增城13路、增城2路、增城4路
松夏大道东,松夏大道东,松夏大道东,BV10252410,,,113.075900,23.190052,佛244B路
松夏东风路,松夏东风路,松夏东风路,BV11579691,,,113.052704,23.165496,佛278路
松夏工业园市场,松夏工业园市场,松夏工业园市场,BV10548218,,,113.070776,23.177893,佛278路
松园村委,松园村委,松园村委,BV11398017,,松园村委站,113.397790,23.651072,从909路
松园街北,松园街北,松园街北,BV10022321,,松园街北,113.255228,23.256001,21路、978路、夜63路
松园街中,松园街中,松园街中,BV10022322,,松园街中,113.254665,23.254249,21路、978路、夜63路
松园里,松园里,松园里,BV10015621,,松园里,113.199042,23.396029,712路、713路、夜92路、花10路、花16路、花18路、花22路、花62路、花63路、花63路短线、花68路、花68路白坭班车、花68路短线、花80路、花81路
松园社,松园社,松园社,BV10013880,,松园社,113.195825,23.342587,472路
松园中西街,松园中西街,松园中西街,BV10022324,,松园中西街,113.252821,23.249889,978路、夜63路
松园中西街南,松园中西街南,松园中西街南,BV10022325,,松园中西街南,113.252379,23.248853,978路、夜63路
松云街口,松云街口,松云街口,BV10480217,,松云街口,113.253337,23.179520,662路
崧岗,崧岗,崧岗,BV10256257,,,113.166152,23.124850,佛沥18路
嵩山路,嵩山路,嵩山路,BV10412600,,,113.473395,22.964852,番111路
宋屋街,宋屋街,宋屋街,BV11087126,,宋屋街,113.301601,23.265039,663路
苏坑,苏坑,苏坑,BV11169369,,苏坑,113.672880,23.713645,从608路
苏溪村,苏溪村,苏溪村,BV10596724,,苏溪村,113.030413,22.860906,佛236路
苏元庄东街口,苏元庄东街口,苏元庄东街口,BV10022423,,苏元庄东街口,113.271551,23.267351,739路、夜84路
隧南路,隧南路,隧南路,BV09235563,,隧南路,113.533815,23.170821,367路、942路
隧南路西,隧南路西,隧南路西,BV09235567,,隧南路西,113.530019,23.167938,367路、942路
穗丰村,穗丰村,穗丰村,BV10017639,,穗丰村,113.450001,23.264124,346路、973路、节假日公交专线7路
穗丰村委,穗丰村委,穗丰村委,BV11400778,,穗丰村委,113.456345,23.263999,346路、973路、节假日公交专线7路
穗丰村总站(兴太三路),穗丰村总站(兴太三路),穗丰村(兴太三路)总站,BV09403105,,穗丰村（兴太三路）总站,113.467401,23.270206,346路、354路、节假日公交专线7路
穗丰村总站(兴太三路),穗丰村总站(兴太三路),穗丰村总站(兴太三路),BV09403797,,穗丰村（兴太三路）总站,113.467401,23.270206,346路
穗港产学研基地站,穗港产学研基地,穗港产学研基地站,BV09083800,,,113.487516,22.875328,南14路、南22路
穗港码头总站,穗港码头总,穗港码头总站,BV11612631,,穗港码头总站,113.526624,23.058669,363路、567路、573路快线、575路、夜49路
穗港智造管理中心站,穗港智造管理中心,穗港智造管理中心站,BV09240625,,,113.428374,22.752100,南46路、南56路
穗华中学,穗华中学,穗华中学,BV11364751,,穗华中学,113.372245,23.081191,461路班车
穗凌公司,穗凌公司,穗凌公司,BV10387137,,穗凌公司,113.417328,23.361246,726路
穗盐桂澜路口,穗盐桂澜路口,穗盐桂澜路口,BV10251751,,穗盐桂澜路口,113.146849,23.084506,佛202路、佛276路/佛276、佛279路
穗盐路,穗盐路,穗盐路站,BV09318581,,穗盐路,113.212130,23.092783,525路、780路、佛202路、佛244路、佛278路、夜103路、广419路、广565路、沥17B路、沥17B路区间
穗盐路东,穗盐路东,穗盐路东,BV09351301,,穗盐路东（迎海水产交易中心）,113.202579,23.097294,佛202路、佛244路、佛278路、广419路、沥17B路、沥17B路区间
穗盐路总站,穗盐路总,穗盐路总站,BV10393984,,穗盐路（雅居乐雍景豪园）总站,113.195329,23.097323,夜103路、广260路、广565路
穗园小区,穗园小区,穗园小区,BV10018744,,穗园小区,113.331690,23.145961,32路、560路、6路、78A路、B11路
穗园小区总站,穗园小区总,穗园小区总站,BV10388930,,,113.331715,23.145963,406路环线
塔岗村,塔岗村,塔岗村,BV10856384,,塔岗村,113.590827,23.199684,增城21路、增城35路、增夜4路
塔脚,塔脚,塔脚,BV09027380,,塔脚,113.375111,23.310681,758路
塔竹坑路口,塔竹坑路口,塔竹坑路口,BV11369784,,塔竹坑路口,113.500245,23.539862,从803路
台涌,台涌,台涌,BV11689398,,台涌,113.334499,23.088353,18路、206路、264A路、37路、夜135路
太成,太成,太成,BV10015679,,太成,113.267834,23.350300,712路、750路
太成村,太成村,太成村,BV11690753,,太成村,113.266707,23.354209,510路、707路、711路、715路、724路、828路、971路、夜123路、夜129路、夜92路、704路、701路
太岗路西,太岗路西,太岗路西,BV10022640,,太岗路西,113.252893,23.329045,712路、750路
太岗路中,太岗路中,太岗路中,BV10022641,,太岗路中,113.256401,23.329179,712路、750路
太港城,太港城,太港城,BV10473839,,太港城,113.188532,23.031049,桂23路
太购百货超市,太购百货超市,太购百货超市,BV11480865,,,113.350074,23.295995,太和1线便民车专线
太古仓,太古仓,太古仓,BV10021453,,太古仓,113.249127,23.091920,303路、489路、963路、967路、989路、995路、夜3路、夜7路
太古仓路总站,太古仓路总,太古仓路总站2,BV09245333,2,,113.248469,23.086269,989路
太古仓路总站,太古仓路总,太古仓路总站,BV11318890,,太古仓路总站,113.248546,23.085975,303路、489路、989路、995路
太古仓码头,太古仓码头,太古仓码头,BV11317272,,太古仓码头,113.247608,23.089495,303路、989路、995路
太和(丰泰横路)总站,太和(丰泰横路)总,太和(丰泰横路)总站,BV11330431,,太和（丰泰横路）总站,113.345223,23.304675,246路、758路、973路
太和总站,太和(民营科技园)总#1,太和总站,BV10019029,3,太和总站③,113.350926,23.291361,529路、751路、799路、827路、828路、833路、837路、976路、985路、夜86路
太和总站,太和(民营科技园)总#2,太和总站,BV10019031,,太和（民营科技园）总站,113.327632,23.302339,563路、797路、夜76路
太和总站,太和(民营科技园)总#2,太和(民营科技园)总站,BV11459336,,太和（民营科技园）总站,113.327578,23.302439,夜123路
太和(谢家庄),太和(谢家庄),太和(谢家庄),BV09027377,,太和（谢家庄）,113.347844,23.301996,246路、471路、563路、973路、976路、985路、夜74路、夜76路、夜86路
太和(谢家庄),太和(谢家庄),太和(谢家庄)1,BV09408942,1,太和（谢家庄）,113.348120,23.300593,563路
太和,太和#1,太和,BV11628197,,太和（民营科技园）,113.327829,23.302769,735路
太和,太和#2,太和,BV11628196,,太和（谢家庄）,113.348060,23.300401,夜74路
太和地铁站A口,太和地铁站A口,太和地铁站A口,BV09125840,,,113.341022,23.300531,太和1线便民车专线、帽峰山旅游专线1线
太和岗路,太和岗路,太和岗路,BV10509898,,太和岗路,113.290958,23.144222,482路
太和岗路口,太和岗路口,太和岗路口,BV10509900,,太和岗路口,113.289019,23.146652,482路
太和公交总站,太和公交总,太和公交总站,BV11574238,,,113.351887,23.292436,太和1线便民车专线
太和路口,太和路口,太和路口站,BV11330442,1,太和路口,113.347805,23.308525,504路、728路、758路、976路、985路、659路
太和南路(米龙村),太和南路(米龙村),太和南路(米龙村),BV10959970,,太和南路（米龙村）,113.353026,23.289853,246路、504路、973路、夜74路
太和农行,太和农行,太和农行,BV11480866,,,113.353006,23.296984,太和1线便民车专线
太和派出所,太和派出所,太和派出所站,BV11482314,,太和派出所,113.390073,23.307882,758路
太和人行天桥,太和人行天桥,太和人行天桥,BV11574209,,,113.346225,23.297606,太和1线便民车专线
太和堂,太和堂,太和堂,BV11300561,,,113.816102,23.534751,增城60路
太和文化广场,太和文化广场,太和文化广场站,BV09005242,1,太和文化广场,113.347821,23.297169,246路、471路、504路、529路、751路、758路、828路、833路、976路、985路、夜74路、太和1线便民车专线、帽峰山旅游专线1线
太和文化广场,太和文化广场,太和文化广场2,BV09319309,2,太和文化广场②,113.348638,23.297698,246路、471路、563路、751路、973路、976路、985路、夜74路、夜76路、夜86路
太和镇政府,太和镇政府,太和镇政府,BV11480661,,,113.350624,23.294808,太和1线便民车专线
太和中路,太和中路,太和中路,BV11688546,,太和中路,113.351849,23.294146,246路、471路、504路、751路、758路、827路、973路、976路、985路、夜74路、夜86路
太和中学,太和中学,太和中学,BV10019294,,太和中学,113.354407,23.298413,827路、太和1线便民车专线
太和总站,太和总,太和总站1,BV09173927,1,太和总站①,113.351847,23.292382,529路、828路、833路、985路、夜86路
太和总站(丰泰横路),太和总站(丰泰横路),太和总站(丰泰横路),BV11296119,,太和（谢家庄）,113.345117,23.304477,973路
太和总站(沙亭岗村),太和总站(沙亭岗村),太和总站(沙亭岗村),BV10407932,,太和（沙亭岗村）总站,113.358540,23.312196,504路、夜74路
太平村,太平村#1,太平村,BV09304708,,太平村,113.102720,23.106528,佛236路、佛251路
太平村,太平村#2,太平村,BV11570089,,太平村,113.757890,23.250251,增城14路、增城9路
太平路口,太平路口,太平路口站,BV09205394,,太平路口,113.207594,23.035843,佛232路、广275路、广275路出场短线
太平南工业园,太平南工业园,太平南工业园,BV10256176,,太平南工业园,113.089691,23.100069,佛200路
太平卫生院,太平卫生院,太平卫生院,BV11483210,,太平卫生院,113.478250,23.431613,从802路、从804路、从805路、从809路
太平小学,太平小学,太平小学,BV10020865,,太平小学,113.478466,23.436399,从5路、从5路长线、从804路、从806路、从808路、从809路、花84路
太平小学总站,太平小学总,太平小学总站,BV11620155,,太平小学,113.478200,23.436034,从803路、从807路、从808路、从夜1路
太平洋工业区,太平洋工业区,太平洋工业区站,BV10714260,,太平洋工业区,113.570169,23.124192,214路、571B路、增城28路
太平镇政府,太平镇政府,太平镇政府,BV10451637,,,113.476206,23.434260,从夜1路
太平中学,太平中学,太平中学,BV09000679,,太平中学,113.474350,23.431848,714路、从5路长线、从805路、夜116路、高峰快线72路
太石村(南沙大道),太石村(南沙大道),太石村(南沙大道),BV09175714,,太石村（南沙大道）,113.394158,22.882955,南50路、南沙54路、番143路、番150B路
太石村委,太石村委,太石村委,BV11580706,,,113.395252,22.883207,番5路长线
太石村站(南沙大道),太石村站(南沙大道),太石村站(南沙大道),BV11619317,,,113.393125,22.884982,南沙54路
太石工业区,太石工业区,太石工业区站,BV09305166,,太石工业区,113.397985,22.894760,南36路、南48路、南50路、南沙33路、南沙70路、番11路、番140路、番141路、番150路、番5路、番5路长线
太石工业区总站,太石工业区总,太石工业区总站,BV10023383,,,113.398698,22.888096,番5路、番5路长线
太石公交总站,太石公交总,太石公交总站,BV10018468,,,113.398732,22.888391,南36路、南50路
太石市场站,太石市场,太石市场站,BV10023176,,太石市场,113.404104,22.890817,番150路
太行站(临时站),太行站(临时站),太行站,BV09006060,,太行站,113.164256,23.195679,佛252路、佛里07B路、佛里07路、里07路、里07路短线/佛里07路里广快线、里07路高峰线
太行站(临时站),太行站(临时站),太行站(临时站),BV10809899,,太行站,113.164797,23.195766,佛里07B路、里07路高峰线
太阳城,太阳城,太阳城,BV11688050,,太阳城,113.604770,23.124439,379路、571A路、571B路、增城28路、增城32路内环、增城32路外环、增城36路、增城39路、莞615路
太阳升村站,太阳升村,太阳升村站,BV10015885,,,113.504373,22.705256,南28路
太营路,太营路,太营路,BV11688376,,太营路,113.344705,23.297734,529路、563路、751路、758路、828路、833路、夜76路
太营路(广从三路口),太营路(广从三路口),太营路(广从三路口),BV09212868,,太营路（广从三路口）,113.341475,23.298158,529路、751路、758路
太营路口,太营路口,太营路口站,BV11330434,,太营路口,113.348695,23.297849,471路、563路、751路、976路、985路、夜76路
太营路口总站,太营路口总站,太营路口总站,BV10381381,,,113.348766,23.297645,
太子广场,太子广场,太子广场,BV09242377,,太子广场,113.163424,23.459256,715路、夜92路、花25路、花62路、花88路、花88路短线、花89路
太子坑,太子坑,太子坑,BV10916254,,太子坑,113.842819,23.325416,增城17路
泰安花园,泰安花园,泰安花园,BV10458383,,泰安花园,113.387058,23.132817,408A路、496路、506路、547路、813路、B21路、B8路、夜43路、B14路
泰安花园,泰安花园,泰安花园,BV11445830,,泰安花园,113.387006,23.132826,B21路
泰禾广州院子,泰禾广州院子,泰禾广州院子,BV10020770,,泰禾广州院子,113.879512,23.224035,增城1路
泰康路,泰康路,泰康路,BV10016115,,泰康路,113.262579,23.120462,190路、194路、519路、夜107路
泰宁大街,泰宁大街,泰宁大街,BV10019119,,泰宁大街,113.278039,23.088129,469路、780路、812路、967路、992路
泰山路中,泰山路中,泰山路中,BV09310069,,,113.230436,23.029579,K201路
谭边村,谭边村,谭边村,BV11026440,,谭边村,113.400633,22.965407,番22路
潭村,潭村,潭村,BV11578756,,,113.613634,23.532481,从1路东线
潭村总站,潭村总,潭村总站,BV10624675,,潭村总站,113.224649,23.193717,176路、198路、428路
潭口,潭口,潭口,BV10018738,,潭口,113.498011,23.657400,从18路、从901路、从902路
潭山村,潭山村,潭山村,BV10023062,,潭山村,113.456499,22.999953,番128路、番62路
潭山小学,潭山小学,潭山小学,BV09107454,,潭山小学,113.387763,22.786357,南沙58路
潭山中学站,潭山中学,潭山中学站,BV10405460,,,113.377128,22.788873,南59路
潭洲车站,潭洲车,潭洲车站,BV10014942,,潭洲车站,113.382571,22.785574,南59路、南沙58路、南沙65路、番142路
潭洲市场,潭洲市场,潭洲市场,BV09302206,,潭洲市场,113.381889,22.788204,南47路、南59路、南沙65路、番142路
坦头村站,坦头村,坦头村站,BV10016462,,坦头村,113.560606,22.808970,南34路、南沙12路、南沙38路、南沙62路、南沙63路A线、南沙63路B线、南沙8路
坦尾村站,坦尾村,坦尾村站,BV11161928,,,113.512286,22.790975,南34路、南55路
坦尾路,坦尾路,坦尾路站,BV10016161,,坦尾路,113.214656,23.126863,128路、256路、416路、783路、夜31路
坦尾牌坊,坦尾牌坊,坦尾牌坊,BV11230411,,坦尾牌坊,113.209964,23.123314,416路
坦尾西路,坦尾西路,坦尾西路,BV11230410,,坦尾西路,113.208964,23.124769,416路
坦尾总站,坦尾总,坦尾总站,BV10021070,,坦尾总站,113.215964,23.124416,209路、416路
炭步,炭步,炭步,BV10703910,,炭步总站,113.102303,23.333918,花5路
炭步大桥北,炭步大桥北,炭步大桥北,BV09305915,,炭步大桥北,113.109253,23.350823,花15路、花5路
炭步大桥南,炭步大桥南,炭步大桥南,BV09191887,,炭步大桥南,113.104918,23.337746,花15路、花5路
炭步二中,炭步二中,炭步二中,BV11692320,,炭步二中,113.102652,23.329705,花24路
炭步交管所,炭步交管所,炭步交管所,BV10777193,,炭步交管所,113.100864,23.338242,花15路、花5路
炭步市场,炭步市场,炭步市场,BV10776830,,炭步市场,113.101255,23.336203,花24A路、花5B路、花5路
炭步镇二小,炭步镇二小,炭步镇二小,BV09275562,,,113.099179,23.334508,花5B路
炭步中学,炭步中学,炭步中学,BV11602524,,,113.102709,23.336376,花15B路、花15路
炭步总站,炭步总,炭步总站,BV10442979,,炭步总站,113.102023,23.339869,花15路、花24A路、花5路
唐阁,唐阁,唐阁,BV11688071,,唐阁,113.237116,23.268922,523路、58A路、706路早间短线、834路、977路
唐阁村总站,唐阁村总,唐阁村总站,BV10014187,,唐阁村总站,113.235675,23.271054,58A路
唐阁路东,唐阁路东,唐阁路东,BV09339756,,唐阁路东,113.239860,23.260625,756路、834路
唐阁路中,唐阁路中,唐阁路中,BV09200437,,唐阁路中,113.236104,23.259089,756路、834路
唐阁南总站,唐阁南总,唐阁南总站,BV10014188,,唐阁南总站,113.230612,23.259038,756路、834路
唐洪枢纽站,唐洪枢纽,唐洪枢纽站,BV11219602,,,113.838949,23.109043,莞76路
唐美村,唐美村,唐美村,BV11354978,,唐美村,113.062998,23.280610,花5B路
唐宁花园,唐宁花园,唐宁花园,BV11091398,,唐宁花园,113.236132,23.157157,823路
棠安路,棠安路,棠安路站,BV11430751,,棠安路,113.252291,23.190513,662路
棠安路(棠德西路口),棠安路(棠德西路口),棠安路(棠德西路口),BV09063542,2,棠安路（棠德西路口）②,113.371219,23.137110,304路、408A路、496路、503路、506路、547路、813路、夜43路、B14路
棠安路总站①,棠安路总站①,棠安路总站①,CL100018,1,棠安路总站①,113.252176,23.190316,113路
棠安路总站②,棠安路总站②,棠安路总站②,CL100019,2,棠安路总站②,113.252266,23.189616,105路
棠埔东路,棠埔东路,棠埔东路,BV10382326,,棠埔东路,113.543841,23.352089,350路
棠村,棠村,棠村,BV10014847,,棠村,113.828179,23.328206,增城15路、增城16路、增城6路、增城79路
棠德东路,棠德东路,棠德东路,BV09070828,,棠德东路,113.382173,23.134724,304路
棠德花苑北,棠德花苑北,棠德花苑北,BV09061295,,棠德花苑北,113.382337,23.137682,210路、214路、363路、408A路、408路、432A路、508路、764路、772路、813路、B18路、B18路快线、B19路、夜43路、高峰快线24路
棠德花苑西总站,棠德花苑西总,棠德花苑西总站,BV09063543,,棠德花苑西总站,113.373671,23.138389,813路
棠德花苑总站,棠德花苑总,棠德花苑总站,BV09059552,4,棠德花苑总站④,113.381137,23.136659,304路、518路、562路、B21路、B8路、夜36路
棠德南路,棠德南路,棠德南路,BV10014011,,棠德南路,113.374839,23.135127,304路、408A路、496路、503路、506路、547路、813路、夜43路、B14路
棠东,棠东,棠东站S1子站(BRT),BV09350474,,,113.380514,23.127507,B5路
棠东,棠东,棠东站S1子站(BRT),BV09375068,,,113.380275,23.127524,B2A路
棠东,棠东,棠东,BV10014607,1,BRT棠东1,113.379929,23.127872,B16路、B17路、B1路、B20路、B2A路、B2路、B3路、夜17路、夜19路、夜20路、夜25路、夜34路、夜36路、夜38路、夜41路、夜9路
棠东,棠东,棠东,BV11694280,2,BRT棠东2,113.379569,23.127601,B12路、B16路、B17路、B1路、B20路、B21路、B22路、B2路、B3路、B4路、B5路、B7路、B7路快线、B8路、夜17路、夜19路、夜20路、夜25路、夜34路、夜36路、夜38路、夜41路、夜9路
棠东牌坊,棠东牌坊,棠东牌坊,BV09064127,,棠东牌坊,113.380655,23.134110,304路、408A路、496路、503路、506路、547路、813路、夜43路、B14路
棠乐路,棠乐路,棠乐路,BV11458819,,棠乐路,113.248247,23.196770,421路、510路、523路、807A路、925路、夜75路
棠乐路口,棠乐路口,棠乐路口,BV10022105,,棠乐路口,113.249246,23.196758,421路、925路
棠厦村,棠厦村,棠厦村,BV10014894,,棠厦村,113.824755,23.376613,增城15路、增城16路、增城6路
棠澍小学,棠澍小学,棠澍小学,BV11406716,,棠澍小学,113.196439,23.403622,713路、花22路、花2路、花68路、花68路白坭班车、花68路短线、花70路、花70路短线、花80路、花都113路
棠溪,棠溪,棠溪,BV09001423,1,棠溪,113.246763,23.184320,176路、21路、274路、278路、32路、519路、528路、538路、540路、555路、556路、58A路、58路、803路、925路、夜105路、夜26路、夜76路、夜87路、夜94路
棠溪,棠溪,棠溪站3,BV09045365,3,棠溪②,113.246262,23.183672,夜105路、929路、108路、105路、113路
棠溪,棠溪,棠溪站1,BV11562315,1,棠溪①,113.247589,23.184900,176路、274路、662路、832路、929路、108路、105路、113路
棠溪车场总站(粤溪北路),棠溪车场总站(粤溪北路),棠溪车场总站(粤溪北路),BV11094915,,棠溪车场（粤溪北路）总站,113.237585,23.168624,823路
棠下(三元里大道),棠下(三元里大道),棠下(三元里大道)2,BV09169835,2,棠下（三元里大道）②,113.245259,23.176661,271路、278路、32路、475路、519路、528路、538路、540路、555路、556路、975路、夜87路、广424路
棠下(三元里大道),棠下(三元里大道),棠下(三元里大道)1,BV09172231,1,棠下（三元里大道）①,113.245938,23.174457,176路、185路、21路、271路、274路、278路、528路、58A路、58路、662路、7路、夜105路、夜12路、夜26路、夜77路、广424路、108路、105路、113路
棠下(三元里大道),棠下(三元里大道),棠下(三元里大道),BV11687942,1,棠下（三元里大道）①,113.245259,23.176661,519路、556路、63路、7路、803路、975路、夜122路
棠下村,棠下村,棠下村,BV11647652,,棠下村,113.374999,23.128355,B12路、B16路、B17路、B1短线快车、B1路、B20路、B21路、B22路、B2A路、B2路、B3路、B4路、B5路、B7路、B7路快线、B8路、夜17路、夜19路、夜20路、夜25路、夜34路、夜36路、夜38路、夜41路、夜9路
棠下村,棠下村,棠下村,BV11649072,,棠下村,113.373433,23.128622,B12路、B17路、B1短线快车、B1路、B20路、B22路、B4路、B7路、B7路快线、夜17路、夜19路、夜20路、夜25路、夜34路、夜36路、夜38路、夜41路、夜9路
棠下村口站,棠下村口,棠下村口站,BV09324110,,棠下村口,113.534376,23.341705,351路、352路、650路、827路、夜126路
棠下路口,棠下路口,棠下路口,BV10017712,,棠下路口,113.535358,23.341079,352路
棠涌村委,棠涌村委,棠涌村委,BV10022104,,棠涌村委,113.249374,23.195186,421路、925路
棠涌南街,棠涌南街,棠涌南街,BV11683586,,棠涌南街,113.250187,23.192223,925路
塘贝,塘贝,塘贝站,BV11345919,,塘贝,113.226316,23.303169,474路、522路、829路、夜87路、703路
塘贝村,塘贝村,塘贝村站,BV10632189,,塘贝村,113.233775,23.303060,654路、706路、706路早间短线、713路、722路
塘边村,塘边村#1,塘边村,BV10741031,,,112.920613,23.441546,655B路、花81路
塘边村,塘边村#2,塘边村,BV10910369,,塘边村,113.667468,23.168720,增城37路、增城44路
塘步东,塘步东,塘步东,BV10014316,,塘步东,113.337052,23.015028,302A路、公交地铁接驳专线8路、番163B路、番17路、番17路长线、番30路、番53路、番56路、番58路、番86路
塘步西,塘步西,塘步西,BV09000467,,,113.331458,23.016560,302A路、302路、51路、788路、夜102路、番17路、番56路
塘埗西,塘埗西,塘埗西,BV09192781,,塘埗西,113.331458,23.016560,129路、302A路、302路、303A路、303路、987路、公交地铁接驳专线5路、夜102路、夜109路、夜88路、番146路、番163B路、番17路长线、番182路、番185路、番190路、番56路、番58路
塘丰,塘丰,塘丰,BV11484880,,塘丰,113.975992,23.809246,从501路
塘基,塘基,塘基,BV11152720,,塘基,114.008381,23.861211,从502路
塘基村委,塘基村委,塘基村委,BV11398024,,塘基村委,114.025002,23.859747,从912路
塘坑村,塘坑村,塘坑村站,BV10015851,,塘坑村,113.566696,22.756284,南1路B、南27路、南夜6路、南沙13路、南沙18路、南沙49路、南沙4路、南沙54路、番141路、南沙1路
塘坑村,塘坑村,塘坑村,CL100012,,塘坑村,113.562696,22.756256,南沙1路
塘口,塘口#1,塘口,BV11346384,,塘口,113.424689,23.112273,348路、356路、夜41路、夜46路
塘口,塘口#2,塘口站,BV11346385,,塘口,113.262147,23.389810,花11路
塘口村,塘口村,塘口村,BV11463938,,塘口村,113.836212,23.213294,增城88路
塘联旧社,塘联旧社,塘联旧社,BV11413189,,,113.062382,23.169889,佛278路
塘联市场,塘联市场,塘联市场,BV11371482,,,113.057854,23.171575,佛278路
塘美广场,塘美广场,塘美广场,BV10016080,,塘美广场,113.634811,23.149620,增城21路、增城37路
塘面村,塘面村,塘面村,BV10024136,,塘面村,113.821818,23.159167,增城55路、增城76路、莞76路
塘厦村,塘厦村,塘厦村,BV10264089,,,113.755059,23.114251,莞G7路
塘田,塘田,塘田,BV10775404,,塘田,113.886051,23.771215,从12路
塘头,塘头,塘头,BV11687928,2,塘头②,113.526065,23.090716,214路、372路、376路、388路、516路、566路、567路、569路、571B路、571路、572路、B30路、B31路、夜49路、夜57路、夜73路
塘头村,塘头村#1,塘头村站,BV09391516,,塘头村,113.095932,22.992620,佛236路
塘头村,塘头村#2,塘头村,BV10019998,,塘头村,113.814974,23.208164,增城10路、增城8路、增夜2路
塘尾,塘尾#1,塘尾,BV11491293,,塘尾,113.715097,23.704867,从11路、从12路、从605路、从607路
塘尾,塘尾#2,塘尾站,BV11491294,,塘尾,113.730855,23.696295,从606路
塘尾村委,塘尾村委,塘尾村委,BV11152758,,塘尾村委,113.728041,23.699167,从606路
塘下村十社,塘下村十社,塘下村十社,BV11171790,,塘下村十社,113.602919,23.593191,从20路
塘下村委,塘下村委,塘下村委,BV11115220,,塘下村委,113.600261,23.587274,从20路
塘下江,塘下江,塘下江,BV10808750,,塘下江,113.894689,23.772410,从12路
塘星村,塘星村,塘星村,BV10631942,,塘星村,113.344461,23.454407,花85路
塘涌,塘涌,塘涌,BV09316438,,塘涌,113.373033,22.919566,南沙67路、番21B路、番5路、番5路长线
涛乐街,涛乐街,涛乐街,BV10598766,1,涛乐街①,113.204877,23.175860,658A路、745路
桃北村口,桃北村口,桃北村口,BV11561039,,桃北村口,113.091541,23.287428,花24路
桃红西街,桃红西街,桃红西街,BV11589186,,桃红西街,113.243688,23.267802,796路、夜129路
桃花岭路口,桃花岭路口,桃花岭路口,BV09404837,,桃花岭路口,113.212427,23.499609,花25B路
桃花源记站,桃花源记,桃花源记站,BV10970485,,,113.064371,23.160650,佛278路
桃坑,桃坑,桃坑,BV10254895,,桃坑,113.093514,23.283124,花24路
桃莲村委,桃莲村委,桃莲村委,BV11115216,,桃莲村委,113.723263,23.623611,从14路、从19路
桃园东路,桃园东路,桃园东路,BV11293909,,桃园东路,113.410174,23.119747,B2A路
桃园路,桃园路,桃园路,BV10019601,,桃园路,113.406969,23.117452,B19路
桃园西路,桃园西路,桃园西路,BV10018534,,桃园西路,113.401709,23.111557,218路、503路、53路
桃园西路北,桃园西路北,桃园西路北,BV11359529,,桃园西路北,113.403113,23.116923,402路/402路快车
桃园西路口,桃园西路口,桃园西路口,BV09399899,,桃园西路口,113.402412,23.113062,218路、503路、53路
桃园一路站,桃园一路,桃园一路站,BV11371487,,,113.095417,23.146940,佛278路
桃园中路,桃园中路,桃园中路,BV11359530,,桃园中路,113.404334,23.113755,402路/402路快车
桃园中路口站,桃园中路口,桃园中路口站,BV09404818,,,113.403354,23.113667,218路、503路、53路
桃园中学,桃园中学#1,桃园中学,BV11371456,,桃园中学,113.668470,23.607208,从14路、从19路、从19路密石班车
桃园中学,桃园中学#2,桃园中学站,BV09319772,,,113.092432,23.145642,佛278路
桃源,桃源,桃源站,BV09001432,,桃源,113.244379,23.260975,509路、522路、706路、837路、977路
桃源北东街,桃源北东街,桃源北东街,BV11662478,,,113.253861,23.266568,796路
陶都站,陶都,陶都站,BV10251414,,陶都,113.075410,23.007132,佛251路
淘迪公司,淘迪公司,淘迪公司,BV10024219,,淘迪公司,113.627245,23.311728,增城11A路、增城11路
淘金北路,淘金北路,淘金北路,BV10013644,,淘金北路,113.282784,23.142228,10路、245路、247路、482路、546路、夜4路
淘金北路总站,淘金北路总,淘金北路总站,BV10604971,,淘金北路总站,113.282682,23.142176,483路
淘金东路,淘金东路,淘金东路,BV10509896,,淘金东路,113.287409,23.145090,482路
淘金街,淘金街,淘金街,BV10509894,,淘金街,113.281837,23.143558,482路
淘金路,淘金路,淘金路,BV10509895,,淘金路,113.286055,23.143668,482路
淘金路口,淘金路口,淘金路口,BV10509901,,淘金路口,113.282682,23.142176,482路
腾冲牌坊,腾冲牌坊,腾冲牌坊,BV10609326,,腾冲牌坊,113.087320,22.966126,佛236路
腾龙大道,腾龙大道,腾龙大道,BV09299184,,腾龙大道,113.545732,23.333507,456路、456路环线
腾龙路北,腾龙路北,腾龙路北,BV10875068,,,113.135048,23.123125,沥12B路
藤业路,藤业路,藤业路,BV10255222,,,113.197373,23.143041,佛沥18路、佛里07B路、佛里07路、广789路、里07路、里07路高峰线
藤业一路西,藤业一路西,藤业一路西,BV11271515,,,113.195972,23.149562,429路循环线
藤业一路中,藤业一路中,藤业一路中,BV11271516,,,113.200608,23.149553,429路循环线、夜112路
梯面(临时站),梯面(临时站),梯面(临时站),BV09404840,,,113.289366,23.552021,花17路王子山班车
梯面联民村,梯面联民村,梯面联民村,BV11442876,,,113.303493,23.557828,花17路王子山班车、花17路联民村
梯面市场,梯面市场,梯面市场,BV10432248,,,113.290979,23.552309,花17路王子山班车、花17路联民村
梯面卫生院,梯面卫生院,梯面卫生院,BV10878859,,,113.295193,23.554536,花17路王子山班车、花17路联民村
梯面镇政府,梯面镇政府,梯面镇政府,BV10432267,,,113.288483,23.547763,花17路联民村
体育东路,体育东路,体育东路,BV10015220,,体育东路,113.322933,23.133171,11路、137路、18路、195路、230路、245路、45路、517路、540路、545路、54路、813路、夜56路、夜61路、广高峰快线30路
体育公园,体育公园,体育公园,BV11688072,,体育公园,113.364974,22.966296,302路、303路、夜88路、番10路、番143路、番145路、番146路、番27路、番7路
体育馆,体育馆,体育馆,BV10387923,,体育馆,113.840166,23.292892,增城10路、增城18路、增城1路、增城3路、增城47路、增城4路、增城64路、增城74路
体育花园,体育花园,体育花园站,BV10713659,,体育花园,113.268955,23.186155,271路、36路、522路、529路、651路、759路环线、841路、981路、982路、夜122路、广424路
体育路,体育路,体育路,BV11651987,,,113.213863,23.385594,花76路
体育路东,体育路东,体育路东,BV09105487,,,113.217368,23.385792,花6路
体育路口,体育路口,体育路口,BV10262162,,体育路口,113.738290,23.023785,莞75路
体育西横街路口,体育西横街路口,体育西横街路口,BV10021732,,体育西横街路口,113.316097,23.131369,18路、777路
体育西路,体育西路,体育西路,BV11631519,,体育西路,113.316093,23.142332,130路、137路、195路、233路、263路、280路、551路、59路、78路、810路、89路、夜17路、夜77路
体育西路南,体育西路南,体育西路南,BV10021677,,体育西路南,113.315991,23.134185,137路、140路、777路
体育中心,体育中心,体育中心1,BV09226128,1,体育中心1,113.318667,23.136057,59路、夜10路、夜17路
体育中心,体育中心,体育中心(停西行),BV09323474,1,BRT体育中心1,113.318648,23.136375,B10路
体育中心,体育中心,体育中心(西行),BV09337037,2,体育中心②,113.317492,23.136420,B25路、B6路快线、B6路
体育中心,体育中心,BRT体育中心S1,BV09339531,1,,113.317212,23.136127,B5路
体育中心,体育中心,体育中心(东行),BV11420870,2,体育中心②,113.320167,23.135813,B25路、夜48路、广高峰快线30路
体育中心,体育中心,体育中心,BV11688435,1,体育中心1,113.318580,23.136377,18路、245路、540路、545路、551路、B12路、B1短线快车、B1路、B3路、B4路、B9路、夜105路、夜10路、夜15路、夜17路、夜19路、夜25路、夜35路、夜38路、夜41路、夜56路、夜70路、夜74路、夜89路、夜9路、广高峰快线30路
体育中心,体育中心,体育中心,BV11688545,1,体育中心①,113.318554,23.136060,18路、B12路、B1路、B21路、B9路、夜47路、B6路快线、B6路
体育中心东门,体育中心东门#1,体育中心东门2,BV09219091,2,体育中心东门②,113.323079,23.139528,130路、136路、230路、39路、540路、54路、78路、813路、89路、夜15路、夜53路、夜89路
体育中心东门,体育中心东门#1,体育中心东门1,BV09226124,1,体育中心东门①,113.323076,23.138601,11路、195路、233路、263路、280路、45路、810路、夜77路
体育中心东门,体育中心东门#1,体育中心东门,BV11678026,2,体育中心东门,113.323080,23.138813,11路、137路、230路、45路、54路、551路、59路、813路、夜15路、夜53路、夜74路、夜89路
体育中心东门,体育中心东门#2,体育中心东门,BV11346373,,,113.217654,23.387203,花6路、花76路
体育中心,体育中心总,体育中心总站,BV09354795,,,113.318554,23.136060,801路
体育中心,体育中心总,体育中心1,BV09375065,1,体育中心1,113.318596,23.136060,130路、233路、263路、280路、78路、810路、89路、B10路、B21路、B2A路、B2路、B5路、夜23路、夜25路、夜38路、夜41路、夜53路、夜56路、夜61路、夜70路、夜77路、夜89路
体育中心,体育中心总,体育中心总站,BV10018645,1,体育中心①,113.319992,23.136304,801路、B25路、夜48路、夜53路、夜47路
天安番禺节能科技园,天安番禺节能科技园,天安番禺节能科技园3,BV09368237,3,,113.363568,22.981126,番165路
天安番禺节能科技园,天安番禺节能科技园,天安番禺节能科技园,BV11610818,,,113.363496,22.981122,番143路、番163A路
天安科技园总站,天安科技园总,天安科技园总站,BV11493923,,天安科技园总站,113.363707,22.981131,987路
天安科园总站,天安科园总,天安科园总站,BV09374428,,,113.363880,22.981138,310路
天宝地铁站,天宝地铁,天宝地铁站,BV11670244,,,113.773266,23.052685,莞G7路
天城庄路东,天城庄路东,天城庄路东,BV09381324,,天城庄路东,113.395256,23.361051,655路
天创工业园(南沙大道)站,天创工业园(南沙大道),天创工业园(南沙大道)站,BV09344863,,天创工业园（南沙大道）,113.395373,22.879663,南50路、南沙54路、番143路、番150B路
天鹅谷(峨山经济社)总站,天鹅谷(峨山经济社)总,天鹅谷(峨山经济社)总站,BV09389996,,天鹅谷（鹅山经济社）总站,113.438265,23.231909,328路
天鹅谷总站,天鹅谷总,天鹅谷总站,BV09329916,,,113.438265,23.231909,328路支线
天鹅花园,天鹅花园,天鹅花园,BV10016423,,天鹅花园,113.343917,23.171155,297路、400路、46路、498路、54路、581路、772路、773路、B11路、高峰快线80路
天丰路,天丰路,天丰路站,BV10017413,,天丰路,113.451176,23.163572,326路、494路
天丰路口,天丰路口,天丰路口,BV10323026,,天丰路口,113.458403,23.162364,321路、355路
天峰二区,天峰二区,天峰二区,BV11630305,,天峰二区,113.488172,22.950379,番151路、番162路、番夜4路
天峰三区,天峰三区,天峰三区,BV11630304,,天峰三区,113.487208,22.947645,番151路、番162B路、番162B路高峰快线、番夜4路
天府路,天府路,天府路,BV10017755,,天府路（地铁天河公园站）,113.356767,23.127640,194路、239路、293路、771路、B11路、B8路、夜36路
天府路口,天府路口,天府路口,BV10016767,,天府路口,113.357862,23.135964,夜17路、夜19路、夜25路、夜34路、夜38路、夜41路、夜43路、夜48路、夜68路、夜9路
天光墟,天光墟,天光墟,BV10412595,,天光墟,113.443763,22.957578,番111路
天贵路北,天贵路北,天贵路北,BV11237669,,天贵路北,113.218153,23.428910,19路直达快线、花86路
天贵路荔枝基路口,天贵路荔枝基路口,天贵路荔枝基路口,BV11680691,,天贵路荔枝基路口,113.217655,23.392805,花19路、花6路、花75A路
天贵社区医院,天贵社区医院,天贵社区医院,BV11663422,,,113.217420,23.382230,花17路联民村、花76路
天贵雅苑,天贵雅苑,天贵雅苑,BV09292565,,天贵雅苑,113.221313,23.437836,花31路
天贵雅苑,天贵雅苑,天贵雅苑(南行),BV09293650,,,113.221313,23.437836,19路直达快线
天贵雅苑,天贵雅苑,天贵雅苑(北行),BV09293651,,,113.221170,23.437267,19路直达快线
天贵中路,天贵中路,天贵中路,BV11621655,,,113.216742,23.399288,花6路、花75A路
天和村,天和村,天和村,BV11584403,,天和村,113.293091,23.441250,花32路
天河,天河,天河2,BV09321905,2,天河②,113.314740,23.130504,137路、140路、243路、266路、299路、53路、541路、548路、562路、813路、B15路、B8路、夜13路、夜18路、夜27路、夜34路、夜36路、夜39路、夜40路
天河,天河,天河1,BV09348371,1,天河①,113.313941,23.130171,245路、261路、266路、284路、293路、518路、542路、545路、54路、777路、813路、886路、夜13路、夜18路、夜27路、夜34路、夜36路、夜39路、夜40路、广283路、广283路班车
天河,天河,天河,BV11462418,2,天河②,113.314898,23.130105,夜93路
天河北公交总站,天河北公交总,天河北公交总站,BV10323061,,天河北公交总站,113.329447,23.144231,6路、78A路
天河北路,天河北路,天河北路,BV11688537,2,天河北路②,113.325085,23.144199,130路、133路、136路、191路、230路、302A路、302路、363路、41路、504路、547路、54路、6路、78路、813路、89路、B16路、B17路、B19路、B20路、夜53路、夜89路、广283路
天河城站,天河城,天河城站,BV09355215,,天河城,113.316189,23.133626,777路
天河城广场,天河城广场,天河城广场,BV11315195,,,113.318646,23.136058,空港快线2号线、空港快线2号线夜班、空港快线2线
天河电脑城,天河电脑城,天河电脑城,BV11315201,,,113.333497,23.137038,空港快线2号线、空港快线2线
天河东路,天河东路,天河东路1,BV09310405,1,天河东路①,113.328059,23.140404,138路、266路、302A路、302路、B20路、夜10路、广283路
天河东路,天河东路,天河东路,BV11688544,1,天河东路,113.327924,23.141206,136路、138路、20路、218路、266路、302A路、302路、39路、504路、547路、B16路、B20路、夜10路、广283路
天河东路口,天河东路口,天河东路口,BV10326940,,天河东路口,113.328602,23.137876,136路、39路、B16路、B20路、夜10路
天河儿童公园,天河儿童公园,天河儿童公园,BV11689176,,天河儿童公园,113.423693,23.136059,390路、403路、432路、495路、581路、944路、945路
天河儿童公园北门总站,天河儿童公园北门总,天河儿童公园北门总站,BV10499588,,天河儿童公园北门总站,113.430434,23.135315,B15路、B20路、夜13路
天河公交场总站,天河公交场总,天河公交场总站2,BV09073572,2,天河公交场总站,113.325297,23.134962,夜133路
天河公交场总站,天河公交场总,天河公交场总站,BV10014021,,天河公交场总站,113.325419,23.135031,136路、311路、39路、517路、南沙K1路、夜133路、夜68路、广283路班车、高峰快线42路
天河公园,天河公园,天河公园,BV11519157,,天河公园,113.357196,23.131965,194路、239路、293路、771路、B11路、B8路、夜36路
天河科技街,天河科技街,天河科技街,BV11519176,,天河科技街,113.337777,23.140135,218路、B10路、B11路、B17路、夜23路
天河客运站,天河客运,天河客运站1,BV09086211,1,天河客运站①,113.334339,23.172353,297路、30路、39路、46路、498路、54路、884路、B11路、B12路、夜10路
天河客运站,天河客运,天河客运站(西行),BV09397538,1,天河客运站①,113.338244,23.172645,346路
天河客运站,天河客运,天河客运站,BV10014277,1,天河客运站,113.336371,23.172279,297路、346路、39路、46路、83路、84A路、84路、884路、B12路、夜71路、高峰快线80路
天河客运站总站,天河客运站总,天河客运站总站,BV10322985,,天河客运站总站,113.335834,23.172854,126路、257路、345A路、346路、503路、564路、89路、夜100路、夜70路、夜90路、节假日公交专线7路、高峰快线21路
天河立交,天河立交,天河立交2,BV09226112,2,天河立交②,113.305517,23.136848,245路、545路、886路、B3路、夜105路、夜19路、夜56路、夜89路、广高峰快线30路
天河立交,天河立交,天河立交,BV10013640,1,天河立交,113.303603,23.137026,191路、221路、233路、245路、280路、30路、545路、810路、夜19路、夜56路、夜77路、夜89路
天河南,天河南,天河南,BV10017705,2,天河南②,113.328671,23.133476,266路、504路、广283路、广283路班车
天河南,天河南,天河南2,BV10405865,2,天河南②,113.328295,23.132540,138路、20路、266路、302A路、302路、311路、504路、517路、547路、801路、夜105路、夜133路、夜34路、夜35路、夜43路、夜70路、广283路、广283路班车
天河南,天河南,天河南1,BV11431965,1,天河南①,113.328423,23.133237,138路、218路、302路、311路、547路、801路、夜133路、夜35路
天河软件园管委会,天河软件园管委会,天河软件园管委会,BV11687886,,天河软件园管委会,113.406906,23.173035,355路、494路、497路、581路、774路、776路、901A路、901路、903路、B26路、B4路、夜38路、夜53路
天河邮局,天河邮局,天河邮局,BV09005198,,天河邮局,113.322800,23.131541,11路、137路、18路、195路、230路、245路、45路、517路、540路、545路、54路、813路、夜56路、夜61路、广高峰快线30路、高峰快线42路
天河智慧城核心区总站(高唐),天河智慧城核心区总站(高唐),天河智慧城核心区总站(高唐),BV10019133,,天河智慧城核心区（高唐）总站,113.406068,23.180919,355路、774路、901A路、903路、B4路、夜38路
天湖峰境,天湖峰境,天湖峰境,BV11226217,,天湖峰境,113.434732,23.448026,高峰快线72路
天湖峰境总站,天湖峰境总,天湖峰境总站,BV10527811,,,113.435667,23.447689,花85路
天慧路,天慧路,天慧路,BV10019135,,天慧路,113.411832,23.178697,78A路、901A路、901路、夜53路
天慧路北,天慧路北,天慧路北,BV11456553,,天慧路北,113.416028,23.183637,78A路、夜53路、夜68路
天慧路中,天慧路中,天慧路中,BV11464544,,天慧路中,113.413635,23.181856,78A路、夜53路
天慧路总站,天慧路总,天慧路总站,BV11464543,,天慧路总站,113.418804,23.186169,78A路、夜53路
天健创意园,天健创意园,天健创意园,BV09027379,2,天健创意园②,113.326384,23.202795,502路、754路、804路、884路
天健创意园总站,天健创意园总,天健创意园总站,BV10793675,,天健创意园总站,113.326255,23.202736,502路、804路、884路
天健广场,天健广场,天健广场,BV09027381,,天健广场,113.328698,23.201502,754路
天健装饰材料城,天健装饰材料城,天健装饰材料城,BV10021126,,天健装饰材料城,113.330030,23.195196,502路、754路、804路、884路
天骄物流园,天骄物流园,天骄物流园站,BV11330443,,天骄物流园,113.350286,23.320544,797路、985路
天就站,天就,天就站,BV11484098,,天就站,113.357287,23.599040,从403路
天坤二路,天坤二路,天坤二路站,BV09234812,,天坤二路,113.388765,23.139343,408路、432A路、764路、夜43路、B14路
天坤三路,天坤三路,天坤三路站,BV11609227,,天坤三路,113.388148,23.142138,408A路、408路、40路、432A路、764路、夜43路、B14路
天坤三路总站,天坤三路总,天坤三路总站,BV11564624,,天坤三路,113.391454,23.141635,408路、432A路、764路、夜43路、B14路
天朗明居,天朗明居,天朗明居,BV10014609,,天朗明居,113.384485,23.127421,夜17路、夜19路、夜20路、夜25路、夜34路、夜36路、夜38路、夜41路、夜9路
天朗明居,天朗明居,天朗明居,BV11693217,1,BRT天朗明居1,113.384823,23.127387,B16路、B17路、B1路、B20路、B22路、B2A路、B2路、B3路、B4路、B5路
天陆桥,天陆桥,天陆桥,BV10019782,,天陆桥,113.500095,22.914241,番149路
天鹿北路(兴太路口),天鹿北路(兴太路口),天鹿北路(兴太路口),BV10461192,,天鹿北路（兴太路口）,113.430007,23.260328,346路、449路
天鹿北路中,天鹿北路中,天鹿北路中,BV09072072,,天鹿北路中,113.429874,23.256868,346路、449路
天鹿湖郊野公园,天鹿湖郊野公园,天鹿湖郊野公园,BV10017634,,天鹿湖郊野公园,113.415798,23.225854,333A路、346路、449路、节假日公交专线7路
天鹿湖老年人护理中心总站,天鹿湖老年人护理中心总,天鹿湖老年人护理中心总站,BV10550115,,,113.411505,23.239264,333A路
天鹿湖森林公园北门,天鹿湖森林公园北门,天鹿湖森林公园北门,BV11325211,,天鹿湖森林公园北门,113.428109,23.236843,346路、449路
天鹿湖隧道北,天鹿湖隧道北,天鹿湖隧道北,BV09018361,,天鹿湖隧道北,113.418453,23.231786,333A路、346路、449路
天鹿小区,天鹿小区,天鹿小区,BV11688126,,天鹿小区,113.420190,23.199663,324路、333A路、346路、391路、449路、564A路、夜60路
天马河,天马河,天马河,BV11346812,,天马河,113.181263,23.381693,705路、花115路、花19路、花21路、花21路夜班、花5路
天马河公馆,天马河公馆,天马河公馆,BV11435993,,天马河公馆,113.182919,23.372164,705路、花31B路、花31路、703路
天平架,天平架,天平架,BV10013968,,天平架,113.317186,23.164567,136路、140路、201路、246路、502路、夜74路
天平架总站,天平架总,天平架总站,BV10015233,,天平架总站,113.316525,23.161392,16路、236路、252路、51路、56路、785路、84路、夜5路、大学城专线4路、高峰快线35路、110路
天润路,天润路,天润路,BV10021673,,天润路,113.334316,23.145947,133路、32路、406路环线、560路、78A路、B11路
天润路口,天润路口,天润路口,BV10021942,,天润路口,113.328039,23.145994,32路、560路、78A路、B11路
天生路,天生路,天生路,BV10017379,,天生路,113.535860,23.144337,323路、439路
天适樱花悠乐园,天适樱花悠乐园,天适樱花悠乐园,BV11624283,,天适樱花悠乐园,113.580139,23.626508,从6路
天寿路,天寿路,天寿路1,BV09306449,1,天寿路①,113.327043,23.148567,138路、214路、266路、298路、363路、39路、54路、560路、89路、B11路、B19路、夜10路、高峰快线24路
天寿路,天寿路,天寿路2,BV09310406,2,天寿路②,113.326896,23.148044,302A路、302路、B20路、广283路
天寿路,天寿路,天寿路,BV11688551,1,天寿路①,113.327030,23.147619,138路、214路、266路、298路、363路、39路、54路、89路、B11路、B19路、高峰快线24路
天顺路,天顺路,天顺路,BV10019136,,天顺路,113.414260,23.179700,491路、901A路、901路、夜68路
天顺路(思蕴路口),天顺路(思蕴路口),天顺路(思蕴路口),BV11602550,,天顺路（思蕴路口）,113.410442,23.181270,491路
天泰二路,天泰二路,天泰二路站,BV10022232,,天泰二路,113.455235,23.163763,321路、326路、506路
天泰路,天泰路,天泰路,BV10785165,,,112.925198,23.442782,花81路
天泰路北,天泰路北,天泰路北,BV11027606,,,112.926706,23.448699,花81路
天玺湾北门站,天玺湾北门,天玺湾北门站,BV10016460,,天玺湾北门站,113.575328,22.807861,南沙38路
天玺湾西门,天玺湾西门,天玺湾西门,BV09227221,,天玺湾西门,113.573340,22.806395,南沙20路
天涯亭华南制药厂,天涯亭华南制药厂,天涯亭华南制药厂,BV10685784,,,113.834948,23.112195,莞76路
天涯亭市场,天涯亭市场,天涯亭市场,BV10266465,,,113.835997,23.112024,莞76路
天益村站,天益村,天益村站,BV10023159,,天益村,113.438886,22.873601,南36路、番150路
天益村(南沙大道),天益村(南沙大道),天益村(南沙大道)站,BV10020699,,天益村（南沙大道）,113.435795,22.857682,南50路、南沙54路、番143路、番150B路
天益村第二工业区站,天益村第二工业区,天益村第二工业区站,BV10389176,,,113.429428,22.879326,番150路
天益第二工业区站,天益第二工业区,天益第二工业区站,BV10023181,,,113.429428,22.879326,南36路
天益工业区,天益工业区,天益工业区站,BV10023183,,天益工业区,113.443567,22.871710,南36路、番150路
天益桥,天益桥,天益桥站,BV10023182,,天益桥,113.436572,22.875264,南36路、番150路
天盈路,天盈路,天盈路,BV10019134,,天盈路,113.409026,23.177606,901A路、901路
天誉,天誉,天誉,BV10418327,,天誉,113.481778,22.951372,番151路、番160路、番162B路、番162路、番夜4路
天誉小学,天誉小学,天誉小学,BV09236552,,天誉小学,113.613216,23.188440,增城45路
天园路,天园路,天园路,BV10991257,,天园路,113.279000,23.108584,460A路
天源路中,天源路中,天源路中站,BV09002644,,天源路中,113.347155,23.183632,30路、345A路、39路、564路、83路、84A路、84路、B12路、夜100路、夜10路、夜71路
天源路总站,天源路总,天源路总站,BV09065517,,天源路（华南国家植物园）总站,113.360339,23.192746,B12路
天云街,天云街,天云街,BV10962312,,,113.266020,23.203861,420路
天蕴路,天蕴路,天蕴路站,BV09337317,,天蕴路,113.409208,23.175948,901A路、901路、夜68路
天字码头,天字码头,天字码头,BV10582111,,,113.265847,23.117316,S02路航线短线
天字码头,天字码头,天字码头站,BV11136772,,天字码头,113.266328,23.118172,128路、131A路、131B路、208路、4路、57路、夜16路、夜31路、旅游公交2线
田边村,田边村,田边村,BV11219467,,田边村,113.785364,23.171712,增城55路、增城56路、增城57路、增城76路、莞76路
田美村,田美村#1,田美村,BV11364429,,田美村,113.218906,23.400136,715路、花2路、花6路、花70路、花70路短线、花8路
田美村,田美村#2,田美村,BV11364430,,田美村,113.636929,23.362754,增城41路、增城70路
田美村委,田美村委,田美村委,BV11119650,,,113.637477,23.362716,增城41路
田美路西,田美路西,田美路西,BV10442989,,田美路西,113.219223,23.391093,花16路、花19路
田美上庄,田美上庄,田美上庄,BV10970181,,田美上庄,113.220413,23.403722,花103路、花105路、花22路、花30路、花都113路、701路
田美市场,田美市场,田美市场,BV11688985,,田美市场,113.221144,23.393580,花16路、花19路、花25路
田美西村,田美西村,田美西村,BV10023786,,,113.217055,23.396880,花6路
田美新村,田美新村,田美新村,BV11364424,,田美新村,113.232673,23.391996,715路、夜92路、花17路联民村、花1路、花30路、花84路
田南路,田南路,田南路,BV09130090,,,113.206297,23.273851,474路
田桥村,田桥村,田桥村,BV10023697,,田桥村,113.833136,23.166014,增城18路、增城55路
田塘站,田塘,田塘站,BV11631572,,,113.675740,23.565333,从906路
田心,田心#1,田心站,BV10945030,,田心,113.334726,23.602932,从403路
田心,田心#2,田心,BV11689383,,田心,113.974461,23.774857,从503路
田心,田心#3,田心,BV10019267,,田心,113.085708,23.453113,花81路、花93路
田心村(农家乐),田心村(农家乐),田心村(农家乐),BV11160698,,田心村（农家乐）,113.561954,23.621095,从6路、从6路支线
田心村,田心村#1,田心村,BV09324631,,田心村,113.415058,23.207725,333A路、346路、449路
田心村,田心村#2,田心村,BV11489690,,田心村（农家乐）,113.561927,23.621160,从6路
田心村,田心村#3,田心村,BV11489689,,田心村,113.669737,23.141590,增城27路
田心村委,田心村委,田心村委站,BV11490723,,田心村委,113.340035,23.306412,735路
田心村总站,田心村总,田心村总站,BV10323063,,田心村总站,113.342820,23.314344,735路
田心花园,田心花园,田心花园,BV10866348,,田心花园,113.192604,23.308869,472路、825路
田心路,田心路,田心路,BV10475298,,田心路,113.161607,23.453802,715路、夜92路、花80路
田心路口,田心路口#1,田心路口,BV10475301,,田心路口,113.195305,23.307763,472路、825路
田心路口,田心路口#2,田心路口,BV09069500,,田心路口,113.162133,23.458294,715路、夜92路、花80路
田心围,田心围,田心围,BV09236187,,,113.555833,23.649297,从6路支线
田心中心路,田心中心路,田心中心路,BV11493919,,田心中心路,113.341615,23.309182,735路
田园路,田园路,田园路,BV11483380,,田园路,113.548484,23.191321,365路、373路、506路、948路、夜52路
田园路(新元路口),田园路(新元路口),田园路(新元路口),BV09017656,,田园路（新元路口）,113.565110,23.184355,373路
田园路中,田园路中,田园路中,BV11187712,,田园路中,113.559907,23.186871,373路
铁路文化广场,铁路文化广场,铁路文化广场,BV09308648,,铁路文化广场,113.242101,23.019861,桂12路
铁路物流园,铁路物流园,铁路物流园,BV09398634,,铁路物流园,113.644789,23.260403,增城89路
铁山村,铁山村,铁山村,BV10467866,,铁山村,113.263798,23.461813,花83路
铁塔路,铁塔路,铁塔路,BV10020943,,铁塔路,113.620806,23.113896,571路、增城46路
汀根村,汀根村,汀根村,BV11688162,,汀根村,113.321088,22.939484,番108B路、番129路、番16路、番4B路、番9路、番9路长线
汀根村委,汀根村委,汀根村委,BV10019954,,汀根村委,113.323842,22.945497,番4B路
汀根小学,汀根小学,汀根小学,BV10019950,,汀根小学,113.326666,22.946034,番4B路
汀塘村,汀塘村,汀塘村,BV11118927,,汀塘村,113.908411,23.449247,增城68路、增城72A路
亭角北站,亭角北,亭角北站,BV10015927,,,113.485891,22.801703,南34路、番143路
亭角村站,亭角村,亭角村站,BV10015929,,亭角村,113.490129,22.800961,南55路、南沙12路、南沙49路
亭角村(进港大道)站,亭角村(进港大道),亭角村(进港大道)站,BV11206070,,亭角村（进港大道）,113.494033,22.799852,番143路
亭角大桥,亭角大桥,亭角大桥站,BV09077738,,亭角大桥,113.480770,22.782342,南14路、南沙12路、南沙49路
亭角大桥东站,亭角大桥东,亭角大桥东站,BV10017145,,亭角大桥东,113.490315,22.796545,南14路、南沙12路、南沙49路
亭角南站,亭角南,亭角南站,BV10015928,,亭角南,113.487615,22.800750,南34路、南55路、番143路
亭石北路口,亭石北路口,亭石北路口,BV11390149,,亭石北路口,113.213853,23.225414,476路、831路
亭石南路,亭石南路,亭石南路,BV10018308,,亭石南路,113.200867,23.215176,476路、831路
亭石南路北,亭石南路北,亭石南路北站,BV11390063,,亭石南路北,113.202250,23.217739,476路、831路
亭石南路口,亭石南路口,亭石南路口,BV11575574,,亭石南路口,113.200900,23.205289,476路
亭石南路南,亭石南路南,亭石南路南,BV11390059,,亭石南路南,113.198498,23.208093,476路
亭石南路中,亭石南路中,亭石南路中,BV11284924,,亭石南路中,113.198681,23.213057,476路
通坑村,通坑村,通坑村,BV11119388,,通坑村,113.966805,23.357833,增城67路
同宝路,同宝路,同宝路,BV10022436,,同宝路,113.327314,23.209787,747路
同德围,同德围,同德围,BV09355217,,同德围,113.236905,23.182811,175路、271路、477路、63路、757路、7路、832路、925路、975路、夜122路、夜76路、夜77路、夜94路、广424路
同德围总站,同德围总#1,同德围总站,BV10387326,,同德围,113.224630,23.184950,175路、71路
同德围总站,同德围总#2,同德围总站,BV09001043,1,同德围（丽康居）总站,113.235336,23.180659,215路、夜15路
同德围总站,同德围总#3,同德围总站,BV10015217,,同德围（金德苑）总站,113.227350,23.161911,539路、80路
同德围总站,同德围总站,同德围总站,BV09012168,,,113.238538,23.185533,
同德乡,同德乡,同德乡,BV11688411,1,同德乡（地铁同德站）①,113.229632,23.163849,134路、179路、17路、215路、238路、524路、527路、539路、545路、71路、80路、832路、975路、夜122路、夜15路、夜21路、夜2路、夜76路、夜80路
同德乡(地铁同德站)站,同德乡(地铁同德站),同德乡(地铁同德站)站1分站,BV09306553,,,113.229496,23.164344,17路、539路、975路、夜15路、夜21路、夜2路、夜80路
同福西,同福西,同福西,BV10017771,,同福西,113.248635,23.105473,10路、16路、183路、25路、270路、530路、B21路、夜37路
同福西路,同福西路,同福西路,BV10019551,,同福西路,113.245546,23.104888,131B路、188路
同福中,同福中,同福中,BV10494699,,同福中,113.252913,23.106436,10路、16路、183路、25路、270路、530路、B21路、夜37路
同和,同和,同和(停东行),BV09041949,,同和,113.321354,23.200501,754路
同和,同和,同和(停北行),BV09041950,3,同和③,113.320622,23.200552,754路
同和,同和,同和2,BV09209226,2,同和②,113.320645,23.199452,126路、179路、504路、560路、792路环线、83路、862路、夜24路、夜90路
同和,同和,同和3,BV09217029,3,同和③,113.320608,23.200627,126路、747路、754路、804路、832路、833路、882路快线、夜74路、夜90路、夜95路、B6路快线、B6路
同和,同和,同和(停北行)2,BV09396416,2,,113.320622,23.200552,792路环线
同和,同和,同和站2,BV09396961,2,,113.320820,23.199791,504路、792A路、862路
同和,同和,同和1,BV09399597,1,同和③,113.320358,23.200561,136路、179路、836路、83路、882路快线、923路、夜24路、夜74路、夜47路
同和,同和,同和(南行),BV10388514,1,同和①,113.320369,23.200502,923路
同和,同和,同和,BV11688408,3,同和③,113.320645,23.199452,792路环线
同和路总站,同和路总,同和路总站,BV10022804,,同和路（蓝山花园）总站,113.336422,23.235615,B6路快线、B6路
同和榕树头,同和榕树头,同和榕树头,BV11622712,,同和榕树头,113.323350,23.210063,504路、560路、792A路、792路环线、862路、夜74路、B6路快线、B6路
同和总站,同和总站,同和总站,BV11563831,,,113.320369,23.200502,
同济西,同济西,同济西,BV11394445,,同济西,113.096593,23.020777,佛236路
同江医院,同江医院,同江医院,BV10253568,,,113.292495,22.830928,307路/佛307路
同康路,同康路#1,同康路,BV09248056,,同康路,113.224260,23.159646,527路、729路、731路环线、夜120路、夜122路、夜76路
同康路,同康路#2,同康路站,BV10015039,,,113.454533,22.850826,南51路
同康路东,同康路东,同康路东,BV11481843,,同康路东,113.226897,23.160533,527路、729路、731路环线、夜120路、夜122路、夜76路
同乐村,同乐村,同乐村,BV10019775,,同乐村,113.518596,22.909800,番148路
同声小学,同声小学,同声小学,BV11076678,,,113.164360,23.159019,佛沥12高峰线
同声小学正门,同声小学正门,同声小学正门,BV11647971,,同声小学正门,113.163659,23.160775,里17路
同兴村,同兴村,同兴村,BV09244439,,,113.527367,22.689162,南28路、南沙9路团结围线、南沙9路缸瓦沙线
桐油树社,桐油树社,桐油树社,BV11399884,,桐油树社,113.445688,23.682471,从407路
铜雀台站,铜雀台,铜雀台站,BV11367772,,,113.590420,23.033577,莞619路、莞86路
童心北,童心北,童心北,BV10021045,,,113.264516,23.160192,481路环线
童心南,童心南,童心南,BV09217836,,童心南（广东老年大学）,113.268626,23.146233,189路、278路、36路、66路、810路、864路、夜9路
头陂村委,头陂村委,头陂村委,BV11482316,,头陂村委,113.385485,23.310035,758路
图书馆,图书馆#1,图书馆,BV11689996,,图书馆,113.601090,23.556763,从4路、从4路快线
图书馆,图书馆#2,图书馆站,BV09006199,,图书馆站,113.111823,22.963489,佛K330路/K330路快线
图书馆,图书馆#3,图书馆站,BV09278258,,图书馆,113.809342,23.286736,增城13路、增城3路、增城48路、增城4路、增城77路
图书馆总站,图书馆总,图书馆总站,BV11456554,,图书馆,113.601621,23.557150,从5路、从5路长线、从夜1路、从4路快线
土华,土华,土华,BV10018239,,土华,113.348833,23.072546,252路、361路、45路、468路
土华村,土华村,土华村,BV10021866,,土华村,113.348222,23.072742,270路、361路、468路、764路
土华路东,土华路东,土华路东,BV10606545,,土华路东,113.346680,23.069711,270路、361路、468路、764路
土华路西,土华路西,土华路西,BV11488927,,土华路西,113.340648,23.067434,764路
土华总站,土华总,土华总站,BV10021864,,土华总站,113.340922,23.067660,270路、361路、468路
土江村,土江村,土江村,BV11451062,,土江村,113.802268,23.134064,增城76路
土冚村,土冚村,土冚村,BV11653307,,土冚村,113.733703,23.364060,增城19路、增城69路
团丰,团丰,团丰,BV11116064,,团丰,113.676605,23.795162,从604路
团结村站,团结村,团结村站,BV10956573,,,113.256283,23.387833,夜129路
团结村总站,团结村总,团结村总站,BV10970178,,团结村总站,113.268947,23.391007,花11路
团结路口,团结路口,团结路口,BV09078460,,团结路口,113.255957,23.388468,711路、夜129路、花11路、花1路、704路
团结市场,团结市场,团结市场,BV10970173,,团结市场,113.266288,23.390523,花11路
团结围站,团结围,团结围站,BV10015943,,团结围总站,113.577653,22.613100,南沙16路
团结围总站,团结围总,团结围总站,BV09242692,,团结围总站,113.577792,22.612962,南沙16路、南沙9路团结围线、南沙9路缸瓦沙线
团结小学,团结小学,团结小学,BV09374387,,团结小学,113.224011,23.421831,花109路、花31路
团星村(风云岭),团星村(风云岭),团星村,BV10621032,,团星村（风云岭）,113.570797,23.545376,从10路、从21路长线、从7路、从903路、从夜3路
团星村(风云岭),团星村(风云岭),团星村(风云岭),BV11163050,,团星村（风云岭）,113.570797,23.545376,从夜3路
推广,推广,推广,BV10016619,,,113.322285,23.439156,708路、夜106路、花16路、花32路、花84路、花85路
推广汽车站总站,推广汽车站总,推广汽车站总站,BV09064833,,,113.323683,23.439109,711路
推广汽车总站,推广汽车总,推广汽车总站,BV09091514,,推广汽车总站,113.323583,23.438946,708路、711路、夜106路
拖罗村委,拖罗村委,拖罗村委,BV11498310,,拖罗村委,113.716750,23.485740,增城59路
拖罗路口,拖罗路口,拖罗路口,BV11498309,,拖罗路口,113.718693,23.486415,增城59路
瓦窑岗,瓦窑岗,瓦窑岗,BV11115189,,瓦窑岗,113.611114,23.512418,从302路
瓦窑社(公里社),瓦窑社(公里社),瓦窑社(公里社),BV11369776,,瓦窑社（公里社）,113.488506,23.548429,从803路
外环西路总站(青创汇),外环西路总站(青创汇),外环西路总站,BV10017775,,外环西路（青创汇）总站,113.366247,23.053204,252路、大学城环线2路
外环西路总站(青创汇),外环西路总站(青创汇),外环西路总站(青创汇),BV11577999,,外环西路（青创汇）总站,113.366068,23.053296,252路
外语外贸大学(公开学院),外语外贸大学(公开学院),外语外贸大学(公开学院),BV11322695,,外语外贸大学（公开学院）,113.250588,23.236452,523A路、523路、58A路、970路、982路
外语外贸大学(公开学院),外语外贸大学(公开学院),外语外贸大学,BV11689614,,外语外贸大学（公开学院）,113.250588,23.236452,523A路、58A路、970路、982路、984路、夜85路、夜87路
湾扶,湾扶,湾扶,BV11596291,,湾扶,113.394362,23.680133,从408路
湾谷新村,湾谷新村,湾谷新村,BV10024308,,湾谷新村,113.656986,23.204297,增城12路、增城36路、增城40路
万安村,万安村,万安村站,BV10020151,,万安村,113.339657,22.877500,南41路、南沙68路
万安工业区,万安工业区,万安工业区站,BV10017997,,万安工业区,113.339768,22.880483,南41路、南沙68路
万宝工业基地,万宝工业基地,万宝工业基地,BV11689359,,万宝工业基地,113.303680,22.996651,288路、301A路、301路、夜20路、夜61路、番109B路、番13路、番25路、番91路、番96路
万博翠湖花园,万博翠湖花园,万博翠湖花园,BV11688055,,万博翠湖花园,113.355079,22.981706,302路、303路、310路、987路、夜88路、番10路、番143路、番145路、番146路、番163A路、番165路、番52路、番89路
万博中心,万博中心,万博中心,BV11691212,,万博中心,113.337538,23.007046,129路、302路、303A路、303路、310路、987路、夜102路、夜88路、番145路、番146路、番186路、番190路、番30路、番86路
万博中心总站,万博中心总,万博中心总站,BV10018514,,万博中心总站,113.338101,23.011801,51路、788路、夜109路
万达广场(双山大道)站,万达广场(双山大道),万达广场(双山大道)站,BV10962703,,,113.527132,22.796471,南53路
万达广场,万达广场#1,万达广场,BV09219044,,万达广场,113.149767,23.067734,佛202路、佛211路、佛279路
万达广场,万达广场#2,万达广场站,BV10381619,,万达广场,113.529920,22.798051,南27路、南34路、南53路、南61路、南沙19路、南沙33路、南沙4路、南沙54路、南沙63路A线、南沙63路B线、南沙8路、南沙W1A路、南沙32路
万达广场,万达广场#3,万达广场,BV11619345,,,112.556535,23.146397,广州-肇庆
万达广场西,万达广场西,万达广场西,BV10431722,,万达广场西,113.807546,23.279295,增城14路、增城1路、增城64路、增城65路、增城78路、增城82路、增城9A路/9A路快线、增城9路、增城9路快线
万达广场站(双山大道),万达广场站(双山大道),万达广场站(双山大道),BV11257504,,万达广场（双山大道）,113.527132,22.796471,南沙W1B路
万达广场总站,万达广场总,万达广场总站,BV10412594,,万达广场总站,113.343452,23.010441,公交地铁接驳专线7路、番163A路、番163B路、番52路、番58路
万福东,万福东,万福东,BV11688405,,万福东,113.271367,23.123188,182路、194路、24路、264路、35路、36路、519路、7路、夜107路、夜12路、夜16路
万福路,万福路,万福路,BV11688409,,万福路,113.268078,23.122679,182路、194路、24路、264路、35路、36路、519路、7路、夜107路、夜12路、夜16路
万福西,万福西,万福西,BV10016184,,万福西,113.265777,23.122155,10路、183路、190路、194路、1路、519路、544路、夜107路、夜16路、夜1路、夜32路、夜8路
万国园站,万国园,万国园站,BV10840062,,万国园,113.535366,22.809542,南沙31路A线、南沙31路B线、南沙63路A线、南沙63路B线、南沙8路
万豪商业街,万豪商业街,万豪商业街,BV10019874,,万豪商业街,113.351101,22.979609,番165路
万和商场,万和商场,万和商场,BV10262817,,万和商场,113.645764,23.093365,莞609路、莞615路
万江桥,万江桥,万江桥,BV10262200,,万江桥,113.730534,23.048831,莞75路
万江医院,万江医院,万江医院,BV11296638,,万江医院（石美枢纽）,113.714499,23.058638,莞75路
万锦豪园西站,万锦豪园西,万锦豪园西站,BV10938474,,万锦豪园西,113.146015,23.054543,佛202路
万科城,万科城,万科城,BV10498206,,万科城总站,113.050522,23.537610,花39路短线
万科第五城,万科第五城,万科第五城,BV11106427,,,113.758573,23.094321,莞G7路
万科府前花园北门,万科府前花园北门,万科府前花园北门站,BV11403799,,万科府前花园北门,113.516435,22.795537,南53路、南沙12路、南沙31路A线、南沙31路B线、南沙G2路、南沙G3路、南沙W1A路、南沙W1B路、南沙学1路
万科广场南公交站,万科广场南公交,万科广场南公交站,BV11504688,,,113.795111,22.802353,长途番禺宝安
万科海上明月,万科海上明月,万科海上明月站2,BV09010681,2,万科海上明月站①,113.488091,22.807163,南14路、南沙15路
万科海上明月,万科海上明月,万科海上明月2,BV09078999,2,,113.487968,22.807179,南14路
万科海上明月,万科海上明月,万科海上明月,BV11443817,1,万科海上明月站①,113.487968,22.807179,南61路、南夜1路、南沙15路、南沙61路短线
万科海上明月总站,万科海上明月总,万科海上明月总站,BV11625830,1,万科海上明月站①,113.482898,22.807030,南61路、南沙15路、南沙夜1路
万科金域中央北,万科金域中央北,万科金域中央北,BV10507041,,万科金域中央北,113.167940,23.068695,同成社区公交接驳专线、同成社区接驳专线、广412路、广夜111路
万科里享家总站,万科里享家总,万科里享家总站,BV11312590,,,113.562456,23.197040,夜60路、永和便民02线
万科四季花城(南门),万科四季花城(南门),万科四季花城(南门),BV11167453,,,113.177656,23.149547,790路
万科四季花城总站,万科四季花城总,万科四季花城总站,BV10015230,,万科四季花城总站,113.182464,23.155512,12A路环线、广12路、广276路、广283路、广高峰快线30路
万科四季花城总站,万科四季花城总,万科四季花城总站,BV11557348,,万科四季花城总站,113.182257,23.154685,12A路环线、广12路、广276路、广283路、广高峰快线30路
万科天景花园,万科天景花园,万科天景花园,BV10847897,,万科天景花园,113.177597,23.375010,705路、花112路、花31B路、花70路、花70路短线、703路
万科小学,万科小学,万科小学,BV11535654,,,113.460075,23.110671,文冲1号线便民车
万领蓝珊郡站,万领蓝珊郡站,万领蓝珊郡站,BV09323870,,,113.438953,22.676676,
万能村,万能村,万能村,BV10016262,,,113.840940,23.453237,增城42路
万顷沙公交站,万顷沙公交,万顷沙公交站,BV10015797,,,113.546590,22.712303,南25路
万顷沙公交总站,万顷沙公交总,万顷沙公交总站,BV11132384,,万顷沙公交总站,113.546354,22.712075,南25路、南沙G2路
万顷沙中学,万顷沙中学,万顷沙中学站,BV10015879,,,113.547662,22.710930,南10路、南28路、南30路、南沙9路团结围线、南沙9路缸瓦沙线
万顷沙总站,万顷沙总,万顷沙总站,BV09099111,,,113.546355,22.712077,南25路、南39路、南沙9路团结围线、南沙9路缸瓦沙线
万胜围,万胜围,万胜围站,BV10420826,2,万胜围,113.378242,23.100388,137路、229路、262路、28路、303A路、495路、564路、762路、774路、夜100路、夜66路、旅游观光1线、旅游公交3线
万胜围总站,万胜围总,万胜围总站,BV11011363,,万胜围总站,113.378813,23.099801,774路、旅游公交3线
万石,万石,万石,BV10252411,,,113.080489,23.181178,佛244B路
万寿路东,万寿路东,万寿路东,BV10021131,,万寿路东,113.275376,23.105145,768路
万寿路中,万寿路中,万寿路中,BV10021132,,万寿路中,113.273483,23.105601,768路
万寿路总站,万寿路总,万寿路总站,BV10021127,,万寿路总站,113.271354,23.106469,768路
万水塘路口,万水塘路口,万水塘路口,BV09257862,,,113.284707,23.289613,龙归3线
万田公园,万田公园,万田公园,BV09206683,,万田公园,113.667581,23.177867,增城34路、增城39路、增城64路、增城9A路/9A路快线、增城9路
万信达,万信达,万信达,BV09313069,,万信达,113.207567,23.423520,花23路、花63路、花63路短线
万信达公寓,万信达公寓,万信达公寓,BV10435948,,万信达公寓,113.129910,23.362054,花19路
万洲村,万洲村#1,万洲村站,BV10019830,,万洲村,113.467169,22.809377,南34路、南沙54路、番143路
万洲村,万洲村#2,万洲村,BV11382461,,,113.462182,22.843800,南51路
万洲村委站,万洲村委,万洲村委站,BV10015036,,,113.463288,22.838475,南51路
万洲桥北站,万洲桥北,万洲桥北站,BV10020676,,万洲桥北,113.474302,22.803553,南34路、南沙54路、番143路
万洲水闸站,万洲水闸,万洲水闸站,BV10015028,,,113.478434,22.807504,南51路
万洲水闸总站,万洲水闸总,万洲水闸总站,BV09271783,,,113.478450,22.807514,南51路
王洞社,王洞社,王洞社,BV11359395,,王洞社,113.713183,23.562748,从701路
王圣堂,王圣堂,王圣堂站,BV11472520,2,王圣堂,113.245677,23.156903,176路、179路、198路、268路、274路、46路、480路、523A路、523路快线、530路、538路、7路、803路、夜77路、夜95路、高峰快线80路
王圣堂牌坊,王圣堂牌坊,王圣堂牌坊,BV10018350,,王圣堂牌坊,113.244058,23.152733,480路
王园路,王园路,王园路,BV11488991,,王园路,113.404007,23.124333,夜64路
王洲湾1号东,王洲湾1号东,王洲湾1号东,BV09091895,,,113.761931,23.083896,莞G7路
王子山公园总站,王子山公园总,王子山公园总站,BV09217837,,,113.218306,23.584979,花17路王子山班车
旺城市场,旺城市场,旺城市场,BV10017874,,旺城市场,113.566271,23.559072,从3路、从3路夜班、从903路、从9路、从化921路、从化922路
旺村北,旺村北,旺村北,BV11522009,,旺村北,113.558454,23.319374,352A路
旺村东,旺村东,旺村东,BV11522010,,旺村东,113.558291,23.316941,352A路
旺村文体广场,旺村文体广场,旺村文体广场,BV11522008,,旺村文体广场,113.557648,23.315751,352A路
旺发大街,旺发大街,旺发大街,BV11662479,,旺发大街,113.256673,23.260825,796路
旺岗村,旺岗村,旺岗村,BV10523475,,旺岗村,113.368370,23.219536,84路
旺角海鲜舫,旺角海鲜舫,旺角海鲜舫,BV10253908,,,113.262719,22.872007,314路、佛314路
旺寮,旺寮,旺寮,BV10394560,,,112.924575,23.366310,655B路、655路
旺水口,旺水口,旺水口,BV09118787,,旺水口,113.959675,23.825260,从502路
旺旺食品有限公司,旺旺食品有限公司,旺旺食品有限公司,BV10014102,,旺旺食品有限公司,113.570134,23.188182,373路、446路、566路、571A路、夜52路
望顶村北,望顶村北,望顶村北,BV11636647,,望顶村北,113.417403,23.450695,高峰快线72路
望顶村南,望顶村南,望顶村南,BV11256883,,望顶村南,113.419181,23.442827,高峰快线72路
望东,望东,望东,BV10262678,,,113.658465,23.058089,莞609路
望岗,望岗,望岗站,BV11688380,,望岗,113.276898,23.241490,251路、509路、510路、528路、711路、739路、753路、756路、796路、804路、926路、970路、夜84路、夜85路
望岗村,望岗村,望岗村,BV11435992,,望岗村,113.188037,23.372264,705路、花31B路、花31路、703路
望岗大道,望岗大道,望岗大道,BV09179858,,望岗大道,113.276457,23.239457,509路、739路、753路、756路、796路、922路、970路、978路、夜63路、夜84路、夜85路
望岗大马路(地铁口),望岗大马路(地铁口),望岗大马路,BV09308766,,,113.284578,23.241001,嘉禾望岗地铁站便民车3线
望岗大马路(地铁口),望岗大马路(地铁口),望岗大马路(地铁口),BV11534200,,望岗大马路（嘉禾地铁站）,113.284578,23.241001,嘉禾5线
望岗工业一路,望岗工业一路,望岗工业一路,BV11590162,,望岗工业一路,113.273846,23.241791,922路
望岗西岭总站,望岗西岭总,望岗西岭总站,BV10508067,,望岗西岭总站,113.270634,23.243091,922路
望岗小学,望岗小学,望岗小学,BV11477127,,望岗小学,113.269480,23.238918,755路、978路、夜63路
望洪枢纽,望洪枢纽,望洪枢纽,BV10263845,,,113.621564,23.012342,莞609路、莞618路、莞86路
望牛墩路口,望牛墩路口,望牛墩路口,BV10263705,,望牛墩路口,113.679840,23.079305,增城75路、莞609路、莞75路
望牛墩文化广场,望牛墩文化广场,望牛墩文化广场,BV10262677,,,113.653209,23.055223,莞609路
望沙路口,望沙路口,望沙路口,BV10887308,,,113.610502,23.017941,莞618路、莞86路
望亭路口,望亭路口,望亭路口,BV11573298,,望亭路口,113.192766,23.373131,705路、花31路、703路
威尔登酒店,威尔登酒店,威尔登酒店,BV11431527,,,113.557276,23.200146,永和便民02线
威乐工业区,威乐工业区,威乐工业区,BV10942758,,威乐工业区,113.322648,22.921299,番7路
韦海路,韦海路,韦海路,BV11452513,,韦海路,113.271692,22.987333,番101短线
韦海路(中建四局),韦海路(中建四局),韦海路(中建四局),BV09066648,,韦海路（中建四局）,113.274221,22.988957,番101短线
韦涌村,韦涌村,韦涌村,BV10023027,,韦涌村,113.256692,22.979526,番101短线、番99路、番夜5路
唯美集团,唯美集团,唯美集团,BV10264077,,,113.747021,23.122978,莞G7路
唯品会总部大厦,唯品会总部大厦,唯品会总部大厦,BV11524286,,,113.344983,23.107788,广州塔1号线
维多利广场,维多利广场,维多利广场,BV10014341,,维多利广场,113.316091,23.137388,130路、195路、233路、263路、280路、551路、59路、78路、810路、89路、夜17路、夜77路
维翔公司,维翔公司,维翔公司,BV11568711,,维翔公司,113.352227,23.440830,708路、716路、夜106路、花16路
伟伦体校,伟伦体校,伟伦体校,BV09000472,,伟伦体校,113.350694,23.169951,297路、46路、498路、54路、581路、772路、773路、B11路、高峰快线80路
卫东,卫东,卫东,BV10775407,,卫东,113.666019,23.646697,从11路、从12路
卫东,卫东,卫东(东行),BV11640767,,,113.666370,23.646800,从702路
卫东,卫东,卫东(西行),BV11640768,,,113.666019,23.646697,从702路
卫生局,卫生局,卫生局,BV10016386,,,113.206567,23.374641,花63路短线
卫生职业学院北门,卫生职业学院北门,卫生职业学院北门,BV11620482,,卫生职业学院北门,113.239696,23.281237,796路
为民小学,为民小学,为民小学,BV10022742,,为民小学,113.337557,23.321695,797路、985路
为民中路,为民中路,为民中路,BV10023348,,为民中路,113.377922,22.982374,番33路
温南路口,温南路口,温南路口,BV10262369,,,113.773489,23.048812,莞G7路
温泉宾馆,温泉宾馆,温泉宾馆,BV11503826,,温泉宾馆,113.649013,23.650062,从4路、从701路、从702路、从4路快线
温泉交警中队,温泉交警中队,温泉交警中队,BV11632935,,,113.651713,23.632970,从701路
温泉明月山溪,温泉明月山溪,温泉明月山溪,BV11115193,,,113.630869,23.628951,从702路
温泉明月山溪总站,温泉明月山溪总,温泉明月山溪总站,BV10022876,,温泉明月山溪总站,113.631547,23.629038,从4路、从4路快线
温泉农贸市场,温泉农贸市场,温泉农贸市场,BV11297666,,温泉农贸市场,113.652469,23.643814,从4路、从701路、从702路、从4路快线
温泉牌坊,温泉牌坊,温泉牌坊,BV09310083,,,113.652470,23.643813,从4路
温泉西路,温泉西路,温泉西路,BV10022871,,温泉西路,113.642036,23.644192,从4路、从702路、从4路快线
温泉镇政府,温泉镇政府,温泉镇政府,BV10022861,,温泉镇政府,113.627745,23.618377,从11路、从12路、从19路、从20路、从4路、从701路、从4路快线
温山吓村,温山吓村,温山吓村,BV09259266,,温山吓村,113.827001,23.355616,增城15路、增城16路、增城6路
温塘肚,温塘肚,温塘肚,BV10775406,,温塘肚,113.842998,23.773925,从12路
温屋社,温屋社,温屋社,BV11267014,,,113.670325,23.213224,增城40路
文边村,文边村,文边村,BV10019987,,文边村,113.406312,22.980689,番59路、番79路
文边工业区,文边工业区,文边工业区,BV10019986,,文边工业区,113.411019,22.978173,番59路、番79路
文边小学,文边小学,文边小学,BV10020053,,文边小学,113.410168,22.979894,番79路
文昌北路站,文昌北路,文昌北路站,BV09267393,,文昌北路,113.239200,23.122954,530路
文昌南路,文昌南路,文昌南路,BV10389129,,文昌南路,113.239304,23.117664,530路、61路
文冲(石化路南),文冲(石化路南),文冲(石化路南),BV09335059,,文冲（石化路南）,113.463054,23.105249,377路、434路、581路、943路、B17路、B29路、B30路、夜104路、夜73路
文冲地铁D出口,文冲地铁D出口,文冲地铁D出口,BV11535655,,,113.462012,23.106979,文冲1号线便民车
文冲街党群服务中心站,文冲街党群服务中心,文冲街党群服务中心站,BV11535657,,,113.459474,23.114209,文冲1号线便民车
文冲社区,文冲社区,文冲社区,BV10942229,,文冲社区,113.458927,23.103659,377路、434路
文冲市场,文冲市场,文冲市场,BV11545641,,,113.462008,23.106954,431路、B26路
文冲幸福里,文冲幸福里,文冲幸福里站,BV09335053,,文冲幸福里,113.462008,23.106954,210路、360路、377路、390路、431路、432A路、459路、517路、581路、943路、B26路、B29路、B30路、夜104路、夜46路、广369路、320路
文船生活区东区,文船生活区东区,文船生活区东区,BV10021520,,,113.470999,23.097226,434路
文德路,文德路,文德路2,BV09317748,2,文德路2,113.265969,23.127289,10路、125路、190路、1路、544路、66路、7路、夜121路、夜12路、夜1路、夜8路
文德路,文德路,文德路,BV11688482,2,文德路2,113.265936,23.127119,125路、182路、190路、215路、24路、264路、36路、544路、66路、7路、夜121路、夜12路、夜1路、夜21路、夜32路、广12路
文德路总站,文德路总,文德路总站,BV10016117,,文德路总站,113.266905,23.124386,35路
文德南,文德南,文德南,BV11688518,,文德南,113.268969,23.118508,128路、131A路、131B路、208路、4路、57路、夜31路、旅游公交2线
文登隧道,文登隧道,文登隧道,BV11633556,,文登隧道,113.167067,22.973093,佛K330路/K330路快线
文锋东路,文锋东路,文锋东路,BV10251907,,,112.888227,23.159253,655A线、655B路、655路
文岗,文岗,文岗,BV09404906,,,113.062169,23.259139,花5B路
文阁,文阁,文阁,BV11115117,,文阁,113.532407,23.431012,从804路
文翰第二小学,文翰第二小学,文翰第二小学,BV09308635,,文翰第二小学,113.220590,23.038575,桂12路、桂21路
文化公园,文化公园#1,文化公园,BV11363917,,文化公园,113.245740,23.111297,131B路、208路、209路、31路、552路、57路、夜113路、夜7路、广281路、广夜67路、旅游公交2线、106路、102路
文化公园,文化公园#2,文化公园,BV09391288,,,112.885127,23.161401,655A线、655B路、655路
文化公园东,文化公园东,文化公园东,BV10251906,,,112.889405,23.160716,655A线、655B路、655路
文化公园总站,文化公园总,文化公园总站,BV10016238,,文化公园（粤海关博物馆）总站,113.245448,23.109968,38路、538路、556路、夜26路、110路
文化中心,文化中心,文化中心,BV11688729,,文化中心,113.042627,23.061869,佛277路
文教路口,文教路口,文教路口,BV11507042,,,113.130885,23.249960,佛里07B路
文礼路口,文礼路口,文礼路口,BV09327035,,文礼路口,113.679778,23.277121,增城2路
文明路,文明路,文明路1,BV09215180,1,文明路①,113.267474,23.125237,183路、3路、541路、91路、B8路、夜36路、夜39路、广12路、101路、104路、106路
文明路,文明路,文明路,BV09376614,2,文明路②,113.267449,23.125231,
文明路,文明路,文明路2,BV09398681,2,文明路①,113.267792,23.125341,125路、183路、215路、35路、3路、541路、B8路、夜21路、夜36路、夜39路、广12路
文盛庄,文盛庄,文盛庄,BV10019452,,文盛庄,113.301844,23.249608,663路、926路
文盛庄路,文盛庄路,文盛庄路,BV10014204,,文盛庄路,113.302716,23.247232,663路、924路、夜62路
文一,文一,文一,BV10742885,,文一,113.064161,23.264352,花5B路
文园,文园,文园,BV09060273,1,BRT文园（地铁双岗站）1,113.466026,23.098441,B1路、B28路、B29路、B30路
文园,文园,文园,BV09124283,,,113.466953,23.097774,B1短线快车
乌冲,乌冲,BRT乌冲N1,BV09393436,1,,113.454998,23.103562,B28路
乌冲,乌冲,乌冲站S1子站(BRT),BV09399272,,,113.456417,23.102820,B28路
乌冲,乌冲,乌冲,BV10019591,,乌冲,113.455330,23.103182,夜41路
乌冲,乌冲,乌冲,BV11386241,1,乌冲,113.454700,23.103617,377路、B17路、B1路、B28路、夜41路
乌榕村,乌榕村,乌榕村,BV10544714,,,112.475290,23.029820,广州-肇庆
乌石,乌石,乌石,BV10509689,,,113.105698,23.435102,花2B路、花88路
乌石村,乌石村#1,乌石村,BV11466903,,乌石村,113.509537,23.131448,388路、573路快线、575路
乌石村,乌石村#2,乌石村,BV11466902,,,113.626292,23.628828,从702路
乌石村,乌石村#3,乌石村,BV11466901,,乌石村,113.647039,23.143405,增城20路、增城22路、增城22路/增22路
乌石村,乌石村#4,乌石村,BV11602521,,乌石村（新赤公路）,113.108773,23.432380,花2路
乌石村北,乌石村北,乌石村北,BV10019456,,乌石村北,113.513292,23.132722,337路
乌石岗村,乌石岗村,乌石岗村,BV11311739,,,112.911989,23.354268,655A线
乌石美站,乌石美,乌石美站,BV11488240,,乌石美站,113.691442,23.373445,增城41路
乌石美村,乌石美村,乌石美村,BV11119649,,,113.693411,23.373798,增城41路
乌石田村,乌石田村,乌石田村,BV11488234,,乌石田村,113.725876,23.380715,增城41路
乌石湾站,乌石湾,乌石湾站,BV10021042,,乌石湾,113.517373,22.823915,南61路、南沙12路、南沙38路、南沙49路、南沙54路、南沙70路、南沙8路、番141路
乌石总站,乌石总,乌石总站,BV10481248,,,113.109798,23.440017,花88路短线
乌头石村,乌头石村,乌头石村,BV11119395,,,113.931193,23.443660,增城72A路
乌头石村(招呼站),乌头石村(招呼站),乌头石村(招呼站),BV11409788,,,113.930373,23.449889,增城72A路
乌土村委总站,乌土村委总,乌土村委总站,BV11474552,,乌土村委,113.672954,23.620395,从20路
乌溪村,乌溪村,乌溪村,BV10014635,,乌溪村,113.359701,23.341408,650路、724路、732路、976路
乌溪村总站,乌溪村总,乌溪村总站,BV11269590,,乌溪村总站,113.351531,23.344647,473路
乌溪路,乌溪路,乌溪路,BV11273121,,乌溪路,113.357585,23.343939,473路
污水处理厂,污水处理厂#1,污水处理厂,BV10567476,,,112.940057,23.441189,655A线、655B路、655路
污水处理厂,污水处理厂#2,污水处理厂,BV11622446,,污水处理厂,113.286320,23.370751,空港1路
屋边,屋边,屋边,BV10252184,,屋边,113.092931,23.221539,佛244路、佛252路
屋角,屋角,屋角站,BV09006665,,屋角,113.480928,23.211752,330A路、330路、392路
吴家涌路(鹤田)路口,吴家涌路(鹤田)路口,吴家涌路(鹤田)路口,BV11131174,,,113.673508,23.102663,莞G7路
五坊,五坊,五坊站,BV09294082,,,113.260805,22.820101,312路
五丰村,五丰村#1,五丰村,BV11484167,,五丰村,113.176922,23.331598,472路、825路
五丰村,五丰村#2,五丰村,BV11484166,,五丰村,113.380975,23.602330,从403路、从404路
五丰工业区,五丰工业区,五丰工业区,BV11484172,,五丰工业区,113.181118,23.329401,472路、825路
五丰新村,五丰新村#1,五丰新村,BV11632962,,五丰新村,113.360412,23.592196,从404路
五丰新村,五丰新村#2,五丰新村,BV11491323,,五丰新村,113.358180,23.574031,从404路
五凤乡,五凤乡,五凤乡,BV11688511,,五凤乡,113.283798,23.085078,129路、263路、273路、287路、35路、469路、5路、70路、780路、82路、夜102路、夜24路、夜33路、夜44路、夜4路、广276路
五福路,五福路,五福路,BV09255784,,五福路,113.630774,23.367378,增城11路、增城36路
五福堂,五福堂,五福堂站,BV11483391,,五福堂,113.569105,23.295400,345路、365路、370路、夜126路
五花村,五花村,五花村,BV10409225,,,113.648528,22.999351,莞86路
五华直街,五华直街,五华直街,BV10015546,,五华直街,113.202049,23.389224,702路、712路、花19路、花22路、花85路
五环岛,五环岛,五环岛,BV11625441,,五环岛,113.580739,23.159852,增城43路
五联村,五联村#1,五联村,BV11119376,,五联村,113.656336,23.329571,增城54路
五联村,五联村#2,五联村,BV11604726,,,113.311751,23.576419,花17路王子山班车
五龙岗,五龙岗,五龙岗,BV11253918,,五龙岗,113.408144,23.377365,655路
五龙岗路口,五龙岗路口,五龙岗路口,BV10018779,,五龙岗路口,113.393724,23.376550,650路、655路、709路、725路、979路
五沙大桥收费站(顺番路),五沙大桥收费站(顺番路),五沙大桥收费站(顺番路),BV10386028,,,113.346191,22.818554,312路
五沙大桥收费站(顺凯北路),五沙大桥收费站(顺凯北路),五沙大桥收费站(顺凯北路),BV10253578,,,113.345596,22.816537,307路/佛307路
五沙三村,五沙三村,五沙三村,BV11607771,,,113.345539,22.814702,307路/佛307路
五沙小学,五沙小学,五沙小学,BV11164940,,,113.366762,22.812718,312路
五沙一村,五沙一村,五沙一村站,BV11164941,,,113.371965,22.811437,312路
五山路(广园快速路口),五山路(广园快速路口),五山路(广园快速路口),BV10017504,,五山路（广园快速路口）,113.341447,23.149977,405路、大学城专线2路
五山路口,五山路口,五山路口2,BV09366519,2,五山路口,113.338338,23.143222,130路、230路、B11路、B17路
五山路口,五山路口,五山路口站1,BV09368726,1,五山路口,113.336806,23.143791,20路、218路、298路、78A路、78路、813路、夜53路
五山路口,五山路口,五山路口站2,BV09372736,2,五山路口,113.338309,23.143241,41路
五山路口,五山路口,五山路口站,BV11062767,1,五山路口,113.336806,23.143791,130路、191路、20路、230路、298路、32路、41路、775路、78A路、78路、813路、B11路、B17路、夜53路、夜89路、高峰快线32路
五山学生公寓,五山学生公寓,五山学生公寓,BV09242191,,五山学生公寓,113.358248,23.157443,20路、218路、41路、498路、775路、78A路、78路、B10路、夜53路、高峰快线32路
五溪御龙湾,五溪御龙湾,五溪御龙湾,BV10023915,,,113.181239,23.480330,花86路、花89路
五星村,五星村#1,五星村,BV09352108,,五星村,113.864516,23.298214,增城74路
五星村,五星村#2,五星村,BV10467858,,五星村,113.239953,23.463903,花83路
五星路口,五星路口,五星路口,BV11690550,,五星路口,113.150766,23.204227,佛244路、佛里07路、里07路、里07路高峰线
五丫口大桥东,五丫口大桥东,五丫口大桥东,BV10550119,,五丫口大桥东,113.178687,23.068209,670路、同成社区公交接驳专线、同成社区接驳专线、广412路、广夜111路、广州-肇庆
五眼桥西约,五眼桥西约,五眼桥西约,BV10014496,,五眼桥西约,113.207035,23.106789,990路、夜127路、广969路
五眼桥小学,五眼桥小学,五眼桥小学,BV10014495,,五眼桥小学,113.205577,23.105287,990路、夜127路、广969路
五眼桥总站,五眼桥总,五眼桥总站,BV10886951,,五眼桥（岭南花卉市场）总站,113.205330,23.104743,990路、夜127路、广969路
五羊本田,五羊本田,五羊本田,BV11118918,,五羊本田,113.598710,23.201295,455路、增城21路、增城31路、增城32路内环、增城32路外环
五羊邨,五羊邨,五羊邨,BV11316646,1,五羊邨,113.307103,23.122568,183路、222路、225路、40路、44路、781路、811路、夜108路、夜109路
五羊邨总站,五羊邨总,五羊邨总站,BV10019121,,五羊邨总站,113.306842,23.122257,B22路
五一大道北,五一大道北#1,五一大道北,CL100001,,五一大道北,0.000000,0.000000,480路、广974路、南沙旅游1路
五一大道北,五一大道北#2,五一大道北站,BV11669457,,五一大道北,113.176895,23.211396,广974路班车
五一大道口站,五一大道口,五一大道口站,BV09149724,,五一大道口,113.175797,23.196374,广974路班车、广974路
五一大道路口,五一大道路口,五一大道路口,BV09312794,,,113.175810,23.196076,广974路班车
五一大道中站,五一大道中,五一大道中站,BV11669455,,五一大道中,113.175753,23.199332,广974路班车、广974路
五涌,五涌,五涌,BV10262696,,,113.637269,23.035112,莞609路
五涌(龙穴大道),五涌(龙穴大道),五涌(龙穴大道),BV09306751,,五涌（龙穴大道）,113.617678,22.689934,南27路、南沙21路支线
五涌站(龙穴大道),五涌站(龙穴大道),五涌站(龙穴大道),BV09306732,,,113.617844,22.689823,南27路
五岳庙,五岳庙,五岳庙,BV11369789,,五岳庙,113.518080,23.499188,从803路、从807路、从808路
五洲材料装饰城,五洲材料装饰城,五洲材料装饰城,BV11620747,,,113.312758,23.038572,303路
五洲装饰材料城,五洲装饰材料城,五洲装饰材料城,BV11624187,,,113.312758,23.038572,129路
五洲装饰城,五洲装饰城,五洲装饰城(西行),BV10681281,,五洲装饰城（地铁厦滘站）,113.312758,23.038572,番182路、番56路、番58路
五洲装饰城(地铁厦滘站),五洲装饰城(地铁厦滘站),五洲装饰城(地铁厦滘站),BV09291068,,五洲装饰城（地铁厦滘站）,113.312905,23.038562,番185路
五洲装饰城(地铁厦滘站),五洲装饰城(地铁厦滘站),五洲装饰城(东行),BV10681282,,五洲装饰城（地铁厦滘站）,113.311689,23.038502,番182路、番58路
五洲装饰城(地铁厦滘站),五洲装饰城(地铁厦滘站),五洲装饰城,BV11689280,,五洲装饰城（地铁厦滘站）,113.311689,23.038502,129路、302路、303路、304路、311路、公交地铁接驳专线4路、公交地铁接驳专线5路、夜102路、夜133路、夜88路、番146路、番17路、番17路长线、番181路、番183路、番185路、番191路、番56路
伍仙桥,伍仙桥,伍仙桥,BV10014371,1,伍仙桥1,113.311798,23.168332,179路、504路、560路、833路、836路、862路、夜24路、241路、夜47路、B6路快线、B6路
武警广州指挥学院正门,武警广州指挥学院正门,武警广州指挥学院正门,BV10343616,,武警广州指挥学院正门,113.296441,23.255167,663路
武警一中队,武警一中队,武警一中队,BV11478462,,武警一中队,113.289916,23.212543,76路、798路、803路
武警医院,武警医院#1,武警医院,BV09244916,,,113.324760,23.164182,884路
武警医院,武警医院#1,武警医院1,BV09260273,1,武警医院①,113.324760,23.164182,257路、297路、30路、39路、46路、503路、54路、89路、B11路、B12路、夜10路、夜69路、夜70路、高峰快线21路
武警医院,武警医院#1,武警医院2,BV09344864,2,武警医院②,113.325313,23.164686,297路、39路、409路、46路、84A路、84路、B11路、B12路、夜69路、夜70路、夜71路、高峰快线21路
武警医院,武警医院#1,武警医院,BV11687881,2,武警医院②,113.325313,23.164686,257路、高峰快线80路
武警医院,武警医院#2,武警医院站,BV09059895,,武警医院（花都）,113.166366,23.395129,花21路、花21路夜班、花22路、花68路、花68路白坭班车、花68路短线
武警指挥学院,武警指挥学院,武警指挥学院,BV10014475,,武警指挥学院,113.298014,23.250600,926路
务庄市场,务庄市场,务庄市场,BV10252535,,务庄市场,113.017352,23.047052,佛277路
物流基地二期站,物流基地二期,物流基地二期站,BV10415951,,,113.672933,22.631271,南21路、南27路
物流基地三期,物流基地三期,物流基地三期,BV09088845,,,113.674771,22.623451,南21路、南27路
物流园,物流园,物流园,BV10015426,,物流园,113.693172,23.180834,增城34路
西站,西,西站,BV10512465,,西站,113.240898,23.142039,238路、518路、52路、530路、552路、823路、商务专线3路、夜11路、广260路、广275路
西边站,西边,西边站,BV10019270,,西边,112.988633,23.451872,花81路
西场电器城,西场电器城,西场电器城站2,BV11675546,2,西场电器城,113.227618,23.141819,885路、114路
西场电器城,西场电器城,西场电器城,BV11688443,1,西场电器城,113.227481,23.142191,198路、229路、253路、290路、46路、729路、839路、B3路、夜16路、夜19路、夜30路、夜45路、夜96路、广276路、广283路、广283路班车、114路
西场立交,西场立交,西场立交,BV10866338,2,西场立交2,113.227747,23.139022,17路、256路、261路、274路、34路、538路、71路、832路、839路、885路、夜2路
西场总站,西场总,西场总站,BV10022674,,西场总站,113.235856,23.138969,88路
西成村委,西成村委,西成村委,BV10022660,,西成村委,113.290573,23.344692,843路、空港2路
西成路,西成路,西成路,BV10389073,,,113.287853,23.345575,737路
西成路中,西成路中,西成路中,BV10022661,,西成路中,113.289220,23.345127,843路
西城路站,西城路,西城路站,BV09200223,,西城路,113.350671,22.934237,番20B路、番22B路、番2路
西村,西村#1,西村,BV09183838,,西村,113.236975,23.144234,486路
西村,西村#2,西村,BV10409196,,,113.651788,22.995861,莞86路
西村工业区,西村工业区,西村工业区,BV10023088,,西村工业区,113.326509,22.894871,番12路旅游专线、番67路旅游专线、番68路
西村路口,西村路口,西村路口,BV10023089,,西村路口,113.330425,22.899305,番12路旅游专线、番67路旅游专线、番68路
西堤小区,西堤小区,西堤小区,BV10023290,,西堤小区,113.354305,22.933105,番20B路、番22路
西电广研院总站,西电广研院总,西电广研院总站,BV09252822,,,113.566093,23.308014,新龙镇-03线
西二村,西二村,西二村,BV09372016,,,113.266979,23.037112,310路高峰短线
西二村,西二村,西二村,BV11220559,,西二村,113.269555,23.045278,番183路
西二村口,西二村口,西二村口,BV10020341,,西二村口,113.266779,23.037038,211路、310路、310路高峰短线、311路、769路/769路快线、夜133路
西二村市场,西二村市场,西二村市场,BV11508603,,西二村市场,113.267590,23.043261,番183路
西瓜岭,西瓜岭,西瓜岭,BV11596282,,西瓜岭,113.383113,23.663617,从408路
西瓜岭村,西瓜岭村,西瓜岭村,BV10024197,,西瓜岭村,113.748535,23.240263,增城14路、增城9路
西瓜岭后街,西瓜岭后街,西瓜岭后街,BV11273946,,西瓜岭后街,113.428165,23.383932,734路
西海大桥北,西海大桥北,西海大桥北,BV11049193,,,113.267608,22.905288,佛349路
西海东一村,西海东一村,西海东一村,BV10254006,,,113.252341,22.911286,佛349路
西和牌坊,西和牌坊,西和牌坊,BV11366911,,西和牌坊,113.578754,23.617309,从6路
西河村,西河村,西河村,BV11259171,,,113.681694,23.355303,增城53路
西后街,西后街,西后街,BV10022778,,西后街,113.234489,23.090268,990路
西湖滩路口,西湖滩路口,西湖滩路口,BV11488230,,西湖滩路口,113.897823,23.464474,增城66路
西华村总站,西华村总,西华村总站,BV10393700,,西华村（西华寺）,113.195694,23.202907,广657路、广夜91路
西华路,西华路,西华路,BV10021674,,西华路,113.246198,23.132511,134路、4路、夜16路
西华路尾,西华路尾,西华路尾,BV09243511,,西华路尾,113.236476,23.138024,181路、238路、52路、530路、552路、555路、夜11路、广260路、广275路
西华路尾总站,西华路尾总,西华路尾总站,BV10021696,1,西华路尾总站,113.237566,23.138199,15路、288路
西华寺,西华寺,西华寺,BV11541077,,西华寺,113.196417,23.201017,广657路、广夜91路
西环路北,西环路北,西环路北,BV10924702,,,113.192175,23.119930,佛沥12高峰线
西环路中,西环路中,西环路中,BV10023264,,西环路中,113.344665,22.940721,K314路、番67路旅游专线
西基,西基,西基,BV11658179,,西基,113.504475,23.063388,440路、572路、B29路
西基东,西基东,西基东,BV10016124,,西基东,113.263437,23.092638,121路、186路、226路、244A路、244路、250路、285路、29路、527路、527路机电班车、530路、813路、91路、夜120路、夜22路、夜36路、夜45路、夜55路、夜93路
西江社,西江社,西江社,BV11627694,,西江社,113.534663,23.528447,从808路
西窖村,西窖村,西窖村,BV10019781,,西窖村,113.494307,22.910527,番149路
西街口,西街口,西街口,BV11492267,,西街口,113.576003,23.556517,从21路长线、从3路、从3路夜班、从903路、从9路、从夜3路
西街市场,西街市场,西街市场,BV11480859,,,113.583097,23.553447,从21路长线、从6路、从6路支线、从901路、从902路、从夜3路
西街中,西街中,西街中,BV10021947,,,113.553878,23.109169,454路环线
西境村,西境村,西境村,BV11403949,,西境村,113.803362,23.421536,增城70路
西境村,西境村,西境村,CL100002,,西境村,113.799456,23.420386,增城69路
西坑(益民服装城),西坑(益民服装城),西坑(益民服装城),BV10021638,,西坑（益民服装城）,113.297439,23.155642,297路、110路
西坑(益民服装城),西坑(益民服装城),西坑站,BV11688572,2,西坑（益民服装城）,113.295620,23.153637,199路、223路、285路、285路无轨电车短线、297路、862路、大学城专线4路、110路
西坑(益民服装城),西坑①,西坑①,CL100017,1,西坑①,113.299166,23.157116,862路、110路
西塱,西塱,西塱站2,BV09041862,2,西塱②,113.227093,23.066704,夜44路、广275路
西塱,西塱,西塱2,BV09177350,2,西塱①,113.228335,23.067817,181路、222路、445路环线、69路、70路、769路/769路快线、787路、91路、商务专线4路、广277路、广565路、桂09路、桂12路
西塱,西塱,西塱1,BV09178250,1,西塱①,113.227645,23.067455,19路、285路、410路、445路环线、525路、770路、787路、夜103路、广275路、桂12路
西塱,西塱,西塱站,BV11687844,1,西塱①,113.227037,23.066226,445路环线、佛232路、商务专线4路、桂21路、桂23路
西塱社区总站,西塱社区总,西塱社区总站,BV10019117,,西塱社区总站,113.231717,23.059457,121路、广277路
西丽工业区,西丽工业区,西丽工业区,BV10015087,,西丽工业区,113.343081,22.936621,番22B路、番22路、番2路
西丽路,西丽路,西丽路,BV11131894,,西丽路（西丽广场）,113.348543,22.939352,番108B路、番129路、番15路、番27路、番30路、番3路、番68路、番6路、番夜5路、番108路
西丽桥北,西丽桥北,西丽桥北,BV10023288,,西丽桥北,113.349683,22.931854,番20B路、番22路
西丽桥南,西丽桥南,西丽桥南,BV11691211,,西丽桥南（奥园广场）,113.350604,22.926838,番108B路、番129路、番15路、番27路、番30路、番3路、番68路、番6路、番7路、番108路
西丽小学,西丽小学,西丽小学,BV10015085,,西丽小学,113.346737,22.933663,番2路
西岭村,西岭村,西岭村,BV10431533,,西岭村,113.267745,23.410251,花1路
西岭村东,西岭村东,西岭村东,BV10543410,,西岭村东,113.272116,23.409140,花1路
西岭路口,西岭路口,西岭路口,BV11477129,,西岭路口,113.266197,23.240939,755路、978路、夜63路
西岭社路口,西岭社路口,西岭社路口,BV11626272,,,113.511793,23.502665,从803路、从807路、从808路
西门口(人民北路),西门口(人民北路),西门口(人民北路),BV10016237,,西门口（人民北路）,113.249254,23.129022,134路、186路、2路、31路、38路、4路、556路、823路、夜16路、夜26路、夜7路、109路
西门口(中山六路),西门口(中山六路),西门口(中山六路),BV09242540,,西门口（中山六路）,113.251355,23.127846,193路、233路、250路、527路、527路机电班车、74路、88路、夜120路、夜27路、夜30路、夜79路、广286路、旅游公交1线、104路、102路、107路
西门南路,西门南路,西门南路,BV11611456,,西门南路,113.496985,22.974783,番128路、番162B路、番92路/番92路、番93路、番93路短线
西门中路,西门中路,西门中路,BV11619187,,西门中路,113.497085,22.978337,番128路、番162B路、番92路/番92路、番93路、番93路短线
西南村,西南村,西南村,BV11119359,,,113.704501,23.168816,增城14路、增城90路
西南村委会,西南村委会,西南村委会,BV10690639,,,113.819234,23.117612,莞76路
西南工业区,西南工业区,西南工业区,BV10015425,,西南工业区,113.688816,23.178364,增城34路、增城39路、增城9路
西南加油站,西南加油,西南加油站,BV10690636,,,113.816160,23.119944,莞76路
西南鹏城小学,西南鹏城小学,西南鹏城小学,BV10348274,,,113.815200,23.120623,莞76路
西南市场,西南市场,西南市场,BV10251908,,,112.886235,23.159383,655A线、655B路、655路
西宁西路,西宁西路,西宁西路,BV10017871,,,113.580361,23.554384,从21路长线、从3路、从3路夜班、从夜3路
西宁小学,西宁小学,西宁小学,BV10017873,,西宁小学,113.571453,23.558036,从3路、从3路夜班、从903路、从9路、从化921路、从化922路
西宁中路,西宁中路,西宁中路,BV10018721,,西宁中路,113.585041,23.552511,从18路、从21路长线、从6路、从6路支线、从901路、从902路、从夜3路
西平岗,西平岗,西平岗,BV11216186,,西平岗,113.681518,23.613360,从14路、从19路、从19路密石班车
西平轨道站,西平轨道,西平轨道站,BV10788995,,,113.743171,22.999482,莞86路
西平轨道站南,西平轨道站南,西平轨道站南,BV11682003,,,113.739827,22.995112,莞86路
西浦联谊会,西浦联谊会,西浦联谊会,BV10961576,,,113.186253,23.079420,海龙便民巴士
西樵城区(官山二桥),西樵城区(官山二桥),西樵城区(官山二桥),BV10393912,,西樵城区（官山二桥）,112.980929,22.947927,佛251路
西樵村站,西樵村,西樵村站,BV10014915,,西樵村,113.383584,22.883441,南48路、南沙33路、南沙65路、南沙67路、南沙68路、番142路
西樵村委站,西樵村委,西樵村委站,BV10387513,,,113.384607,22.888294,南36路
西樵幼儿园站,西樵幼儿园,西樵幼儿园站,BV10387509,,,113.373993,22.891466,南36路
西樵幼儿园总站,西樵幼儿园总,西樵幼儿园总站,BV09215687,,,113.374056,22.891571,南36路
西三村口,西三村口,西三村口,BV11483559,,西三村口,113.262924,23.042806,番183路
西三村总站,西三村总,西三村总站,BV10023224,,西三村总站,113.258644,23.042449,番183路
西山白屋站,西山白屋,西山白屋站,BV11596283,,西山白屋站,113.372028,23.658994,从408路
西山村,西山村#1,西山村,BV10020751,,西山村,113.833792,23.272036,增城18路、增城1路
西山村,西山村#2,西山村,BV10020752,,西山村（石楼）,113.448040,22.998209,番128路、番62路
西山村口,西山村口,西山村口,BV10381015,,西山村口,113.435122,23.012851,番75路
西山村委,西山村委,西山村委,BV11398015,,,113.373707,23.659526,从408路
西胜街(云道入口),西胜街(云道入口),西胜街(云道入口),BV11452490,,,113.264933,23.145126,484路西胜街循环线
西胜街总站,西胜街总,西胜街总站,BV11452489,,,113.261850,23.147361,484路西胜街循环线
西塘矮岭仔,西塘矮岭仔,西塘矮岭仔,BV11307220,,西塘矮岭仔,113.497144,23.606684,从402路
西塘村,西塘村,西塘村,BV10446696,,西塘村,113.392966,23.452995,花85路
西塘村六塘,西塘村六塘,西塘村六塘,BV11307222,,西塘村六塘,113.500115,23.615389,从402路
西塘村委会,西塘村委会,西塘村委会,BV11307221,,西塘村委会,113.497772,23.611570,从402路
西塘稻草农业公园,西塘稻草农业公园,西塘稻草农业公园,BV11307217,,西塘稻草农业公园,113.496583,23.609466,从402路
西头村,西头村,西头村,BV11317179,,西头村,113.123383,23.465857,花81路、花93路
西头高速路口,西头高速路口,西头高速路口,BV11364030,,西头高速路口,113.134968,23.476129,花81路、花93路
西湾和苑,西湾和苑,西湾和苑,BV09006146,2,西湾和苑2,113.233584,23.156649,179路、17路、215路、238路、524路、545路、71路、729路、731路环线、80路、975路、夜120路、夜15路、夜21路、夜80路
西湾和苑,西湾和苑,西湾和苑2,BV09317154,2,西湾和苑2,113.233584,23.156649,134路、17路、215路、238路、524路、545路、80路、832路、夜15路、夜21路、夜2路、夜80路
西湾路,西湾路,西湾路,BV09000494,1,西湾路①,113.237214,23.147062,238路、62路、729路、夜59路
西湾路,西湾路,西湾路,BV09000495,2,西湾路②,113.236011,23.154176,238路、729路、731路环线、975路
西湾路,西湾路,西湾路1,BV09269673,1,西湾路②,113.237082,23.148702,179路、17路、215路、524路、545路、62路、71路、80路、832路、夜59路
西湾路,西湾路,西湾路2,BV09356487,2,西湾路②,113.237214,23.147062,134路、179路、17路、215路、225路、238路、486路、524路、71路、80路、823路、夜15路、夜21路、夜2路、夜80路
西湾路(唐宁花园),西湾路(唐宁花园),西湾路(唐宁花园)1号分站,BV09280625,,,113.235876,23.154925,975路
西湾路3,西湾路3,西湾路3,BV09313510,3,西湾路②,113.237283,23.148147,
西湾路总站,西湾路总,西湾路总站,BV10723493,,西湾路（唐宁花园）总站,113.236684,23.154700,62路、731路环线、975路、夜120路
西溪桥,西溪桥,西溪桥,BV10253655,,西溪桥,113.069819,22.881475,佛K330路/K330路快线
西线公路口站,西线公路口,西线公路口站,BV10014972,,,113.348966,22.838810,南44路、南45路
西乡二路路口,西乡二路路口,西乡二路路口,BV10023222,,西乡二路路口,113.264985,23.042947,番183路
西向,西向,西向,BV11398019,,西向,113.513881,23.424822,从805路、从809路
西向村,西向村,西向村,BV11359629,,西向村,113.407972,23.713597,从10路
西瑶,西瑶,西瑶,BV10853701,,西瑶,113.150627,23.104557,佛200路、佛250路
西一村,西一村,西一村,BV11467702,,西一村（腾讯云智慧园）,113.261762,23.051714,番57路
西一村工业路,西一村工业路,西一村工业路,BV11467700,,西一村工业路,113.267215,23.052369,番57路
西一村下北,西一村下北,西一村下北,BV11467703,,西一村下北,113.258973,23.050862,番57路
西涌,西涌,西涌,BV10023028,,西涌,113.254560,22.984189,番101短线、番99路
西园,西园,西园,BV10896449,,西园,113.352117,22.938787,番7路
西园,西园,西园,BV11119683,,,113.830044,23.398092,
西园村,西园村,西园村,BV10016268,,西园村,113.830046,23.397663,增城70路
西苑,西苑,西苑,BV10014068,,西苑,113.238093,23.138669,238路、29路、52路、530路、552路、夜11路、广260路、广275路
西苑南街,西苑南街,西苑南街,BV10022107,,西苑南街,113.246524,23.194270,421路
西约,西约,西约,BV11688697,,西约,113.140516,23.040102,佛232路
西增路,西增路,西增路,BV10013901,,西增路,113.233541,23.146965,274路、4路、广478路、广夜54路
西洲北路(增槎路口),西洲北路(增槎路口),西洲北路(增槎路口),BV10617776,,西洲北路（增槎路口）,113.220549,23.184212,477路
西洲北路尾总站,西洲北路尾总,西洲北路尾总站,BV10458377,,西洲北路尾总站,113.216939,23.178329,477路
西洲大道,西洲大道,西洲大道,BV09175715,,西洲大道,113.575303,23.109367,增城37路
西洲总站,西洲总,西洲总站,BV09175713,,西洲总站,113.576490,23.104913,增城37路
西庄,西庄,西庄,BV11332855,,西庄,113.522731,23.455690,从802路
西庄路口,西庄路口,西庄路口,BV11472710,,西庄路口,113.424763,23.026057,番66路
犀牛角村总站,犀牛角村总,犀牛角村总站,BV10382244,,犀牛角村总站,113.333836,23.197036,201路、754路
犀牛路口,犀牛路口,犀牛路口,BV10013737,2,犀牛路口2,113.292434,23.134641,16路、189路、192路、221路、223路、225路、247路、285路、285路无轨电车短线、287路、63路、夜15路
溪东村,溪东村,溪东村,BV11119628,,溪东村,113.791651,23.510058,增城62路
溪东桥,溪东桥,溪东桥,BV11315197,,溪东桥,113.786125,23.508011,增城62路
溪头,溪头,溪头,BV11488684,,溪头,113.857607,23.719502,从602路
溪头村,溪头村,溪头村,BV10024266,,溪头村,113.847606,23.183365,增城18路、增城55路
喜来登大酒店站,喜来登大酒店,喜来登大酒店站,BV10381626,,,113.524037,22.796022,南53路
喜乐登活动中心,喜乐登活动中心,喜乐登活动中心,BV11268022,,喜乐登活动中心,113.579742,23.613196,从6路
喜盈雅境,喜盈雅境,喜盈雅境,BV09357580,,喜盈雅境,113.354827,22.920144,番12路旅游专线、番130路、番19路
细沥村,细沥村#1,细沥村,BV09242700,,细沥村,113.327532,23.314888,471路、659路
细沥村,细沥村#2,细沥村站,BV09344583,,细沥村,113.456948,22.825810,南34路、南沙54路、番143路
细沥村,细沥村#2,细沥村站,BV10018497,,,113.451898,22.833455,南34路、南沙54路
细沥桥站,细沥桥,细沥桥站,BV10410155,,细沥桥,113.449020,22.838457,南34路、南沙54路、番143路
细沥沙栏站,细沥沙栏,细沥沙栏站,BV10388806,,细沥沙栏,113.458544,22.823220,南34路、南沙54路、番143路
虾角,虾角,虾角,BV11352942,,虾角,113.355242,23.573609,从404路
峡石村,峡石村,峡石村,BV09376989,,峡石村,113.158270,23.299185,721路
峡石村总站,峡石村总,峡石村总站,BV10018889,,峡石村,113.158270,23.299185,723路
霞迳村,霞迳村,霞迳村,BV10847819,,霞迳村,113.627141,23.317777,增城11A路、增城11路、增城36路、增城51路
下佰坑村,下佰坑村,下佰坑村,BV11383676,,下佰坑村,113.519976,23.384615,351路
下柏立交,下柏立交,下柏立交,BV10251714,,下柏立交,113.029782,23.069648,佛250路
下柏立桥,下柏立桥,下柏立桥,BV11179386,,,113.029733,23.070302,广州-肇庆
下北村站,下北村,下北村站,BV09233668,,,113.841031,23.432997,增城42路
下漕,下漕,下漕,BV10262692,,,113.624463,23.018772,莞609路
下车路站,下车路,下车路站,BV11452843,,下车路,113.608642,23.298729,增城89路
下大步,下大步,下大步,BV10945042,,下大步,113.900800,23.902564,从504路
下洞,下洞#1,下洞,BV11115183,,下洞,113.622454,23.495303,从302路
下洞,下洞#2,下洞,BV11152731,,下洞,113.965787,23.833826,从502路
下渡路口,下渡路口,下渡路口,BV10021713,,下渡路口,113.302772,23.099841,182路、229路、247路、24路、767路、8路、93路、夜6路
下芳村,下芳村,下芳村,BV10013605,2,下芳村,113.236774,23.096136,181路、19路、206路、309路、312路、52路、64路、812路、966路、990路、夜11路、夜29路、夜72路、广275路、102路
下芳村,下芳村,下芳村1,BV11329135,1,下芳村①,113.235806,23.097962,236路、780路、782路、965路、夜69路
下亨田村,下亨田村,下亨田村,BV10252190,,下亨田村,113.153411,23.158554,佛244路、佛沥12高峰线、广231路、沥12路
下横栏桥站,下横栏桥,下横栏桥站,BV10017922,,,113.435346,22.816191,南沙40路短线
下横沥大桥站,下横沥大桥,下横沥大桥站,BV10017148,,,113.505220,22.736348,南39路
下基村,下基村,下基村,BV11224108,,,113.685686,23.151626,增城90路
下坑庄,下坑庄,下坑庄,BV10022655,,下坑庄,113.270655,23.316589,843路、高速专线2路
下亮,下亮,下亮,BV11399876,,下亮,113.426838,23.670127,从407路
下蒌元村,下蒌元村,下蒌元村,BV11118942,,下蒌元村,113.577821,23.191200,增城23路
下罗市场,下罗市场,下罗市场,BV11312998,,下罗市场,113.598876,23.527724,从302路
下南路,下南路,下南路,BV10021175,,下南路,113.526634,23.364420,362路
下南路口,下南路口,下南路口2,BV09370220,2,下南路口2,113.523356,23.363395,351路
下南路口,下南路口,下南路口,BV10013787,1,下南路口①,113.523636,23.363325,362路
下坭村站,下坭村,下坭村站,BV10014917,,下坭村,113.377577,22.867769,南48路、南沙33路、南沙65路、南沙67路、番142路
下沙,下沙,下沙,BV10019592,,下沙,113.447736,23.104082,348路、434路、B26路
下沙,下沙,下沙,BV11386267,1,下沙①,113.446139,23.103900,B17路、B1路
下山门村,下山门村,下山门村,BV10023065,,下山门村,113.445606,22.989990,番128路、番62路
下塘路口,下塘路口,下塘路口,BV11352964,,下塘路口,113.413446,23.591111,从406路
下塘西路,下塘西路,下塘西路,BV09006123,,下塘西路,113.268662,23.151945,189路、190路、278路、36路、544路、546路、547路、66路、706路、706路早间短线、76A路、76路、810路、864路、夜32路、夜9路
下围村,下围村,下围村,BV09304832,,,113.824340,23.144131,莞76路
下围路口,下围路口,下围路口,BV10878370,,下围路口,113.824445,23.142705,增城18路、增城76路、莞76路
下西村委,下西村委,下西村委,BV11482395,,,113.388372,23.719628,从911路
下溪村路口,下溪村路口,下溪村路口,BV11336796,,下溪村路口,113.855085,23.722278,从602路
下新村,下新村,下新村,BV10014470,,下新村,113.287615,23.255163,926路
下新村公园,下新村公园,下新村公园,BV11601273,,下新村公园,113.286201,23.256366,嘉禾5线
下新村街,下新村街,下新村街,BV11600168,,下新村街,113.287311,23.255546,嘉禾5线
下新村永和街,下新村永和街,下新村永和街,BV11601272,,下新村永和街,113.288568,23.254090,嘉禾5线
下元村,下元村,下元村,BV10024224,,下元村,113.663348,23.230060,增城12路、增城65路
下元村南,下元村南,下元村南,BV09190589,,下元村南,113.666519,23.215153,增城40路
下岳村,下岳村,下岳村,BV10860793,,下岳村,113.637955,23.309945,增城52路、增城54路
吓岗村,吓岗村,吓岗村,BV10022992,,吓岗村,113.743424,23.229697,增城14路、增城9路
吓岗村总站,吓岗村总,吓岗村总站,BV11377191,,吓岗村总站,113.730278,23.232226,增城81路
吓坜村,吓坜村,吓坜村,BV11498311,,吓坜村,113.713397,23.486503,增城59路
夏埔村口,夏埔村口,夏埔村口,BV11430770,,夏埔村口,113.562423,23.110321,增城22路、增城22路/增22路
夏埔村总站,夏埔村总,夏埔村总站,BV11290725,,夏埔村总站,113.561858,23.101188,增城22路、增城22路/增22路
夏东,夏东,夏东,BV11688703,,夏东,113.178737,23.036799,佛232路
夏港,夏港,夏港,BV09288121,2,夏港②,113.520242,23.066271,453A路、453路环线、516路、567路、571B路、572路、573路快线、575路、B28路、B29路、夜41路、夜49路、广369路
夏港,夏港,夏港站1号分站,BV09288122,,,113.520541,23.065856,夜41路、夜49路
夏花二路,夏花二路,夏花二路,BV10014185,,夏花二路,113.240761,23.262004,523路、58A路、834路、977路、夜80路
夏花三路,夏花三路,夏花三路站,BV11345911,,夏花三路,113.223295,23.291527,474路、522路、722路、829路、夜87路、703路
夏花一路,夏花一路,夏花一路,BV11688446,,夏花一路,113.253434,23.234360,523A路、523路、58A路、970路、982路、984路、夜85路
夏街村,夏街村,夏街村,BV10020826,,夏街村,113.827690,23.287239,增城48路、增城5路、增城6路
夏茅,夏茅,夏茅,BV11688462,,夏茅,113.256793,23.226395,21路、298路、522路、523A路、523路、58A路、706路、706路早间短线、807路、831路、840路、886路、970路、984路、夜105路、夜80路、夜85路、夜94路、259路、108路
夏茅大道,夏茅大道,夏茅大道,BV10018018,,夏茅大道,113.252883,23.228496,830路、831路、982路
夏茅大道口,夏茅大道口,夏茅大道口,BV10019313,,,113.252966,23.228584,831路
夏茅市场,夏茅市场,夏茅市场,BV10018019,,夏茅市场,113.251374,23.225705,830路、831路、982路
夏茅总站,夏茅总#1,夏茅总站,BV10896410,,夏茅总站,113.256597,23.225529,298路
夏茅总站,夏茅总#2,夏茅总站,BV10019542,,夏茅（白云湖公园）总站,113.245597,23.231749,982路、984路
夏南二大街,夏南二大街,夏南二大街,BV10254414,,夏南二大街,113.175176,23.054966,佛211路
夏平路(清风路口),夏平路(清风路口),夏平路(清风路口),BV10897344,,夏平路（清风路口）,113.196138,23.045161,桂09路
夏西工业区北站,夏西工业区北,夏西工业区北站,BV11676696,,夏西工业区北站,113.083612,23.258044,花24路
夏西工业区南站,夏西工业区南,夏西工业区南站,BV11676723,,夏西工业区南站,113.083942,23.252992,花24路
夏西新路,夏西新路,夏西新路,BV10252399,,夏西新路,113.155904,23.040023,佛232路
夏园,夏园,夏园,BV09388858,,夏园,113.511648,23.085449,B1短线快车、B1路、B28路、B29路、B30路、B31路
夏园,夏园,夏园,BV11687921,,夏园,113.511742,23.085221,372路、376路、453A路、571路、B1短线快车、夜41路、夜57路、夜73路、穗东街便民车01线
夏园总站,夏园总,夏园总站,BV10014074,,夏园总站,113.510429,23.084940,夜57路
仙村车站,仙村车,仙村车站,BV10016064,,仙村车站,113.710664,23.168448,增城14路、增城37路、增城90路
仙村大道北,仙村大道北,仙村大道北,BV09136865,,仙村大道北,113.710882,23.191884,增城13路、增城34路、增城39路
仙村公交总站,仙村公交总,仙村公交总站,BV11258767,,仙村公交总站,113.714160,23.166856,增城13路、增城39路
仙村路口,仙村路口,仙村路口站,BV11690284,,仙村路口,113.712041,23.193797,增城34路、增城34路快线、增城39路、增城64路、增城65路、增城9A路/9A路快线、增城9路
仙村市场,仙村市场,仙村市场,BV09274992,,仙村市场,113.713383,23.170196,增城13路、增城14路、增城37路、增城39路
仙村铁路桥底,仙村铁路桥底,仙村铁路桥底,BV09348752,,仙村铁路桥底,113.704754,23.175272,增城37路
仙村一路南,仙村一路南,仙村一路南,BV09311035,,仙村一路南,113.714162,23.166868,增城39路
仙村镇政府,仙村镇政府,仙村镇政府,BV11007319,,仙村镇政府,113.713169,23.180403,增城13路、增城39路
仙村中学,仙村中学,仙村中学,BV10015380,,仙村中学,113.712018,23.186748,增城13路、增城34路、增城39路、增城90路
仙桂村,仙桂村,仙桂村,BV10014898,,仙桂村,113.809249,23.397084,增城15路、增城16路、增城19路、增城58路、增城73路
仙岭村,仙岭村,仙岭村,BV10023059,,仙岭村,113.463847,23.021469,番128路、番31路、番62路
仙娘溪,仙娘溪,仙娘溪,BV11018301,,仙娘溪,113.771739,23.838667,从601路
仙宁路口,仙宁路口,仙宁路口,BV10015427,,仙宁路口,113.695058,23.181664,增城34路、增城39路、增城9路
仙人岭,仙人岭,仙人岭,BV10505200,,仙人岭,113.030963,23.134541,佛263路
仙师宫,仙师宫,仙师宫,BV11564455,,,113.291006,23.258929,嘉禾望岗地铁站便民车3线
仙塘村,仙塘村,仙塘村,BV10024214,,仙塘村,113.806175,23.202445,增城10路、增城8路、增夜2路
仙塘路口站,仙塘路口,仙塘路口站,BV09096920,,仙塘路口,113.047380,22.874156,佛236路
仙溪,仙溪,仙溪,BV10252246,,仙溪,113.044870,23.133630,佛263路
仙溪路口,仙溪路口,仙溪路口,BV11018289,,仙溪路口,113.812620,23.860078,从601路
先科一路,先科一路,先科一路,BV11568714,,先科一路,113.356949,23.447057,708路、花16路
先烈南路,先烈南路,先烈南路,BV10016425,2,先烈南路,113.285175,23.134529,133路、201路、209路、236路、293路、54路、62路、74路、B3路、夜19路、夜69路、广高峰快线30路
先烈南路口,先烈南路口,先烈南路口,BV09187178,,先烈南路口,113.282028,23.133301,236路、27路、284路、293路、305路、483路、54路、56路、62路、夜69路
先烈南路总站,先烈南路总,先烈南路总站,BV11609613,,,113.284072,23.134221,201路
暹岗村口,暹岗村口,暹岗村口站,BV11412819,,暹岗村口,113.453663,23.171161,945路
暹岗村西,暹岗村西,暹岗村西,BV11412827,,暹岗村西,113.451055,23.178607,324路、349路、573路快线、945路、946路、夜81路
贤江,贤江,贤江,BV11379929,,贤江,113.534384,23.206744,327A路、330A路、330路、396路、446路、夜60路、333路
贤江公园站,贤江公园,贤江公园站,BV10846985,,贤江公园,113.529780,23.210358,327A路、330A路、330路、345A路、396A路环线、396路、446路、夜60路、333路
贤江西,贤江西,贤江西站,BV10924420,,贤江西,113.522343,23.214836,327A路、327路、330A路、330路、345A路、396A路环线、396路、446路、夜60路、333路
冼村,冼村,冼村3,BV09262063,3,冼村③,113.323996,23.129907,137路、140路、18路、243路、266路、284路、299路、540路、542路、545路、583路、886路、夜13路、夜18路、夜27路、夜34路、夜36路、夜39路、夜40路、广283路
冼村,冼村,冼村2,BV09323877,2,冼村②,113.324004,23.129554,137路、245路、261路、284路、517路、518路、53路、541路、545路、548路、562路、B15路、B8路、夜13路、夜18路、夜27路、夜36路、夜39路、夜40路、夜93路、广283路
冼村,冼村,冼村,BV11086798,2,冼村②,113.325024,23.129485,243路、266路、299路、53路、540路、541路、542路、548路、562路、B15路、B22路、B8路、夜93路、大学城专线4路、广283路班车
冼村路北,冼村路北,冼村路北,BV10015708,,冼村路北（地铁冼村站）,113.322503,23.128477,11路、18路、195路、230路、293路、45路、499路、540路、583路、886路、夜56路
冼村路南,冼村路南,冼村路南,BV10021733,,冼村路南,113.322364,23.118921,18路、293路、669路
冼村路中,冼村路中,冼村路中,BV11688336,,冼村路中,113.322614,23.122917,11路、18路、20路、230路、293路、45路、583路、669路、886路、夜56路
冼庄立交,冼庄立交,冼庄立交,BV09000770,,冼庄立交,113.352090,22.984744,302路、303路、310路、987路、番10路、番145路、番146路、番163A路、番165路、番52路、番89路
冼庄立交,冼庄立交,冼庄立交站(南行),BV11131616,,冼庄立交,113.350986,22.984883,番143路
冼庄立交,冼庄立交,冼庄立交站(北行),BV11131618,,冼庄立交,113.352090,22.984744,番143路
显纲,显纲,显纲,BV10789111,,,113.099285,23.132857,佛244B路、佛278路
显华家电站,显华家电,显华家电站,BV10405471,,,113.386005,22.795555,南59路
显西村,显西村,显西村,BV10252426,,,113.083024,23.175992,佛244B路
显子岗(南国桃园路口),显子岗(南国桃园路口),显子岗(南国桃园路口),BV10252412,,,113.085458,23.171488,佛244B路
显子岗站(南国桃园路口),显子岗站(南国桃园路口),显子岗站(南国桃园路口),BV11644428,,,113.084247,23.173580,佛244B路
蚬涌,蚬涌,蚬涌,BV10014947,,蚬涌,113.380241,22.918194,南沙67路、番21B路、番5路、番5路长线
蚬涌路口,蚬涌路口,蚬涌路口,BV11667003,,蚬涌路口,113.389151,22.917377,南沙67路、番21B路、番5路、番5路长线
蚬涌市场,蚬涌市场,蚬涌市场,BV09258709,,蚬涌市场,113.386123,22.917665,南沙67路、番21B路、番5路、番5路长线
现龙街,现龙街,现龙街,BV11258821,,现龙街,113.414039,23.372558,655路
香草世界,香草世界,香草世界,BV10467865,,香草世界,113.256013,23.461735,花83路
香港科技大学(广州)站,香港科技大学(广州),香港科技大学(广州)站,BV09037935,,,113.478282,22.887715,南14路、南22路、南57路
香江野生动物世界总站,香江野生动物世界总,香江野生动物世界总站,BV10022292,,香江野生动物世界总站,113.305789,23.014330,562路
香江悦府,香江悦府,香江悦府站,BV11621188,,香江悦府,113.714612,23.276396,增城11路、增城12路、增城13路、增城2路、增城4路
香景花园,香景花园,香景花园,BV11472537,,香景花园,113.611792,23.229371,增城31路、增城35A路
香荔二路,香荔二路,香荔二路,BV10521775,,香荔二路,113.566806,23.195970,341路
香荔路,香荔路,香荔路,BV11484695,,香荔路,113.569638,23.199865,341路
香荔路北,香荔路北,香荔路北,BV11484697,,香荔路北,113.572667,23.205035,341路
香蜜路中,香蜜路中,香蜜路中,BV09237674,,,113.611523,23.221914,增城31路、增城35A路
香凝学校,香凝学校,香凝学校,BV11651648,,香凝学校,113.213128,23.056328,410路
香山大道,香山大道,香山大道,BV11379180,,香山大道,113.618245,23.185989,增城31路、增城32路内环、增城32路外环、增城45路、增夜6路
香山大道南,香山大道南,香山大道南,BV09169183,,,113.624888,23.152283,新塘万达1路
香山大道中,香山大道中,香山大道中,BV09236549,,香山大道中,113.618444,23.179831,增城45路
香山湖,香山湖,香山湖,BV11141640,,香山湖,113.606489,23.230771,增城31路、增城35A路
香山湖路口,香山湖路口,香山湖路口,BV11472539,,香山湖路口,113.603106,23.233846,增城31路、增城35A路
香山湖总站,香山湖总,香山湖总站,BV09237673,,香山湖,113.608967,23.220350,增城31路、增城35A路
香山路,香山路,香山路,BV10015241,,香山路,113.438236,23.183461,325路、345路
香山路南,香山路南,香山路南,BV10015244,,香山路南,113.432507,23.175496,325路、345路、B22路
香山路中,香山路中,香山路中,BV10015243,,香山路中,113.435033,23.181781,345路、B22路
香雪八路南,香雪八路南,香雪八路南站,BV09244441,,香雪八路南,113.489833,23.179751,327A路、392路、夜124路
香雪八路中站,香雪八路中,香雪八路中站,BV10846989,,香雪八路中,113.489406,23.183225,327A路、392路、夜124路
香雪大道(下中路口),香雪大道(下中路口),香雪大道(下中路口),BV11488674,,香雪大道（下中路口）,113.501445,23.179885,327路、942路、944路
香雪大道图书馆北门,香雪大道图书馆北门,香雪大道图书馆北门,BV11488681,,,113.495791,23.178684,327路、942路、944路
香雪二路,香雪二路,香雪二路,BV10019468,,香雪二路,113.472626,23.178547,943路
香雪公寓(广州国际人才城),香雪公寓(广州国际人才城),香雪公寓(广州国际人才城),BV09315293,,香雪公寓（广州国际人才城）,113.492855,23.178758,358路、388路、393路
香雪公寓(广州国际人才城),香雪公寓(广州国际人才城),香雪公寓,BV10013981,,香雪公寓（广州国际人才城）,113.492834,23.178757,327A路、358路、365路、375路、388路、391A路、391路、392路、506路、575路、943路、944路、B24路、夜104路、夜51路
香雪山南,香雪山南,香雪山南,BV10019467,,香雪山南,113.471310,23.177267,943路
祥凤,祥凤,祥凤站,BV11591011,,祥凤,113.197397,23.430544,19路直达快线、花25路
祥岗东街,祥岗东街,祥岗东街,BV09224099,,祥岗东街,113.246073,23.187023,925路
祥岗社区,祥岗社区,祥岗社区,BV11683585,,祥岗社区,113.246971,23.190309,925路
祥和路口,祥和路口,祥和路口,BV10018512,,祥和路口,113.311743,23.029450,304路、51路、公交地铁接驳专线7路、番182路、番185路、番187路、番夜2路
祥景花园,祥景花园,祥景花园,BV11688424,,祥景花园,113.266479,23.206640,126路、244路、265路、268路、36路、539路、563路、706路、706路早间短线、742路、759路环线、794路、803路、810路、832路、841路、982路、夜114路、夜76路、夜90路、夜95路、夜9路
祥元路,祥元路,祥元路,BV11465726,,,113.254091,23.154975,470路
祥云路总站,祥云路总,祥云路总站,BV09334660,,祥云路（珠江高级中学）总站,113.327157,23.260211,984路
向西村口,向西村口,向西村口,BV11468421,,向西村口,113.577029,23.285816,345路、365路、370路、441路、夜126路
向西大道口,向西大道口,向西大道口站,BV11487653,,向西大道口,113.248843,23.236366,982路、984路
向西大道中,向西大道中,向西大道中站,BV11487659,,向西大道中,113.247938,23.235106,982路、984路
向阳村委,向阳村委,向阳村委,BV11115126,,,113.590047,23.558381,从16路、从8路
向阳大街口,向阳大街口,向阳大街口,BV11430818,,向阳大街口,113.244383,23.160525,480路、661路
象骏中学,象骏中学,象骏中学,BV10993222,,象骏中学,113.291043,22.904981,番68路
象山村,象山村,象山村,BV10497614,,象山村,113.338132,23.438750,花85路
象圣中学,象圣中学,象圣中学,BV09347036,,象圣中学,113.377144,22.918778,南沙67路、番21B路、番5路、番5路长线
象贤中学(福北路),象贤中学(福北路),象贤中学(福北路),BV10023419,,象贤中学（福北路）,113.323537,22.910230,番29路
象贤中学北门,象贤中学北门,象贤中学北门,BV10015095,,象贤中学北门,113.325517,22.912855,番29路、番7路
象新村路口,象新村路口#1,象新村路口,BV10621019,,象新村路口,113.425649,23.616252,从10路、从405路、从9路
象新村路口,象新村路口#2,象新村路口,BV11352978,,象新村路口,113.413901,23.595669,从406路
橡胶新村,橡胶新村,橡胶新村,BV11567615,2,橡胶新村,113.263827,23.088584,121路、206路、222路、285路、299路、29路、69路、70路、780路、812路、91路、967路、995路、夜103路、夜29路、夜36路、夜42路、夜44路、广565路、79路
消防中队站,消防中队,消防中队站,BV10015835,,消防中队,113.564917,22.671074,南沙16路
消防总队,消防总队,消防总队,BV09389929,,消防总队,113.335544,23.149078,210路、214路、266路、363路、503路、776路、813路、B18路、B19路、大学城专线2路
萧岗明珠北路,萧岗明珠北路,萧岗明珠北路,BV09325409,,,113.271536,23.200884,420路
萧岗齐富二横路,萧岗齐富二横路,萧岗齐富二横路,BV11651211,,萧岗齐富二横路,113.262527,23.197752,199路、420路
萧岗市场,萧岗市场,萧岗市场,BV11377521,,萧岗市场,113.257640,23.193100,421路
萧岗涌北大街,萧岗涌北大街,萧岗涌北大街,BV10570148,,萧岗涌北大街,113.264350,23.192589,421路
小北,小北,小北2,BV09226117,2,小北②,113.271135,23.142182,189路、191路、220路、233路、278路、280路、545路、810路、夜105路、夜14路、夜15路、夜25路、夜41路、夜4路、夜56路、夜5路、夜77路、夜89路、110路、109路
小北,小北,小北1,BV09226129,1,小北①,113.271391,23.141994,10路、184路、189路、190路、191路、220路、233路、297路、6路、76A路、76路、夜105路、夜14路、夜15路、夜25路、夜41路、夜4路、夜56路、夜5路、夜77路、夜89路、旅游公交1线、110路、109路
小北,小北,小北(停东行),BV11452487,,,113.271391,23.141994,484路西胜街循环线
小北,小北,小北(停西行),BV11452488,,,113.271181,23.142197,484路西胜街循环线
小北,小北,小北,BV11688429,1,小北①,113.271295,23.142001,833路
小北花圈,小北花圈,小北花圈2,BV09316767,2,小北花圈②,113.268336,23.140519,10路、190路、191路、220路、233路、297路、36路、544路、66路、6路、76A路、76路、864路、93路、夜121路、夜32路、夜4路、夜56路、夜5路、夜89路、旅游公交1线
小北花圈,小北花圈,小北花圈,BV10013929,1,小北花圈①,113.267598,23.139817,184路、185路、220路、297路、36路、66路、76A路、76路、833路、864路、93路、夜121路、夜32路、夜4路、夜56路、夜5路、夜89路、夜9路、旅游公交1线
小布,小布#1,小布,BV09000893,,小布,113.256995,23.415227,711路、夜129路、花16路、花17路联民村、花84路、704路
小布,小布#2,小布,BV09061722,,小布,113.091415,22.973631,佛236路
小布,小布#3,小布站,BV09237239,,小布,113.098730,23.120479,佛263路、佛275路
小布七队,小布七队,小布七队,BV10431526,,小布七队,113.260812,23.411372,花1路
小城花园,小城花园,小城花园,BV10022682,,小城花园,113.312988,23.204703,923路
小洞村,小洞村,小洞村,BV11470690,,小洞村,113.062059,23.133507,佛263路
小迳村,小迳村#1,小迳村站,BV10714257,,小迳村,113.547299,23.115693,214路、372路、374路、571B路
小迳村,小迳村#2,小迳村,BV11690301,,小迳村,113.829543,23.486288,增城83路
小迳路口,小迳路口,小迳路口站,BV11552292,,小迳路口,113.546294,23.119305,340路、439路
小坑村,小坑村,小坑村,BV11691188,,小坑村,113.496404,23.144307,321路、347路、349路、367路、459路、940路
小坑村路口,小坑村路口,小坑村路口,BV10621027,,小坑村路口,113.480759,23.585964,从10路、从9路
小坑村委,小坑村委,小坑村委,BV10621036,,小坑村委,113.467561,23.588388,从10路、从9路
小塱,小塱,小塱,BV10871158,,小塱,113.483192,23.158207,夜98路
小塱村(开源大道口),小塱村(开源大道口),小塱村(开源大道口),BV10019459,,小塱村（开源大道口）,113.490728,23.152461,367路、940路
小塱村口,小塱村口,小塱村口,BV10019460,,小塱村口,113.485736,23.157555,450路、夜98路
小塱总站,小塱总,小塱总站,BV10019461,,小塱总站,113.483192,23.158207,450路、940路
小楼,小楼,小楼,BV11119630,,,113.829904,23.384000,
小楼车站,小楼车,小楼车站,BV09259265,,小楼车站,113.830920,23.385558,增城19路、增城58路、增城6路、增城70路、增城73路
小楼人家,小楼人家,小楼人家,BV10014836,,小楼人家,113.787850,23.413339,增城15路、增城16路、增城19路、增城58路、增城73路
小楼市场,小楼市场,小楼市场,BV10432274,,小楼市场,113.829711,23.383722,增城15路、增城15路快线、增城16路、增城6路
小楼镇政府,小楼镇政府,小楼镇政府,BV10014840,,小楼镇政府,113.827510,23.380584,增城15路、增城16路、增城6路
小罗村,小罗村,小罗村,BV10550332,,小罗村,113.343010,23.328411,724路
小罗村(市广路),小罗村(市广路),小罗村(市广路),BV11630553,,小罗村（市广路）,113.340903,22.969621,301路、番100路、番13路、番150B路、番15路、番1路、番21B路、番91路、番96路、番97路、番99路、番夜5路、番108路
小罗村口,小罗村口,小罗村口,BV11685301,,小罗村口,113.350283,23.336539,797路
小平工业区总站,小平工业区总,小平工业区总站,BV10023431,,小平工业区总站,113.334830,22.952544,番8路
小平路口,小平路口,小平路口,BV11352459,,小平路口,113.336464,22.954632,番8路
小平牌坊,小平牌坊,小平牌坊,BV10019947,,小平牌坊,113.334816,22.951169,番4B路
小坪,小坪,小坪2,BV09209209,2,小坪②,113.247756,23.208420,126路、176路、254路、265路、280路、425路、519路、524路、539路、556路、730路、742路、831路、841路、夜107路、夜26路、夜90路、259路、929路
小坪,小坪,小坪1,BV09226064,1,小坪①,113.246304,23.208980,126路、265路、426路环线、524路、539路、563路、730路、742路、840路、841路、夜22路、夜80路、夜90路、929路
小坪,小坪,小坪,BV11688428,2,小坪②,113.247722,23.208429,426路环线、830路
小坪东路,小坪东路,小坪东路,BV11463001,,小坪东路,113.246829,23.207840,426路环线、929路
小坪东路中,小坪东路中,小坪东路中,BV11463000,,小坪东路中,113.246155,23.205482,426路环线、929路
小坪立交桥,小坪立交桥,小坪立交桥1,BV09226107,1,小坪立交桥1,113.235081,23.209584,254路、280路、742路、夜22路
小坪立交桥,小坪立交桥,小坪立交桥,BV10013750,2,小坪立交桥②,113.235494,23.209559,126路、176路、280路、425路、426路环线、519路、524路、556路、563路、742路、830路、831路、841路、夜107路、夜26路、夜90路、929路
小坪桥口,小坪桥口,小坪桥口,BV10021853,1,小坪桥口①,113.244172,23.209652,265路
小沙村委站,小沙村委,小沙村委站,BV11169363,,小沙村委,113.648402,23.726111,从608路
小杉村委,小杉村委,小杉村委,BV11139994,,小杉村委,113.969900,23.767661,从503路
小杉路口,小杉路口,小杉路口,BV10808752,,小杉路口,113.923083,23.780998,从12路
小石马,小石马,小石马站,BV09332895,,小石马,113.244704,23.257551,523路、58A路、756路、977路
小塘北路,小塘北路,小塘北路,BV10018879,,小塘北路,113.203914,23.281474,723路
小塘车站,小塘车,小塘车站,BV10252307,,小塘车站,112.976650,23.100270,佛263路
小乌站,小乌,小乌站,BV10023179,,小乌,113.420142,22.881271,南36路、番150路
小乌村站,小乌村,小乌村站,BV10499778,,小乌村,113.423446,22.862132,南50路、南沙54路、番143路、番150B路
小乌第二工业区站,小乌第二工业区,小乌第二工业区站,BV10023178,,小乌第二工业区,113.413003,22.884098,南36路、番150路
小新塘,小新塘,小新塘,BV09005206,,小新塘,113.408765,23.165815,325路、497路、548路、564A路、564路、573路、774路、776路、903路、B26路、B4A路、B4路、夜100路、夜38路、夜51路、夜93路
小学北路东,小学北路东,小学北路东站,BV09237614,,小学北路东,113.607463,23.295585,370路
小洲,小洲,小洲,BV11689633,,小洲,113.352607,23.065356,252路、361路、468路
小洲村,小洲村,小洲村,BV10021835,,小洲村,113.350129,23.062001,252路、361路、468路
小洲村口,小洲村口,小洲村口,BV10018555,,小洲村口,113.350169,23.058944,252路、35路、361路、764路、86路、997路、夜128路
小洲村口总站,小洲村口总,小洲村口总站,BV11471863,,小洲村口总站,113.350052,23.058945,夜55路
小洲东路,小洲东路,小洲东路,BV11483379,,小洲东路（海珠湿地公园）,113.342750,23.059302,764路
小洲路东,小洲路东,小洲路东,BV11520709,,小洲路东,113.361442,23.057072,252路、35路、361路、86路、997路、夜128路
小洲南路,小洲南路,小洲南路,BV10022189,,小洲南路,113.348847,23.058463,468路
小洲总站,小洲总,小洲总站,BV10022287,,小洲总站,113.352616,23.065317,45路
晓港湾,晓港湾,晓港湾,BV11688514,,晓港湾,113.287822,23.075253,129路、263路、273路、287路、35路、5路、70路、780路、82路、夜102路、夜24路、夜33路、夜44路、夜4路、广276路
晓港湾(盈丰路),晓港湾(盈丰路),晓港湾(盈丰路),BV10013868,,晓港湾（盈丰路）,113.293209,23.071730,263路、546路、766路环线、836路、960路、991路、广276路
晓港湾总站,晓港湾总,晓港湾总站,BV10018550,,晓港湾总站,113.290434,23.071678,273路、287路
晓港西马路,晓港西马路,晓港西马路,BV11487919,,晓港西马路,113.277080,23.094037,460路
晓港新村,晓港新村,晓港新村,BV09079557,,晓港新村,113.278863,23.095471,129路、263路、273路、287路、35路、460路、542路、5路、70路、967路、夜102路、夜24路、夜43路、夜4路、广276路
晓港中马路,晓港中马路,晓港中马路,BV10018252,2,晓港中马路,113.279015,23.093299,253路、35路、460路、542路、812路、82路、夜33路、夜43路、夜44路
协和神学院,协和神学院,协和神学院,BV10014203,,协和神学院,113.304833,23.251188,924路、926路、夜62路
谢边,谢边,谢边,BV10252541,,谢边,113.098890,23.078825,佛236路、佛251路
谢村,谢村,谢村,BV11688784,,谢村,113.308740,22.985018,288路、301路、番100路、番109路、番13路、番25路、番91路、番96路
谢岗,谢岗,谢岗,BV11508116,,谢岗,113.516731,23.427430,从804路
谢石公路(汉溪大道东路口),谢石公路(汉溪大道东路口),谢石公路(汉溪大道东路口),BV11614781,,谢石公路（汉溪大道东路口）,113.285747,22.995603,番100路
谢石公路(汉溪大道东路口),谢石公路(汉溪大道东路口),谢石公路,BV11621453,,谢石公路（汉溪大道东路口）,113.285569,22.995672,番100路
谢石公路中,谢石公路中,谢石公路中,BV11621454,,谢石公路中,113.280869,22.997597,番100路
谢屋村,谢屋村,谢屋村,BV10387113,,谢屋村,113.742005,23.224508,增城14路、增城9路
蟹坑村,蟹坑村,蟹坑村站,BV11632874,,蟹坑村,113.193913,23.195234,广657路、广夜91路
蟹山,蟹山,蟹山,BV11692468,,蟹山,113.428170,23.099143,344路、348路、360路
蟹山西,蟹山西,蟹山西,BV10021325,,蟹山西,113.429504,23.101268,360路
蟹庄村,蟹庄村,蟹庄村,BV11333204,,蟹庄村,113.482826,23.374075,826路
蟹庄村口,蟹庄村口,蟹庄村口,BV10013854,,蟹庄村口,113.493152,23.375037,457路、650路、夜126路、夜131路
蟹庄村总站,蟹庄村总,蟹庄村总站,BV10013853,,蟹庄村总站,113.479990,23.373544,457路
心和村站,心和村,心和村站,BV11375037,,心和村,113.056930,23.416646,花68路
心岭村,心岭村,心岭村,BV11451060,,心岭村,113.644978,23.347816,增城54路
心谊路,心谊路,心谊路,BV10013703,,心谊路,113.251234,23.171614,268路、32路、475路、58A路、58路、63路、752路、807A路、夜105路
辛庄,辛庄,辛庄,BV10601259,,辛庄,113.274125,23.080039,夜16路
欣荣路口站,欣荣路口,欣荣路口站,BV10014940,,欣荣路口,113.388878,22.790650,南47路、南沙58路、南沙65路、番142路
新安,新安,新安,BV11627692,,新安,113.518585,23.526634,从808路
新安路,新安路,新安路站,BV11483395,,新安路,113.555863,23.207032,365路、394路
新安路(摇田河大街口),新安路(摇田河大街口),新安路(摇田河大街口),BV11488846,,新安路（摇田河大街口）,113.554158,23.199189,330路、341路、365路、394路、B31路、夜52路、夜60路、永和便民02线
新安路南,新安路南,新安路南,BV09070813,,新安路南,113.551653,23.192734,365路、506路、948路、夜52路
新湴路,新湴路,新湴路,BV11522303,,新湴路,113.460319,23.422584,738路
新湴路口,新湴路口,新湴路口,BV11522310,,新湴路口,113.463196,23.419064,738路
新材料C区,新材料C区,新材料C区,BV10796594,,新材料C区,113.175892,23.217370,里14路
新岑四路,新岑四路,新岑四路,BV09189956,,新岑四路,113.399770,23.167863,491路
新城广场,新城广场,新城广场站,BV11400674,,新城广场,113.580423,23.542904,从1路东线、从1路西线、从20路、从4路、从5路、从5路长线、从7路、从夜1路、从4路快线
新城路,新城路,新城路,BV09115206,,,113.297002,22.825720,307路/佛307路
新城派出所,新城派出所,新城派出所,BV10017865,,新城派出所,113.585408,23.546960,从3路、从3路夜班
新城市场,新城市场,新城市场,BV11451014,,新城市场,113.582231,23.185505,增城21路
新村,新村#1,新村站,BV10573526,,,112.952279,23.371366,655A线、655B路、655路
新村,新村#2,新村,BV11619414,,新村,113.290439,23.253932,926路
新村,新村#3,新村,BV11619416,,新村,113.977173,23.845630,从502路
新村,新村#4,新村,BV11619413,,新村,113.543530,23.393703,从809路
新村,新村#5,新村,BV09269063,,,113.521901,22.708660,南10路
新村,新村#6,新村,BV11619415,,新村,113.497160,22.912063,番149路
新村村委,新村村委,新村村委,BV11399877,,新村村委,113.440684,23.675685,从407路
新村党建公园,新村党建公园,新村党建公园,BV09397670,,,113.281237,23.255225,嘉禾5线
新村居委会,新村居委会,新村居委会,BV11600166,,新村居委会,113.291744,23.253487,嘉禾5线
新村路口,新村路口,新村路口,BV11578750,,新村路口,113.579967,23.551622,从1路东线、从1路西线、从3路、从3路夜班、从9路
新村一巷,新村一巷,新村一巷,BV10017609,,新村一巷,113.498039,23.336139,342路
新堤路中,新堤路中,新堤路中,BV11468513,,,113.121474,23.041883,桂23路
新队站,新队,新队站,BV10641076,,,113.329951,22.865341,南41路
新丰路(布岭村),新丰路(布岭村),新丰路(布岭村)站,BV09368639,,新丰路（布岭村）,113.548541,23.209254,330A路、341路、394路、455路、942路、夜52路、夜60路、永和便民01线
新丰路口站(永顺大道),新丰路口站(永顺大道),新丰路口2,BV09209215,2,新丰路口,113.544863,23.202181,327A路、330A路、330路、396路、446路、942路、夜60路、永和便民01线、永和便民02线
新丰路口站(永顺大道),新丰路口站(永顺大道),新丰路口1,BV09235566,1,,113.543282,23.202002,330路、446路、942路、永和便民02线
新丰路口站(永顺大道),新丰路口站(永顺大道),新丰路口站(永顺大道),BV09287310,2,新丰路口②,113.543282,23.202002,夜60路
新丰路口站(永顺大道),新丰路口站(永顺大道),新丰路口站,BV11688330,2,新丰路口②,113.542770,23.202401,396路、455路、夜60路
新丰路中(禾丰新村),新丰路中(禾丰新村),新丰路中(禾丰新村),BV11445252,,新丰路中（禾丰新村）,113.550547,23.213579,330A路、942路、夜52路
新丰路中(禾丰新村),新丰路中(禾丰新村),新丰路中,BV11630343,,新丰路中（禾丰新村）,113.550547,23.213579,341路、夜60路、永和便民01线
新福大道中,新福大道中,新福大道中站,BV09237616,,新福大道中,113.595960,23.293007,370路
新港东路东站,新港东路东,新港东路东站,BV09403108,,新港东路东,113.396406,23.095154,137路、262路、762路、夜66路
新港路口站,新港路口,新港路口站,BV10016466,,新港路口,113.548796,22.763668,南27路、南夜4路、南沙13路、南沙54路
新光快速,新光快速,新光快速,BV09303449,,新光快速（保利鸿悦花园）,113.344730,22.981744,番30路
新广场,新广场,新广场,BV10676452,,新广场,113.358886,22.936415,番1路、番20B路、番2路、番9路、番9路长线
新桂路,新桂路,新桂路,BV10017539,,新桂路,113.482517,23.161488,335路、940路、夜98路
新桂路南,新桂路南,新桂路南,BV10017538,,新桂路南,113.482123,23.157732,335路
新海村卫生站,新海村卫生,新海村卫生站,BV10016569,,新海村卫生站,113.509433,22.861991,南沙15路
新海村总站,新海村总,新海村总站,BV10024010,,,113.512266,22.865007,南沙15路
新好景,新好景,新好景,BV11688080,,新好景,113.596975,23.124823,214路、379路、571A路、571B路、增城23路、增城24路、增城25路、增城26路、增城28路、增城32路内环、增城32路外环、增城35路、增城45路、增夜4路、莞615路、增城26A路
新和,新和,新和,BV11388333,,新和,113.460645,23.415325,650路、714路、738路、从5路长线、从805路、夜116路
新和北路北,新和北路北,新和北路北,BV09245557,,新和北路北,113.628725,23.191220,增城40路
新和北路中,新和北路中,新和北路中,BV11484605,,新和北路中,113.626839,23.181474,增城21路、增城40路、增城46路
新和村,新和村#1,新和村,BV10017219,,新和村（三东）,113.253657,23.411704,花16路
新和村,新和村#2,新和村,BV10683654,,,113.247169,23.418579,花18路
新和地铁站,新和地铁,新和地铁站,BV11623812,,新和地铁站,113.460645,23.415325,从805路
新和南路,新和南路,新和南路,BV10024161,,新和南路,113.633322,23.164808,增城20路、增城44路、增城64路
新河路北,新河路北,新河路北,BV09175894,,新河路北,113.606388,23.161742,增城40路
新河浦路,新河浦路,新河浦路,BV10022598,,新河浦路,113.289474,23.121041,811路、813路
新鸿花园,新鸿花园,新鸿花园,BV10021647,,新鸿花园,113.311370,23.107144,11路、121A路、121路、204路、468路、93路、夜42路、夜66路、旅游公交2线、旅游观光1线
新鸿基市场站,新鸿基市场,新鸿基市场站,BV10017144,,新鸿基市场,113.503057,22.822352,南55路、南沙12路、南沙15路、南沙49路、南沙54路、南沙61路短线
新湖大厦,新湖大厦,新湖大厦,BV09005847,,新湖大厦,113.209991,23.379462,702路、713路、花10路、花17路联民村、花21路、花21路夜班
新华站,新华,新华站,BV11115230,,新华,113.616592,23.594484,从11路、从12路、从14路、从19路、从4路、从4路快线
新华工业区,新华工业区,新华工业区,BV09206741,1,新华工业区,113.168198,23.399719,花68路
新华工业区,新华工业区,新华工业区1,BV11547976,1,新华工业区①,113.167947,23.399875,花22路、花2路、花68路、花68路白坭班车、花68路短线、花80路、花都113路
新华工业区,新华工业区,新华工业区2,BV11554334,2,新华工业区,113.164694,23.399733,花21路、花21路夜班、花80路
新华街道办,新华街道办,新华街道办站,BV09001426,,新华街道办,113.208041,23.372538,706路、夜87路、花63路、花63路短线、花68路、花68路白坭班车、花68路短线、花73路、花75A路、花8路、703路
新华市场,新华市场,新华市场,BV09133871,,新华市场,113.203977,23.378973,706路、夜87路、花37路、花63路、花63路短线、花68路、花68路白坭班车、花68路短线、花6路、花73路、花8路、703路
新华影院,新华影院,新华影院,BV10435175,,新华影院,113.204242,23.375927,花8路
新华中学,新华中学,新华中学,BV09404941,,新华中学,113.213006,23.382229,夜92路、花1路、花6路、花76路、花84路
新惠路中,新惠路中,新惠路中,BV09370050,,新惠路中,113.599852,23.190884,455路
新基村总站,新基村总,新基村总站,BV10023399,,新基村总站,113.359807,23.029660,番71路
新滘东立交,新滘东立交,新滘东立交,BV09020456,,新滘东立交站,113.364571,23.089306,250路、264A路、264路、761路、762路、764路、801路、夜33路
新滘东路东,新滘东路东,新滘东路东站,BV10639694,,新滘东路东,113.361974,23.088577,250路、264A路、264路、761路、762路、764路、801路、夜33路、高峰快线74路
新滘东路中,新滘东路中,新滘东路中,BV11617211,,新滘东路中,113.342416,23.083190,14路、206路、250路、252路、264路、270路、37路、45路、761路、762路、764路、801路、夜33路、夜56路、夜6路、夜8路、高峰快线74路
新滘东路总站,新滘东路总,新滘东路总站,BV10407112,,,113.351537,23.085923,206路
新滘东路总站(龙潭村),新滘东路总站(龙潭村),新滘东路总站(龙潭村),BV10388638,,,113.331663,23.080833,夜6路
新滘东隧道口,新滘东隧道口,新滘东隧道口,BV10022462,,新滘东隧道口,113.368149,23.092149,762路、764路
新滘西路(瑞宝村),新滘西路(瑞宝村),新滘西路(瑞宝村),BV11011359,,新滘西路（瑞宝村）,113.293544,23.080574,583路、761路
新滘西路口,新滘西路口,新滘西路口站,BV09243519,2,新滘西路口②,113.275947,23.072648,230路、288路、303路、309路、546路、551路、59路、75路、761路、9路、夜24路、夜55路
新滘西路口,新滘西路口,新滘西路口2,BV09360317,2,新滘西路口②,113.275947,23.072648,180路、221路、288路、303路、309路、546路、59路、761路、夜24路、夜55路
新滘西路西,新滘西路西,新滘西路西,BV09242688,,新滘西路西,113.277711,23.075627,469路、583路、761路、786路
新滘中路(地铁龙潭站),新滘中路(地铁龙潭站),新滘中路(地铁龙潭站),BV09344181,,新滘中路（地铁龙潭站）,113.336681,23.082011,764路
新滘中路(地铁龙潭站),新滘中路(地铁龙潭站),新滘中路,BV11603078,,新滘中路（地铁龙潭站）,113.336681,23.082011,14路、250路、252路、264路、270路、45路、761路、762路、801路、夜33路、夜56路、夜6路、夜8路、高峰快线74路
新滘中路(龙潭),新滘中路(龙潭),新滘中路(龙潭),BV10405651,,,113.336581,23.081835,801路
新街小学,新街小学,新街小学,BV11477883,,新街小学,113.193749,23.374109,705路、花18路、花31路、花37路、703路
新境,新境,新境,BV10325974,,新境,112.981623,23.077743,佛250路
新聚福,新聚福,新聚福,BV11688089,,新聚福,113.610800,23.124220,379路、571A路、571B路、增城28路、增城36路、增城39路、增城75路、增城9路、莞615路
新开埔顶,新开埔顶,新开埔顶,BV11370949,,新开埔顶,113.560196,23.560122,从10路
新开花谷,新开花谷,新开花谷,BV11452846,,新开花谷,113.547817,23.567521,从10路、从3路、从903路、从9路
新康花园,新康花园,新康花园,BV11248517,,新康花园,113.583173,23.116004,571路、增城22路、增城22路/增22路、增城25路、增城29路、增城37路、增城39路、增城45路
新康花园北门,新康花园北门,新康花园北门站,BV11133521,,新康花园北门,113.582905,23.124756,214路、571B路、增城28路
新科,新科,新科站,BV11690765,,新科,113.283958,23.259136,509路、739路、756路、807路、837路、840路、夜84路、夜94路
新科工业区,新科工业区,新科工业区站,BV11098353,,新科工业区,113.282631,23.250950,509路、510路、528路、711路、739路、753路、756路、804路、926路、夜84路
新科上村,新科上村,新科上村,BV10014473,,新科上村,113.294361,23.252288,926路
新垦站,新垦,新垦站,BV10015875,,新垦,113.599683,22.648646,南25路、南沙16路、南沙G1路
新垦总站,新垦总,新垦总站,BV09302150,,新垦,113.599817,22.648954,南21路、南沙旅游1路
新老屋,新老屋,新老屋,BV11555488,,新老屋,113.641238,23.329992,增城52路
新乐路,新乐路,新乐路,BV10017360,,新乐路,113.463145,23.162148,321路、944路
新乐路口,新乐路口,新乐路口,BV11619526,,新乐路口,113.466593,23.164685,321路、324路、944路
新丽路,新丽路,新丽路,BV10018584,,新丽路,113.183370,23.073046,838路
新联,新联,新联,BV11139996,,新联,113.980943,23.788012,从503路、从913路
新联村,新联村#1,新联村站,BV09069508,,新联村,113.257319,23.305524,652路、843路、夜129路
新联村,新联村#2,新联村,BV11589192,,新联村,113.789535,23.308693,增城3路、增城47路
新联村东,新联村东,新联村东站,BV11589188,,新联村东,113.259849,23.310145,652路、843路、夜129路
新联村委,新联村委,新联村委,BV11451063,,新联村委,113.799337,23.307133,增城77路、增城80路
新联村西,新联村西,新联村西站,BV11589195,,新联村西,113.256626,23.303504,652路、843路、夜129路
新联五路(云生四路口)临时站,新联五路(云生四路口)临时,新联五路(云生四路口)临时站,BV09349313,,,113.439673,22.748800,南46路
新联五路(中船大道路口)临时站,新联五路(中船大道路口)临时,新联五路(中船大道路口)临时站,BV09410323,,,113.432353,22.748775,南46路
新联五路中站,新联五路中,新联五路中站,BV09410319,,,113.435347,22.748795,南46路
新联新村站,新联新村,新联新村站,BV10024082,,,113.376429,22.792920,南46路、南59路
新凌路(凌边村),新凌路(凌边村),新凌路(凌边村),BV09278676,,新凌路（凌边村）,113.428722,22.979933,番83路
新龙大桥东站,新龙大桥东,新龙大桥东站,BV10405407,,,113.665096,22.639605,南21路
新龙特大桥临时站,新龙特大桥临时,新龙特大桥临时站,BV09302149,,,113.632185,22.632152,南21路
新隆牌坊,新隆牌坊,新隆牌坊,BV10252035,,新隆牌坊,113.086773,22.935616,佛236路、佛K330路/K330路快线
新楼村,新楼村,新楼村,BV11690337,,新楼村,113.238364,23.328101,474路、712路、750路
新苗学校,新苗学校,新苗学校,BV10961578,,,113.189257,23.078900,海龙便民巴士
新民九队,新民九队,新民九队,BV10023905,,新民九队,113.203926,23.466070,花83路
新明村,新明村,新明村,BV10020886,,新明村,113.587380,23.525021,从301路、从5路、从5路长线、从904路、从夜1路
新南村,新南村,新南村,BV10017623,,新南村,113.489431,23.380459,650路、826路、夜126路、夜131路
新南村楼下社,新南村楼下社,新南村楼下社,BV11576162,,新南村楼下社,113.712163,23.570433,从701路
新南海医院,新南海医院,新南海医院,BV11650106,,新南海医院（南海信息技术学校）,112.996505,23.085084,佛250路
新南海医院南门,新南海医院南门,新南海医院南门,BV11650105,,新南海医院南门,112.993544,23.084578,佛250路
新浦路口,新浦路口,新浦路口,BV10019643,,,113.293302,23.048103,公交地铁接驳专线4路
新浦南路,新浦南路,新浦南路,BV10019640,,,113.288974,23.035388,公交地铁接驳专线4路、公交地铁接驳专线5路
新桥村,新桥村#1,新桥村,BV11377449,,,113.697329,23.374403,增城41路
新桥村,新桥村#2,新桥村,BV10023354,,新桥村,113.410309,22.952197,番3路、番92路/番92路、番93路、番93路短线
新桥东,新桥东,新桥东,BV10023355,,新桥东,113.414739,22.954371,番3路、番92路/番92路、番93路、番93路短线
新桥头,新桥头,新桥头,BV11406986,,新桥头,113.054559,23.397809,花39路短线、花68路、花68路白坭班车、花81路
新桥小学,新桥小学,新桥小学,BV11647331,,新桥小学,113.802146,23.346238,增城79路
新群,新群,新群,BV10775405,,新群,113.796369,23.756991,从12路
新三路口,新三路口,新三路口,BV11352947,,新三路口,113.424999,23.558896,从406路
新三涌,新三涌,新三涌,BV10434959,,,113.638804,23.037745,莞609路
新沙村站(东),新沙村站(东),新沙村站(东),BV09012297,,,113.442827,22.812630,南沙40路短线
新沙大道北,新沙大道北,新沙大道北,BV09293652,,,113.648398,23.149750,增城20路
新沙地铁站,新沙地铁,新沙地铁站,BV10976124,,新沙地铁站,113.643951,23.139547,增城20路、增城22路、增城22路/增22路、莞609路
新沙港务公司,新沙港务公司,新沙港务公司,BV10266918,,,113.537937,23.015756,莞618路
新沙公园,新沙公园,新沙公园,BV10855495,,,113.548025,23.013070,莞618路
新沙路口,新沙路口#1,新沙路口,BV10020906,,新沙路口,113.636158,23.124839,增城27路、莞609路
新沙路口,新沙路口#2,新沙路口,BV10266846,,,113.531063,23.022142,莞618路
新沙市场站(北),新沙市场站(北),新沙市场站(北),BV09012299,,,113.430865,22.819273,南沙40路短线
新沙市场站(北),新沙市场站(北),新沙市场站,BV10382278,,,113.431046,22.819148,南沙40路短线
新山吓村,新山吓村,新山吓村,BV11463927,,新山吓村,113.866773,23.173764,增城88路
新社,新社,新社,BV11371462,,,113.063781,23.168764,佛278路
新胜南街,新胜南街,新胜南街,BV11385185,,新胜南街,113.350124,23.365657,733路
新石村,新石村,新石村,BV10655508,,新石村,113.862807,23.387616,增城17路、增城63路
新石一环路口,新石一环路口,新石一环路口,BV09032502,,新石一环路口,113.272226,23.256308,796路
新世纪广场,新世纪广场#1,新世纪广场,BV11689059,,新世纪广场,113.583355,23.550961,从16路、从18路、从20路、从4路、从5路、从5路长线、从6路、从6路支线、从7路、从8路、从901路、从902路、从夜1路、从4路快线
新世纪广场,新世纪广场#2,新世纪广场,BV11689060,,新世纪广场,113.204741,23.380980,夜92路、花106路、花10路、花17路联民村、花21路、花21路夜班、花7路、花84路、花8路
新世纪广场东,新世纪广场东,新世纪广场东站,BV09410386,,新世纪广场东,113.208187,23.383195,702路、712路、713路、花75A路、花7路、花8路
新世纪豪园西,新世纪豪园西,新世纪豪园西,BV10262528,,,113.758210,23.012351,莞86路
新世纪花园,新世纪花园,新世纪花园,BV10023258,,新世纪花园,113.357805,22.925092,番130路、番19路、番29路、番30路
新世界大厦,新世界大厦,新世界大厦,BV10019845,,新世界大厦,113.357400,22.942683,番100路、番15路、番165路、番22B路、番23路、番3路、番4路、番68路、番6路
新世界大厦A,新世界大厦A,新世界大厦A,BV11151535,,新世界大厦A,113.357339,22.942863,番15路、番22B路、番3路、番68路、番6路
新世界大厦B,新世界大厦B,新世界大厦B,BV10408191,,新世界大厦B,113.356982,22.942893,番100路、番4路
新市,新市,新市,BV10014190,,新市（地铁云霄路站）,113.255219,23.188046,175路、244路、251路、254路、268路、280路、298路、32路、522路、523A路、58A路、58路、757路、807A路、807路、810路、886路、980路环线、夜107路、夜22路、夜35路、夜75路、夜95路、高速专线2路、980路
新市南街,新市南街,新市南街,BV11377520,,新市南街,113.259158,23.193260,421路
新市头路,新市头路,新市头路,BV10022187,,新市头路,113.315689,23.102025,468路
新市头路南,新市头路南,新市头路南,BV10022188,,新市头路南,113.314572,23.099849,468路
新市新街口,新市新街口,新市新街口,BV10022099,,新市新街口,113.255796,23.193857,421路
新市新街西,新市新街西,新市新街西,BV10022102,,新市新街西,113.251950,23.193631,421路
新市新街中,新市新街中,新市新街中,BV10022101,,新市新街中,113.253122,23.193763,421路
新市墟,新市墟,新市墟3,BV09161217,3,新市墟④,113.256606,23.194930,176路、21路、244路、254路、268路、274路、280路、32路、519路、528路、555路、556路、夜105路、夜107路、夜12路、夜22路、夜26路、夜35路、夜76路、夜87路、高速专线2路、929路、108路
新市墟,新市墟,新市墟2,BV09226067,2,新市墟①,113.257004,23.195114,278路、421路、522路、523A路、523路、540路、555路、58A路、58路、803路、807A路、807路、832路、886路、夜105路、夜107路、夜12路、夜22路、夜26路、夜35路、夜75路、夜76路、夜87路、夜94路、夜95路、929路
新市墟,新市墟,新市墟1,BV09226083,1,新市墟①,113.256016,23.192479,244A路、244路、251路、254路、268路、278路、280路、298路、522路、538路、58A路、58路、807A路、807路、810路、980路环线、夜75路、夜94路、980路、108路
新市墟,新市墟,新市墟4,BV09404762,4,新市墟②,113.256343,23.194383,251路、274路、298路、510路、528路、540路
新市墟,新市墟,新市墟,BV11687839,3,新市墟③,113.256343,23.194383,32路、803路、980路环线、空港快线2号线、高速专线2路
新市墟5,新市墟5,新市墟5,BV09226085,5,新市墟②,113.256205,23.194071,
新市墟站2,新市墟站2,新市墟站2,BV09392281,2,新市墟①,113.257055,23.195948,
新市云霄楼,新市云霄楼,新市云霄楼,BV10022281,,新市云霄楼,113.267685,23.196498,555路、651路
新水坑,新水坑,新水坑,BV10019958,,新水坑,113.382691,22.978810,番51路
新水坑村生态园,新水坑村生态园,新水坑村生态园,BV10023325,,,113.389508,22.974836,番27路
新水坑牌坊,新水坑牌坊,新水坑牌坊,BV10023323,,新水坑牌坊,113.384097,22.977958,番27路、番4路、番79路、番89路
新水坑文化中心,新水坑文化中心,新水坑文化中心,BV10023324,,新水坑文化中心站,113.387302,22.977513,番27路
新水坑总站,新水坑总,新水坑总站,BV11457591,,新水坑总站,113.384492,22.975554,番4路、番79路、番89路
新顺路北,新顺路北,新顺路北,BV10449603,,新顺路北,113.291802,23.234448,667路、671路、798路、夜62路
新顺路南,新顺路南,新顺路南,BV10449605,,新顺路南,113.291394,23.231565,667路、798路、夜62路
新太村,新太村,新太村,BV10017063,,新太村,113.079901,23.327010,乐平01B路、花5B路
新谭路口,新谭路口,新谭路口,BV10019972,,新谭路口,113.422601,23.030573,番61路、番62路、番66路、番77路
新塘,新塘#1,新塘,BV11152722,,新塘,113.606119,23.518989,从302路
新塘,新塘#2,新塘,BV09221019,,新塘,113.779933,23.679714,从606路
新塘白江地铁站,新塘白江地铁,新塘白江地铁站,BV11454831,,新塘白江地铁站,113.591508,23.125130,莞615路、莞75路、莞G7路
新塘大道,新塘大道,新塘大道,BV11143656,,新塘大道,113.555995,23.112446,571路、增城29路、增城45路
新塘地铁站,新塘地铁,新塘地铁站,BV10975770,,新塘地铁站,113.600451,23.134519,增城30路、增城34路、增城34路快线、增城38路、增城9路
新塘动车所,新塘动车所,新塘动车所,BV09348757,,新塘动车所,113.686982,23.169264,增城37路
新塘二中,新塘二中,新塘二中,BV10016079,,新塘二中,113.639054,23.153524,增城21路、增城37路
新塘公园,新塘公园,新塘公园,BV11119338,,新塘公园,113.613218,23.118993,571路、增城22路、增城22路/增22路、增城23路、增城25路、增城26路、增城27路、增城37路、增城38路、增城46路、增城9路
新塘供电所,新塘供电所,新塘供电所,BV11689661,,新塘供电所,113.608536,23.133075,增城28路、增城29路、增城30路、增城32路内环、增城32路外环、增城36路、增城38路、增城39路、增城46路
新塘广场,新塘广场,新塘广场,BV10015413,,新塘广场,113.607936,23.119371,571路、增城22路、增城22路/增22路、增城23路、增城25路、增城26路、增城37路、增城38路、增城9路
新塘海关,新塘海关,新塘海关,BV11375097,,新塘海关,113.598564,23.108619,增城9路
新塘南站,新塘南,新塘南站,BV09236554,,新塘南站,113.599376,23.133484,增城24路、增城36路、增城45路、增夜4路
新塘牛仔城A站,新塘牛仔城,新塘牛仔城A站,BV09064722,,,113.627550,23.123670,莞615路
新塘牛仔城(A),新塘牛仔城(A),新塘牛仔城(A),BV11504203,,新塘牛仔城（A）,113.627579,23.123669,增城22路、增城26路、增城27路、增城75路
新塘牛仔城(A),新塘牛仔城(A),新塘牛仔城,BV11689290,,新塘牛仔城,113.628393,23.123882,增城22路/增22路、增城26路、增城27路、增城75路、莞615路
新塘汽车客运站,新塘汽车客运,新塘汽车客运站,BV10014147,,新塘汽车客运总站,113.625699,23.155635,增城21路、增城28路、增城29路、增城34路、增城34路快线、增城36路、增城39路、增城64路、增城9A路/9A路快线、增城9路
新塘汽车客运站总站,新塘汽车客运站总,新塘汽车客运站总站,BV10885295,,,113.625435,23.154609,增城20路
新塘汽车客运总站,新塘汽车客运总,新塘汽车客运总站,BV11622608,,新塘汽车客运总站,113.625425,23.154642,增城20路、增城28路、增城32路内环、增城32路外环
新塘三中,新塘三中,新塘三中站,BV09393816,,新塘三中,113.576357,23.113526,571路、增城22路、增城22路/增22路、增城25路、增城29路、增城37路、增城39路、增城45路
新塘商会,新塘商会,新塘商会,BV11118935,,新塘商会,113.612085,23.131150,增城28路
新塘盛世名门总站,新塘盛世名门总,新塘盛世名门总站,BV10741251,,新塘盛世名门总站,113.595156,23.126285,372路
新塘太阳城,新塘太阳城,新塘太阳城,BV10409985,,新塘太阳城,113.604770,23.124439,莞75路、莞G7路
新塘万达广场,新塘万达广场,新塘万达广场,BV11118953,,新塘万达广场,113.612583,23.156369,增城30路、增城31路、增城38路、增城40路、增城43路、增城44路、增城45路、增城64路、新塘万达1路
新塘站东,新塘站东,新塘站东,BV09236547,,新塘站东,113.605001,23.135749,增城24路、增城40路、增城44路、增城45路、增城75路、增城9A路/9A路快线
新塘站公交总站,新塘站公交总,新塘站公交总站,BV09190591,,新塘站公交总站,113.597881,23.136161,增城24路、增城27路、增城36路、增城40路、增城44路、增城75路、增城9A路/9A路快线、增夜4路、莞75路、莞G7路
新塘镇政府,新塘镇政府,新塘镇政府,BV10015416,,新塘镇政府,113.615998,23.121693,增城22路、增城22路/增22路、增城26路、增城37路、增城9路、增城9路快线
新塘中学,新塘中学,新塘中学,BV09236553,,新塘中学,113.598821,23.130422,增城24路、增城36路、增城45路、增夜4路
新塘总站,新塘总#1,新塘总站,BV10016922,,,113.605009,23.119419,214路
新塘总站,新塘总#2,新塘总站,BV10014115,,新塘（四望岗公园）总站,113.623696,23.125021,379路、571A路、571B路
新塘总站,新塘总#3,新塘总站,BV11581141,,新塘（保利东江首府）总站,113.625702,23.114341,571路
新天地广场,新天地广场,新天地广场,BV10252216,,新天地广场,113.152447,23.200924,佛244路、佛里07路、广231路、里07路、里07路高峰线
新田村,新田村#1,新田村,BV10018157,,新田村,113.577622,23.311243,441路
新田村,新田村#2,新田村,BV10471814,,新田村,113.201836,23.473904,花23路、花86路、花88路、花88路短线
新田村口,新田村口,新田村口,BV10018152,,新田村口,113.573087,23.293120,441路
新田村委,新田村委,新田村委,BV11224109,,新田村委,113.681236,23.559902,从906路
新田居委会,新田居委会,新田居委会,BV10018156,,新田居委会,113.575275,23.305934,441路
新田市场,新田市场,新田市场,BV09307914,,,113.195564,23.472363,花88路短线
新填地,新填地,新填地,BV09136602,,新填地,113.231817,23.028364,佛211路
新厅街,新厅街,新厅街,BV10019446,,新厅街,113.296126,23.230891,66路、671路、803路、743路
新同安桥,新同安桥,新同安桥,BV10015942,,新同安桥,113.575069,22.615610,南沙16路、南沙9路团结围线、南沙9路缸瓦沙线
新同丰小学路口,新同丰小学路口,新同丰小学路口站,BV10326926,,,113.540470,22.676131,南30路、南沙9路团结围线、南沙9路缸瓦沙线
新围,新围,新围,BV10018739,,新围,113.480768,23.657375,从18路、从901路、从902路
新围八队总站,新围八队总,新围八队总站,BV10388406,,,113.402491,22.766705,南47路
新围村,新围村#1,新围村站,BV10015189,,,113.392098,22.772675,南47路
新围村,新围村#2,新围村,BV09386599,,新围村,113.834446,23.263608,增城18路、增城1路、增城7路
新围村,新围村#3,新围村,BV11165105,,,113.738200,23.434838,增城73路
新围村路口,新围村路口,新围村路口,BV10522241,,新围村路口,113.574123,23.280686,441路、442路、443路、444路、458路、534路
新围村委,新围村委,新围村委,BV11119653,,新围村委,113.654618,23.437071,增城51路、增城73路
新围中心公园,新围中心公园,新围中心公园,BV10388411,,,113.397356,22.769412,南47路
新翁祐中学,新翁祐中学,新翁祐中学,BV10255147,,,113.262308,22.876265,佛314路
新屋,新屋#1,新屋,BV10022146,,新屋,113.578464,23.272201,444路
新屋,新屋#2,新屋,BV11152744,,新屋,113.641206,23.698496,从607路
新屋村,新屋村,新屋村,BV11409763,,,113.943494,23.404104,增城72B路
新屋社站,新屋社,新屋社站,BV11491309,,新屋社,113.368234,23.600179,从403路
新屋吓村,新屋吓村,新屋吓村,BV11303330,,新屋吓村,113.743395,23.393844,增城19路、增城41路、增城69路
新新大道中,新新大道中,新新大道中,BV10017830,,新新大道中,113.585651,23.180363,446路
新星,新星,新星,BV09005946,,新星,113.120340,23.215977,佛244路、佛252路
新星村,新星村,新星村,BV09236192,,,113.566460,23.602400,从6路支线
新兴村站,新兴村,新兴村站,BV10016666,,,113.457845,22.740490,南17路
新兴村委总站,新兴村委总,新兴村委总站,BV11324534,,新兴村委总站,113.475713,22.738018,40路/南40路、南10路、南55路、南沙12路、南沙G4路
新兴村卫生站,新兴村卫生,新兴村卫生站,BV09358615,,,113.467539,22.745036,南沙10路短线
新兴路,新兴路,新兴路,BV11393828,,,113.509040,23.449545,从801路
新兴路口,新兴路口,新兴路口,BV10545420,,,113.151441,23.204719,佛里07B路、里07路短线/佛里07路里广快线
新雅街道办,新雅街道办,新雅街道办站,BV11345929,,新雅街道办,113.213269,23.361861,706路、夜87路、花63路、花63路短线、花68路、花68路白坭班车、花68路短线、花73路、花75A路、花75路、花76路、花8路、花都111路、703路
新扬村,新扬村,新扬村,BV10462381,,新扬村,113.201631,23.473960,花23路、花86路、花88路、花88路短线
新扬市场,新扬市场,新扬市场,BV10481258,,新扬市场,113.192432,23.472432,花23路、花86路、花88路、花88路短线
新扬四队,新扬四队,新扬四队,BV10023906,,,113.208031,23.470453,花83路
新阳西路口,新阳西路口,新阳西路口,BV11690382,,新阳西路口,113.469017,23.174037,391路、506路
新耀北路南,新耀北路南,新耀北路南,BV09175893,,新耀北路南,113.614024,23.170562,增城40路
新耀北路中,新耀北路中,新耀北路中,BV09348349,,新耀北路中,113.614672,23.185006,373路
新业路,新业路,新业路,BV10014491,,新业路,113.563682,23.200539,516路、948路
新业路(摇田河大街),新业路(摇田河大街),新业路(摇田河大街),BV10486971,,新业路（摇田河大街）,113.562769,23.197688,379路、516路、948路
新业路北(斗塘路口),新业路北(斗塘路口),新业路北(斗塘路口),BV10014482,,新业路北（斗塘路口）,113.562246,23.207381,948路
新业路中,新业路中,新业路中,BV09319544,,新业路中（娃哈哈）,113.563526,23.203056,516路、948路
新业路中,新业路中,新业路中,BV10014484,,,113.280262,23.067668,
新涌村委站,新涌村委,新涌村委站,BV10641080,,,113.321695,22.835749,南43路
新鱼桥头,新鱼桥头,新鱼桥头,BV11365764,,新鱼桥头,113.317884,23.057691,960路、997路、夜128路
新隅路口,新隅路口,新隅路口,BV11359300,,新隅路口,113.504070,23.579806,从402路、从9路
新誉北路口,新誉北路口,新誉北路口,BV09246903,,新誉北路口,113.648449,23.198019,增城40路
新誉横路口,新誉横路口,新誉横路口,BV09356205,,新誉横路口,113.640773,23.195864,增城40路
新园路,新园路,新园路,BV10015194,,新园路,113.294718,23.036760,125路、公交地铁接驳专线5路、夜28路
新约,新约,新约,BV10251695,,新约,113.134314,23.061527,佛276路/佛276
新月明珠花园,新月明珠花园,新月明珠花园,BV10020323,,新月明珠花园,113.312723,23.017610,310路、公交地铁接驳专线8路、番145路、番185路
新造二师附小,新造二师附小,新造二师附小,BV10019971,,新造二师附小,113.419519,23.033914,番61路、番62路、番66路、番77路
新造公园,新造公园,新造公园,BV10019970,,新造公园,113.414491,23.038217,番51路、番53路、番60路、番61路、番62路、番66路、番77路、番禺85路
新造路,新造路,新造路,BV09289090,,,113.417091,23.045559,番禺85路
新造医院,新造医院,新造医院,BV10019969,,新造医院,113.410595,23.036765,番51路、番53路、番60路、番61路、番62路、番66路、番77路、番禺85路
新造职中,新造职中,新造职中,BV10020042,,新造职中,113.425940,23.047601,番51路、番53路、番60路
新镇地,新镇地,新镇地,BV09367666,,,113.234630,23.028464,佛211路
新镇庄,新镇庄,新镇庄站,BV10014238,,新镇庄,113.235122,23.298719,654路、706路、706路早间短线、722路
新中心区南,新中心区南,新中心区南,BV10673372,,,113.579182,23.025959,莞86路
新中医院,新中医院#1,新中医院,BV10464006,,,112.884095,23.163896,655A线、655B路、655路
新中医院,新中医院#2,新中医院,BV11119400,,新中医院,113.815161,23.282278,增城16路、增城18路、增城1路、增城2路、增城6路、增城77路、增城78路、增城81路、增城7路
新洲村委,新洲村委,新洲村委,BV11393751,,,113.284921,22.918762,番68路
新洲大道,新洲大道,新洲大道,BV10387213,,新洲大道,113.285662,22.913216,番68路
新洲科技园,新洲科技园,新洲科技园,BV11541222,,新洲科技园,113.398954,23.093928,137路、262路、762路、夜66路
新洲码头总站,新洲码头总,新洲码头总站,BV10946889,,新洲码头总站,113.402946,23.088194,137路、262路、夜66路
新洲前,新洲前,新洲前,BV10021303,,新洲前,113.401573,23.090365,137路、262路、夜66路
新庄村,新庄村#1,新庄村,BV11346061,,新庄村,113.572086,23.573633,从18路、从6路、从6路支线、从901路、从902路
新庄村,新庄村#2,新庄村,BV09303743,,新庄村,113.224403,23.481490,花63路、花83B路
新庄村委,新庄村委,新庄村委站,BV10014485,,新庄村委,113.553206,23.196736,341路、365路、394路、446路、948路
新庄二路,新庄二路,新庄二路站,BV09368638,,新庄二路,113.556646,23.194941,341路、371路、394路、446路、506路、566路、571A路、B31路、夜49路、夜52路
新庄二路(新安路口),新庄二路(新安路口),新庄二路(新安路口)站,BV09003168,,新庄二路（新安路口）,113.553185,23.195698,371路、394路、506路、566路、571A路、夜49路、夜52路
新庄二路站(新安路口),新庄二路站(新安路口),新庄二路站(新安路口),BV11102413,,新庄二路（新安路口）,113.553126,23.195708,571A路
新庄路口,新庄路口,新庄路口,BV11352943,,新庄路口,113.480926,23.484503,从806路
鑫隆世家,鑫隆世家,鑫隆世家,BV10424940,,鑫隆世家,113.483180,22.963953,番132路旅游专线、番162B路、番93路、番夜3路
鑫诺家具,鑫诺家具,鑫诺家具,BV10998032,,,112.914225,23.443273,655B路、花81路
信达珺悦蓝庭,信达珺悦蓝庭,信达珺悦蓝庭,BV09241595,,信达珺悦蓝庭,113.106384,23.338669,花5B路
信合大厦,信合大厦,信合大厦,BV10420433,,,113.203283,22.919858,佛349路
信和广场(昌岗中路),信和广场(昌岗中路),信和广场(昌岗中路)2,BV09226101,2,信和广场（昌岗中路）②,113.267586,23.090184,186路、206路、226路、244A路、244路、250路、299路、530路、69路、70路、780路、812路、813路、夜22路、夜29路、夜42路、夜44路
信和广场(昌岗中路),信和广场(昌岗中路),信和广场(昌岗中路),BV10014647,1,信和广场（昌岗中路）①,113.269719,23.091951,206路、221路、222路、226路、244A路、244路、25路、299路、44路、530路、69路、70路、780路、812路、813路、夜103路、夜42路、夜44路、夜45路、夜93路、广565路
信华路口,信华路口,信华路口,BV10021522,,信华路口,113.476998,23.096139,434路、广369路
信息职业学校,信息职业学校,信息职业学校,BV09323256,,信息职业学校（东行）,113.687150,23.297196,增城2路、增城71路、科教城1路
星岛环北路(螺旋二路路口),星岛环北路(螺旋二路路口),星岛环北路(螺旋二路路口),BV10456433,,星岛环北路（螺旋二路路口）,113.362090,23.065055,353路、夜125路
星岛环南路(星汉二路路口),星岛环南路(星汉二路路口),星岛环南路(星汉二路路口),BV10573518,,星岛环南路（星汉二路路口）,113.364906,23.060006,353路
星岛环南路北,星岛环南路北,星岛环南路北,BV10456441,,星岛环南路北,113.377312,23.071721,353路
星光汇摩登百货,星光汇摩登百货,星光汇摩登百货,BV11688124,,,113.198338,23.389509,712路、713路、夜92路、花10路、花62路、花63路、花63路短线、花68路、花68路白坭班车、花68路短线、花80路、花81路
星海大道绿村路口站,星海大道绿村路口,星海大道绿村路口站,BV11414769,,,113.343501,22.856855,南60路
星海大道万安6队站,星海大道万安6队,星海大道万安6队站,BV11414766,,,113.343600,22.872066,南60路
星海大道万安工业区站,星海大道万安工业区,星海大道万安工业区站,BV10754909,,,113.346680,22.881979,南60路
星海大道子沙路口站,星海大道子沙路口,星海大道子沙路口站,BV11414768,,,113.345577,22.847855,南60路
星海公园,星海公园,星海公园站,BV10014904,2,星海公园,113.364235,22.942687,301路、南68路快线、南沙65路、南沙68路、南沙70路、番100路、番11路、番12路旅游专线、番13路、番141路、番142路、番143路、番146路、番148路、番150B路、番150路、番165路、番22B路、番2路、番3路、番4B路、番51路、番5路、番5路长线、番68路、番91路、番92路/番92路、番97路、番99路
星海公园,星海公园,星海公园分站,BV11132547,,星海公园分站,113.364923,22.942433,番10路、番160路、番4路、番6路、番8路
星海广场,星海广场,星海广场,BV09410335,,星海广场,113.337845,22.839589,南44路、南60路、南68路快线、南沙68路
星海青少宫,星海青少宫,星海青少宫,BV10023244,,星海青少宫,113.359457,22.966325,番12路旅游专线、番150路、番160路
星海青少年宫,星海青少年宫,星海青少年宫,BV11557586,,星海青少年宫,113.359473,22.966463,番150路
星海小学,星海小学,星海小学,BV09211336,,星海小学,113.333297,22.840155,南41路、南45路、南68路快线、南沙33路、南沙68路
星海学院,星海学院,星海学院,BV10016019,,星海学院,113.376202,23.057014,383路、801路、B25路、夜48路、夜50路、大学城专线2路、大学城专线4路、大学城环线1路、大学城环线2路、番201路
星海音乐厅,星海音乐厅,星海音乐厅,BV11312279,,星海音乐厅,113.298081,23.113447,131A路、131B路、194路、781路、89路、B21路
星海中学(光明北路),星海中学(光明北路),星海中学(光明北路),BV11459792,,星海中学（光明北路）,113.356547,22.954506,番12路旅游专线、番150路、番15路、番160路、番165路、番20B路、番2路、番30路、番5路、番5路长线
星海中学(捷进中路),星海中学(捷进中路),星海中学(捷进中路),BV10019941,,星海中学（捷进中路）,113.359264,22.953712,番21B路、番27路、番4B路
星汉大道站,星汉大道,星汉大道站,BV10573517,,星汉大道,113.367656,23.063491,353路
星汉大道北,星汉大道北,星汉大道北,BV10715859,,星汉大道北,113.367660,23.067859,353路、夜125路
星河东悦湾北门,星河东悦湾北门,星河东悦湾北门站,BV09117350,,星河东悦湾北门,113.526545,22.815516,南53路、南沙31路支线、南沙8路
星河盛世站,星河盛世,星河盛世站,BV11486246,,星河盛世,113.541176,22.807513,南沙20路、南沙31路A线、南沙31路B线
星河湾,星河湾,星河湾,BV10023122,,,113.325306,23.027211,129路、788路、公交地铁接驳专线5路、夜109路、番146路、番17路长线
星河湾北门,星河湾北门,星河湾北门,BV10018066,,星河湾北门,113.326124,23.031701,公交地铁接驳专线7路、番188路、番190路
星河湾酒店,星河湾酒店,星河湾酒店,BV10840953,,星河湾酒店,113.331503,23.028675,番163B路、番190路
星河湾六期,星河湾六期,星河湾六期,BV10486965,,星河湾六期,113.339682,23.030140,公交地铁接驳专线7路、番188路、高峰快线42路
星河湾四期,星河湾四期,星河湾四期站,BV11131944,,星河湾四期,113.335714,23.030423,公交地铁接驳专线7路、番188路、高峰快线42路
星河COCOPark,星河COCOPark,星河COCOPark,BV09410321,,星河COCOPark（蕉门地铁）,113.523814,22.805737,南61路、南沙49路、南沙54路、南沙W1A路、番141路、番143路
星汇金沙二期,星汇金沙二期,星汇金沙二期,BV11358286,,,113.188717,23.158598,790路
星汇金沙二期总站,星汇金沙二期总,星汇金沙二期总站,BV10654281,,,113.189469,23.159458,790路
星汇园,星汇园,星汇园,BV10021344,,星汇园,113.312158,23.126778,195路、62路、B22路、夜43路、107路
星汇云城,星汇云城,星汇云城,BV11294318,,星汇云城,113.331442,23.209574,747路
星汇云城总站,星汇云城总,星汇云城总站,BV11454297,,星汇云城总站,113.331506,23.209526,791路
星荟(B),星荟(B),星荟站,BV11222413,,星荟,113.576507,23.160763,516路、增城43路
星荟(B),星荟(B),星荟(B),BV11430445,,星荟,113.576003,23.160756,增城43路
星尚名玥花园总站,星尚名玥花园总,星尚名玥花园总站,BV11391199,,星尚名玥花园总站,113.392521,22.950618,番28路
星域动漫科技城,星域动漫科技城,星域动漫科技城,BV10020030,,星域动漫科技城,113.375423,22.971778,番27路、番89路
星誉花园,星誉花园,星誉花园,BV10407066,,星誉花园,113.354761,22.965293,番12路旅游专线、番150路、番160路、番165路、番20B路、番30路
星悦路(车陂南隧道口),星悦路(车陂南隧道口),星悦路(车陂南隧道口),BV09116692,,星悦路（车陂南隧道口）,113.379802,23.101368,28路、495路、564路、774路、夜100路
星之光电器城,星之光电器城,星之光电器城,BV10013937,,星之光电器城,113.280478,23.119151,211路、221路、35路、546路、864路、夜4路、101路、104路
星智少儿成长服务中心,星智少儿成长服务中心,星智少儿成长服务中心,BV11117226,,星智少儿成长服务中心,113.375673,23.420749,716路
行云街,行云街,行云街,BV09063357,,行云街,113.366386,23.172741,581路、772路、773路、78A路、78路、B10路、B11路、夜53路、高峰快线32路
行政中心,行政中心,行政中心,BV11119390,,行政中心,113.808191,23.263087,增城1路
行知学院,行知学院,行知学院,BV11171948,,,113.298083,23.279445,652路、736路、夜119路、夜86路
兴东路,兴东路,兴东路,BV10014498,,兴东路,113.209979,23.110763,34路、411路、75路、990路、夜127路、广969路
兴发市场,兴发市场,兴发市场,BV09227219,,兴发市场,113.825366,23.285395,增城10路、增城47路、增城48路、增城5路、增城6路
兴丰村总站,兴丰村总,兴丰村总站,BV10019524,,兴丰村总站,113.481443,23.271925,973路
兴国路,兴国路,兴国路,BV10830708,,兴国路,113.325303,23.120184,811路、夜105路
兴和市场,兴和市场,兴和市场,BV11480864,,,113.345087,23.298095,太和1线便民车专线
兴华路,兴华路,兴华路,BV09164364,,兴华路（地铁天平架站）,113.316525,23.161392,136路、297路、46路、560路
兴华路口,兴华路口,兴华路口,BV10017237,2,兴华路口2,113.312158,23.164794,179路、504路、560路、833路、836路、862路、夜24路、241路、夜47路、B6路快线、B6路
兴科路,兴科路,兴科路,BV09065514,,兴科路,113.353579,23.174758,218路、46路、54路、775路
兴联村,兴联村,兴联村,BV10256251,,兴联村,113.199528,23.131011,佛沥18路、广789路
兴龙大道,兴龙大道,兴龙大道站,BV11206243,,兴龙大道,113.577743,23.274045,365路、458路
兴龙大道(迳头三社),兴龙大道(迳头三社),兴龙大道(迳头三社)站,BV11483390,,兴龙大道（迳头三社）,113.570059,23.271825,365路、458路
兴龙一新村,兴龙一新村,兴龙一新村,BV10256191,,兴龙一新村,113.203274,23.136850,佛沥18路、广789路
兴隆东路口,兴隆东路口,兴隆东路口,BV10018031,,兴隆东路口,113.206214,23.204518,425路
兴隆中路,兴隆中路,兴隆中路,BV11575575,,兴隆中路,113.204966,23.204153,476路
兴民路总站,兴民路(天汇广场)总,兴民路(天汇广场)总站,BV09408342,,兴民路（天汇广场）总站,113.326337,23.119332,90路
兴民路总站,兴民路(天汇广场)总,兴民路总站,BV10828446,,兴民路（天汇广场）总站,113.326754,23.119354,62路、811路、夜105路
兴南大道(南草堂),兴南大道(南草堂),兴南大道,BV09201144,,兴南大道（南草堂）,113.372313,23.012409,302A路、公交地铁接驳专线8路、番17路、番17路长线、番30路、番53路、番71路、番75路
兴南大道(南草堂),兴南大道(南草堂),兴南大道(南草堂),BV09303448,,兴南大道（南草堂）,113.372349,23.012407,番30路、番52路、番53路
兴仁汽车站,兴仁汽车,兴仁汽车站,BV10352271,,兴仁汽车总站,112.998314,23.473803,花68路、花68路白坭班车
兴盛路口,兴盛路口,兴盛路口,BV10988163,,兴盛路口,113.328062,23.123751,138路、194路、20路、499路、517路、547路、夜105路、夜43路
兴太三路,兴太三路,兴太三路,BV10017638,,兴太三路,113.445209,23.261950,346路、973路
兴太三路口,兴太三路口,兴太三路口,BV10019525,,兴太三路口,113.427436,23.262496,973路
兴太一路东,兴太一路东,兴太一路东站,BV11400777,,兴太一路东,113.369873,23.288122,973路
兴泰路,兴泰路,兴泰路,BV10017959,,兴泰路,113.260500,23.166086,124路、182路、186路、284路、34路、夜40路
兴唐路口,兴唐路口,兴唐路口,BV10741025,,,112.909316,23.444033,花81路
兴贤牌坊,兴贤牌坊,兴贤牌坊,BV10252242,,兴贤牌坊,113.070593,23.129818,佛263路
兴业大道,兴业大道,兴业大道,BV11615668,,,113.363221,22.998280,
兴业大道东,兴业大道东,兴业大道东,BV11608899,,兴业大道东,113.435664,23.043476,番52路、番61路、番62路、番77路
兴业大道西,兴业大道西#1,兴业大道西,BV11540455,,兴业大道西,113.282494,22.982904,312路、番129路
兴业大道西,兴业大道西#2,兴业大道西,BV10419712,,兴业大道西（诺德名都）,113.340243,22.991197,番163A路、番163B路、番88路
兴业大道西,兴业大道西#2,兴业大道西(西行),BV11609233,,,113.340243,22.991197,番163B路
兴业大道西,兴业大道西#2,兴业大道西(东行),BV11609235,,,113.340606,22.991119,番163B路
兴业大道中,兴业大道中,兴业大道中,BV10023410,,兴业大道中,113.390270,23.006702,番10路、番17路、番186路、番52路、番72路、番75路
兴业路口,兴业路口#1,兴业路口,BV11171493,,兴业路口,113.348245,22.994078,公交地铁接驳专线9路、番10路、番186路
兴业路口,兴业路口#2,兴业路口,BV09080656,,,113.538950,23.046730,莞618路
兴业新村,兴业新村,兴业新村,BV09253008,,兴业新村,113.134574,23.064378,佛276路/佛276
兴渔路,兴渔路,兴渔路,BV10811384,,,113.221408,23.060483,445路环线
兴裕大道临时公交总站,兴裕大道临时公交总,兴裕大道临时公交总站,BV11358055,,,113.475722,22.941303,番111路
兴园南路北,兴园南路北,兴园南路北,BV09176955,,兴园南路北,113.538512,23.597369,从7路
兴园南路南,兴园南路南,兴园南路南,BV09176956,,兴园南路南,113.540500,23.584786,从7路
兴园南路中,兴园南路中,兴园南路中,BV09176954,,兴园南路中,113.540033,23.593800,从7路
杏花大街,杏花大街,杏花大街,BV10022780,,杏花大街,113.236337,23.090736,990路
姓钟围,姓钟围,姓钟围,BV11400675,,姓钟围,113.590887,23.532034,从10路、从11路、从18路、从3路夜班、从4路、从5路、从5路长线、从6路、从6路支线、从901路、从902路、从905路、从9路、从夜1路、从4路快线
雄丰村,雄丰村,雄丰村,BV10674438,,雄丰村,113.172160,23.340579,750路
雄丰街口,雄丰街口,雄丰街口,BV10389076,,雄丰街口,113.177000,23.335036,472路、825路
雄丰路口,雄丰路口,雄丰路口,BV11688084,,雄丰路口,113.179622,23.337648,750路、825路、829路
雄峰商城(105国道),雄峰商城(105国道),雄峰商城(105国道),BV10023079,,雄峰商城（105国道）,113.296040,22.973530,佛K330路/K330路快线、番129路
雄峰商城(105国道),雄峰商城(105国道),雄峰商城,BV11607755,,雄峰商城总站,113.296434,22.973597,番15路
雄峰商城总站,雄峰商城总,雄峰商城总站,BV10019834,,雄峰商城总站,113.296434,22.973597,地铁接驳10A线、番15路、番25路
雄狮东路,雄狮东路,雄狮东路,BV10019403,,雄狮东路,113.158141,23.461821,花25路、花80路、花88路、花88路短线、花89路
雄狮西路,雄狮西路,雄狮西路,BV10917510,,雄狮西路,113.142032,23.461327,花23路、花80路、花81A路、花88路、花88路短线、花89路
雄狮中路,雄狮中路,雄狮中路,BV10475305,,雄狮中路,113.151938,23.463643,花80路、花88路、花88路短线、花89路
秀全中学,秀全中学,秀全中学,BV10016292,,,113.211114,23.383906,花6路
秀盛路口,秀盛路口,秀盛路口,BV11490724,,秀盛路口,113.325965,23.309103,735路、797路、828路
秀水,秀水,秀水,BV11498902,,秀水,113.297112,23.321280,828路
秀水村,秀水村,秀水村,BV11119638,,秀水村,113.730705,23.434470,增城73路
秀水街口,秀水街口,秀水街口,BV10327010,,秀水街口,113.443911,23.369092,738路、979路、夜118路
秀水塘,秀水塘,秀水塘,BV10019341,,秀水塘,113.297214,23.323264,510路、840路、夜123路、夜94路、701路
秀塘村委,秀塘村委,秀塘村委,BV10490147,,秀塘村委,113.344466,23.449811,花85路
秀塘五队,秀塘五队,秀塘五队,BV10490145,,秀塘五队,113.341925,23.444166,花85路
秀亭二路北,秀亭二路北,秀亭二路北,BV09349633,,秀亭二路北,113.219450,23.233785,476路
秀亭二路南(白云湖西湖),秀亭二路南(白云湖西湖),秀亭二路南(白云湖西湖),BV09349634,,秀亭二路南（白云湖西湖）,113.221587,23.226719,476路
秀亭二路中,秀亭二路中,秀亭二路中,BV09349635,,秀亭二路中,113.220296,23.231029,476路
秀雅学校,秀雅学校,秀雅学校,BV11573301,,秀雅学校,113.183425,23.421962,花30路、花31B路、花75路、花76路、花7路、花81路、701路
旭日雅苑,旭日雅苑,旭日雅苑,BV11329583,,旭日雅苑,113.352708,23.122167,540路、542路
恤孤院路,恤孤院路,恤孤院路,BV10022596,,恤孤院路（中共三大会址）,113.291374,23.122157,811路、813路
蓄能电站,蓄能电,蓄能电站,BV10775397,,蓄能电站,113.929753,23.782586,从12路
宣星村委,宣星村委,宣星村委,BV11447880,,宣星村委,113.637518,23.602316,从14路、从701路
宣星路口(星光五金水电商场),宣星路口(星光五金水电商场),宣星路口,BV10022860,2,宣星路口,113.623765,23.605299,从11路、从12路、从14路、从19路、从4路、从701路、从4路快线
宣星路口(星光五金水电商场),宣星路口(星光五金水电商场),宣星路口(星光五金水电商场),BV11359301,,宣星路口②（北行）,113.623655,23.604234,从701路
学府路,学府路,学府路,BV11688134,,学府路,113.173903,23.426081,19路直达快线、712路、花10路、花30路、花76路、花7路
学富路口,学富路口,学富路口,BV09373719,,学富路口,113.557580,23.298735,442路
学岗路,学岗路,学岗路,BV09149593,,学岗路,113.277828,23.196183,660路环线、广424路
学苑路,学苑路,学苑路,BV09011467,,学苑路,113.204353,23.275362,654路
学院站广师大站,学院站广师大,学院站广师大站,BV09405978,,,113.367354,23.131344,B21路
学院正门,学院正门,学院正门,BV10569008,,,113.097179,23.400303,花2C路、花2路
浔峰花苑,浔峰花苑,浔峰花苑,BV11269573,,,113.190505,23.154244,429路循环线
浔峰山东路,浔峰山东路,浔峰山东路,BV09369459,,浔峰山东路,113.197577,23.169812,658A路、658B路、广231路、广657路、广974路班车、广夜91路、广974路
浔峰山东路北,浔峰山东路北,浔峰山东路北站,BV10788524,,,113.201603,23.174851,658A路、658B路、佛252路、佛沥18路、佛里07路、广231路、广657路、广746路、广974路班车、广夜91路、里07路、里07路短线/佛里07路里广快线、里14、里14路、里17路、里07路高峰线、广974路
浔峰山西路中,浔峰山西路中,浔峰山西路中,BV10785202,,浔峰山西路中,113.188795,23.162871,12A路环线、广12路、广276路、广283路、广高峰快线30路
丫塘路,丫塘路,丫塘路,BV11522011,,丫塘路,113.571744,23.323425,352A路
鸦岗路口,鸦岗路口,鸦岗路口,BV11346876,,鸦岗路口,113.202065,23.233283,271路、705路、742路
鸦湖村口,鸦湖村口,鸦湖村口,BV11273134,,鸦湖村口,113.281475,23.334122,737路
鸦湖方石村,鸦湖方石村,鸦湖方石村,BV11584578,,鸦湖方石村,113.282898,23.321786,843路
鸦湖公园,鸦湖公园,鸦湖公园,BV11369414,,鸦湖公园,113.290704,23.326779,750路、843路、704路
鸭湖村,鸭湖村,鸭湖村,BV09183566,,,113.101680,23.353094,花2C路
鸭一村,鸭一村,鸭一村,BV09183568,,,113.094628,23.354240,花2C路
崖鹰石路,崖鹰石路,崖鹰石路,BV10017398,,崖鹰石路,113.431439,23.180513,325路
崖鹰石路北,崖鹰石路北,崖鹰石路北,BV10017399,,崖鹰石路北,113.433555,23.182858,325路
哑布村路口,哑布村路口,哑布村路口,BV11647585,,,112.942097,23.422595,655A线、655B路、655路
雅宝新城,雅宝新城,雅宝新城站,BV11689390,,雅宝新城,113.184252,23.426709,19路直达快线、花10路、花31B路、花81路、花9路
雅荷居,雅荷居,雅荷居站,BV09005809,,雅荷居,113.343976,22.911308,番108B路、番12路旅游专线、番130路、番147路、番29路、番67路旅游专线、番68路、番6路、番108路
雅居蓝湾,雅居蓝湾,雅居蓝湾站,BV11371468,,雅居蓝湾,113.189369,23.099917,佛202路、佛244路、佛278路、广260路、广419路、沥17B路、沥17B路区间
雅居乐·雍景豪园,雅居乐·雍景豪园,雅居乐·雍景豪园站,BV09314048,,雅居乐·雍景豪园,113.195915,23.098117,佛202路、佛244路、佛278路、沥17B路、沥17B路区间
雅居乐总站,雅居乐(城南源著)总#1,雅居乐总站,BV10562521,,雅居乐（剑桥郡）,113.380697,23.027483,302A路
雅居乐总站,雅居乐(城南源著)总#2,雅居乐(城南源著)总站,BV10581069,,雅居乐（城南源著）总站,113.358169,22.909879,番9路
雅居乐总站,雅居乐(城南源著)总#2,雅居乐总站,BV11384377,,雅居乐（城南源著）总站,113.358306,22.909679,番19路、番9路、番9路长线
雅居乐(凤凰路),雅居乐(凤凰路),雅居乐(凤凰路),BV10432255,,雅居乐（凤凰路）,113.228218,23.401663,花16路、花19路、花25路、花2路、花31路、花8路、701路
雅居乐,雅居乐#1,雅居乐,BV11475093,,雅居乐（剑桥郡）,113.380566,23.027459,302A路
雅居乐,雅居乐#2,雅居乐,BV09117689,,,113.195915,23.098117,广419路
雅居乐花园,雅居乐花园,雅居乐花园,BV10254206,,,113.252881,22.820905,307路/佛307路、佛314路
雅居乐花园A,雅居乐花园A,雅居乐花园A站,BV11465988,,,113.252955,22.820813,307路/佛307路、312路、314路、佛314路
雅居乐锦城花园,雅居乐锦城花园,雅居乐锦城花园,BV11688159,,雅居乐锦城花园,113.185309,23.418454,712路、花30路、花31B路、花75路、花76路、花7路、花81路、701路
雅居乐锦官城,雅居乐锦官城,雅居乐锦官城,BV10023343,,雅居乐锦官城,113.347123,22.919081,番108B路、番147路、番29路
雅居乐三千院,雅居乐三千院,雅居乐三千院,BV11363547,,雅居乐三千院,113.790762,23.305124,增城3路、增城47路
雅山村口,雅山村口,雅山村口,BV09237169,,雅山村口,113.773119,23.173673,增城56路
雅神路口,雅神路口,雅神路口,BV09141657,,雅神路口,113.215220,23.358977,706路、706路早间短线、花8路、703路
雅瑶公交总站,雅瑶公交总,雅瑶公交总站,BV11214875,,,113.213495,23.361557,825路、花63路短线
雅瑶环卫站,雅瑶环卫,雅瑶环卫站,BV11313309,,雅瑶环卫站,113.213784,23.358291,825路、花73路
雅瑶市场,雅瑶市场,雅瑶市场,BV09001437,,雅瑶市场,113.210698,23.368090,706路、夜87路、花63路、花63路短线、花68路、花68路白坭班车、花68路短线、花73路、花75A路、花75路、花8路、703路
雅瑶小学,雅瑶小学,雅瑶小学,BV11401642,,,113.221999,23.366389,花106路、花76路、花都111路
雅瑶医院,雅瑶医院,雅瑶医院站,BV09412766,,雅瑶医院,113.211826,23.364753,706路、夜87路、花63路、花63路短线、花68路、花68路白坭班车、花68路短线、花73路、花75A路、花75路、花8路、703路
雅瑶幼儿园,雅瑶幼儿园,雅瑶幼儿园,BV10816432,,,113.215870,23.363866,花76路、花都111路
雅瑶中学,雅瑶中学,雅瑶中学站,BV09398489,,,113.226350,23.368629,花106路、花76路、花都111路
雅源南路,雅源南路,雅源南路,BV09141656,,雅源南路,113.218409,23.357546,706路、706路早间短线、夜87路、花8路、703路
雅致,雅致,雅致,BV10266786,,,113.544840,23.071074,莞616路
亚口冚,亚口冚,亚口冚,BV11300562,,亚口冚,113.812123,23.534512,增城60路
亚如冚,亚如冚,亚如冚,BV11408986,,亚如冚,113.830264,23.523140,增城62路
亚太木业城,亚太木业城,亚太木业城,BV10256653,,,113.062833,22.900400,佛K330路/K330路快线
亚太新城,亚太新城,亚太新城,BV11689664,,亚太新城,113.600968,23.130207,增城30路、增城34路、增城38路、增城9路
亚运城,亚运城,亚运城,BV10015999,,亚运城,113.469934,22.950496,番148路
亚运城广场,亚运城广场,亚运城广场,BV11398899,,亚运城广场,113.470827,22.945215,番149路
亚运城山海湾,亚运城山海湾,亚运城山海湾,BV10418333,,,113.484696,22.956829,番夜4路
亚运城山海湾西门,亚运城山海湾西门,亚运城山海湾西门,BV09343733,,亚运城山海湾西门,113.483489,22.953732,番151路、番160路、番夜4路
亚运城体验中心,亚运城体验中心,亚运城体验中心,BV10019859,,亚运城体验中心,113.473112,22.948409,番151路、番160路、番162B路、番162路、番夜4路
亚运城天荟(临时站),亚运城天荟(临时站),亚运城天荟(临时站),BV09180113,,亚运城天荟站,113.472319,22.942031,番111路、番162B路
亚运城天荟临时站,亚运城天荟临时,亚运城天荟临时站,BV11575279,,,113.472563,22.942232,番111路、番162B路、番162B路高峰快线、番93路
亚运城天荟临时站,亚运城天荟临时,亚运城天荟临时站(西行),BV11669427,,,113.472306,22.942172,番微公交8线
亚运城天荟临时站,亚运城天荟临时,亚运城天荟临时站(东行),BV11669428,,,113.472323,22.942032,番微公交8线
亚运城综合体育馆(亚运南路),亚运城综合体育馆(亚运南路),亚运城综合体育馆(亚运南路),BV10805602,,亚运城综合体育馆（亚运南路）,113.475617,22.942759,番149路、番162B路
亚运城总站,亚运城总,亚运城总站,BV10023195,,,113.486917,22.957751,番夜4路
亚运大道东站,亚运大道东,亚运大道东站,BV09201135,,亚运大道东,113.482100,22.955698,番148路
亚运源筑,亚运源筑,亚运源筑,BV10834183,,亚运源筑,113.478438,22.943539,番111路、番149路、番162B路、番93路、番微公交8线
亚洲国际材料城,亚洲国际材料城,亚洲国际材料城,BV10256651,,亚洲国际材料城,113.050090,22.886998,佛236路
严田村,严田村,严田村站,BV10741256,,严田村,113.536824,23.113481,321路、334路、374路、439路、450路、454路环线、516路、566路、569路、572路、579路、940路、946路、B31路、夜49路、夜57路、夜73路
沿河路总站,沿河路总,沿河路总站,BV10703777,,沿河路（奕佳公寓）总站,113.510472,23.072672,453A路、569路
沿江东路,沿江东路,沿江东路,BV09408347,,沿江东路,113.281834,23.115108,131A路、194路、57路、781路、89路、B21路、广12路
沿江路中,沿江路中,沿江路中站,BV11495654,,沿江路中,113.200570,23.199600,广746路
沿江路总站,沿江路总,沿江路总站,BV11495655,,沿江路总站,113.201994,23.190651,广746路
盐步大道北,盐步大道北,盐步大道北,BV09003077,,盐步大道北,113.168862,23.107120,佛244路、佛250路、佛276路/佛276、佛277路、佛278路、佛279路、广260路
盐步公园,盐步公园,盐步公园,BV10256201,,,113.176515,23.090704,沥17B路、沥17B路区间
盐步老龙公园,盐步老龙公园,盐步老龙公园,BV09360473,,,113.166731,23.091451,沥17B路区间
盐步路口,盐步路口,盐步路口,BV11689449,,盐步路口,113.169858,23.109533,佛236路、佛250路、佛251路、佛263路、佛263路短线、佛276路/佛276、佛277路、佛279路、佛沥18路、广123路、广260路、沥12B路
盐步三中,盐步三中,盐步三中,BV10253338,,盐步三中,113.157740,23.092678,佛202路、佛276路/佛276
盐步医院,盐步医院,盐步医院,BV11689902,,盐步医院,113.173002,23.093771,佛244路、佛277路、佛279路、广260路、沥17B路区间
盐步中学,盐步中学,盐步中学站,BV11689900,,盐步中学,113.172459,23.091678,佛277路、佛279路、沥17B路、沥17B路区间
颜峰,颜峰,颜峰站,BV10252241,,颜峰,113.076727,23.128137,佛263路、佛275路
演艺中心北门,演艺中心北门,演艺中心北门,BV10847061,,演艺中心北门,113.478392,23.181283,328路支线、388路、391A路、391路、506路、573路、575路、943路、944路、B24路、夜104路、夜124路、夜51路
演艺中心南门,演艺中心南门,演艺中心南门站,BV09385693,,演艺中心南门,113.478911,23.177745,366路、371路、946路
雁沙村站,雁沙村,雁沙村站,BV10014919,,雁沙村,113.381430,22.858018,南48路、南沙33路、南沙65路、南沙67路、番142路
雁塔大桥东,雁塔大桥东,雁塔大桥东,CL100008,,雁塔大桥东,113.827996,23.270566,增城7路
雁洲村,雁洲村,雁洲村,BV10023020,,雁洲村总站,113.411579,22.926831,番100路、番97路
雁洲村总站,雁洲村总,雁洲村总站,BV11561860,,雁洲村总站,113.411620,22.927059,南沙54路
雁洲路口,雁洲路口,雁洲路口,BV11689912,,雁洲路口,113.407303,22.937639,南沙54路、番100路、番97路
燕岗桥,燕岗桥,燕岗桥,BV11619429,,燕岗桥,113.658370,23.280525,370路、增城11路
燕岭大厦,燕岭大厦,燕岭大厦,BV11519168,,燕岭大厦,113.321948,23.160580,503路、54路、89路、B11路、夜10路
燕塘村,燕塘村,燕塘村,BV10017612,,燕塘村,113.492953,23.345061,342路、827路
燕塘企业,燕塘企业,燕塘企业,BV09002629,1,燕塘企业①,113.323213,23.163201,257路、297路、30路、39路、46路、503路、54路、84A路、84路、884路、89路、B11路、B12路、夜10路、夜69路、夜70路、夜71路、高峰快线21路、高峰快线80路
燕塘企业,燕塘企业,燕塘企业站(停北行),BV09282018,2,燕塘企业②,113.323213,23.163201,409路
燕塘企业,燕塘企业,燕塘企业站(停南行),BV09282019,1,燕塘企业①,113.322424,23.162827,409路
燕塘企业,燕塘企业,燕塘企业3,BV09341157,3,燕塘企业③,113.323649,23.163481,297路、46路、54路、B11路、夜69路、夜70路
燕翔路,燕翔路,燕翔路,BV10019555,,燕翔路,113.269175,23.082586,221路、527路、527路机电班车、967路、992路、夜120路、夜55路、79路
燕子岗,燕子岗,燕子岗,BV10016108,,燕子岗,113.272424,23.080359,180路、530路、544路、546路、551路、59路、967路、992路、B9路、夜16路、夜32路
秧溪,秧溪,秧溪,BV11152732,,秧溪,113.639920,23.785930,从603路、从604路
扬帆路口,扬帆路口,扬帆路口,BV09405769,,,113.571771,23.026939,莞619路
阳光城站,阳光城,阳光城站,BV09312727,,,113.539576,22.819913,南53路、南沙63路A线、南沙63路B线
阳光城(澜悦)站,阳光城(澜悦),阳光城(澜悦)站,BV11605445,,,113.537753,22.815156,南53路、南沙31路A线、南沙31路B线、南沙63路B线
阳光城(丽景湾)站,阳光城(丽景湾),阳光城(丽景湾)站,BV09156608,,,113.539502,22.819277,南53路、南沙63路A线
阳光城丽景湾站,阳光城丽景湾,阳光城丽景湾站,BV11482355,,,113.542262,22.823682,南沙63路A线、南沙63路B线
阳光城市广场站,阳光城市广场,阳光城市广场站,BV10014938,,阳光城市广场,113.394663,22.797644,南47路、南沙58路、南沙65路、番142路
阳光家园,阳光家园,阳光家园,BV10020831,,阳光家园,113.821865,23.309084,增城5路
阳光路口(金狮大道),阳光路口(金狮大道),阳光路口(金狮大道),BV10700886,,阳光路口（金狮大道）,113.162089,23.468623,花23路
阳光路口(金狮大道),阳光路口(金狮大道),阳光路口站,BV11306577,,,113.162089,23.468623,花81路
阳光南路,阳光南路,阳光南路,BV09056918,,,113.160180,23.462687,花25路、花62路
阳升村总站,阳升村总,阳升村总站,BV11431442,,阳升村,113.310539,23.478083,花32路
阳升路口,阳升路口,阳升路口,BV11431440,,阳升路口,113.320525,23.474520,花32路
杨二村,杨二村,杨二村,BV11388334,,杨二村,113.452091,23.433453,714路、夜116路、花84路、高峰快线72路
杨荷路口,杨荷路口,杨荷路口,BV11630702,,,113.457723,23.438878,从806路
杨荷桥东,杨荷桥东,杨荷桥东站,BV11672467,,杨荷桥东,113.472874,23.433476,714路、从806路、夜116路、花84路、高峰快线72路
杨箕村,杨箕村,杨箕村2,BV09312331,2,杨箕村②,113.305216,23.131711,37路、502路、59路、B15路
杨箕村,杨箕村,杨箕村,BV11688472,1,杨箕村,113.305986,23.131643,204路、243路、299路、37路、502路、541路、548路、551路、59路、813路、B15路、B5路、B8路、夜10路、夜13路、夜15路、夜27路、夜39路、夜40路、夜93路、夜9路、107路
杨梅岗,杨梅岗,杨梅岗,BV11390141,,杨梅岗,113.202757,23.221349,476路、831路
杨青村,杨青村,杨青村,BV10021305,,杨青村,113.385871,23.099477,137路、262路、564路、762路、夜100路、夜66路、旅游观光1线
杨三村,杨三村,杨三村站,BV11388328,,杨三村,113.442663,23.432265,714路、夜116路、花84路
杨山村,杨山村,杨山村,BV10441348,,杨山村,113.166099,23.306156,721路、723路
杨山村委,杨山村委,杨山村委,BV10441349,,杨山村委,113.163061,23.304557,721路、723路
杨桃公园,杨桃公园,杨桃公园,BV11493586,,杨桃公园,113.405838,23.113822,402路/402路快车
杨桃公园总站,杨桃公园总,杨桃公园总站,BV10018535,,杨桃公园（美林湖畔）总站,113.406435,23.113687,218路、503路、53路、B19路
杨屋,杨屋,杨屋,BV11466868,,杨屋,113.203149,23.416786,712路、花10路、花30路、花75路、花76路、花7路、花81路、花9路、701路
杨屋村委,杨屋村委,杨屋村委,BV11508292,,杨屋村委,113.076161,23.388524,花15路、花2路、花88路
杨屋路口,杨屋路口,杨屋路口站,BV11306471,,杨屋路口,113.204133,23.418288,715路、夜92路、花62路
杨屋围,杨屋围,杨屋围,BV11425541,,杨屋围,113.981506,23.796278,从503路
杨屋新村,杨屋新村,杨屋新村,BV10023749,,杨屋新村,113.186164,23.423391,花10路、花9路
杨屋中心市场,杨屋中心市场,杨屋中心市场,BV11306480,,杨屋中心市场,113.197975,23.420490,715路、夜92路、花62路
杨一村,杨一村,杨一村,BV11626731,,杨一村,113.458619,23.434007,714路、从806路、夜116路、花84路、高峰快线72路
杨一村东,杨一村东,杨一村东,BV11388330,,杨一村东,113.468037,23.434643,714路、从806路、夜116路、花84路、高峰快线72路
洋田白石岗总站,洋田白石岗总,洋田白石岗总站,BV09220593,,洋田白石岗总站,113.582744,23.321757,441路
洋田村,洋田村,洋田村,BV11459348,,洋田村,113.578056,23.320330,441路
洋田村总站,洋田村总,洋田村总站,BV11522013,,洋田村（文娱广场）总站,113.577713,23.320120,352A路
洋田塘口,洋田塘口,洋田塘口,BV11459346,,洋田塘口,113.577170,23.326821,352A路
姚沙头村,姚沙头村,姚沙头村,BV10024267,,姚沙头村,113.839572,23.174448,增城18路、增城55路
窑下冚,窑下冚,窑下冚,BV09317111,,窑下冚,113.873579,23.226894,增城1路
摇田河大街,摇田河大街,摇田河大街,BV10022242,,摇田河大街,113.567757,23.193136,夜52路
摇田河大街(里享家),摇田河大街(里享家),摇田河大街(里享家),BV10871157,,摇田河大街（里享家）,113.561462,23.196677,夜52路
摇田河路中,摇田河路中,摇田河路中,BV10013844,,摇田河路中,113.557629,23.197564,夜52路、夜60路、永和便民02线
瑶池西街口,瑶池西街口,瑶池西街口,BV11362603,,,113.246417,23.163271,
瑶华街,瑶华街,瑶华街,BV10015173,,瑶华街,113.246831,23.163488,480路、530路、661路、商务专线3路
瑶华街口,瑶华街口,瑶华街口,BV10015174,,瑶华街口,113.247863,23.163727,661路、商务专线3路
瑶台,瑶台,瑶台2,BV09226113,2,瑶台②,113.249933,23.160499,179路、198路、268路、274路、46路、480路、523A路、530路、538路、661路、7路、夜77路、夜95路
瑶台,瑶台,瑶台1,BV09246642,1,瑶台①,113.250426,23.161006,176路、179路、274路、46路、530路、7路
瑶台,瑶台,瑶台,BV11472522,1,瑶台①,113.247238,23.157941,803路、高峰快线80路
瑶台牌坊,瑶台牌坊,瑶台牌坊,BV09070811,,,113.249057,23.160054,
瑶台西街,瑶台西街,瑶台西街,BV11430819,,瑶台西街,113.245386,23.158286,480路、661路
瑶田村,瑶田村,瑶田村,BV10016083,,瑶田村,113.619512,23.130284,增城28路、增城37路、新塘万达1路
瑶田路口,瑶田路口,瑶田路口,BV11401279,,瑶田路口,113.621374,23.134167,增城28路
椰林山庄,椰林山庄,椰林山庄,BV11690573,,,113.572785,23.040657,莞616路、莞86路
冶金技校,冶金技校,冶金技校,BV11688457,,冶金技校,113.257269,23.223737,21路、298路、522路、523A路、523路、58A路、706路、706路早间短线、807路、831路、840路、970路、984路、夜80路、夜85路、夜87路、夜94路、259路
业田村,业田村,业田村,BV11383670,,业田村,113.553171,23.318421,345路、352A路、365路、370路、夜126路
叶边村,叶边村,叶边村,BV10014424,,叶边村,113.201458,23.285346,723路
叶边市场,叶边市场,叶边市场,BV10018880,,叶边市场,113.199733,23.285725,723路
叶岭坳,叶岭坳,叶岭坳,BV10016215,,叶岭坳,113.604150,23.242499,增城11A路、增城35A路、增城35路、增夜4路
叶岭村,叶岭村,叶岭村,BV10014815,,叶岭村,113.594752,23.225275,增城11A路、增城31路、增城35路、增夜4路
叶岭村北,叶岭村北,叶岭村北,BV10016216,,叶岭村北,113.596586,23.235464,增城11A路、增城31路、增城35路、增夜4路
叶岭村南,叶岭村南,叶岭村南,BV09082056,,叶岭村南,113.595087,23.221831,增城11A路、增城31路、增城35路、增夜4路
叶新围总站,叶新围总,叶新围总站,BV11169364,,叶新围总站,113.648818,23.714090,从608路
烨辉站,烨辉,烨辉站,BV10329392,,,113.366741,22.815395,312路
一德东,一德东,一德东,BV10015710,,一德东,113.256344,23.116474,4路、823路、8路、夜16路、夜33路、夜6路
一德西,一德西,一德西,BV10018681,,一德西,113.249691,23.114865,4路、823路、8路、夜16路、夜33路、夜6路
一德西总站,一德西总,一德西总站,BV10021675,,一德西总站,113.248895,23.114796,134路
一德中,一德中,一德中,BV10018682,,一德中,113.254882,23.116044,4路、823路、8路、夜16路、夜33路、夜6路
一号航站楼(26-29号门),一号航站楼(26-29号门),一号航站楼,BV11544668,,,113.298134,23.389739,空港1路
一号航站楼(26-29号门),一号航站楼(26-29号门),一号航站楼(26-29号门),BV11544669,,,113.298156,23.389909,空港1路
一环路,一环路,一环路,BV10715164,,一环路,113.830576,23.268079,增城18路、增城1路、增城7路
一五七医院,一五七医院,一五七医院,BV11269468,2,一五七医院（地铁京溪南方医院站）,113.320359,23.187642,179路、504路、560路、784路、791路、833路、836路、862路、夜24路、241路、夜47路、B6路快线、B6路
一一五中学,一一五中学,一一五中学,BV10019244,,一一五中学,113.352584,23.281901,246路、504路、夜74路
一涌站,一涌,一涌站,BV10014998,,,113.512606,22.730347,南39路
一纵路中,一纵路中,一纵路中,BV11511205,,,113.188324,23.179466,
医谷站,医谷(视联科创),医谷站,BV09099102,,医谷（视联科创）,113.526212,22.727906,南沙24路、南沙5路、南沙G1路
医谷站,医谷(视联科创),医谷(视联科创)站,BV09305436,,医谷（视联科创）,113.526212,22.727906,南沙24路、南沙5路
医药职业学校,医药职业学校,医药职业学校,BV09323257,,医药职业学校,113.668771,23.291003,增城71路
医院西站,医院西,医院西站,BV11179385,,,113.037181,23.065177,广州-肇庆
依岸康堤花园,依岸康堤花园,依岸康堤花园,BV10252175,,依岸康堤花园,113.170931,23.032717,桂23路
宜安村站,宜安村,宜安村站,BV10014988,,宜安村,113.452371,22.788245,40路/南40路、南39路、南沙49路
宜安路口站,宜安路口,宜安路口站,BV11163497,,宜安路口,113.446813,22.790918,40路/南40路、南39路、南沙49路
宜家家居,宜家家居,宜家家居,BV11686327,,,113.337798,22.983309,番109B路
怡安花园朗晴居(素社),怡安花园朗晴居(素社),怡安花园朗晴居(素社),BV10448219,,怡安花园朗晴居（素社）,113.271506,23.108597,11路、264路、811路、968路
怡翠公园,怡翠公园,怡翠公园,BV10252108,,怡翠公园,113.161344,23.034351,桂23路
怡翠花园,怡翠花园,怡翠花园,BV10252107,,怡翠花园,113.156408,23.035041,桂23路
怡发拉链厂站,怡发拉链厂,怡发拉链厂站,BV10018450,,,113.463432,22.895762,南50路、南52路
怡港花园,怡港花园,怡港花园站,BV10885191,,怡港花园,113.450609,23.101724,329路、348路、夜46路
怡乐村,怡乐村,怡乐村1,BV09317206,1,怡乐村①,113.282528,23.095875,14路、184路、190路、206路、226路、250路、263路、270路、460路、53路、69路、93路、夜23路、夜24路、夜29路、夜30路、夜37路、夜43路、夜45路、夜8路、大学城专线3路
怡乐村,怡乐村,怡乐村,BV11687959,1,怡乐村①,113.280619,23.096217,14路、184路、206路、208路、211路、263路、264路、53路、69路、823路、88路、93路、B9路、夜24路、夜30路、夜37路、夜43路、夜45路、夜8路、大学城专线3路
怡乐路,怡乐路,怡乐路,BV10018258,,怡乐路,113.286003,23.105007,211路、460路、夜12路
怡乐路南,怡乐路南,怡乐路南,BV10021778,,怡乐路南,113.283212,23.096302,211路
怡乐路总站,怡乐路总,怡乐路总站,BV11573302,,,113.286097,23.104308,864路、967路、968路
怡趣路,怡趣路,怡趣路,BV10018248,,怡趣路,113.288548,23.105101,460路
怡新路,怡新路,怡新路站,BV11629712,,怡新路,113.319777,23.178150,498路、791路
怡新路口,怡新路口,怡新路口站,BV11629704,,怡新路口,113.325303,23.177862,498路、791路
移民新村,移民新村,移民新村,BV11268305,,移民新村,113.805677,23.164750,增城55路
颐和山庄,颐和山庄,颐和山庄,BV10021221,1,颐和山庄,113.306997,23.218912,126路、792A路、804路、832路、833路、864路、夜90路、夜95路
颐和盛世总站,颐和盛世总,颐和盛世总站,BV11692326,,颐和盛世总站,113.074913,23.241696,花24路、高峰快线81路
颐养院,颐养院#1,颐养院,BV11435998,,,113.367014,22.945881,番22B路
颐养院,颐养院#2,颐养院站,BV11435997,,颐养院,113.180553,23.386784,花112路、花70路、花70路短线、703路
倚莲半岛,倚莲半岛,倚莲半岛,BV09280589,,倚莲半岛,113.487643,23.001394,番131路
倚绿山庄,倚绿山庄,倚绿山庄,BV10022684,,倚绿山庄,113.317471,23.205748,923路
义坑村,义坑村,义坑村,BV10023916,,,113.174600,23.479245,花89路
义沙站,义沙,义沙站,BV11689823,,,113.496225,22.749616,南39路
义沙村,义沙村,义沙村,BV09372927,,义沙村,113.496016,22.749258,40路/南40路、南10路、南55路、南56路、南沙10路短线、南沙12路、南沙G4路
义沙桥站,义沙桥,义沙桥站,BV11266248,,,113.502443,22.747465,南17路
义山村委总站,义山村委总,义山村委总站,BV10019246,,义山村委总站,113.127825,23.445313,花80路
义山村总站,义山村总,义山村总站,BV11246410,,,113.127939,23.445154,花2B路
义兴经济社,义兴经济社,义兴经济社,BV10023919,,义兴经济社,113.183917,23.474592,花86路、花89路
亿源机电,亿源机电,亿源机电站,BV09302152,,亿源机电,113.385603,22.787996,南47路、南沙65路、番142路
艺苑南路,艺苑南路,艺苑南路,BV10323122,,,113.316928,23.095103,463路
艺苑南路口,艺苑南路口,艺苑南路口,BV10022173,,,113.317521,23.097189,463路
艺洲路东,艺洲路东,艺洲路东,BV10022388,,艺洲路东,113.323208,23.104267,11路、765路、B7路、夜135路、夜70路
易发步行街(繁华路),易发步行街(繁华路),易发步行街(繁华路),BV10672647,,易发步行街（繁华路）,113.358644,22.944466,番23路
奕西,奕西,奕西,BV09308646,,奕西,113.232656,23.038287,桂12路、桂21路
益丰街口,益丰街口,益丰街口站,BV09071715,,益丰街口,113.448852,22.864837,南57路、番150路
益海嘉里,益海嘉里,益海嘉里,BV10494711,,,113.541772,23.012977,莞618路
益禾公寓站,益禾公寓,益禾公寓站,BV10254806,,,113.157023,23.056481,佛211路
益群,益群,益群,BV10015474,,,113.182074,23.469250,花86路、花88路、花88路短线
益群村(金狮大道),益群村(金狮大道),益群村(金狮大道),BV10889687,,益群村（金狮大道）,113.181933,23.469220,花23路
逸翠庄园,逸翠庄园,逸翠庄园(西行),BV09026392,,逸翠庄园,113.768562,23.283741,增城11路、增城13路、增城2路、增城4路
逸翠庄园,逸翠庄园,逸翠庄园,BV10860796,,逸翠庄园,113.770603,23.283552,增城11路、增城12路、增城13路、增城2路、增城4路
逸翠庄园,逸翠庄园,逸翠庄园(上行),BV11650589,,逸翠庄园,113.767678,23.283722,增城49路
逸翠庄园,逸翠庄园,逸翠庄园(下行),BV11650590,,逸翠庄园,113.768609,23.283742,增城49路
逸景翠园,逸景翠园,逸景翠园,BV09375102,,逸景翠园,113.303732,23.084748,8路
逸景翠园总站,逸景翠园总,逸景翠园总站,BV10017944,,逸景翠园总站,113.303891,23.085062,182路、823路、882路快线、8路、964路
逸景路,逸景路,逸景路站,BV09364484,,逸景路,113.297475,23.085290,182路、488路、767路、786路
逸景路东,逸景路东,逸景路东,BV09277540,,逸景路东,113.308520,23.085306,182路、488路、767路、786路、823路、8路
逸景路口,逸景路口,逸景路口,BV10022522,,,113.294434,23.084587,462路、786路
逸景路西,逸景路西,逸景路西,BV10018361,,,113.296115,23.084612,488路、767路、786路
逸景西路总站,逸景西路总,逸景西路总站,BV10018360,,逸景西路（珠江国际纺织城）总站,113.297477,23.085321,462路、488路
逸涛雅苑站,逸涛雅苑,逸涛雅苑站,BV10015890,,逸涛雅苑,113.533922,22.806125,南沙31路A线、南沙31路B线、南沙63路A线、南沙63路B线、南沙8路
溢盈广场,溢盈广场,溢盈广场,BV09293648,,溢盈广场,113.186033,23.432382,715路、夜92路、花103路、花25路、花31B路、花62路、花81路
殷家庄,殷家庄,殷家庄,BV10022846,,殷家庄,113.602848,23.567541,从4路、从4路快线
银场村(招呼站),银场村(招呼站),银场村,BV11119357,,银场村,113.967178,23.400627,增城72B路
银场村(招呼站),银场村(招呼站),银场村(招呼站),BV11409761,,银场村,113.966062,23.401320,增城72B路
银河路路口,银河路路口,银河路路口,BV10685787,,,113.824407,23.114142,莞76路
银河园,银河园,银河园,BV11687892,1,银河园,113.332740,23.170911,257路、297路、30路、39路、46路、498路、503路、54路、83路、84A路、84路、884路、89路、B11路、B12路、夜10路、夜70路、夜71路、高峰快线21路
银坑,银坑,银坑,BV11451374,,银坑,113.707405,23.269025,增城50A路、增城50路
银利街,银利街,银利街,BV10019132,,银利街（四海小学）,113.315078,23.171911,785路
银利新邨,银利新邨,银利新邨,BV10388443,,银利新邨,113.317070,23.170849,785路
银林村口,银林村口,银林村口,BV11369785,,银林村口,113.507717,23.512825,从803路、从808路
银林村委,银林村委,银林村委,BV11623513,,银林村委,113.472669,23.506325,从807路、从903路
银林卫生站,银林卫生,银林卫生站,BV11482281,,银林卫生站,113.476040,23.502047,从807路、从903路
银锣湾广场,银锣湾广场,银锣湾广场,BV10016473,,银锣湾广场,113.178753,23.456676,花88路、花88路短线、花89路
银平路,银平路,银平路,BV11352458,,银平路,113.343313,22.959296,番8路
银沙工业区站,银沙工业区,银沙工业区站,BV09348754,,银沙工业区,113.675179,23.168852,增城37路
银印,银印,银印,BV10252220,,银印,113.145008,23.178948,佛244路、佛里07路、广231路、里07路、里07路高峰线
饮食风情街,饮食风情街,饮食风情街,BV11591115,,饮食风情街总站,113.233975,23.407324,花2路
印象黄埔文化创意园,印象黄埔文化创意园,印象黄埔文化创意园,BV11549865,,印象黄埔文化创意园,113.538607,23.116189,340路、439路
应元路,应元路,应元路,BV10021779,,应元路,113.260076,23.136823,211路、旅游公交1线
应元学校,应元学校,应元学校,BV11118946,,应元学校,113.562527,23.160760,增城43路
莺涌,莺涌,莺涌,BV10253344,,莺涌,113.154232,23.090085,佛202路、佛276路/佛276
迎宾大道中,迎宾大道中,迎宾大道中,BV11579285,,迎宾大道中,113.238434,23.396638,花22路
迎宾大桥,迎宾大桥,迎宾大桥,BV10022845,,迎宾大桥,113.612330,23.568206,从4路、从7路、从4路快线
迎宾馆,迎宾馆,迎宾馆,BV11091393,1,迎宾馆①,113.256855,23.130628,124路、180路、209路、244A路、244路、253路、273路、29路、519路、56路、5路、74路、7路、夜107路、空港快线3线、110路、101路、113路
迎宾馆,迎宾馆,迎宾馆2,BV11596048,2,迎宾馆①,113.256855,23.130628,124路、180路、182路、244A路、244路、24路、265路、273路、519路、528路、58路、5路、74路、夜107路、夜12路、夜22路、夜40路、夜55路、夜79路、夜8路、110路、101路、108路、113路
迎宾路口,迎宾路口,迎宾路口,BV10017973,,,113.196500,23.070329,207路
迎福里,迎福里,迎福里,BV11415302,,迎福里,113.604040,23.537683,从1路东线、从905路
迎福路,迎福路,迎福路,BV10016278,,迎福路（食品药品学院）,113.368477,23.203043,39路、775路、夜10路
迎海国际茶都,迎海国际茶都,迎海国际茶都,BV10973339,,,113.202579,23.097294,夜103路、广419路、广565路、沥17B路区间
迎龙路(华快桥底),迎龙路(华快桥底),迎龙路(华快桥底)站,BV10017211,,迎龙路（华快桥底）,113.355960,23.212071,30路、497A路
迎龙路(石门禅院)站,迎龙路(石门禅院),迎龙路(石门禅院)站,BV09396367,,迎龙路（石门禅院）,113.355763,23.217111,30路
迎龙路(迎新路口),迎龙路(迎新路口),迎龙路(迎新路口),BV10408452,,迎龙路（迎新路口）,113.359303,23.201410,30路、39路、492路、775路、夜10路
迎龙路,迎龙路#1,迎龙路,BV09343705,,迎龙路,113.359556,23.197553,30路、39路、492路、775路、夜10路
迎龙路,迎龙路#2,迎龙路,BV09345882,,迎龙路（石门禅院）,113.355806,23.216886,497A路
迎龙路北,迎龙路北,迎龙路北,BV11600788,,迎龙路北,113.358019,23.210476,30路、497A路
盈翠华庭,盈翠华庭,盈翠华庭,BV09006149,2,盈翠华庭②,113.269334,23.173666,175路、265路、34路、36路、38路、544路、547路、66路、706路、706路早间短线、76A路、76路、795路、841路、864路、夜32路、夜9路、大学城专线1路
盈丰路,盈丰路,盈丰路,BV11370357,,盈丰路,113.295474,23.071562,239路、263路、546路、766路环线、836路、960路、991路、广276路
盈丰路总站,盈丰路总,盈丰路总站,BV10017134,,盈丰路,113.295750,23.071487,263路
莹湖公园站,莹湖公园,莹湖公园站,BV09305898,,莹湖公园,113.535060,22.814225,南沙31路支线
营三街,营三街,营三街,BV11486454,,营三街,113.429935,23.546631,从406路
营溪村,营溪村,营溪村,BV11171949,,营溪村,113.338079,23.297222,529路、563路、751路、833路、夜76路、夜86路
瀛洲路,瀛洲路,瀛洲路,BV10018556,,瀛洲路,113.348689,23.050406,35路、468路、86路、997路、夜128路、夜55路
瀛洲路口,瀛洲路口,瀛洲路口,BV10018557,,瀛洲路口,113.344754,23.049109,180路、195路、35路、468路、86路、997路、夜128路、夜34路、夜55路
瀛洲生态公园,瀛洲生态公园,瀛洲生态公园,BV09273926,,瀛洲生态公园,113.354201,23.058641,252路、35路、361路、86路、997路、夜128路
瀛洲生态公园总站,瀛洲生态公园总,瀛洲生态公园总站,BV10022466,,瀛洲生态公园总站,113.355118,23.058645,764路、夜128路
影村总站,影村总,影村总站,BV11152736,,影村总站,113.784100,23.681726,从606路
影田,影田,影田,BV11115123,,影田,113.525078,23.427802,从804路
影田卫生站,影田卫生,影田卫生站,BV11485626,,影田卫生站,113.527945,23.428344,从804路
映日路东,映日路东,映日路东,BV09372029,,映日路东,113.450088,23.174382,科学城3号交通专线/K3路
映日路中,映日路中,映日路中,BV11467024,,映日路中,113.445268,23.172333,科学城3号交通专线/K3路
映月湖北,映月湖北,映月湖北,BV10897343,,映月湖北,113.190785,23.044382,桂09路
拥军路口,拥军路口,拥军路口,BV10472923,,拥军路口,113.162176,23.422155,花80路、花都113路
雍富酒店站,雍富酒店,雍富酒店站,BV09243514,,雍富酒店,113.399375,22.804009,312路、南46路、南47路、南48路、番142路
永安站,永安,永安站,BV10450591,,永安站,112.984404,22.944855,佛251路
永安大道东,永安大道东,永安大道东,BV09322231,,永安大道东,113.582986,23.208583,366路、455路
永安大道西,永安大道西,永安大道西,BV09375548,,永安大道西,113.574399,23.214978,455路
永安大道中,永安大道中,永安大道中,BV09260447,,永安大道中,113.578940,23.211401,366路、455路
永安路西,永安路西,永安路西,BV11681640,,永安路西,113.196464,23.027680,佛232路、商务专线4路、广275路、广275路出场短线
永安学校,永安学校,永安学校,BV09182629,,永安学校,113.615955,23.225464,增城31路、增城35A路
永大社区,永大社区,永大社区,BV11635336,,永大社区,113.397095,23.019419,番51路、番53路
永丰路(华峰路口),永丰路(华峰路口),永丰路(华峰路口),BV11618564,,永丰路（华峰路口）,113.555289,23.220462,341路
永丰市场,永丰市场,永丰市场,BV10253903,,,113.265686,22.859211,314路、佛314路
永福,永福,永福,BV11119547,,,113.662831,23.368534,增城53路
永福路,永福路,永福路站,BV09006407,,永福路,113.295783,23.146885,199路、223路、285路、285路无轨电车短线、547路、706路、706路早间短线、862路、大学城专线4路
永富中路,永富中路,永富中路,BV11214874,,永富中路,113.229217,23.436140,19路直达快线、花19路、花6路、花75A路
永光村,永光村,永光村,BV11370963,,永光村,113.335398,23.431115,708路、花16路、花84路
永和,永和,永和,BV11469405,,永和（崇和花园）,113.590468,23.172770,373路
永和(木古村),永和(木古村),永和(木古村),BV09256083,,永和（木古村）,113.568607,23.218928,366路
永和总站,永和(万科里享家)总#1,永和(万科里享家)总站,BV09385631,,永和（万科里享家）总站,113.562206,23.197148,516路
永和总站,永和(万科里享家)总#1,永和总站,BV10767509,,永和（万科里享家）总站,113.562269,23.197419,330路、506路、夜60路
永和总站,永和(万科里享家)总#2,永和总站,BV11412492,,永和（常春藤）总站,113.555536,23.219115,379路
永和总站,永和(万科里享家)总#3,永和总站,BV10014093,,永和（崇和花园）总站,113.590722,23.172799,446路、566路
永和大道(常春藤),永和大道(常春藤),永和大道,BV09003166,,永和大道（常春藤）,113.554801,23.214879,365A路、365路、366路、379路
永和大道(常春藤),永和大道(常春藤),永和大道(常春藤),BV09294351,,永和大道（常春藤）,113.554621,23.214860,365A路
永和大道(常春藤)总站,永和大道(常春藤)总,永和大道(常春藤)总站,BV09387963,,永和大道（斗塘路口）,113.555558,23.219085,379路
永和大道(斗塘路口),永和大道(斗塘路口),永和大道(斗塘路口),BV09193688,,永和大道（斗塘路口）,113.552707,23.210462,379路
永和大道中,永和大道中,永和大道中站,BV11687953,,永和大道中,113.547571,23.196004,327A路、365A路、366路、371路、566路、571A路、942路、B31路、夜49路
永和禾丰新村总站,永和禾丰新村总,永和禾丰新村总站,BV11444715,,永和禾丰新村总站,113.544366,23.211983,942路
永和加油站,永和加油,永和加油站,BV10014092,,,113.584799,23.181658,371路、394路、446路、566路、571A路、增城38路
永和开发区,永和开发区,永和开发区站,BV10013974,,永和开发区,113.559915,23.194240,341路、371路、394路、446路、506路、566路、571A路、B31路、夜52路
永和开发区总站,永和开发区总,永和开发区总站,BV10490938,,永和开发区总站,113.559915,23.194240,夜49路
永和派出所,永和派出所,永和派出所,BV11624699,,永和派出所,113.588055,23.175856,571A路、增城23路、增城32路内环、增城32路外环、增城35路、增城38路、增夜4路
永和隧道南,永和隧道南,永和隧道南站,BV11687963,,永和隧道南,113.536778,23.175401,327A路、365路、366路、371路、373路、506路、566路、571A路、942路、948路、B31路、夜49路、夜52路
永和贤江公交总站,永和贤江公交总,永和贤江公交总站,BV10483729,,永和贤江公交总站,113.544926,23.207936,327A路、394路、455路、夜52路、333路
永和贤江总站,永和贤江总,永和贤江总站,BV09297712,,,113.544926,23.207936,345A路、396A路环线、396路
永和小学,永和小学,永和小学,BV11118943,,永和小学,113.581708,23.187487,增城23路
永和医院,永和医院,永和医院站,BV09173363,,永和医院,113.586135,23.179047,571A路、增城12路
永和中队,永和中队,永和中队站,BV09173362,,,113.585801,23.180724,394路、增城23路、增城32路内环、增城32路外环、增城35路、增城38路、增夜4路
永和中学,永和中学,永和中学站,BV09393817,,永和中学,113.584667,23.185268,371路、增城21路、增城32路内环、增城32路外环、增城35路、增夜4路
永和中学总站,永和中学总,永和中学总站,BV11276619,,永和中学总站,113.574024,23.197248,增城23路
永和综合楼,永和综合楼,永和综合楼站,BV11688343,,永和综合楼,113.562110,23.193739,371路、394路、446路、566路、夜52路
永华路,永华路,永华路站,BV09368636,,永华路,113.560367,23.225999,455路、948路
永康路,永康路,永康路,BV11430520,,永康路,113.299670,23.227905,981路
永康路中,永康路中,永康路中,BV11430521,,永康路中,113.299021,23.224834,981路
永宽路,永宽路,永宽路,BV11393830,,,113.499680,23.450033,从801路
永乐村,永乐村,永乐村,BV10016657,,永乐村,113.285993,23.488015,花17路联民村、花83B路
永乐村(水渭路口),永乐村(水渭路口),永乐村(水渭路口),BV10432262,,永乐村,113.282000,23.479120,花83B路
永利路,永利路,永利路,BV10432287,,永利路,113.240624,23.363840,花21路、花21路夜班、花30路、花都116路
永利路口(临时站),永利路口(临时站),永利路口(临时站),BV09406054,,,113.245910,23.365237,花30路
永利路口(临时站),永利路口(临时站),永利路口,BV10017263,,永利路口,113.245910,23.365237,707路、花22路
永利路西,永利路西,永利路西,BV09386978,,,113.223259,23.361719,花都116路
永龙大道(七木桥村),永龙大道(七木桥村),永龙大道(七木桥村)站,BV11483400,,永龙大道（七木桥村）,113.570350,23.262550,365路
永龙大道南,永龙大道南,永龙大道南站,BV11483383,,永龙大道南,113.571313,23.255021,365路
永龙大道中,永龙大道中,永龙大道中站,BV11483382,,永龙大道中,113.569677,23.267959,365路、458路
永宁大道东,永宁大道东,永宁大道东,BV09245556,,永宁大道东,113.654680,23.201823,增城40路
永宁庄,永宁庄,永宁庄,BV11111616,,永宁庄,113.339995,23.320941,797路、985路
永宁总站,永宁总,永宁总站,BV11455034,,永宁总站,113.579646,23.183584,增城21路
永平圩,永平圩,永平圩,BV10619431,,,112.935304,23.421430,655A线、655B路、655路
永善村,永善村,永善村,BV11525012,,永善村,113.454895,22.957883,番111路、番126路、番92路/番92路、番93路、番93路短线
永盛路,永盛路,永盛路站,BV09368634,,永盛路,113.566524,23.225647,455路、948路、永和便民01线
永盛路东,永盛路东,永盛路东站,BV09406410,,永盛路东,113.575297,23.221009,455路、948路、永和便民01线
永顺大道,永顺大道,永顺大道站,BV11690259,,永顺大道,113.556867,23.197117,330路、948路、B31路
永顺大道(民兵路口),永顺大道(民兵路口),永顺大道(民兵路口)站,BV10653034,,永顺大道（民兵路口）,113.580442,23.181562,371路、373路、379路、394路、516路、566路
永顺大道(新安路口),永顺大道(新安路口),永顺大道(新安路口),BV11633391,,永顺大道（新安路口）,113.552619,23.198049,330路、446路
永顺大道(新业路口),永顺大道(新业路口),永顺大道(新业路口),BV09076741,,永顺大道（新业路口）,113.561458,23.196069,330路、948路、B31路
永顺大道东,永顺大道东,永顺大道东,BV10912696,,永顺大道东,113.574621,23.186533,373路、379路、446路、516路、566路、571A路
永顺大道东(新元路口),永顺大道东(新元路口),永顺大道东(新元路口),BV09385629,,永顺大道东（新元路口）,113.570722,23.189856,516路
永顺大道东(摇田河大街),永顺大道东(摇田河大街),永顺大道东(摇田河大街),BV09387045,,永顺大道东（摇田河大街）,113.566355,23.193574,516路
永泰广场,永泰广场,永泰广场,BV11688378,,永泰广场,113.298912,23.232572,529路、563路、665路、66路、76A路、76路、833路、984路、B18路、夜76路
永泰集贤路,永泰集贤路,永泰集贤路,BV09070819,,永泰集贤路,113.297507,23.234917,671路、743路
永泰集贤路总站,永泰集贤路总,永泰集贤路总站,BV09066469,,永泰集贤路总站,113.301467,23.237412,539路、66路、803路、B18路
永泰路口,永泰路口,永泰路口,BV11688401,,永泰路口,113.297567,23.223410,126路、76路、792A路、798路、803路、804路、832路、833路、864路、981路、B18路快线、夜90路、夜95路
永泰新村,永泰新村,永泰新村,BV11683318,,永泰新村,113.300014,23.222875,126路、76路、792A路、803路、804路、832路、833路、864路、981路、夜90路、夜95路
永泰新村口,永泰新村口,永泰新村口,BV11688385,,永泰新村口,113.297118,23.230018,529路、563路、665路、66路、76A路、76路、803路、833路、984路、B18路、夜76路
永泰新村总站,永泰新村总,永泰新村总站,BV10019225,,永泰新村总站,113.296698,23.228975,981路、夜122路
永新,永新,永新,BV11352958,,,113.363563,23.583870,从404路
永兴,永兴,永兴,BV11119545,,,113.611251,23.352216,增城53路
永兴村,永兴村#1,永兴村,BV10022648,,永兴村,113.323851,23.265875,799路
永兴村,永兴村#2,永兴村,BV10387615,,永兴村,113.627793,23.348727,增城11A路、增城11路
永兴村口,永兴村口,永兴村口,BV11171943,2,永兴村口②,113.321478,23.278112,529路、563路、751路、76A路、833路、夜76路、夜86路
永兴村委,永兴村委,永兴村委,BV09208065,,永兴村委,113.324184,23.267373,736路、837路
永兴路口,永兴路口,永兴路口,BV09245154,,,113.622702,23.349473,增城53路
永兴南街口,永兴南街口,永兴南街口,BV10014213,,永兴南街口,113.312369,23.265668,924路、926路、夜62路
永兴市场,永兴市场,永兴市场,BV11689391,,永兴市场,113.151395,23.471225,花23路、花25路、花62路、花81路、花93路
永兴庄总站,永兴庄总,永兴庄总站,BV10014214,,永兴庄总站,113.311099,23.265672,924路、926路、夜62路
永字街,永字街,永字街,BV10023435,,永字街,113.489582,22.981503,番92路/番92路、番93路、番93路短线
涌北大街口,涌北大街口,涌北大街口,BV10570150,,涌北大街口,113.261408,23.193200,421路
涌边村,涌边村,涌边村,BV10942757,,涌边村,113.320070,22.919614,番7路
涌边街,涌边街,涌边街,BV11437179,,,113.276004,23.071422,
涌口村,涌口村,涌口村,BV09406661,,涌口村,113.324651,23.028311,129路、302A路、302路、303A路、303路、51路、987路、夜102路、夜109路、夜88路、番146路、番17路、番182路、番185路、番56路、番58路
涌口村牌坊,涌口村牌坊,涌口村牌坊,BV09406522,,涌口村牌坊,113.326021,23.025590,129路、302A路、302路、303A路、303路、51路、987路、公交地铁接驳专线5路、夜102路、夜109路、夜88路、番146路、番17路、番17路长线、番182路、番185路、番56路、番58路
涌口工业区,涌口工业区,涌口工业区,BV10256652,,涌口工业区,113.056040,22.897179,佛236路
悠方购物公园站,悠方购物公园,悠方购物公园站,BV11370953,,悠方购物公园,113.515995,22.801861,南沙W1A路、南沙W1B路
邮电大厦(德兴路),邮电大厦(德兴路),邮电大厦(德兴路)站,BV11691317,,邮电大厦（德兴路）,113.371512,22.939357,301路、番11路、番6路、番8路、番91路
邮电大厦(清河东路),邮电大厦(清河东路),邮电大厦(清河东路),BV10019882,,邮电大厦（清河东路）,113.370820,22.938250,番12路旅游专线、番13路、番146路、番160路、番165路、番1路、番4路、番51路、番5路、番5路长线、番68路、番97路、番99路、番9路、番9路长线
邮轮母港,邮轮母港,邮轮母港站,BV09099109,,邮轮母港,113.603569,22.776795,南沙24路、南沙5路、南沙旅游1路
邮轮母港公交总站,邮轮母港公交总,邮轮母港公交总站,BV09271784,,邮轮母港公交总站,113.603591,22.777051,南沙旅游1路
邮政局,邮政局,邮政局,BV11415987,,邮政局,113.585600,23.548944,从16路、从7路、从8路
邮政物流中心,邮政物流中心,邮政物流中心,BV10458376,,邮政物流中心,113.216266,23.181814,477路
友好老年公寓,友好老年公寓,友好老年公寓,BV10019233,,友好老年公寓,113.343995,23.240657,246路、747路
友好医院,友好医院,友好医院,BV10019235,,友好医院,113.343254,23.247974,246路、504路、747路、862路、夜74路
友谊大厦,友谊大厦,友谊大厦,BV10019887,,友谊大厦,113.355972,22.945503,番100路、番165路、番1路、番20B路、番30路、番4路、番7路、番夜5路、番108路
友谊路,友谊路,友谊路站,BV11689292,,友谊路,113.526406,23.065575,363路、440路、453路环线、516路、B28路、夜41路、广369路、莞616路、莞618路、莞619路、莞86路
友谊路口,友谊路口,友谊路口,BV10022161,,,113.525806,23.063938,453路环线
余荫山房总站,余荫山房总,余荫山房总站,BV10019910,,余荫山房总站,113.390544,23.014385,番30路、番71路
鱼洞村委,鱼洞村委,鱼洞村委,BV11398022,,鱼洞村委,114.020729,23.778653,从913路
鱼良头,鱼良头,鱼良头,BV11369793,,鱼良头,113.521932,23.491874,从803路、从807路、从808路
鱼茅路,鱼茅路,鱼茅路,BV10018095,,鱼茅路,113.426170,23.101292,348路、431路、夜97路
鱼塘边,鱼塘边,鱼塘边,BV11585813,,,113.269657,23.228396,鹤龙2线
鱼窝头车站,鱼窝头车,鱼窝头车站,BV10015041,,鱼窝头车站,113.453030,22.851609,南34路、南50路、南51路、南57路、番150B路、番150路
鱼窝头大道站,鱼窝头大道,鱼窝头大道站,BV10015042,,鱼窝头大道,113.448079,22.849779,南34路、南50路、南51路、南57路、番150B路
鱼窝头二中,鱼窝头二中,鱼窝头二中站,BV09304950,,,113.399726,22.886131,南36路、南50路、南52路、番5路长线
鱼窝头社区中心,鱼窝头社区中心,鱼窝头社区中心站,BV10018457,,鱼窝头社区中心,113.453387,22.853336,南34路、南50路、南57路、番150路
鱼窝头市场站,鱼窝头市场,鱼窝头市场站,BV10023184,,鱼窝头市场,113.445781,22.870678,南36路、番150路
鱼窝头中学站,鱼窝头中学,鱼窝头中学站,BV10018455,,鱼窝头中学,113.451153,22.860555,南34路、南50路、南57路、番150路
鱼珠码头,鱼珠码头,鱼珠码头,BV10582110,,,113.424292,23.096345,S10航线
鱼珠码头,鱼珠码头,鱼珠码头站,BV11361606,,鱼珠码头,113.424643,23.101027,261路、344路、348路、360路、夜97路
鱼珠码头总站,鱼珠码头总,鱼珠码头总站,BV10018096,,鱼珠码头,113.424946,23.098162,344路、431路
鱼珠总站,鱼珠总,鱼珠总站,BV10419574,,鱼珠总站,113.424867,23.101147,261路
禺山大道西,禺山大道西,禺山大道西,BV10019841,,禺山大道西,113.349514,22.943160,番15路、番30路、番3路、番68路、番6路、番9路、番9路长线、番108路
禺山高级中学(福贤路),禺山高级中学(福贤路),禺山高级中学(福贤路),BV10023344,,禺山高级中学（福贤路）,113.348647,22.923288,番29路
禺山高级中学(西门),禺山高级中学(西门),禺山高级中学(西门),BV10868270,,禺山高级中学（西门）,113.346663,22.924158,番108B路、番130路
禺山高级中学(西门),禺山高级中学(西门),禺山高级中学站,BV11692471,,禺山高级中学,113.347821,22.925878,番108B路、番130路、番15路、番68路、番7路
禺秀园,禺秀园,禺秀园,BV10023310,,禺秀园,113.354059,22.944666,番23路
渔北路,渔北路,渔北路,BV10014296,2,渔北路2,113.372394,23.218668,84A路、84路、夜71路
渔北路中,渔北路中,渔北路中,BV10883025,,渔北路中,113.374849,23.218120,84A路、夜71路
渔东路,渔东路,渔东路,BV10014295,,渔东路,113.378746,23.216840,497路、84A路、夜71路
渔沙坦,渔沙坦,渔沙坦,BV10847070,,渔沙坦（中山村）总站,113.372292,23.215557,492路、84A路、84路、夜71路
渔沙坦(旺岗)总站,渔沙坦(旺岗)总,渔沙坦(旺岗)总站,BV09321327,,渔沙坦（旺岗）总站,113.366486,23.220021,84路
渔沙坦(渔东路)总站,渔沙坦(渔东路)总,渔沙坦(渔东路)总站,BV09254008,,渔沙坦（渔东路）总站,113.381682,23.219779,497路
渔沙坦(中山村)总站,渔沙坦(中山村)总,渔沙坦(中山村)总站,BV09343729,,渔沙坦（中山村）总站,113.362187,23.218249,492路
渔沙坦总站(旺岗),渔沙坦总站(旺岗),渔沙坦总站(旺岗),BV10424814,,渔沙坦（旺岗）总站,113.366318,23.220165,84路
渔沙坦总站(渔东路),渔沙坦总站(渔东路),渔沙坦总站(渔东路),BV10389049,,渔沙坦（渔东路）总站,113.381763,23.219617,497路
渔沙坦总站(渔中路),渔沙坦总站(渔中路),渔沙坦(渔中路)总站,BV09404923,,渔沙坦（渔中路）总站,113.374838,23.213363,夜71路
渔沙坦总站(渔中路),渔沙坦总站(渔中路),渔沙坦总站(渔中路),BV10014298,,渔沙坦（渔中路）总站,113.374838,23.213363,491路、84A路、夜71路
渔尾大桥东,渔尾大桥东,渔尾大桥东站,BV10798987,,渔尾大桥东,113.223515,23.061647,19路、285路、410路、445路环线、525路、770路、787路、商务专线4路、广275路、桂12路、桂21路
渔兴路,渔兴路,渔兴路,BV11687879,,渔兴路,113.370738,23.209074,492路、84路
渔兴路口,渔兴路口,渔兴路口,BV09343707,,渔兴路口,113.368486,23.204774,492路、84路
渔中路站,渔中路,渔中路站,BV10847067,,渔中路,113.377714,23.213350,491路
渔中路口,渔中路口,渔中路口,BV09002662,,渔中路口,113.372476,23.212398,492路、84路
雨洪公交总站,雨洪公交总,雨洪公交总站,BV11679651,,雨洪公交总站,113.507937,22.768190,南沙23路
玉德堂站,玉德堂,玉德堂站,BV10018626,,玉德堂,113.569816,22.761271,九王庙临时接驳线内环、九王庙临时接驳线外环、南沙5路、南沙62路
玉兰路,玉兰路,玉兰路,BV10022495,,玉兰路,113.239355,23.057836,770路
玉兰路(喜乐路口),玉兰路(喜乐路口),玉兰路(喜乐路口),BV09232377,,玉兰路（喜乐路口）,113.239382,23.055020,64路、770路
玉兰路南,玉兰路南,玉兰路南,BV11203937,,玉兰路南,113.236873,23.047880,64路
玉兰路中,玉兰路中,玉兰路中,BV11206914,,玉兰路中,113.238201,23.050043,64路
玉麟一路,玉麟一路,玉麟一路,BV09391396,,玉麟一路,113.552394,23.297914,442路
玉树大街口,玉树大街口,玉树大街口,BV10976451,,玉树大街口,113.430756,23.155354,科学城3号交通专线/K3路、320路
玉树新村,玉树新村,玉树新村站,BV11412816,,玉树新村,113.432524,23.158529,345路、364路、448路、581路、945路
玉树新村口,玉树新村口,玉树新村口,BV11504664,,玉树新村口,113.429172,23.162172,335路、364路、371路、396路、448路、494路、496路、506路、B4A路、夜81路
玉树新村路口,玉树新村路口,玉树新村路口站,BV10885198,,玉树新村路口,113.430360,23.156607,344路、495路
玉树新村总站,玉树新村总,玉树新村总站,BV10021353,,玉树新村总站,113.429308,23.159239,344路、495路
玉虚宫,玉虚宫,玉虚宫,BV09242698,,玉虚宫,113.328294,23.310447,471路、735路、797路、659路
玉岩路南,玉岩路南,玉岩路南,BV11688058,,玉岩路南,113.528009,23.170741,365A路、367路、397路、506路、571A路、942路、夜49路
玉岩路中,玉岩路中,玉岩路中,BV11680106,,玉岩路中,113.523246,23.178357,367路、397路、506路、571A路、942路、夜49路
玉枕村,玉枕村,玉枕村,BV11578765,,玉枕村,113.705867,23.492783,增城59路
育才东路,育才东路,育才东路,BV10507266,,育才东路,113.281885,23.459082,花4路
育才路何家庄,育才路何家庄,育才路何家庄,BV11634513,,育才路何家庄,113.222010,23.451807,花86路
育龙中学,育龙中学,育龙中学,BV11624631,,育龙中学,113.425865,22.968446,番72路、番79路、番83路
育山四路中,育山四路中,育山四路中,BV09386112,,育山四路中,113.651057,23.305961,370路、增城71路
育山一路中,育山一路中,育山一路中,BV09181062,,育山一路中,113.661548,23.290184,370路、增城2路、科教城2路
育水一路中,育水一路中,育水一路中,BV09398101,,育水一路中（南行）,113.668727,23.291165,科教城1路
育贤路口,育贤路口,育贤路口,BV10021184,,育贤路口（广医一院大坦沙院区）,113.213862,23.136202,25路、261路、555路、783路、夜95路、夜99路、沥20路、广205路
育英路,育英路,育英路,BV11636887,,育英路,113.405567,23.128821,404路
郁水园,郁水园,郁水园,BV10796596,,郁水园,113.160085,23.197553,佛252路、佛里07B路、佛里07路、里07路、里07路短线/佛里07路里广快线、里07路高峰线
御华园,御华园,御华园,BV11689387,,御华园,113.182695,23.450781,花62路、花81路
裕安围,裕安围,裕安围,BV10811385,,,113.220752,23.061826,445路环线
裕安围东约,裕安围东约,裕安围东约,BV10022525,,,113.223062,23.065715,445路环线
裕丰钢铁厂站(南门),裕丰钢铁厂站(南门),裕丰钢铁厂站,BV10023177,,裕丰钢铁厂,113.409027,22.886709,南36路、番150路
裕丰钢铁厂站(南门),裕丰钢铁厂站(南门),裕丰钢铁厂站(南门),BV11575316,,,113.409032,22.886709,南36路
裕丰桥,裕丰桥,裕丰桥,BV10019786,,,113.484993,22.942343,番149路
裕丰围总站,裕丰围总,裕丰围总站,BV09245156,2,裕丰围总站,113.450411,23.098811,348路
裕海路,裕海路,裕海路,BV10017979,,裕海路,113.190971,23.072198,207路、670路
裕海路总站,裕海路总,裕海路总站,BV11265333,,裕海路总站,113.190971,23.072198,夜113路
誉山国际北门总站,誉山国际北门总,誉山国际北门总站,BV11465372,,,113.603462,23.189584,373路
誉山国际五区,誉山国际五区,誉山国际五区,BV11244693,,誉山国际五区,113.602034,23.180656,373路、增城30路、增城43路
誉山国际五区总站,誉山国际五区总,誉山国际五区总站,BV11380372,,誉山国际五区总站,113.604666,23.176701,增城30路
元贝站,元贝,元贝站,BV09320715,,元贝,113.487624,23.189263,327A路、夜124路
元贝桥站,元贝桥,元贝桥站,BV11476541,,元贝桥,113.490067,23.190550,327路、392路
元汾村,元汾村,元汾村,BV11138640,,元汾村,113.648212,23.451248,增城51路、增城73路
元岗村,元岗村#1,元岗村,BV10016358,,元岗村,113.336634,23.178327,126路、83路、884路、夜90路
元岗村,元岗村#2,元岗村,BV11463930,,元岗村,113.831234,23.194555,增城88路
元岗横路,元岗横路,元岗横路,BV11688463,,元岗横路,113.329985,23.181381,126路、136路、140路、498路、784路、791路、804路、83路、884路、夜90路、241路
元岗横路(景晖苑),元岗横路(景晖苑),元岗横路(景晖苑),BV09017264,,元岗横路（景晖苑）,113.332252,23.179125,126路、498路、83路、884路、夜90路
元岗横路东,元岗横路东,元岗横路东,BV10019397,,元岗横路东,113.337721,23.173953,498路、83路、884路
元岗横路中,元岗横路中,元岗横路中,BV10021464,,元岗横路中,113.334251,23.177196,498路
元岗路(南兴花园),元岗路(南兴花园),元岗路,BV10016357,,元岗路,113.332425,23.180361,126路、140路、498路、784路、791路、83路、884路、夜90路
元岗路(南兴花园),元岗路(南兴花园),元岗路(南兴花园),BV11607313,,元岗路（南兴花园）,113.332208,23.180435,126路、83路、884路
元岗路(元辉街口),元岗路(元辉街口),元岗路(元辉街口),BV11447220,,元岗路（元辉街口）,113.330133,23.179814,140路、784路
元岗市场,元岗市场,元岗市场,BV10252425,,,113.078743,23.184641,佛244B路
元岗总站,元岗总,元岗总站,BV11175687,,元岗（远洋天骄）总站,113.330458,23.176938,140路、784路
元杰纪念公园,元杰纪念公园,元杰纪念公园,BV11600167,,元杰纪念公园,113.294495,23.253352,嘉禾5线
元美村,元美村,元美村,BV11463934,,元美村,113.816898,23.194475,增城88路
元下田,元下田,元下田(停北行),BV09072536,1,元下田①,113.289810,23.218821,244路、245路
元下田,元下田,元下田2,BV09161363,2,元下田①,113.290509,23.219935,126路、244路、245路、38路、529路、563路、66路、76A路、76路、792A路、798路、803路、832路、864路、B18路、B18路快线、夜90路、夜95路
元下田,元下田,元下田,BV11687852,2,元下田②,113.290509,23.219935,126路、864路、B18路、B18路快线、夜122路、夜90路
元下田村,元下田村,元下田村,BV11478464,,元下田村,113.295239,23.220195,76路、792A路、798路、803路、981路
元下田南路口,元下田南路口,元下田南路口,BV10018999,,元下田南路口,113.293198,23.217497,798路
元下田三路口,元下田三路口,元下田三路口,BV10018998,,元下田三路口,113.294390,23.219210,798路
元新街,元新街,元新街,BV11175207,,元新街,113.388131,23.198960,491路
元洲,元洲,元洲,BV10515326,,元洲,113.613296,23.081905,莞615路
元洲村,元洲村,元洲村,BV10024134,,元洲村,113.793308,23.168758,增城55路、增城57路、增城76路、莞76路
元洲岗,元洲岗,元洲岗,BV10020880,,元洲岗,113.542944,23.497467,从5路、从5路长线、从904路、从夜1路
员村,员村#1,员村,BV09242192,1,员村①,113.359104,23.124934,137路、218路、239路、243路、261路、40路、44路、517路、53路、541路、547路、548路、562路、B11路、B15路、B22路、夜132路、夜13路、夜27路、夜39路、夜40路、夜93路、大学城专线4路
员村,员村#2,员村,BV11329585,,员村（怡景花园）,113.350446,23.119674,540路、542路
员村东,员村东,员村东,BV09243513,1,员村东,113.373906,23.121158,218路、261路、28路、40路、44路、517路、518路、53路、548路、562路、764路、B15路、夜13路、夜27路、夜93路、550路
员村东,员村东,员村东2,BV09291509,2,员村东②,113.373629,23.121441,218路、28路、408路、40路、44路、764路
员村二横路,员村二横路,员村二横路,BV10017739,,员村二横路,113.357070,23.123571,140路、284路、293路、299路、40路、44路、771路、夜132路、夜18路
员村二横路南,员村二横路南,员村二横路南,BV10021889,,员村二横路南,113.357844,23.113863,284路、293路、299路、40路、44路、771路、夜132路
员村家乐福,员村家乐福,员村家乐福,BV10022027,,,113.352989,23.124991,401路
员村南街,员村南街,员村南街,BV10022030,,,113.350338,23.116292,401路
员村山顶,员村山顶,员村山顶,BV09006109,2,员村山顶②,113.352486,23.126536,194路、243路、245路、504路、541路、562路、583路、B15路、B22路、B8路、夜13路、夜18路、夜27路、夜35路、夜36路、夜39路、夜40路、夜93路、大学城专线4路
员村山顶,员村山顶,员村山顶2,BV09285359,2,员村山顶②,113.352383,23.126557,137路、218路、261路、284路、299路、517路、518路、53路、540路、541路、542路、547路、548路、901A路、B15路、B22路、夜13路、夜18路、夜27路、夜35路、夜36路
员村山顶,员村山顶,员村山顶3,BV09285360,3,员村山顶③,113.353248,23.126406,140路、194路、218路、243路、261路、284路、299路、518路、53路、540路、542路、547路、562路、583路、901A路、B8路、夜93路
员村生活区(中山六院),员村生活区(中山六院),员村生活区(中山六院),BV09317630,,,113.357436,23.122175,284路
员村生活区(中山六院),员村生活区(中山六院),员村生活区,BV10021887,,员村生活区（中山六院）,113.357491,23.121975,284路、293路、299路、40路、44路、771路、夜132路
员村四横路,员村四横路,员村四横路站,BV11519170,,员村四横路,113.365470,23.120784,243路、B11路
员村四横路口,员村四横路口,员村四横路口2,BV09302573,2,员村四横路口②,113.365853,23.123090,137路、239路、243路、261路、496路、506路、517路、518路、541路、547路、548路、901A路、B15路、B22路、夜132路、夜40路、夜93路
员村四横路口,员村四横路口,员村四横路口,BV11688540,2,员村四横路口②,113.365385,23.123204,140路、218路、239路、261路、28路、40路、44路、517路、518路、53路、547路、548路、562路、901A路、B11路、B15路、B22路、夜13路、夜27路、夜39路、夜40路、夜93路、大学城专线4路
员村同乐花园总站,员村同乐花园总,员村同乐花园总站,BV10022031,,,113.349697,23.114319,401路
员村西街,员村西街,员村西街,BV10018542,,员村西街,113.355801,23.123851,401路、504路、540路、542路、583路、夜35路
员村西街西,员村西街西,员村西街西,BV11329582,,员村西街西,113.347879,23.122469,583路
员村西街中,员村西街中,员村西街中,BV11329586,,员村西街中,113.350496,23.122286,504路、540路、542路、583路、夜35路
员村一横路,员村一横路,员村一横路,BV10022311,,员村一横路,113.347171,23.123195,245路、540路、542路、583路
员村一横路总站,员村一横路总,员村一横路总站,BV10013630,,员村一横路总站,113.347191,23.126627,245路、504路、540路、542路、583路、夜35路
员村总站,员村总#1,员村总站,BV11492234,2,员村总站②,113.361383,23.122371,140路、夜18路
员村总站,员村总#2,员村总站,BV10389050,2,员村（美林花园）总站,113.361072,23.112576,243路、284路、299路、B11路
员岗,员岗,员岗,BV10014321,,员岗,113.355685,23.018137,302A路、公交地铁接驳专线8路、番17路、番17路长线、番30路、番52路、番53路
员工大厦,员工大厦,员工大厦,BV09348432,,员工大厦,113.522958,23.055666,363路、567路、夜49路、莞619路
员工服务中心,员工服务中心,员工服务中心,BV10973953,,,113.298213,23.370403,空港1路、空港2路、空港2路公交短线
园圃路口,园圃路口,园圃路口,BV11630888,,园圃路口,113.824730,23.290023,增城6路
园坛岭路,园坛岭路,园坛岭路,BV11477130,,,113.264091,23.239337,755路
园坛岭路总站,园坛岭路总,园坛岭路总站,BV10388955,,,113.260217,23.239573,755路
园夏村南,园夏村南,园夏村南,BV10018048,,园夏村南,113.280922,23.284335,427路
园夏村总站,园夏村总,园夏村总站,BV10509687,,园夏村总站,113.280437,23.281189,427路
原尚物流站,原尚物流,原尚物流站,BV11118949,,原尚物流,113.618919,23.170065,增城45路
原野实业,原野实业,原野实业,BV10326931,,原野实业,113.844275,23.270982,增城4路、增城74路
圆玄道观,圆玄道观,圆玄道观,BV09307813,,圆玄道观,113.175335,23.400318,花22路、花2路、花68路、花68路白坭班车、花68路短线、花80路、花都113路
圆玄小学,圆玄小学,圆玄小学,BV11364432,,圆玄小学,113.202629,23.403503,715路、花105路、花109路、花18路、花23路、花75路、花9路、花都113路
圆玄中学,圆玄中学,圆玄中学,BV10812555,,圆玄中学,113.207334,23.412040,花76路、花7路
袁家涌南门楼,袁家涌南门楼,袁家涌南门楼,BV10262625,,,113.682966,23.103930,莞G7路
源和村,源和村,源和村,BV10471819,,源和村,113.273851,23.498715,花83B路
源和村西,源和村西,源和村西,BV10471816,,源和村西,113.268274,23.497623,花83B路
源湖村,源湖村,源湖村,BV11115190,,源湖村,113.654936,23.618316,从19路、从20路
源湖村五社,源湖村五社,源湖村五社,BV11351405,,源湖村五社,113.658698,23.618890,从20路
源祥路,源祥路,源祥路,BV09070823,,源祥路,113.492509,23.158886,336路、393路
猿啼岭,猿啼岭,猿啼岭,BV11115222,,猿啼岭,113.715165,23.625006,从14路、从19路
远安路,远安路,远安路,BV10018612,,远安路,113.278827,23.110704,211路、229路、247路、36路、548路、旅游公交2线
远安路南,远安路南,远安路南,BV10991256,,远安路南,113.278454,23.109899,460A路
远景路,远景路,远景路1,BV09168358,1,远景路①,113.251461,23.175400,268路、32路、475路、58A路、58路、752路、807A路、夜107路、夜12路、广424路
远景路,远景路,远景路,BV11688397,2,远景路②,113.249509,23.175260,271路、32路、475路、58A路、58路、63路、夜105路、夜107路、夜122路、夜12路、广424路
约场村,约场村,约场村,BV10014834,,约场村,113.769195,23.432468,增城15路、增城15路快线、增城16路、增城41路、增城73路
月亮湾公园,月亮湾公园,月亮湾公园,BV11118938,,,113.887858,23.423290,增城42路
月荣村路口,月荣村路口,月荣村路口,BV11335402,,月荣村路口,113.409993,23.687141,从10路
岳埔村,岳埔村,岳埔村,BV11085641,,岳埔村,113.752456,23.152100,增城56路
岳村站,岳村,岳村站,BV09233663,,,113.847664,23.435783,增城42路
岳湖村,岳湖村,岳湖村,BV10015375,,岳湖村,113.700829,23.225901,增城13路、增城65路
岳利沙,岳利沙,岳利沙,BV10251750,,岳利沙,113.140415,23.080556,佛276路/佛276
岳溪村,岳溪村,岳溪村,BV10023069,,岳溪村,113.463753,22.984115,番126路、番128路
悦成路,悦成路,悦成路,BV10022517,,悦成路,113.226424,23.094702,780路、782路
悦方城,悦方城,悦方城,BV09221554,,悦方城,113.497841,22.817582,南沙61路短线
悦峰三街,悦峰三街,悦峰三街,BV10654283,,悦峰三街,113.193110,23.162489,790路、广276路、广283路
悦峰三街路口,悦峰三街路口,悦峰三街路口,BV10785201,,悦峰三街路口,113.192227,23.164487,12A路环线、790路、广12路、广276路、广283路、广高峰快线30路
悦和公园,悦和公园,悦和公园,BV09125835,,,113.404554,23.276458,帽峰山旅游专线1线
悦景路东,悦景路东,悦景路东,BV11486940,,悦景路东,113.428848,23.144645,403路、490路
悦景路西,悦景路西,悦景路西,BV11240169,,悦景路西,113.418600,23.148020,490路、508路、573路
悦景路中,悦景路中,悦景路中,BV11240167,,悦景路中,113.423001,23.146389,490路、508路、573路
悦顺装饰材料城,悦顺装饰材料城,悦顺装饰材料城站,BV09393818,,悦顺装饰材料城,113.579244,23.114578,571路、增城22路、增城22路/增22路、增城25路、增城29路、增城37路、增城39路、增城45路
悦兴综合市场,悦兴综合市场,悦兴综合市场,BV09355001,,悦兴综合市场,113.561348,23.113201,454路环线、571路、增城22路、增城29路、增城45路
悦云路口,悦云路口,悦云路口,BV09345881,,悦云路口,113.265029,23.200526,199路、420路
悦云路口总站,悦云路口总,悦云路口总站,BV09327367,,,113.264348,23.199829,420路
阅江路总站(珠江啤酒厂),阅江路总站(珠江啤酒厂),阅江路总站(珠江啤酒厂),BV09308787,,阅江路（珠江啤酒厂）总站,113.338236,23.105974,765路
阅江路总站(珠江啤酒厂),阅江路总站(珠江啤酒厂),阅江路总站,BV10022468,,阅江路（珠江啤酒厂）总站,113.338236,23.105974,765路、779路
阅江西路东,阅江西路东,阅江西路东站,BV10022810,,阅江西路东,113.344996,23.107787,303A路、B7路、夜108路、旅游观光1线
阅江西路西,阅江西路西,阅江西路西站,BV10022467,,阅江西路西,113.330361,23.110073,303A路、B7路、夜108路、广州塔1号线、旅游观光1线
阅江西路中,阅江西路中,阅江西路中站,BV10022811,,阅江西路中,113.339043,23.108979,303A路、B7路、南沙K1路支线、夜108路、广州塔1号线、旅游观光1线
阅江中路,阅江中路,阅江中路站,BV10022808,,阅江中路,113.351724,23.106845,303A路、B7路、夜108路、旅游观光1线
阅江中路东站,阅江中路东,阅江中路东站,BV10024445,,阅江中路东,113.366752,23.106726,303A路、夜108路、旅游观光1线
粤垦路瑞心苑,粤垦路瑞心苑,粤垦路瑞心苑,BV11519173,,粤垦路瑞心苑,113.326260,23.158336,503路、54路、89路、B11路、夜10路
粤溪村,粤溪村,粤溪村,BV10022414,,粤溪村,113.229589,23.167155,80路
粤新船厂总站,粤新船厂总,粤新船厂总站,BV10405467,,粤新船厂总站,113.373645,22.780981,南沙58路
越峰电子厂,越峰电子厂,越峰电子厂,BV11118940,,越峰电子厂,113.839932,23.269241,增城4路
越华路,越华路,越华路,BV10018741,2,越华路,113.263387,23.131844,185路、6路、夜5路
越秀北路,越秀北路,越秀北路,BV10016685,,越秀北路,113.268422,23.137866,184路、220路
越秀滨海新城站,越秀滨海新城,越秀滨海新城站,BV11206067,,越秀滨海新城,113.546044,22.817980,南沙20路
越秀公园,越秀公园,越秀公园2,BV09226094,2,越秀公园②,113.256244,23.144954,124路、182路、211路、21路、244A路、244路、24路、265路、273路、519路、528路、555路、556路、58A路、58路、夜107路、夜12路、夜22路、夜26路、夜40路、101路、108路、105路、113路
越秀公园,越秀公园,越秀公园1,BV09266313,1,越秀公园①,113.256203,23.145914,211路、256路、夜79路、110路、101路、108路、109路、105路、113路
越秀公园,越秀公园,越秀公园3,BV11596047,3,越秀公园③,113.256298,23.145520,124路、182路、186路、244A路、244路、24路、265路、273路、284路、58A路、58路、夜107路
越秀公园,越秀公园,越秀公园,BV11688125,2,越秀公园②,113.256298,23.145520,夜26路
越秀公园北门,越秀公园北门,越秀公园北门,BV09010640,1,越秀公园北门①,113.258942,23.148046,862路、B2A路、B2路
越秀公园北门,越秀公园北门,越秀公园北门1,BV09226120,1,越秀公园北门①,113.259847,23.147785,185路、225路、278路、280路、301A路、545路、886路、93路、夜105路、夜121路、夜14路、夜15路、夜25路、夜41路、夜77路、夜88路、110路、109路
越秀可逸阳光,越秀可逸阳光,越秀可逸阳光,BV10848924,,越秀可逸阳光,113.367375,22.915074,番19路
越秀南路,越秀南路,越秀南路2,BV09319720,2,越秀南路②,113.272849,23.121800,125路、184路、194路、24路、264路、35路、36路、519路、541路、54路、7路、80路、夜107路、夜12路、夜16路、夜39路、广12路、101路、104路
越秀南路,越秀南路,越秀南路,BV11687913,1,越秀南路①,113.272900,23.121685,125路、182路、184路、194路、222路、24路、264路、35路、519路、541路、80路、91路、夜12路、夜16路、夜39路
越秀桥,越秀桥,越秀桥2,BV09246905,2,越秀桥②,113.274525,23.133814,125路、185路、209路、236路、27路、284路、293路、483路、54路、56路、B4路、夜18路、夜19路、夜38路
越秀桥,越秀桥,越秀桥,BV11688510,1,越秀桥①,113.275248,23.133817,133路、204路、261路、2路、305路、518路、62路、74路、B3路、夜69路、广283路、广283路班车、广高峰快线30路
越秀桥(越秀北路),越秀桥(越秀北路),越秀桥(越秀北路),BV11478683,,越秀桥（越秀北路）,113.270862,23.136064,184路、220路
越秀造纸厂,越秀造纸厂,越秀造纸厂站,BV10803820,,越秀造纸厂,113.503739,22.736959,南10路、南沙10路短线
越秀中路,越秀中路,越秀中路,BV10016683,,越秀中路（鲁迅纪念馆）,113.273127,23.127151,184路、222路、54路、80路
云埔二路,云埔二路,云埔二路,BV11467009,,云埔二路,113.532369,23.151024,323路、335路、340路、349路
云埔二路东,云埔二路东,云埔二路东,BV11467015,,云埔二路东,113.536943,23.150817,323路、349路、439路、579路
云埔工业区,云埔工业区,云埔工业区,BV11687962,,云埔工业区,113.522636,23.149681,335路、375路、397路、566路、569路、941路、946路、B31路、夜49路
云埔工业区口,云埔工业区口,云埔工业区口,BV11467004,,云埔工业区口,113.523806,23.148550,335路、340路、347路、349路、516路、579路、941路、夜98路
云埔四路,云埔四路,云埔四路,BV10833214,,云埔四路,113.523269,23.159023,566路、夜52路
云埔一路,云埔一路,云埔一路,BV11379024,,云埔一路,113.532570,23.148178,347路、516路、579路、941路、夜98路
云埔一路总站,云埔一路(中一药业)总,云埔一路总站,BV10017550,,云埔一路（中一药业）总站,113.539400,23.148120,335路、340路、941路
云埔一路总站,云埔一路(中一药业)总,云埔一路(中一药业)总站,BV10991201,,云埔一路（中一药业）总站,113.539286,23.148047,夜98路
云城东路,云城东路,云城东路,BV11434550,,,113.257117,23.168627,752路
云城东路(云城南二路口),云城东路(云城南二路口),云城东路(云城南二路口),BV10021055,,云城东路（云城南二路口）,113.261887,23.173980,651路、661路、662路、742路、795路、981路、982路、夜75路
云城东路(云城南三路口),云城东路(云城南三路口),云城东路(云城南三路口),BV11137842,,云城东路（云城南三路口）,113.262761,23.175630,479路、651路、661路、662路、742路、795路、980路环线、981路、982路、夜75路、夜82路、980路
云城东路北,云城东路北,云城东路北(停南行),BV09320410,,,113.277470,23.201769,660路环线
云城东路北,云城东路北,云城东路北站,BV10018408,,云城东路北,113.277469,23.201767,36路、420路、651路、660路环线、841路、982路、夜114路
云城东路口,云城东路口,云城东路口,BV11434549,,,113.255985,23.167764,752路
云城东路南,云城东路南,云城东路南,BV10019170,,云城东路南,113.265324,23.179604,651路、795路、980路环线、981路、982路、夜75路、980路
云城东路中,云城东路中,云城东路中,BV11553822,,云城东路中,113.271154,23.190332,36路
云城南,云城南,云城南1,BV09226082,1,云城南①,113.255917,23.167523,280路、298路、58路、807A路、807路、810路、886路、夜22路、夜35路
云城南,云城南,云城南站1,BV09406832,1,云城南①,113.255916,23.167526,244A路、244路、58A路、63路、夜105路
云城南,云城南,云城南,BV10013708,2,云城南2,113.255916,23.167526,199路、251路、254路、32路、夜121路
云城南二路,云城南二路,云城南二路,BV10018318,,云城南二路,113.260205,23.173350,479路、752路、980路环线、981路、夜75路、夜82路、980路
云城南二路总站,云城南二路总,云城南二路总站,BV10019539,,云城南二路总站,113.258930,23.174136,651路、975路
云城南四路,云城南四路,云城南四路,BV10019067,,云城南四路,113.261485,23.179648,662路、742路、980路环线、夜75路、980路
云城西路,云城西路,云城西路,BV10021167,,云城西路（地铁萧岗站）,113.271820,23.200011,660路环线、742路、759路环线、981路、广424路
云城西路(白云区图书馆),云城西路(白云区图书馆),云城西路(白云区图书馆),BV10021165,,云城西路（白云区图书馆）,113.273752,23.205759,742路、759路环线、981路、广424路
云城西路(机场路口),云城西路(机场路口),云城西路(机场路口),BV10021482,,云城西路（机场路口）,113.256463,23.172020,661路、752路、981路
云城西路(云城南四路口),云城西路(云城南四路口),云城西路(云城南四路口),BV10021065,,云城西路（云城南四路口）,113.261260,23.181430,199路、34路、529路、651路、742路、759路环线、夜121路
云城西路南,云城西路南,云城西路南,BV10021066,,云城西路南,113.258631,23.176795,199路、529路、651路、夜121路
云城西路中,云城西路中,云城西路中,BV10022731,,云城西路中,113.268911,23.194941,199路、421路、555路、651路、742路、759路环线、981路、夜114路
云城中二路,云城中二路,云城中二路,BV10436783,,云城中二路（地铁白云文化广场站）,113.270456,23.191837,421路、759路环线、夜114路、广424路
云城中三路,云城中三路,云城中三路,BV09223455,,云城中三路（地铁白云文化广场站）,113.269801,23.193882,421路
云城中一路,云城中一路,云城中一路,BV10021168,,云城中一路,113.271146,23.188150,841路
云顶,云顶,云顶,BV11246368,,云顶,113.566524,23.159964,516路、增城28路、增城43路
云峰花园,云峰花园,云峰花园,BV09000461,,云峰花园,113.242888,23.380916,707路、花11路、花22路、花30路、花都116路
云峰路口,云峰路口,云峰路口,BV10472925,,云峰路口,113.165654,23.407001,花2路、花都113路
云港路,云港路,云港路,BV10019066,,云港路,113.257425,23.183284,34路、662路、757路、980路环线、夜75路、980路
云桂村,云桂村,云桂村,BV10021130,,云桂村,113.276197,23.102264,129路、14路、192路、44路、5路、768路、823路、88路、93路、夜102路、夜30路、夜8路、广276路
云景花园,云景花园,云景花园,BV11688407,,云景花园,113.326102,23.183336,126路、136路、784路、791路、804路、83路、京溪2线、夜74路、夜90路、241路
云骏路,云骏路,云骏路,BV10017380,,云骏路,113.534285,23.145983,323路、439路
云骏路中,云骏路中,云骏路中,BV10017549,,云骏路中,113.534285,23.149068,335路、340路、439路、579路
云康南路,云康南路,云康南路,BV11694344,,云康南路,113.273275,23.216444,794路
云良路东康路口,云良路东康路口,云良路东康路口,BV10253898,,,113.254254,22.844843,314路、佛314路
云龙路,云龙路,云龙路,BV10984925,,云龙路,113.266307,23.172456,34路、661路
云龙路口,云龙路口,云龙路口,BV11267333,,云龙路口,113.265410,23.172812,479路、夜82路
云龙路南,云龙路南,云龙路南,BV09245638,,云龙路南,113.265488,23.169996,34路、661路
云路居委会,云路居委会,云路居委会,BV10253900,,,113.258378,22.849245,314路、佛314路
云路市场,云路市场,云路市场,BV10253899,,,113.257157,22.847648,314路、佛314路
云启路,云启路,云启路站,BV09276326,,云启路,113.276310,23.222495,425路、793路、984路、夜119路
云山居,云山居,云山居,BV11478463,,云山居,113.291454,23.215276,76路、798路、803路
云山路中,云山路中,云山路中站,BV11147685,,云山路中,113.205498,23.385417,713路、花16路、花23路
云山诗意,云山诗意#1,云山诗意,BV10017747,,云山诗意,113.286678,23.222892,38路、666路、667路、755路、798路、981路、984路、夜76路
云山诗意,云山诗意#2,云山诗意站,BV09243522,,云山诗意,113.524600,22.791966,南沙12路、南沙20路、南沙31路A线、南沙31路B线、南沙38路、南沙W1A路、南沙W1B路
云山诗意,云山诗意#3,云山诗意,BV10387102,,云山诗意,113.797958,23.300944,增城47路、增城77路、增城80路
云山隧道,云山隧道,云山隧道,BV09158995,,云山隧道,113.275233,23.188740,841路
云山中学(龙珠路),云山中学(龙珠路),云山中学(龙珠路),BV10432285,,云山中学（龙珠路）,113.223051,23.399945,715路、花16路、花19路、花25路、花2路、花30路、花70路、花70路短线、花75路、花8路、花9路
云生二路路口站,云生二路路口,云生二路路口站,BV09260270,,,113.435834,22.752228,南56路
云台花园,云台花园,云台花园3,BV09364566,3,云台花园③,113.290831,23.156539,179路、199路、223路、285路、46路
云台花园,云台花园,云台花园1,BV09373903,1,云台花园①,113.290015,23.156851,179路、210路、257路、46路、高峰快线21路、高峰快线80路、241路
云台花园,云台花园,云台花园站2分站,BV09376384,,,113.286957,23.157430,199路、245路、257路、63路、B18路、夜35路
云台花园,云台花园,云台花园,BV11371562,2,云台花园②,113.289626,23.156751,257路、285路无轨电车短线、32路、63路、大学城专线1路、高峰快线21路、241路
云台花园站2,云台花园站2,云台花园站2,BV09376437,2,,113.291404,23.156522,
云台花园,云台花园总,云台花园2,BV09364271,2,云台花园②,113.289188,23.156843,175路、210路、223路、298路、32路、540路、841路、B16路、B18路、B18路快线、夜35路
云台花园,云台花园总,云台花园总站,BV10014637,2,云台花园总站,113.290052,23.158314,24路、285路、285路无轨电车短线、B16路、旅游公交1线、241路
云祥居委,云祥居委,云祥居委,BV10022681,,云祥居委,113.312608,23.207630,923路
云祥路,云祥路,云祥路,BV10323129,,云祥路,113.315751,23.205258,923路
云霄街总站,云霄街总,云霄街总站,BV11621849,,,113.258582,23.184861,34路
云霄路,云霄路,云霄路站,BV10713654,,云霄路,113.259476,23.185659,175路、271路、34路、522路、757路、980路环线、夜122路、夜75路、广424路、980路
云信路,云信路,云信路,BV09064400,,云信路（玉泉学校）,113.524631,23.163005,336路、338路、358路、367路、391A路、391路、566路、夜52路
云信路北,云信路北,云信路北,BV09064401,,云信路北,113.523669,23.166039,336路、338路、358路、367路、391A路、391路、566路、夜52路
云星村,云星村#1,云星村,BV09143620,,云星村,113.364902,22.960822,302路、303路、夜88路、番10路、番143路、番145路、番146路、番27路、番7路
云星村,云星村#2,云星村,BV10014698,,云星村,113.625724,23.613558,从11路、从12路、从19路、从20路、从4路、从701路、从4路快线
云星钱隆天誉,云星钱隆天誉,云星钱隆天誉,BV11415281,,,113.489737,23.443933,从801路
云苑新村,云苑新村,云苑新村,BV10018325,,云苑新村,113.262323,23.168655,34路、479路、661路、夜82路
云苑新村总站,云苑新村总,云苑新村总站,BV10018323,,云苑新村总站,113.262288,23.168320,124路、182路
云正大道,云正大道,云正大道,BV09069509,,云正大道,113.309239,23.298675,728路、夜123路
允塘,允塘,允塘,BV11352948,,允塘,113.348668,23.574593,从404路
运动员二四区,运动员二四区,运动员二四区,BV10019857,,运动员二四区,113.478168,22.950407,番151路、番160路、番162B路、番162路、番夜4路
运动员国际区,运动员国际区,运动员国际区,BV11398900,,,113.477976,22.947820,番微公交8线
运动员一三区,运动员一三区,运动员一三区,BV10019858,,运动员一三区,113.475250,22.949309,番151路、番160路、番162B路、番162路、番夜4路
泽德花苑,泽德花苑,泽德花苑,BV11688398,2,泽德花苑②,113.232110,23.179851,17路、215路、238路、524路、527路、539路、71路、832路、975路、夜122路、夜21路、夜2路、夜76路、夜80路
泽德花苑总站,泽德花苑总,泽德花苑总站,BV11298941,,泽德花苑（市中医院同德围分院）总站,113.234748,23.177866,134路、185路、545路
增槎路北,增槎路北,增槎路北,BV11346875,,增槎路北,113.220442,23.177964,198路、477路、521路、527路机电班车、830路、839路、夜3路、广424路、259路
增城碧桂园学校,增城碧桂园学校,增城碧桂园学校,BV11105989,,增城碧桂园学校,113.819829,23.219419,增城10路、增城8路、增夜2路
增城宾馆,增城宾馆,增城宾馆,BV10020377,,增城宾馆,113.817084,23.279543,增城10路、增城10路快线、增城8路
增城公交站,增城公交,增城公交站,BV09274993,,,113.833057,23.295104,增城14路
增城广场北,增城广场北,增城广场北,BV10020787,,增城广场北,113.812585,23.285110,增城10路快线、增城14路、增城16路、增城18路、增城1路、增城3路、增城47路、增城4路、增城5路、增城6路、增城77路、增城78路、增城81路、增城8路、增城9A路/9A路快线、增城9路、增城9路快线、增城7路
增城广场地铁总站,增城广场地铁总,增城广场地铁总站,BV11198223,,增城广场地铁总站,113.809779,23.281257,增城10路快线、增城15路快线、增城16路、增城18路、增城48路、增城6路、增城77路、增城78路、增城81路、增城8路、增夜2路、旅游专线1路、增城7路
增城广场东(临时站),增城广场东(临时站),增城广场东(临时站),BV09211969,,,113.813803,23.279962,旅游专线1路
增城广场东(临时站),增城广场东(临时站),增城广场东,BV11346510,,增城广场东,113.813803,23.279962,增城16路、增城18路、增城2路、增城6路、增城77路、增城78路、增城81路、增城7路
增城广场西,增城广场西,增城广场西,BV11403278,,增城广场西,113.809774,23.282676,增城14路、增城15路快线、增城16路、增城17路、增城47路、增城5路、增城64路、增城81路、增城82路、增城9A路/9A路快线、增城9路、增城9路快线、旅游专线1路、增城7路
增城区第一中学,增城区第一中学,增城区第一中学,BV11092639,,增城区第一中学,113.818108,23.249298,增城10路、增城1路、增城5路、增城8路、增夜2路
增城应元高中,增城应元高中,增城应元高中,BV09318074,,增城应元高中,113.564888,23.156004,516路、增城28路
增城站公交总站,增城站公交总,增城站公交总站,BV09190522,,增城站公交总站,113.793907,23.206055,增城34路快线、增城76路、增城8路
增城中学,增城中学,增城中学,BV10322960,,增城中学,113.785946,23.291435,增城11路、增城12路、增城13路、增城4路
增江工业区,增江工业区,增江工业区,BV11312861,,增江工业区,113.838841,23.278764,增城18路、增城1路、增城64路
增江市场,增江市场,增江市场,BV10020792,,增江市场,113.839575,23.288597,增城10路、增城18路、增城1路、增城3路、增城47路、增城4路、增城64路、增城74路
增江小学,增江小学,增江小学,BV11447601,,增江小学,113.846148,23.252577,增城18路、增城1路、增城74路、增城7路
增滘村,增滘村,增滘村,BV10018582,,增滘村,113.205665,23.077493,207路、782路、838路、夜113路
增滘立交西,增滘立交西,增滘立交西,BV10588749,,增滘立交西,113.196677,23.071779,990路、广412路、广夜111路、广州-肇庆
增龙车站,增龙车,增龙车站,BV11125532,,增龙车站,113.840719,23.296835,增城74路
增南路,增南路,增南路,BV10638286,,增南路,113.208266,23.077422,962路、996路
增南路口,增南路口,增南路口,BV10018580,1,增南路口,113.209051,23.078955,207路、782路、838路、962路、966路、996路、夜113路
增沙村站,增沙村,增沙村站,BV10387151,,,113.391703,22.768509,南46路
增塘村,增塘村,增塘村,BV11415011,,增塘村,113.754275,23.243632,增城82路
增塘村路口,增塘村路口,增塘村路口,BV11626751,,增塘村路口,113.752115,23.244081,增城14路、增城9路
寨吓村,寨吓村,寨吓村,BV11119668,,寨吓村,113.776238,23.498476,增城16路、增城60路、增城61路、增城62路
站南路,站南路,站南路,BV10014073,2,站南路②,113.250342,23.147743,238路、251路、290路、301A路、38路、518路、530路、商务专线3路
站南路总站,站南路总,站南路总站,BV09012353,2,站南路总站,113.250571,23.147667,29路、552路、广260路
站前横路,站前横路,站前横路,BV10016671,,站前横路,113.247616,23.143651,29路、301A路
站前横路口站,站前横路口,站前横路口站,BV09052838,1,站前横路口①,113.248417,23.142411,518路
站前路(西郊大厦)总站,站前路(西郊大厦)总,站前路(西郊大厦)总站,BV11673137,,站前路（西郊大厦）总站,113.240040,23.141207,518路
站前路,站前路#1,站前路,BV09354794,,站前路（西郊大厦）总站,113.239945,23.141067,商务专线3路
站前路,站前路#2,站前路站,BV09348720,,,113.669093,23.172809,增城44路
站前路北,站前路北,站前路北,BV09353292,,站前路北,113.247330,23.147172,238路、29路、301A路、518路、52路、530路、552路、823路、商务专线3路、夜11路、广260路、广275路
站前路公交总站,站前路公交总,站前路公交总站,BV10432246,,站前路公交总站,113.198845,23.382432,花106路、花115路、花17路联民村、花5路
站前路口,站前路口,站前路口,BV10015424,,站前路口,113.672599,23.177955,增城34路、增城39路、增城64路、增城9A路/9A路快线、增城9路
站前路中,站前路中,站前路中,BV09353093,,站前路中,113.243971,23.144649,238路、301A路、518路、52路、530路、552路、823路、商务专线3路、夜11路、广260路、广275路
站前路总站,站前路总,站前路总站,BV11421155,,站前路（西郊大厦）,113.240009,23.141334,301A路、518路、商务专线3路
湛翠综合市场,湛翠综合市场,湛翠综合市场,BV10262627,,,113.692539,23.105090,莞G7路
张边,张边,张边站,BV10636433,,,112.894394,23.173829,655A线、655B路、655路
张槎路口,张槎路口,张槎路口,BV10506439,,张槎路口,113.096293,23.038955,佛236路、佛251路
张村,张村,张村,BV10013778,,张村,113.233034,23.204820,176路、428路、524路
张村(石潭西路),张村(石潭西路),张村(石潭西路),BV11687971,,张村（石潭西路）,113.230254,23.207994,176路、271路、280路、524路、556路、830路、834路、夜26路
张家边路口,张家边路口,张家边路口,BV10259348,,,113.451873,22.541523,K981路
张松村站,张松村,张松村站,BV10641101,,,113.307828,22.868059,南43路
张松村桥站,张松村桥,张松村桥站,BV10641094,,,113.307848,22.862894,南43路
张松工业区站,张松工业区,张松工业区站,BV10641079,,,113.309191,22.858855,南43路
漳澎村,漳澎村,漳澎村,BV10266876,,,113.563526,23.008152,莞616路、莞618路
漳澎村委,漳澎村委,漳澎村委,BV10494260,,,113.560797,23.010132,莞616路、莞618路
樟边村,樟边村,樟边村,BV10019957,,樟边村,113.378917,22.973273,番27路、番4路、番51路、番89路
樟边村委,樟边村委,樟边村委,BV09309318,,樟边村委,113.377437,22.986826,番33路
樟边路口,樟边路口,樟边路口,BV10023346,,樟边路口,113.378042,22.973333,番33路
樟洞坑村,樟洞坑村,樟洞坑村,BV11119660,,樟洞坑村,113.858646,23.526247,增城60路
樟山,樟山,樟山,BV10253235,,,112.914350,23.245550,655A线、655B路、655路
长安,长安,长安,BV11573871,,长安,113.434406,23.190905,324路、345A路、83路、夜60路、夜68路、333路
长安北站,长安北,长安北站,BV10263645,,,113.788203,22.802629,长途番禺宝安
长安村口,长安村口,长安村口,BV10015242,,长安村口,113.436903,23.185183,325路
长安商贸城公交站,长安商贸城公交,长安商贸城公交站,BV11504686,,,113.791100,22.801817,长途番禺宝安
长安社,长安社,长安社,BV11198734,,长安社,113.704049,23.584923,从13路、从701路、从化13路
长安社区,长安社区,长安社区,BV11654744,,长安社区,113.216237,23.133388,783路
长安霄边派出所公交站,长安霄边派出所公交,长安霄边派出所公交站,BV11504687,,,113.815253,22.802652,长途番禺宝安
长湴北街,长湴北街,长湴北街,BV10018991,,长湴北街,113.291806,23.262505,663路、嘉禾望岗地铁站便民车3线
长湴工业街,长湴工业街,长湴工业街,BV11643920,,长湴工业街,113.288084,23.262053,804路
长湴工业街口,长湴工业街口,长湴工业街口,BV10943430,,,113.294731,23.264330,嘉禾望岗地铁站便民车3线
长湴工业一路,长湴工业一路,长湴工业一路,BV10022756,,长湴工业一路,113.292389,23.263622,663路
长湴街,长湴街,长湴街,BV10022755,,长湴街,113.290914,23.260397,663路
长湴市场,长湴市场#1,长湴市场,BV09269031,,长湴市场,113.347758,23.170300,297路、46路、498路、54路、581路、772路、773路、B11路、高峰快线80路
长湴市场,长湴市场#2,长湴市场,BV09308767,,,113.291983,23.261592,嘉禾望岗地铁站便民车3线
长湴中路,长湴中路,长湴中路,BV09069504,,长湴中路（长湴市场）,113.347049,23.169639,400路
长贝二路(恒兆广场)总站,长贝二路(恒兆广场)总,长贝二路(恒兆广场)总站,BV09368635,,长贝二路（恒兆广场）总站,113.485568,23.203649,330A路
长布村,长布村,长布村,BV11377446,,长布村,113.703157,23.375961,增城41路
长城大厦,长城大厦,长城大厦,BV10021716,,长城大厦,113.298508,23.122700,183路、222路、225路、40路、44路、811路
长大公司,长大公司,长大公司,BV10019350,,长大公司,113.427732,23.449864,花85路、高峰快线72路
长堤(民间金融街),长堤(民间金融街),长堤(民间金融街),BV10405655,,长堤（民间金融街）,113.255891,23.114386,4路
长堤(民间金融街),长堤(民间金融街),长堤,BV11688501,,长堤（民间金融街）,113.255891,23.114386,128路、131B路、186路、208路、57路、58路、64路、夜16路、夜1路、夜31路、广281路、广夜67路、旅游公交2线
长堤中路,长堤中路,长堤中路,BV10582349,,长堤中路,113.361010,22.934838,番20B路、番22路
长丰苑,长丰苑,长丰苑,BV10253904,,,113.263400,22.860969,314路、佛314路
长福路,长福路,长福路,BV09400272,,长福路,113.339025,23.169991,B11路
长福路东,长福路东,长福路东,BV11519161,,长福路东,113.343053,23.168605,400路、B11路
长福路口站,长福路口,长福路口站,BV09410292,,长福路口,113.337389,23.171477,581路、772路、773路
长福路中,长福路中,长福路中,BV10022025,,长福路中,113.341010,23.168458,400路
长福路总站,长福路总,长福路总站1号分站,BV09396151,,,113.338093,23.170442,581路
长福路总站,长福路总,长福路总站2号分站,BV09396152,,,113.337763,23.170836,772路
长福路总站,长福路总,长福路总站,BV10017626,2,长福路总站②,113.338818,23.170077,773路
长岗,长岗#1,长岗,BV11690340,,长岗,113.250765,23.328105,712路、750路
长岗,长岗#2,长岗,BV09313068,,长岗,113.213308,23.439692,花23路、花63路、花63路短线
长岗村委,长岗村委,长岗村委,BV11327287,,长岗村委,113.597888,23.150041,571A路、增城23路、增城32路内环、增城32路外环、增城35路、增城38路、增夜4路
长岗村总站,长岗村总,长岗村总站,BV10018300,,,113.249875,23.326959,474路
长岗路口,长岗路口,长岗路口,BV11634514,,长岗路口,113.217540,23.439695,花86路
长岗小学,长岗小学,长岗小学,BV10016218,,长岗小学,113.596573,23.153406,571A路、增城23路、增城32路内环、增城32路外环、增城35路、增城38路、增夜4路
长岗中学,长岗中学,长岗中学站,BV09003434,,长岗中学,113.211253,23.429221,19路直达快线、花103路、花25路
长庚村,长庚村,长庚村,BV09408442,,长庚村,113.524454,23.325593,343路
长红,长红,长红,BV11690754,,长红,113.288827,23.267610,510路、711路、753路、793路、807路、837路、840路、夜119路、夜94路
长红村总站(长湴街口),长红村总站(长湴街口),长红村总站(长湴街口),BV11621887,,长红村（长湴街口）总站,113.290602,23.260036,528路
长红广场,长红广场,长红广场,BV11565351,,长红广场,113.291761,23.264420,807路
长红西路,长红西路,长红西路,BV10022583,,长红西路,113.288832,23.264551,807路
长虹岭工业园,长虹岭工业园,长虹岭工业园站,BV10252247,,长虹岭工业园,113.041667,23.134059,佛263路、佛275路
长江路口,长江路口#1,长江路口,BV11597695,,长江路口,113.408711,23.074396,332路、361路、383路、夜65路
长江路口,长江路口#2,长江路口,BV10948419,,长江路口（禾仰广场）,113.239530,23.028519,佛211路
长江路总站,长江路总,长江路总站,BV10021951,,,113.408986,23.070349,332路
长江数码花园,长江数码花园#1,长江数码花园站,BV10641084,,长江数码花园（榄核）,113.337381,22.835256,南44路、南60路、南68路快线、南沙68路、南沙G3路
长江数码花园,长江数码花园#2,长江数码花园,BV11687841,,长江数码花园（钟村）,113.302073,22.974076,地铁接驳10A线、番15路、番25路
长江庄,长江庄,长江庄,BV10579524,,长江庄,113.566904,23.592461,从18路、从6路支线、从901路、从902路
长岭村,长岭村,长岭村,BV11119657,,长岭村,113.748390,23.435438,增城73路
长岭国家健身登山步道入口(坳背路口),长岭国家健身登山步道入口(坳背路口),长岭国家健身登山步道入口(坳背路口),BV09389724,,,113.459430,23.216612,328路、328路支线
长岭居小学,长岭居小学,长岭居小学(停东行),BV09332877,,长岭居小学（岭南林语）,113.498478,23.218354,328路、333路
长岭居小学,长岭居小学,长岭居小学(停西行),BV09332878,,长岭居小学（岭南林语）,113.498165,23.218340,328路、333路
长岭居小学,长岭居小学,长岭居小学,BV11688335,,长岭居小学（岭南林语）,113.498246,23.218226,327路、330A路、330路、345A路、396A路环线、396路、446路、夜60路
长岭路,长岭路,长岭路,BV11461055,,长岭路（山景城）,113.519844,23.215558,327A路、327路、330A路、330路、345A路、396A路环线、396路、446路、夜60路、333路
长岭路总站(贤江西),长岭路总站(贤江西),长岭路总站(贤江西),BV11596688,,长岭路（贤江西）总站,113.516694,23.212457,327路
长岭总站,长岭总,长岭总站,BV11359632,,长岭总站,113.408380,23.721348,从10路
长流村委,长流村委,长流村委,BV11018296,,长流村委,113.771841,23.836151,从601路
长龙村,长龙村,长龙村,BV10847167,,长龙村,113.469441,23.208075,328路、345A路、345路、396路、夜60路、333路
长龙村西,长龙村西,长龙村西,BV11486245,,长龙村西,113.464800,23.205776,328路、345A路、345路、396路、夜60路、333路
长隆酒店,长隆酒店,长隆酒店,BV11184450,,,113.322932,23.004878,机场快线7B线
长隆旅游度假区总站,长隆旅游度假区总,长隆旅游度假区总站,BV10021917,,长隆旅游度假区总站,113.305905,23.014142,304路
长隆熊猫酒店,长隆熊猫酒店,长隆熊猫酒店,BV11184451,,,113.325332,23.008310,机场快线7B线
长隆野生动物园站,长隆野生动物园,长隆野生动物园站,BV09201160,,长隆野生动物园,113.304723,23.013541,288路、301A路、301路、夜20路、夜61路、番13路、番25路、番91路、番96路
长鹿农庄(龙洲路),长鹿农庄(龙洲路),长鹿农庄(龙洲路),BV10254903,,长鹿农庄（龙洲路）,113.279380,22.884738,314路、K314路、佛314路、佛349路
长莫村委站,长莫村委,长莫村委站,BV10015035,,,113.469867,22.838622,南51路
长平村,长平村,长平村,BV11086409,,长平村,113.480994,23.213983,345路、354路、392路、396A路环线
长平村总站,长平村总,长平村总站,BV10018183,,长平村总站,113.482690,23.213086,446路
长平路口,长平路口,长平路口,BV11486248,,长平路口,113.478546,23.211969,328路、330A路
长七,长七,长七,BV11649492,,长七,113.774294,23.834664,从601路
长沙埔村委站,长沙埔村委,长沙埔村委站,BV10018783,,长沙埔村委,113.404387,23.393607,709路、725路
长沙埗长荔街口,长沙埗长荔街口,长沙埗长荔街口,BV09298088,,长沙埗长荔街口,113.415114,23.396376,725路
长沙路口,长沙路口,长沙路口,BV10020093,,长沙路口,113.422126,22.955748,番3路、番92路/番92路、番93路、番93路短线
长沙卫生站,长沙卫生,长沙卫生站,BV11333206,,长沙卫生站,113.411291,23.394642,725路
长山埗,长山埗,长山埗,BV11152727,,长山埗,113.763152,23.679436,从606路
长盛路北,长盛路北,长盛路北,BV11371479,,,113.075266,23.176162,佛278路
长盛路口,长盛路口,长盛路口,BV11371470,,,113.074066,23.178797,佛278路
长盛路南,长盛路南,长盛路南,BV11371461,,,113.084474,23.162456,佛278路
长盛路中,长盛路中,长盛路中,BV10253170,,,113.077569,23.170493,佛278路
长寿西康王路口,长寿西康王路口,长寿西康王路口,BV10016185,,长寿西康王路口,113.240428,23.120453,2路、3路、6路、82路、夜33路
长坦村口,长坦村口,长坦村口,BV10020089,,长坦村口,113.426185,22.931653,番83路
长坦总站,长坦总,长坦总站,BV10020088,,长坦总站,113.427076,22.926474,番83路
长棠路口站,长棠路口,长棠路口站,BV09050667,,长棠路口,113.529082,23.344651,351路、650路、827路、夜126路
长塘路口,长塘路口#1,长塘路口,BV10808746,,长塘路口,113.910077,23.775508,从12路
长塘路口,长塘路口#2,长塘路口,BV11399883,,长塘路口,113.432708,23.669958,从407路
长贤路,长贤路#1,长贤路站,BV11674524,,长贤路（北师大实验学校）,113.487137,23.208740,327路、328路、392路
长贤路,长贤路#2,长贤路,BV11488679,,长贤路（岭南林语南门）,113.497097,23.212950,392路
长贤路东,长贤路东,长贤路东,BV11602624,,长贤路东,113.499785,23.212838,392路
长新路口,长新路口,长新路口,BV11482319,,长新路口,113.355139,23.299015,827路
长兴路东,长兴路东,长兴路东,BV11689184,,长兴路东,113.355594,23.170073,218路、498路、581路、772路、773路、775路、B11路
长兴路口,长兴路口,长兴路口(东行),BV09400271,,长兴路口,113.340141,23.172235,400路
长兴路口,长兴路口,长兴路口(西行),BV09400278,1,长兴路口①,113.340430,23.172168,400路
长兴路口,长兴路口,长兴路口,BV10807934,2,长兴路口②,113.340141,23.172235,297路、46路、498路、54路、581路、772路、773路、B11路、高峰快线80路
长腰岭,长腰岭,长腰岭站,BV09142973,,长腰岭,113.422707,23.386945,650路、714路、734路、979路、夜116路、夜118路
长腰岭(白云裘皮交易中心),长腰岭(白云裘皮交易中心),长腰岭(白云裘皮交易中心),BV10013952,,长腰岭（白云裘皮交易中心）,113.428408,23.387216,650路、714路、979路、夜116路
长腰岭永安街口,长腰岭永安街口,长腰岭永安街口,BV09183021,,长腰岭永安街口,113.414649,23.385828,650路、714路、734路、979路、夜116路、夜118路
长源路,长源路,长源路,BV09069501,,长源路,113.341132,23.170681,400路
长钟路南,长钟路南,长钟路南,BV09265071,,长钟路南,113.401460,23.387526,709路、725路、726路、727路、732路
长洲,长洲#1,长洲,BV09225604,,长洲,113.422748,23.078150,383路、430路、夜65路、长洲岛1号线、长洲岛2号线
长洲,长洲#2,长洲,BV10262691,,,113.621951,23.014705,莞609路
长洲岛小学,长洲岛小学,长洲岛小学站,BV09254010,,长洲岛小学,113.424879,23.080341,383路、430路、夜65路、长洲岛1号线、长洲岛2号线
长洲街办,长洲街办,长洲街办,BV10018084,,长洲街办,113.414202,23.076218,383路、430路、夜65路
长洲路口,长洲路口,长洲路口,BV10018079,,,113.426350,23.086212,夜65路
长洲码头,长洲码头,长洲码头,BV10599113,,,113.427598,23.090077,S10航线
长洲码头总站,长洲码头总,长洲码头总站,BV10018078,,长洲码头总站,113.427749,23.087192,383路、夜65路
障岗村,障岗村,障岗村,BV10018914,,障岗村,113.410441,23.371993,655路、726路
招步村,招步村,招步村,BV10323148,,招步村,113.695390,23.233632,增城13路、增城65路
招村大街,招村大街,招村大街,BV10022781,,招村大街,113.233680,23.089575,990路
兆丰路,兆丰路,兆丰路,BV10019319,,兆丰路,113.225343,23.208229,428路、556路、834路
赵溪村,赵溪村,赵溪村,BV11467034,,赵溪村,113.504708,23.143863,349路、450路、459路、940路、夜57路、夜98路
赵溪路,赵溪路,赵溪路,BV10014164,,赵溪路,113.503382,23.145090,459路、575路、夜57路
赵溪路口,赵溪路口,赵溪路口,BV10021191,,赵溪路口,113.500193,23.146765,337路、367路、450路、459路、575路、夜57路、夜98路
肇庆体育中心西门,肇庆体育中心西门,肇庆体育中心西门,BV09347348,,,112.445498,23.064074,广州-肇庆
肇庆长途站,肇庆长途,肇庆长途站,BV10529969,,,112.440054,23.082689,广州-肇庆
蔗山村口,蔗山村口,蔗山村口,BV10020069,,蔗山村口,113.401336,22.974371,番81路
真光中学,真光中学,真光中学站,BV10800467,,真光中学（福盛花园）,113.242113,23.079630,181路、19路、410路、417路、769路/769路快线、787路、夜11路、夜72路、广275路、广277路、102路
振兴村,振兴村,振兴村,BV11689392,,振兴村,113.155815,23.469727,花23路、花25路、花62路、花81路、花93路
振兴大街,振兴大街,振兴大街,BV11370361,,,113.307888,23.057417,765路
振兴路中,振兴路中,振兴路中,BV10991234,,,113.300334,23.058126,997路、夜128路
振兴小学,振兴小学,振兴小学,BV11688980,,振兴小学,113.150221,23.473603,花25路、花81路、花93路
镇标站,镇标,镇标站,BV10018384,,,113.452154,22.890124,番140路
镇东村,镇东村,镇东村站,BV11388325,,镇东村,113.430798,23.430764,714路、夜116路、花84路
镇龙水厂,镇龙水厂,镇龙水厂,BV10022149,,镇龙水厂,113.574440,23.277296,443路、444路、458路
镇龙西地铁站(A出口),镇龙西地铁站(A出口),镇龙西地铁站(A出口),BV09252826,,,113.567359,23.281082,新龙镇02线上午、新龙镇02线下午
镇龙西地铁站(D出口),镇龙西地铁站(D出口),镇龙西地铁站(D出口),BV09252828,,,113.567428,23.281229,新龙镇02线上午、新龙镇02线下午
镇龙新总站,镇龙新总,镇龙新总站,BV10522240,,镇龙新总站,113.574995,23.283342,441路、442路、443路、444路、458路、534路
镇龙墟,镇龙墟,镇龙墟,BV11573887,,镇龙墟,113.573962,23.280672,345路、365A路、441路、443路
镇龙一中,镇龙一中,镇龙一中,BV11573870,,镇龙一中,113.560246,23.280773,345路、442路、443路、534路、新龙镇02线上午、新龙镇02线下午
镇龙医院,镇龙医院,镇龙医院站,BV11573876,,镇龙医院,113.565630,23.281407,345路、442路、443路、534路
镇龙邮局,镇龙邮局,镇龙邮局,BV10018224,,镇龙邮局,113.572262,23.279599,443路、444路、458路
镇泰厂站,镇泰厂,镇泰厂站,BV10641082,,,113.328295,22.835068,南43路
镇泰东门,镇泰东门,镇泰东门,BV09246212,,镇泰东门,113.539847,23.562418,从903路
镇泰工业城,镇泰工业城,镇泰工业城,BV10017880,,镇泰工业城,113.533321,23.568056,从3路
镇泰小学,镇泰小学,镇泰小学,BV10024225,,镇泰小学,113.655308,23.225097,增城12路、增城65路
镇中路,镇中路,镇中路,BV10251628,,镇中路,113.079185,23.005902,佛251路
正大公司,正大公司,正大公司,BV10020805,,正大公司,113.844097,23.276386,增城47路、增城4路
正骨医院,正骨医院,正骨医院2,BV09230308,2,正骨医院②,113.268486,23.133593,133路、185路、204路、209路、229路、261路、27路、284路、293路、2路、518路、56路、62路、夜18路、夜5路、广283路、广283路班车、广高峰快线30路
正骨医院,正骨医院,正骨医院1,BV09230309,1,正骨医院①,113.267711,23.133571,133路、185路、209路、229路、297路、2路、74路、80路、B3路、B4路、夜18路、夜19路、广276路
正骨医院,正骨医院,正骨医院,BV11688485,1,正骨医院①,113.268283,23.133715,62路、74路、80路、B4路、夜38路、广276路
正果车站,正果车,正果车站,BV10021545,,正果车站,113.887866,23.416708,增城17路、增城42路、增城63路、增城66路、增城67路、增城68路、增城72A路、增城72B路
正果寺,正果寺,正果寺,BV11118944,,,113.890724,23.422720,增城68路
正迳,正迳,正迳,BV10022357,,,113.275977,23.520865,花17路联民村
正隆村,正隆村,正隆村,BV11118817,,正隆村,113.765874,23.409422,增城19路、增城41路、增城58路、增城70路、增城69路
正隆村委,正隆村委,正隆村委,BV11119645,,,113.764718,23.408874,增城41路
政民路,政民路,政民路,BV10022198,,,113.263234,23.157608,481路环线
政通路,政通路,政通路,BV11202407,,,113.267244,23.159544,481路环线
政务服务中心,政务服务中心,政务服务中心,BV11163924,,政务服务中心,113.589481,23.553300,从20路、从21路长线、从4路、从5路、从夜1路、从夜3路、从4路快线
政务中心,政务中心,政务中心,BV11621171,,,113.254375,23.176827,空港快线2号线、空港快线2线、空港快线3线
枝山村,枝山村,枝山村,BV10017560,,枝山村,113.478298,23.143946,338路、347路、459路、B24路、夜97路
知明路(何棠下),知明路(何棠下),知明路(何棠下),BV09334659,,知明路（何棠下）,113.530138,23.356022,351路
知明路(建设新街路口),知明路(建设新街路口),知明路(建设新街路口),BV09328533,,知明路（建设街路口）,113.523668,23.361777,351路
知明路口,知明路口,知明路口,BV09299180,,知明路口,113.533353,23.353558,456路、456路环线
知明路南,知明路南,知明路南,BV09299187,,知明路南,113.542201,23.343437,456路、456路环线
知明路南(广州泰和肿瘤医院),知明路南(广州泰和肿瘤医院),知明路南(广州泰和肿瘤医院),BV09299182,,知明路南,113.542773,23.338595,456路
知明路中,知明路中,知明路中,BV09328598,,知明路中,113.526213,23.360051,351路
知识城北安置区(凤凰五路),知识城北安置区(凤凰五路),知识城北安置区(凤凰五路),BV11059696,,知识城北安置区（凤凰五路）,113.492472,23.385189,343路、826路、夜131路
知识城南站,知识城南,知识城南站,BV10941818,,知识城南（审协中心）,113.527914,23.326703,343路
知识城南总站,知识城南(地铁何棠下站)总,知识城南(地铁何棠下站)总站,BV09320057,,知识城南（地铁何棠下站）总站,113.539487,23.333959,352路
知识城南总站,知识城南(地铁何棠下站)总,知识城南总站,BV11302780,,知识城南总站（地铁何棠下站）,113.539334,23.334310,345路、351路、352A路、365路、650路、827路、夜130路
知识城南(地铁何棠下站)总站下客区,知识城南(地铁何棠下站)总站下客区,知识城南(地铁何棠下站)总站下客区,BV09324109,,,113.539487,23.333959,352路
知识城南(凤湖四路),知识城南(凤湖四路),知识城南(凤湖四路),BV11360164,,知识城南（凤湖四路）,113.537669,23.333371,343路、352A路、370路、夜130路、新龙镇-03线
知识城政务中心,知识城政务中心,知识城政务中心,BV10017619,,知识城政务中心,113.488464,23.395858,343路、826路、夜131路
知新路(博华六路),知新路(博华六路),知新路(博华六路),BV09368106,,知新路（博华六路）,113.543192,23.309280,534路
知新路(凤凰湖三路口),知新路(凤凰湖三路口),知新路(凤凰湖三路口),BV09409114,,知新路（凤凰湖三路口）,113.530694,23.327485,343路、370路
知新路(含英一路口),知新路(含英一路口),知新路(含英一路口)(停北行),BV09409146,,知新路（龙马路口）,113.527987,23.331122,343路
知新路(含英一路口),知新路(含英一路口),知新路(含英一路口)(停南行),BV09409147,,知新路（龙马路口）,113.527187,23.331321,343路
知新路(九太路口),知新路(九太路口),知新路(九太路口),BV09388805,,知新路（九太路口）,113.502047,23.350034,343路
知新路(龙马路口)站,知新路(龙马路口),知新路(龙马路口)站,BV09386313,,知新路（龙马路口）,113.484103,23.378876,343路
知新路(汤村),知新路(汤村),知新路(汤村),BV09369696,,知新路（博华六路）,113.553537,23.299400,534路
知新路(玉兰大道口)站,知新路(玉兰大道口),知新路(玉兰大道口)站,BV09385973,,知新路（玉兰大道口）,113.497841,23.356590,343路
知新路南,知新路南,知新路南,BV09368641,,知新路南,113.557416,23.292604,442路
知新路总站(万科幸福荟),知新路总站(万科幸福荟),知新路总站(万科幸福荟),BV09367801,,知新路（含英一路口）,113.526758,23.331704,370路
知新路总站(万科幸福荟),知新路总站(万科幸福荟),知新路总站,BV09367802,,知新路（万科幸福荟）总站,113.526297,23.331668,370路
知行园,知行园,知行园,BV09181074,,知行园,113.665294,23.291784,增城2路
执德路,执德路,执德路,BV09344783,,执德路,113.435706,23.142184,944路
执信路,执信路,执信路,BV11688570,1,执信路①,113.283533,23.133423,185路、189路、204路、247路、261路、27路、284路、287路、293路、2路、305路、518路、54路、56路、62路、B4路、夜18路、夜38路、广283路、广283路班车
执信增城学校总站,执信增城学校总,执信增城学校总站,BV11581125,,执信增城学校总站,113.762387,23.289584,增城49路
执信中学,执信中学#1,执信中学,BV09244913,,执信中学,113.286255,23.134264,16路、192路、221路、223路、225路、285路、285路无轨电车短线、63路、夜15路
执信中学,执信中学#2,执信中学站,BV09271073,,执信中学,113.572375,22.804811,南沙20路
执信中学天河校区南门,执信中学天河校区南门,执信中学天河校区南门,BV09344026,,执信中学天河校区南门,113.430744,23.140195,944路
直街社区,直街社区,直街社区,BV10508728,,直街社区,113.168942,23.086486,佛277路、佛279路、沥17B路、沥17B路区间
直巷,直巷,直巷,BV10022103,,,113.250327,23.194266,421路、925路
职教园区公交站,职教园区公交,职教园区公交站,BV10020799,,职教园区公交站,113.866947,23.277301,增城10路、增城3路、增城47路
植村,植村,植村,BV10015057,,植村,113.323008,23.013257,310路、公交地铁接驳专线8路、番145路、番185路、番186路、番53路
植村西,植村西,植村西,BV09191549,,植村西,113.319394,23.013907,310路、公交地铁接驳专线8路、番145路、番185路、番186路、番53路
植树公园,植树公园,植树公园站,BV10846982,,,113.510699,23.163001,327A路、336路、338路、373路、569路、夜49路
植物园西门,植物园西门,植物园西门,BV11485006,,植物园西门,113.353448,23.179849,775路
植物园正门,植物园正门,植物园正门,BV11687924,,植物园正门,113.357674,23.188748,30路、345A路、346路、39路、564路、775路、83路、84A路、84路、B12路、夜100路、夜10路、夜71路
植之元站,植之元,植之元站,BV11400206,,,113.562526,22.657223,南30路
纸厂,纸厂,纸厂,BV09347832,1,纸厂（地铁燕岗站）,113.265858,23.078605,220路、230路、288路、29路、303路、309路、31路、469路、521路、530路、544路、583路、59路、75路、963路、9路、夜24路、夜32路、夜3路、夜7路、79路、87路
纸厂横马路,纸厂横马路,纸厂横马路站,BV11671145,,纸厂横马路,113.261346,23.078732,230路、29路、31路、963路
纸厂横马路总站,纸厂横马路总,纸厂横马路总站,BV10021807,,纸厂横马路,113.261524,23.078762,230路、夜24路、夜7路
纸厂市场,纸厂市场,纸厂市场,BV10022711,,纸厂市场,113.264692,23.076754,220路
纸厂邮局,纸厂邮局,纸厂邮局,BV10021797,,纸厂邮局,113.263285,23.077129,230路、29路、31路、469路、963路、夜24路、夜7路
纸厂总站,纸厂总,纸厂总站,BV10021944,2,纸厂（地铁燕岗站）②,113.262419,23.078326,469路、544路
指南桥站,指南桥,指南桥站,BV10641077,,,113.372809,22.830032,南44路
指南桥站,指南桥,指南桥站(北行),BV11418605,,,113.374110,22.829102,南44路
指南桥站,指南桥,指南桥站(南行),BV11418606,,,113.372809,22.830032,南44路
志诚大道东,志诚大道东,志诚大道东,BV10022164,,,113.528505,23.063902,453路环线
志高钣金,志高钣金,志高钣金,BV10255872,,志高钣金,113.182918,23.198569,里14、里14路
志高工业园,志高工业园,志高工业园,BV10255873,,志高工业园,113.179410,23.196696,里14、里14路
志高总装,志高总装,志高总装,BV10255871,,志高总装,113.183140,23.201228,里14、里14路
质监局(荷花世界路口),质监局(荷花世界路口),质监局(荷花世界路口),BV10618525,,,112.909686,23.196200,655A线、655B路、655路
致明苑,致明苑,致明苑,BV10741033,,,112.945633,23.441185,655A线、655B路、655路
智通人才市场,智通人才市场,智通人才市场,BV10262131,,智通人才市场（莞城医院）,113.742311,23.034266,莞75路
智择电子厂站,智择电子厂,智择电子厂站,BV09058798,,智择电子厂站,113.561157,23.119990,增城25路
置业花园(1978南门),置业花园(1978南门),置业花园(1978南门),BV11363548,,置业花园（1978南门）,113.838356,23.294148,增城64路
置业花园(1978南门),置业花园(1978南门),置业花园,BV11633018,,置业花园（1978南门）,113.838474,23.294227,增城10路、增城17路、增城18路、增城1路、增城3路、增城47路、增城4路
中八小学,中八小学,中八小学,BV11484175,,中八小学,113.176739,23.332649,472路、825路
中保人寿,中保人寿,中保人寿,BV10020167,,中保人寿,113.372200,22.935789,番12路旅游专线、番13路、番140路、番146路、番147路、番165路、番29路、番51路、番5路、番5路长线、番8路、番91路、番93路、番9路、番9路长线、番93路短线
中部枢纽,中部枢纽,中部枢纽,BV11683384,,中部枢纽,113.371218,23.050295,35路、361路、86路、997路、夜128路、大学城环线2路
中埠村站,中埠村,中埠村站,BV11419861,,,113.412419,22.784108,南42路
中埠村委站,中埠村委,中埠村委站,BV11631977,,,113.414513,22.777424,南42路
中成路口,中成路口,中成路口,BV10024450,,,113.332773,23.189715,京溪2线
中成路总站,中成路总站,中成路总站,BV10022540,,,113.335825,23.186231,
中船东路路口站,中船东路路口,中船东路路口站,BV09371835,,,113.445597,22.752817,南56路
中船龙穴基地宿舍,中船龙穴基地宿舍,中船龙穴基地宿舍站,BV11374292,,中船龙穴基地宿舍,113.652992,22.679918,南1路B、南21路、南沙21路支线、南沙62路短线、南沙1路
中村,中村,中村站,BV11379005,,中村,113.171079,23.120630,佛244路、沥12路
中村军营,中村军营,中村军营,BV10580401,,,113.168297,23.119192,佛沥18路
中大,中大,中大,BV11597696,,中大,113.383432,23.065148,361路、夜50路、夜65路、大学城专线1路、大学城专线3路、大学城环线1路、番201路、番202路旅游专线
中大北门,中大北门,中大北门,BV09241995,,中大北门,113.300278,23.105203,11路、121A路、121路、131A路、131B路、182路、229路、247路、24路、266路、8路、夜42路、夜6路、旅游公交2线、旅游观光1线
中大北门西,中大北门西,中大北门西,BV11689362,,中大北门西,113.290221,23.105662,11路、121A路、131A路、131B路、182路、229路、247路、266路、8路、夜42路、夜6路、旅游公交2线、旅游观光1线
中大码头,中大码头,中大码头,BV10599217,,,113.294150,23.106306,S02路航线短线、S11海心沙-中大航线
中大南方学院总站,中大南方学院总,中大南方学院总站,BV11115232,,,113.666535,23.646453,从702路
中大皮革城东,中大皮革城东,中大皮革城东,BV10256263,,,113.144505,23.100511,佛211路
中大新华学院(东莞校区)总站,中大新华学院(东莞校区)总,中大新华学院(东莞校区)总站,BV09344030,,中大新华学院（东莞校区）总站,113.576312,23.061221,广369路
中洞村,中洞村,中洞村,BV11412277,,中洞村,113.030550,23.377808,花15路
中二队站,中二队,中二队站,BV11491319,,,114.001649,23.895264,从502路
中国电信,中国电信#1,中国电信站,BV11400676,,中国电信,113.579068,23.541041,从1路东线、从1路西线、从20路、从4路、从5路、从5路长线、从夜1路、从4路快线
中国电信,中国电信#2,中国电信,BV09288123,,,113.484793,23.444926,从801路
中国软件CBD站,中国软件CBD,中国软件CBD站,BV11535656,,,113.472538,23.112373,文冲1号线便民车
中国陶瓷城,中国陶瓷城,中国陶瓷城,BV10251506,,中国陶瓷城,113.081179,23.013313,佛251路
中国邮政门口,中国邮政门口,中国邮政门口,BV11193730,,中国邮政门口,113.421969,23.621338,从403路、从404路、从406路、从407路、从408路
中海广场西,中海广场西,中海广场西,BV10015361,,中海广场西,113.819255,23.289119,增城14路、增城16路、增城2路、增城3路、增城4路、增城9路、增城9路快线
中海金沙里,中海金沙里,中海金沙里,BV11129288,,,113.200191,23.181706,佛沥18路
中海金沙湾,中海金沙湾,中海金沙湾,BV10751009,,中海金沙湾,113.201120,23.144079,沥20路
中海金沙湾南门,中海金沙湾南门,中海金沙湾南门,BV10647447,,中海金沙湾南门,113.200728,23.139022,佛沥18路、广789路
中海锦城南,中海锦城南,中海锦城南站,BV09338878,,中海锦城南,113.168248,23.069526,同成社区公交接驳专线、同成社区接驳专线、广412路
中海锦城总站,中海锦城总,中海锦城总站,BV10550126,,中海锦城总站,113.171671,23.069959,广412路、广夜111路
中海万锦豪园东,中海万锦豪园东,中海万锦豪园东站,BV11689965,,中海万锦豪园东,113.150125,23.054633,佛279路
中海誉城南门,中海誉城南门,中海誉城南门,BV11379026,,中海誉城南门,113.526121,23.159503,347路、358路、391A路、439路、579路
中海誉城总站,中海誉城总,中海誉城总站,BV10387125,3,中海誉城总站③,113.523621,23.159558,336路、338路、347路、367路、391路、439路、579路
中和,中和,中和,BV11627695,,中和,113.531378,23.527419,从808路
中和路,中和路,中和路,BV11487826,,中和路,113.355972,23.347175,733路
中恒商业广场,中恒商业广场,中恒商业广场,BV11341993,,中恒商业广场,113.246521,23.380145,707路、715路、夜92路、花11路、701路
中华大道(德贤路口),中华大道(德贤路口),中华大道,BV11372023,,中华大道（德贤路口）,113.352914,22.917634,番12路旅游专线、番130路
中华大道(德贤路口),中华大道(德贤路口),中华大道(德贤路口),BV11377471,,中华大道（德贤路口）,113.351051,22.916309,番12路旅游专线、番130路、番6路、番108路
中华姓名博物馆,中华姓名博物馆,中华姓名博物馆,BV11310081,,中华姓名博物馆,113.370894,23.077537,461路班车
中华永久墓园,中华永久墓园,中华永久墓园,BV10847053,,中华永久墓园,113.419240,23.182842,391路、491路、564A路、564路、夜100路
中环东路,中环东路,中环东路,BV11597704,,中环东路（高高新天地）,113.387948,23.066859,361路、夜50路、夜65路、大学城专线1路、大学城专线3路、大学城环线1路、番201路、番202路旅游专线
中环路,中环路,中环路站,BV09255218,,中环路,113.483434,22.736908,40路/南40路、南10路、南17路、南55路、南沙10路短线、南沙12路、南沙G4路
中环西路,中环西路,中环西路,BV10014689,,中环西路,113.381625,23.043299,997路、夜128路、夜50路、大学城专线1路、大学城专线2路、大学城专线3路、大学城专线4路、大学城环线1路、番202路旅游专线
中坚豪庭,中坚豪庭,中坚豪庭,BV11357093,,中坚豪庭,113.822890,23.280214,增城47路、增城5路
中建映花悦府,中建映花悦府,中建映花悦府,BV11632610,,中建映花悦府总站,113.183864,23.364199,花18路、花37路
中交汇通中心站,中交汇通中心,中交汇通中心站,BV11077592,,中交汇通中心,113.518772,22.770234,南沙23路
中交汇通中心西站,中交汇通中心西,中交汇通中心西站,BV09312197,,,113.515847,22.769744,南沙23路A线
中教村站,中教村,中教村站,BV10014990,,中教村,113.474212,22.780374,40路/南40路、南39路、南沙49路
中科院化学所,中科院化学所,中科院化学所,BV11485003,,中科院化学所,113.356049,23.176493,775路
中科院化学所总站,中科院化学所总,中科院化学所总站,BV10021334,,中科院化学所总站,113.356095,23.175814,218路、46路、54路、高峰快线80路
中科院明珠科学园,中科院明珠科学园,中科院明珠科学园站,BV11613514,,中科院明珠科学园,113.543100,22.728370,南28路、南沙24路、南沙5路
中粮新沙,中粮新沙,中粮新沙,BV11328076,,,113.528131,23.028505,莞618路
中旅社,中旅社,中旅社,BV10252259,,,112.882699,23.165569,655A线、655B路、655路
中码头,中码头,中码头,BV11692467,,中码头,113.436866,23.097299,344路、348路、360路
中南花园,中南花园,中南花园,BV09208146,,中南花园,113.187957,23.108328,广419路
中南花园总站,中南花园总,中南花园总站,BV10394170,,中南花园总站,113.184707,23.108524,广969路
中南路北,中南路北,中南路北,BV11472709,,中南路北,113.512977,23.118116,376路
中片区,中片区,中片区,BV11152755,,中片区,113.905709,23.804880,从505路
中企绿色总部,中企绿色总部,中企绿色总部,BV10796597,,中企绿色总部,113.175531,23.211881,里14、里14路
中区,中区,中区,BV09155693,,中区站,113.222793,23.028455,佛211路
中山八路,中山八路,中山八路站2号分站,BV09396369,,,113.229845,23.128131,208路、9路
中山八路,中山八路,中山八路,BV11688465,1,中山八路①,113.229845,23.128131,82路、夜127路
中山八路2,中山八路2,中山八路2(东行),BV09385634,2,中山八路②,113.229845,23.128131,广132路
中山八路,中山八路总,中山八路2,BV09167549,2,中山八路②,113.229845,23.128131,17路、207路、52路、555路、885路、9路、夜59路、广132路、广260路、广275路
中山八路,中山八路总,中山八路1,BV09213747,1,中山八路①,113.229918,23.128256,124路、128路、17路、193路、207路、233路、25路、413路、52路、555路、61路、佛279路、夜11路、夜127路、夜27路、夜2路、夜31路、夜59路、夜95路、夜99路、广260路、广286路、广205路、105路
中山八路,中山八路总,中山八路总站,BV10014194,2,中山八路总站,113.227178,23.128688,133路、204路、208路、250路、413路、82路、8路、9路、佛279路、夜33路、夜37路、夜6路、广132路、广夜58路、旅游公交1线、旅游公交2线、104路、109路、107路
中山大道东圃站,中山大道东圃,公共汽车中山大道东圃站,BV09403155,,中山大道东圃,113.397445,23.125635,夜13路、夜17路、夜25路、夜34路、夜38路、夜41路、夜93路
中山大道东圃站,中山大道东圃,公共汽车BRT中山大道东圃站,BV09403157,,中山大道东圃,113.396671,23.125868,B15路、B16路、B18路、B18路快线、B19路、B1路、B20路、B22路、B4路、B5路
中山大道东圃站,中山大道东圃,公共汽车中山大道东圃站,BV09403158,,中山大道东圃,113.396896,23.125662,夜13路、夜51路、夜64路、夜93路、B4B路
中山大道东圃站,中山大道东圃,中山大道东圃站,BV09403374,,中山大道东圃,113.397445,23.125635,夜19路、夜25路
中山大道东圃站,中山大道东圃,中山大道东圃站,BV09403693,2,中山大道东圃,113.397528,23.125556,B16路、B17路、B1短线快车、B1路、B20路、B2A路、B2路、B3路、夜17路、夜19路、夜25路、夜34路、夜38路、夜41路
中山大道中,中山大道中,中山大道中,BV09069600,,中山大道中（东圃大厦）,113.409238,23.121677,夜13路、夜17路、夜34路、夜41路
中山大学,中山大学,中山大学1,BV09193343,1,中山大学①,113.293893,23.093842,14路、184路、190路、206路、208路、226路、250路、263路、264路、270路、53路、69路、夜23路、夜24路、夜29路、夜30路、夜37路、夜43路、夜45路、夜8路
中山大学,中山大学,中山大学2,BV09243523,2,中山大学②,113.293728,23.093910,14路、184路、206路、208路、211路、226路、250路、264路、270路、823路、88路、93路、夜24路、夜30路、夜37路、夜43路、夜45路、夜8路
中山大学,中山大学,中山大学站,BV11687965,2,中山大学②,113.293728,23.093910,211路、263路、53路、88路、B9路、大学城专线3路
中山大学附属第一(南沙)医院,中山大学附属第一(南沙)医院,中山大学附属第一(南沙)医院,BV09077732,,中山大学附属第一（南沙）医院,113.498408,22.750334,南14路、南39路、南55路、南56路、南沙13路、南沙20路、南沙G4路
中山大学孙逸仙纪念医院(花都院区),中山大学孙逸仙纪念医院(花都院区),中山大学孙逸仙纪念医院(花都院区),BV09400373,,中山大学孙逸仙纪念医院（花都院区）,113.245117,23.368648,707路、花22路、花30路
中山大学孙逸仙医院(花都院区),中山大学孙逸仙医院(花都院区),中山大学孙逸仙医院(花都院区),BV09404839,,,113.245262,23.368821,花22路
中山纪念堂(连新路),中山纪念堂(连新路),中山纪念堂(连新路),BV11441193,,中山纪念堂（连新路）,113.258098,23.134873,293路、74路、B4路
中山纪念堂,中山纪念堂(市总工会),中山纪念堂4,BV09228990,4,中山纪念堂（市总工会）④,113.258469,23.134139,133路
中山纪念堂,中山纪念堂(市总工会),中山纪念堂(市总工会)3,BV09336519,3,中山纪念堂（市总工会）③,113.257336,23.134240,204路、209路、284路、305路、518路、56路、74路、南沙K8路
中山纪念堂,中山纪念堂(市总工会),中山纪念堂,BV09404373,2,中山纪念堂（市总工会）②,113.255451,23.134512,133路、204路、209路、215路、229路、261路、297路、2路、305路、518路、528路、62路、7路、80路、B3路、夜18路、夜19路、夜21路、夜38路、广12路、广276路、广283路、广283路班车、广高峰快线30路
中山六路,中山六路,中山六路站2,BV09087077,2,中山六路②,113.256142,23.127965,193路、233路、250路、527路、527路机电班车、88路、夜120路、夜27路、夜30路、广286路、104路、102路、107路
中山六路,中山六路,中山六路,BV09317509,2,中山六路,113.254235,23.127992,193路、233路、250路、527路、527路机电班车、74路、88路、夜120路、夜27路、夜30路、夜79路、广286路、104路、102路、107路
中山六路,中山六路,中山六路1,BV09340303,1,中山六路①,113.255537,23.127953,58路、74路、夜79路
中山六院知识城院区,中山六院知识城院区,中山六院知识城院区站,BV09299181,,中山六院知识城院区,113.536366,23.353332,351路、456路、456路环线
中山七路,中山七路,中山七路2,BV09194673,2,中山七路2,113.243097,23.128464,夜27路、夜30路、夜31路、104路、107路
中山七路,中山七路,中山七路,BV10016143,1,中山七路1,113.245040,23.128250,128路、193路、233路、250路、527路、527路机电班车、74路、88路、夜120路、夜27路、夜30路、夜31路、夜79路、广286路、旅游公交1线、104路、109路
中山图书馆,中山图书馆,中山图书馆2,BV09376612,2,中山图书馆②,113.271201,23.125342,125路、183路、215路、35路、541路、91路、B8路、夜21路、夜36路、夜39路、广12路、101路、104路、106路
中山图书馆,中山图书馆,中山图书馆,BV11687849,2,中山图书馆②,113.270607,23.125418,125路、183路、215路、3路、541路、91路、B8路、夜21路、夜36路、夜39路、广12路、101路、104路、106路
中山五路,中山五路,中山五路,BV09241189,1,中山五路①,113.261291,23.128169,182路、215路、233路、243路、24路、264路、27路、528路、7路、夜12路、夜21路、夜27路、夜40路、夜56路、夜89路、夜8路、广12路、广281路、广夜67路
中山五路,中山五路,中山五路2,BV11596046,2,中山五路②,113.264675,23.128286,191路、215路、233路、243路、27路、833路、108路、102路、107路
中山医,中山医,中山医,BV10016203,2,中山医②,113.283372,23.128189,16路、183路、192路、1路、221路、222路、223路、243路、299路、502路、541路、542路、546路、548路、76路、B8路、夜1路、夜27路、夜36路、夜39路、夜40路、夜93路、夜9路、108路、102路、107路
中泰规划一纵路总站,中泰规划一纵路总,中泰规划一纵路总站,BV09252827,,,113.580204,23.278249,新龙镇02线上午、新龙镇02线下午
中泰天境花园,中泰天境花园,中泰天境花园,BV11377111,,中泰天境花园,113.581335,23.276876,443路
中堂城轨站,中堂城轨,中堂城轨站,BV11309029,,,113.615020,23.078145,莞615路
中堂路口,中堂路口,中堂路口,BV10262823,,中堂路口,113.656683,23.099462,增城75路、莞609路、莞615路、莞75路、莞G7路
中堂路口,中堂路口,中堂路口2,BV11670857,2,中堂路口②,113.654883,23.098758,莞609路、莞615路
中堂市场,中堂市场,中堂市场,BV10262824,,中堂市场,113.651803,23.093913,莞609路、莞615路
中堂医院,中堂医院,中堂医院,BV10262825,,中堂医院,113.643456,23.092558,莞609路、莞615路
中堂中学,中堂中学,中堂中学,BV10262845,,中堂中学,113.653454,23.096409,莞609路、莞615路
中塘村路口,中塘村路口,中塘村路口,BV10621042,,中塘村路口,113.443634,23.599517,从10路、从9路
中田村委,中田村委,中田村委,BV11115211,,中田村委,113.706880,23.622185,从14路、从19路
中田里,中田里,中田里,BV11115182,,中田里,113.653551,23.591992,从19路密石班车、从701路
中西村,中西村,中西村,BV10014882,,中西村,113.862180,23.377600,增城17路、增城63路
中西卫生站,中西卫生,中西卫生站,BV11487827,,中西卫生站,113.864567,23.377465,增城63路
中下社,中下社,中下社,BV10954984,,,112.903460,23.331777,655A线、655B路、655路
中小企业园,中小企业园,中小企业园,BV10829761,,,113.551745,23.012976,莞618路
中心大道,中心大道,中心大道站,BV11367778,,,113.576346,23.039163,莞86路
中心工业区站,中心工业区,中心工业区站,BV10405324,,中心工业区,113.445165,22.848693,南34路、南50路、南51路、南57路、番150B路
中心南大街,中心南大街,中心南大街,BV09326598,,中心南大街,113.388357,23.047531,383路、384路/384路旅游专线、86路、大学城专线4路
中心社,中心社,中心社,BV10015569,,中心社,113.229289,23.346781,707路、花21路、花21路夜班
中新车站,中新车,中新车站,BV10389020,,中新车站,113.611521,23.288788,增城35A路、增城35路、增城51路、增城52路、增城54路、增夜4路
中新地铁站,中新地铁,中新地铁站,BV11119355,,中新地铁站,113.607309,23.287950,370路、增城11A路、增城11路、增城35A路、增城35路、增城36路、增城51路、增城52路、增城54路、增城89路、增夜4路
中新圩,中新圩,中新圩,BV11621187,,中新圩,113.614847,23.288176,370路、增城11路、增城89路
中新文体活动中心,中新文体活动中心,中新文体活动中心,BV10023634,,中新文体活动中心,113.617636,23.294856,增城11A路、增城11路、增城36路、增城54路
中新医院,中新医院,中新医院,BV11685756,,中新医院,113.616426,23.285614,增城11A路、增城36路
中新映像站,中新映像,中新映像站,BV11629123,,,113.619614,23.369203,增城54路
中信乐涛苑,中信乐涛苑,中信乐涛苑,BV10018613,,中信乐涛苑,113.302820,23.103854,182路、229路、247路、24路、767路、8路、93路、夜6路
中信香樟墅,中信香樟墅,中信香樟墅站,BV11663140,,中信香樟墅,113.614465,23.276574,增城11A路、增城36路
中兴市场,中兴市场,中兴市场,BV10018788,,中兴市场,113.413353,23.425354,709路
中医学院,中医学院,中医学院,BV09000456,,,113.258102,23.158605,198路、夜121路、夜40路
中医药大学,中医药大学,中医药大学站,BV09364556,,中医药大学,113.262318,23.161057,179路、181路、189路、199路、210路、24路、257路、265路、273路、278路、298路、32路、38路、46路、479路、540路、546路、63路、810路、夜35路、夜82路、大学城专线1路、高峰快线21路、高峰快线80路
中医医院街口院区,中医医院街口院区,中医医院街口院区,BV09376499,,中医医院街口院区,113.585943,23.554213,从16路
中医院(福宁路),中医院(福宁路),中医院(福宁路),BV11662118,,中医院（福宁路）,113.201985,23.375825,花8路
中医院,中医院#1,中医院,BV09245149,,中医院,113.362120,22.939653,番100路、番11路、番12路旅游专线、番13路、番146路、番148路、番150B路、番150路、番160路、番165路、番22B路、番4路、番51路、番5路、番5路长线、番68路、番91路、番99路
中医院,中医院#1,中医院分站,BV11131300,,中医院分站,113.364045,22.940275,301路、南68路快线、南沙65路、南沙68路、南沙70路、番10路、番12路旅游专线、番13路、番141路、番142路、番143路、番165路、番2路、番3路、番4B路、番5路、番5路长线、番6路、番8路、番92路/番92路、番97路
中医院,中医院#2,中医院,BV11134667,,中医院,113.211359,23.403468,715路、花105路、花109路、花18路、花23路、花2路、花30路、花70路、花70路短线、花75路、花7路、花9路、花都113路
中医院,中医院#3,中医院,BV11689953,,,113.586191,23.554868,从8路
中元村,中元村,中元村,BV10024310,,中元村,113.649159,23.228803,增城36路
钟边村,钟边村,钟边村,BV10256180,,钟边村,113.109903,23.097617,佛200路
钟边立交,钟边立交,钟边立交,BV10506433,,钟边立交,113.100592,23.098350,佛236路、佛251路
钟村,钟村,钟村,BV10016700,,钟村,113.313074,22.980915,301路、地铁接驳10A线、番109B路、番125路、番13路、番91路、番96路、番97路、番99路、番夜5路
钟村交警中队,钟村交警中队,钟村交警中队,BV11607756,,钟村交警中队,113.286680,22.961202,番101路、番125路、番129路、番97路
钟村敬老院,钟村敬老院,钟村敬老院,BV10019630,,钟村敬老院,113.316793,22.983042,地铁接驳10A线、番125路
钟村市场,钟村市场,钟村市场,BV11689053,,钟村市场,113.306769,22.978229,288路、地铁接驳10A线、番100路、番109B路、番109路、番125路、番25路、番96路、番97路、番99路、番夜5路
钟村屠场,钟村屠场,钟村屠场,BV10019721,,钟村屠场,113.273597,22.978526,番101路、番99路
钟村文化广场(钟屏路),钟村文化广场(钟屏路),钟村文化广场(钟屏路),BV10014963,,钟村文化广场（钟屏路）,113.295923,22.967474,番109路、番125路、番97路
钟村文化广场(钟屏路),钟村文化广场(钟屏路),钟村文化广场,BV11689918,,钟村文化广场（钟屏路）,113.295028,22.968447,番109路、番125路、番97路
钟村小学,钟村小学,钟村小学,BV11164920,,钟村小学,113.303292,22.975292,312路、地铁接驳10A线、番100路、番109路、番125路、番25路、番97路
钟二,钟二,钟二,BV10023433,,钟二,113.320080,22.978717,番109B路、番13路、番91路、番97路、番99路、番夜5路
钟岗地铁站,钟岗地铁,钟岗地铁站,BV11124829,,钟岗地铁站,113.785827,23.282118,增城17路、增城2路、增城81路
钟联路(白水塘)站,钟联路(白水塘),钟联路(白水塘)站,BV11121299,,钟联路（白水塘）,113.383214,23.384338,732路
钟联路(赤米塘)站,钟联路(赤米塘),钟联路(赤米塘)站,BV11121297,,钟联路（赤米塘）,113.378306,23.382002,732路
钟岭村站,钟岭村,钟岭村站,BV11452847,,钟岭村,113.605521,23.326454,增城89路
钟楼公园,钟楼公园,钟楼公园,BV10253207,,,113.249693,22.841830,314路、佛314路
钟楼古村,钟楼古村,钟楼古村,BV11369782,,钟楼古村,113.508321,23.519144,从803路、从808路
钟落潭(白云星汇城)总站,钟落潭(白云星汇城)总,钟落潭(白云星汇城)总站,BV09298089,,钟落潭（白云星汇城）总站,113.382500,23.378110,709路、716路、725路、夜116路
钟落潭(白云星汇城)总站,钟落潭(白云星汇城)总,钟落潭总站,BV09344048,,钟落潭（白云星汇城）总站,113.382500,23.378110,714路、夜116路
钟落潭(大钟),钟落潭(大钟),钟落潭(大钟),BV10435171,,钟落潭（大钟）,113.400132,23.381614,650路、655路、709路、714路、716路、725路、734路、979路、夜116路、夜118路
钟落潭(钟升东路),钟落潭(钟升东路),钟落潭(钟升东路),BV10021293,,钟落潭（钟升东路）,113.398869,23.381883,726路
钟落潭村委会,钟落潭村委会,钟落潭村委会,BV11175006,,钟落潭村委会,113.394288,23.388093,732路
钟落潭高校站,钟落潭高校,钟落潭高校站,BV11541696,,,113.435017,23.390132,夜116路
钟落潭高校园,钟落潭高校园,钟落潭高校园,BV11166864,2,钟落潭高校园②,113.434988,23.390122,650路、714路、979路、夜116路
钟落潭公交总站,钟落潭公交总,钟落潭公交总站,BV11133786,,钟落潭公交总站,113.410503,23.385525,726路、727路、732路
钟落潭路口,钟落潭路口,钟落潭路口站,BV11693999,,钟落潭路口,113.403812,23.382733,650路、655路、709路、714路、716路、725路、734路、979路、夜116路
钟落潭茅岗村,钟落潭茅岗村,钟落潭茅岗村,BV11114458,,钟落潭茅岗村,113.443034,23.349515,726路、826路
钟落潭市场,钟落潭市场,钟落潭市场,BV11488787,,钟落潭市场,113.401612,23.386267,716路
钟落潭文化广场(钟升东路),钟落潭文化广场(钟升东路),钟落潭文化广场,BV10388091,,钟落潭文化广场（钟升东路）,113.400317,23.386856,716路、727路、732路
钟落潭文化广场(钟升东路),钟落潭文化广场(钟升东路),钟落潭文化广场(钟升东路),BV11607762,,钟落潭文化广场（钟升东路）,113.400594,23.386270,726路
钟落潭医院,钟落潭医院,钟落潭医院,BV10018781,,,113.403463,23.385438,709路、716路、725路
钟陂头村,钟陂头村,钟陂头村,BV10015444,,钟陂头村,113.606932,23.183056,373路、增城12路、增城30路、增城43路
钟韦路口,钟韦路口,钟韦路口,BV11607754,,钟韦路口,113.305293,22.976973,地铁接驳10A线、番100路、番109路、番125路、番25路、番97路
钟一,钟一,钟一,BV10019633,,钟一,113.316044,22.972097,番100路、番15路
钟一工业区,钟一工业区,钟一工业区,BV10019632,,钟一工业区,113.312032,22.971138,番100路、番15路
钟永路,钟永路,钟永路,BV10509897,,钟永路（龙归中学）,113.312644,23.277487,427路、656路、793路、夜119路、夜86路
肿瘤医院,肿瘤医院,肿瘤医院,BV11601080,,肿瘤医院,113.284104,23.133542,185路、261路、27路、2路、305路、518路、56路、B4路、夜18路、夜38路、广283路、广283路班车、广高峰快线30路
仲恺路,仲恺路,仲恺路,BV10019498,,仲恺路,113.276700,23.107196,11路、811路、968路
仲恺农业工程学院,仲恺农业工程学院,仲恺农业工程学院,BV10021297,,仲恺农业工程学院,113.440226,23.376106,738路、979路、夜118路
仲恺农业工程学院北门,仲恺农业工程学院北门,仲恺农业工程学院北门,BV10022724,,仲恺农业工程学院北门,113.442327,23.371914,738路、979路、夜118路
仲元中学,仲元中学,仲元中学,BV10015082,,仲元中学,113.356728,22.936142,番20B路、番22B路、番2路
重岗村,重岗村,重岗村,BV11442143,,重岗村,113.492662,23.339692,342路
州洞站,州洞,州洞站,BV11484099,,,113.351413,23.602246,从403路
州洞村委,州洞村委,州洞村委,BV11488685,,,113.346834,23.602931,从403路
州峰站,州峰,州峰站,BV11484095,,,113.338392,23.601857,从403路
周门,周门,周门,BV09379941,,周门（西关外国语学校）,113.230778,23.130351,413路
周门街,周门街,周门街,BV09379926,,周门街,113.233142,23.129780,413路
周山岗总站,周山岗总,周山岗总站,BV11391200,,周山岗总站,113.271405,23.013790,番182路、番187路、番夜2路
周屋村,周屋村,周屋村,BV11268017,,周屋村,113.579922,23.608589,从6路
洲村,洲村,洲村站,BV11688781,,洲村,113.194835,23.182298,佛252路、佛里07B路、佛里07路、广231路、广657路、广974路班车、广夜91路、里07路、里07路短线/佛里07路里广快线、里14、里14路、里17路、里07路高峰线、广974路
洲村公园,洲村公园,洲村公园,BV11359852,,,113.192711,23.181139,
洲村市场,洲村市场,洲村市场站,BV11688776,,洲村市场,113.192023,23.186414,佛252路、佛里07B路、佛里07路、广231路、广657路、广974路班车、广夜91路、里07路、里07路短线/佛里07路里广快线、里14、里14路、里17路、里07路高峰线、广974路
洲头咀公园,洲头咀公园,洲头咀公园,BV11154005,,洲头咀公园,113.241381,23.104428,131B路、188路、989路
洲仔,洲仔,洲仔,BV10741026,,,112.934903,23.441193,655A线、655B路、655路
洲仔围,洲仔围,洲仔围,BV10266879,,,113.649109,23.103313,莞609路
朱村,朱村,朱村,BV10016730,,朱村,113.171546,23.382072,花115路、花19路、花21路、花21路夜班、花5路
朱村地铁站,朱村地铁,朱村地铁站,BV11119403,,朱村地铁站,113.696053,23.275064,增城11路、增城12路、增城13路、增城2路、增城50A路、增城50路
朱村牌坊,朱村牌坊,朱村牌坊,BV10426931,,朱村牌坊,113.688680,23.275371,增城50路
朱村小学,朱村小学,朱村小学,BV11382220,,朱村小学,113.690209,23.282840,增城50路
朱村医院,朱村医院,朱村医院,BV10441424,,朱村医院,113.688372,23.275003,增城11路、增城2路
朱村中学,朱村中学,朱村中学,BV11382221,,朱村中学,113.692822,23.291088,增城50路
朱兜埔,朱兜埔,朱兜埔,BV11119397,,朱兜埔,113.921090,23.460520,增城68路
朱岗尾,朱岗尾,朱岗尾,BV11463939,,,113.833023,23.194440,增城88路
朱家庄,朱家庄,朱家庄,BV11484169,,朱家庄,113.211500,23.292991,472路、825路
朱宁路口,朱宁路口,朱宁路口,BV10024222,,朱宁路口,113.691960,23.273578,增城12路、增城13路
朱屋,朱屋#1,朱屋,BV11573881,,朱屋,113.533482,23.266449,345路
朱屋,朱屋#2,朱屋,BV09185054,,,113.177421,23.476246,花89路
朱仙路中,朱仙路中,朱仙路中,BV09311982,,朱仙路中,113.704065,23.215785,增城13路、增城65路
珠宝产业园,珠宝产业园,珠宝产业园,BV10019843,,珠宝产业园,113.326546,22.923010,番15路、番7路
珠宝城,珠宝城,珠宝城,BV10019572,,珠宝城,113.161048,23.399351,花21路、花21路夜班、花80路、花9路
珠宝小镇总站,珠宝小镇总,珠宝小镇总站,BV11519910,,,113.157376,23.403370,花75路
珠村,珠村,珠村,BV10014557,2,珠村,113.413486,23.119927,356路、B15路、B1短线快车、B1路、B20路、夜13路、夜41路、夜46路
珠村,珠村,珠村,BV11502696,2,BRT珠村2,113.412337,23.120842,B15路、B16路、B17路、B1路、B20路、B26路、B5路
珠村路,珠村路,珠村路站,BV09404892,,珠村路,113.411424,23.122780,495路、903路、B2A路、B3路、夜19路、夜34路、夜46路、550路
珠村七夕广场,珠村七夕广场,珠村七夕广场,BV11192090,,珠村七夕广场,113.420242,23.120911,550路
珠村小学,珠村小学,珠村小学,BV10014555,,珠村小学,113.421755,23.120687,348路、390路、432A路、B15路、B20路、夜13路
珠村总站,珠村总,珠村总站,BV10016497,1,珠村1,113.412521,23.120760,夜17路、550路
珠岛花园,珠岛花园,珠岛花园,BV10803702,,珠岛花园,113.219618,23.132704,128路、256路、416路、夜31路
珠岛花园公交场,珠岛花园公交场,珠岛花园公交场,BV10019125,,珠岛花园公交场,113.220565,23.135495,416路
珠岛花园总站,珠岛花园总,珠岛花园总站,BV10016165,,珠岛花园总站,113.220548,23.135429,128路、256路、夜31路
珠电路口站,珠电路口,珠电路口站,BV11689812,,珠电路口,113.564703,22.812010,南沙20路
珠电路中,珠电路中,珠电路中,BV09412091,,,113.555338,22.804384,南34路、南沙63路B线、南沙8路
珠光路,珠光路,珠光路,BV10021759,,珠光路,113.265313,23.120385,1路、夜1路
珠光路总站,珠光路总,珠光路总站,BV10022678,,珠光路总站,113.267116,23.121599,91路
珠光御景站,珠光御景,珠光御景站,BV10015862,,珠光御景,113.540975,22.801062,南34路、南53路、南沙12路、南沙20路、南沙31路A线、南沙31路B线、南沙38路
珠湖村,珠湖村,珠湖村,BV10023798,,珠湖村,113.325239,23.473797,花32路
珠吉公路,珠吉公路,珠吉公路,BV11689171,,珠吉公路,113.421786,23.122894,348路、390路、432A路、581路、945路、B15路、B20路、夜13路
珠吉街,珠吉街,珠吉街,BV11192091,,珠吉街,113.420243,23.122410,550路
珠吉路北,珠吉路北,珠吉路北,BV11452730,,珠吉路北,113.431281,23.144804,403路
珠吉路口,珠吉路口,珠吉路口,BV10014556,,珠吉路口,113.421553,23.117665,348路、356路、B15路、B20路、夜13路、550路
珠江宾馆,珠江宾馆,珠江宾馆,BV10019124,,,113.303084,23.122316,183路、222路、225路、40路、44路、781路、811路
珠江产业园(珠江大道)站,珠江产业园(珠江大道)站,珠江产业园(珠江大道)站,BV10017149,,,113.525663,22.724788,
珠江创业中心,珠江创业中心,珠江创业中心,BV09026299,,珠江创业中心,113.602963,23.150593,增城38路、增城43路、新塘万达1路
珠江村,珠江村,珠江村,BV10018093,,珠江村,113.435937,23.103020,364路、390路、431路、517路、夜41路、夜46路、夜97路
珠江村,珠江村,珠江村,BV11386251,1,珠江村,113.437810,23.102931,364路、390路、431路、517路、B16路、B17路、B1路、B24路、B26路、B28路、B5路、夜41路、夜46路、夜97路
珠江村镇银行,珠江村镇银行,珠江村镇银行,BV10889438,,,112.896611,23.179113,655A线、655B路、655路
珠江灯光高新科技园,珠江灯光高新科技园,珠江灯光高新科技园,BV10338279,,珠江灯光高新科技园,113.397949,23.008579,番52路
珠江帝景苑总站,珠江帝景苑总,珠江帝景苑总站,BV10016336,,珠江帝景苑总站,113.320314,23.106577,121A路、121路、204路、262路、南沙K1路支线、夜42路、夜66路、旅游公交2线
珠江电厂站,珠江电厂,珠江电厂站,BV10016461,,珠江电厂,113.562973,22.811383,南34路、南沙12路、南沙38路、南沙62路、南沙63路A线、南沙63路B线、南沙8路
珠江东岸站,珠江东岸,珠江东岸站,BV11367773,,,113.588709,23.029160,莞619路、莞86路
珠江东路站,珠江东路,珠江东路站,BV11410733,,,113.593127,22.754990,南沙18路
珠江钢琴,珠江钢琴,珠江钢琴,BV09221614,,珠江钢琴,113.618558,23.175933,增城30路、增城31路、增城32路内环、增城32路外环、增城43路、增城45路、增夜6路
珠江公园南门,珠江公园南门,珠江公园南门,BV10014667,,珠江公园南门,113.330102,23.120918,40路、886路、901A路、夜109路
珠江广场,珠江广场,珠江广场,BV09241994,2,珠江广场②,113.305171,23.104951,11路、121A路、121路、131A路、131B路、204路、225路、266路、468路、767路、93路、夜42路、旅游公交2线、旅游观光1线
珠江花城总站,珠江花城总,珠江花城总站,BV11620082,,珠江花城总站,113.437274,23.133332,432路、465路
珠江花园,珠江花园,珠江花园,BV10019646,,珠江花园,113.338823,23.036478,90路、公交地铁接驳专线4路、番182路、番185路、番191路
珠江嘉苑总站,珠江嘉苑总,珠江嘉苑总站,BV11462296,,珠江嘉苑总站,113.383643,23.159518,28路、夜132路
珠江街(灵新大道),珠江街(灵新大道),珠江街站,BV10015799,,,113.541674,22.703084,南25路
珠江街(灵新大道),珠江街(灵新大道),珠江街(灵新大道),BV11694276,,珠江街（灵新大道）,113.541073,22.703356,南25路、南沙G1路、南沙旅游1路
珠江街(珠江二路),珠江街(珠江二路),珠江街(珠江二路),BV10945933,,珠江街（珠江二路）,113.541286,22.704426,南10路、南28路、南39路、南沙9路团结围线、南沙9路缸瓦沙线、南沙G2路
珠江街卫生服务中心,珠江街卫生服务中心,珠江街卫生服务中心站,BV09353781,,,113.531087,22.706625,南39路
珠江街政务中心站,珠江街政务中心,珠江街政务中心站,BV11689815,,,113.533869,22.704079,南30路
珠江南景园总站,珠江南景园总,珠江南景园总站,BV10019609,,珠江南景园总站,113.269172,23.082993,B9路
珠江桥脚,珠江桥脚,珠江桥脚,BV10866614,,珠江桥脚,113.224904,23.130184,17路、256路、261路、34路、413路、538路、71路、832路、839路、885路、夜2路
珠江湾站,珠江湾,珠江湾站,BV10514845,,珠江湾,113.579141,22.746151,九王庙临时接驳线内环、九王庙临时接驳线外环、南夜6路、南沙49路、南沙4路、南沙W2路
珠江万科城,珠江万科城,珠江万科城,BV11671374,,,113.542101,23.055385,莞618路、莞619路
珠江西一路,珠江西一路,珠江西一路站,BV10015880,,,113.536985,22.701197,南28路、南30路、南沙9路团结围线、南沙9路缸瓦沙线
珠江新城总站,珠江新城总,珠江新城总站,BV10014644,,珠江新城总站,113.335399,23.118855,499路、545路、777路、886路
珠江学院,珠江学院,珠江学院,BV10020438,,珠江学院,113.573133,23.516666,从5路、从5路长线、从904路、从夜1路
珠江学院(东北门),珠江学院(东北门),珠江学院(东北门),BV09149784,,,113.579069,23.516455,从21路长线
珠江一路站,珠江一路,珠江一路站,BV10651483,,,113.541734,22.706214,南25路、南30路
珠江医院,珠江医院,珠江医院,BV10681380,,珠江医院,113.262622,23.081562,220路、288路、29路、303路、309路、31路、469路、521路、583路、75路、963路、9路、夜24路、夜32路、夜3路、夜7路、87路
珠江医院总站,珠江医院总,珠江医院总站2,BV09245917,2,珠江医院总站,113.265677,23.084172,186路
珠江医院总站,珠江医院总,珠江医院总站,BV10021721,1,珠江医院总站,113.265979,23.084072,186路、192路、44路
珠江泳场,珠江泳场,珠江泳场,BV09006391,,珠江泳场（海印公园）总站,113.288104,23.106058,11路、121A路、121路、131A路、131B路、182路、229路、247路、24路、266路、460路、8路、夜42路、夜6路、旅游公交2线、旅游观光1线
珠江泳场总站,珠江泳场总,珠江泳场总站,BV10021858,,珠江泳场（海印公园）总站,113.282735,23.108526,266路、36路、548路、旅游观光1线
珠江源昌花园,珠江源昌花园,珠江源昌花园,BV11343212,,,113.521326,22.723176,南39路
珠江中路站,珠江中路,珠江中路站,BV10015849,,珠江中路,113.574624,22.750458,南28路、南夜6路、南沙18路、南沙49路、南沙4路、南沙62路、南沙62路短线、南沙1路
珠江中学,珠江中学,珠江中学,BV09099105,,珠江中学,113.544870,22.708202,南10路、南25路、南28路、南30路、南39路、南沙9路团结围线、南沙9路缸瓦沙线、南沙G2路
珠影(地铁客村站),珠影(地铁客村站),珠影(地铁客村站)1,BV09316964,1,珠影（地铁客村站）①,113.314969,23.098753,14路、206路、250路、252路、270路、37路、463路、488路、B7路快线、夜101路、夜108路、夜66路
珠影(地铁客村站),珠影(地铁客村站),珠影,BV10013679,2,珠影（地铁客村站）②,113.315007,23.098847,130路、131A路、131B路、14路、184路、189路、190路、206路、226路、229路、239路、250路、252路、264A路、270路、37路、463路、468路、488路、69路、B7路、B7路快线、夜101路、夜135路、夜29路、夜37路、夜45路、夜66路、夜8路、大学城专线3路、高峰快线74路
猪肠桥,猪肠桥,猪肠桥,BV11334794,,猪肠桥,113.856894,23.715620,从602路
竹湖村,竹湖村,竹湖村,BV10490143,,竹湖村,113.344953,23.465295,花85路
竹坑,竹坑,竹坑,BV10945041,,竹坑,113.932630,23.834563,从504路、从506路
竹坑保安亭,竹坑保安亭,竹坑保安亭,BV11629207,,,113.732350,23.412398,增城58路
竹坑村,竹坑村,竹坑村,BV11119679,,竹坑村,113.705352,23.410865,增城58路
竹坑村委,竹坑村委,竹坑村委,BV11405740,,,113.727489,23.414549,增城58路
竹坑小学,竹坑小学,竹坑小学,BV11405739,,,113.729841,23.415432,增城58路
竹料大道,竹料大道,竹料大道,BV10018790,,竹料大道,113.369338,23.362093,473路、727路、732路、976路、夜83路
竹料公交场,竹料公交场,竹料公交场,BV10019155,,竹料公交场站,113.346901,23.368275,976路
竹料路口,竹料路口,竹料路口,BV10013956,,竹料路口,113.368969,23.360904,650路、655路、724路、727路、976路、979路
竹料税所,竹料税所,竹料税所,BV10014398,,竹料税所,113.355290,23.368395,727路、976路、夜83路
竹料墟,竹料墟,竹料墟(东行),BV09033709,,竹料墟,113.350950,23.368920,夜83路
竹料墟,竹料墟,竹料墟(西行),BV09036708,1,竹料墟①,113.350249,23.368919,夜83路
竹料墟,竹料墟,竹料墟,BV10014397,1,竹料墟①,113.350950,23.368920,727路、976路
竹料一中,竹料一中,竹料一中,BV10014395,,竹料一中,113.343517,23.366495,976路
竹料综合市场,竹料综合市场,竹料综合市场,BV11385186,,竹料综合市场,113.349751,23.368661,733路
竹三村总站,竹三村总,竹三村总站,BV09159438,,竹三村总站,113.341912,23.370496,976路
竹山村(番禺大道),竹山村(番禺大道),竹山村(番禺大道),BV10990061,,竹山村（番禺大道）,113.379267,22.952772,番4路、番52路
竹山村,竹山村#1,竹山村,BV10017715,,竹山村,113.556423,23.342557,352路
竹山村,竹山村#2,竹山村,BV10017714,,竹山村,113.383101,22.953112,番22B路、番22路
竹山村口,竹山村口,竹山村口,BV11693918,,,113.379533,22.951650,番19路
竹山工业区,竹山工业区,竹山工业区,BV10023284,,竹山工业区,113.385639,22.954716,番22B路、番22路
竹山总站,竹山总,竹山总站,BV11621709,,竹山总站,113.379535,22.951668,番19路
竹一村,竹一村,竹一村,BV10018923,,竹一村,113.349757,23.371068,727路、733路
竹园头,竹园头,竹园头,BV11417813,,竹园头,113.546680,23.463901,从802路
竹仔园,竹仔园,竹仔园,BV09006127,,竹仔园,113.291985,23.270864,510路、711路、753路、793路、837路、840路、986路、夜119路、夜94路
主山市场,主山市场,主山市场,BV10262364,,,113.774594,23.039839,莞G7路
庄埔路口,庄埔路口,庄埔路口,BV10382327,,庄埔路口,113.526877,23.348802,350路、351路、456路、456路环线
庄埔路中,庄埔路中,庄埔路中,BV11508120,,庄埔路中,113.531751,23.351733,350路、351路
庄头公园站,庄头公园,庄头公园站,BV09194124,,庄头公园,113.256817,23.082546,29路、963路
资源热力电站,资源热力电,资源热力电站,BV09371834,,,113.463177,22.758218,南56路
资政大夫祠,资政大夫祠,资政大夫祠,BV10017317,,资政大夫祠,113.184963,23.389729,花31路
子沙村委站,子沙村委,子沙村委站,BV10641097,,,113.363854,22.856434,南41路
梓元岗,梓元岗,梓元岗站,BV09364515,2,梓元岗②,113.258074,23.157005,181路、257路、470路
梓元岗,梓元岗,梓元岗2,BV09368222,2,梓元岗②,113.258342,23.157214,124路、182路、186路、210路、244A路、244路、251路、254路、280路、58A路、58路、807A路、807路、886路、夜22路、夜40路、高峰快线21路
梓元岗,梓元岗,梓元岗1,BV09368674,1,梓元岗①,113.258061,23.156285,124路、182路、186路、210路、244A路、244路、24路、265路、273路、284路、34路、38路、58A路、58路、807A路、807路、981路、夜121路、夜22路
梓元岗,梓元岗,梓元岗3,BV09373815,3,梓元岗③,113.258074,23.157005,251路、280路、34路、38路、886路、夜87路、101路
梓元岗,梓元岗,梓元岗(停南行),BV09391742,1,梓元岗①,113.258102,23.158605,商务专线3路
梓元岗,梓元岗,梓元岗(停北行),BV09391743,1,梓元岗①,113.258098,23.156386,商务专线3路
梓元岗路口,梓元岗路口,梓元岗路口,BV11465724,,,113.255984,23.152899,470路
梓元岗路西站,梓元岗路西,梓元岗路西站,BV09364560,,梓元岗路西,113.249006,23.155553,661路
梓元岗路中,梓元岗路中,梓元岗路中,BV11465727,,,113.253342,23.153467,470路
紫金城,紫金城,紫金城,BV11175927,,紫金城,113.160740,23.039191,佛232路
紫荆道,紫荆道,紫荆道,BV11688525,,紫荆道,113.246391,23.059556,121路、52路、64路、995路、广277路
紫坭村口,紫坭村口,紫坭村口,BV10406851,,紫坭村口,113.287544,22.892237,314路、番12路旅游专线、番67路旅游专线
紫坭村委,紫坭村委,紫坭村委,BV10017284,,紫坭村委,113.284237,22.895217,314路、番12路旅游专线、番67路旅游专线
紫石岗,紫石岗,紫石岗,BV11596284,,紫石岗,113.396465,23.669421,从408路
紫薇路,紫薇路,紫薇路,BV10016740,,紫薇路,113.230974,23.407266,花2路、花31路
紫霞山庄,紫霞山庄,紫霞山庄,BV11310990,,,113.318287,23.581665,花17路王子山班车
紫云阁,紫云阁,紫云阁,BV10253108,,紫云阁,113.066530,22.889913,佛K330路/K330路快线
自来水公司,自来水公司,自来水公司,BV10020894,,自来水公司,113.598440,23.554330,从4路、从5路、从5路长线、从夜1路、从4路快线
自在城市花园,自在城市花园,自在城市花园,BV10388554,,自在城市花园,113.344519,22.992882,番163A路、番163B路、番88路
综合管理中心,综合管理中心,综合管理中心,BV11415282,,,113.501924,23.447840,从801路
综合楼,综合楼,综合楼,BV10266785,,,113.547415,23.074448,莞616路、莞619路
综合商业北区(临时站),综合商业北区(临时站),综合商业北区,BV10013797,,综合商业北区,113.378955,23.061014,361路、383路、801路、B25路、夜48路、夜50路、夜65路、大学城专线1路、大学城专线2路、大学城专线3路、大学城专线4路、大学城环线1路、番201路、番202路旅游专线
综合商业北区(临时站),综合商业北区(临时站),综合商业北区(临时站),BV11322770,,综合商业北区,113.379997,23.061892,387路、大学城环线2路、番201路、番202路旅游专线
综合商业南区,综合商业南区,综合商业南区,BV10016014,,综合商业南区,113.395737,23.046411,332路、383路、387路、86路、997路、夜128路、夜50路、大学城专线1路、大学城专线2路、大学城专线3路、大学城环线1路、番201路、番202路旅游专线
综合市场,综合市场,综合市场,BV10252237,,,113.094886,23.122296,佛275路
纵五路口,纵五路口,纵五路口,BV09190523,,,113.798910,23.204504,增城76路
纵一路,纵一路,纵一路,BV09292562,,纵一路,113.592570,23.138802,增城23路、增城26路、增城32路内环、增城32路外环、增城35路、增夜4路、增城26A路
走马夫,走马夫,走马夫,BV11151773,,走马夫,113.946187,23.916905,从506路
走马岗路,走马岗路,走马岗路,BV10740833,,走马岗路,113.252402,23.156768,661路
钻汇广场东门,钻汇广场东门,钻汇广场东门,BV09200219,,钻汇广场东门（地铁市桥站）,113.357785,22.950969,301路、K314路、番11路、番12路旅游专线、番13路、番150B路、番150路、番15路、番160路、番27路、番2路、番33路、番5路、番5路长线、番67路旅游专线、番8路、番91路、番96路、番97路、番99路、番夜5路
钻汇广场南门(地铁市桥站),钻汇广场南门(地铁市桥站),钻汇广场南门,BV09200217,,钻汇广场南门（地铁市桥站）,113.356814,22.949517,番16路、番7路
钻汇广场南门(地铁市桥站),钻汇广场南门(地铁市桥站),钻汇广场南门(地铁市桥站),BV09304518,,钻汇广场南门（地铁市桥站）,113.356792,22.949522,番27路
钻汇广场西门,钻汇广场西门,钻汇广场西门,BV09200220,,钻汇广场西门（地铁市桥站）,113.356294,22.950741,番100路、番165路、番16路、番1路、番20B路、番27路、番30路、番67路旅游专线、番7路、番108路
钻石花园,钻石花园,钻石花园,BV11364431,,钻石花园,113.214286,23.400331,花75路、花85路、花8路、花9路
左边村,左边村,左边村,BV11457001,,左边村（珠宝名镇）,113.348066,22.963105,301路、番100路、番11路、番13路、番150B路、番15路、番1路、番21B路、番5路、番5路长线、番91路、番96路、番97路、番99路、番108路
左村,左村,左村,BV10018737,,左村,113.524635,23.635033,从18路、从901路、从902路
左村大围,左村大围,左村大围,BV11258166,,左村大围,113.529059,23.632302,从18路、从901路、从902路
BRT岗顶S2,BRT岗顶S2,BRT岗顶S2,BV09373959,2,,113.333286,23.136954,
临时站,G:BV09032460,临时站,BV09032460,,,113.996513,23.811594,从501路
临时站,G:BV09032461,临时站,BV09032461,,,114.017169,23.834570,从501路
临时站,G:BV09032555,临时站1,BV09032555,1,,113.729149,23.379957,增城19路
临时站,G:BV09038821,临时站,BV09038821,,,113.868538,23.894004,从504路
临时站,G:BV09073139,临时站,BV09073139,,,113.494100,23.469523,从夜1路
临时站,G:BV09084876,临时站,BV09084876,,,113.270380,23.229024,鹤龙2线
临时站,G:BV09087010,临时站,BV09087010,,,113.585773,22.676717,南沙2路支线
临时站,G:BV09108274,临时站,BV09108274,,,113.519093,23.468351,从802路
临时站,G:BV09114329,临时站,BV09114329,,,113.881852,23.894157,从504路
临时站,G:BV09114330,临时站,BV09114330,,,113.199737,23.399313,花68路短线
临时站(流溪河林场安吉小区),G:BV09130296,临时站(流溪河林场安吉小区),BV09130296,,,113.772526,23.745655,从602路
临时站(大街公园),G:BV09130588,临时站(大街公园),BV09130588,,,113.448337,23.051039,番63路
临时站,G:BV09172269,临时站,BV09172269,,,113.723267,23.623611,从14路、从19路
临时站,G:BV09183570,临时站3,BV09183570,3,,113.448626,23.053582,番63路
临时站,G:BV09187203,临时站,BV09187203,,,113.763044,23.494963,增城59路、增城83路
临时站(志华农庄),G:BV09194616,临时站(志华农庄),BV09194616,,,113.378134,22.893005,南36路
临时站,G:BV09198607,临时站,BV09198607,,,113.432530,23.158482,科学城3号交通专线/K3路
临时站,G:BV09202784,临时站,BV09202784,,,113.896135,23.451624,增城66路
临时站,G:BV09209217,临时站,BV09209217,,,113.501953,23.581114,从402路
临时站,G:BV09209220,临时站,BV09209220,,,113.858537,23.220141,增城18路
临时站,G:BV09209222,临时站,BV09209222,,,113.183544,23.422061,花76路
临时站,G:BV09220465,临时站1,BV09220465,1,,113.408272,23.153939,高峰快线32路、320路
临时站,G:BV09224026,临时站,BV09224026,,,113.542768,23.463555,从802路
临时站,G:BV09225892,临时站,BV09225892,,,113.595874,23.528711,从21路长线、从5路、从8路
临时站,G:BV09228544,临时站,BV09228544,,,113.517327,22.804742,南沙K1路
临时站,G:BV09235565,临时站,BV09235565,,,113.656121,23.365685,增城53路
临时站,G:BV09237027,临时站,BV09237027,,,113.223346,23.337016,花8路
临时站,G:BV09243528,临时站,BV09243528,,,113.797645,23.302792,增城80路
临时站,G:BV09245152,临时站1,BV09245152,1,,113.313368,22.844319,南43路
临时站,G:BV09245153,临时站2,BV09245153,2,,113.448612,23.053261,番63路
临时站,G:BV09259269,临时站,BV09259269,,,113.562125,23.625817,从6路
临时站,G:BV09263628,临时站1,BV09263628,1,,113.420744,22.827015,南沙40路短线
招呼站,G:BV09274222,招呼站3,BV09274222,3,,113.167216,23.066660,同成社区公交接驳专线
招呼站(凯创),G:BV09280996,招呼站(凯创),BV09280996,,,113.167354,23.064542,同成社区接驳专线
招呼站,G:BV09280998,招呼站2,BV09280998,2,,113.167354,23.064542,同成社区公交接驳专线
招呼站,G:BV09280999,招呼站1,BV09280999,1,,113.167468,23.063973,同成社区公交接驳专线
招呼站,G:BV09281000,招呼站5,BV09281000,5,,113.167387,23.063865,同成社区公交接驳专线
招呼站,G:BV09281001,招呼站4,BV09281001,4,,113.167204,23.067068,同成社区公交接驳专线
临时站,G:BV09282691,临时站,BV09282691,,,113.184531,23.129020,夜112路
临时站,G:BV09287264,临时站,BV09287264,,,113.189587,23.122992,佛沥12高峰线
临时站,G:BV09299756,临时站,BV09299756,,,113.183539,23.351626,829路
临时站,G:BV09299757,临时站,BV09299757,,,113.382003,22.889498,南36路
临时站,G:BV09302924,临时站,BV09302924,,,113.644774,23.260407,增城89路
临时站,G:BV09303521,临时站,BV09303521,,,113.586647,22.636892,南30路
临时站,G:BV09304519,临时站,BV09304519,,,113.189873,23.188086,广夜91路
招呼站,G:BV09304531,招呼站,BV09304531,,,113.387337,23.627372,从907路
招呼站(邝维煜纪念中学),G:BV09304532,招呼站(邝维煜纪念中学),BV09304532,,,113.200557,23.402800,花68路短线
临时站,G:BV09308224,临时站,BV09308224,,,113.437341,22.814820,南沙40路短线
临时站,G:BV09308334,临时站1,BV09308334,1,,113.533329,23.464838,从802路
临时站,G:BV09314789,临时站,BV09314789,,,113.311454,22.852052,南43路
临时站,G:BV09315458,临时站,BV09315458,,,113.617982,23.350113,增城53路
临时站,G:BV09320757,临时站,BV09320757,,,113.109723,23.439930,花88路
临时站,G:BV09320813,临时站,BV09320813,,,113.445902,23.059023,番63路
临时站,G:BV09321130,临时站,BV09321130,,,113.225960,23.208076,夜26路
临时站,G:BV09323728,临时站,BV09323728,,,113.127504,23.449832,花2B路、花80路
临时站,G:BV09324704,临时站,BV09324704,,,113.434065,23.167721,科学城3号交通专线/K3路
临时站,G:BV09324849,临时站,BV09324849,,,113.496799,23.013055,番131路
临时站,G:BV09325142,临时站,BV09325142,,,113.448317,23.050888,番63路
临时站,G:BV09325408,临时站,BV09325408,,,113.224823,23.345459,707路
临时站(永发大道),G:BV09326601,临时站(永发大道),BV09326601,,,113.185289,23.418528,花76路
招呼站,G:BV09330658,招呼站,BV09330658,,,113.923368,23.401437,增城72B路
临时站,G:BV09331577,临时站,BV09331577,,,113.359859,22.947001,番13路、番51路
临时站,G:BV09339397,临时站1,BV09339397,1,,113.500525,23.584213,从402路
临时站,G:BV09342746,临时站,BV09342746,,,113.119340,23.373109,花68路
临时站,G:BV09342747,临时站,BV09342747,,,113.425956,22.822645,南沙40路短线
临时站,G:BV09343128,临时站,BV09343128,,,113.516153,23.451509,从802路
临时站,G:BV09345101,临时站,BV09345101,,,113.341423,22.980557,番86路高峰直达短线
临时站,G:BV09346014,临时站,BV09346014,,,113.731068,23.375166,增城19路
临时站,G:BV09346248,临时站,BV09346248,,,113.416097,23.158052,高峰快线32路、320路
临时站,G:BV09346865,临时站,BV09346865,,,113.244361,23.434350,花8路
临时站,G:BV09346866,临时站,BV09346866,,,113.290006,23.145915,482路
招呼站,G:BV09347020,招呼站,BV09347020,,,113.441755,22.894636,番140路
招呼站,G:BV09347021,招呼站,BV09347021,,,113.195794,23.403192,花68路短线
招呼站(安顺小桥),G:BV09347048,招呼站(安顺小桥),BV09347048,,,113.435471,22.896690,番140路
招呼站(东涌荣威汽修厂),G:BV09347050,招呼站(东涌荣威汽修厂),BV09347050,,,113.411546,22.898422,番140路
临时站,G:BV09348433,临时站,BV09348433,,,113.731600,23.623888,从14路、从19路
临时站(佳家民宿),G:BV09352105,临时站(佳家民宿),BV09352105,,,113.727109,23.623512,从14路、从19路
临时站,G:BV09352261,临时站,BV09352261,,,113.203611,23.416795,花76路
临时站(科珠路),G:BV09356592,临时站(科珠路),BV09356592,,,113.432865,23.166432,科学城3号交通专线/K3路
招呼站,G:BV09357245,招呼站,BV09357245,,,113.951971,23.400496,增城72B路
临时站,G:BV09358213,临时站,BV09358213,,,113.045555,23.408227,花68路白坭班车
招呼站,G:BV09358416,招呼站,BV09358416,,,113.937365,23.402879,增城72B路
临时站(观音古庙),G:BV09359114,临时站(观音古庙),BV09359114,,,113.540807,22.904836,番155路
招呼站,G:BV09359414,招呼站,BV09359414,,,113.592570,23.138802,增城23路
临时站(东镜国际装饰材料城),G:BV09359605,临时站(东镜国际装饰材料城),BV09359605,,,113.221757,23.339300,707路
招呼站,G:BV09362766,招呼站,BV09362766,,,113.369076,23.081871,264A路
招呼站,G:BV09369038,招呼站,BV09369038,,,113.510610,22.785792,南沙学1路
临时站,G:BV09370015,临时站,BV09370015,,,113.766071,23.744313,从602路
临时站,G:BV09372006,临时站,BV09372006,,,113.750058,23.759170,从601路
临时站,G:BV09372122,临时站1,BV09372122,1,,114.017103,23.834438,从501路
临时站,G:BV09372320,临时站,BV09372320,,,113.298646,23.237058,671路
临时站,G:BV09372759,临时站,BV09372759,,,113.876481,23.416822,增城63路
招呼站,G:BV09373094,招呼站,BV09373094,,,113.362867,22.981129,310路
招呼站,G:BV09373780,招呼站,BV09373780,,,113.356932,22.912442,番9路
临时站,G:BV09373960,临时站,BV09373960,,,113.402489,23.088944,夜66路
临时站(茭塘新村),G:BV09375500,临时站(茭塘新村),BV09375500,,,113.494761,23.015488,番131路
招呼站,G:BV09376265,招呼站,BV09376265,,,113.229709,23.099196,965路
招呼站,G:BV09377098,招呼站,BV09377098,,,113.414713,22.895990,番140路
临时站,G:BV09381676,临时站,BV09381676,,,113.759202,23.680381,从606路
临时站,G:BV09381946,临时站,BV09381946,,,113.405783,23.153693,高峰快线32路、320路
临时站(清华科技园),G:BV09382696,临时站(清华科技园),BV09382696,,,113.454690,22.980024,番126路
临时站,G:BV09382697,临时站,BV09382697,,,113.266929,23.258879,夜84路
临时站,G:BV09382859,临时站,BV09382859,,,113.545819,22.897154,番155路
临时站,G:BV09382860,临时站1,BV09382860,1,,113.183702,23.123824,佛沥12高峰线
临时站,G:BV09382918,临时站,BV09382918,,,113.540421,22.906301,番155路
临时站,G:BV09383015,临时站1,BV09383015,1,,113.446096,23.058761,番63路
招呼站,G:BV09384012,招呼站,BV09384012,,,113.378969,22.931221,番4B路
临时站,G:BV09384072,临时站,BV09384072,,,113.652092,23.291024,增城71路
招呼站,G:BV09384381,招呼站,BV09384381,,,113.470040,22.943966,番111路
临时站,G:BV09384383,临时站,BV09384383,,,113.475093,23.023988,番31路
临时站,G:BV09384887,临时站,BV09384887,,,113.079458,23.388021,花68路、花68路白坭班车、花68路短线
临时站(从化区旗杆中学),G:BV09385142,临时站(从化区旗杆中学),BV09385142,,,113.501118,23.583839,从402路
临时站,G:BV09385744,临时站,BV09385744,,,113.850442,23.188695,增城88路
临时站,G:BV09388214,临时站,BV09388214,,,113.344907,22.941378,K314路、番67路旅游专线
临时站,G:BV09388401,临时站,BV09388401,,,113.684151,23.716699,从608路
招呼站,G:BV09391210,招呼站,BV09391210,,,113.403228,23.022041,番53路
临时站,G:BV09392319,临时站,BV09392319,,,113.263562,23.213795,794路
招呼站,G:BV09392414,招呼站,BV09392414,,,113.569850,22.750423,南沙4路
临时站(白坭桥),G:BV09393127,临时站(白坭桥),BV09393127,,,113.023292,23.422462,花68路白坭班车
临时站,G:BV09393226,临时站,BV09393226,,,113.268350,23.100232,夜42路
临时站,G:BV09393528,临时站,BV09393528,,,113.583438,23.600167,从6路
招呼站,G:BV09394518,招呼站,BV09394518,,,113.167468,23.063973,同成社区接驳专线
临时站,G:BV09394521,临时站,BV09394521,,,113.669292,23.173792,增城44路
临时站,G:BV09396329,临时站1,BV09396329,1,,113.723267,23.623611,从14路
临时站,G:BV09396943,临时站,BV09396943,,,113.174788,23.454232,花83路
临时站(葵蓬茶文化产业园),G:BV09397532,临时站(葵蓬茶文化产业园),BV09397532,,,113.215148,23.096662,414路
临时站,G:BV09397533,临时站,BV09397533,,,113.408542,23.721174,从10路
临时站,G:BV09397889,临时站,BV09397889,,,113.713418,23.556746,从701路
临时站,G:BV09400400,临时站,BV09400400,,,113.213082,23.094293,414路
临时站,G:BV09401075,临时站,BV09401075,,,113.707798,23.274402,增城4路
临时站,G:BV09402873,临时站,BV09402873,,,113.160570,23.417281,花2路
临时站,G:BV09403701,临时站,BV09403701,,,113.118189,23.255742,佛里07B路
招呼站,G:BV09404007,招呼站,BV09404007,,,113.307225,23.023665,番96路
招呼站,G:BV09405894,招呼站,BV09405894,,,113.256705,23.162592,198路
招呼站,G:BV09406081,招呼站,BV09406081,,,113.600349,23.134390,增城38路
招呼站,G:BV09406694,招呼站,BV09406694,,,113.195745,22.930147,佛349路
招呼站,G:BV09408499,招呼站,BV09408499,,,113.539869,22.794768,南沙31路B线
招呼站,G:BV09408825,招呼站,BV09408825,,,113.197221,22.939680,佛349路
临时站(九霄缘钓鱼场),G:BV09409671,临时站(九霄缘钓鱼场),BV09409671,,,113.415772,23.157994,高峰快线32路、320路
临时站,G:BV09409927,临时站,BV09409927,,,113.323702,23.439068,花16路
招呼站,G:BV09409956,招呼站,BV09409956,,,113.451582,22.982866,番126路
临时站,G:BV09411177,临时站,BV09411177,,,113.322922,23.280676,夜86路
临时站,G:BV09411178,临时站,BV09411178,,,113.298986,23.018655,番182路
临时站,G:BV09411179,临时站,BV09411179,,,113.457008,23.031615,番77路
招呼站,G:BV09411649,招呼站,BV09411649,,,113.555338,22.804384,南沙38路、南沙63路A线
招呼站,G:BV09412020,招呼站,BV09412020,,,113.517327,22.804742,南沙K1路、南沙K2路、南沙K8路
招呼站,G:BV09413001,招呼站,BV09413001,,,113.289835,23.016695,番145路
招呼站,G:BV09413002,招呼站,BV09413002,,,113.474225,23.177467,573路
招呼站,G:BV09413014,招呼站,BV09413014,,,113.518930,23.166200,566路
临时站,G:BV09413987,临时站,BV09413987,,,113.582743,23.321763,441路
招呼站,G:BV11408987,招呼站,BV11408987,,,113.811677,23.520110,增城62路
招呼站,G:BV11409050,招呼站,BV11409050,,,113.604251,22.774068,南沙5路
招呼站,G:BV11409744,招呼站,BV11409744,,,113.930884,23.470519,增城68路
招呼站,G:BV11409758,招呼站,BV11409758,,,113.772984,23.490535,增城62路
招呼站,G:BV11409768,招呼站,BV11409768,,,113.940186,23.437061,增城72A路
临时站,G:BV11621777,临时站,BV11621777,,,113.908421,23.483675,增城66路
临时站(119省道),G:BV11630887,临时站(119省道),BV11630887,,,113.911203,23.491959,增城66路
临时站,G:BV11630890,临时站,BV11630890,,,113.912418,23.494662,增城66路
招呼站,G:BV11632938,招呼站,BV11632938,,,113.370643,22.791606,南46路
临时站,G:BV11633019,临时站,BV11633019,,,113.728024,23.465752,增城59路
招呼站,G:BV11648352,招呼站,BV11648352,,,113.804509,23.516721,增城62路
