合并站名,站组ID,原始分站名,站点ID,经度,纬度
105新地广场,105新地广场,105新地广场,BV10015054,113.307225,23.023665
15队中桥站,15队中桥,15队中桥站,BV11382166,113.416829,22.832598
1978文化创意园,1978文化创意园,1978文化创意园,BV11489752,113.841009,23.300244
1978电影小镇创意园,1978电影小镇创意园,1978电影小镇创意园,BV11259173,113.840392,23.299603
1号航站楼,1号航站楼,1号航站楼,BV11510236,113.298134,23.389739
214站,214,214站,BV11418521,113.60496,23.119297
2号航站楼,2号航站楼,2号航站楼,BV11510235,113.301101,23.397577
863中心,863中心,863中心,BV11341529,113.330263,23.299948
一一五中学,一一五中学,一一五中学,BV10019244,113.352584,23.281901
一五七医院,一五七医院,一五七医院,BV11269468,113.320359,23.187642
一号航站楼(26-29号门),一号航站楼(26-29号门),一号航站楼,BV11544668,113.298134,23.389739
一号航站楼(26-29号门),一号航站楼(26-29号门),一号航站楼(26-29号门),BV11544669,113.298156,23.389909
一德东,一德东,一德东,BV10015710,113.256344,23.116474
一德中,一德中,一德中,BV10018682,113.254882,23.116044
一德西,一德西,一德西,BV10018681,113.249691,23.114865
一德西总站,一德西总,一德西总站,BV10021675,113.248895,23.114796
一涌站,一涌,一涌站,BV10014998,113.512606,22.730347
一环路,一环路,一环路,BV10715164,113.830576,23.268079
丁坑村委,丁坑村委,丁坑村委,BV11352972,113.424938,23.55658
七十七站,七十七,七十七站,BV10019823,113.446109,22.903763
七境村,七境村,七境村,BV11119670,113.825166,23.534481
七彩澳游,七彩澳游,七彩澳游,BV11374255,113.690241,23.323667
七星七队,七星七队,七星七队,BV10446694,113.375102,23.465636
七星体育公园,七星体育公园,七星体育公园,BV11115221,113.598398,23.539628
七星六队,七星六队,七星六队,BV10631943,113.368793,23.474279
七星北路路口,七星北路路口,七星北路路口,BV10631944,113.352843,23.481752
七星小学,七星小学,七星小学,BV10446699,113.351936,23.477769
七星岗,七星岗#1,七星岗,BV10021829,113.271786,23.249909
七星岗,七星岗#2,七星岗,BV11352951,113.495186,23.476302
七星岗公园,七星岗公园,七星岗公园站,BV10019962,113.391797,22.997903
七星岗工业路,七星岗工业路,七星岗工业路,BV11682596,113.274276,23.255658
七星岗工业路南,七星岗工业路南,七星岗工业路南,BV11682595,113.274127,23.251367
七星岗总站,七星岗总,七星岗总站,BV10019657,113.265933,23.241214
七星岗路,七星岗路,七星岗路,BV10021827,113.276191,23.248313
七星岗路东,七星岗路东,七星岗路东,BV10783716,113.277328,23.247153
七星岗路口,七星岗路口,七星岗路口站,BV11098346,113.280314,23.24694
七星市场,七星市场,七星市场,BV11415297,113.595997,23.540992
七星庄,七星庄,七星庄,BV11655609,113.508359,23.361093
七星路口,七星路口#1,七星路口,BV11625937,113.330153,23.435608
七星路口,七星路口#2,七星路口,BV11625936,113.591698,23.543459
七涌站,七涌,七涌站,BV10017249,113.548994,22.697116
七队站,七队,七队站,BV10015922,113.473107,22.828974
万信达,万信达,万信达,BV09313069,113.207567,23.42352
万信达公寓,万信达公寓,万信达公寓,BV10435948,113.12991,23.362054
万博中心,万博中心,万博中心站,BV11691212,113.337538,23.007046
万博中心总站,万博中心总,万博中心总站,BV10018514,113.338101,23.011801
万博翠湖花园,万博翠湖花园,万博翠湖花园,BV11688055,113.355079,22.981706
万和商场,万和商场,万和商场,BV10262817,113.645764,23.093365
万国园站,万国园,万国园站,BV10840062,113.535366,22.809542
万安工业区,万安工业区,万安工业区,BV10017997,113.339768,22.880483
万安村,万安村,万安村,BV10020151,113.339657,22.8775
万宝工业基地,万宝工业基地,万宝工业基地站,BV11689359,113.30368,22.996651
万寿路东,万寿路东,万寿路东,BV10021131,113.275376,23.105145
万寿路中,万寿路中,万寿路中,BV10021132,113.273483,23.105601
万寿路总站,万寿路总,万寿路总站,BV10021127,113.271354,23.106469
万水塘路口,万水塘路口,万水塘路口,BV09257862,113.284707,23.289613
万江医院,万江医院,万江医院,BV11296638,113.714499,23.058638
万江桥,万江桥,万江桥,BV10262200,113.730534,23.048831
万洲村,万洲村#1,万洲村站,BV10019830,113.467169,22.809377
万洲村,万洲村#2,万洲村,BV11382461,113.462182,22.8438
万洲村委站,万洲村委,万洲村委站,BV10015036,113.463288,22.838475
万洲桥北站,万洲桥北,万洲桥北站,BV10020676,113.474302,22.803553
万洲水闸总站,万洲水闸总,万洲水闸总站,BV09271783,113.47845,22.807514
万洲水闸站,万洲水闸,万洲水闸站,BV10015028,113.478434,22.807504
万田公园,万田公园,万田公园站,BV09206683,113.667581,23.177867
万石,万石,万石,BV10252411,113.080489,23.181178
万福东,万福东,万福东,BV11688405,113.271367,23.123188
万福西,万福西,万福西,BV10016184,113.265777,23.122155
万福路,万福路,万福路,BV11688409,113.268078,23.122679
万科四季花城(南门),万科四季花城(南门),万科四季花城(南门),BV11167453,113.177656,23.149547
万科四季花城总站,万科四季花城总,万科四季花城总站,BV11557348,113.182257,23.154685
万科四季花城总站,万科四季花城总,万科四季花城总站,BV10015230,113.182464,23.155512
万科城,万科城,万科城,BV10498206,113.050522,23.53761
万科天景花园,万科天景花园,万科天景花园,BV10847897,113.177597,23.37501
万科小学,万科小学,万科小学,BV11535654,113.460075,23.110671
万科广场南公交站,万科广场南公交,万科广场南公交站,BV11504688,113.795111,22.802353
万科府前花园北门,万科府前花园北门,万科府前花园北门站,BV11403799,113.516435,22.795537
万科海上明月,万科海上明月,万科海上明月站2,BV09010681,113.488091,22.807163
万科海上明月,万科海上明月,万科海上明月2,BV09078999,113.487968,22.807179
万科海上明月,万科海上明月,万科海上明月站,BV11443817,113.487968,22.807179
万科海上明月总站,万科海上明月总,万科海上明月总站,BV11625830,113.482898,22.80703
万科第五城,万科第五城,万科第五城,BV11106427,113.758573,23.094321
万科里享家总站,万科里享家总,万科里享家总站,BV11312590,113.562456,23.19704
万科金域中央北,万科金域中央北,万科金域中央北,BV10507041,113.16794,23.068695
万胜围,万胜围,万胜围,BV10420826,113.378242,23.100388
万胜围总站,万胜围总,万胜围总站,BV11011363,113.378813,23.099801
万能村,万能村,万能村,BV10016262,113.84094,23.453237
万豪商业街,万豪商业街,万豪商业街,BV10019874,113.351101,22.979609
万达广场,万达广场#1,万达广场,BV09219044,113.149767,23.067734
万达广场,万达广场#2,万达广场站,BV10381619,113.52992,22.798051
万达广场,万达广场#3,万达广场,BV11619345,112.556535,23.146397
万达广场(双山大道)站,万达广场(双山大道),万达广场(双山大道)站,BV10962703,113.527132,22.796471
万达广场总站,万达广场总,万达广场总站,BV10412594,113.343452,23.010441
万达广场站(双山大道),万达广场站(双山大道),万达广场站(双山大道),BV11257504,113.527132,22.796471
万达广场西,万达广场西,万达广场西,BV10431722,113.807546,23.279295
万锦豪园西站,万锦豪园西,万锦豪园西站,BV10938474,113.146015,23.054543
万顷沙中学,万顷沙中学,万顷沙中学站,BV10015879,113.547662,22.71093
万顷沙公交总站,万顷沙公交总,万顷沙公交总站,BV11132384,113.546354,22.712075
万顷沙公交站,万顷沙公交,万顷沙公交站,BV10015797,113.54659,22.712303
万顷沙总站,万顷沙总,万顷沙总站,BV09099111,113.546355,22.712077
三东东布,三东东布,三东东布,BV11688984,113.231075,23.411626
三东大道西,三东大道西,三东大道西,BV09000744,113.188861,23.418866
三东小学,三东小学,三东小学,BV11688074,113.228637,23.41498
三东市场,三东市场,三东市场,BV10015659,113.228574,23.410054
三东新村西区,三东新村西区,三东新村西区,BV10475303,113.225837,23.412401
三东村,三东村,三东村站,BV11688081,113.229301,23.425548
三丫车,三丫车,三丫车,BV11119672,113.769877,23.47174
三乐路,三乐路,三乐路,BV10254188,113.227803,22.909546
三乐路伟业路口,三乐路伟业路口,三乐路伟业路口,BV10254186,113.217671,22.908786
三乐路北滘站,三乐路北滘,三乐路北滘站,BV10254184,113.204941,22.907131
三乐路烈士路口,三乐路烈士路口,三乐路烈士路口,BV11049649,113.259386,22.911889
三九脑科医院,三九脑科医院,三九脑科医院,BV10016355,113.327228,23.180564
三乡路西站,三乡路西,三乡路西站,BV11044199,113.188197,23.135602
三亚塘景区,三亚塘景区,三亚塘景区,BV11152938,113.796208,23.740477
三保工业区,三保工业区,三保工业区,BV10022016,113.533034,23.104582
三元宫,三元宫,三元宫,BV10021780,113.257323,23.137054
三元里,三元里,三元里,BV09002689,113.253538,23.158879
三元里人民抗英斗争纪念馆,三元里人民抗英斗争纪念馆,三元里人民抗英斗争纪念馆,BV09162720,113.255052,23.16352
三元里古庙,三元里古庙,三元里古庙,BV10015205,113.25629,23.162965
三元里地铁站A口,三元里地铁站A口,三元里地铁站A口,BV09162723,113.252393,23.160144
三元里大道(桂花岗),三元里大道(桂花岗),三元里大道(桂花岗),BV11478560,113.256781,23.156439
三元里大道(桂花岗),三元里大道(桂花岗),三元里大道,BV11576966,113.255079,23.158276
三元里大道(桂花岗),三元里大道(桂花岗),三元里大道(桂花岗)1,BV11478033,113.256071,23.157839
三元里大道中,三元里大道中,三元里大道中,BV11687945,113.245528,23.179734
三元里大道中,三元里大道中,三元里大道中3,BV09341551,113.245865,23.180433
三元里大道中,三元里大道中,三元里大道中2,BV09164965,113.244937,23.178895
三元里大道北,三元里大道北,三元里大道北站,BV09000485,113.250392,23.186516
三元里大道口,三元里大道口,三元里大道口,BV10013757,113.255274,23.190519
三元里抗英斗争纪念公园,三元里抗英斗争纪念公园,三元里抗英斗争纪念公园,BV09162717,113.256008,23.15773
三其大街,三其大街,三其大街,BV10020086,113.436482,22.947747
三凤村,三凤村,三凤村,BV11691192,113.308755,23.439252
三华村,三华村,三华村站,BV09002116,113.197591,23.393097
三向村,三向村,三向村,BV10015574,113.216262,23.368099
三善村口,三善村口,三善村口,BV10017642,113.292232,22.893088
三坑水库,三坑水库,三坑水库,BV11375034,113.057116,23.443567
三坪路口,三坪路口,三坪路口,BV11352969,113.42412,23.566962
三坭涌站,三坭涌,三坭涌站,BV10019820,113.423105,22.903283
三墩,三墩,三墩,BV10258556,113.480039,22.64373
三多路口站,三多路口,三多路口站,BV09254009,113.452064,23.110824
三姓围村,三姓围村,三姓围村,BV09173928,113.581917,22.752995
三姓围站,三姓围,三姓围站,BV10418336,113.577356,22.752471
三姓路,三姓路,三姓路,BV09186857,113.583779,22.745863
三安村路口,三安村路口,三安村路口,BV10016070,113.679703,23.168886
三宝墟,三宝墟,三宝墟,BV11687873,113.35566,23.187014
三将军村委路口,三将军村委路口,三将军村委路口,BV09154785,113.537961,23.55243
三将军路口,三将军路口,三将军路口,BV10017879,113.539182,23.566449
三层路口,三层路口,三层路口,BV10808756,113.672355,23.65084
三山大道东,三山大道东,三山大道东,BV11076856,113.241869,23.038809
三山立交,三山立交,三山立交,BV10487877,113.215418,23.009773
三德路口,三德路口,三德路口,BV10019780,113.491541,22.909053
三星,三星,三星,BV11119541,113.672218,23.364663
三星村,三星村,三星村,BV11377447,113.671996,23.366325
三星村委,三星村委,三星村委,BV09260929,113.672125,23.363398
三村村委路口站,三村村委路口,三村村委路口站,BV11152763,114.018261,23.837238
三村海丰南,三村海丰南,三村海丰南,BV11647668,113.337534,22.818494
三村路口,三村路口,三村路口,BV11152715,114.000857,23.846603
三桥丹山水闸,三桥丹山水闸,三桥丹山水闸,BV10015086,113.34499,22.932165
三桥北,三桥北,三桥北,BV10015088,113.344817,22.935493
三桥南,三桥南,三桥南,BV10015089,113.342543,22.926937
三棵松工区站,三棵松工区,三棵松工区站,BV11152950,113.810095,23.740281
三水区总工会,三水区总工会,三水区总工会,BV11364854,112.892463,23.168818
三水大塘中心广场,三水大塘中心广场,三水大塘中心广场,BV11630719,112.908062,23.433093
三水大塘中心广场总站,三水大塘中心广场总,三水大塘中心广场总站,BV11625129,112.907946,23.43246
三水总站,三水总,三水总站,BV11116063,114.01096,23.906397
三江关村,三江关村,三江关村,BV11463931,113.84492,23.190297
三江墟,三江墟,三江墟,BV11285651,113.849974,23.189634
三江居委,三江居委,三江居委,BV11463933,113.856046,23.187633
三江敬老院,三江敬老院,三江敬老院,BV11463936,113.859108,23.187082
三江田心村,三江田心村,三江田心村,BV11463935,113.823492,23.191711
三江石三路口,三江石三路口,三江石三路口,BV10024137,113.828863,23.156366
三江车站,三江车,三江车站,BV10024296,113.851207,23.192665
三沙公路站,三沙公路,三沙公路站,BV10015918,113.472913,22.884043
三沙村口,三沙村口,三沙村口站,BV09080934,113.469726,22.880267
三沙路口站,三沙路口,三沙路口站,BV09353103,113.46974,22.88179
三洪奇牌坊,三洪奇牌坊,三洪奇牌坊,BV09093921,113.20224,22.906776
三洲二架桥,三洲二架桥,三洲二架桥,BV10253909,113.26273,22.875131
三洲居委会(碧桂路),三洲居委会(碧桂路),三洲居委会(碧桂路),BV11053230,113.267705,22.885193
三洲市场,三洲市场,三洲市场,BV10253911,113.267095,22.87954
三洲牌坊,三洲牌坊,三洲牌坊,BV11372315,113.265153,22.87855
三涌,三涌,三涌站,BV10015001,113.597818,22.706839
三涌(万环西)站,三涌(万环西),三涌(万环西)站,BV10603714,113.505761,22.704361
三涌村路口,三涌村路口,三涌村路口,BV10262629,113.707345,23.114663
三涌龙穴岛站,三涌龙穴岛,三涌龙穴岛站,BV11689814,113.594887,22.706759
三滘村,三滘村,三滘村,BV11689530,113.30585,23.066015
三环岛,三环岛,三环岛,BV11430443,113.581483,23.141212
三百洞村委,三百洞村委,三百洞村委,BV11334506,113.551669,23.479036
三百洞村委总站,三百洞村委总,三百洞村委总站,BV11418722,113.561022,23.474466
三盛,三盛,三盛,BV10381844,113.317734,23.313253
三眼桥,三眼桥,三眼桥站,BV11371484,113.182226,23.100545
三联村委会,三联村委会,三联村委会,BV09404904,113.072909,23.307545
三联路口,三联路口#1,三联路口站,BV11382872,113.404615,23.404867
三联路口,三联路口#2,三联路口,BV09396049,113.776764,23.284732
三角亭,三角亭,三角亭,BV10018085,113.411292,23.076354
三角市,三角市,三角市,BV11688487,113.273915,23.124997
三角路口,三角路口,三角路口,BV10258557,113.482304,22.6736
三达路跨线桥首末站,三达路跨线桥首末,三达路跨线桥首末站,BV09052349,112.877438,23.16656
三雄极光,三雄极光,三雄极光,BV11397349,113.268917,22.978351
三骏市场,三骏市场,三骏市场,BV10255223,113.197576,23.139738
上下九步行街,上下九步行街,上下九步行街,BV11545108,113.24078,23.115569
上中坑村,上中坑村,上中坑村,BV10555844,113.528015,23.383018
上九东,上九东,上九东,BV10016156,113.247632,23.119738
上九坡村,上九坡村,上九坡村,BV11627810,113.768075,23.567366
上九路,上九路,上九路,BV11265529,113.246014,23.118398
上九陂村,上九陂村,上九陂村,BV11447928,113.768106,23.567334
上元,上元,上元,BV10461236,113.065665,22.993352
上元岗,上元岗,上元岗,BV11687888,113.3414,23.177511
上南村,上南村,上南村,BV10019239,113.350789,23.277929
上卢塘,上卢塘,上卢塘,BV10982601,113.409595,23.694453
上合,上合,上合,BV10262680,113.666163,23.067884
上围,上围#1,上围,BV10875074,113.507812,23.648209
上围,上围#2,上围,BV11152749,113.916881,23.811867
上围朱仙路,上围朱仙路,上围朱仙路,BV11477246,113.703206,23.219333
上围村,上围村,上围村,BV10023699,113.825373,23.150013
上坭小学站,上坭小学,上坭小学站,BV10742365,113.371198,22.879038
上坭村站,上坭村,上坭村站,BV10014916,113.376818,22.877441
上坳,上坳,上坳,BV10394550,112.952128,23.390627
上埔庄路口,上埔庄路口,上埔庄路口,BV09238941,113.535895,23.352064
上基村路口,上基村路口,上基村路口,BV11305423,113.681458,23.156485
上堂,上堂,上堂1,BV09169832,113.450611,23.137198
上堂,上堂,上堂站,BV11690379,113.451121,23.139151
上塘小学,上塘小学,上塘小学,BV11626273,113.493465,23.544914
上塘村,上塘村,上塘村,BV11629206,113.724846,23.41245
上塘村委,上塘村委,上塘村委,BV10977072,113.495928,23.543677
上境村,上境村,上境村,BV10015381,113.71229,23.173427
上大埔路口,上大埔路口,上大埔路口,BV11334264,113.489698,23.427324
上屋,上屋,上屋,BV11459347,113.577044,23.318433
上山背村,上山背村,上山背村,BV11156862,113.765579,23.463144
上庄,上庄,上庄,BV10338271,113.418234,23.075705
上扶罗,上扶罗,上扶罗,BV10021538,113.842586,23.315503
上新,上新,上新,BV11119544,113.660233,23.368073
上村,上村,上村站,BV10018333,113.388532,22.781492
上柏,上柏,上柏,BV10251715,113.019408,23.076849
上棚村,上棚村,上棚村,BV11555490,113.640363,23.311331
上步总站,上步总,上步总站,BV10019032,113.232036,23.172132
上步村,上步村,上步村,BV11688399,113.230036,23.171025
上水,上水,上水,BV11623811,113.470095,23.424632
上水(广州老人院),上水(广州老人院),上水(广州老人院),BV11621267,113.471795,23.427579
上水广州老人院,上水广州老人院,上水广州老人院,BV09367829,113.471795,23.427579
上沙村,上沙村,上沙村,BV11688723,113.15799,23.151762
上沙竹园,上沙竹园,上沙竹园,BV10256070,113.159648,23.15455
上油罗村,上油罗村,上油罗村,BV11650592,113.691426,23.314642
上涌,上涌,上涌2,BV09175488,113.309574,23.082879
上涌,上涌,上涌,BV10014360,113.309577,23.082888
上涌南,上涌南,上涌南,BV09005254,113.307436,23.076103
上涌果树公园,上涌果树公园,上涌果树公园,BV10019074,113.303527,23.080591
上涌果树公园南门,上涌果树公园南门,上涌果树公园南门,BV10791016,113.302142,23.073135
上渡头(独树岗),上渡头(独树岗),上渡头(独树岗),BV11147522,112.946083,23.369026
上游路总站,上游路总,上游路总站,BV11278285,113.601439,23.551035
上漖,上漖,上漖站,BV10015051,113.304853,23.040811
上白坭,上白坭,上白坭,BV10619181,113.161885,23.104813
上白泥,上白泥,上白泥,BV11626258,113.161883,23.104813
上社,上社,上社,BV11694281,113.360634,23.134991
上社,上社,BRT上社站N2子站,BV09386856,113.360317,23.135113
上社,上社,BRT上社N1,BV09375067,113.361611,23.134588
上社,上社,BRT上社N1,BV09350120,113.361527,23.134626
上社,上社,BRT上社S1,BV09172264,113.36002,23.134893
上社路口,上社路口,上社路口,BV10866350,113.188323,23.310962
上罗村委,上罗村委,上罗村委,BV11312999,113.638458,23.484669
上西村路口站,上西村路口,上西村路口站,BV11482397,113.394891,23.713506
上邵工业区,上邵工业区,上邵工业区,BV11633009,113.637494,23.157819
上邵工业区北,上邵工业区北,上邵工业区北,BV11641190,113.636648,23.159122
上邵村,上邵村,上邵村,BV10015419,113.638127,23.163699
上高潭,上高潭,上高潭,BV11115201,113.631751,23.487357
下亨田村,下亨田村,下亨田村,BV10252190,113.153411,23.158554
下亮,下亮,下亮,BV11399876,113.426838,23.670127
下佰坑村,下佰坑村,下佰坑村,BV11383676,113.519976,23.384615
下元村,下元村,下元村,BV10024224,113.663348,23.23006
下元村南,下元村南,下元村南,BV09190589,113.666519,23.215153
下北村站,下北村,下北村站,BV09233668,113.841031,23.432997
下南路,下南路,下南路,BV10021175,113.526634,23.36442
下南路口,下南路口,下南路口2,BV09370220,113.523356,23.363395
下南路口,下南路口,下南路口,BV10013787,113.523636,23.363325
下围村,下围村,下围村,BV09304832,113.82434,23.144131
下围路口,下围路口,下围路口,BV10878370,113.824445,23.142705
下坑庄,下坑庄,下坑庄,BV10022655,113.270655,23.316589
下坭村站,下坭村,下坭村站,BV10014917,113.377577,22.867769
下基村,下基村,下基村,BV11224108,113.685686,23.151626
下塘西路,下塘西路,下塘西路,BV09006123,113.268662,23.151945
下塘路口,下塘路口,下塘路口,BV11352964,113.413446,23.591111
下大步,下大步,下大步,BV10945042,113.9008,23.902564
下山门村,下山门村,下山门村,BV10023065,113.445606,22.98999
下岳村,下岳村,下岳村,BV10860793,113.637955,23.309945
下新村,下新村,下新村,BV10014470,113.287615,23.255163
下新村公园,下新村公园,下新村公园,BV11601273,113.286201,23.256366
下新村永和街,下新村永和街,下新村永和街,BV11601272,113.288568,23.25409
下新村街,下新村街,下新村街,BV11600168,113.287311,23.255546
下柏立交,下柏立交,下柏立交,BV10251714,113.029782,23.069648
下柏立桥,下柏立桥,下柏立桥,BV11179386,113.029733,23.070302
下横栏桥站,下横栏桥,下横栏桥站,BV10017922,113.435346,22.816191
下横沥大桥站,下横沥大桥,下横沥大桥站,BV10017148,113.50522,22.736348
下沙,下沙,下沙,BV10019592,113.447736,23.104082
下沙,下沙,下沙,BV11386267,113.446139,23.1039
下洞,下洞#1,下洞,BV11115183,113.622454,23.495303
下洞,下洞#2,下洞,BV11152731,113.965787,23.833826
下渡路口,下渡路口,下渡路口,BV10021713,113.302772,23.099841
下溪村路口,下溪村路口,下溪村路口,BV11336796,113.855085,23.722278
下漕,下漕,下漕,BV10262692,113.624463,23.018772
下罗市场,下罗市场,下罗市场,BV11312998,113.598876,23.527724
下芳村,下芳村,下芳村,BV10013605,113.236774,23.096136
下芳村,下芳村,下芳村1,BV11329135,113.235806,23.097962
下蒌元村,下蒌元村,下蒌元村,BV11118942,113.577821,23.1912
下西村委,下西村委,下西村委,BV11482395,113.388372,23.719628
下车路站,下车路,下车路站,BV11452843,113.608642,23.298729
世农茂生鲜市场,世农茂生鲜市场,世农茂生鲜市场,BV10939054,113.053266,23.497476
世外桃源,世外桃源,世外桃源,BV11275197,113.373784,23.410493
世环环保公司,世环环保公司,世环环保公司,BV10389120,112.929205,23.454307
丘屋,丘屋,丘屋,BV11488295,113.974183,23.771779
业田村,业田村,业田村,BV11383670,113.553171,23.318421
丛云路(泰兴路口),丛云路(泰兴路口),丛云路(泰兴路口),BV11683317,113.296902,23.221727
丛云路中,丛云路中,丛云路中,BV09188822,113.286673,23.209581
丛云路南,丛云路南,丛云路南,BV10389128,113.28324,23.205893
东乐路东,东乐路东,东乐路东,BV09265895,113.501745,23.136019
东乐路西,东乐路西,东乐路西,BV09265897,113.49975,23.134725
东乡村,东乡村,东乡村,BV10023115,113.276953,23.047982
东乡村东,东乡村东,东乡村东,BV11688059,113.275399,23.037893
东乡村西,东乡村西,东乡村西,BV11688087,113.27178,23.037883
东井村公交站,东井村公交,东井村公交站,BV11504673,113.578279,22.767776
东井村站,东井村,东井村站,BV10023465,113.578218,22.767763
东众路,东众路,东众路,BV09265898,113.500086,23.128651
东儒村,东儒村,东儒村,BV11625939,113.729902,23.583704
东兴市场,东兴市场,东兴市场,BV11162263,113.543278,23.108053
东兴苑,东兴苑,东兴苑,BV11208829,113.373814,22.931161
东兴路,东兴路,东兴路,BV10254610,113.195582,22.930576
东兴路口,东兴路口,东兴路口,BV10020074,113.409614,22.962422
东凌工业园,东凌工业园,东凌工业园,BV11692687,113.588896,23.197297
东凤南路,东凤南路,东凤南路,BV11385187,113.360832,23.358653
东凤村委,东凤村委,东凤村委,BV11385184,113.354175,23.361419
东区中学,东区中学,东区中学,BV11690290,113.532256,23.107171
东区市场,东区市场#1,东区市场,BV09095471,113.839153,23.283828
东区市场,东区市场#2,东区市场,BV09244918,113.33758,22.906768
东区路口,东区路口,东区路口站,BV11690297,113.539977,23.102828
东升,东升,东升,BV09415179,112.993678,23.450894
东升农场站,东升农场,东升农场站,BV10014986,113.428668,22.800379
东升医院,东升医院,东升医院,BV11688394,113.247569,23.121934
东升医院,东升医院,东升医院2,BV09295166,113.247569,23.121934
东华东路,东华东路,东华东路,BV11312275,113.28619,23.123525
东华东路西,东华东路西,东华东路西,BV11688486,113.281934,23.124443
东华南路,东华南路,东华南路站,BV10018549,113.283249,23.12369
东华南路总站(江湾桥脚),东华南路总站(江湾桥脚),东华南路总站(江湾桥脚),BV11621458,113.278427,23.12065
东华南路总站(江湾桥脚),东华南路总站(江湾桥脚),东华南路总站,BV10405857,113.278575,23.120754
东华庄,东华庄,东华庄,BV09410388,113.205428,23.388188
东华村,东华村#1,东华村站,BV11689356,113.618063,23.116832
东华村,东华村#2,东华村,BV09244989,113.292687,23.345878
东华村口,东华村口,东华村口,BV11541145,113.292848,23.347009
东华西路,东华西路,东华西路,BV11623782,113.278857,23.124394
东华西路,东华西路,东华西路站2号分站,BV09411886,113.27727,23.124621
东向桥,东向桥,东向桥,BV11508295,113.546381,23.436316
东向路口,东向路口,东向路口,BV10262826,113.63887,23.090634
东园新村,东园新村,东园新村,BV11691293,113.344338,22.914344
东圃,东圃,东圃,BV11688548,113.396114,23.111782
东圃二马路,东圃二马路,东圃二马路,BV10017898,113.395544,23.117973
东圃大马路,东圃大马路,东圃大马路,BV10017897,113.395808,23.120285
东圃大马路北,东圃大马路北,东圃大马路北,BV11602136,113.397373,23.122751
东圃客运站,东圃客运,东圃客运站,BV10015397,113.409238,23.121677
东圃总站,东圃总,东圃总站,BV10019425,113.395411,23.119812
东圃村,东圃村,东圃村,BV11633010,113.623037,23.161273
东圃珠村总站,东圃珠村总,东圃珠村总站,BV11192092,113.415911,23.127843
东圃石溪村,东圃石溪村,东圃石溪村,BV11361597,113.399642,23.110467
东坑,东坑,东坑,BV10014377,113.321775,23.195649
东坑村委,东坑村委,东坑村委,BV11126375,113.903834,23.900639
东坑村路口,东坑村路口,东坑村路口,BV11352975,113.367662,23.59527
东城万达广场,东城万达广场,东城万达广场,BV10574492,113.776536,23.03833
东城体育公园,东城体育公园,东城体育公园,BV11674113,113.768198,23.009208
东城体育公园停场,东城体育公园停场,东城体育公园停场,BV09285216,113.768129,23.008172
东城市场,东城市场,东城市场,BV10019751,113.365677,22.939144
东城花园,东城花园,东城花园,BV10023848,113.207325,23.398878
东基,东基,东基,BV11545639,113.511231,23.064918
东堤,东堤,东堤,BV11688516,113.272107,23.118679
东塱,东塱,东塱,BV09002998,113.249388,23.066308
东境村,东境村,东境村,BV11450914,113.810874,23.421667
东太村,东太村,东太村,BV10424372,113.580247,23.053922
东导小学站,东导小学,东导小学站,BV10019825,113.457768,22.902919
东导村委站,东导村委,东导村委站,BV10019810,113.458874,22.902878
东导桥站,东导桥,东导桥站,BV10019824,113.452515,22.903108
东山(署前路)总站,东山(署前路)总,东山(署前路)总站,BV09347831,113.289512,23.124777
东山体育场站,东山体育场,东山体育场站,BV11312276,113.282961,23.115933
东山口(东华北路),东山口(东华北路),东山口(东华北路),BV11448834,113.287804,23.126191
东山口(东华北路),东山口(东华北路),东山口,BV11309872,113.287229,23.127099
东山口(东华北路),东山口(东华北路),东山口(东华北路)1,BV09322857,113.287804,23.126191
东山口(中山大学附属第一医院),东山口(中山大学附属第一医院),东山口(中山大学附属第一医院),BV09369428,113.288361,23.126812
东山口总站,东山口总,东山口总站,BV10017761,113.288855,23.126212
东山口站(东华北路),东山口站(东华北路),东山口站(东华北路),BV10693291,113.285325,23.124992
东山广场总站,东山广场总,东山广场总站,BV10019141,113.290024,23.140018
东山总站(东华北路),东山总站(东华北路),东山总站(东华北路),BV10016141,113.288449,23.126373
东山总站(东华北路),东山总站(东华北路),东山总站,BV10021524,113.288304,23.126363
东山总站(署前路),东山总站(署前路),东山总站(署前路),BV10021758,113.289665,23.124906
东山总站(龟岗),东山总站(龟岗),东山总站(龟岗),BV11628707,113.289145,23.122007
东山龟岗(中共三大会址)总站,东山龟岗(中共三大会址)总,东山龟岗(中共三大会址)总站,BV10416004,113.289145,23.122007
东山龟岗总站,东山龟岗总,东山龟岗总站,BV11625413,113.289141,23.121981
东峻广场,东峻广场,东峻广场,BV11688575,113.300227,23.134423
东川路,东川路,东川路,BV10013936,113.280915,23.125463
东布岭,东布岭,东布岭,BV11118917,113.616801,23.194524
东平北路(横岗村口),东平北路(横岗村口),东平北路,BV10014200,113.31124,23.257767
东平北路(横岗村口),东平北路(横岗村口),东平北路(横岗村口),BV10014199,113.313595,23.259015
东平南路,东平南路,东平南路,BV10019449,113.303271,23.241659
东平大道,东平大道,东平大道,BV11187453,113.308052,23.251754
东平大道东,东平大道东,东平大道东,BV11187455,113.309324,23.251482
东平小学,东平小学,东平小学,BV10254191,113.131682,22.959779
东平市场,东平市场,东平市场,BV10014201,113.307808,23.254366
东平广场,东平广场#1,东平广场,BV10014202,113.306136,23.252578
东平广场,东平广场#2,东平广场,BV11652753,113.125772,22.967247
东平村钟屋路口,东平村钟屋路口,东平村钟屋路口,BV09133625,113.313207,23.255011
东平横岗东街口,东平横岗东街口,东平横岗东街口,BV11187454,113.313576,23.259634
东平路口,东平路口,东平路口,BV11688383,113.316024,23.259732
东怡新区,东怡新区,东怡新区,BV11690798,113.386803,22.938017
东成庄,东成庄,东成庄,BV10569189,113.332015,23.336884
东拓三路口,东拓三路口,东拓三路口,BV09254333,113.798913,23.204219
东捷路,东捷路,东捷路,BV11691184,113.49099,23.148013
东方一路,东方一路,东方一路,BV10019611,113.353875,23.133958
东方一路口,东方一路口,东方一路口,BV10019610,113.353213,23.135824
东方三路,东方三路,东方三路,BV10019612,113.355741,23.131372
东方二路站,东方二路,东方二路站,BV09355221,113.355215,23.133359
东方名都,东方名都,东方名都,BV10884951,113.586106,23.127248
东方广场B站,东方广场,东方广场B站,BV10475529,113.114871,23.039377
东方广场北门,东方广场北门,东方广场北门,BV11139067,113.116661,23.041734
东方广场北门总站,东方广场北门总,东方广场北门总站,BV10252150,113.11713,23.042124
东方广场西门,东方广场西门,东方广场西门,BV11501393,113.113364,23.041167
东方村总站,东方村总,东方村总站,BV10507264,113.286388,23.463742
东方白云花园,东方白云花园,东方白云花园,BV10023204,113.385031,22.950384
东方红村站,东方红村,东方红村站,BV09255213,113.508636,22.714415
东方花园,东方花园,东方花园,BV10020166,113.372667,22.932778
东旺市场,东旺市场,东旺市场,BV10713665,113.21939,23.172662
东昌社,东昌社,东昌社,BV10388028,113.198338,23.350837
东明二路,东明二路,东明二路,BV11580946,113.501189,23.147222
东明墟,东明墟,东明墟,BV10945043,113.866965,23.891903
东明居委,东明居委,东明居委,BV11126373,113.870818,23.895176
东明片区候车亭,东明片区候车亭,东明片区候车亭,BV11450913,113.732584,23.723955
东星,东星#1,东星,BV11152944,113.823719,23.73632
东星,东星#2,东星,BV11398021,113.523178,23.418307
东星村委,东星村委,东星村委,BV11152949,113.825911,23.735467
东星社,东星社,东星社,BV11628105,113.565421,23.40241
东晓南路,东晓南路,东晓南路站,BV10013742,113.281537,23.088069
东晓南路口,东晓南路口,东晓南路口,BV10022461,113.286404,23.079181
东晓路(天园路口),东晓路(天园路口),东晓路(天园路口),BV10019497,113.279906,23.107629
东晖路,东晖路,东晖路,BV10703778,113.511029,23.074477
东晖路,东晖路(夏园农民公寓),东晖路,BV09292564,113.518835,23.073442
东村,东村,东村,BV11640005,113.06156,22.988158
东汇城,东汇城,东汇城,BV10020761,113.813256,23.288641
东江大道中站,东江大道中,东江大道中站(停南行),BV09319310,113.528536,23.061145
东江大道中站,东江大道中,东江大道中站(停北行),BV09319311,113.528796,23.061256
东江大道南,东江大道南,东江大道南,BV09394737,113.588176,23.105708
东江市场,东江市场,东江市场,BV11208026,113.371741,22.930406
东江村,东江村#1,东江村,BV09243524,113.660403,23.516026
东江村,东江村#2,东江村,BV11474711,113.836156,23.193669
东江逸珑湾,东江逸珑湾,东江逸珑湾,BV11640274,113.63644,23.11164
东江首府,东江首府,东江首府,BV10016857,113.621017,23.109875
东江首府东,东江首府东,东江首府东,BV11619211,113.623728,23.113298
东汾村,东汾村,东汾村,BV11463929,113.88361,23.375416
东沙,东沙#1,东沙,BV10017992,113.249905,23.06483
东沙,东沙#2,东沙,BV09031070,113.242202,23.003547
东沙大道南,东沙大道南,东沙大道南,BV10017993,113.250425,23.062248
东沙工业园总站,东沙工业园总,东沙工业园总站,BV10018529,113.234838,23.056366
东沙村,东沙村,东沙村,BV10023243,113.357428,22.964627
东沙村天桥,东沙村天桥,东沙村天桥,BV10019873,113.353511,22.968881
东沙桥底,东沙桥底,东沙桥底站,BV11629136,113.250175,23.054405
东沙街道办,东沙街道办,东沙街道办,BV10018528,113.240299,23.058683
东泊,东泊,东泊,BV10262822,113.660406,23.098464
东泰工业区,东泰工业区,东泰工业区,BV10015120,113.420253,22.980782
东泰花园西,东泰花园西,东泰花园西,BV10265885,113.749324,23.006344
东洞村,东洞村,东洞村,BV11119664,113.787334,23.552631
东洲工业园,东洲工业园,东洲工业园,BV09393819,113.587709,23.109457
东海北路中,东海北路中,东海北路中,BV10021078,113.21855,23.138859
东海北路口,东海北路口,东海北路口,BV10021077,113.217418,23.141769
东海路,东海路,东海路,BV11675160,113.585191,23.035496
东涌万兴路,东涌万兴路,东涌万兴路,BV09343231,113.453933,22.884413
东涌东丫村,东涌东丫村,东涌东丫村站,BV10015909,113.447263,22.892573
东涌中学站,东涌中学,东涌中学站,BV11547726,113.451167,22.884434
东涌公园,东涌公园,东涌公园站,BV11399208,113.45168,22.88696
东涌医院,东涌医院,东涌医院站,BV09347035,113.455358,22.886253
东涌吉祥路站,东涌吉祥路,东涌吉祥路站,BV10015910,113.450393,22.888932
东涌名苑站,东涌名苑,东涌名苑站,BV10020115,113.470456,22.878838
东涌地铁站,东涌地铁,东涌地铁站,BV10015919,113.472915,22.88895
东涌地铁站总站,东涌地铁站总,东涌地铁站总站,BV09037934,113.472915,22.88895
东涌大桥站,东涌大桥,东涌大桥站,BV10024045,113.45418,22.875569
东涌村(工业路),东涌村(工业路),东涌村(工业路)站,BV10015908,113.441755,22.894636
东涌村(工业路),东涌村(工业路),东涌村站,BV11476855,113.440719,22.894864
东涌湖公交总站,东涌湖公交总,东涌湖公交总站,BV10015913,113.453956,22.884098
东涌镇政府站,东涌镇政府,东涌镇政府站,BV09005657,113.450287,22.886827
东涌镇标,东涌镇标,东涌镇标站,BV09347037,113.452856,22.889639
东深天益村站,东深天益村,东深天益村站,BV10340924,113.439475,22.853358
东深桥,东深桥,东深桥站,BV10023185,113.453111,22.856881
东湖公园,东湖公园,东湖公园,BV10020793,113.842386,23.285729
东湖安置区,东湖安置区,东湖安置区,BV09407241,113.255461,23.406625
东湖新村,东湖新村,东湖新村,BV10021205,113.283148,23.119481
东湖村,东湖村,东湖村站,BV11690803,113.254425,23.396061
东湖洲花园A,东湖洲花园A,东湖洲花园A站,BV10761066,113.410878,22.928597
东湖洲花园C,东湖洲花园C,东湖洲花园C站,BV10761065,113.409409,22.932317
东湖路,东湖路,东湖路,BV11312286,113.284057,23.121086
东湖路,东湖路,东湖路(停北行),BV09074507,113.283605,23.119338
东湖路,东湖路,东湖路(南行),BV11090018,113.284057,23.121086
东湖路北,东湖路北,东湖路北,BV11313496,113.285561,23.123188
东湾村站,东湾村,东湾村站,BV10021044,113.523395,22.807473
东漖北路,东漖北路,东漖北路,BV10014063,113.223096,23.090967
东漖南路,东漖南路,东漖南路,BV10022438,113.224114,23.08051
东漖怀宁坊,东漖怀宁坊,东漖怀宁坊,BV10832644,113.220325,23.083603
东漖教师新村,东漖教师新村,东漖教师新村,BV11500815,113.216555,23.075927
东漖教师新村总站,东漖教师新村总,东漖教师新村总站,BV10018352,113.21619,23.075868
东漖街,东漖街,东漖街,BV10832643,113.220744,23.084643
东漖镇,东漖镇,东漖镇,BV10017965,113.220333,23.080897
东濠中路,东濠中路,东濠中路,BV09259267,113.390098,22.797704
东环城际花山镇站,东环城际花山镇,东环城际花山镇站,BV11523144,113.262313,23.428271
东环街道办,东环街道办,东环街道办,BV10387974,113.358779,22.971084
东环路口,东环路口,东环路口,BV10266777,113.579341,23.023751
东璟街,东璟街,东璟街,BV11057803,113.355558,23.124956
东盛,东盛,东盛站,BV11689337,113.542076,23.062508
东盛路,东盛路,东盛路,BV10020071,113.403755,22.964832
东盛路中,东盛路中,东盛路中,BV10020070,113.403863,22.969682
东盛路北,东盛路北,东盛路北,BV10020068,113.401008,22.98084
东盛路总站,东盛路总,东盛路总站,BV11622300,113.382497,22.93125
东石牌坊,东石牌坊,东石牌坊,BV10018583,113.195281,23.076691
东福百货广场,东福百货广场,东福百货广场,BV10019392,113.214635,23.472841
东秀园,东秀园,东秀园,BV11690807,113.374312,22.938399
东秀路口站,东秀路口,东秀路口站,BV11669456,113.181238,23.211597
东秀路总站,东秀路总,东秀路总站,BV10538406,113.181099,23.220616
东站汽车客运站,东站汽车客运,东站汽车客运站,BV10016137,113.321238,23.154727
东线大道口,东线大道口,东线大道口,BV10389117,113.407603,23.012712
东线路北,东线路北,东线路北,BV10020026,113.399436,22.991372
东线路南,东线路南,东线路南,BV10020028,113.400224,22.983052
东联村委,东联村委,东联村委,BV11151764,113.931032,23.90548
东联路口,东联路口,东联路口,BV11488300,113.903097,23.898123
东艺路北,东艺路北,东艺路北,BV10844561,113.340438,22.980751
东艺路南,东艺路南,东艺路南,BV10844562,113.337527,22.974942
东苑小区,东苑小区,东苑小区,BV10885188,113.43867,23.110198
东莞国贸中心首末站,东莞国贸中心首末,东莞国贸中心首末站,BV11387903,113.757086,23.016096
东莞庄(广花路),东莞庄(广花路)#1,东莞庄,BV11624933,113.221661,23.354298
东莞庄(广花路),东莞庄(广花路)#1,东莞庄(广花路),BV10432288,113.22144,23.354656
东莞庄(广花路),东莞庄(广花路)#2,东莞庄,BV11690359,113.245107,23.368704
东莞庄一横路口,东莞庄一横路口,东莞庄一横路口,BV11279606,113.330265,23.154138
东莞庄总站,东莞庄总,东莞庄总站,BV10016140,113.332551,23.160147
东莞庄路,东莞庄路,东莞庄路,BV10022023,113.338568,23.16507
东莞庄路中,东莞庄路中,东莞庄路中,BV10022022,113.337443,23.163799
东莞庄路南,东莞庄路南,东莞庄路南,BV10022021,113.335016,23.162086
东莞村总站,东莞村总,东莞村总站,BV10432247,113.235194,23.354973
东莞西站,东莞西,东莞西站,BV11309031,113.620677,23.009682
东西庄村,东西庄村,东西庄村,BV10020015,113.432952,23.023311
东西路,东西路,东西路,BV11569025,113.232105,23.058929
东西部扶贫市场,东西部扶贫市场,东西部扶贫市场,BV11465425,113.198125,23.065875
东西门总站,东西门总,东西门总站,BV11152759,113.902058,23.80044
东软学院,东软学院,东软学院,BV11689962,113.021699,23.139812
东达路,东达路,东达路,BV11602764,113.544844,23.133292
东达路(永达路口),东达路(永达路口),东达路(永达路口),BV11374732,113.541848,23.138
东达路南,东达路南,东达路南,BV09026886,113.544996,23.128925
东郊村,东郊村,东郊村,BV11208038,113.367521,22.93309
东里村站,东里村,东里村站,BV10020124,113.508459,22.828458
东镜市场,东镜市场,东镜市场站,BV11688085,113.225307,23.343095
东镜村总站,东镜村总,东镜村总站,BV10481261,113.223591,23.336503
东镜路口,东镜路口,东镜路口,BV10014234,113.221488,23.342757
东镜路口,东镜路口,东镜路口,CL100013,113.221576,23.345826
东门商业街,东门商业街,东门商业街,BV11667730,113.583457,23.1401
东隆村站,东隆村,东隆村站,BV11419860,113.431748,22.77753
东雅图酒店,东雅图酒店,东雅图酒店站,BV10857109,113.214824,23.359628
东风,东风,东风,BV11369792,113.508521,23.522711
东风东路(广东工大),东风东路(广东工大),东风东路,BV11278166,113.295973,23.134196
东风东路(广东工大),东风东路(广东工大),东风东路(广东工大)1,BV09351618,113.296848,23.134446
东风东路(广东工大),东风东路(广东工大),东风东路(广东工大),BV09351283,113.298194,23.13439
东风东路(陵园西路口),东风东路(陵园西路口),东风东路(陵园西路口)1,BV09230319,113.275263,23.133708
东风东路(陵园西路口),东风东路(陵园西路口),东风东路(陵园西路口),BV11278289,113.276529,23.133713
东风东路(陵园西路口),东风东路(陵园西路口),东风东路(陵园西路口)2,BV09230320,113.276696,23.133713
东风中路,东风中路#1,东风中路,BV09409855,113.265076,23.133722
东风中路,东风中路#2,东风中路,BV09088076,113.125167,23.36116
东风体育公园,东风体育公园,东风体育公园,BV11375027,113.142272,23.380461
东风公交站,东风公交,东风公交站,BV09376500,113.59541,23.569088
东风北路,东风北路#1,东风北路,BV10254609,113.197673,22.927103
东风北路,东风北路#2,东风北路,BV10016941,113.129229,23.374427
东风南路,东风南路,东风南路,BV10254608,113.199379,22.924882
东风村,东风村#1,东风村,BV10020725,113.313122,23.086208
东风村,东风村#2,东风村,BV11115120,113.596029,23.562333
东风村十四社,东风村十四社,东风村十四社,BV11171788,113.595971,23.574776
东风村委,东风村委,东风村委,BV11198746,113.598108,23.577122
东风西路,东风西路,东风西路2,BV09143805,113.242032,23.136878
东风西路,东风西路,东风西路3,BV09230294,113.241884,23.136917
东风西路,东风西路,东风西路1,BV09209214,113.241707,23.136815
东风西路,东风西路,东风西路,BV11687925,113.241707,23.136815
东风西路,东风西路,东风西路站2,BV09374493,113.242202,23.136821
东风路,东风路,东风路,BV10548221,113.055694,23.163506
东风路中,东风路中,东风路中,BV10548217,113.049611,23.167848
东风路口,东风路口,东风路口,BV11602525,113.098004,23.337595
东鹏大道,东鹏大道,东鹏大道,BV11483204,113.518172,23.140292
东鹏大道(宏景路口),东鹏大道(宏景路口),东鹏大道(宏景路口),BV10555851,113.520694,23.127736
东鹏大道中,东鹏大道中,东鹏大道中,BV10019455,113.519217,23.130759
两上村口,两上村口,两上村口,BV09104377,113.177517,23.318638
两上村委,两上村委,两上村委,BV11627353,113.176565,23.316724
两下村南,两下村南,两下村南,BV11161665,113.175689,23.307453
两下村委,两下村委,两下村委,BV11627352,113.176567,23.313131
两潭路,两潭路,两潭路,BV09376990,113.17929,23.321372
两潭路口,两潭路口,两潭路口站,BV10866342,113.180306,23.324017
两龙,两龙,两龙站,BV11382881,113.26908,23.452873
两龙南街,两龙南街,两龙南街,BV11589196,113.275012,23.452492
两龙卫生站,两龙卫生,两龙卫生站,BV10016661,113.273528,23.45461
两龙市场(106国道),两龙市场(106国道),两龙市场(106国道),BV11528987,113.272893,23.449152
两龙市场站,两龙市场,两龙市场站,BV09404847,113.268959,23.452379
两龙总站,两龙总,两龙总站,BV09252823,113.276567,23.453755
两龙汽车总站,两龙汽车总,两龙汽车总站,BV10467870,113.276571,23.453776
严田村,严田村,严田村,BV10741256,113.536824,23.113481
丫塘路,丫塘路,丫塘路,BV11522011,113.571744,23.323425
中下社,中下社,中下社,BV10954984,112.90346,23.331777
中二队站,中二队,中二队站,BV11491319,114.001649,23.895264
中交汇通中心站,中交汇通中心,中交汇通中心站,BV11077592,113.518772,22.770234
中交汇通中心西站,中交汇通中心西,中交汇通中心西站,BV09312197,113.515847,22.769744
中企绿色总部,中企绿色总部,中企绿色总部,BV10796597,113.175531,23.211881
中保人寿,中保人寿,中保人寿,BV10020167,113.3722,22.935789
中信乐涛苑,中信乐涛苑,中信乐涛苑,BV10018613,113.30282,23.103854
中信香樟墅,中信香樟墅,中信香樟墅,BV11663140,113.614465,23.276574
中元村,中元村,中元村,BV10024310,113.649159,23.228803
中八小学,中八小学,中八小学,BV11484175,113.176739,23.332649
中兴市场,中兴市场,中兴市场,BV10018788,113.413353,23.425354
中区,中区,中区,BV09155693,113.222793,23.028455
中医医院街口院区,中医医院街口院区,中医医院街口院区,BV09376499,113.585943,23.554213
中医学院,中医学院,中医学院,BV09000456,113.258102,23.158605
中医药大学,中医药大学,中医药大学,BV09364556,113.262318,23.161057
中医院,中医院#1,中医院分站,BV11131300,113.364045,22.940275
中医院,中医院#1,中医院,BV09245149,113.36212,22.939653
中医院,中医院#2,中医院,BV11134667,113.211359,23.403468
中医院,中医院#3,中医院,BV11689953,113.586191,23.554868
中医院(福宁路),中医院(福宁路),中医院(福宁路),BV11662118,113.201985,23.375825
中华大道(德贤路口),中华大道(德贤路口),中华大道,BV11372023,113.352914,22.917634
中华大道(德贤路口),中华大道(德贤路口),中华大道(德贤路口),BV11377471,113.351051,22.916309
中华姓名博物馆,中华姓名博物馆,中华姓名博物馆,BV11310081,113.370894,23.077537
中华永久墓园,中华永久墓园,中华永久墓园站,BV10847053,113.41924,23.182842
中南花园,中南花园,中南花园,BV09208146,113.187957,23.108328
中南花园总站,中南花园总,中南花园总站,BV10394170,113.184707,23.108524
中南路北,中南路北,中南路北,BV11472709,113.512977,23.118116
中和,中和,中和,BV11627695,113.531378,23.527419
中和路,中和路,中和路,BV11487826,113.355972,23.347175
中国电信,中国电信#1,中国电信,BV11400676,113.579068,23.541041
中国电信,中国电信#2,中国电信,BV09288123,113.484793,23.444926
中国软件CBD站,中国软件CBD,中国软件CBD站,BV11535656,113.472538,23.112373
中国邮政门口,中国邮政门口,中国邮政门口,BV11193730,113.421969,23.621338
中国陶瓷城,中国陶瓷城,中国陶瓷城,BV10251506,113.081179,23.013313
中坚豪庭,中坚豪庭,中坚豪庭,BV11357093,113.82289,23.280214
中埠村委站,中埠村委,中埠村委站,BV11631977,113.414513,22.777424
中埠村站,中埠村,中埠村站,BV11419861,113.412419,22.784108
中堂中学,中堂中学,中堂中学,BV10262845,113.653454,23.096409
中堂医院,中堂医院,中堂医院,BV10262825,113.643456,23.092558
中堂城轨站,中堂城轨,中堂城轨站,BV11309029,113.61502,23.078145
中堂市场,中堂市场,中堂市场,BV10262824,113.651803,23.093913
中堂路口,中堂路口,中堂路口,BV10262823,113.656683,23.099462
中堂路口,中堂路口,中堂路口2,BV11670857,113.654883,23.098758
中塘村路口,中塘村路口,中塘村路口,BV10621042,113.443634,23.599517
中大,中大,中大,BV11597696,113.383432,23.065148
中大北门,中大北门,中大北门站,BV09241995,113.300278,23.105203
中大北门西,中大北门西,中大北门西,BV11689362,113.290221,23.105662
中大南方学院总站,中大南方学院总,中大南方学院总站,BV11115232,113.666535,23.646453
中大新华学院(东莞校区)总站,中大新华学院(东莞校区)总,中大新华学院(东莞校区)总站,BV09344030,113.576312,23.061221
中大皮革城东,中大皮革城东,中大皮革城东,BV10256263,113.144505,23.100511
中大码头,中大码头,中大码头,BV10599217,113.29415,23.106306
中小企业园,中小企业园,中小企业园,BV10829761,113.551745,23.012976
中山七路,中山七路,中山七路,BV10016143,113.24504,23.12825
中山七路,中山七路,中山七路2,BV09194673,113.243097,23.128464
中山五路,中山五路,中山五路,BV09241189,113.261291,23.128169
中山五路,中山五路,中山五路2,BV11596046,113.264675,23.128286
中山八路,中山八路,中山八路,BV11688465,113.229845,23.128131
中山八路,中山八路,中山八路1,BV09213747,113.229918,23.128256
中山八路,中山八路,中山八路2,BV09167549,113.229845,23.128131
中山八路,中山八路,中山八路站2号分站,BV09396369,113.229845,23.128131
中山八路2,中山八路2,中山八路2(东行),BV09385634,113.229845,23.128131
中山八路总站,中山八路总,中山八路总站,BV10014194,113.227178,23.128688
中山六路,中山六路,中山六路,BV09317509,113.254235,23.127992
中山六路,中山六路,中山六路站2,BV09087077,113.256142,23.127965
中山六路,中山六路,中山六路1,BV09340303,113.255537,23.127953
中山六院知识城院区,中山六院知识城院区,中山六院知识城院区站,BV09299181,113.536366,23.353332
中山医,中山医,中山医,BV10016203,113.283372,23.128189
中山图书馆,中山图书馆,中山图书馆站,BV11687849,113.270607,23.125418
中山图书馆,中山图书馆,中山图书馆2,BV09376612,113.271201,23.125342
中山大学,中山大学,中山大学,BV11687965,113.293728,23.09391
中山大学,中山大学,中山大学1,BV09193343,113.293893,23.093842
中山大学,中山大学,中山大学2,BV09243523,113.293728,23.09391
中山大学孙逸仙医院(花都院区),中山大学孙逸仙医院(花都院区),中山大学孙逸仙医院(花都院区),BV09404839,113.245262,23.368821
中山大学孙逸仙纪念医院(花都院区),中山大学孙逸仙纪念医院(花都院区),中山大学孙逸仙纪念医院(花都院区),BV09400373,113.245117,23.368648
中山大学附属第一(南沙)医院,中山大学附属第一(南沙)医院,中山大学附属第一(南沙)医院,BV09077732,113.498408,22.750334
中山大道东圃站,中山大道东圃,公共汽车BRT中山大道东圃站,BV09403157,113.396671,23.125868
中山大道东圃站,中山大道东圃,中山大道东圃站,BV09403693,113.397528,23.125556
中山大道东圃站,中山大道东圃,公共汽车中山大道东圃站,BV09403155,113.397445,23.125635
中山大道东圃站,中山大道东圃,公共汽车中山大道东圃站,BV09403158,113.396896,23.125662
中山大道东圃站,中山大道东圃,中山大道东圃站,BV09403374,113.397445,23.125635
中山大道中,中山大道中,中山大道中,BV09069600,113.409238,23.121677
中山纪念堂,中山纪念堂(市总工会),中山纪念堂4,BV09228990,113.258469,23.134139
中山纪念堂,中山纪念堂(市总工会),中山纪念堂,BV09404373,113.255451,23.134512
中山纪念堂,中山纪念堂(市总工会),中山纪念堂(市总工会)3,BV09336519,113.257336,23.13424
中山纪念堂(连新路),中山纪念堂(连新路),中山纪念堂(连新路),BV11441193,113.258098,23.134873
中建映花悦府,中建映花悦府,中建映花悦府,BV11632610,113.183864,23.364199
中心南大街,中心南大街,中心南大街,BV09326598,113.388357,23.047531
中心大道,中心大道,中心大道站,BV11367778,113.576346,23.039163
中心工业区站,中心工业区,中心工业区站,BV10405324,113.445165,22.848693
中心社,中心社,中心社,BV10015569,113.229289,23.346781
中恒商业广场,中恒商业广场,中恒商业广场站,BV11341993,113.246521,23.380145
中成路口,中成路口,中成路口,BV10024450,113.332773,23.189715
中教村站,中教村,中教村站,BV10014990,113.474212,22.780374
中新医院,中新医院,中新医院,BV11685756,113.616426,23.285614
中新圩,中新圩,中新圩,BV11621187,113.614847,23.288176
中新地铁站,中新地铁,中新地铁站,BV11119355,113.607309,23.28795
中新文体活动中心,中新文体活动中心,中新文体活动中心,BV10023634,113.617636,23.294856
中新映像站,中新映像,中新映像站,BV11629123,113.619614,23.369203
中新车站,中新车,中新车站,BV10389020,113.611521,23.288788
中旅社,中旅社,中旅社,BV10252259,112.882699,23.165569
中村,中村,中村,BV11379005,113.171079,23.12063
中村军营,中村军营,中村军营,BV10580401,113.168297,23.119192
中泰天境花园,中泰天境花园,中泰天境花园,BV11377111,113.581335,23.276876
中泰规划一纵路总站,中泰规划一纵路总,中泰规划一纵路总站,BV09252827,113.580204,23.278249
中洞村,中洞村,中洞村,BV11412277,113.03055,23.377808
中海万锦豪园东,中海万锦豪园东,中海万锦豪园东,BV11689965,113.150125,23.054633
中海广场西,中海广场西,中海广场西,BV10015361,113.819255,23.289119
中海誉城南门,中海誉城南门,中海誉城南门站,BV11379026,113.526121,23.159503
中海誉城总站,中海誉城总,中海誉城总站,BV10387125,113.523621,23.159558
中海金沙湾,中海金沙湾,中海金沙湾,BV10751009,113.20112,23.144079
中海金沙湾南门,中海金沙湾南门,中海金沙湾南门,BV10647447,113.200728,23.139022
中海金沙里,中海金沙里,中海金沙里,BV11129288,113.200191,23.181706
中海锦城南,中海锦城南,中海锦城南站,BV09338878,113.168248,23.069526
中海锦城总站,中海锦城总,中海锦城总站,BV10550126,113.171671,23.069959
中片区,中片区,中片区,BV11152755,113.905709,23.80488
中环东路,中环东路,中环东路,BV11597704,113.387948,23.066859
中环西路,中环西路,中环西路,BV10014689,113.381625,23.043299
中环路,中环路,中环路站,BV09255218,113.483434,22.736908
中田村委,中田村委,中田村委,BV11115211,113.70688,23.622185
中田里,中田里,中田里,BV11115182,113.653551,23.591992
中码头,中码头,中码头,BV11692467,113.436866,23.097299
中科院化学所,中科院化学所,中科院化学所,BV11485003,113.356049,23.176493
中科院化学所总站,中科院化学所总,中科院化学所总站,BV10021334,113.356095,23.175814
中科院明珠科学园,中科院明珠科学园,中科院明珠科学园站,BV11613514,113.5431,22.72837
中粮新沙,中粮新沙,中粮新沙,BV11328076,113.528131,23.028505
中船东路路口站,中船东路路口,中船东路路口站,BV09371835,113.445597,22.752817
中船龙穴基地宿舍,中船龙穴基地宿舍,中船龙穴基地宿舍站,BV11374292,113.652992,22.679918
中西卫生站,中西卫生,中西卫生站,BV11487827,113.864567,23.377465
中西村,中西村,中西村,BV10014882,113.86218,23.3776
中部枢纽,中部枢纽,中部枢纽,BV11683384,113.371218,23.050295
丰乐北横路口,丰乐北横路口,丰乐北横路口,BV11690383,113.449971,23.130014
丰乐北路,丰乐北路,丰乐北路,BV09000522,113.447601,23.110952
丰乐北路(莲塘),丰乐北路(莲塘),丰乐北路(莲塘),BV10943602,113.457295,23.141566
丰乐路,丰乐路,丰乐路,BV10885199,113.448702,23.107854
丰岗,丰岗,丰岗站,BV11688779,113.17307,23.195136
丰年路,丰年路,丰年路,BV09403106,113.223309,23.098436
丰泰城市公馆,丰泰城市公馆,丰泰城市公馆,BV11181008,113.614103,23.127266
丰泰小区,丰泰小区,丰泰小区,BV10022453,113.345149,23.304598
丰泰小区路口,丰泰小区路口,丰泰小区路口,BV11482324,113.345219,23.305326
丰泽纺织,丰泽纺织,丰泽纺织,BV10998031,112.946285,23.447333
丰田合诚配件厂,丰田合诚配件厂,丰田合诚配件厂站,BV11164939,113.352482,22.818569
丰田汽车厂,丰田汽车厂,丰田汽车厂站,BV09409289,113.496034,22.835988
丰盈路口,丰盈路口,丰盈路口,BV11356194,113.484277,23.444994
丰穗农业生态园,丰穗农业生态园,丰穗农业生态园,BV11226215,113.443237,23.444329
丰达电机厂,丰达电机厂,丰达电机厂,BV11026441,113.398697,22.958766
临时上下点,临时上下点,临时上下点,BV10446697,113.18222,23.319872
临时站,G:BV09032460,临时站,BV09032460,113.996513,23.811594
临时站,G:BV09032461,临时站,BV09032461,114.017169,23.83457
临时站,G:BV09032555,临时站1,BV09032555,113.729149,23.379957
临时站,G:BV09038821,临时站,BV09038821,113.868538,23.894004
临时站,G:BV09073139,临时站,BV09073139,113.4941,23.469523
临时站,G:BV09084876,临时站,BV09084876,113.27038,23.229024
临时站,G:BV09087010,临时站,BV09087010,113.585773,22.676717
临时站,G:BV09108274,临时站,BV09108274,113.519093,23.468351
临时站,G:BV09114329,临时站,BV09114329,113.881852,23.894157
临时站,G:BV09114330,临时站,BV09114330,113.199737,23.399313
临时站,G:BV09172269,临时站,BV09172269,113.723267,23.623611
临时站,G:BV09183570,临时站3,BV09183570,113.448626,23.053582
临时站,G:BV09187203,临时站,BV09187203,113.763044,23.494963
临时站,G:BV09198607,临时站,BV09198607,113.43253,23.158482
临时站,G:BV09202784,临时站,BV09202784,113.896135,23.451624
临时站,G:BV09209217,临时站,BV09209217,113.501953,23.581114
临时站,G:BV09209220,临时站,BV09209220,113.858537,23.220141
临时站,G:BV09209222,临时站,BV09209222,113.183544,23.422061
临时站,G:BV09220465,临时站1,BV09220465,113.408272,23.153939
临时站,G:BV09224026,临时站,BV09224026,113.542768,23.463555
临时站,G:BV09225892,临时站,BV09225892,113.595874,23.528711
临时站,G:BV09228544,临时站,BV09228544,113.517327,22.804742
临时站,G:BV09235565,临时站,BV09235565,113.656121,23.365685
临时站,G:BV09237027,临时站,BV09237027,113.223346,23.337016
临时站,G:BV09243528,临时站,BV09243528,113.797645,23.302792
临时站,G:BV09245152,临时站1,BV09245152,113.313368,22.844319
临时站,G:BV09245153,临时站2,BV09245153,113.448612,23.053261
临时站,G:BV09259269,临时站,BV09259269,113.562125,23.625817
临时站,G:BV09263628,临时站1,BV09263628,113.420744,22.827015
临时站,G:BV09282691,临时站,BV09282691,113.184531,23.12902
临时站,G:BV09287264,临时站,BV09287264,113.189587,23.122992
临时站,G:BV09299756,临时站,BV09299756,113.183539,23.351626
临时站,G:BV09299757,临时站,BV09299757,113.382003,22.889498
临时站,G:BV09302924,临时站,BV09302924,113.644774,23.260407
临时站,G:BV09303521,临时站,BV09303521,113.586647,22.636892
临时站,G:BV09304519,临时站,BV09304519,113.189873,23.188086
临时站,G:BV09308224,临时站,BV09308224,113.437341,22.81482
临时站,G:BV09308334,临时站1,BV09308334,113.533329,23.464838
临时站,G:BV09314789,临时站,BV09314789,113.311454,22.852052
临时站,G:BV09315458,临时站,BV09315458,113.617982,23.350113
临时站,G:BV09320757,临时站,BV09320757,113.109723,23.43993
临时站,G:BV09320813,临时站,BV09320813,113.445902,23.059023
临时站,G:BV09321130,临时站,BV09321130,113.22596,23.208076
临时站,G:BV09323728,临时站,BV09323728,113.127504,23.449832
临时站,G:BV09324704,临时站,BV09324704,113.434065,23.167721
临时站,G:BV09324849,临时站,BV09324849,113.496799,23.013055
临时站,G:BV09325142,临时站,BV09325142,113.448317,23.050888
临时站,G:BV09325408,临时站,BV09325408,113.224823,23.345459
临时站,G:BV09331577,临时站,BV09331577,113.359859,22.947001
临时站,G:BV09339397,临时站1,BV09339397,113.500525,23.584213
临时站,G:BV09342746,临时站,BV09342746,113.11934,23.373109
临时站,G:BV09342747,临时站,BV09342747,113.425956,22.822645
临时站,G:BV09343128,临时站,BV09343128,113.516153,23.451509
临时站,G:BV09345101,临时站,BV09345101,113.341423,22.980557
临时站,G:BV09346014,临时站,BV09346014,113.731068,23.375166
临时站,G:BV09346248,临时站,BV09346248,113.416097,23.158052
临时站,G:BV09346865,临时站,BV09346865,113.244361,23.43435
临时站,G:BV09346866,临时站,BV09346866,113.290006,23.145915
临时站,G:BV09348433,临时站,BV09348433,113.7316,23.623888
临时站,G:BV09352261,临时站,BV09352261,113.203611,23.416795
临时站,G:BV09358213,临时站,BV09358213,113.045555,23.408227
临时站,G:BV09370015,临时站,BV09370015,113.766071,23.744313
临时站,G:BV09372006,临时站,BV09372006,113.750058,23.75917
临时站,G:BV09372122,临时站1,BV09372122,114.017103,23.834438
临时站,G:BV09372320,临时站,BV09372320,113.298646,23.237058
临时站,G:BV09372759,临时站,BV09372759,113.876481,23.416822
临时站,G:BV09373960,临时站,BV09373960,113.402489,23.088944
临时站,G:BV09381676,临时站,BV09381676,113.759202,23.680381
临时站,G:BV09381946,临时站,BV09381946,113.405783,23.153693
临时站,G:BV09382697,临时站,BV09382697,113.266929,23.258879
临时站,G:BV09382859,临时站,BV09382859,113.545819,22.897154
临时站,G:BV09382860,临时站1,BV09382860,113.183702,23.123824
临时站,G:BV09382918,临时站,BV09382918,113.540421,22.906301
临时站,G:BV09383015,临时站1,BV09383015,113.446096,23.058761
临时站,G:BV09384072,临时站,BV09384072,113.652092,23.291024
临时站,G:BV09384383,临时站,BV09384383,113.475093,23.023988
临时站,G:BV09384887,临时站,BV09384887,113.079458,23.388021
临时站,G:BV09385744,临时站,BV09385744,113.850442,23.188695
临时站,G:BV09388214,临时站,BV09388214,113.344907,22.941378
临时站,G:BV09388401,临时站,BV09388401,113.684151,23.716699
临时站,G:BV09392319,临时站,BV09392319,113.263562,23.213795
临时站,G:BV09393226,临时站,BV09393226,113.26835,23.100232
临时站,G:BV09393528,临时站,BV09393528,113.583438,23.600167
临时站,G:BV09394521,临时站,BV09394521,113.669292,23.173792
临时站,G:BV09396329,临时站1,BV09396329,113.723267,23.623611
临时站,G:BV09396943,临时站,BV09396943,113.174788,23.454232
临时站,G:BV09397533,临时站,BV09397533,113.408542,23.721174
临时站,G:BV09397889,临时站,BV09397889,113.713418,23.556746
临时站,G:BV09400400,临时站,BV09400400,113.213082,23.094293
临时站,G:BV09401075,临时站,BV09401075,113.707798,23.274402
临时站,G:BV09402873,临时站,BV09402873,113.16057,23.417281
临时站,G:BV09403701,临时站,BV09403701,113.118189,23.255742
临时站,G:BV09409927,临时站,BV09409927,113.323702,23.439068
临时站,G:BV09411177,临时站,BV09411177,113.322922,23.280676
临时站,G:BV09411178,临时站,BV09411178,113.298986,23.018655
临时站,G:BV09411179,临时站,BV09411179,113.457008,23.031615
临时站,G:BV09413987,临时站,BV09413987,113.582743,23.321763
临时站,G:BV11621777,临时站,BV11621777,113.908421,23.483675
临时站,G:BV11630890,临时站,BV11630890,113.912418,23.494662
临时站,G:BV11633019,临时站,BV11633019,113.728024,23.465752
临时站(119省道),G:BV11630887,临时站(119省道),BV11630887,113.911203,23.491959
临时站(东镜国际装饰材料城),G:BV09359605,临时站(东镜国际装饰材料城),BV09359605,113.221757,23.3393
临时站(九霄缘钓鱼场),G:BV09409671,临时站(九霄缘钓鱼场),BV09409671,113.415772,23.157994
临时站(从化区旗杆中学),G:BV09385142,临时站(从化区旗杆中学),BV09385142,113.501118,23.583839
临时站(佳家民宿),G:BV09352105,临时站(佳家民宿),BV09352105,113.727109,23.623512
临时站(大街公园),G:BV09130588,临时站(大街公园),BV09130588,113.448337,23.051039
临时站(志华农庄),G:BV09194616,临时站(志华农庄),BV09194616,113.378134,22.893005
临时站(永发大道),G:BV09326601,临时站(永发大道),BV09326601,113.185289,23.418528
临时站(流溪河林场安吉小区),G:BV09130296,临时站(流溪河林场安吉小区),BV09130296,113.772526,23.745655
临时站(清华科技园),G:BV09382696,临时站(清华科技园),BV09382696,113.45469,22.980024
临时站(白坭桥),G:BV09393127,临时站(白坭桥),BV09393127,113.023292,23.422462
临时站(科珠路),G:BV09356592,临时站(科珠路),BV09356592,113.432865,23.166432
临时站(茭塘新村),G:BV09375500,临时站(茭塘新村),BV09375500,113.494761,23.015488
临时站(葵蓬茶文化产业园),G:BV09397532,临时站(葵蓬茶文化产业园),BV09397532,113.215148,23.096662
临时站(观音古庙),G:BV09359114,临时站(观音古庙),BV09359114,113.540807,22.904836
临江大道,临江大道,临江大道,BV09336732,113.331757,23.115231
临江大道(员村二横路口),临江大道(员村二横路口),临江大道(员村二横路口),BV10021902,113.356946,23.112047
临江大道(员村南街口),临江大道(员村南街口),临江大道(员村南街口),BV10381817,113.34841,23.113119
临江大道东,临江大道东,临江大道东,BV10021684,113.33647,23.114616
临江大道中,临江大道中,临江大道中,BV10021438,113.325688,23.115978
丹乐食品站,丹乐食品,丹乐食品站,BV10015044,113.436967,22.84549
丹山新村,丹山新村,丹山新村,BV10992719,113.346545,22.956396
丹山村(桥兴大道),丹山村(桥兴大道),丹山村(桥兴大道),BV09302751,113.353001,22.955731
丹山村(西环路),丹山村(西环路),丹山村(西环路),BV10764630,113.348797,22.95569
丹山桥,丹山桥,丹山桥,BV11689845,113.354535,22.953796
丹桂社区居委会,丹桂社区居委会,丹桂社区居委会,BV11598953,113.353549,22.953122
丹水坑,丹水坑,丹水坑,BV11687861,113.529469,23.092942
丹水坑,丹水坑,丹水坑2,BV09227576,113.530186,23.093252
丹水坑,丹水坑,丹水坑站(西行),BV11484558,113.530535,23.093538
丹水坑,丹水坑,丹水坑站2,BV09192168,113.530493,23.093394
丹水坑路中,丹水坑路中,丹水坑路中,BV11460105,113.527143,23.097686
丹水坑路南,丹水坑路南,丹水坑路南,BV11690392,113.528317,23.094162
丹水坑路口,丹水坑路口,丹水坑路口,BV10974373,113.526112,23.100564
丹水坑风景区总站,丹水坑风景区总,丹水坑风景区总站,BV10022013,113.523693,23.107296
丹灶公交总站,丹灶公交总,丹灶公交总站,BV09167606,112.90743,23.056058
丹灶劳边村,丹灶劳边村,丹灶劳边村,BV11646124,112.926333,23.057598
丹灶医院站,丹灶医院,丹灶医院站,BV11650102,112.908071,23.054408
丹灶徐边村,丹灶徐边村,丹灶徐边村,BV11646103,112.932149,23.05966
丹灶沙滘村站,丹灶沙滘村,丹灶沙滘村站,BV11474012,112.939548,23.061368
丹灶税务分局,丹灶税务分局,丹灶税务分局,BV11193307,112.916578,23.055409
丹灶翰林湖(徐边村),丹灶翰林湖(徐边村),丹灶翰林湖(徐边村),BV10889526,112.931654,23.059022
丹灶金沙城区站,丹灶金沙城区,丹灶金沙城区站,BV11646104,112.955075,23.067543
丹灶金沙邮电局,丹灶金沙邮电局,丹灶金沙邮电局,BV11468514,112.958555,23.068945
丹灶镇政府,丹灶镇政府,丹灶镇政府,BV09159941,112.913381,23.054826
丹邱村,丹邱村#1,丹邱村,BV10252243,113.067333,23.131912
丹邱村,丹邱村#2,丹邱村,BV11118526,113.719573,23.301216
为民中路,为民中路,为民中路,BV10023348,113.377922,22.982374
为民小学,为民小学,为民小学,BV10022742,113.337557,23.321695
主山市场,主山市场,主山市场,BV10262364,113.774594,23.039839
丽峰路,丽峰路,丽峰路,BV10017883,113.534873,23.587685
丽日商业广场,丽日商业广场,丽日商业广场,BV11186902,113.26818,23.100605
丽景花园,丽景花园,丽景花园,BV10253901,113.259789,22.851032
丽水湾,丽水湾,丽水湾,BV10388698,113.31131,23.032988
丽江花园,丽江花园,丽江花园站,BV10015193,113.298032,23.034807
丽江花园总站,丽江花园总,丽江花园总站,BV10015192,113.297877,23.034473
丽江花园正门,丽江花园正门,丽江花园正门,BV10019650,113.302776,23.042035
丽江路口,丽江路口,丽江路口站,BV10015195,113.291147,23.039482
丽美酒店,丽美酒店,丽美酒店,BV09313070,113.208978,23.381387
丽雅苑,丽雅苑,丽雅苑,BV10251608,113.134437,23.051572
久裕商贸城,久裕商贸城,久裕商贸城,BV10020384,113.647331,23.12436
久裕村委,久裕村委,久裕村委,BV10024166,113.642974,23.124808
久裕村路口,久裕村路口,久裕村路口,BV10020905,113.637315,23.127731
久裕牛仔街,久裕牛仔街,久裕牛仔街,BV10024167,113.640928,23.125068
义兴经济社,义兴经济社,义兴经济社,BV10023919,113.183917,23.474592
义坑村,义坑村,义坑村,BV10023916,113.1746,23.479245
义山村委总站,义山村委总,义山村委总站,BV10019246,113.127825,23.445313
义山村总站,义山村总,义山村总站,BV11246410,113.127939,23.445154
义沙村,义沙村,义沙村站,BV09372927,113.496016,22.749258
义沙桥站,义沙桥,义沙桥站,BV11266248,113.502443,22.747465
义沙站,义沙,义沙站,BV11689823,113.496225,22.749616
乌冲,乌冲,乌冲,BV11386241,113.4547,23.103617
乌冲,乌冲,BRT乌冲N1,BV09393436,113.454998,23.103562
乌冲,乌冲,乌冲站S1子站(BRT),BV09399272,113.456417,23.10282
乌冲,乌冲,乌冲,BV10019591,113.45533,23.103182
乌土村委总站,乌土村委总,乌土村委总站,BV11474552,113.672954,23.620395
乌头石村,乌头石村,乌头石村,BV11119395,113.931193,23.44366
乌头石村(招呼站),乌头石村(招呼站),乌头石村(招呼站),BV11409788,113.930373,23.449889
乌榕村,乌榕村,乌榕村,BV10544714,112.47529,23.02982
乌溪村,乌溪村,乌溪村,BV10014635,113.359701,23.341408
乌溪村总站,乌溪村总,乌溪村总站,BV11269590,113.351531,23.344647
乌溪路,乌溪路,乌溪路,BV11273121,113.357585,23.343939
乌石,乌石,乌石,BV10509689,113.105698,23.435102
乌石岗村,乌石岗村,乌石岗村,BV11311739,112.911989,23.354268
乌石总站,乌石总,乌石总站,BV10481248,113.109798,23.440017
乌石村,乌石村#1,乌石村,BV11466903,113.509537,23.131448
乌石村,乌石村#2,乌石村,BV11466902,113.626292,23.628828
乌石村,乌石村#3,乌石村,BV11466901,113.647039,23.143405
乌石村,乌石村#4,乌石村,BV11602521,113.108773,23.43238
乌石村北,乌石村北,乌石村北,BV10019456,113.513292,23.132722
乌石湾站,乌石湾,乌石湾站,BV10021042,113.517373,22.823915
乌石田村,乌石田村,乌石田村,BV11488234,113.725876,23.380715
乌石美村,乌石美村,乌石美村,BV11119649,113.693411,23.373798
乌石美站,乌石美,乌石美站,BV11488240,113.691442,23.373445
乐从交通中心(佛山大道南),乐从交通中心(佛山大道南),乐从交通中心(佛山大道南),BV11469210,113.085282,22.960569
乐从交通中心(枢纽站),乐从交通中心(枢纽站),乐从交通中心(枢纽站),BV10255309,113.085438,22.959233
乐从红星美凯龙,乐从红星美凯龙,乐从红星美凯龙,BV10252029,113.08433,22.923706
乐从路口,乐从路口,乐从路口,BV10252032,113.085433,22.96266
乐同村,乐同村,乐同村,BV11688140,113.180945,23.425135
乐嘉路,乐嘉路,乐嘉路,BV10013704,113.253299,23.170747
乐嘉路中,乐嘉路中,乐嘉路中,BV10018303,113.250442,23.170352
乐嘉路西,乐嘉路西,乐嘉路西,BV10018304,113.249381,23.170169
乐城,乐城,乐城,BV11688732,113.093681,23.065262
乐天创意园总站,乐天创意园总,乐天创意园总站,BV11225790,113.356212,23.149104
乐安桥,乐安桥,乐安桥,BV10251621,113.087265,23.064443
乐安街,乐安街,乐安街,BV11408222,113.087265,23.064443
乐得花园,乐得花园,乐得花园,BV11477133,113.271046,23.225592
乐意居,乐意居,乐意居,BV09069507,113.352431,23.171514
乐意居花园总站,乐意居花园总,乐意居花园总站,BV10016421,113.352398,23.171089
乐敦路口,乐敦路口,乐敦路口,BV11633457,113.315572,23.088541
乐明,乐明,乐明,BV11018295,113.806949,23.856097
乐有汇超市,乐有汇超市,乐有汇超市,BV10961549,113.192023,23.076823
乐羊羊路(亚运城天骄)总站,乐羊羊路(亚运城天骄)总,乐羊羊路(亚运城天骄)总站,BV09221556,113.493782,22.950064
乐陶街口,乐陶街口,乐陶街口,BV10022195,113.251424,23.171228
九五二小九楼分校,九五二小九楼分校,九五二小九楼分校,BV11596689,113.576037,23.275039
九佛二中北门,九佛二中北门,九佛二中北门,BV10017606,113.513512,23.349594
九佛政和路口,九佛政和路口,九佛政和路口,BV09359307,113.513132,23.357457
九和村,九和村,九和村,BV11393811,113.609109,23.265401
九和村北,九和村北,九和村北,BV10016213,113.611356,23.268888
九塘社,九塘社,九塘社,BV10487846,113.153015,23.392518
九太路,九太路,九太路,BV10017613,113.488668,23.344197
九太路口,九太路口,九太路口,BV10013847,113.511537,23.358646
九头,九头,九头,BV11369794,113.479677,23.553386
九如村,九如村,九如村,BV11449183,113.628509,23.187181
九岭路,九岭路,九岭路,BV11630345,113.546044,23.210468
九峰山农庄,九峰山农庄,九峰山农庄,BV11119363,113.893956,23.427231
九曲村路口,九曲村路口,九曲村路口,BV10797868,113.639681,23.007219
九曲涌桥,九曲涌桥,九曲涌桥,BV11610066,113.636048,23.007371
九比村总站,九比村总,九比村总站,BV10418331,113.38409,22.841118
九比村站,九比村,九比村站,BV10014921,113.383729,22.845122
九江上东四约村,九江上东四约村,九江上东四约村,BV10592881,113.019576,22.840808
九江中学,九江中学,九江中学,BV10252034,113.014053,22.836811
九江交警中队,九江交警中队,九江交警中队,BV11010422,113.008385,22.84996
九江大道公交枢纽站,九江大道公交枢纽,九江大道公交枢纽站,BV11255352,113.012882,22.851745
九涌半,九涌半,九涌半站,BV09240062,113.556945,22.661886
九涌桥,九涌桥,九涌桥站,BV09296468,113.550856,22.667305
九湖村,九湖村,九湖村站,BV11691193,113.303819,23.439067
九湖村幼儿园,九湖村幼儿园,九湖村幼儿园,BV11584400,113.298192,23.439624
九潭,九潭,九潭,BV09386852,113.085626,23.100332
九潭南路,九潭南路,九潭南路,BV11628724,113.175062,23.376004
九潭村,九潭村,九潭村,BV10018888,113.161409,23.304154
九王庙村站,九王庙村,九王庙村站,BV11516351,113.586537,22.775325
九益村,九益村,九益村,BV11403956,113.769479,23.411049
九腌地路口,九腌地路口,九腌地路口,BV11598040,113.521038,23.381325
九谭,九谭,九谭,BV11133386,113.085572,23.100768
九龙三小,九龙三小,九龙三小,BV09252824,113.570456,23.280859
九龙二小九楼分校,九龙二小九楼分校,九龙二小九楼分校,BV10022148,113.575978,23.275076
九龙二小大坦分校,九龙二小大坦分校,九龙二小大坦分校,BV10022143,113.583609,23.261886
九龙五金不锈钢城,九龙五金不锈钢城,九龙五金不锈钢城,BV10254830,113.142619,23.103312
九龙大道,九龙大道,九龙大道,BV10602773,113.486829,23.386253
九龙大道南,九龙大道南,九龙大道南,BV11483387,113.584006,23.277501
九龙岗,九龙岗,九龙岗,BV09017013,113.721409,23.726331
九龙江,九龙江,九龙江,BV11152768,113.721948,23.726535
九龙涌公交场,九龙涌公交场,九龙涌公交场,BV10925988,113.134288,23.124442
九龙湖,九龙湖,九龙湖,BV10019351,113.416617,23.453437
九龙湖公园南门,九龙湖公园南门,九龙湖公园南门,BV09409116,113.516278,23.340222
九龙镇政府,九龙镇政府,九龙镇政府,BV10555852,113.513166,23.357197
九龙镇政府总站,九龙镇政府总,九龙镇政府总站,BV10013784,113.51307,23.35773
九龙镇新市场,九龙镇新市场,九龙镇新市场,BV10017605,113.516463,23.353444
二中(科学城校区),二中(科学城校区),二中(科学城校区),BV11488675,113.46623,23.178585
二中(科学城校区),二中(科学城校区),二中,BV11075632,113.46623,23.178585
二号航站楼(45-48号门),二号航站楼(45-48号门),二号航站楼(45-48号门),BV11544670,113.300224,23.398455
二戒所,二戒所,二戒所,BV10618489,112.918732,23.26124
二棉厂,二棉厂,二棉厂,BV10386993,113.351425,23.120879
二汽客运站,二汽客运,二汽客运站,BV11118864,113.833978,23.294644
二汽石滩客运站,二汽石滩客运,二汽石滩客运站,BV11259170,113.78693,23.17543
二汽车站,二汽车,二汽车站,BV10558723,113.832955,23.295011
二沙东,二沙东,二沙东,BV09408345,113.307608,23.111963
二沙岛西总站,二沙岛西总,二沙岛西总站,BV10018594,113.292604,23.112932
二沙西,二沙西,二沙西,BV11312280,113.294675,23.113387
二涌站,二涌,二涌站,BV10014999,113.516537,22.727128
二湾社区站,二湾社区,二湾社区站,BV11171608,113.402656,22.800627
二湾路口(大岗供电所)站,二湾路口(大岗供电所),二湾路口(大岗供电所)站,BV11419871,113.400868,22.804279
二湾路口站,二湾路口,二湾路口站,BV10014935,113.400774,22.804089
二龙卫生院,二龙卫生院,二龙卫生院,BV11636145,113.738928,23.39128
二龙山生态园景区,二龙山生态园景区,二龙山生态园景区,BV11118814,113.730657,23.354896
二龙村,二龙村,二龙村,BV11118815,113.738928,23.39128
二龙田心村,二龙田心村,二龙田心村站,BV09372075,113.734711,23.389353
云信路,云信路,云信路,BV09064400,113.524631,23.163005
云信路北,云信路北,云信路北,BV09064401,113.523669,23.166039
云台花园,云台花园,云台花园,BV11371562,113.289626,23.156751
云台花园,云台花园,云台花园站2分站,BV09376384,113.286957,23.15743
云台花园,云台花园,云台花园2,BV09364271,113.289188,23.156843
云台花园,云台花园,云台花园3,BV09364566,113.290831,23.156539
云台花园,云台花园,云台花园1,BV09373903,113.290015,23.156851
云台花园总站,云台花园总,云台花园总站,BV10014637,113.290052,23.158314
云启路,云启路,云启路站,BV09276326,113.27631,23.222495
云城东路,云城东路,云城东路,BV11434550,113.257117,23.168627
云城东路(云城南三路口),云城东路(云城南三路口),云城东路(云城南三路口),BV11137842,113.262761,23.17563
云城东路(云城南二路口),云城东路(云城南二路口),云城东路(云城南二路口),BV10021055,113.261887,23.17398
云城东路中,云城东路中,云城东路中,BV11553822,113.271154,23.190332
云城东路北,云城东路北,云城东路北,BV10018408,113.277469,23.201767
云城东路北,云城东路北,云城东路北(停南行),BV09320410,113.27747,23.201769
云城东路南,云城东路南,云城东路南,BV10019170,113.265324,23.179604
云城东路口,云城东路口,云城东路口,BV11434549,113.255985,23.167764
云城中一路,云城中一路,云城中一路,BV10021168,113.271146,23.18815
云城中三路,云城中三路,云城中三路,BV09223455,113.269801,23.193882
云城中二路,云城中二路,云城中二路,BV10436783,113.270456,23.191837
云城南,云城南,云城南,BV10013708,113.255916,23.167526
云城南,云城南,云城南1,BV09226082,113.255917,23.167523
云城南,云城南,云城南站1,BV09406832,113.255916,23.167526
云城南二路,云城南二路,云城南二路,BV10018318,113.260205,23.17335
云城南二路总站,云城南二路总,云城南二路总站,BV10019539,113.25893,23.174136
云城南四路,云城南四路,云城南四路,BV10019067,113.261485,23.179648
云城西路,云城西路,云城西路,BV10021167,113.27182,23.200011
云城西路(云城南四路口),云城西路(云城南四路口),云城西路(云城南四路口),BV10021065,113.26126,23.18143
云城西路(机场路口),云城西路(机场路口),云城西路(机场路口),BV10021482,113.256463,23.17202
云城西路(白云区图书馆),云城西路(白云区图书馆),云城西路(白云区图书馆),BV10021165,113.273752,23.205759
云城西路中,云城西路中,云城西路中,BV10022731,113.268911,23.194941
云城西路南,云城西路南,云城西路南,BV10021066,113.258631,23.176795
云埔一路,云埔一路,云埔一路站,BV11379024,113.53257,23.148178
云埔一路(中一药业)总站,云埔一路(中一药业)总,云埔一路(中一药业)总站,BV10991201,113.539286,23.148047
云埔一路总站,云埔一路总,云埔一路总站,BV10017550,113.5394,23.14812
云埔二路,云埔二路,云埔二路,BV11467009,113.532369,23.151024
云埔二路东,云埔二路东,云埔二路东,BV11467015,113.536943,23.150817
云埔四路,云埔四路,云埔四路,BV10833214,113.523269,23.159023
云埔工业区,云埔工业区,云埔工业区,BV11687962,113.522636,23.149681
云埔工业区口,云埔工业区口,云埔工业区口,BV11467004,113.523806,23.14855
云山中学(龙珠路),云山中学(龙珠路),云山中学(龙珠路),BV10432285,113.223051,23.399945
云山居,云山居,云山居,BV11478463,113.291454,23.215276
云山诗意,云山诗意#1,云山诗意,BV10017747,113.286678,23.222892
云山诗意,云山诗意#2,云山诗意站,BV09243522,113.5246,22.791966
云山诗意,云山诗意#3,云山诗意站,BV10387102,113.797958,23.300944
云山路中,云山路中,云山路中,BV11147685,113.205498,23.385417
云山隧道,云山隧道,云山隧道,BV09158995,113.275233,23.18874
云峰花园,云峰花园,云峰花园站,BV09000461,113.242888,23.380916
云峰路口,云峰路口,云峰路口,BV10472925,113.165654,23.407001
云康南路,云康南路,云康南路,BV11694344,113.273275,23.216444
云星村,云星村#1,云星村,BV09143620,113.364902,22.960822
云星村,云星村#2,云星村,BV10014698,113.625724,23.613558
云星钱隆天誉,云星钱隆天誉,云星钱隆天誉,BV11415281,113.489737,23.443933
云景花园,云景花园,云景花园,BV11688407,113.326102,23.183336
云桂村,云桂村,云桂村站,BV10021130,113.276197,23.102264
云正大道,云正大道,云正大道,BV09069509,113.309239,23.298675
云港路,云港路,云港路,BV10019066,113.257425,23.183284
云生二路路口站,云生二路路口,云生二路路口站,BV09260270,113.435834,22.752228
云祥居委,云祥居委,云祥居委,BV10022681,113.312608,23.20763
云祥路,云祥路,云祥路,BV10323129,113.315751,23.205258
云良路东康路口,云良路东康路口,云良路东康路口,BV10253898,113.254254,22.844843
云苑新村,云苑新村,云苑新村,BV10018325,113.262323,23.168655
云苑新村总站,云苑新村总,云苑新村总站,BV10018323,113.262288,23.16832
云路居委会,云路居委会,云路居委会,BV10253900,113.258378,22.849245
云路市场,云路市场,云路市场,BV10253899,113.257157,22.847648
云霄街总站,云霄街总,云霄街总站,BV11621849,113.258582,23.184861
云霄路,云霄路,云霄路站,BV10713654,113.259476,23.185659
云顶,云顶,云顶,BV11246368,113.566524,23.159964
云骏路,云骏路,云骏路,BV10017380,113.534285,23.145983
云骏路中,云骏路中,云骏路中,BV10017549,113.534285,23.149068
云龙路,云龙路,云龙路,BV10984925,113.266307,23.172456
云龙路南,云龙路南,云龙路南,BV09245638,113.265488,23.169996
云龙路口,云龙路口,云龙路口,BV11267333,113.26541,23.172812
互太印染厂,互太印染厂,互太印染厂站,BV10015933,113.529147,22.685548
五一大道中站,五一大道中,五一大道中站,BV11669455,113.175753,23.199332
五一大道北,五一大道北#1,五一大道北,CL100001,0,0
五一大道北,五一大道北#2,五一大道北站,BV11669457,113.176895,23.211396
五一大道口站,五一大道口,五一大道口站,BV09149724,113.175797,23.196374
五一大道路口,五一大道路口,五一大道路口,BV09312794,113.17581,23.196076
五丫口大桥东,五丫口大桥东,五丫口大桥东,BV10550119,113.178687,23.068209
五丰工业区,五丰工业区,五丰工业区,BV11484172,113.181118,23.329401
五丰新村,五丰新村#1,五丰新村,BV11632962,113.360412,23.592196
五丰新村,五丰新村#2,五丰新村,BV11491323,113.35818,23.574031
五丰村,五丰村#1,五丰村,BV11484167,113.176922,23.331598
五丰村,五丰村#2,五丰村,BV11484166,113.380975,23.60233
五凤乡,五凤乡,五凤乡站,BV11688511,113.283798,23.085078
五华直街,五华直街,五华直街,BV10015546,113.202049,23.389224
五坊,五坊,五坊站,BV09294082,113.260805,22.820101
五山学生公寓,五山学生公寓,五山学生公寓,BV09242191,113.358248,23.157443
五山路(广园快速路口),五山路(广园快速路口),五山路(广园快速路口),BV10017504,113.341447,23.149977
五山路口,五山路口,五山路口,BV11062767,113.336806,23.143791
五山路口,五山路口,五山路口2,BV09366519,113.338338,23.143222
五山路口,五山路口,五山路口站2,BV09372736,113.338309,23.143241
五山路口,五山路口,五山路口站1,BV09368726,113.336806,23.143791
五岳庙,五岳庙,五岳庙,BV11369789,113.51808,23.499188
五星村,五星村#1,五星村,BV09352108,113.864516,23.298214
五星村,五星村#2,五星村,BV10467858,113.239953,23.463903
五星路口,五星路口,五星路口,BV11690550,113.150766,23.204227
五沙一村,五沙一村,五沙一村站,BV11164941,113.371965,22.811437
五沙三村,五沙三村,五沙三村,BV11607771,113.345539,22.814702
五沙大桥收费站(顺凯北路),五沙大桥收费站(顺凯北路),五沙大桥收费站(顺凯北路),BV10253578,113.345596,22.816537
五沙大桥收费站(顺番路),五沙大桥收费站(顺番路),五沙大桥收费站(顺番路),BV10386028,113.346191,22.818554
五沙小学,五沙小学,五沙小学,BV11164940,113.366762,22.812718
五洲材料装饰城,五洲材料装饰城,五洲材料装饰城,BV11620747,113.312758,23.038572
五洲装饰城,五洲装饰城,五洲装饰城(西行),BV10681281,113.312758,23.038572
五洲装饰城,五洲装饰城,五洲装饰城(东行),BV10681282,113.311689,23.038502
五洲装饰城(地铁厦滘站),五洲装饰城(地铁厦滘站),五洲装饰城,BV11689280,113.311689,23.038502
五洲装饰城(地铁厦滘站),五洲装饰城(地铁厦滘站),五洲装饰城(地铁厦滘站),BV09291068,113.312905,23.038562
五洲装饰材料城,五洲装饰材料城,五洲装饰材料城,BV11624187,113.312758,23.038572
五涌,五涌,五涌,BV10262696,113.637269,23.035112
五涌(龙穴大道),五涌(龙穴大道),五涌(龙穴大道)站,BV09306751,113.617678,22.689934
五涌站(龙穴大道),五涌站(龙穴大道),五涌站(龙穴大道),BV09306732,113.617844,22.689823
五溪御龙湾,五溪御龙湾,五溪御龙湾,BV10023915,113.181239,23.48033
五环岛,五环岛,五环岛,BV11625441,113.580739,23.159852
五眼桥小学,五眼桥小学,五眼桥小学,BV10014495,113.205577,23.105287
五眼桥总站,五眼桥总,五眼桥总站,BV10886951,113.20533,23.104743
五眼桥西约,五眼桥西约,五眼桥西约,BV10014496,113.207035,23.106789
五福堂,五福堂,五福堂站,BV11483391,113.569105,23.2954
五福路,五福路,五福路,BV09255784,113.630774,23.367378
五羊本田,五羊本田,五羊本田站,BV11118918,113.59871,23.201295
五羊邨,五羊邨,五羊邨,BV11316646,113.307103,23.122568
五羊邨总站,五羊邨总,五羊邨总站,BV10019121,113.306842,23.122257
五联村,五联村#1,五联村,BV11119376,113.656336,23.329571
五联村,五联村#2,五联村,BV11604726,113.311751,23.576419
五花村,五花村,五花村,BV10409225,113.648528,22.999351
五龙岗,五龙岗,五龙岗,BV11253918,113.408144,23.377365
五龙岗路口,五龙岗路口,五龙岗路口,BV10018779,113.393724,23.37655
井头李,井头李,井头李,BV11315198,113.813665,23.521507
井岗大道北街,井岗大道北街,井岗大道北街,BV11568007,113.18361,23.35185
井岗大道北街口,井岗大道北街口,井岗大道北街口,BV11568005,113.181325,23.346547
井岗大道南街口,井岗大道南街口,井岗大道南街口,BV11568008,113.180804,23.34448
井岗村,井岗村,井岗村,BV10604892,113.177939,23.33905
井岗村委,井岗村委#1,井岗村委,BV11501809,113.18285,23.350129
井岗村委,井岗村委#2,井岗村委,BV11469468,113.525727,23.525997
井岗菜场,井岗菜场,井岗菜场,BV11469892,113.540004,23.528493
井泉一路,井泉一路,井泉一路站,BV10653025,113.570035,23.186967
井泉四路,井泉四路,井泉四路站,BV10653030,113.574988,23.184589
亚口冚,亚口冚,亚口冚,BV11300562,113.812123,23.534512
亚太新城,亚太新城,亚太新城,BV11689664,113.600968,23.130207
亚太木业城,亚太木业城,亚太木业城,BV10256653,113.062833,22.9004
亚如冚,亚如冚,亚如冚,BV11408986,113.830264,23.52314
亚洲国际材料城,亚洲国际材料城,亚洲国际材料城,BV10256651,113.05009,22.886998
亚运城,亚运城,亚运城,BV10015999,113.469934,22.950496
亚运城体验中心,亚运城体验中心,亚运城体验中心,BV10019859,113.473112,22.948409
亚运城天荟(临时站),亚运城天荟(临时站),亚运城天荟(临时站),BV09180113,113.472319,22.942031
亚运城天荟临时站,亚运城天荟临时,亚运城天荟临时站,BV11575279,113.472563,22.942232
亚运城天荟临时站,亚运城天荟临时,亚运城天荟临时站(西行),BV11669427,113.472306,22.942172
亚运城天荟临时站,亚运城天荟临时,亚运城天荟临时站(东行),BV11669428,113.472323,22.942032
亚运城山海湾,亚运城山海湾,亚运城山海湾,BV10418333,113.484696,22.956829
亚运城山海湾西门,亚运城山海湾西门,亚运城山海湾西门,BV09343733,113.483489,22.953732
亚运城广场,亚运城广场,亚运城广场,BV11398899,113.470827,22.945215
亚运城总站,亚运城总,亚运城总站,BV10023195,113.486917,22.957751
亚运城综合体育馆(亚运南路),亚运城综合体育馆(亚运南路),亚运城综合体育馆(亚运南路),BV10805602,113.475617,22.942759
亚运大道东站,亚运大道东,亚运大道东站,BV09201135,113.4821,22.955698
亚运源筑,亚运源筑,亚运源筑,BV10834183,113.478438,22.943539
交投集团,交投集团,交投集团,BV11181465,113.785054,23.03317
交电新村,交电新村,交电新村,BV11088404,113.260178,23.161846
交警中队,交警中队,交警中队,BV10014901,113.823059,23.29599
交警吕田中队,交警吕田中队,交警吕田中队,BV10808753,113.94166,23.807199
交警大队,交警大队#1,交警大队,BV09176957,113.577535,23.540767
交警大队,交警大队#2,交警大队,BV11403666,113.826214,23.293436
交警大队,交警大队#3,交警大队,BV11403665,113.373721,22.953765
交警温泉中队,交警温泉中队,交警温泉中队,BV11353224,113.651713,23.63297
交警龙潭中队,交警龙潭中队,交警龙潭中队,BV11625922,113.409593,23.64463
交通大厦,交通大厦,交通大厦分站,BV11131149,113.368878,22.942292
交通大厦,交通大厦,交通大厦,BV11689917,113.366454,22.941378
交通大厦东,交通大厦东,交通大厦东,BV10251807,113.136515,23.039512
交通学院,交通学院,交通学院,BV09181064,113.653938,23.298133
交通运输局,交通运输局#1,交通运输局,BV11477194,113.578889,23.542777
交通运输局,交通运输局#2,交通运输局,BV11481321,113.82406,23.287944
交通驾培中心,交通驾培中心,交通驾培中心站,BV11346507,113.218901,23.462334
亨威公司,亨威公司,亨威公司,BV11367817,113.621821,23.16207
京师励耕学校,京师励耕学校,京师励耕学校,BV09219049,113.309441,22.805401
京师励耘学校,京师励耘学校,京师励耘学校,BV09219476,113.309297,22.80548
京广协同创新中心站,京广协同创新中心,京广协同创新中心站,BV09149587,113.521136,23.155499
京溪南方医院,京溪南方医院,京溪南方医院,BV11468837,113.320318,23.187345
京溪路,京溪路,京溪路,BV11506953,113.322211,23.185426
京溪路口,京溪路口,京溪路口,BV10019227,113.329552,23.185599
京珠高速桥底,京珠高速桥底,京珠高速桥底站,BV11403267,113.473986,22.904298
亭石北路口,亭石北路口,亭石北路口,BV11390149,113.213853,23.225414
亭石南路,亭石南路,亭石南路,BV10018308,113.200867,23.215176
亭石南路中,亭石南路中,亭石南路中,BV11284924,113.198681,23.213057
亭石南路北,亭石南路北,亭石南路北,BV11390063,113.20225,23.217739
亭石南路南,亭石南路南,亭石南路南,BV11390059,113.198498,23.208093
亭石南路口,亭石南路口,亭石南路口,BV11575574,113.2009,23.205289
亭角北站,亭角北,亭角北站,BV10015927,113.485891,22.801703
亭角南站,亭角南,亭角南站,BV10015928,113.487615,22.80075
亭角大桥,亭角大桥,亭角大桥,BV09077738,113.48077,22.782342
亭角大桥东站,亭角大桥东,亭角大桥东站,BV10017145,113.490315,22.796545
亭角村(进港大道)站,亭角村(进港大道),亭角村(进港大道)站,BV11206070,113.494033,22.799852
亭角村站,亭角村,亭角村站,BV10015929,113.490129,22.800961
亮星村,亮星村,亮星村,BV11119345,113.944694,23.403763
亲爱里站,亲爱里,亲爱里站,BV11432431,113.623063,23.341665
人保信息中心,人保信息中心,人保信息中心,BV10255825,113.142999,23.053167
人力资源和社会保障局,人力资源和社会保障局,人力资源和社会保障局,BV10017864,113.585102,23.541467
人和(恒充充电站)总站,人和(恒充充电站)总,人和(恒充充电站)总站,BV09293649,113.298461,23.320366
人和二中,人和二中,人和二中,BV11690338,113.266173,23.346109
人和北后东街口,人和北后东街口,人和北后东街口,BV11683720,113.296822,23.33737
人和华侨医院,人和华侨医院,人和华侨医院,BV11690334,113.287674,23.340706
人和华成路,人和华成路,人和华成路,BV10022663,113.290512,23.349107
人和华成路东,人和华成路东,人和华成路东,BV11541147,113.294385,23.351477
人和华成路中,人和华成路中,人和华成路中,BV11602141,113.29189,23.35142
人和华成路公园站(总站),人和华成路公园站(总站),人和华成路公园站(总站),BV09218823,113.290941,23.350102
人和华成路口,人和华成路口,人和华成路口,BV11401368,113.294819,23.350246
人和华成路西,人和华成路西,人和华成路西,BV11662463,113.289348,23.346543
人和华盛南路,人和华盛南路,人和华盛南路,BV10018979,113.278716,23.336724
人和华盛南路口,人和华盛南路口,人和华盛南路口,BV10333167,113.280117,23.333967
人和地铁站,人和地铁,人和地铁站,BV11413244,113.289685,23.338696
人和墟(万家福广场),人和墟(万家福广场),人和墟,BV11689355,113.293156,23.334781
人和墟(万家福广场),人和墟(万家福广场),人和墟2,BV09212864,113.290618,23.337892
人和墟(万家福广场),人和墟(万家福广场),人和墟(万家福广场),BV11365784,113.293156,23.334781
人和墟(万家福广场)总站,人和墟(万家福广场)总,人和墟(万家福广场)总站,BV11333202,113.293156,23.334781
人和墟总站,人和墟总,人和墟总站,BV10014381,113.289854,23.338523
人和墟总站(万家福广场),人和墟总站(万家福广场),人和墟总站(万家福广场),BV11333203,113.293156,23.334781
人和大街,人和大街,人和大街,BV11683722,113.294732,23.33434
人和市场,人和市场,人和市场,BV10621040,113.441691,23.603452
人和总站,人和总,人和总站,BV11648878,113.298468,23.320368
人和总站(东华村),人和总站(东华村),人和总站(东华村),BV11269591,113.278161,23.34143
人和新街,人和新街,人和新街,BV10018975,113.29371,23.333166
人和村,人和村,人和村,BV11683718,113.299748,23.345885
人和第六小学,人和第六小学,人和第六小学,BV11392390,113.306526,23.325337
人和聚贤街,人和聚贤街,人和聚贤街,BV11589194,113.290268,23.332931
人和聚贤街东,人和聚贤街东,人和聚贤街东,BV11273136,113.292361,23.331373
人和聚贤街西,人和聚贤街西,人和聚贤街西,BV11273135,113.286653,23.335617
人和车站,人和车,人和车站,BV10022737,113.295011,23.332392
人和鹤龙七路总站,人和鹤龙七路总,人和鹤龙七路总站,BV09375780,113.285715,23.34357
人民中路,人民中路,人民中路,BV10016158,113.248213,23.124705
人民公园东,人民公园东,人民公园东,BV10017267,113.216876,23.410172
人民公园南门,人民公园南门,人民公园南门,BV11482780,113.21501,23.408247
人民北路,人民北路,人民北路,BV09002684,113.249552,23.132666
人民北路(站南路口),人民北路(站南路口),人民北路(站南路口),BV11091379,113.251792,23.147818
人民医院,人民医院,人民医院,BV11455884,113.837147,23.28644
人民医院新院,人民医院新院,人民医院新院,BV11591012,113.223139,23.426894
人民南路,人民南路,人民南路,BV11688400,113.248464,23.113602
人民南路,人民南路,人民南路1,BV09319719,113.248427,23.113187
人民广场(图书馆)站,人民广场(图书馆),人民广场(图书馆)站,BV11438903,113.53119,22.800784
人民日报广东分社,人民日报广东分社,人民日报广东分社,BV11688536,113.319263,23.129905
人民日报广东分社,人民日报广东分社,人民日报广东分社站2,BV09313214,113.317631,23.130272
人民村站,人民村,人民村站,BV10020146,113.337475,22.854682
人民英雄纪念碑,人民英雄纪念碑,人民英雄纪念碑,BV09262062,113.583302,23.553274
人民路口站,人民路口,人民路口站,BV10405470,113.379934,22.783632
人爱医院(龙珠路),人爱医院(龙珠路),人爱医院,BV11494118,113.199745,23.399391
人爱医院(龙珠路),人爱医院(龙珠路),人爱医院(龙珠路),BV10915701,113.200781,23.400128
人社局,人社局,人社局,BV11619929,113.58516,23.541499
亿源机电,亿源机电,亿源机电站,BV09302152,113.385603,22.787996
仁厚直街,仁厚直街,仁厚直街,BV10022779,113.238446,23.090332
仁威庙,仁威庙,仁威庙,BV10021842,113.230972,23.127115
今洲广场站,今洲广场,今洲广场站,BV10015866,113.539913,22.803433
从化中学,从化中学,从化中学,BV10924064,113.568909,23.550475
从化二中,从化二中,从化二中,BV10022836,113.574791,23.554682
从化五中,从化五中,从化五中,BV10017876,113.552814,23.564772
从化交通运输局,从化交通运输局,从化交通运输局,BV11286172,113.57885,23.543033
从化供电局,从化供电局,从化供电局,BV11456547,113.582904,23.548503
从化博物馆,从化博物馆,从化博物馆,BV11228252,113.587776,23.550949
从化大桥(向阳大车),从化大桥(向阳大车),从化大桥(向阳大车)站,BV11471222,113.596061,23.554885
从化婚姻登记处,从化婚姻登记处,从化婚姻登记处,BV09279458,113.632793,23.629469
从化客运站地铁站,从化客运站地铁,从化客运站地铁站1,BV09223056,113.589479,23.534393
从化救助管理站,从化救助管理,从化救助管理站,BV11258168,113.57073,23.576847
从化汽车站,从化汽车,从化汽车站,BV10451069,113.593498,23.530602
从化汽车站,从化汽车,从化汽车站2,BV09223054,113.59379,23.530087
从化汽车站总站,从化汽车站总,从化汽车站总站,BV10014777,113.593886,23.530324
从化监狱,从化监狱,从化监狱站,BV11491340,113.394649,23.608421
从化职校,从化职校,从化职校,BV10017875,113.560131,23.561547
从樟一路路口,从樟一路路口,从樟一路路口,BV11578755,113.604539,23.536567
仑头,仑头,仑头,BV09224391,113.365865,23.078388
仑头公园,仑头公园,仑头公园,BV09224390,113.372851,23.078851
仑头总站,仑头总,仑头总站,BV10796283,113.365884,23.078134
仑头村,仑头村,仑头村,BV10019621,113.366927,23.082632
仑头村委会,仑头村委会,仑头村委会,BV10013667,113.369424,23.081436
仑头立交,仑头立交,仑头立交,BV10019616,113.365553,23.079336
仑头路口,仑头路口,仑头路口,BV10013857,113.369023,23.082543
仓边路,仓边路,仓边路2,BV09357063,113.266888,23.129973
仓边路,仓边路,仓边路1,BV09317752,113.267203,23.129599
仓边路,仓边路,仓边路,BV10013930,113.2671,23.129751
仙人岭,仙人岭,仙人岭,BV10505200,113.030963,23.134541
仙塘村,仙塘村,仙塘村,BV10024214,113.806175,23.202445
仙塘路口站,仙塘路口,仙塘路口站,BV09096920,113.04738,22.874156
仙娘溪,仙娘溪,仙娘溪,BV11018301,113.771739,23.838667
仙宁路口,仙宁路口,仙宁路口,BV10015427,113.695058,23.181664
仙岭村,仙岭村,仙岭村,BV10023059,113.463847,23.021469
仙师宫,仙师宫,仙师宫,BV11564455,113.291006,23.258929
仙村一路南,仙村一路南,仙村一路南,BV09311035,113.714162,23.166868
仙村中学,仙村中学,仙村中学,BV10015380,113.712018,23.186748
仙村公交总站,仙村公交总,仙村公交总站,BV11258767,113.71416,23.166856
仙村大道北,仙村大道北,仙村大道北,BV09136865,113.710882,23.191884
仙村市场,仙村市场,仙村市场站,BV09274992,113.713383,23.170196
仙村路口,仙村路口,仙村路口,BV11690284,113.712041,23.193797
仙村车站,仙村车,仙村车站,BV10016064,113.710664,23.168448
仙村铁路桥底,仙村铁路桥底,仙村铁路桥底,BV09348752,113.704754,23.175272
仙村镇政府,仙村镇政府,仙村镇政府,BV11007319,113.713169,23.180403
仙桂村,仙桂村,仙桂村,BV10014898,113.809249,23.397084
仙溪,仙溪,仙溪,BV10252246,113.04487,23.13363
仙溪路口,仙溪路口,仙溪路口,BV11018289,113.81262,23.860078
仲元中学,仲元中学,仲元中学,BV10015082,113.356728,22.936142
仲恺农业工程学院,仲恺农业工程学院,仲恺农业工程学院,BV10021297,113.440226,23.376106
仲恺农业工程学院北门,仲恺农业工程学院北门,仲恺农业工程学院北门,BV10022724,113.442327,23.371914
仲恺路,仲恺路,仲恺路,BV10019498,113.2767,23.107196
份田,份田,份田,BV10945045,113.937385,23.846459
企岗村,企岗村,企岗村,BV10252427,113.088621,23.165266
伍仙桥,伍仙桥,伍仙桥,BV10014371,113.311798,23.168332
会元学校,会元学校,会元学校,BV10912697,113.534495,23.332708
会展东路,会展东路,会展东路,BV11416603,113.363333,23.105373
会展中心北,会展中心北,会展中心北站,BV10022806,113.361935,23.106569
会展中心码头,会展中心码头,会展中心码头站,BV10022807,113.357102,23.106707
会展公园,会展公园,会展公园站,BV10022809,113.347596,23.10742
会江地铁站,会江地铁,会江地铁站,BV09412967,113.281292,23.014926
会江学校,会江学校,会江学校,BV10023214,113.285798,23.010889
会江村,会江村,会江村,BV11454966,113.2925,23.012833
会江村委,会江村委,会江村委,BV09185771,113.288591,23.012537
伟伦体校,伟伦体校,伟伦体校,BV09000472,113.350694,23.169951
伯奇桥,伯奇桥,伯奇桥,BV10256198,113.18319,23.139556
伴河路,伴河路,伴河路,BV10017526,113.506461,23.155
伴河路(瑞祥路口),伴河路(瑞祥路口),伴河路(瑞祥路口),BV11483405,113.509016,23.148745
低涌总站,低涌总,低涌总站,BV10020066,113.473248,22.920574
低涌村委,低涌村委,低涌村委,BV10020065,113.471203,22.921939
低碳园总部,低碳园总部,低碳园总部,BV11092636,113.823378,23.236381
低碳总部园,低碳总部园,低碳总部园,BV11478947,113.823306,23.237296
低空经济创新中心,低空经济创新中心,低空经济创新中心,BV09400277,113.482051,23.180137
体育东路,体育东路,体育东路站,BV10015220,113.322933,23.133171
体育中心,体育中心,体育中心,BV11688545,113.318554,23.13606
体育中心,体育中心,体育中心,BV11688435,113.31858,23.136377
体育中心,体育中心,体育中心1,BV09375065,113.318596,23.13606
体育中心,体育中心,体育中心1,BV09226128,113.318667,23.136057
体育中心,体育中心,体育中心(停西行),BV09323474,113.318648,23.136375
体育中心,体育中心,体育中心(西行),BV09337037,113.317492,23.13642
体育中心,体育中心,体育中心(东行),BV11420870,113.320167,23.135813
体育中心,体育中心,BRT体育中心S1,BV09339531,113.317212,23.136127
体育中心东门,体育中心东门#1,体育中心东门1,BV09226124,113.323076,23.138601
体育中心东门,体育中心东门#1,体育中心东门,BV11678026,113.32308,23.138813
体育中心东门,体育中心东门#1,体育中心东门2,BV09219091,113.323079,23.139528
体育中心东门,体育中心东门#2,体育中心东门,BV11346373,113.217654,23.387203
体育中心总站,体育中心总,体育中心总站,BV10018645,113.319992,23.136304
体育中心总站,体育中心总,体育中心总站,BV09354795,113.318554,23.13606
体育公园,体育公园,体育公园,BV11688072,113.364974,22.966296
体育花园,体育花园,体育花园站,BV10713659,113.268955,23.186155
体育西横街路口,体育西横街路口,体育西横街路口,BV10021732,113.316097,23.131369
体育西路,体育西路,体育西路,BV11631519,113.316093,23.142332
体育西路南,体育西路南,体育西路南,BV10021677,113.315991,23.134185
体育路,体育路,体育路,BV11651987,113.213863,23.385594
体育路东,体育路东,体育路东,BV09105487,113.217368,23.385792
体育路口,体育路口,体育路口,BV10262162,113.73829,23.023785
体育馆,体育馆,体育馆,BV10387923,113.840166,23.292892
何仙姑,何仙姑,何仙姑站,BV09192238,113.82845,23.38749
何大塘村,何大塘村,何大塘村,BV11118926,113.797804,23.525186
何家庄,何家庄,何家庄,BV10462388,113.216573,23.454702
何屋村,何屋村,何屋村,BV09244733,113.424907,23.200106
何布村,何布村,何布村,BV11484163,113.215485,23.28594
何布村工业区,何布村工业区,何布村工业区,BV11484179,113.214355,23.290031
何排村,何排村,何排村,BV10327027,113.411425,23.265051
何贤医院(清河东路),何贤医院(清河东路),何贤医院(清河东路),BV10019883,113.367716,22.937698
何贤医院(环城东路),何贤医院(环城东路),何贤医院(环城东路),BV10023294,113.36632,22.935646
余荫山房总站,余荫山房总,余荫山房总站,BV10019910,113.390544,23.014385
佛公路(九龙大道口),佛公路(九龙大道口),佛公路(九龙大道口),BV11575187,113.481523,23.400176
佛塱山贝,佛塱山贝,佛塱山贝,BV10810830,113.541852,23.360807
佛塱村委,佛塱村委,佛塱村委,BV10555845,113.527835,23.370941
佛子庄,佛子庄,佛子庄,BV11522014,113.574388,23.329383
佛山乐城站,佛山乐城,佛山乐城站,BV11208310,113.093697,23.065606
佛山大学南海仙溪校区南门,佛山大学南海仙溪校区南门,佛山大学南海仙溪校区南门,BV09406818,113.054062,23.133236
佛山大学站,佛山大学,佛山大学站,BV09294083,113.094325,23.02317
佛山大桥(乐安),佛山大桥(乐安),佛山大桥(乐安),BV10251710,113.097406,23.060746
佛山家博城,佛山家博城,佛山家博城,BV09237238,113.0946,22.987862
佛山市第五人民医院,佛山市第五人民医院,佛山市第五人民医院,BV10450600,112.989853,22.948609
佛山模具城,佛山模具城,佛山模具城,BV11630307,113.15778,23.157791
佛山西站,佛山西,佛山西站,BV09244985,113.030437,23.081286
佛岗村,佛岗村,佛岗村,BV11209358,113.516567,23.479505
佛岗村委,佛岗村委,佛岗村委,BV11332852,113.514437,23.478404
佛岗村委(八号仓东)站,佛岗村委(八号仓东),佛岗村委(八号仓东)站,BV09303681,113.516194,23.479311
佛平桂澜路口站,佛平桂澜路口,佛平桂澜路口站,BV11175925,113.151691,23.041017
佛平路口,佛平路口,佛平路口,BV10251704,113.119811,23.037803
佛田路口,佛田路口,佛田路口,BV10870542,113.498759,23.349387
佛陈路农贸市场,佛陈路农贸市场,佛陈路农贸市场,BV09000805,113.224823,22.955575
佛陈路大都村口站,佛陈路大都村口,佛陈路大都村口站,BV10251982,113.164216,22.974231
佳仕达工业园总站,佳仕达工业园总,佳仕达工业园总站,BV10487850,113.138947,23.38897
佳兆业凤鸣山,佳兆业凤鸣山,佳兆业凤鸣山,BV11690103,113.487225,22.822613
供电大厦,供电大厦,供电大厦,BV10629690,112.891425,23.166208
供电局,供电局,供电局,BV11492618,113.582529,23.548803
供电局,供电局,供电局1,BV09392864,113.582529,23.548803
依岸康堤花园,依岸康堤花园,依岸康堤花园,BV10252175,113.170931,23.032717
侨乐新村,侨乐新村,侨乐新村,BV10016560,113.318378,23.166385
侨威,侨威,侨威,BV10020806,113.84196,23.278452
侨宏花园,侨宏花园,侨宏花园,BV11503825,113.636501,23.639601
侨港路口,侨港路口,侨港路口,BV10381740,113.283755,23.072673
侨诚花园总站,侨诚花园总,侨诚花园总站,BV10019079,113.285383,23.072297
保丰围,保丰围,保丰围站,BV10015938,113.537325,22.655089
保丰路,保丰路,保丰路,BV10915450,113.242532,23.034142
保利一号公馆,保利一号公馆,保利一号公馆,BV11092637,113.811251,23.265492
保利亚奥北苑(黄山路),保利亚奥北苑(黄山路),保利亚奥北苑,BV10424941,113.486097,22.969627
保利亚奥北苑(黄山路),保利亚奥北苑(黄山路),保利亚奥北苑(黄山路),BV11421981,113.483972,22.968541
保利亚奥南苑,保利亚奥南苑,保利亚奥南苑,BV11141659,113.485709,22.965639
保利城,保利城,保利城,BV11581336,113.157286,23.379767
保利城南怡湾,保利城南怡湾,保利城南怡湾,BV09412958,113.483291,22.827476
保利天悦,保利天悦,保利天悦,BV11662491,113.374953,23.107006
保利心语花园,保利心语花园,保利心语花园,BV11474165,113.242152,23.038562
保利时代,保利时代,保利时代,BV09376472,113.624141,23.572909
保利星海小镇站,保利星海小镇,保利星海小镇站,BV10840523,113.347779,22.838265
保利爱特城总站,保利爱特城总,保利爱特城总站,BV11284655,113.54173,23.146691
保利紫云,保利紫云,保利紫云,BV11637814,113.24678,23.19249
保利红棉花园,保利红棉花园,保利红棉花园,BV10016107,113.270207,23.07816
保利花园(南石头),保利花园(南石头),保利花园(南石头),BV10021897,113.268794,23.076213
保利香逸花园,保利香逸花园,保利香逸花园,BV10668285,113.356037,22.915579
保盈大道东,保盈大道东,保盈大道东,BV09223987,113.528334,23.077978
保盈大道站,保盈大道,保盈大道站,BV09269180,113.520875,23.076313
保盈大道站,保盈大道,保盈大道(北行),BV09344028,113.521182,23.076435
保盈大道站,保盈大道,保盈大道(南行),BV09344024,113.520951,23.076121
保盈大道西,保盈大道西,保盈大道西,BV09223985,113.523862,23.077996
保税区(酒博城)总站,保税区(酒博城)总,保税区(酒博城)总站,BV09385630,113.536679,23.077297
保税区南门,保税区南门,保税区南门,BV10022081,113.528291,23.068226
保税区总站,保税区总,保税区总站,BV10022078,113.536674,23.077159
保良村,保良村,保良村,BV11497171,113.358975,23.422034
信华路口,信华路口,信华路口,BV10021522,113.476998,23.096139
信合大厦,信合大厦,信合大厦,BV10420433,113.203283,22.919858
信和广场(昌岗中路),信和广场(昌岗中路),信和广场(昌岗中路)2,BV09226101,113.267586,23.090184
信和广场(昌岗中路),信和广场(昌岗中路),信和广场(昌岗中路),BV10014647,113.269719,23.091951
信息职业学校,信息职业学校,信息职业学校,BV09323256,113.68715,23.297196
信达珺悦蓝庭,信达珺悦蓝庭,信达珺悦蓝庭,BV09241595,113.106384,23.338669
倚绿山庄,倚绿山庄,倚绿山庄,BV10022684,113.317471,23.205748
倚莲半岛,倚莲半岛,倚莲半岛,BV09280589,113.487643,23.001394
假日半岛幼儿园,假日半岛幼儿园,假日半岛幼儿园,BV10939055,113.055108,23.48046
健乐医院,健乐医院,健乐医院,BV11540990,113.227214,23.204508
健康港总站,健康港总,健康港总站,BV11583222,113.256908,23.061027
健明六路,健明六路,健明六路,BV09182648,113.384014,23.142268
傍新路口,傍新路口,傍新路口,BV10023353,113.406616,22.949861
傍江东村,傍江东村,傍江东村,BV10023352,113.403648,22.947946
傍江西村,傍江西村,傍江西村,BV11469169,113.400057,22.94648
傍西医院,傍西医院,傍西医院,BV10023207,113.396267,22.947062
傍雁路(亚运大道路口),傍雁路(亚运大道路口),傍雁路,BV11117854,113.406337,22.940469
傍雁路(亚运大道路口),傍雁路(亚运大道路口),傍雁路(亚运大道路口),BV09329721,113.406186,22.940318
傍雁路中站,傍雁路中,傍雁路中站,BV09200221,113.405198,22.942825
傍雁路临时公交总站,傍雁路临时公交总,傍雁路临时公交总站,BV11151539,113.403995,22.945426
储运公司,储运公司,储运公司站,BV10714274,113.51212,23.101957
儿童公园,儿童公园#1,儿童公园,BV09374437,113.602586,23.563599
儿童公园,儿童公园#2,儿童公园,BV11118547,113.81765,23.29178
儿童公园,儿童公园#3,儿童公园,BV11195830,113.362139,22.968413
儿童公园南门,儿童公园南门,儿童公园南门,BV10597691,113.3603,22.957337
儿童公园总站,儿童公园总,儿童公园总站,BV10454909,113.362282,22.968377
允塘,允塘,允塘,BV11352948,113.348668,23.574593
元下田,元下田,元下田,BV11687852,113.290509,23.219935
元下田,元下田,元下田(停北行),BV09072536,113.28981,23.218821
元下田,元下田,元下田2,BV09161363,113.290509,23.219935
元下田三路口,元下田三路口,元下田三路口,BV10018998,113.29439,23.21921
元下田南路口,元下田南路口,元下田南路口,BV10018999,113.293198,23.217497
元下田村,元下田村,元下田村,BV11478464,113.295239,23.220195
元岗市场,元岗市场,元岗市场,BV10252425,113.078743,23.184641
元岗总站,元岗总,元岗总站,BV11175687,113.330458,23.176938
元岗村,元岗村#1,元岗村,BV10016358,113.336634,23.178327
元岗村,元岗村#2,元岗村,BV11463930,113.831234,23.194555
元岗横路,元岗横路,元岗横路,BV11688463,113.329985,23.181381
元岗横路(景晖苑),元岗横路(景晖苑),元岗横路(景晖苑),BV09017264,113.332252,23.179125
元岗横路东,元岗横路东,元岗横路东,BV10019397,113.337721,23.173953
元岗横路中,元岗横路中,元岗横路中,BV10021464,113.334251,23.177196
元岗路(元辉街口),元岗路(元辉街口),元岗路(元辉街口),BV11447220,113.330133,23.179814
元岗路(南兴花园),元岗路(南兴花园),元岗路,BV10016357,113.332425,23.180361
元岗路(南兴花园),元岗路(南兴花园),元岗路(南兴花园),BV11607313,113.332208,23.180435
元新街,元新街,元新街,BV11175207,113.388131,23.19896
元杰纪念公园,元杰纪念公园,元杰纪念公园,BV11600167,113.294495,23.253352
元汾村,元汾村,元汾村,BV11138640,113.648212,23.451248
元洲,元洲,元洲,BV10515326,113.613296,23.081905
元洲岗,元洲岗,元洲岗,BV10020880,113.542944,23.497467
元洲村,元洲村,元洲村,BV10024134,113.793308,23.168758
元美村,元美村,元美村,BV11463934,113.816898,23.194475
元贝桥站,元贝桥,元贝桥站,BV11476541,113.490067,23.19055
元贝站,元贝,元贝站,BV09320715,113.487624,23.189263
兆丰路,兆丰路,兆丰路,BV10019319,113.225343,23.208229
先烈南路,先烈南路,先烈南路,BV10016425,113.285175,23.134529
先烈南路口,先烈南路口,先烈南路口,BV09187178,113.282028,23.133301
先烈南路总站,先烈南路总,先烈南路总站,BV11609613,113.284072,23.134221
先科一路,先科一路,先科一路,BV11568714,113.356949,23.447057
光塔路,光塔路,光塔路,BV10018606,113.253055,23.125542
光塔路总站,光塔路总,光塔路总站,BV10022303,113.254805,23.125146
光大花园,光大花园,光大花园,BV10015261,113.249546,23.089418
光宝路,光宝路,光宝路,BV09355568,113.414008,23.164684
光宝路口,光宝路口,光宝路口,BV11467014,113.415505,23.161197
光导纤维厂,光导纤维厂,光导纤维厂,BV11415301,113.601502,23.550263
光明冯坎头,光明冯坎头,光明冯坎头,BV11175008,113.404177,23.338847
光明北路,光明北路,光明北路,BV10016805,113.356145,22.948576
光明南路,光明南路,光明南路,BV10019886,113.356637,22.941669
光明大窿路口,光明大窿路口,光明大窿路口,BV11182887,113.419681,23.335006
光明村,光明村,光明村,BV10389053,113.410483,23.337501
光明路,光明路,光明路,BV11630889,113.828351,23.28912
光明车站,光明车,光明车站,BV10016271,113.82232,23.290605
光耀村,光耀村,光耀村,BV10014879,113.850288,23.353954
光谱东路(新乐路口),光谱东路(新乐路口),光谱东路,BV10017537,113.463586,23.158664
光谱东路(新乐路口),光谱东路(新乐路口),光谱东路(新乐路口),BV11497597,113.461517,23.159101
光谱中路,光谱中路,光谱中路,BV10017534,113.435869,23.162098
光谱中路(创新路口),光谱中路(创新路口),光谱中路(创新路口),BV11467006,113.448163,23.161096
光谱中路东,光谱中路东,光谱中路东,BV10017535,113.445057,23.161501
光谱西路,光谱西路,光谱西路,BV11467019,113.420539,23.161911
光谱西路(神舟路路口),光谱西路(神舟路路口),光谱西路(神舟路路口),BV11467032,113.426039,23.16218
光谱西路中,光谱西路中,光谱西路中,BV11467035,113.422616,23.162064
光辉建材家具城东,光辉建材家具城东,光辉建材家具城东站,BV11689663,113.601545,23.128575
光辉村,光辉村,光辉村,BV09236189,113.843015,23.307231
克山,克山,克山1,BV09377937,113.239918,23.147106
克山,克山,克山,BV11102072,113.239197,23.146655
克山,克山,克山2,BV09010643,113.239185,23.146648
党校路口,党校路口,党校路口站,BV11687882,113.378253,22.942369
全球通,全球通,全球通,BV10015360,113.819956,23.29198
全盛花园,全盛花园,全盛花园,BV10262681,113.670044,23.070686
八哥村,八哥村,八哥村,BV11486243,113.442093,23.221504
八坊天桥,八坊天桥,八坊天桥,BV10253214,113.259484,22.825148
八坜布经济社,八坜布经济社,八坜布经济社,BV10019404,113.179496,23.461178
八斗村,八斗村,八斗村,BV10017637,113.432584,23.262589
八斗村总站,八斗村总,八斗村总站,BV10847082,113.431246,23.261676
八斗立交北,八斗立交北,八斗立交北,BV11329034,113.42964,23.254973
八涌站,八涌,八涌站,BV11421613,113.557949,22.689057
八达岭,八达岭,八达岭,BV10016084,113.618155,23.128107
八顷桥(临时),八顷桥(临时),八顷桥(临时),BV09308330,113.560404,22.629544
公园前,公园前,公园前,BV11688433,113.260165,23.131014
公园路,公园路,公园路,BV09047426,113.220644,23.213261
公安基地,公安基地,公安基地,BV10942756,113.321193,22.914222
公安局,公安局,公安局,BV10442002,113.247319,22.827927
公安村,公安村,公安村站,BV10856386,113.597231,23.208371
公安车管所,公安车管所,公安车管所,BV10894064,113.753287,23.282957
公汽公司,公汽公司,公汽公司,BV11362214,113.82641,23.304479
公用事业技校,公用事业技校,公用事业技校,BV10019231,113.342891,23.233929
公用技师学院,公用技师学院,公用技师学院,BV09323259,113.649165,23.308734
公益市场,公益市场,公益市场,BV10812556,113.206808,23.406558
公路局,公路局,公路局,BV11406671,113.826732,23.294529
公路局南城分局,公路局南城分局,公路局南城分局,BV10015076,113.367368,22.959
六二三路,六二三路,六二三路,BV11688352,113.239726,23.111343
六二三路,六二三路,六二三路2,BV09355408,113.240376,23.111336
六二三路,六二三路,六二三路站1,BV09360104,113.242222,23.111376
六二社,六二社,六二社,BV11369788,113.481799,23.545636
六榕路,六榕路,六榕路,BV10019583,113.255149,23.12877
兰桂街,兰桂街,兰桂街,BV11271130,113.341271,23.349911
兰溪村,兰溪村,兰溪村,BV11119385,113.948251,23.367593
兰溪路口(招呼站),兰溪路口(招呼站),兰溪路口,BV10021544,113.884356,23.404018
兰溪路口(招呼站),兰溪路口(招呼站),兰溪路口(招呼站),BV11409769,113.884303,23.404058
共和路,共和路,共和路,BV11404623,113.187769,23.129124
共和路口,共和路口,共和路口,BV10437703,113.185286,23.129483
共星市场,共星市场,共星市场,BV11332856,113.512932,23.475743
共星村委,共星村委,共星村委,BV11332849,113.528382,23.460282
共星村文化中心,共星村文化中心,共星村文化中心,BV11332850,113.528557,23.45807
共青路口,共青路口,共青路口,BV09123702,113.715817,23.705095
关帝岗,关帝岗,关帝岗,BV10023169,113.300923,23.0261
关村,关村,关村,BV11377448,113.719702,23.380546
兴业大道东,兴业大道东,兴业大道东,BV11608899,113.435664,23.043476
兴业大道中,兴业大道中,兴业大道中,BV10023410,113.39027,23.006702
兴业大道西,兴业大道西#1,兴业大道西,BV11540455,113.282494,22.982904
兴业大道西,兴业大道西#2,兴业大道西,BV10419712,113.340243,22.991197
兴业大道西,兴业大道西#2,兴业大道西(西行),BV11609233,113.340243,22.991197
兴业大道西,兴业大道西#2,兴业大道西(东行),BV11609235,113.340606,22.991119
兴业新村,兴业新村,兴业新村,BV09253008,113.134574,23.064378
兴业路口,兴业路口#1,兴业路口,BV11171493,113.348245,22.994078
兴业路口,兴业路口#2,兴业路口,BV09080656,113.53895,23.04673
兴东路,兴东路,兴东路,BV10014498,113.209979,23.110763
兴丰村总站,兴丰村总,兴丰村总站,BV10019524,113.481443,23.271925
兴仁汽车站,兴仁汽车,兴仁汽车站,BV10352271,112.998314,23.473803
兴华路,兴华路,兴华路,BV09164364,113.316525,23.161392
兴华路口,兴华路口,兴华路口,BV10017237,113.312158,23.164794
兴南大道(南草堂),兴南大道(南草堂),兴南大道站,BV09201144,113.372313,23.012409
兴南大道(南草堂),兴南大道(南草堂),兴南大道(南草堂),BV09303448,113.372349,23.012407
兴发市场,兴发市场,兴发市场,BV09227219,113.825366,23.285395
兴和市场,兴和市场,兴和市场,BV11480864,113.345087,23.298095
兴唐路口,兴唐路口,兴唐路口,BV10741025,112.909316,23.444033
兴园南路中,兴园南路中,兴园南路中,BV09176954,113.540033,23.5938
兴园南路北,兴园南路北,兴园南路北,BV09176955,113.538512,23.597369
兴园南路南,兴园南路南,兴园南路南,BV09176956,113.5405,23.584786
兴国路,兴国路,兴国路,BV10830708,113.325303,23.120184
兴太一路东,兴太一路东,兴太一路东站,BV11400777,113.369873,23.288122
兴太三路,兴太三路,兴太三路,BV10017638,113.445209,23.26195
兴太三路口,兴太三路口,兴太三路口,BV10019525,113.427436,23.262496
兴民路(天汇广场)总站,兴民路(天汇广场)总,兴民路(天汇广场)总站,BV09408342,113.326337,23.119332
兴民路总站,兴民路总,兴民路总站,BV10828446,113.326754,23.119354
兴泰路,兴泰路,兴泰路,BV10017959,113.2605,23.166086
兴渔路,兴渔路,兴渔路,BV10811384,113.221408,23.060483
兴盛路口,兴盛路口,兴盛路口,BV10988163,113.328062,23.123751
兴科路,兴科路,兴科路,BV09065514,113.353579,23.174758
兴联村,兴联村,兴联村,BV10256251,113.199528,23.131011
兴裕大道临时公交总站,兴裕大道临时公交总,兴裕大道临时公交总站,BV11358055,113.475722,22.941303
兴贤牌坊,兴贤牌坊,兴贤牌坊,BV10252242,113.070593,23.129818
兴隆东路口,兴隆东路口,兴隆东路口,BV10018031,113.206214,23.204518
兴隆中路,兴隆中路,兴隆中路,BV11575575,113.204966,23.204153
兴龙一新村,兴龙一新村,兴龙一新村,BV10256191,113.203274,23.13685
兴龙大道,兴龙大道,兴龙大道,BV11206243,113.577743,23.274045
兴龙大道(迳头三社),兴龙大道(迳头三社),兴龙大道(迳头三社),BV11483390,113.570059,23.271825
兵种训练营,兵种训练营,兵种训练营,BV09347411,113.140283,23.390033
其岭,其岭,其岭,BV09292566,113.49477,23.662004
内环东路,内环东路,内环东路,BV10022005,113.394428,23.053179
内环西路,内环西路,内环西路,BV11597697,113.382856,23.052494
军体院,军体院,军体院,BV11589193,113.31087,23.155046
军桥,军桥,军桥,BV10251702,113.127458,23.038992
军桥东,军桥东,军桥东,BV10251712,113.130098,23.039087
军民路,军民路,军民路,BV11641995,113.342987,23.281163
军田,军田,军田,BV10015490,113.134326,23.458376
农产品生产基地,农产品生产基地,农产品生产基地,BV11352968,113.414711,23.601581
农垦总局,农垦总局,农垦总局,BV11519165,113.328117,23.155692
农工商,农工商,农工商,BV11366574,113.606864,23.284502
农机汽车城,农机汽车城,农机汽车城,BV10017316,113.188753,23.384729
农机站,农机,农机站,BV10405845,113.508112,22.930478
农林下路,农林下路,农林下路,BV11688431,113.291005,23.129983
农林东,农林东,农林东站,BV11688478,113.293846,23.12744
农林东,农林东,农林东2,BV09172267,113.292557,23.127404
农校南门,农校南门,农校南门,BV10023247,113.361332,22.924612
农校职中,农校职中,农校职中,BV11688142,113.36255,22.92652
农科院,农科院,农科院,BV11689859,113.346009,23.147286
农科院兽医研究所,农科院兽医研究所,农科院兽医研究所,BV10017910,113.354967,23.150338
农讲所,农讲所,农讲所站,BV11688432,113.269465,23.12919
农讲所,农讲所,农讲所1,BV09201207,113.270338,23.129331
农讲所,农讲所,农讲所2,BV09185490,113.269289,23.129254
农讲所总站,农讲所总,农讲所总站,BV09187507,113.269825,23.129818
冯安围,冯安围,冯安围站,BV10803819,113.499703,22.738188
冯村,冯村#1,冯村,BV10015493,113.63936,23.235086
冯村,冯村#2,冯村,BV10509684,113.118905,23.448357
冯村中学,冯村中学,冯村中学,BV10786052,113.127416,23.456843
冯村市场,冯村市场,冯村市场,BV10492541,113.123701,23.455454
冯村村委,冯村村委#1,冯村村委,BV10024311,113.641734,23.233084
冯村村委,冯村村委#2,冯村村委,BV11379199,113.120904,23.452401
冯马一村八队站,冯马一村八队,冯马一村八队站,BV10015887,113.483875,22.719844
冯马一村总站,冯马一村总,冯马一村总站,BV10015888,113.481632,22.721759
冯马一村站,冯马一村,冯马一村站,BV09250342,113.491576,22.715878
冯马三村站,冯马三村,冯马三村站,BV09255214,113.496005,22.712004
冯马二村委,冯马二村委,冯马二村委,BV09358642,113.494775,22.727788
冯马二村站,冯马二村,冯马二村站,BV10803827,113.492907,22.731946
冯马学校站,冯马学校,冯马学校站,BV10015886,113.487295,22.717368
冲口,冲口,冲口,BV10022864,113.644546,23.62768
冲岭路口,冲岭路口,冲岭路口,BV11152753,113.651795,23.785323
冶金技校,冶金技校,冶金技校,BV11688457,113.257269,23.223737
冼庄立交,冼庄立交,冼庄立交,BV09000770,113.35209,22.984744
冼庄立交,冼庄立交,冼庄立交站(北行),BV11131618,113.35209,22.984744
冼庄立交,冼庄立交,冼庄立交站(南行),BV11131616,113.350986,22.984883
冼村,冼村,冼村3,BV09262063,113.323996,23.129907
冼村,冼村,冼村,BV11086798,113.325024,23.129485
冼村,冼村,冼村2,BV09323877,113.324004,23.129554
冼村路中,冼村路中,冼村路中,BV11688336,113.322614,23.122917
冼村路北,冼村路北,冼村路北,BV10015708,113.322503,23.128477
冼村路南,冼村路南,冼村路南,BV10021733,113.322364,23.118921
凌塘新村,凌塘新村,凌塘新村,BV10017497,113.395853,23.165289
凌塘村,凌塘村,凌塘村站1,BV09081166,113.393093,23.169732
凌塘村,凌塘村,凌塘村站2,BV09324145,113.39294,23.169861
凌塘村,凌塘村,凌塘村1,BV11341513,113.394203,23.170156
凌塘村,凌塘村,凌塘村,BV11689183,113.395462,23.170118
凌塘村总站,凌塘村总,凌塘村总站,BV10019604,113.393862,23.16981
凌环南路,凌环南路,凌环南路,BV10019982,113.429816,22.981544
凌环西路(凌边村),凌环西路(凌边村),凌环西路(凌边村),BV10019980,113.424545,22.994563
凌边工业区,凌边工业区,凌边工业区,BV10019983,113.425595,22.977834
凌边村,凌边村,凌边村,BV10019981,113.428151,22.987478
凤凰一横路,凤凰一横路,凤凰一横路,BV10425399,113.490886,23.391131
凤凰三横路南,凤凰三横路南,凤凰三横路南,BV11059693,113.494919,23.387223
凤凰三路,凤凰三路,凤凰三路,BV11371740,113.493416,23.395829
凤凰下街,凤凰下街,凤凰下街,BV10555848,113.517531,23.357629
凤凰中学,凤凰中学,凤凰中学,BV11175206,113.386979,23.202301
凤凰五路,凤凰五路,凤凰五路,BV09112243,113.50791,23.387381
凤凰五路(粤芯路口),凤凰五路(粤芯路口),凤凰五路(粤芯路口),BV09394736,113.503873,23.385083
凤凰五路中,凤凰五路中,凤凰五路中,BV11480925,113.50002,23.383902
凤凰公司,凤凰公司,凤凰公司站,BV09002136,113.380338,23.2112
凤凰南路,凤凰南路,凤凰南路,BV10524264,113.234741,23.359443
凤凰古围,凤凰古围,凤凰古围,BV11578762,113.664386,23.513831
凤凰四路东,凤凰四路东,凤凰四路东,BV11488904,113.492306,23.388313
凤凰城,凤凰城,凤凰城,BV09046615,113.583395,23.140006
凤凰城东门商业街,凤凰城东门商业街,凤凰城东门商业街,BV11255717,113.583457,23.1401
凤凰城五环岛,凤凰城五环岛,凤凰城五环岛,BV11222412,113.581176,23.159648
凤凰城交通中心,凤凰城交通中心,凤凰城交通中心,BV11489753,113.571485,23.129903
凤凰城四环岛,凤凰城四环岛,凤凰城四环岛,BV11412491,113.580279,23.151984
凤凰城大道,凤凰城大道,凤凰城大道,BV10743263,113.569201,23.130662
凤凰城大道南,凤凰城大道南,凤凰城大道南,BV09295098,113.568986,23.130473
凤凰城总站,凤凰城总,凤凰城总站,BV11284683,113.594568,23.140925
凤凰城路口,凤凰城路口,凤凰城路口,BV11162260,113.567771,23.124082
凤凰大道(市南路口),凤凰大道(市南路口),凤凰大道(市南路口),BV09066536,113.523715,22.813565
凤凰实验小学,凤凰实验小学,凤凰实验小学,BV11276592,113.564445,23.158196
凤凰小学,凤凰小学,凤凰小学,BV11578766,113.66754,23.512683
凤凰山,凤凰山,凤凰山,BV10020789,113.83182,23.290708
凤凰岗,凤凰岗,凤凰岗,BV10014586,113.247742,23.098666
凤凰岗总站,凤凰岗总,凤凰岗总站,BV10021697,113.247911,23.097658
凤凰新村(宝业路口),凤凰新村(宝业路口),凤凰新村(宝业路口),BV10018366,113.254485,23.092387
凤凰新村(宝业路口),凤凰新村(宝业路口),凤凰新村,BV11627319,113.254485,23.092387
凤凰村,凤凰村#1,凤凰村,BV10017220,113.286499,23.101546
凤凰村,凤凰村#2,凤凰村,BV10017221,113.246441,23.411611
凤凰村委总站,凤凰村委总,凤凰村委总站,BV11197978,113.671791,23.51225
凤凰湖(凤湖三路),凤凰湖(凤湖三路),凤凰湖(凤湖三路),BV10980657,113.535287,23.327902
凤凰苑南门,凤凰苑南门,凤凰苑南门,BV11484139,113.574171,23.132712
凤凰路北,凤凰路北,凤凰路北,BV11207952,113.229824,23.43305
凤凰颐养山庄,凤凰颐养山庄,凤凰颐养山庄,BV10338863,113.613099,23.579503
凤华路,凤华路,凤华路,BV11346074,113.201175,23.393206
凤和庄,凤和庄,凤和庄,BV11342004,113.280563,23.344877
凤和村,凤和村,凤和村,BV10018967,113.283845,23.35105
凤城酒店(清晖路),凤城酒店(清晖路),凤城酒店(清晖路),BV10253838,113.250175,22.833418
凤尾,凤尾,凤尾,BV10381839,113.305777,23.31565
凤尾村委总站,凤尾村委总,凤尾村委总站,BV09385632,113.480245,23.398875
凤岐村委,凤岐村委,凤岐村委,BV11326858,113.391992,23.624993
凤岗地铁站,凤岗地铁,凤岗地铁站,BV11119386,113.666173,23.278723
凤岗地铁站D出口,凤岗地铁站D出口,凤岗地铁站D出口,BV09181070,113.663376,23.27979
凤岗地铁站D出口,凤岗地铁站D出口,凤岗地铁站D出口(南行),BV09350751,113.663414,23.280151
凤巢,凤巢,凤巢,BV11115219,113.693104,23.618389
凤康路,凤康路,凤康路,BV11184625,113.293299,23.082568
凤晴苑总站,凤晴苑总,凤晴苑总站,BV11255719,113.578116,23.160592
凤林村,凤林村,凤林村,BV11688728,113.073718,23.061827
凤池,凤池,凤池,BV10252234,113.110062,23.112052
凤池市场,凤池市场,凤池市场,BV10961558,113.189837,23.074224
凤池新村,凤池新村,凤池新村,BV10961557,113.192963,23.071808
凤湖一路,凤湖一路,凤湖一路站,BV09319108,113.543758,23.322414
凤湖一路西,凤湖一路西,凤湖一路西,BV09185056,113.540209,23.318645
凤湖中路,凤湖中路,凤湖中路站,BV11383671,113.54024,23.324067
凤湖中路(凤湖三路口),凤湖中路(凤湖三路口),凤湖中路(凤湖三路口),BV11029081,113.539331,23.328576
凤湖二路(开放一路口),凤湖二路(开放一路口),凤湖二路(开放一路口),BV09299185,113.544001,23.329026
凤湖二路东,凤湖二路东,凤湖二路东站,BV09323891,113.540005,23.32603
凤湖四路,凤湖四路,凤湖四路站,BV11383672,113.536731,23.331505
凤湖四路西站,凤湖四路西,凤湖四路西站,BV09237615,113.532209,23.32712
凤瑞环街口,凤瑞环街口,凤瑞环街口,BV09299183,113.530971,23.352506
凤盈苑南门,凤盈苑南门,凤盈苑南门,BV09179379,113.557618,23.129717
凤盈苑西门,凤盈苑西门,凤盈苑西门,BV11346678,113.55642,23.130981
凤秀家园,凤秀家园,凤秀家园站,BV09056352,113.661016,23.283522
凤翔中路站,凤翔中路,凤翔中路站,BV11482217,113.210835,23.263588
凤翔北路,凤翔北路,凤翔北路,BV11482219,113.20866,23.271704
凤翔里,凤翔里,凤翔里,BV11352933,113.490281,23.483014
凤荔苑,凤荔苑,凤荔苑,BV11346680,113.565095,23.129549
凤西二路,凤西二路,凤西二路,BV11369876,113.1827,23.072112
凤院北,凤院北,凤院北,BV11216184,113.607736,23.55642
凤院路口,凤院路口,凤院路口,BV10014784,113.604959,23.552539
凤馨苑站,凤馨苑,凤馨苑站,BV10966289,113.590539,23.140295
凤鸣路,凤鸣路,凤鸣路,BV10018305,113.217459,23.205548
凫洲大桥站,凫洲大桥,凫洲大桥站,BV10024030,113.581937,22.748688
凯德新玥,凯德新玥,凯德新玥站,BV11687919,113.338516,22.834108
凯德新玥(三期)站,凯德新玥(三期),凯德新玥(三期)站,BV09255589,113.34316,22.833206
凯德新玥三期站,凯德新玥三期,凯德新玥三期站,BV10903585,113.343091,22.833406
凯旋国际,凯旋国际,凯旋国际,BV09407006,113.232716,23.409827
凯景酒店路口,凯景酒店路口,凯景酒店路口,BV10266621,113.740166,23.129622
凰埔村,凰埔村,凰埔村,BV11403260,113.768287,23.149225
凰岗凤凰大道东,凰岗凤凰大道东,凰岗凤凰大道东,BV10021382,113.219196,23.198203
凰岗总站,凰岗总,凰岗总站,BV10014033,113.217254,23.205642
凰岗路口,凰岗路口,凰岗路口,BV11688373,113.221215,23.19699
出口加工区,出口加工区#1,出口加工区站,BV09355002,113.528688,23.112628
出口加工区,出口加工区#2,出口加工区站,BV10651485,113.584697,22.684292
分水岰,分水岰,分水岰,BV09017015,113.683938,23.716663
分水总站,分水总,分水总站,BV11629171,113.572848,23.404684
分水村委,分水村委,分水村委,BV11628103,113.560895,23.401178
刘家村,刘家村,刘家村,BV11119537,113.764047,23.488783
刘家沙,刘家沙,刘家沙,BV11513833,113.220711,23.272001
刘家路口,刘家路口,刘家路口,BV11484171,113.202113,23.305623
创业公园,创业公园,创业公园,BV11569190,113.469207,23.185756
创业南路,创业南路,创业南路,BV11371486,113.068429,23.176104
创业路,创业路,创业路,BV11689294,113.520868,23.0589
创业路东,创业路东#1,创业路东,BV09079048,113.523899,23.058829
创业路东,创业路东#2,创业路东,BV11466895,113.50604,23.451921
创业路口,创业路口,创业路口,BV11162264,113.519835,23.059822
创业路西,创业路西#1,创业路西,BV11689278,113.518078,23.059139
创业路西,创业路西#2,创业路西,BV11689277,113.500368,23.453247
创享湾,创享湾,创享湾,BV09410326,113.526946,22.807497
创优路西,创优路西,创优路西,BV09043325,113.595165,23.196204
创信鞋厂站,创信鞋厂,创信鞋厂站,BV10014968,113.382185,22.840749
创兴厂,创兴厂,创兴厂,BV10810324,113.657302,23.176231
创兴工业园,创兴工业园,创兴工业园,BV11364870,113.65568,23.179412
创强路中(A),创强路中(A),创强路中,BV09175892,113.625516,23.176467
创强路中(A),创强路中(A),创强路中(A),BV09253464,113.62433,23.175878
创意园,创意园,创意园,BV11568225,113.275295,23.22643
创新大道(凤湖五路口),创新大道(凤湖五路口),创新大道(凤湖五路口),BV09070820,113.527254,23.331295
创新大道中,创新大道中,创新大道中,BV09232799,113.610331,23.157394
创新大道南,创新大道南,创新大道南,BV09185053,113.557412,23.292612
创智路,创智路,创智路,BV09117692,113.248006,23.034045
创智路(智丰路口),创智路(智丰路口),创智路(智丰路口),BV10915452,113.246553,23.036813
创盈路东,创盈路东,创盈路东,BV09274276,113.616524,23.188105
创盈路中,创盈路中,创盈路中,BV09236546,113.603204,23.189622
创盈路中总站,创盈路中总,创盈路中总站,BV09370049,113.604228,23.189314
创盈路西,创盈路西,创盈路西,BV09236548,113.597154,23.19048
创盈路西总站,创盈路西总,创盈路西总站,BV09236550,113.590639,23.192137
创立路,创立路,创立路,BV09254331,113.615596,23.179947
创艺生态园,创艺生态园,创艺生态园,BV11200219,113.563355,23.014447
创誉路西,创誉路西,创誉路西,BV09175891,113.601467,23.164049
初溪村,初溪村,初溪村,BV11447599,113.849917,23.236304
初溪村委,初溪村委,初溪村委,BV11447598,113.851401,23.232771
利丰大道,利丰大道,利丰大道,BV10023436,113.486275,22.98319
利农村委,利农村委,利农村委,BV11598366,113.329447,23.45381
利口福,利口福,利口福,BV10014325,113.367502,23.015656
利坑,利坑,利坑,BV11115199,113.558012,23.402652
利大鞋业站,利大鞋业,利大鞋业站,BV10912605,113.378328,22.797733
利达路,利达路,利达路,BV10015638,113.14401,23.463275
利迳村,利迳村,利迳村,BV10014832,113.76072,23.455901
利迳村委(招呼站),利迳村委(招呼站),利迳村委(招呼站),BV09209213,113.762504,23.459802
利迳村委(招呼站),利迳村委(招呼站),利迳村委,BV11624642,113.762137,23.459348
到蔚村,到蔚村,到蔚村,BV11118925,113.87946,23.397272
前光总站,前光总,前光总站,BV11151774,113.952753,23.916676
前峰路,前峰路,前峰路,BV09278675,113.437654,22.943778
前进北街,前进北街,前进北街,BV10017890,113.243459,23.164463
前进大街口,前进大街口,前进大街口,BV11430820,113.244188,23.162569
前进路,前进路,前进路,BV10021655,113.272606,23.103367
前锋南路,前锋南路,前锋南路,BV10901507,113.444251,22.923704
前锋工业区,前锋工业区,前锋工业区,BV10020083,113.441758,22.932038
前锋总站,前锋总,前锋总站,BV10020080,113.445283,22.919706
前锋村,前锋村,前锋村,BV10019789,113.437725,22.941127
前锋村委,前锋村委,前锋村委,BV10020082,113.442875,22.928729
剑岭,剑岭#1,剑岭,BV09206742,113.08334,23.387222
剑岭,剑岭#2,剑岭,BV11375028,113.088805,23.396439
剑岭村,剑岭村,剑岭村,BV09308402,113.08334,23.387222
剑岭村委,剑岭村委,剑岭村委,BV09079549,113.088817,23.396465
剑桥郡医院,剑桥郡医院,剑桥郡医院,BV10860159,113.379138,23.020923
力康路,力康路,力康路,BV11039030,113.420824,23.186896
力源豪苑,力源豪苑,力源豪苑,BV11363546,113.793307,23.300458
加庄,加庄,加庄,BV09198380,113.455109,23.151705
加庄,加庄,加庄(北行),BV09232680,113.455045,23.150922
加庄,加庄,加庄(南行),BV09232679,113.455043,23.151581
加石路(七星岗路口),加石路(七星岗路口),加石路(七星岗路口),BV10022317,113.268054,23.252197
加石路(罗岗村),加石路(罗岗村),加石路(罗岗村),BV11057805,113.262444,23.255312
加石路中,加石路中,加石路中,BV11057806,113.267039,23.254198
加石路口,加石路口,加石路口,BV11057804,113.25965,23.256789
务庄市场,务庄市场,务庄市场,BV10252535,113.017352,23.047052
动物园,动物园,动物园2,BV09327047,113.29865,23.147947
动物园,动物园,动物园,BV10014267,113.297727,23.146693
动物园,动物园,动物园1,BV09340465,113.29793,23.147135
动物园南门,动物园南门,动物园南门1,BV09230318,113.300926,23.137325
动物园南门,动物园南门,动物园南门,BV11688456,113.299629,23.137075
动物园南门,动物园南门,动物园南门2,BV09226115,113.301028,23.137094
动物园总站,动物园总,动物园总站,BV10014264,113.297727,23.146693
动物园总站(先烈中路),动物园总站(先烈中路),动物园总站(先烈中路),BV11669129,113.293884,23.143438
励业染厂站,励业染厂,励业染厂站,BV10018479,113.463614,22.902188
励业路口站,励业路口,励业路口站,BV10015915,113.459515,22.886467
劳教所,劳教所,劳教所,BV11466783,113.070284,23.379514
劳边,劳边,劳边,BV10251801,112.925735,23.057937
勒竹新村,勒竹新村,勒竹新村,BV11689041,113.505036,23.13841
勤发市场,勤发市场,勤发市场,BV10538191,113.779384,23.181177
勤天小区,勤天小区,勤天小区,BV09252825,113.560141,23.280722
勾镰村,勾镰村,勾镰村,BV10019771,113.515752,22.917559
化工研究院,化工研究院,化工研究院,BV10023632,113.624856,23.303447
化龙中学,化龙中学,化龙中学,BV10020037,113.454188,23.032258
化龙产业园,化龙产业园,化龙产业园,BV10019995,113.494247,23.0454
化龙医院,化龙医院,化龙医院,BV10020005,113.447484,23.046119
化龙大道中,化龙大道中,化龙大道中,BV09381928,113.441679,23.04205
化龙教练场,化龙教练场,化龙教练场,BV11018446,113.460741,23.048897
化龙车站,化龙车,化龙车站,BV10015107,113.444135,23.044397
化龙镇中心小学,化龙镇中心小学,化龙镇中心小学,BV11619188,113.457898,23.035792
化龙驾驶人考场,化龙驾驶人考场,化龙驾驶人考场,BV11162078,113.456961,23.060323
北京路口,北京路口,北京路口,BV11402648,113.264607,23.124011
北亭村大街,北亭村大街,北亭村大街,BV11683385,113.371053,23.055035
北兴,北兴,北兴,BV10019353,113.415472,23.42836
北兴中学,北兴中学,北兴中学,BV11226216,113.41926,23.434633
北兴中心小学,北兴中心小学,北兴中心小学,BV11226214,113.419665,23.43039
北兴供电所,北兴供电所,北兴供电所站,BV11388332,113.419009,23.428935
北兴卫生院,北兴卫生院,北兴卫生院,BV09112242,113.412499,23.427918
北向庄,北向庄,北向庄站,BV09209212,113.366195,23.40758
北园西路,北园西路,北园西路,BV10023646,113.29152,23.047599
北城公交总站,北城公交总,北城公交总站,BV09011622,113.360255,22.945817
北城公交站,北城公交,北城公交站,BV10023190,113.360255,22.945817
北城白云花园,北城白云花园,北城白云花园,BV10019940,113.362354,22.953531
北太路(创新路口),北太路(创新路口),北太路(创新路口),BV11503038,113.306124,23.297241
北太路东,北太路东,北太路东站,BV10019298,113.335726,23.29819
北太路中,北太路中,北太路中站,BV11488535,113.323818,23.297835
北太路柏塘村口,北太路柏塘村口,北太路柏塘村口站,BV11166353,113.315437,23.297668
北太路西,北太路西,北太路西站,BV11166350,113.299813,23.296668
北山,北山,北山,BV10013862,113.369619,23.08655
北山公园,北山公园,北山公园,BV10018260,113.364421,23.083826
北山总站,北山总,北山总站,BV10541319,113.364075,23.084706
北山村,北山村,北山村,BV10013668,113.363678,23.085033
北山村(新滘东路),北山村(新滘东路),北山村(新滘东路),BV11475052,113.361746,23.087896
北山村总站(新滘东路),北山村总站(新滘东路),北山村总站(新滘东路),BV10022387,113.361827,23.087845
北山路口,北山路口,北山路口,BV10019070,113.361,23.08851
北岸花园,北岸花园,北岸花园,BV11322316,113.58173,23.023254
北师大实验学校西门,北师大实验学校西门,北师大实验学校西门,BV09103169,113.487201,23.206785
北帝庙,北帝庙,北帝庙,BV10022837,113.572705,23.553669
北斗桥底站,北斗桥底,北斗桥底站,BV10323095,113.346844,22.890694
北斗渡口,北斗渡口,北斗渡口站,BV09009791,113.340948,22.889672
北斗渡口,北斗渡口,北斗渡口站2,BV09253463,113.339136,22.888913
北斗渡口,北斗渡口,北斗渡口站1,BV09269674,113.340948,22.889672
北星,北星,北星站,BV10018723,113.579271,23.557461
北星路口,北星路口,北星路口,BV11657598,113.591698,23.543451
北村,北村#1,北村,BV11688527,113.292949,23.299378
北村,北村#2,北村,BV09006200,113.172033,23.12526
北村德星里,北村德星里,北村德星里,BV10252209,113.172835,23.127523
北村桥站,北村桥,北村桥站,BV11482983,113.291888,23.295292
北村路,北村路,北村路,BV10625233,113.168475,23.115219
北村闸,北村闸,北村闸,BV11688704,113.174423,23.132148
北汽,北汽,北汽,BV10421870,113.853761,23.246382
北流村口,北流村口,北流村口,BV09315213,113.39179,22.799672
北流村站,北流村,北流村站,BV10382348,113.38922,22.802966
北海村总站,北海村总,北海村总站,BV10023280,113.33705,22.933992
北海村水果批发市场,北海村水果批发市场,北海村水果批发市场,BV10023281,113.340275,22.936145
北湖三路,北湖三路,北湖三路,BV11688741,113.054231,23.063058
北滘交警中队,北滘交警中队,北滘交警中队,BV10254185,113.212377,22.908284
北滘公园,北滘公园,北滘公园,BV10255226,113.208078,22.934533
北滘商业广场,北滘商业广场,北滘商业广场,BV10254562,113.209942,22.934505
北滘文化广场,北滘文化广场,北滘文化广场,BV10254085,113.200274,22.923087
北滘行政服务中心,北滘行政服务中心,北滘行政服务中心,BV10254563,113.212576,22.937111
北环路,北环路,北环路站,BV09357587,113.290949,23.049573
北环路(圃结街路口),北环路(圃结街路口),北环路(圃结街路口),BV11627531,113.286458,23.052261
北环路东,北环路东,北环路东,BV11579688,113.189889,23.122967
北环路中,北环路中,北环路中,BV11579689,113.183887,23.123727
北环路北,北环路北,北环路北,BV09412892,113.17808,23.128367
北社路,北社路,北社路,BV10550118,113.410802,23.242519
北社路中,北社路中,北社路中,BV10550114,113.413276,23.242606
北站,北,北站1,BV09226114,113.248931,23.166339
北站,北,北站,BV10013762,113.248572,23.166358
北站总站,北站总,北站总站,BV10018339,113.247854,23.166762
北站社区,北站社区,北站社区,BV11671079,113.2426,23.169502
北站路,北站路,北站路,BV11671078,113.246803,23.167374
北较场横路,北较场横路,北较场横路,BV11328395,113.275429,23.139372
北较场路,北较场路,北较场路,BV11328397,113.272552,23.140595
北龙路站,北龙路,北龙路站,BV11171607,113.381025,22.798999
区二中,区二中,区二中,BV11363518,113.859324,23.27772
区人力资源市场,区人力资源市场,区人力资源市场,BV09313067,113.206387,23.420207
区健康管理中心,区健康管理中心,区健康管理中心,BV09304539,113.307518,22.939973
区公安分局,区公安分局,区公安分局,BV11251217,113.803795,23.288725
区公汽东门,区公汽东门,区公汽东门,BV10382999,113.424637,22.937785
区公汽公司,区公汽公司,区公汽公司,BV09006341,113.423368,22.939267
区卫健局,区卫健局,区卫健局,BV11251218,113.824081,23.30904
区婚姻登记处,区婚姻登记处,区婚姻登记处,BV11018300,113.632793,23.629469
区市场监督管理局,区市场监督管理局,区市场监督管理局,BV11607348,113.373626,22.93522
区庄立交西,区庄立交西,区庄立交西站,BV10943425,113.285743,23.138057
区政务中心,区政务中心,区政务中心,BV11621652,113.814417,23.275151
区政务服务中心站(西),区政务服务中心站(西),区政务服务中心站,BV11589148,113.515933,22.803554
区政务服务中心站(西),区政务服务中心站(西),区政务服务中心站(西),BV11580785,113.516191,22.803467
区政府东门,区政府东门,区政府东门,BV09293280,113.38128,22.939491
区政府东门,区政府东门,区政府东门分站,BV11562298,113.381866,22.936987
区政府东门(永旺梦乐城)站,区政府东门(永旺梦乐城),区政府东门(永旺梦乐城)站,BV09305549,113.38128,22.939491
区政府东门总站,区政府东门总,区政府东门总站,BV10632191,113.381434,22.939716
区税务局,区税务局,区税务局,BV11206714,113.21792,23.407938
区行政服务中心,区行政服务中心,区行政服务中心站,BV09200513,113.290869,22.807733
医药职业学校,医药职业学校,医药职业学校,BV09323257,113.668771,23.291003
医谷(视联科创)站,医谷(视联科创),医谷(视联科创)站,BV09305436,113.526212,22.727906
医谷站,医谷,医谷站,BV09099102,113.526212,22.727906
医院西站,医院西,医院西站,BV11179385,113.037181,23.065177
十三涌,十三涌,十三涌,BV10017243,113.59591,22.653078
十三社,十三社,十三社,BV11595177,113.579808,23.438733
十三队站,十三队,十三队站,BV10015920,113.475063,22.822463
十九涌站,十九涌,十九涌站,BV10326958,113.641055,22.603135
十九路军陵园,十九路军陵园,十九路军陵园,BV10016136,113.301958,23.148854
十二岭路,十二岭路,十二岭路,BV10019001,113.292431,23.220464
十二涌站,十二涌,十二涌站,BV10015830,113.592382,22.656479
十二队站,十二队,十二队站,BV10015923,113.472759,22.83338
十八亩,十八亩,十八亩,BV10252549,113.0294,23.053084
十八罗汉景区正门站,十八罗汉景区正门,十八罗汉景区正门站,BV10405463,113.39708,22.797201
十六涌站,十六涌,十六涌站,BV10024031,113.62176,22.631162
十四涌水产市场,十四涌水产市场,十四涌水产市场,CL100009,113.604736,22.645256
十四队站,十四队,十四队站,BV10015921,113.473513,22.826515
十字滘村,十字滘村,十字滘村,BV10601539,113.711589,23.149313
十字路口站,十字路口,十字路口站,BV11352952,113.471731,23.433678
十涌,十涌,十涌,BV10017245,113.576728,22.671782
十涌半临时站,十涌半临时,十涌半临时站,BV09395192,113.579853,22.668973
十里尚堤西苑,十里尚堤西苑,十里尚堤西苑,BV09385654,113.16506,23.16048
十里江湾,十里江湾,十里江湾,BV11111199,113.586598,23.023322
十里江湾北,十里江湾北,十里江湾北,BV09316249,113.583905,23.026683
千泷沟站,千泷沟,千泷沟站,BV11491295,113.856724,23.711532
千灯湖公交总站,千灯湖公交总,千灯湖公交总站,BV10500652,113.139296,23.055066
千灯湖地铁站,千灯湖地铁,千灯湖地铁站,BV10329387,113.14881,23.05763
千鹤街中,千鹤街中,千鹤街中站,BV11368662,113.816492,23.22744
千鹤街总站,千鹤街总,千鹤街总站,BV11259174,113.810856,23.229851
千鹤街路口,千鹤街路口,千鹤街路口,BV11137252,113.820766,23.225583
半坑,半坑,半坑,BV09149519,113.15488,23.150074
半岛花园总站,半岛花园总,半岛花园总站,BV10393934,113.174562,23.132542
半径站,半径,半径站,BV11491317,113.838661,23.729801
华严寺,华严寺,华严寺站,BV09313064,113.218099,23.464515
华严寺总站,华严寺总,华严寺总站,BV11430051,113.217997,23.464633
华乐大厦,华乐大厦,华乐大厦,BV10017054,113.281989,23.13754
华侨中学,华侨中学#1,华侨中学站,BV09200357,113.292944,22.808787
华侨中学,华侨中学#2,华侨中学,BV09276327,113.821371,23.283131
华侨农场,华侨农场,华侨农场,BV09317448,113.367298,23.421926
华侨医院(潭村),华侨医院(潭村),华侨医院,BV09067059,113.346504,23.127431
华侨医院(潭村),华侨医院(潭村),华侨医院(潭村),BV10539406,113.346677,23.127401
华侨医院(潭村),华侨医院(潭村),华侨医院(潭村)1,BV09232892,113.34643,23.128053
华侨城,华侨城,华侨城,BV09005810,113.349214,22.935379
华侨城,华侨城,华侨城分站,BV11132734,113.348991,22.936354
华侨城主题公园,华侨城主题公园,华侨城主题公园,BV11266409,113.295906,22.814461
华侨城北门,华侨城北门,华侨城北门,BV10023282,113.346274,22.937249
华侨城欢乐海岸PLUS,华侨城欢乐海岸PLUS,华侨城欢乐海岸PLUS,BV11654362,113.30237,22.82133
华侨城欢乐海岸plus,华侨城欢乐海岸plus,华侨城欢乐海岸plus,BV11686478,113.300485,22.821934
华侨工业园,华侨工业园,华侨工业园,BV10016659,113.275942,23.464271
华兴工业区,华兴工业区,华兴工业区,BV10015571,113.223644,23.350627
华兴综合市场,华兴综合市场,华兴综合市场,BV11643291,113.595917,23.140147
华农基地,华农基地,华农基地,BV10024312,113.630043,23.241601
华农大东北门,华农大东北门,华农大东北门,BV11621852,113.359122,23.161726
华农大正门,华农大正门,华农大正门,BV09242193,113.347622,23.15464
华凯燃气站,华凯燃气,华凯燃气站,BV10840065,113.552173,22.82259
华创产业园一期总站,华创产业园一期总,华创产业园一期总站,BV11337777,113.417671,22.994559
华创动漫产业园路口,华创动漫产业园路口,华创动漫产业园路口,BV11635885,113.415468,23.003929
华南家电研究院,华南家电研究院,华南家电研究院,BV10253574,113.325311,22.816591
华南师范大学(南海校区),华南师范大学(南海校区),华南师范大学(南海校区),BV10253331,113.023296,23.145876
华南师范大学附属南沙中学,华南师范大学附属南沙中学,华南师范大学附属南沙中学站,BV09099112,113.533365,22.818788
华南新城,华南新城,华南新城,BV10014317,113.340816,23.014519
华南新城(沿江东路),华南新城(沿江东路),华南新城(沿江东路),BV11172007,113.345574,23.028685
华南新城(沿江路),华南新城(沿江路),华南新城(沿江路),BV11694314,113.345606,23.028796
华南新城临时公交总站,华南新城临时公交总,华南新城临时公交总站,BV11172008,113.352489,23.02586
华南新城北区西门,华南新城北区西门,华南新城北区西门,BV10015100,113.342103,23.026266
华南新城南区正门,华南新城南区正门,华南新城南区正门站,BV11131945,113.342668,23.022591
华南汽车城东,华南汽车城东,华南汽车城东,BV11689963,113.126212,23.07031
华南汽车城西,华南汽车城西,华南汽车城西,BV11689961,113.118366,23.071163
华南碧桂园,华南碧桂园,华南碧桂园站,BV10014519,113.34301,22.999805
华南碧桂园,华南碧桂园,华南碧桂园(北行),BV11578978,113.342859,23.001096
华南碧桂园,华南碧桂园,华南碧桂园(南行),BV10878382,113.34301,22.999805
华南碧桂园东门,华南碧桂园东门,华南碧桂园东门,BV11688143,113.355303,22.99561
华南纺织创新科技园,华南纺织创新科技园,华南纺织创新科技园,BV10998030,112.948789,23.4424
华南轮胎厂,华南轮胎厂,华南轮胎厂,BV10425402,113.379593,22.958346
华发峰尚花园,华发峰尚花园,华发峰尚花园,BV11283996,113.623156,23.339157
华商学院,华商学院,华商学院,BV11689033,113.772474,23.257102
华商职业学院,华商职业学院,华商职业学院,BV11190506,113.779309,23.257818
华坑村,华坑村,华坑村,BV11627159,113.465674,23.318976
华坑生态村,华坑生态村,华坑生态村,BV10021386,113.485408,23.112287
华坑生态村总站,华坑生态村总,华坑生态村总站,BV10017803,113.484733,23.112536
华坑路,华坑路,华坑路,BV10017802,113.480396,23.107854
华堂街,华堂街,华堂街,BV10660881,113.192508,23.160542
华夏北,华夏北,华夏北,BV10948835,113.171572,23.105502
华夏学院,华夏学院,华夏学院,BV10621021,113.510084,23.57735
华夏学院总站,华夏学院总,华夏学院总站,BV11491307,113.508012,23.578098
华夏路北,华夏路北,华夏路北,BV10021750,113.315763,23.128953
华夏陶瓷城西门,华夏陶瓷城西门,华夏陶瓷城西门,BV10251530,113.004713,22.962005
华山路,华山路,华山路,BV10610424,113.470285,22.962922
华峰寺,华峰寺,华峰寺站,BV09368447,113.556574,23.225633
华峰寺总站,华峰寺总,华峰寺总站,BV11040301,113.557736,23.225874
华峰路(红旗村),华峰路(红旗村),华峰路(红旗村),BV10411318,113.554424,23.220567
华峰路口,华峰路口,华峰路口,BV09368449,113.553308,23.222969
华峰路口总站,华峰路口总,华峰路口总站,BV09097133,113.553308,23.222969
华工,华工,华工站,BV10016015,113.397611,23.049301
华工北路,华工北路,华工北路,BV10388536,113.40946,23.055674
华工北路东,华工北路东,华工北路东,BV10326970,113.40365,23.056719
华工国际校区公交总站,华工国际校区公交总,华工国际校区公交总站,BV09011384,113.395684,23.009577
华工国际校区南门,华工国际校区南门,华工国际校区南门,BV11279315,113.401894,23.010112
华工大,华工大,华工大,BV11485000,113.343709,23.152847
华工大总站,华工大总,华工大总站,BV10017909,113.342532,23.150974
华工广州国际校区北门,华工广州国际校区北门,华工广州国际校区北门,BV09256511,113.399121,23.019764
华工广州国际校区北门,华工广州国际校区北门,华工广州国际校区北门1,BV09274273,113.398644,23.019264
华工正门,华工正门,华工正门,BV10014718,113.404907,23.04712
华工生活区,华工生活区,华工生活区站,BV10016016,113.398686,23.05388
华师,华师#1,华师,BV10014713,113.375181,23.050788
华师,华师#2,华师站,BV09364561,113.340286,23.143278
华师大南门,华师大南门,华师大南门,BV10019585,113.346847,23.13772
华师大厦酒店,华师大厦酒店,华师大厦酒店,BV10558838,113.344145,23.138177
华师生活区(华师一路),华师生活区(华师一路),华师生活区(华师一路),BV10388937,113.378928,23.051776
华师附中,华师附中#1,华师附中站,BV11519158,113.220212,23.43496
华师附中,华师附中#2,华师附中,BV11519159,113.338048,23.13866
华师附中总站,华师附中总,华师附中总站,BV11216107,113.219598,23.432836
华师附中新世界学校,华师附中新世界学校,华师附中新世界学校,BV10014211,113.28852,23.237507
华师附小(东悦湾校区)站,华师附小(东悦湾校区),华师附小(东悦湾校区)站,BV09305899,113.52707,22.813199
华师附属大学城小学,华师附属大学城小学,华师附属大学城小学,BV11069600,113.384488,23.059168
华成路公园站,华成路公园,华成路公园站,BV11622451,113.290229,23.348603
华成路口,华成路口,华成路口站,BV09355190,113.315683,23.122842
华成路总站,华成路总,华成路总站,BV11203684,113.316579,23.123537
华扬路,华扬路,华扬路,BV11619531,113.424032,23.201073
华文航空学校,华文航空学校,华文航空学校,BV09028486,113.109201,23.329564
华景北路,华景北路,华景北路站,BV11095871,113.355271,23.144003
华景北路东,华景北路东,华景北路东,BV11581959,113.359271,23.143507
华景北路口,华景北路口,华景北路口,BV11580708,113.354481,23.143543
华景新城,华景新城#1,华景新城站,BV09244990,113.354434,23.136843
华景新城,华景新城#1,华景新城,BV10014575,113.355911,23.136514
华景新城,华景新城#2,华景新城,BV11578800,113.362741,22.929151
华景新城(南华路),华景新城(南华路),华景新城(南华路),BV10019865,113.36001,22.92773
华景新城(翰景路)总站,华景新城(翰景路)总,华景新城(翰景路)总站,BV11578887,113.354058,23.145289
华景新城总站,华景新城总,华景新城总站,BV10016448,113.359846,23.143434
华景新城总站(翰景路),华景新城总站(翰景路),华景新城总站(翰景路),BV11107113,113.353831,23.145336
华景新城西,华景新城西,华景新城西,BV10016446,113.353184,23.146383
华景新村,华景新村,华景新村,BV10019614,113.353274,23.14086
华景路口,华景路口,华景路口,BV10019613,113.352613,23.138119
华林寺,华林寺,华林寺,BV09242705,113.241747,23.123094
华汇广场站,华汇广场,华汇广场站,BV10016463,113.550948,22.803168
华沙村,华沙村,华沙村,BV11489692,113.424406,23.191511
华泉社区,华泉社区,华泉社区,BV11671077,113.244179,23.168122
华洲路,华洲路,华洲路,BV10018235,113.33999,23.078981
华洲路(华泰西街路口),华洲路(华泰西街路口),华洲路(华泰西街路口),BV10783496,113.343587,23.075319
华洲路中,华洲路中,华洲路中,BV11485266,113.346818,23.075618
华洲路口,华洲路口,华洲路口,BV10783495,113.341252,23.07531
华海大厦,华海大厦,华海大厦,BV10015713,113.270764,23.095344
华海大厦,华海大厦,华海大厦1,BV09317631,113.270151,23.096194
华海工业区,华海工业区,华海工业区,BV10017318,113.185635,23.397985
华海街口,华海街口,华海街口,BV10458379,113.216991,23.182261
华润涂料捷信厂,华润涂料捷信厂,华润涂料捷信厂站,BV11164942,113.355346,22.818586
华润热电厂,华润热电厂,华润热电厂站,BV11664540,113.52443,22.860053
华润瑞府公交总站,华润瑞府公交总,华润瑞府公交总站,BV09302144,113.498068,22.768129
华甫村,华甫村,华甫村,BV11692324,113.511815,23.169155
华盛南路,华盛南路,华盛南路,BV10681249,113.302287,23.086195
华穗路,华穗路,华穗路,BV10022156,113.312991,23.119269
华立学院,华立学院,华立学院,BV10020748,113.857982,23.241918
华立学院总站,华立学院总,华立学院总站,BV11259172,113.858312,23.24211
华美学校,华美学校,华美学校,BV10014430,113.380675,23.201613
华美路(广汕路口),华美路(广汕路口),华美路(广汕路口),BV10014290,113.381185,23.199008
华腾路,华腾路,华腾路,BV11333410,113.419721,22.99509
华腾路口,华腾路口,华腾路口,BV11333409,113.41602,22.990897
华观路,华观路,华观路,BV11689185,113.385021,23.170498
华观路(火炉山森林公园),华观路(火炉山森林公园),华观路(火炉山森林公园),BV10405622,113.38054,23.170636
华观路东,华观路东,华观路东,BV10405901,113.407983,23.169379
华观路中,华观路中,华观路中,BV10405889,113.401792,23.169767
华贵路,华贵路,华贵路,BV09001149,113.236733,23.125672
华贵路口,华贵路口,华贵路口,BV10016189,113.235722,23.126561
华软南门,华软南门,华软南门,BV11393823,113.490407,23.450574
华辉度假村,华辉度假村,华辉度假村,BV10022862,113.633151,23.622876
华辉路东,华辉路东,华辉路东,BV10555310,113.280104,23.458011
华达汽车,华达汽车,华达汽车,BV11449184,113.631399,23.168071
华阳南路,华阳南路,华阳南路,BV10619428,113.145986,22.97331
华阳工业区,华阳工业区,华阳工业区,BV10263115,113.563647,23.077912
华阳村,华阳村,华阳村,BV10263111,113.566086,23.076447
华阳湖湿地公园,华阳湖湿地公园,华阳湖湿地公园,BV10266784,113.564026,23.070427
华阳湖路口,华阳湖路口,华阳湖路口,BV10494263,113.556186,23.056003
华阳湖路口,华阳湖路口,华阳湖路口2,BV11671373,113.557072,23.056128
华风技工学校,华风技工学校,华风技工学校,BV11461727,113.158069,23.374596
华风技校,华风技校,华风技校,BV11581329,113.155416,23.377121
华馨苑,华馨苑,华馨苑,BV10014158,113.590562,23.119274
协和神学院,协和神学院,协和神学院,BV10014203,113.304833,23.251188
南一市场站,南一市场,南一市场站,BV10887809,113.434299,22.776264
南丰汇总站,南丰汇总,南丰汇总站,BV11279057,113.350573,23.100326
南丰路,南丰路,南丰路,BV10252937,112.914183,23.233489
南云一路中,南云一路中,南云一路中,BV10021938,113.437127,23.156202
南云三路中,南云三路中,南云三路中,BV11497596,113.441512,23.152135
南云三路南,南云三路南,南云三路南站,BV10885193,113.443457,23.146816
南云三路口,南云三路口,南云三路口,BV10381758,113.441007,23.155375
南云东街,南云东街,南云东街,BV10019064,113.255798,23.178536
南云二路中,南云二路中,南云二路中,BV10021936,113.440591,23.152173
南云二路北,南云二路北,南云二路北,BV10021937,113.439179,23.154308
南云二路南,南云二路南,南云二路南,BV10388901,113.442394,23.147345
南云五路,南云五路,南云五路站,BV10885177,113.447438,23.145139
南云五路东站,南云五路东,南云五路东站,BV10885178,113.450811,23.148065
南云四路,南云四路,南云四路站,BV10885182,113.449965,23.152931
南云四路(南翔三路口),南云四路(南翔三路口),南云四路(南翔三路口)站,BV10885190,113.447781,23.150513
南井村口,南井村口,南井村口,BV10394325,113.179713,23.089139
南京路小区,南京路小区,南京路小区,BV10013902,113.232671,23.148361
南亭村总站,南亭村总,南亭村总站,BV11630089,113.381351,23.037135
南关,南关,南关,BV10021628,113.265491,23.118533
南北台站,南北台,南北台站,BV09187512,113.593648,22.78131
南区公园(南城路),南区公园(南城路),南区公园(南城路),BV10023259,113.355043,22.924675
南区公园(福德路),南区公园(福德路),南区公园(福德路),BV11688119,113.353986,22.926085
南医大五附院,南医大五附院,南医大五附院,BV11623857,113.566313,23.550847
南华东路,南华东路,南华东路,BV10019504,113.267013,23.113647
南华中,南华中,南华中,BV10021629,113.260403,23.112773
南华工商学院,南华工商学院,南华工商学院,BV10013967,113.320606,23.170376
南华工贸高级技工学校,南华工贸高级技工学校,南华工贸高级技工学校,BV09283807,113.484205,22.884761
南华广场,南华广场,南华广场,BV11120154,113.208958,23.386976
南华路,南华路,南华路,BV10407069,113.36522,22.927262
南双玉工业区,南双玉工业区,南双玉工业区,BV11607757,113.299584,22.940842
南双玉村,南双玉村,南双玉村,BV11688132,113.303193,22.940316
南双玉村总站,南双玉村总,南双玉村总站,BV10019952,113.301535,22.939941
南周,南周,南周,BV11488077,113.217825,23.246172
南园花园大街,南园花园大街,南园花园大街,BV10018127,113.541696,23.091365
南国奥园,南国奥园,南国奥园站,BV10019637,113.315809,22.991611
南国奥林匹克花园总站,南国奥林匹克花园总,南国奥林匹克花园总站,BV10388943,113.317256,22.991936
南国小商品城,南国小商品城,南国小商品城,BV10254833,113.145852,23.10407
南国幼儿园,南国幼儿园,南国幼儿园,BV11141184,113.261773,22.8305
南坑口,南坑口,南坑口,BV11126374,113.903277,23.895064
南城路北,南城路北,南城路北,BV09082668,113.356155,22.929702
南埔街,南埔街,南埔街,BV11627194,113.495572,23.337176
南塘经济社,南塘经济社,南塘经济社,BV09022795,113.179801,23.468785
南壆村,南壆村,南壆村,BV11119342,113.746322,23.208455
南大干线(塘埗西),南大干线(塘埗西),南大干线(塘埗西),BV09189704,113.334702,23.014446
南大干线(市新路口),南大干线(市新路口),南大干线(市新路口),BV11619316,113.401063,23.021189
南大干线(曾边村),南大干线(曾边村),南大干线(曾边村),BV11619470,113.405231,23.023736
南大干线(汽车小镇),南大干线(汽车小镇)#1,南大干线,BV11646397,113.495936,23.017455
南大干线(汽车小镇),南大干线(汽车小镇)#1,南大干线(汽车小镇),BV09391139,113.495936,23.017455
南大干线(汽车小镇),南大干线(汽车小镇)#2,南大干线,BV09272791,113.334702,23.014446
南大干线(礼村),南大干线(礼村),南大干线(礼村),BV09191548,113.309864,23.01674
南大干线(金轩一路),南大干线(金轩一路),南大干线(金轩一路),BV09380918,113.484799,23.029405
南大干线(金轩一路口),南大干线(金轩一路口),南大干线(金轩一路口),BV11686082,113.485577,23.027159
南大干线(金轩二路口),南大干线(金轩二路口),南大干线(金轩二路口),BV11686084,113.489452,23.023967
南大路口,南大路口,南大路口站,BV11688093,113.334229,23.011916
南天商业城,南天商业城,南天商业城,BV10852006,113.292469,23.059093
南头,南头,南头,BV10619439,112.902021,23.335387
南奥实验学校,南奥实验学校,南奥实验学校,BV10014953,113.319963,22.99419
南安村,南安村,南安村站,BV11690299,113.553203,23.120615
南山,南山,南山,BV11152945,113.791024,23.74268
南山丰景花园,南山丰景花园,南山丰景花园站,BV09368448,113.600565,23.197241
南山公园,南山公园#1,南山公园,BV10014331,113.385483,23.011615
南山公园,南山公园#2,南山公园,BV10322930,113.539699,23.091743
南山经济社,南山经济社,南山经济社,BV10019390,113.188091,23.471348
南山西路南,南山西路南,南山西路南,BV10388650,113.545882,23.089178
南岗,南岗,南岗站,BV11687851,113.536821,23.098835
南岗(总站),南岗(总站),南岗(总站),BV09074314,113.533287,23.104699
南岗万达广场总站,南岗万达广场总,南岗万达广场总站,BV11662007,113.546143,23.100806
南岗万达广场站,南岗万达广场,南岗万达广场站,BV09297715,113.544027,23.10252
南岗化工厂,南岗化工厂,南岗化工厂站,BV10714253,113.534208,23.095748
南岗总站,南岗总,南岗总站,BV10017343,113.537462,23.099146
南岗沧头,南岗沧头,南岗沧头站,BV09108103,113.548505,23.117878
南岗码头,南岗码头,南岗码头,BV11634406,113.548039,23.086565
南岗西路口,南岗西路口,南岗西路口,BV10018125,113.534467,23.093895
南岭中路,南岭中路,南岭中路,BV10022763,113.290919,23.273062
南岭中路口,南岭中路口,南岭中路口,BV10022764,113.291072,23.271273
南岭工业区中路,南岭工业区中路,南岭工业区中路,BV10022762,113.295712,23.272264
南岭工业区五横路口,南岭工业区五横路口,南岭工业区五横路口,BV11560714,113.297206,23.265891
南岭工业区八横路,南岭工业区八横路,南岭工业区八横路,BV10022758,113.299434,23.269751
南岭工业区南路,南岭工业区南路,南岭工业区南路,BV10022760,113.297107,23.270352
南岭工业区南路东,南岭工业区南路东,南岭工业区南路东,BV10022759,113.298233,23.270476
南岭工业区四横路,南岭工业区四横路,南岭工业区四横路,BV10022761,113.296752,23.271572
南岭村委,南岭村委,南岭村委,BV10021416,113.291131,23.273742
南岭村总站,南岭村总,南岭村总站,BV10021415,113.28931,23.273455
南岭桥头南街口,南岭桥头南街口,南岭桥头南街口,BV10021417,113.293466,23.27409
南岸路,南岸路,南岸路,BV09006129,113.225493,23.136643
南岸路口,南岸路口,南岸路口,BV11371499,113.225603,23.130744
南平村委,南平村委,南平村委,BV11115198,113.714975,23.552685
南庄,南庄,南庄,BV11332854,113.506194,23.446389
南庄中学,南庄中学,南庄中学,BV10251515,113.030583,22.985524
南庄医院站,南庄医院,南庄医院站,BV11688711,113.004354,22.981115
南庄大道一环路口,南庄大道一环路口,南庄大道一环路口,BV10251529,113.01304,22.982731
南庄大道东,南庄大道东,南庄大道东,BV11484489,113.052666,22.985731
南庄大道中,南庄大道中,南庄大道中,BV10450580,113.025918,22.986124
南庄大道公交临时站,南庄大道公交临时,南庄大道公交临时站,BV10614490,113.045271,22.985994
南庄大道罗格路口,南庄大道罗格路口,南庄大道罗格路口,BV09083717,113.022669,22.985626
南庄文化中心站,南庄文化中心,南庄文化中心站,BV11462181,113.002291,22.985206
南庄枢纽站,南庄枢纽,南庄枢纽站,BV10471176,113.005398,22.958657
南庄道班站,南庄道班,南庄道班站,BV10251528,113.022093,22.98554
南庄镇政府站,南庄镇政府,南庄镇政府站,BV10251517,113.009103,22.983544
南府路站,南府路,南府路站,BV11370954,113.518716,22.802677
南庭路,南庭路,南庭路,BV09243543,113.369336,22.925375
南悦花苑,南悦花苑,南悦花苑,BV11154136,113.25486,23.215034
南悦花苑总站,南悦花苑总,南悦花苑总站,BV10828444,113.254117,23.215147
南方医科大学,南方医科大学,南方医科大学,BV10013965,113.331918,23.190712
南方医科大学第七附属医院,南方医科大学第七附属医院,南方医科大学第七附属医院,BV11652172,113.145841,23.20783
南方医院,南方医院,南方医院,BV11688389,113.322477,23.190771
南方医院,南方医院,南方医院2,BV09199575,113.322322,23.19028
南方医院,南方医院,南方医院1,BV09293281,113.322293,23.191045
南方医院,南方医院,南方医院(停北行),BV09310986,113.322484,23.190594
南方医院(白云分院)总站,南方医院(白云分院)总,南方医院(白云分院)总站,BV09314894,113.267985,23.213981
南方医院(白云院区)总站,南方医院(白云院区)总,南方医院(白云院区)总站,BV11675549,113.267112,23.214
南方医院增城分院,南方医院增城分院,南方医院增城分院,BV09356204,113.619932,23.15988
南方医院增城院区站,南方医院增城院区,南方医院增城院区站,BV09399149,113.619932,23.15988
南方医院总站,南方医院总,南方医院总站,BV10021222,113.322375,23.192086
南方医院江高院区,南方医院江高院区,南方医院江高院区,BV11345927,113.222472,23.287813
南方大厦,南方大厦,南方大厦,BV11688451,113.249933,23.111166
南方大厦,南方大厦,南方大厦站1,BV09192173,113.247145,23.110164
南方大厦,南方大厦,南方大厦1,BV09169831,113.247235,23.110198
南方学院后门总站,南方学院后门总,南方学院后门总站,BV11417822,113.674005,23.629316
南方报社,南方报社,南方报社2,BV09233664,113.309999,23.124307
南方报社,南方报社,南方报社,BV09005187,113.30958,23.123782
南方村,南方村,南方村,BV10019338,113.293314,23.294509
南方村委,南方村委,南方村委,BV11447267,113.276345,23.294441
南方茶叶市场总站,南方茶叶市场总,南方茶叶市场总站,BV10019333,113.216032,23.105853
南昌社,南昌社,南昌社,BV09193889,113.196274,23.346128
南昌里,南昌里,南昌里,BV09313065,113.214376,23.442748
南星村,南星村,南星村,BV10252536,113.022902,23.049804
南星汤屋社,南星汤屋社,南星汤屋社1,BV11359303,113.669642,23.580685
南星汤屋社,南星汤屋社,南星汤屋社2,BV11359304,113.673222,23.58027
南村,南村#1,南村1,BV09316713,113.268289,23.100773
南村,南村#1,南村,BV11688567,113.268321,23.100297
南村,南村#2,南村,BV09398775,113.387779,23.007205
南村,南村#3,南村站,BV09277458,113.386287,22.784329
南村,南村#4,南村,BV11688568,113.278471,23.473257
南村中学,南村中学,南村中学,BV10019920,113.38351,22.998722
南村医院,南村医院,南村医院,BV11689288,113.385679,23.01017
南村尾,南村尾,南村尾站,BV10018334,113.391396,22.778245
南村文化广场,南村文化广场,南村文化广场,BV11688150,113.374634,23.003023
南村社区居委,南村社区居委,南村社区居委,BV11675124,113.380985,23.007626
南村综合市场,南村综合市场,南村综合市场,BV11689284,113.382198,23.009721
南村车站,南村车,南村车站,BV10019663,113.378881,23.00955
南桂桥,南桂桥,南桂桥,BV10251601,113.129239,23.034109
南楼村路口,南楼村路口,南楼村路口,BV11224122,113.441977,23.661232
南横市场站,南横市场,南横市场站,BV11410732,113.595922,22.754538
南横村站,南横村,南横村站,BV11393013,113.596447,22.7517
南水路,南水路,南水路,BV11623152,113.097492,23.260388
南水路西,南水路西,南水路西,BV11676704,113.089976,23.259975
南汉二陵博物馆,南汉二陵博物馆,南汉二陵博物馆,BV11440426,113.377946,23.046608
南沙世贸中心大厦站,南沙世贸中心大厦,南沙世贸中心大厦站,BV10015840,113.599472,22.774543
南沙中心医院西门站,南沙中心医院西门,南沙中心医院西门站,BV11583739,113.526946,22.788948
南沙体育馆站,南沙体育馆,南沙体育馆站,BV10014706,113.5114,22.78388
南沙儿童公园总站,南沙儿童公园总,南沙儿童公园总站,BV09061484,113.5368,22.821357
南沙儿童公园站,南沙儿童公园,南沙儿童公园站,BV10381617,113.536861,22.821049
南沙儿童公园站,南沙儿童公园,南沙儿童公园站(北行),BV09374606,113.536832,22.821041
南沙儿童公园站,南沙儿童公园,南沙儿童公园站(南行),BV09374605,113.536777,22.821297
南沙区人民政府西门,南沙区人民政府西门,南沙区人民政府西门,BV09337250,113.517356,22.804188
南沙十里方圆,南沙十里方圆,南沙十里方圆站,BV11689813,113.499488,22.817659
南沙华师附小站,南沙华师附小,南沙华师附小站,BV10818016,113.599833,22.764699
南沙华师附幼站,南沙华师附幼,南沙华师附幼站,BV11393015,113.601554,22.766214
南沙图书馆站,南沙图书馆,南沙图书馆站,BV11438902,113.528182,22.801187
南沙境界站,南沙境界,南沙境界站,BV10021043,113.521615,22.815933
南沙奥园站,南沙奥园,南沙奥园站,BV10024097,113.590534,22.750794
南沙妇幼保健院站,南沙妇幼保健院,南沙妇幼保健院站,BV10901616,113.566811,22.747629
南沙客运港站,南沙客运港,南沙客运港站,BV10015841,113.606539,22.771995
南沙客运站,南沙客运,南沙客运站,BV10381311,113.590264,22.771138
南沙小学(西门)站,南沙小学(西门),南沙小学(西门)站,BV11616126,113.56817,22.757575
南沙小学站,南沙小学,南沙小学站,BV10018625,113.570766,22.755754
南沙小学站,南沙小学,南沙小学站2,BV09099108,113.573149,22.755158
南沙小学西门,南沙小学西门,南沙小学西门,BV11174463,113.568491,22.75723
南沙数聚大厦,南沙数聚大厦,南沙数聚大厦,BV09302199,113.510557,22.768891
南沙村站,南沙村,南沙村站,BV11419859,113.410146,22.793969
南沙港务大厦,南沙港务大厦,南沙港务大厦站,BV10980872,113.667953,22.647513
南沙港车站,南沙港车,南沙港车站,BV09187647,113.641858,22.665411
南沙湾御苑,南沙湾御苑,南沙湾御苑站,BV09302422,113.583139,22.798215
南沙湾总站,南沙湾总,南沙湾总站,BV11155029,113.608088,22.766934
南沙湿地公园,南沙湿地公园,南沙湿地公园,BV09244064,113.633695,22.6117
南沙牌坊站,南沙牌坊,南沙牌坊站,BV10015889,113.530532,22.803635
南沙疾控中心(启慧学校)站,南沙疾控中心(启慧学校),南沙疾控中心(启慧学校)站,BV11477167,113.494135,22.810701
南沙疾控中心站,南沙疾控中心,南沙疾控中心站,BV11520060,113.492771,22.807881
南沙碧桂园站,南沙碧桂园,南沙碧桂园站,BV10015867,113.550117,22.801948
南沙科创中心站,南沙科创中心,南沙科创中心站,BV11393016,113.596214,22.745973
南沙科技创新中心站,南沙科技创新中心,南沙科技创新中心站,BV10024034,113.595154,22.75092
南沙第一中学站,南沙第一中学,南沙第一中学站,BV10975332,113.538791,22.789856
南沙蕉门公交总站,南沙蕉门公交总,南沙蕉门公交总站,BV11419706,113.523087,22.803712
南沙街道办事处站,南沙街道办事处,南沙街道办事处站,BV10015869,113.561447,22.800696
南沙资讯科技园,南沙资讯科技园,南沙资讯科技园站,BV10024035,113.603243,22.750901
南油,南油,南油,BV10252553,112.989976,23.113911
南泰路,南泰路,南泰路,BV10021720,113.271418,23.085085
南泰路(南石路口),南泰路(南石路口),南泰路(南石路口),BV11661261,113.255734,23.079456
南泰路(南边路口),南泰路(南边路口),南泰路(南边路口),BV11661263,113.257966,23.080341
南泰路东,南泰路东,南泰路东,BV10022515,113.279945,23.088673
南泰路口,南泰路口,南泰路口,BV10019559,113.274997,23.087309
南泰路西,南泰路西,南泰路西,BV10021619,113.265381,23.084098
南洋学校,南洋学校,南洋学校,BV11632965,113.535681,23.493185
南洋庄,南洋庄,南洋庄,BV11199996,113.254759,23.391654
南洋理工职业学院,南洋理工职业学院,南洋理工职业学院,BV11353226,113.612455,23.58482
南洲北,南洲北,南洲北,BV10018264,113.297816,23.071429
南洲北路,南洲北路,南洲北路,BV10014357,113.297098,23.073404
南洲北路总站,南洲北路总,南洲北路总站,BV10019120,113.290209,23.07396
南洲名苑,南洲名苑,南洲名苑,BV10016102,113.288777,23.067926
南洲名苑北,南洲名苑北,南洲名苑北,BV10013747,113.292198,23.068912
南洲工业区,南洲工业区,南洲工业区,BV10263116,113.552476,23.075834
南洲村,南洲村,南洲村,BV10263114,113.556391,23.076916
南洲花园,南洲花园,南洲花园,BV10014358,113.300187,23.07318
南洲花园总站,南洲花园总,南洲花园总站,BV10019474,113.300638,23.072595
南洲花园总站,南洲花园总,南洲花园总站1号分站,BV09415725,113.300638,23.072595
南洲路,南洲路,南洲路,BV10791667,113.319692,23.063144
南洲路(小洲南路口)总站,南洲路(小洲南路口)总,南洲路(小洲南路口)总站,BV09244066,113.348749,23.049284
南洲路中,南洲路中,南洲路中,BV09358354,113.319394,23.060508
南洲路口,南洲路口,南洲路口站,BV09025579,113.291984,23.070698
南洲路总站(小洲南路口),南洲路总站(小洲南路口),南洲路总站(小洲南路口),BV09243517,113.348648,23.049135
南派村,南派村,南派村,BV10019785,113.487876,22.938192
南派花场,南派花场,南派花场,BV10019784,113.490886,22.934279
南浦三桥北,南浦三桥北,南浦三桥北,BV11688062,113.288713,23.030474
南浦三桥南,南浦三桥南,南浦三桥南,BV11064176,113.296573,23.021447
南浦大桥南(沿沙路),南浦大桥南(沿沙路),南浦大桥南,BV11297525,113.290186,23.03958
南浦大桥南(沿沙路),南浦大桥南(沿沙路),南浦大桥南(沿沙路),BV10023111,113.28969,23.040419
南浦岛(锦绣半岛)总站,南浦岛(锦绣半岛)总,南浦岛(锦绣半岛)总站,BV09294914,113.253542,23.047146
南浦岛总站,南浦岛总,南浦岛总站,BV10020343,113.253377,23.046856
南浦敏捷金月湾,南浦敏捷金月湾,南浦敏捷金月湾,BV10655135,113.250822,23.039551
南浦村,南浦村#1,南浦村,BV11690772,113.171854,23.347122
南浦村,南浦村#2,南浦村,BV09344241,113.462706,22.963622
南浦村总站,南浦村总,南浦村总站,BV10018849,113.170255,23.347073
南浦海滨花园,南浦海滨花园,南浦海滨花园,BV11089350,113.285663,23.038806
南浦综合市场,南浦综合市场,南浦综合市场,BV10023221,113.271695,23.048237
南浦车站,南浦车,南浦车站,BV10023220,113.27483,23.049065
南海中学,南海中学,南海中学,BV10667541,112.992862,22.949318
南海体育馆,南海体育馆,南海体育馆,BV11175931,113.135949,23.050735
南海信息技术学校站,南海信息技术学校,南海信息技术学校站,BV10251717,112.997111,23.085815
南海公交总站,南海公交总,南海公交总站,BV11092271,113.146813,23.041428
南海公安局,南海公安局,南海公安局,BV10251700,113.137391,23.034705
南海区全科医院,南海区全科医院,南海区全科医院,BV09064963,113.124468,23.038334
南海外国语学校(三山校区),南海外国语学校(三山校区),南海外国语学校(三山校区),BV10798162,113.22189,23.009437
南海大道海四路口,南海大道海四路口,南海大道海四路口,BV11692982,113.134307,23.055136
南海广场,南海广场,南海广场,BV11175928,113.134681,23.045917
南海快线枢纽中心,南海快线枢纽中心,南海快线枢纽中心,BV11427465,113.149659,23.039169
南海技师学院站,南海技师学院,南海技师学院站,BV11466153,113.074225,23.198329
南海旅游公交总站,南海旅游公交总,南海旅游公交总站,BV11643957,113.139761,23.054544
南海神庙,南海神庙,南海神庙,BV11386237,113.491167,23.087291
南海神庙,南海神庙,南海神庙,BV10014601,113.491359,23.08714
南海第二人民医院,南海第二人民医院,南海第二人民医院,BV11004275,113.184887,23.042218
南海第二人民医院北,南海第二人民医院北,南海第二人民医院北,BV10254528,113.185611,23.043605
南海管业城,南海管业城,南海管业城,BV11321048,113.16368,23.171437
南海路北,南海路北,南海路北,BV11573377,113.187065,23.114018
南涌口村,南涌口村,南涌口村,BV11206063,113.486661,22.815958
南涌口路站,南涌口路,南涌口路站,BV11206069,113.493468,22.814586
南涌村委站,南涌村委,南涌村委站,BV10024050,113.457209,22.88106
南湖一路,南湖一路,南湖一路,BV10251619,113.046077,23.062382
南湖乐园,南湖乐园,南湖乐园,BV10019147,113.32903,23.219647
南湖半山,南湖半山,南湖半山,BV11688576,113.332707,23.223396
南湖半岛花园总站,南湖半岛花园总,南湖半岛花园总站,BV11199328,113.331314,23.219786
南湖总站,南湖总,南湖总站,BV10388655,113.318834,23.21553
南湾,南湾,南湾,BV11386229,113.50451,23.085347
南湾,南湾,南湾,BV10014603,113.505698,23.084988
南湾总站,南湾总,南湾总站,BV11472711,113.505698,23.084988
南湾水乡总站,南湾水乡总,南湾水乡总站,BV11622857,113.505458,23.085017
南源街,南源街,南源街,BV11371498,113.228994,23.132084
南滘路口,南滘路口,南滘路口,BV10256252,113.196141,23.131516
南漖,南漖,南漖,BV09232376,113.24028,23.053413
南漖(立白科技园)总站,南漖(立白科技园)总,南漖(立白科技园)总站,BV09372077,113.241023,23.055083
南漖村,南漖村,南漖村,BV11199329,113.23939,23.052965
南潢路口,南潢路口,南潢路口,BV10262623,113.668979,23.097537
南燕路,南燕路,南燕路,BV10018265,113.300681,23.072391
南珠路,南珠路,南珠路,BV11476747,113.364266,22.930357
南田西,南田西,南田西,BV10715984,113.252207,23.098553
南田西,南田西,南田西2,BV09222640,113.25199,23.098761
南田路,南田路,南田路,BV11688509,113.256072,23.100582
南石西(地铁棣园站)总站,南石西(地铁棣园站)总,南石西(地铁棣园站)总站,BV09364265,113.258205,23.074901
南石路,南石路,南石路,BV11661262,113.256351,23.077002
南站小学,南站小学,南站小学,BV11451733,113.26998,22.998704
南箕路总站,南箕路总,南箕路总站,BV10021796,113.264126,23.072498
南粤技工学校,南粤技工学校,南粤技工学校,BV11334504,113.537567,23.48618
南约,南约,南约,BV09205390,113.14387,23.035325
南翔一路东,南翔一路东,南翔一路东,BV09355564,113.45618,23.158754
南翔一路中,南翔一路中,南翔一路中,BV11467018,113.452385,23.159357
南翔三路站,南翔三路,南翔三路站,BV10885195,113.442951,23.151093
南翔二路,南翔二路,南翔二路站,BV10885214,113.437871,23.15737
南翔二路东,南翔二路东,南翔二路东站,BV10885189,113.448943,23.156424
南翔二路中,南翔二路中,南翔二路中站,BV09355569,113.443239,23.157237
南航信息楼,南航信息楼,南航信息楼,BV11622444,113.292408,23.371935
南航机务工程部,南航机务工程部,南航机务工程部,BV11271588,113.304782,23.408844
南航碧路口,南航碧路口,南航碧路口,BV10457976,113.188874,23.48236
南航综合楼,南航综合楼,南航综合楼,BV11602139,113.29142,23.37292
南航货运部,南航货运部,南航货运部,BV11421413,113.303273,23.410483
南航路口,南航路口,南航路口,BV10015475,113.179234,23.452281
南英检测,南英检测,南英检测站,BV09371839,113.487263,22.858382
南英站,南英,南英站,BV10561567,113.487361,22.858279
南草堂,南草堂,南草堂,BV10674286,113.378907,23.012853
南菱汽车城,南菱汽车城,南菱汽车城,BV09313066,113.209434,23.428775
南街口,南街口,南街口,BV10023776,113.101043,23.339869
南贤路口,南贤路口,南贤路口,BV11360945,113.208192,23.253363
南边村,南边村,南边村,BV10431804,113.180105,23.072383
南边路口,南边路口,南边路口,BV11669139,113.256073,23.085102
南边路总站,南边路总,南边路总站,BV09372415,113.262721,23.073776
南部快线桥底,南部快线桥底,南部快线桥底,BV10023331,113.419861,22.915131
南部战区总医院,南部战区总医院,南部战区总医院,BV11091382,113.251704,23.144188
南镇牌坊,南镇牌坊,南镇牌坊,BV10253654,113.069822,22.875646
南门,南门,南门站,BV10015691,113.259207,23.426668
南阳庄,南阳庄,南阳庄,BV10018767,113.254711,23.39188
南顺一村尾站,南顺一村尾,南顺一村尾站,BV09272792,113.440972,22.771884
南顺一村站,南顺一村,南顺一村站,BV11419863,113.436405,22.774584
南顺二村中路站,南顺二村中路,南顺二村中路站,BV11419868,113.458983,22.768219
南顺二村尾总站,南顺二村尾总,南顺二村尾总站,BV10382294,113.46782,22.769683
南顺二村尾站,南顺二村尾,南顺二村尾站,BV09273712,113.467732,22.769633
南顺二村站,南顺二村,南顺二村站,BV11419866,113.448042,22.768489
南香山,南香山,南香山,BV09246416,113.629734,23.194233
博汇商业区总站,博汇商业区总,博汇商业区总站,BV11658178,113.501316,23.066022
博爱广场,博爱广场,博爱广场,BV10432514,112.994969,23.118257
博物馆,博物馆,博物馆,BV11363916,113.587776,23.550949
博盈站,博盈,博盈站,BV10023175,113.400321,22.889251
博罗村,博罗村,博罗村,BV10018924,113.36684,23.386744
博艺幼儿园,博艺幼儿园,博艺幼儿园,BV11599618,113.294593,23.255572
博隽商务园,博隽商务园,博隽商务园,BV11451735,113.276023,22.990097
卢屋村站,卢屋村,卢屋村站,BV09233667,113.83271,23.427846
卢溪村西,卢溪村西,卢溪村西,BV10423417,113.757667,23.107955
卫东,卫东,卫东,BV10775407,113.666019,23.646697
卫东,卫东,卫东(东行),BV11640767,113.66637,23.6468
卫东,卫东,卫东(西行),BV11640768,113.666019,23.646697
卫生局,卫生局,卫生局,BV10016386,113.206567,23.374641
卫生职业学院北门,卫生职业学院北门,卫生职业学院北门,BV11620482,113.239696,23.281237
印象黄埔文化创意园,印象黄埔文化创意园,印象黄埔文化创意园,BV11549865,113.538607,23.116189
卷烟一厂,卷烟一厂,卷烟一厂,BV10016433,113.322048,23.092253
历一经济社,历一经济社,历一经济社,BV09240060,113.180077,23.46535
原尚物流站,原尚物流,原尚物流站,BV11118949,113.618919,23.170065
原野实业,原野实业,原野实业,BV10326931,113.844275,23.270982
叁悦广场,叁悦广场,叁悦广场,BV11011360,113.379027,23.103725
友好医院,友好医院,友好医院,BV10019235,113.343254,23.247974
友好老年公寓,友好老年公寓,友好老年公寓,BV10019233,113.343995,23.240657
友谊大厦,友谊大厦,友谊大厦,BV10019887,113.355972,22.945503
友谊路,友谊路,友谊路,BV11689292,113.526406,23.065575
友谊路口,友谊路口,友谊路口,BV10022161,113.525806,23.063938
双井村口,双井村口,双井村口,BV10017378,113.540709,23.140947
双合寮,双合寮,双合寮,BV11119626,113.815859,23.522766
双和三路,双和三路,双和三路,BV11087127,113.302739,23.265952
双和东街,双和东街,双和东街,BV11087125,113.301538,23.267556
双和二街,双和二街,双和二街,BV11564457,113.30274,23.265916
双和公园,双和公园,双和公园,BV11564456,113.30158,23.265037
双和大马路中,双和大马路中,双和大马路中站,BV10949218,113.299957,23.267761
双和大马路西,双和大马路西,双和大马路西站,BV09389673,113.294664,23.264607
双和工业区二路,双和工业区二路,双和工业区二路,BV11087128,113.302761,23.265379
双和庄,双和庄,双和庄,BV11564459,113.302657,23.267434
双塘村,双塘村,双塘村,BV11632886,113.643332,23.391738
双头村,双头村,双头村,BV11486637,113.76258,23.527805
双岗,双岗,双岗,BV11386234,113.477335,23.094548
双岗,双岗,双岗,BV10014598,113.477829,23.094094
双岗向南庄,双岗向南庄,双岗向南庄站,BV11690335,113.231058,23.32805
双岗市场,双岗市场,双岗市场,BV11539267,113.225655,23.327856
双岗村,双岗村,双岗村站,BV11345923,113.224795,23.326418
双岗村口,双岗村口,双岗村口,BV10014235,113.226148,23.325829
双桥公园,双桥公园,双桥公园,BV11441191,113.213086,23.126919
双沙(信华路),双沙(信华路),双沙(信华路),BV09229655,113.477596,23.101122
双沙(黄埔东路),双沙(黄埔东路),双沙(黄埔东路),BV09237024,113.480461,23.091084
双菱扎钢,双菱扎钢,双菱扎钢,BV09295097,113.633946,23.123471
双菱轧钢,双菱轧钢,双菱轧钢,BV10020934,113.633646,23.123589
发源路中,发源路中,发源路中,BV11467017,113.492654,23.163785
变电站,变电,变电站,BV10019710,113.288859,22.949285
叠北路口,叠北路口,叠北路口,BV09309568,113.122412,23.071033
叠景路,叠景路,叠景路,BV10729099,113.305143,23.088019
叠景路口,叠景路口,叠景路口,BV10729098,113.309943,23.088197
叠溪花园,叠溪花园,叠溪花园,BV11118929,113.711652,23.247985
叠溪花园总站,叠溪花园总,叠溪花园总站,BV09359809,113.713844,23.247112
叠翠峰西门,叠翠峰西门,叠翠峰西门站,BV11438901,113.514347,22.798574
口岸大厦站,口岸大厦,口岸大厦站,BV10015945,113.66895,22.644887
口岸综合楼,口岸综合楼,口岸综合楼,BV11622448,113.294646,23.368926
口岸路口,口岸路口,口岸路口,BV11139587,113.573891,23.543298
古东工业区,古东工业区,古东工业区,BV10387210,113.286651,22.909136
古东村尾,古东村尾,古东村尾,BV09301513,113.285,22.918722
古塘社,古塘社,古塘社,BV11359305,113.527701,23.570046
古岗,古岗,古岗,BV10252407,113.075027,23.217623
古树大道南,古树大道南,古树大道南,BV11666227,113.051958,23.406444
古树大道路口,古树大道路口,古树大道路口,BV11412191,113.068464,23.445939
古梅北,古梅北,古梅北,BV10653322,113.568843,23.056415
古楼村,古楼村,古楼村站,BV11483607,113.237466,23.289441
古田,古田,古田,BV10808757,113.87618,23.771468
古西村口,古西村口,古西村口,BV11394959,113.285323,22.922072
古西老人中心,古西老人中心,古西老人中心,BV09200222,113.285369,22.92196
可园,可园,可园,BV10262125,113.73922,23.042899
台涌,台涌,台涌,BV11689398,113.334499,23.088353
叶岭坳,叶岭坳,叶岭坳,BV10016215,113.60415,23.242499
叶岭村,叶岭村,叶岭村,BV10014815,113.594752,23.225275
叶岭村北,叶岭村北,叶岭村北,BV10016216,113.596586,23.235464
叶岭村南,叶岭村南,叶岭村南,BV09082056,113.595087,23.221831
叶新围总站,叶新围总,叶新围总站,BV11169364,113.648818,23.71409
叶边市场,叶边市场,叶边市场,BV10018880,113.199733,23.285725
叶边村,叶边村,叶边村,BV10014424,113.201458,23.285346
司法学校,司法学校,司法学校,BV10982982,113.265767,23.221078
司法学校总站,司法学校总,司法学校总站,BV11645374,113.26573,23.221202
合兴村,合兴村,合兴村,BV10019766,113.510218,22.96376
合劲科技创新城,合劲科技创新城,合劲科技创新城,BV10648779,113.430563,22.940318
合和新城,合和新城,合和新城,BV11688163,113.252843,23.377008
合和路,合和路,合和路,BV09077528,113.173417,23.453092
合境,合境,合境,BV10015473,113.184722,23.46985
合境村,合境村,合境村,BV10023924,113.181655,23.470937
合成,合成,合成,BV11168438,113.174883,23.454191
合成东路,合成东路,合成东路,BV11621974,113.177176,23.448159
合成五街,合成五街,合成五街,BV10441427,113.174008,23.457703
合成村委,合成村委,合成村委,BV10441426,113.176105,23.456811
合成西路,合成西路,合成西路,BV11569366,113.173076,23.450199
合景誉山国际南门,合景誉山国际南门,合景誉山国际南门站,BV11510978,113.601761,23.182768
合景路,合景路,合景路,BV11458233,113.400464,23.157389
合景路东,合景路东,合景路东,BV09269182,113.403049,23.158214
合水店村,合水店村,合水店村,BV11119371,113.956048,23.427428
合沙村站,合沙村,合沙村站,BV10020145,113.335514,22.847532
合生君景湾,合生君景湾,合生君景湾,BV10256249,113.168052,23.137028
合生湖山国际峰景,合生湖山国际峰景,合生湖山国际峰景,BV11360195,113.562792,23.12955
合益村,合益村,合益村,BV11119370,113.66485,23.368625
合群,合群,合群,BV11116069,113.634744,23.784639
合群村委,合群村委,合群村委,BV11152724,113.6335,23.783539
合群村委总站,合群村委总,合群村委总站,BV11491337,113.63327,23.783569
合群路,合群路,合群路,BV09408346,113.288215,23.12141
合耕新村路口,合耕新村路口,合耕新村路口,BV10253575,113.320838,22.822193
合进大道中,合进大道中,合进大道中,BV09183569,113.094601,23.366192
合进大道北,合进大道北,合进大道北,BV09183571,113.097759,23.376743
吉利墟,吉利墟,吉利墟,BV11266128,113.003909,22.975638
吉利市场站,吉利市场,吉利市场站,BV10950829,113.002898,22.974153
吉山坑尾路,吉山坑尾路,吉山坑尾路,BV11175637,113.430101,23.133645
吉山坑尾路口,吉山坑尾路口,吉山坑尾路口,BV11192760,113.427469,23.137912
吉山小学,吉山小学,吉山小学,BV11689173,113.421907,23.1341
吉山幼儿园,吉山幼儿园,吉山幼儿园,BV09000513,113.421809,23.131588
吉山新路街,吉山新路街,吉山新路街,BV11086040,113.422714,23.129708
吉山新路街(吉山村委),吉山新路街(吉山村委),吉山新路街(吉山村委),BV11620081,113.428153,23.128543
吉山村委,吉山村委,吉山村委,BV11144657,113.428384,23.129356
吉岐路,吉岐路,吉岐路,BV10013830,113.430356,23.135269
吉星村,吉星村,吉星村站,BV11497170,113.37903,23.425062
吉祥一路站,吉祥一路,吉祥一路站,BV11491292,113.521737,23.616755
吉祥一路路口(水坑村),吉祥一路路口(水坑村),吉祥一路路口站,BV11308174,113.51765,23.616944
吉祥一路路口(水坑村),吉祥一路路口(水坑村),吉祥一路路口(水坑村),BV09177155,113.517508,23.617256
吉祥二路站,吉祥二路,吉祥二路站,BV11491324,113.522416,23.619618
吉祥二路路口站,吉祥二路路口,吉祥二路路口站,BV11491304,113.51766,23.618584
吉祥北道,吉祥北道,吉祥北道,BV10920243,113.292664,23.046668
吉祥路,吉祥路#1,吉祥路,BV09005648,113.260271,23.13314
吉祥路,吉祥路#2,吉祥路站,BV10902046,113.45021,22.889028
吉祥道,吉祥道,吉祥道,BV11297526,113.297304,23.043971
同乐村,同乐村,同乐村,BV10019775,113.518596,22.9098
同兴村,同兴村,同兴村站,BV09244439,113.527367,22.689162
同和,同和,同和2,BV09209226,113.320645,23.199452
同和,同和,同和站,BV11688408,113.320645,23.199452
同和,同和,同和3,BV09217029,113.320608,23.200627
同和,同和,同和(停北行),BV09041950,113.320622,23.200552
同和,同和,同和(停东行),BV09041949,113.321354,23.200501
同和,同和,同和站2,BV09396961,113.32082,23.199791
同和,同和,同和(停北行)2,BV09396416,113.320622,23.200552
同和,同和,同和1,BV09399597,113.320358,23.200561
同和,同和,同和(南行),BV10388514,113.320369,23.200502
同和榕树头,同和榕树头,同和榕树头,BV11622712,113.32335,23.210063
同和路总站,同和路总,同和路总站,BV10022804,113.336422,23.235615
同声小学,同声小学,同声小学,BV11076678,113.16436,23.159019
同声小学正门,同声小学正门,同声小学正门,BV11647971,113.163659,23.160775
同宝路,同宝路,同宝路,BV10022436,113.327314,23.209787
同康路,同康路#1,同康路站,BV09248056,113.22426,23.159646
同康路,同康路#2,同康路站,BV10015039,113.454533,22.850826
同康路东,同康路东,同康路东站,BV11481843,113.226897,23.160533
同德乡,同德乡,同德乡,BV11688411,113.229632,23.163849
同德乡(地铁同德站)站,同德乡(地铁同德站),同德乡(地铁同德站)站1分站,BV09306553,113.229496,23.164344
同德围,同德围,同德围站,BV09355217,113.236905,23.182811
同德围总站,同德围总#1,同德围总站,BV10387326,113.22463,23.18495
同德围总站,同德围总#2,同德围总站,BV09001043,113.235336,23.180659
同德围总站,同德围总#3,同德围总站,BV10015217,113.22735,23.161911
同江医院,同江医院,同江医院,BV10253568,113.292495,22.830928
同济西,同济西,同济西,BV11394445,113.096593,23.020777
同福中,同福中,同福中,BV10494699,113.252913,23.106436
同福西,同福西,同福西,BV10017771,113.248635,23.105473
同福西路,同福西路,同福西路,BV10019551,113.245546,23.104888
名幸站,名幸,名幸站,BV10326920,113.549841,22.774029
名雅花园,名雅花园,名雅花园,BV11688702,113.169513,23.135794
后海村口,后海村口,后海村口,BV10256195,113.179216,23.162543
后海村总站,后海村总,后海村总站,BV10394168,113.184842,23.168119
后海村路口,后海村路口,后海村路口,BV10648186,113.179759,23.163137
后滘村,后滘村,后滘村,BV10014309,113.315106,23.06423
后滘村口,后滘村口,后滘村口,BV10018266,113.307097,23.072921
后滘西大街,后滘西大街,后滘西大街,BV10387276,113.310943,23.0696
后街牌坊,后街牌坊,后街牌坊,BV10741030,112.90524,23.438134
向西大道中,向西大道中,向西大道中,BV11487659,113.247938,23.235106
向西大道口,向西大道口,向西大道口,BV11487653,113.248843,23.236366
向西村口,向西村口,向西村口,BV11468421,113.577029,23.285816
向阳大街口,向阳大街口,向阳大街口,BV11430818,113.244383,23.160525
向阳村委,向阳村委,向阳村委,BV11115126,113.590047,23.558381
吓坜村,吓坜村,吓坜村,BV11498311,113.713397,23.486503
吓岗村,吓岗村,吓岗村,BV10022992,113.743424,23.229697
吓岗村总站,吓岗村总,吓岗村总站,BV11377191,113.730278,23.232226
吕中,吕中,吕中,BV11139997,113.949452,23.814603
吕新,吕新,吕新,BV11152765,113.953734,23.81903
吕沙路口,吕沙路口,吕沙路口站,BV11151770,113.946503,23.814257
吕田公交总站,吕田公交总,吕田公交总站,BV09233666,113.94735,23.812554
吕田客运站总站,吕田客运站总,吕田客运站总站,BV10808758,113.947249,23.812618
吕田社区,吕田社区,吕田社区,BV11488296,113.946627,23.814128
吕田第二小学,吕田第二小学,吕田第二小学,BV11152767,113.943977,23.815087
君华香柏华府,君华香柏华府,君华香柏华府,BV11376455,113.352709,22.907509
君华香柏华府,君华香柏华府,君华香柏华府(西行),BV11384375,113.353056,22.907717
君华香柏华府,君华香柏华府,君华香柏华府(东行),BV11384376,113.353381,22.907739
含珠村站,含珠村,含珠村站,BV10018454,113.448836,22.864867
启学路,启学路,启学路,BV11102405,113.514654,23.180996
启学路(玉岩路路口),启学路(玉岩路路口),启学路(玉岩路路口),BV10014029,113.519457,23.181998
启学路站(玉岩路路口),启学路站(玉岩路路口),启学路站(玉岩路路口),BV11102415,113.519457,23.181998
启德路,启德路,启德路,BV11658239,113.288499,23.229241
启源大道中,启源大道中,启源大道中,BV10555311,113.279995,23.444483
启源大道西,启源大道西,启源大道西,BV10555308,113.280058,23.451275
吴家涌路(鹤田)路口,吴家涌路(鹤田)路口,吴家涌路(鹤田)路口,BV11131174,113.673508,23.102663
员岗,员岗,员岗,BV10014321,113.355685,23.018137
员工大厦,员工大厦,员工大厦站,BV09348432,113.522958,23.055666
员工服务中心,员工服务中心,员工服务中心,BV10973953,113.298213,23.370403
员村,员村#1,员村,BV09242192,113.359104,23.124934
员村,员村#2,员村,BV11329585,113.350446,23.119674
员村一横路,员村一横路,员村一横路,BV10022311,113.347171,23.123195
员村一横路总站,员村一横路总,员村一横路总站,BV10013630,113.347191,23.126627
员村东,员村东,员村东,BV09243513,113.373906,23.121158
员村东,员村东,员村东2,BV09291509,113.373629,23.121441
员村二横路,员村二横路,员村二横路,BV10017739,113.35707,23.123571
员村二横路南,员村二横路南,员村二横路南,BV10021889,113.357844,23.113863
员村南街,员村南街,员村南街,BV10022030,113.350338,23.116292
员村同乐花园总站,员村同乐花园总,员村同乐花园总站,BV10022031,113.349697,23.114319
员村四横路,员村四横路,员村四横路,BV11519170,113.36547,23.120784
员村四横路口,员村四横路口,员村四横路口,BV11688540,113.365385,23.123204
员村四横路口,员村四横路口,员村四横路口2,BV09302573,113.365853,23.12309
员村家乐福,员村家乐福,员村家乐福,BV10022027,113.352989,23.124991
员村山顶,员村山顶,员村山顶2,BV09285359,113.352383,23.126557
员村山顶,员村山顶,员村山顶,BV09006109,113.352486,23.126536
员村山顶,员村山顶,员村山顶3,BV09285360,113.353248,23.126406
员村总站,员村总#1,员村总站,BV11492234,113.361383,23.122371
员村总站,员村总#2,员村总站,BV10389050,113.361072,23.112576
员村生活区(中山六院),员村生活区(中山六院),员村生活区,BV10021887,113.357491,23.121975
员村生活区(中山六院),员村生活区(中山六院),员村生活区(中山六院),BV09317630,113.357436,23.122175
员村西街,员村西街,员村西街,BV10018542,113.355801,23.123851
员村西街中,员村西街中,员村西街中,BV11329586,113.350496,23.122286
员村西街西,员村西街西,员村西街西,BV11329582,113.347879,23.122469
周屋村,周屋村,周屋村,BV11268017,113.579922,23.608589
周山岗总站,周山岗总,周山岗总站,BV11391200,113.271405,23.01379
周门,周门,周门,BV09379941,113.230778,23.130351
周门街,周门街,周门街,BV09379926,113.233142,23.12978
和丰村委,和丰村委,和丰村委,BV11152742,113.697773,23.796247
和乐路,和乐路,和乐路站,BV11330821,113.355129,23.294872
和兴步行街,和兴步行街,和兴步行街,BV10015586,113.161328,23.411888
和基花园,和基花园,和基花园,BV10251773,113.134371,23.059267
和平东,和平东,和平东,BV10018680,113.245711,23.11432
和平中,和平中,和平中,BV11545107,113.239369,23.114085
和平新村,和平新村,和平新村3,BV09010638,113.231749,23.142133
和平新村,和平新村,和平新村,BV11687875,113.231749,23.142133
和平新村,和平新村,和平新村2,BV09238796,113.231116,23.140632
和平新村,和平新村,和平新村1,BV09238795,113.231764,23.140207
和平村,和平村,和平村,BV11119399,113.908167,23.399866
和平村(招呼站),和平村(招呼站),和平村(招呼站),BV11409762,113.91502,23.400846
和平西,和平西,和平西,BV10018664,113.237121,23.114258
和平路,和平路,和平路,BV11363512,113.832451,23.29238
和平路口,和平路口,和平路口,BV10023215,113.296081,23.010923
和桂中路,和桂中路,和桂中路,BV11646753,113.094253,23.26431
和桂中路南,和桂中路南,和桂中路南,BV11623151,113.094302,23.261436
和桂工业园A区,和桂工业园A区,和桂工业园A区,BV10253027,113.091686,23.269044
和桂工业园路口,和桂工业园路口,和桂工业园路口,BV11623153,113.094154,23.268376
和瑞路口,和瑞路口,和瑞路口,BV11033154,113.264976,23.355339
和瑞路总站,和瑞路总,和瑞路总站,BV10973737,113.253828,23.355097
和瑞路西,和瑞路西,和瑞路西站,BV09246904,113.256488,23.355323
和睦小学,和睦小学,和睦小学,BV11578769,113.621278,23.527626
和睦村,和睦村,和睦村,BV11578763,113.628057,23.524932
和郁同心路口,和郁同心路口,和郁同心路口,BV11634511,113.220617,23.4592
和顺坡,和顺坡,和顺坡,BV11115212,113.710027,23.623432
和顺路口,和顺路口,和顺路口站,BV11482317,113.394997,23.305378
和顺车站,和顺车,和顺车站,BV10252684,113.134097,23.245422
和顺车站总站,和顺车站总,和顺车站总站,BV10631120,113.133932,23.245344
和龙村,和龙村,和龙村站,BV11400776,113.361629,23.291026
和龙村委,和龙村委,和龙村委,BV09125836,113.380931,23.281276
哑布村路口,哑布村路口,哑布村路口,BV11647585,112.942097,23.422595
唐宁花园,唐宁花园,唐宁花园,BV11091398,113.236132,23.157157
唐洪枢纽站,唐洪枢纽,唐洪枢纽站,BV11219602,113.838949,23.109043
唐美村,唐美村,唐美村,BV11354978,113.062998,23.28061
唐阁,唐阁,唐阁,BV11688071,113.237116,23.268922
唐阁南总站,唐阁南总,唐阁南总站,BV10014188,113.230612,23.259038
唐阁村总站,唐阁村总,唐阁村总站,BV10014187,113.235675,23.271054
唐阁路东,唐阁路东,唐阁路东,BV09339756,113.23986,23.260625
唐阁路中,唐阁路中,唐阁路中站,BV09200437,113.236104,23.259089
唯品会总部大厦,唯品会总部大厦,唯品会总部大厦,BV11524286,113.344983,23.107788
唯美集团,唯美集团,唯美集团,BV10264077,113.747021,23.122978
商业大厦,商业大厦,商业大厦,BV11690553,112.44992,23.030858
商业大道北(北社),商业大道北(北社),商业大道北(北社),BV11632955,113.053658,23.174234
商业步行街,商业步行街,商业步行街,BV11645300,113.114514,23.112948
商贸城,商贸城,商贸城,BV10381621,113.595429,23.533132
啟明工业区,啟明工业区,啟明工业区,BV10256026,113.192446,23.192109
善贤街,善贤街,善贤街,BV09368263,113.201661,23.168181
喜乐登活动中心,喜乐登活动中心,喜乐登活动中心,BV11268022,113.579742,23.613196
喜来登大酒店站,喜来登大酒店,喜来登大酒店站,BV10381626,113.524037,22.796022
喜盈雅境,喜盈雅境,喜盈雅境,BV09357580,113.354827,22.920144
嘉安花园站,嘉安花园,嘉安花园站,BV11325974,113.533782,22.706603
嘉御豪庭,嘉御豪庭,嘉御豪庭,BV10024212,113.794154,23.201815
嘉怡花园,嘉怡花园,嘉怡花园站,BV11688731,113.112033,23.117536
嘉景华庭,嘉景华庭,嘉景华庭站,BV11371485,113.098777,23.13576
嘉梦工业园总站,嘉梦工业园总,嘉梦工业园总站,BV09257861,113.279879,23.280165
嘉洲广场,嘉洲广场,嘉洲广场,BV11689448,113.182394,23.111349
嘉洲花园西门,嘉洲花园西门,嘉洲花园西门,BV10252792,113.171532,23.119367
嘉湖花园,嘉湖花园,嘉湖花园,BV10262436,113.800966,23.030305
嘉禾,嘉禾,嘉禾,BV10014476,113.269803,23.233935
嘉禾,嘉禾,嘉禾2,BV09226080,113.271238,23.234717
嘉禾八一科技园,嘉禾八一科技园,嘉禾八一科技园,BV10014474,113.296714,23.2512
嘉禾制药厂,嘉禾制药厂,嘉禾制药厂,BV11268021,113.577829,23.588685
嘉禾总站,嘉禾总,嘉禾总站,BV10017737,113.302721,23.268212
嘉禾望岗公交枢纽站,嘉禾望岗公交枢纽,嘉禾望岗公交枢纽站,BV10425150,113.285393,23.239113
嘉禾望岗总站,嘉禾望岗总,嘉禾望岗总站,BV09408554,113.284195,23.241712
嘉禾望岗站,嘉禾望岗,嘉禾望岗站,BV09408343,113.283624,23.240725
嘉禾金铂天地,嘉禾金铂天地,嘉禾金铂天地,BV11620485,113.274805,23.241338
嘉禾长湴,嘉禾长湴,嘉禾长湴,BV11688379,113.286804,23.260623
嘉禾长湴总站,嘉禾长湴总,嘉禾长湴总站,BV10017100,113.299147,23.263683
嘉禾长湴街总站,嘉禾长湴街总,嘉禾长湴街总站,BV10637010,113.297114,23.261801
嘉美小镇,嘉美小镇,嘉美小镇,BV11411337,113.055244,23.526569
嘉翠苑站,嘉翠苑,嘉翠苑站,BV09408344,113.284833,23.231733
嘉裕花园站,嘉裕花园,嘉裕花园站,BV10014928,113.39926,22.819475
嘉逸华庭,嘉逸华庭,嘉逸华庭,BV10017315,113.190784,23.38327
嘉鸿花园,嘉鸿花园,嘉鸿花园站2,BV09083275,113.285757,23.068368
嘉鸿花园,嘉鸿花园,嘉鸿花园,BV10021775,113.28502,23.068675
嘉鸿花园,嘉鸿花园,嘉鸿花园1,BV09360318,113.28502,23.068675
四丰村,四丰村,四丰村,BV10020769,113.866936,23.232875
四十七中汇景实验学校,四十七中汇景实验学校,四十七中汇景实验学校,BV10017911,113.356188,23.152599
四十七中汇景实验学校北门,四十七中汇景实验学校北门,四十七中汇景实验学校北门,BV10947758,113.357936,23.154616
四涌(万环西)站,四涌(万环西),四涌(万环西)站,BV11615706,113.510614,22.701203
四涌半(万环西)站,四涌半(万环西),四涌半(万环西)站,BV11615705,113.52138,22.692409
四涌站,四涌,四涌站,BV10015002,113.528275,22.715576
四环岛,四环岛,四环岛,BV11255716,113.580327,23.152275
四联大布村,四联大布村,四联大布村,BV11619418,112.908525,23.3144
四联村委会,四联村委会,四联村委会,BV11147523,112.909706,23.349658
四联路口,四联路口,四联路口站,BV11497167,113.401428,23.432587
四角围,四角围,四角围,BV09404948,113.11934,23.373109
四角围村,四角围村,四角围村,BV11375026,113.125718,23.375325
四角围驾校,四角围驾校,四角围驾校,BV11243345,113.122831,23.371985
团丰,团丰,团丰,BV11116064,113.676605,23.795162
团星村(风云岭),团星村(风云岭),团星村,BV10621032,113.570797,23.545376
团星村(风云岭),团星村(风云岭),团星村(风云岭),BV11163050,113.570797,23.545376
团结围总站,团结围总,团结围总站,BV09242692,113.577792,22.612962
团结围站,团结围,团结围站,BV10015943,113.577653,22.6131
团结小学,团结小学,团结小学,BV09374387,113.224011,23.421831
团结市场,团结市场,团结市场,BV10970173,113.266288,23.390523
团结村总站,团结村总,团结村总站,BV10970178,113.268947,23.391007
团结村站,团结村,团结村站,BV10956573,113.256283,23.387833
团结路口,团结路口,团结路口站,BV09078460,113.255957,23.388468
园圃路口,园圃路口,园圃路口,BV11630888,113.82473,23.290023
园坛岭路,园坛岭路,园坛岭路,BV11477130,113.264091,23.239337
园坛岭路总站,园坛岭路总,园坛岭路总站,BV10388955,113.260217,23.239573
园夏村南,园夏村南,园夏村南,BV10018048,113.280922,23.284335
园夏村总站,园夏村总,园夏村总站,BV10509687,113.280437,23.281189
国光厂,国光厂,国光厂站,BV09000465,113.243706,23.376434
国光厂南门,国光厂南门,国光厂南门,BV10977757,113.243465,23.370761
国光厂宿舍站,国光厂宿舍,国光厂宿舍站,BV11341999,113.244304,23.37313
国光厂西门,国光厂西门,国光厂西门,BV10432253,113.233885,23.373875
国医东路,国医东路,国医东路,BV11597700,113.385597,23.049041
国泰,国泰,国泰站,BV11375045,113.006329,23.46278
国防大厦,国防大厦,国防大厦,BV11688471,113.342517,23.128244
国防大厦,国防大厦,国防大厦2,BV09178253,113.336585,23.129047
国防大厦,国防大厦,国防大厦1,BV09317153,113.339449,23.128833
国防大厦,国防大厦,国防大厦3,BV09410279,113.342517,23.128244
国防技校站,国防技校,国防技校站,BV10641096,113.325863,22.837378
国际1号货,国际1号货,国际1号货站,BV11544671,113.305651,23.419301
国际文化中心,国际文化中心,国际文化中心站,BV11371296,113.378962,23.024975
图书馆,图书馆#1,图书馆,BV11689996,113.60109,23.556763
图书馆,图书馆#2,图书馆站,BV09006199,113.111823,22.963489
图书馆,图书馆#3,图书馆站,BV09278258,113.809342,23.286736
图书馆总站,图书馆总,图书馆总站,BV11456554,113.601621,23.55715
圆玄中学,圆玄中学,圆玄中学,BV10812555,113.207334,23.41204
圆玄小学,圆玄小学,圆玄小学,BV11364432,113.202629,23.403503
圆玄道观,圆玄道观,圆玄道观,BV09307813,113.175335,23.400318
土冚村,土冚村,土冚村,BV11653307,113.733703,23.36406
土华,土华,土华,BV10018239,113.348833,23.072546
土华总站,土华总,土华总站,BV10021864,113.340922,23.06766
土华村,土华村,土华村,BV10021866,113.348222,23.072742
土华路东,土华路东,土华路东,BV10606545,113.34668,23.069711
土华路西,土华路西,土华路西,BV11488927,113.340648,23.067434
土江村,土江村,土江村,BV11451062,113.802268,23.134064
圣丰混凝土公司,圣丰混凝土公司,圣丰混凝土公司,BV10467868,113.229324,23.465665
地勤公司,地勤公司,地勤公司,BV11622447,113.294938,23.372058
地玄村,地玄村,地玄村,BV10019776,113.520499,22.90322
地铁万顷沙站,地铁万顷沙,地铁万顷沙站,BV11603402,113.551764,22.701464
地铁万顷沙站,地铁万顷沙,地铁万顷沙站2,BV09243541,113.551844,22.701675
地铁万顷沙站,地铁万顷沙,地铁万顷沙站4,BV09243540,113.551885,22.701632
地铁万顷沙站,地铁万顷沙,地铁万顷沙站1,BV09302201,113.551928,22.701318
地铁三元里站(B出口),地铁三元里站(B出口),地铁三元里站(B出口),BV10554423,113.252354,23.162265
地铁三元里站(C1出口),地铁三元里站(C1出口),地铁三元里站(C1出口),BV10388330,113.251061,23.1636
地铁三元里站(C2出口),地铁三元里站(C2出口),地铁三元里站(C2出口),BV10343609,113.251373,23.162714
地铁三溪站,地铁三溪,地铁三溪站,BV11493585,113.411516,23.106809
地铁三溪站总站,地铁三溪站总,地铁三溪站总站,BV10017905,113.41152,23.106676
地铁东圃站总站,地铁东圃站总,地铁东圃站总站,BV10018701,113.395544,23.112809
地铁东晓南站,地铁东晓南,地铁东晓南站,BV10022709,113.289772,23.074002
地铁东晓南站总站,地铁东晓南站总,地铁东晓南站总站,BV10018263,113.289772,23.074002
地铁东涌站,地铁东涌,地铁东涌站,BV11373961,113.474452,22.888628
地铁东湖站,地铁东湖,地铁东湖站,BV11322251,113.283085,23.118279
地铁东风站,地铁东风,地铁东风站,BV11115115,113.59541,23.569088
地铁东风站D,地铁东风站D,地铁东风站D,BV09216179,113.595473,23.567786
地铁东风站总站,地铁东风站总,地铁东风站总站,BV11261178,113.595509,23.57073
地铁五羊邨站总站,地铁五羊邨站总,地铁五羊邨站总站,BV09081610,113.307771,23.122867
地铁亭岗站,地铁亭岗,地铁亭岗站,BV11464943,113.214078,23.226261
地铁从化客运站,地铁从化客运站(姓钟围),地铁从化客运站2,BV11168223,113.587907,23.534031
地铁从化客运站,地铁从化客运站(姓钟围),地铁从化客运站(姓钟围),BV11154169,113.589071,23.533106
地铁从化客运站,地铁从化客运站(姓钟围),地铁从化客运站1,BV11154757,113.589479,23.534393
地铁从化客运站,地铁从化客运站(姓钟围),地铁从化客运站,BV11154215,113.587907,23.534031
地铁会江站,地铁会江,地铁会江站,BV10023162,113.282474,23.015473
地铁低涌站,地铁低涌,地铁低涌站,BV11476931,113.479489,22.921547
地铁何棠下站(知识城南),地铁何棠下站(知识城南),地铁何棠下站(知识城南),BV10974130,113.539069,23.332704
地铁傍江站(政务服务中心),地铁傍江站(政务服务中心),地铁傍江站,BV09343336,113.404136,22.93948
地铁傍江站(政务服务中心),地铁傍江站(政务服务中心),地铁傍江站(政务服务中心),BV09344615,113.405302,22.939076
地铁南村万博总站,地铁南村万博总,地铁南村万博总站,BV09174292,113.344128,23.00876
地铁南村万博站,地铁南村万博,地铁南村万博站,BV11570418,113.341956,23.007162
地铁南村万博站,地铁南村万博,地铁南村万博站(东行),BV11567284,113.343626,23.008194
地铁南村万博站,地铁南村万博,地铁南村万博站(西行),BV11569779,113.344136,23.008765
地铁南村万博站(番禺大道),地铁南村万博站(番禺大道),地铁南村万博站(番禺大道),BV11455591,113.339891,23.004209
地铁南沙客运港站,地铁南沙客运港,地铁南沙客运港站1,BV09067079,113.602231,22.772063
地铁南沙客运港站,地铁南沙客运港,地铁南沙客运港站,BV10979676,113.606182,22.768215
地铁南沙客运港站,地铁南沙客运港,地铁南沙客运港站2,BV09078984,113.606182,22.768215
地铁南浦站,地铁南浦,地铁南浦站,BV10019087,113.28863,23.036851
地铁南浦站总站,地铁南浦站总,地铁南浦站总站,BV10388092,113.287616,23.036207
地铁厦滘站,地铁厦滘,地铁厦滘站,BV11406349,113.31517,23.040441
地铁厦滘站总站,地铁厦滘站总,地铁厦滘站总站,BV10920869,113.314962,23.040399
地铁双沙站,地铁双沙,地铁双沙站,BV09223636,113.477652,23.100797
地铁员岗站,地铁员岗,地铁员岗站,BV10852863,113.358074,23.018298
地铁员岗站,地铁员岗,地铁员岗站(西行),BV11628094,113.357781,23.018277
地铁员岗站,地铁员岗,地铁员岗站(东行),BV11628093,113.3591,23.018133
地铁嘉禾望岗站,地铁嘉禾望岗,地铁嘉禾望岗站,BV10018935,113.284445,23.238395
地铁嘉禾望岗站总站,地铁嘉禾望岗站总,地铁嘉禾望岗站总站,BV10014401,113.28041,23.237034
地铁塘坑站,地铁塘坑,地铁塘坑站,BV09302145,113.566374,22.756079
地铁夏园站总站,地铁夏园站总,地铁夏园站总站,BV09166061,113.511232,23.085366
地铁大学城南站,地铁大学城南,地铁大学城南站,BV10442569,113.394696,23.046455
地铁大沙地站,地铁大沙地,地铁大沙地站,BV10021046,113.440825,23.105948
地铁大沙地站总站,地铁大沙地站总,地铁大沙地站总站,BV10018232,113.440323,23.105607
地铁大涌站,地铁大涌,地铁大涌站,BV10975333,113.551243,22.76138
地铁大石(新光快速),地铁大石(新光快速),地铁大石站,BV10020322,113.315158,23.021163
地铁大石(新光快速),地铁大石(新光快速),地铁大石(新光快速),BV11685768,113.316527,23.019818
地铁大石总站,地铁大石总,地铁大石总站,BV10019654,113.315074,23.021198
地铁大石站总站,地铁大石站总,地铁大石站总站,BV11051546,113.315074,23.021198
地铁大观南路站,地铁大观南路,地铁大观南路站,BV11312594,113.400895,23.147814
地铁大金钟路站,地铁大金钟路,地铁大金钟路站,BV09412640,113.271246,23.164441
地铁天河智慧城总站,地铁天河智慧城总,地铁天河智慧城总站,BV11600876,113.397884,23.165237
地铁天河智慧城站,地铁天河智慧城,地铁天河智慧城站,BV11313278,113.397856,23.166223
地铁太和站,地铁太和,地铁太和站,BV11111615,113.342041,23.301693
地铁太平站,地铁太平,地铁太平站,BV11115122,113.486398,23.454938
地铁官洲站,地铁官洲,地铁官洲站,BV09100200,113.370772,23.069257
地铁官洲站总站,地铁官洲站总,地铁官洲站总站,BV10456440,113.370772,23.069257
地铁小坪站,地铁小坪,地铁小坪站,BV11468423,113.237957,23.20583
地铁市二宫站,地铁市二宫,地铁市二宫站,BV10388873,113.264737,23.10837
地铁市二宫站,地铁市二宫,地铁市二宫站1,BV09232762,113.26474,23.108363
地铁市二宫站,地铁市二宫,地铁市二宫站2,BV09403509,113.264273,23.1094
地铁市二宫站2号分站(北行)改为停靠,地铁市二宫站2号分站(北行)改为停靠,地铁市二宫站2号分站(北行)改为停靠1号分站,BV09403372,113.26474,23.108363
地铁市广路站,地铁市广路,地铁市广路站,BV11629448,113.332871,22.973424
地铁广隆站,地铁广隆,地铁广隆站,BV10975334,113.536021,22.774695
地铁文冲站,地铁文冲,地铁文冲站,BV10017799,113.464373,23.106078
地铁新和站总站,地铁新和站总,地铁新和站总站,BV10971863,113.460854,23.41549
地铁新造总站,地铁新造总,地铁新造总站,BV11437063,113.409713,23.031526
地铁新造站,地铁新造,地铁新造站,BV10020043,113.409623,23.031441
地铁旺村站,地铁旺村,地铁旺村站,BV10974133,113.546554,23.325751
地铁晓港站,地铁晓港,地铁晓港站,BV11566821,113.277083,23.095731
地铁暹岗站,地铁暹岗,地铁暹岗站,BV10845333,113.457362,23.173551
地铁枫下站,地铁枫下,地铁枫下站,BV10974235,113.503806,23.365014
地铁柯木塱站,地铁柯木塱,地铁柯木塱站,BV11585446,113.392134,23.196168
地铁桂城站,地铁桂城,地铁桂城站,BV09300165,113.135311,23.03458
地铁梅花园站,地铁梅花园,地铁梅花园站,BV10022521,113.315493,23.178442
地铁棠东站,地铁棠东,地铁棠东站,BV11312608,113.383634,23.133465
地铁植物园(世纪绿洲)站,地铁植物园(世纪绿洲),地铁植物园(世纪绿洲)站,BV09184321,113.361799,23.194819
地铁植物园站,地铁植物园,地铁植物园站,BV10855094,113.361799,23.194819
地铁横沙站,地铁横沙,地铁横沙站,BV10016979,113.200663,23.161716
地铁横沙站,地铁横沙,地铁横沙站2,BV11621971,113.200962,23.161151
地铁横沙站,地铁横沙,地铁横沙站1,BV09315831,113.200624,23.161522
地铁横沥站,地铁横沥,地铁横沥站,BV11603399,113.507209,22.755219
地铁汉溪长隆G站,地铁汉溪长隆,地铁汉溪长隆G站,BV09411874,113.325121,22.996987
地铁汉溪长隆G站,地铁汉溪长隆,地铁汉溪长隆B站,BV11038930,113.326208,22.997484
地铁汉溪长隆G站,地铁汉溪长隆,地铁汉溪长隆C站,BV11062941,113.325841,22.997739
地铁汉溪长隆G站,地铁汉溪长隆,地铁汉溪长隆D站,BV10014952,113.324836,22.997152
地铁汉溪长隆G站,地铁汉溪长隆,地铁汉溪长隆A站,BV11037524,113.324714,22.996745
地铁汉溪长隆G站,地铁汉溪长隆,地铁汉溪长隆站,BV09167612,113.323981,22.994599
地铁江夏站,地铁江夏,地铁江夏站,BV10018059,113.2777,23.213341
地铁江夏站总站,地铁江夏站总,地铁江夏站总站,BV10019056,113.277749,23.213025
地铁江泰路站总站,地铁江泰路站总,地铁江泰路站总站,BV10022191,113.274871,23.085318
地铁汤村站,地铁汤村,地铁汤村站,BV10974132,113.560526,23.308855
地铁沙溪站,地铁沙溪,地铁沙溪站(东行),BV09359573,113.331563,23.036941
地铁沙溪站,地铁沙溪,地铁沙溪站(西行),BV09359574,113.334765,23.03683
地铁沙溪站,地铁沙溪,地铁沙溪站,BV10019645,113.334762,23.036816
地铁沙溪站(E1出口),地铁沙溪站(E1出口),地铁沙溪站(E1出口),BV11604375,113.331638,23.037099
地铁沙贝站,地铁沙贝,地铁沙贝站,BV11271514,113.206144,23.154151
地铁沙贝站总站,地铁沙贝站总,地铁沙贝站总站,BV10021444,113.205594,23.155448
地铁沥滘站,地铁沥滘,地铁沥滘站,BV11365763,113.314384,23.057497
地铁沥滘站总站,地铁沥滘站总,地铁沥滘站总站,BV11366964,113.314384,23.057497
地铁洛溪站(新浦路),地铁洛溪站(新浦路),地铁洛溪站,BV10015048,113.294607,23.045261
地铁洛溪站(新浦路),地铁洛溪站(新浦路),地铁洛溪站(新浦路),BV09201158,113.293653,23.047069
地铁浔峰岗站,地铁浔峰岗,地铁浔峰岗站,BV10782772,113.19579,23.167052
地铁浔峰岗站,地铁浔峰岗,地铁浔峰岗站(北行),BV09348791,113.196015,23.166803
地铁浔峰岗站,地铁浔峰岗,地铁浔峰岗站(停南行),BV09410867,113.196007,23.166597
地铁浔峰岗站总站,地铁浔峰岗站总,地铁浔峰岗站总站,BV09375165,113.196015,23.166803
地铁海傍站,地铁海傍,地铁海傍站,BV10019757,113.46981,22.944106
地铁海傍站总站,地铁海傍站总,地铁海傍站总站,BV09324092,113.469538,22.942443
地铁海涌路,地铁海涌路,地铁海涌路分站,BV09350053,113.454034,22.945173
地铁海涌路站(海傍村),地铁海涌路站(海傍村),地铁海涌路站(海傍村)站,BV09343732,113.450917,22.944289
地铁滘心站总站,地铁滘心站总,地铁滘心站总站,BV11461979,113.211858,23.240114
地铁燕山站总站,地铁燕山站总,地铁燕山站总站,BV09223815,113.469914,23.198185
地铁白云东平站,地铁白云东平,地铁白云东平站,BV11117232,113.311996,23.25285
地铁白云公园站,地铁白云公园,地铁白云公园站,BV10022459,113.265309,23.184548
地铁白云公园站总站,地铁白云公园站总,地铁白云公园站总站,BV11568890,113.265309,23.184548
地铁白云大道北站,地铁白云大道北,地铁白云大道北站,BV10461223,113.2914,23.225078
地铁知识城站,地铁知识城,地铁知识城站,BV10974131,113.520531,23.351832
地铁石壁站,地铁石壁,地铁石壁站,BV10020403,113.273131,22.995957
地铁石潭站,地铁石潭,地铁石潭站,BV11468422,113.234555,23.187891
地铁石碁南站(前锋村),地铁石碁南站(前锋村),地铁石碁南站(前锋村),BV09339921,113.439673,22.94206
地铁石碁站,地铁石碁,地铁石碁站,BV10567952,113.459715,22.961155
地铁神岗站,地铁神岗,地铁神岗站,BV11160653,113.511416,23.477318
地铁科学城站,地铁科学城,地铁科学城站,BV10387282,113.444915,23.170278
地铁科韵路站,地铁科韵路,地铁科韵路站,BV10022464,113.372414,23.121511
地铁竹料站,地铁竹料,地铁竹料站,BV11076348,113.36353,23.352593
地铁竹料站总站,地铁竹料站总,地铁竹料站总站,BV10018919,113.363606,23.353471
地铁红卫站,地铁红卫,地铁红卫站,BV10974234,113.481273,23.40139
地铁红卫站总站,地铁红卫站总,地铁红卫站总站,BV11598269,113.481464,23.401302
地铁联和站,地铁联和,地铁联和站,BV09306208,113.079159,23.062581
地铁苏元站(暹岗圣贤),地铁苏元站(暹岗圣贤),地铁苏元站,BV10845336,113.460761,23.17306
地铁苏元站(暹岗圣贤),地铁苏元站(暹岗圣贤),地铁苏元站(暹岗圣贤),BV10902149,113.460601,23.172864
地铁菊树站,地铁菊树,地铁菊树站,BV11316711,113.207327,23.069515
地铁萝岗站,地铁萝岗,地铁萝岗站2,BV09192165,113.475021,23.177568
地铁萝岗站,地铁萝岗,地铁萝岗站,BV10845332,113.475404,23.177812
地铁萝岗站,地铁萝岗,地铁萝岗站1,BV09192166,113.47506,23.177573
地铁萧岗站,地铁萧岗,地铁萧岗站,BV11430322,113.274963,23.201825
地铁裕丰围站,地铁裕丰围,地铁裕丰围站,BV09176208,113.450474,23.096401
地铁西村站总站,地铁西村站总,地铁西村站总站,BV10018699,113.23638,23.144373
地铁谢村,地铁谢村,地铁谢村站,BV09266315,113.29236,22.992911
地铁赤草站,地铁赤草,地铁赤草站,BV11160652,113.554393,23.503973
地铁车陂南站,地铁车陂南,地铁车陂南站,BV10022500,113.383526,23.115522
地铁金坑站,地铁金坑,地铁金坑站,BV11312587,113.521695,23.252309
地铁金峰站,地铁金峰,地铁金峰站,BV10845337,113.445394,23.184193
地铁钟村站,地铁钟村,地铁钟村站,BV10849875,113.310307,22.988763
地铁钟落潭站,地铁钟落潭,地铁钟落潭站,BV11117233,113.396303,23.378733
地铁镇龙北站(洋田村),地铁镇龙北站(洋田村),地铁镇龙北站(洋田村),BV11006528,113.572413,23.291548
地铁镇龙站总站,地铁镇龙站总,地铁镇龙站总站,BV10995414,113.58857,23.28667
地铁镇龙西站,地铁镇龙西,地铁镇龙西站,BV11131337,113.567428,23.281229
地铁长寿路站,地铁长寿路,地铁长寿路站,BV11545115,113.236618,23.120027
地铁长平站,地铁长平,地铁长平站,BV11311969,113.484685,23.213586
地铁长平站总站,地铁长平站总,地铁长平站总站,BV11311971,113.484482,23.213663
地铁长湴站,地铁长湴,地铁长湴站,BV10408399,113.343916,23.181134
地铁陈头岗总站,地铁陈头岗总,地铁陈头岗总站,BV11670852,113.260256,23.015319
地铁飞沙角(广隆苑)站,地铁飞沙角(广隆苑),地铁飞沙角(广隆苑)站,BV11421791,113.535935,22.784476
地铁飞沙角站,地铁飞沙角,地铁飞沙角站,BV10975331,113.536066,22.784661
地铁飞翔公园站,地铁飞翔公园,地铁飞翔公园站,BV11411883,113.259308,23.171671
地铁飞翔公园站总站,地铁飞翔公园站总,地铁飞翔公园站总站,BV10018317,113.259816,23.171892
地铁香雪站,地铁香雪,地铁香雪站,BV10845329,113.496036,23.175089
地铁香雪站,地铁香雪,地铁香雪站2,BV09192170,113.495922,23.174945
地铁香雪站总站,地铁香雪站总,地铁香雪站总站,BV10900952,113.497455,23.175834
地铁马沥站,地铁马沥,地铁马沥站,BV11117231,113.444846,23.396107
地铁高塘石站,地铁高塘石,地铁高塘石站,BV10845278,113.404628,23.193659
地铁高增站总站,地铁高增站总,地铁高增站总站,BV10974404,113.290746,23.358378
地铁鱼珠站,地铁鱼珠,地铁鱼珠站,BV10382628,113.426986,23.102845
地铁鱼珠站总站,地铁鱼珠站总,地铁鱼珠站总站,BV10014588,113.428412,23.102584
地铁黄陂站,地铁黄陂,地铁黄陂站,BV10844638,113.430095,23.190707
地铁龙归站总站,地铁龙归站总,地铁龙归站总站,BV10405580,113.294562,23.291778
地铁龙洞站,地铁龙洞,地铁龙洞站,BV10845275,113.368974,23.194253
地铁龙溪站,地铁龙溪,地铁龙溪站,BV10017975,113.18721,23.068485
均冲站,均冲,均冲站,BV10015038,113.457098,22.848806
均和东,均和东,均和东,BV11098341,113.258922,23.257382
均和墟,均和墟,均和墟,BV09242701,113.254782,23.256244
均和村,均和村,均和村站,BV10021972,113.549392,23.267886
均田,均田,均田站,BV11400775,113.388581,23.275569
均禾上村,均禾上村,均禾上村,BV10595017,113.292524,23.256601
均禾大道中,均禾大道中,均禾大道中,BV11690767,113.275393,23.259206
均禾工业区总站(清湖村),均禾工业区总站(清湖村),均禾工业区总站(清湖村),BV11088446,113.270055,23.271109
坑口地铁站,坑口地铁,坑口地铁站,BV10018354,113.226837,23.081858
坑口地铁站总站,坑口地铁站总,坑口地铁站总站,BV09073347,113.227897,23.082104
坑围村,坑围村,坑围村站,BV10847184,113.514206,23.183321
坑头,坑头,坑头,BV10013820,113.436007,23.110148
坑头东线,坑头东线,坑头东线,BV10023409,113.396697,22.994263
坑头东线工业区,坑头东线工业区,坑头东线工业区,BV10425318,113.400541,22.982042
坑头工业区,坑头工业区,坑头工业区,BV10023366,113.387553,22.984777
坑头市场,坑头市场,坑头市场站,BV10020029,113.390739,22.984823
坑头村,坑头村,坑头村站,BV11130508,113.390809,22.986896
坑头村总站,坑头村总,坑头村总站,BV11171750,113.392729,22.983451
坑头村生态公园,坑头村生态公园,坑头村生态公园,BV10019989,113.393891,22.984583
坑尾村,坑尾村,坑尾村站,BV11308172,113.524594,23.600559
坑田,坑田,坑田,BV10013821,113.43296,23.109267
坑贝地铁站,坑贝地铁,坑贝地铁站,BV11119378,113.638355,23.281368
坑贝村,坑贝村,坑贝村,BV11619432,113.643525,23.280891
坑边路,坑边路,坑边路,BV11371742,113.444395,23.334618
坤和街口,坤和街口,坤和街口,BV09334662,113.317667,23.260998
坦头村站,坦头村,坦头村站,BV10016462,113.560606,22.80897
坦尾总站,坦尾总,坦尾总站,BV10021070,113.215964,23.124416
坦尾村站,坦尾村,坦尾村站,BV11161928,113.512286,22.790975
坦尾牌坊,坦尾牌坊,坦尾牌坊,BV11230411,113.209964,23.123314
坦尾西路,坦尾西路,坦尾西路,BV11230410,113.208964,23.124769
坦尾路,坦尾路,坦尾路站,BV10016161,113.214656,23.126863
坪东村,坪东村,坪东村,BV11371879,113.273889,23.437677
坪地,坪地,坪地2,BV11489895,113.857087,23.891178
坪地,坪地,坪地1,BV11559829,113.852323,23.890008
坪山,坪山,坪山,BV11691185,113.26296,23.434214
坭紫市场,坭紫市场,坭紫市场,BV10016842,113.635124,23.11719
坳头村,坳头村,坳头村,BV11415566,113.627022,23.407347
坳尾村站,坳尾村,坳尾村站,BV10014918,113.379538,22.862245
坳岗,坳岗,坳岗站,BV11383669,113.550709,23.321632
城东停车场(花都湖),城东停车场(花都湖),城东停车场,BV11062016,113.22209,23.383662
城东停车场(花都湖),城东停车场(花都湖),城东停车场(花都湖),BV11625865,113.22266,23.384287
城东停车场总站,城东停车场总,城东停车场总站,BV11394024,113.221041,23.382461
城东粤运汽车站,城东粤运汽车,城东粤运汽车站,BV09347347,112.485771,23.061504
城中公园,城中公园,城中公园,BV10958777,113.041839,23.058608
城区中学,城区中学,城区中学,BV10254618,113.197548,22.935339
城区小学,城区小学,城区小学,BV10253113,113.195064,22.932903
城南路口,城南路口,城南路口,BV10252167,113.040653,23.057787
城壕庄,城壕庄,城壕庄,BV11542520,113.27881,23.32076
城市广场,城市广场,城市广场,BV10251698,113.1501,23.037335
城市花园,城市花园,城市花园,BV09005802,113.39783,22.944423
城市花园路口,城市花园路口,城市花园路口站,BV10964949,113.396445,22.945047
城市规划展览中心,城市规划展览中心,城市规划展览中心站,BV09303618,113.273273,23.19402
城康,城康,城康,BV09236185,113.555406,23.635934
城康总站,城康总,城康总站,BV10022881,113.5554,23.635956
城康村二社,城康村二社,城康村二社,BV09026137,113.556719,23.632625
城建学院,城建学院,城建学院,BV10022844,113.601983,23.53293
城建学院总站,城建学院总,城建学院总站,BV10019407,113.602003,23.53198
城西市场,城西市场,城西市场,BV11474705,113.577063,23.555076
城西花园,城西花园,城西花园,BV11688445,113.204148,23.161446
城西花园,城西花园,城西花园1,BV09244061,113.204148,23.161446
城西花园,城西花园,城西花园2,BV09302293,113.205115,23.16187
城西花园总站,城西花园总,城西花园总站,BV10014504,113.205117,23.161873
城郊中学,城郊中学,城郊中学,BV10018729,113.569925,23.580931
城际官桥北站,城际官桥北,城际官桥北站,BV09278660,113.438805,22.984687
城际广州莲花山,城际广州莲花山,城际广州莲花山,BV09280588,113.487074,23.004145
城际海北广场,城际海北广场,城际海北广场,BV10251769,113.18674,23.13587
城际花都站,城际花都,城际花都站,BV11664134,113.194481,23.378681
城际麻涌站,城际麻涌,城际麻涌站,BV09280342,113.567995,23.023203
城鳌大道,城鳌大道,城鳌大道,BV11359298,113.490323,23.584209
城鳌大道中,城鳌大道中,城鳌大道中,BV11154753,113.485846,23.585028
埔南路,埔南路,埔南路,BV11602763,113.534075,23.129807
埔南路(翡翠绿洲)总站,埔南路(翡翠绿洲)总,埔南路(翡翠绿洲)总站,BV11456556,113.545682,23.137155
埔南路东,埔南路东,埔南路东,BV11602759,113.543463,23.131745
埔南路中,埔南路中,埔南路中,BV11602762,113.537494,23.131
埔心村,埔心村,埔心村,BV10382328,113.541952,23.352215
埔心村口,埔心村口,埔心村口,BV09050666,113.523372,23.349761
埔心路口,埔心路口,埔心路口,BV10021172,113.53535,23.360783
培新中学,培新中学,培新中学,BV10014221,113.219501,23.38149
培智学校,培智学校,培智学校,BV10020052,113.413492,22.975366
培正大道路口,培正大道路口,培正大道路口,BV11428995,113.081566,23.388962
培正路,培正路,培正路,BV11321547,113.291875,23.122267
培贤路口,培贤路口,培贤路口站,BV10019799,113.455654,22.888228
基业花园北,基业花园北,基业花园北,BV10255865,113.213618,23.0322
基岗大道南,基岗大道南,基岗大道南,BV09348756,113.7089,23.176479
基岗村路口,基岗村路口,基岗村路口,BV09136660,113.706829,23.190068
基建新村,基建新村,基建新村,BV10681376,113.259673,23.08556
基立下道,基立下道,基立下道1,BV11621851,113.269097,23.106555
基立下道,基立下道,基立下道,BV11688513,113.268872,23.106629
基立下道,基立下道,基立下道2,BV11621853,113.268872,23.106629
基立村,基立村,基立村,BV10021128,113.270179,23.104415
堑口,堑口,堑口,BV10885474,113.257133,23.111196
堑口,堑口,堑口2,BV09179585,113.256248,23.110607
堑口码头(一劳大旧址),堑口码头(一劳大旧址),堑口码头,BV11332161,113.256116,23.111715
堑口码头(一劳大旧址),堑口码头(一劳大旧址),堑口码头(一劳大旧址),BV09321841,113.256116,23.111715
塔岗村,塔岗村,塔岗村,BV10856384,113.590827,23.199684
塔竹坑路口,塔竹坑路口,塔竹坑路口,BV11369784,113.500245,23.539862
塔脚,塔脚,塔脚,BV09027380,113.375111,23.310681
塘下村十社,塘下村十社,塘下村十社,BV11171790,113.602919,23.593191
塘下村委,塘下村委,塘下村委,BV11115220,113.600261,23.587274
塘下江,塘下江,塘下江,BV10808750,113.894689,23.77241
塘丰,塘丰,塘丰,BV11484880,113.975992,23.809246
塘厦村,塘厦村,塘厦村,BV10264089,113.755059,23.114251
塘口,塘口#1,塘口,BV11346384,113.424689,23.112273
塘口,塘口#2,塘口站,BV11346385,113.262147,23.38981
塘口村,塘口村,塘口村,BV11463938,113.836212,23.213294
塘坑村,塘坑村,塘坑村站,BV10015851,113.566696,22.756284
塘坑村,塘坑村,塘坑村,CL100012,113.562696,22.756256
塘埗西,塘埗西,塘埗西,BV09192781,113.331458,23.01656
塘基,塘基,塘基,BV11152720,114.008381,23.861211
塘基村委,塘基村委,塘基村委,BV11398024,114.025002,23.859747
塘头,塘头,塘头站,BV11687928,113.526065,23.090716
塘头村,塘头村#1,塘头村站,BV09391516,113.095932,22.99262
塘头村,塘头村#2,塘头村,BV10019998,113.814974,23.208164
塘尾,塘尾#1,塘尾,BV11491293,113.715097,23.704867
塘尾,塘尾#2,塘尾站,BV11491294,113.730855,23.696295
塘尾村委,塘尾村委,塘尾村委,BV11152758,113.728041,23.699167
塘星村,塘星村,塘星村,BV10631942,113.344461,23.454407
塘步东,塘步东,塘步东,BV10014316,113.337052,23.015028
塘步西,塘步西,塘步西,BV09000467,113.331458,23.01656
塘涌,塘涌,塘涌站,BV09316438,113.373033,22.919566
塘田,塘田,塘田,BV10775404,113.886051,23.771215
塘美广场,塘美广场,塘美广场,BV10016080,113.634811,23.14962
塘联市场,塘联市场,塘联市场,BV11371482,113.057854,23.171575
塘联旧社,塘联旧社,塘联旧社,BV11413189,113.062382,23.169889
塘贝,塘贝,塘贝站,BV11345919,113.226316,23.303169
塘贝村,塘贝村,塘贝村,BV10632189,113.233775,23.30306
塘边村,塘边村#1,塘边村,BV10741031,112.920613,23.441546
塘边村,塘边村#2,塘边村,BV10910369,113.667468,23.16872
塘面村,塘面村,塘面村,BV10024136,113.821818,23.159167
塱仔新村,塱仔新村,塱仔新村,BV11578752,113.592605,23.549083
塱头村,塱头村,塱头村,BV09176953,113.084713,23.34081
塱边村,塱边村,塱边村,BV10412598,113.438419,22.960121
塱边村口,塱边村口,塱边村口,BV10023389,113.437544,22.961904
塱边村尾,塱边村尾,塱边村尾,BV10023388,113.438497,22.964436
增南路,增南路,增南路,BV10638286,113.208266,23.077422
增南路口,增南路口,增南路口,BV10018580,113.209051,23.078955
增城中学,增城中学,增城中学,BV10322960,113.785946,23.291435
增城公交站,增城公交,增城公交站,BV09274993,113.833057,23.295104
增城区第一中学,增城区第一中学,增城区第一中学,BV11092639,113.818108,23.249298
增城宾馆,增城宾馆,增城宾馆,BV10020377,113.817084,23.279543
增城广场东(临时站),增城广场东(临时站),增城广场东,BV11346510,113.813803,23.279962
增城广场东(临时站),增城广场东(临时站),增城广场东(临时站),BV09211969,113.813803,23.279962
增城广场北,增城广场北,增城广场北,BV10020787,113.812585,23.28511
增城广场地铁总站,增城广场地铁总,增城广场地铁总站,BV11198223,113.809779,23.281257
增城广场西,增城广场西,增城广场西,BV11403278,113.809774,23.282676
增城应元高中,增城应元高中,增城应元高中,BV09318074,113.564888,23.156004
增城碧桂园学校,增城碧桂园学校,增城碧桂园学校,BV11105989,113.819829,23.219419
增城站公交总站,增城站公交总,增城站公交总站,BV09190522,113.793907,23.206055
增塘村,增塘村,增塘村,BV11415011,113.754275,23.243632
增塘村路口,增塘村路口,增塘村路口,BV11626751,113.752115,23.244081
增槎路北,增槎路北,增槎路北,BV11346875,113.220442,23.177964
增江小学,增江小学,增江小学,BV11447601,113.846148,23.252577
增江工业区,增江工业区,增江工业区,BV11312861,113.838841,23.278764
增江市场,增江市场,增江市场,BV10020792,113.839575,23.288597
增沙村站,增沙村,增沙村站,BV10387151,113.391703,22.768509
增滘村,增滘村,增滘村,BV10018582,113.205665,23.077493
增滘立交西,增滘立交西,增滘立交西,BV10588749,113.196677,23.071779
增龙车站,增龙车,增龙车站,BV11125532,113.840719,23.296835
墩塘村站,墩塘村,墩塘村站,BV10014970,113.364052,22.837287
墩塘桥站,墩塘桥,墩塘桥站,BV10014971,113.35849,22.836292
墩涌,墩涌,墩涌站,BV10019807,113.411516,22.89844
壁珑湾站,壁珑湾,壁珑湾站,BV11457216,113.525313,22.802222
士官训练学校,士官训练学校,士官训练学校,BV11253920,113.383236,23.336874
复甦,复甦,复甦,BV10019994,113.480287,23.036765
复甦B,复甦B,复甦B,BV11018445,113.480335,23.036435
夏东,夏东,夏东,BV11688703,113.178737,23.036799
夏南二大街,夏南二大街,夏南二大街,BV10254414,113.175176,23.054966
夏园,夏园,夏园站,BV11687921,113.511742,23.085221
夏园,夏园,夏园站,BV09388858,113.511648,23.085449
夏园总站,夏园总,夏园总站,BV10014074,113.510429,23.08494
夏埔村口,夏埔村口,夏埔村口,BV11430770,113.562423,23.110321
夏埔村总站,夏埔村总,夏埔村总站,BV11290725,113.561858,23.101188
夏平路(清风路口),夏平路(清风路口),夏平路(清风路口),BV10897344,113.196138,23.045161
夏港,夏港,夏港,BV09288121,113.520242,23.066271
夏港,夏港,夏港站1号分站,BV09288122,113.520541,23.065856
夏花一路,夏花一路,夏花一路,BV11688446,113.253434,23.23436
夏花三路,夏花三路,夏花三路站,BV11345911,113.223295,23.291527
夏花二路,夏花二路,夏花二路,BV10014185,113.240761,23.262004
夏茅,夏茅,夏茅,BV11688462,113.256793,23.226395
夏茅大道,夏茅大道,夏茅大道,BV10018018,113.252883,23.228496
夏茅大道口,夏茅大道口,夏茅大道口,BV10019313,113.252966,23.228584
夏茅市场,夏茅市场,夏茅市场,BV10018019,113.251374,23.225705
夏茅总站,夏茅总#1,夏茅总站,BV10896410,113.256597,23.225529
夏茅总站,夏茅总#2,夏茅总站,BV10019542,113.245597,23.231749
夏街村,夏街村,夏街村,BV10020826,113.82769,23.287239
夏西工业区北站,夏西工业区北,夏西工业区北站,BV11676696,113.083612,23.258044
夏西工业区南站,夏西工业区南,夏西工业区南站,BV11676723,113.083942,23.252992
夏西新路,夏西新路,夏西新路,BV10252399,113.155904,23.040023
外环西路总站(青创汇),外环西路总站(青创汇),外环西路总站,BV10017775,113.366247,23.053204
外环西路总站(青创汇),外环西路总站(青创汇),外环西路总站(青创汇),BV11577999,113.366068,23.053296
外语外贸大学(公开学院),外语外贸大学(公开学院),外语外贸大学,BV11689614,113.250588,23.236452
外语外贸大学(公开学院),外语外贸大学(公开学院),外语外贸大学(公开学院),BV11322695,113.250588,23.236452
多宝路(广医三院),多宝路(广医三院),多宝路(广医三院),BV11615371,113.228184,23.118827
多宝路(广医三院),多宝路(广医三院),多宝路,BV10021694,113.228184,23.118827
多宝路口,多宝路口,多宝路口,BV11273513,113.231031,23.120021
多洲,多洲,多洲,BV10381622,113.475566,23.034396
大丘园,大丘园,大丘园,BV11624286,113.573104,23.623077
大东门(中山三路),大东门(中山三路),大东门(中山三路),BV11327667,113.276019,23.12966
大东门(越秀北路),大东门(越秀北路),大东门(越秀北路),BV10021653,113.273242,23.130664
大丰街,大丰街,大丰街,BV10703775,113.521261,23.072455
大井村站,大井村,大井村站,BV10984363,113.50153,22.825408
大份村,大份村,大份村,BV10812784,113.841184,23.33171
大元帅府,大元帅府,大元帅府,BV10015732,113.274468,23.113405
大元帅府总站,大元帅府总,大元帅府总站,BV10018245,113.274479,23.112789
大元村站,大元村,大元村站,BV10014995,113.493541,22.758875
大兴,大兴,大兴,BV11620349,113.503809,23.510462
大冈,大冈,大冈,BV11452111,112.921582,23.30117
大冈小学,大冈小学,大冈小学,BV11609293,113.236413,23.213427
大冈村口,大冈村口,大冈村口,BV11609290,113.235884,23.21303
大冈村总站,大冈村总,大冈村总站,BV11609285,113.238403,23.217223
大冈街,大冈街,大冈街,BV11609287,113.237522,23.215638
大冚坦,大冚坦,大冚坦,BV11409060,113.775394,23.414269
大冚村,大冚村,大冚村,BV11119377,113.895477,23.396978
大农公社,大农公社,大农公社,BV11403277,113.483138,22.904347
大冲口,大冲口,大冲口,BV10013604,113.239076,23.091993
大刀沙村委,大刀沙村委,大刀沙村委,BV10023332,113.431347,22.913496
大刀沙村尾,大刀沙村尾,大刀沙村尾,BV11395778,113.44741,22.912973
大北路,大北路,大北路站,BV09000378,113.36072,22.940552
大北路,大北路,大北路分站,BV11131343,113.360498,22.941681
大华市场,大华市场,大华市场,BV09002105,113.201304,23.406913
大华社区中心,大华社区中心,大华社区中心,BV10432243,113.199093,23.408049
大南路,大南路,大南路,BV11688404,113.262277,23.122807
大吉村,大吉村,大吉村站,BV11419914,113.278452,22.808279
大同村,大同村,大同村站,BV10014913,113.392212,22.897577
大同村,大同村,大同村站(南行),BV11579116,113.391826,22.895134
大同村,大同村,大同村站(北行),BV11579115,113.392212,22.897577
大同村公交站,大同村公交,大同村公交站,BV09148651,113.392212,22.897568
大同村委站,大同村委,大同村委站,BV10387498,113.389274,22.893631
大围,大围,大围,BV11018290,113.804478,23.856593
大围村,大围村,大围村,BV11624285,113.568237,23.619634
大地通讯,大地通讯,大地通讯,BV10262368,113.772973,23.042881
大坑社(深水社),大坑社(深水社),大坑社(深水社),BV11198737,113.723921,23.582378
大坝桥,大坝桥,大坝桥,BV11372186,113.793945,23.52225
大坦居委,大坦居委,大坦居委,BV10022145,113.580837,23.266252
大坦沙总站,大坦沙总,大坦沙总站,BV10014799,113.211892,23.137565
大坦沙污水处理厂,大坦沙污水处理厂,大坦沙污水处理厂,BV10021073,113.214365,23.126161
大坪,大坪#1,大坪,BV11151777,113.908997,23.899656
大坪,大坪#2,大坪,BV11323080,113.773234,23.679381
大坳市场站,大坳市场,大坳市场站,BV10742366,113.3547,22.889384
大坳村三合涌站,大坳村三合涌,大坳村三合涌站,BV11414767,113.349535,22.881371
大坳村委站,大坳村委,大坳村委站,BV10754908,113.358032,22.88226
大坳村站,大坳村,大坳村站,BV10742363,113.363287,22.885681
大坳村路口站,大坳村路口,大坳村路口站,BV11622852,113.132562,23.319574
大城云山花园,大城云山花园,大城云山花园,BV10020868,113.48964,23.461665
大埔东街,大埔东街,大埔东街,BV11463595,113.250078,23.201789
大埔围,大埔围,大埔围,BV10020745,113.889104,23.221393
大埔村,大埔村,大埔村,BV10432273,113.772751,23.477598
大埗路南,大埗路南,大埗路南,BV09005840,113.163134,23.395504
大基头,大基头,大基头,BV10014585,113.246689,23.106671
大基头总站,大基头总,大基头总站,BV10480093,113.246485,23.1076
大塘(江海大道),大塘(江海大道),大塘(江海大道),BV11688341,113.326712,23.088724
大塘(江海大道),大塘(江海大道),大塘,BV11673974,113.326712,23.088724
大塘中学,大塘中学,大塘中学,BV11401362,113.3421,23.425158
大塘工业园,大塘工业园#1,大塘工业园,BV10389122,112.927023,23.441233
大塘工业园,大塘工业园#2,大塘工业园,BV10255590,112.93873,23.451957
大塘工业园东门,大塘工业园东门,大塘工业园东门,BV10910497,112.954407,23.438375
大塘总站,大塘总,大塘总站,BV10016431,113.325244,23.088354
大塘汽车客运站,大塘汽车客运,大塘汽车客运站,BV10741027,112.915903,23.431724
大塘西总站(敦和),大塘西总站(敦和),大塘西总站(敦和),BV11472988,113.313886,23.090613
大塘路口,大塘路口,大塘路口,BV10016432,113.32196,23.089056
大塘边,大塘边#1,大塘边站,BV10388697,113.493036,23.467416
大塘边,大塘边#2,大塘边,BV11485510,113.713316,23.724069
大塘镇政府,大塘镇政府,大塘镇政府,BV10254355,112.903803,23.430583
大塱,大塱,大塱,BV11483612,113.254763,23.236776
大夫山北门,大夫山北门,大夫山北门,BV10019727,113.305087,22.970327
大夫山森林公园路口,大夫山森林公园路口,大夫山森林公园路口,BV11641449,113.312622,22.940515
大夫田路口,大夫田路口,大夫田路口,BV11381020,113.534269,23.579575
大学城(广大)总站,大学城(广大)总,大学城(广大)总站,BV11421884,113.367028,23.046658
大学城(广工)总站,大学城(广工)总,大学城(广工)总站,BV11662780,113.384137,23.035554
大学城中部枢纽总站,大学城中部枢纽总,大学城中部枢纽总站,BV10019620,113.371654,23.048406
大学城体育中心总站,大学城体育中心总,大学城体育中心总站,BV10023260,113.390247,23.058551
大学城体育中心西,大学城体育中心西,大学城体育中心西,BV10021957,113.386881,23.060174
大学城北商业区,大学城北商业区,大学城北商业区,BV11441883,113.027628,23.154618
大学城南亭村总站,大学城南亭村总,大学城南亭村总站,BV10387389,113.381351,23.037135
大学城广中医总站,大学城广中医总,大学城广中医总站,BV11408959,113.405104,23.060114
大学城广大总站,大学城广大总,大学城广大总站,BV10017779,113.367039,23.046538
大学城总站,大学城总#1,大学城总站,BV11691219,113.384137,23.035554
大学城总站,大学城总#2,大学城总站,BV09002930,113.371593,23.048342
大学城总站(中部枢纽),大学城总站(中部枢纽),大学城总站(中部枢纽),BV11626281,113.371343,23.048394
大学城星光下道总站,大学城星光下道总,大学城星光下道总站,BV09254007,113.374077,23.044157
大学城科学中心总站,大学城科学中心总,大学城科学中心总站,BV10022575,113.359606,23.044378
大学城穗石村总站,大学城穗石村总,大学城穗石村总站,BV10323037,113.407123,23.048862
大安村,大安村,大安村,BV10860790,113.597084,23.391584
大宜岗(李家村),大宜岗(李家村),大宜岗(李家村),BV10892058,112.929684,23.353385
大封门,大封门,大封门,BV10488796,113.76296,23.57051
大尖山戒毒所,大尖山戒毒所,大尖山戒毒所,BV11198733,113.738585,23.582453
大山李,大山李,大山李,BV10326912,113.408463,23.26733
大山路口,大山路口,大山路口,BV11597982,113.537232,23.398025
大岗中学站,大岗中学,大岗中学站,BV11171610,113.403588,22.802066
大岗中心小学站,大岗中心小学,大岗中心小学站,BV09302194,113.398938,22.8021
大岗公交总站,大岗公交总,大岗公交总站,BV11273043,113.394333,22.800703
大岗农科所站,大岗农科所,大岗农科所站,BV11419867,113.417746,22.783466
大岗医院站,大岗医院,大岗医院站,BV09302202,113.404307,22.80706
大岗园林宾馆路口站,大岗园林宾馆路口,大岗园林宾馆路口站,BV11419862,113.407701,22.804858
大岗文化中心,大岗文化中心,大岗文化中心,BV11343716,113.383744,22.785934
大岗新客运站,大岗新客运,大岗新客运站,BV11626858,113.394333,22.800703
大岗村,大岗村,大岗村,BV11118524,113.715016,23.308283
大岗派出所,大岗派出所,大岗派出所站,BV10014937,113.397163,22.800139
大岗镇政府站,大岗镇政府,大岗镇政府站,BV11689820,113.393395,22.808257
大岭,大岭#1,大岭,BV10258771,113.44995,22.534062
大岭,大岭#2,大岭,BV11152940,113.702821,23.721074
大岭北街,大岭北街,大岭北街,BV10508065,113.272311,23.242493
大岭南路,大岭南路,大岭南路,BV10013879,113.195752,23.33896
大岭围,大岭围,大岭围,BV11578761,113.636989,23.52411
大岭村,大岭村,大岭村,BV10023070,113.468436,22.984115
大岭村委,大岭村委,大岭村委,BV11484100,113.397121,23.641372
大岭村总站,大岭村总#1,大岭村总站,BV10013882,113.196246,23.354222
大岭村总站,大岭村总#2,大岭村总站,BV11042907,113.472445,22.987207
大岭村龙漖路口,大岭村龙漖路口,大岭村龙漖路口,BV10023099,113.484572,22.987458
大岭路口,大岭路口,大岭路口站,BV11688160,113.198264,23.335723
大岭顶路,大岭顶路,大岭顶路,BV11634417,113.336,23.27202
大岭顶路东,大岭顶路东,大岭顶路东,BV11661251,113.344148,23.274396
大巷工业区,大巷工业区,大巷工业区,BV10022353,113.276393,23.331177
大巷涌路口,大巷涌路口,大巷涌路口,BV10023424,113.334421,22.899738
大布市场,大布市场,大布市场,BV10015585,113.157962,23.408157
大布沙,大布沙,大布沙,BV10254356,112.903772,23.434835
大布路,大布路,大布路,BV11597219,113.269609,23.266228
大布路口,大布路口,大布路口站,BV11690768,113.270545,23.259273
大干围,大干围#1,大干围,BV11317278,113.287974,23.060532
大干围,大干围#2,大干围,CL100006,113.276816,23.062256
大干围中,大干围中,大干围中,BV10022471,113.287718,23.063349
大干围北,大干围北,大干围北,BV09242541,113.286822,23.066244
大干围码头,大干围码头,大干围码头,BV10862581,113.288125,23.059035
大平市场,大平市场,大平市场,BV10019948,113.33249,22.949882
大平村,大平村,大平村,BV10019949,113.33053,22.947432
大弄庄站,大弄庄,大弄庄站,BV11591015,113.203063,23.430539
大德路,大德路,大德路,BV10016246,113.249959,23.119576
大心田村,大心田村,大心田村,BV10022140,113.584455,23.250582
大排,大排,大排,BV11116065,113.989766,23.849518
大敦学校,大敦学校,大敦学校,BV11156228,113.659459,23.129311
大敦广场,大敦广场,大敦广场,BV10615866,113.650635,23.127526
大敦综合市场,大敦综合市场,大敦综合市场,BV11410464,113.663336,23.130353
大新西,大新西,大新西,BV10022337,113.250301,23.118057
大新路,大新路,大新路,BV09237332,113.25403,23.118736
大新路口,大新路口,大新路口,BV11688396,113.247464,23.117711
大新路口,大新路口,大新路口1,BV09340762,113.247464,23.117711
大朗,大朗,大朗,BV10252515,113.142902,23.209484
大朗中学,大朗中学,大朗中学,BV11684946,113.238849,23.241539
大朗中路,大朗中路,大朗中路,BV11315592,113.247277,23.240709
大朗中路口,大朗中路口,大朗中路口,BV11689610,113.248345,23.241106
大朗北路口,大朗北路口,大朗北路口,BV11689611,113.247972,23.24602
大朗夏边总站,大朗夏边总,大朗夏边总站,BV10019372,113.23462,23.238326
大朗工业路,大朗工业路,大朗工业路,BV11319410,113.240476,23.240739
大朗市场,大朗市场,大朗市场,BV10889445,113.135772,23.213494
大朗总站,大朗总,大朗总站,BV10018516,113.232641,23.251609
大朗村,大朗村,大朗村,BV09265900,113.234868,23.241502
大朗火车站,大朗火车,大朗火车站,BV11315590,113.230304,23.239654
大松岗,大松岗,大松岗,BV11345910,113.232373,23.281064
大板工业区,大板工业区,大板工业区,BV11562838,113.323726,22.942321
大桥头,大桥头,大桥头,BV10017283,113.28305,22.898343
大正新城,大正新城,大正新城,BV11191810,113.006972,22.844701
大正路东,大正路东,大正路东,BV11368635,113.01792,22.836445
大步公园,大步公园,大步公园,BV11690574,113.574007,23.045917
大步口村,大步口村,大步口村,BV11630886,113.849603,23.357177
大步工业区,大步工业区,大步工业区,BV10263106,113.568957,23.033621
大步村,大步村,大步村,BV11690576,113.574747,23.048829
大水村,大水村,大水村,BV10326935,113.463978,23.266683
大氹村路口,大氹村路口,大氹村路口,BV11028707,113.477462,23.586571
大江直街北,大江直街北,大江直街北,BV10021667,113.306826,23.102532
大江直街南,大江直街南,大江直街南,BV10021666,113.306513,23.099284
大江苑,大江苑,大江苑,BV10021299,113.307052,23.103838
大江苑总站,大江苑总,大江苑总站,BV10323128,113.307005,23.10458
大江路口,大江路口,大江路口,BV09177200,113.597216,23.549052
大江路口,大江路口,大江路口站(东行),BV11442559,113.59672,23.548987
大江路口,大江路口,大江路口站(西行),BV11442558,113.597106,23.549057
大江里,大江里,大江里,BV11018297,113.7284,23.740701
大汾田公路口,大汾田公路口,大汾田公路口,BV10018174,113.552712,23.27773
大沙东,大沙东,大沙东,BV11248514,113.445352,23.10842
大沙东(黄埔海关),大沙东(黄埔海关),大沙东(黄埔海关),BV09227577,113.452598,23.108832
大沙东延长线,大沙东延长线,大沙东延长线,BV11591688,113.476794,23.103635
大沙东总站,大沙东总,大沙东总站,BV11074718,113.470711,23.104686
大沙北路,大沙北路,大沙北路,BV09242414,113.448463,23.112084
大沙地,大沙地,大沙地,BV11688534,113.442247,23.104223
大沙地西(中山大道路口),大沙地西(中山大道路口),大沙地西(中山大道路口),BV10021329,113.43777,23.103822
大沙头,大沙头,大沙头,BV11688477,113.276925,23.117722
大沙头总站,大沙头总,大沙头总站,BV10019191,113.277173,23.117138
大沙头游船码头,大沙头游船码头,大沙头游船码头站,BV11688483,113.281893,23.115979
大沙头游船码头,大沙头游船码头,大沙头游船码头1,BV09278983,113.281893,23.115979
大沙新村东街口,大沙新村东街口,大沙新村东街口,BV10819365,113.33055,23.056505
大沙村,大沙村,大沙村,BV10016719,113.325037,23.057813
大沙村东,大沙村东,大沙村东,BV10016720,113.333283,23.054629
大沙村委,大沙村委,大沙村委,BV09259960,113.174084,23.15471
大沙桥东,大沙桥东,大沙桥东,BV11049191,113.246921,22.91096
大沙桥西,大沙桥西,大沙桥西,BV10254016,113.234146,22.910013
大沙西,大沙西,大沙西,BV11687955,113.442915,23.107235
大沙路口,大沙路口,大沙路口,BV09259961,113.18067,23.147129
大沥商业步行街,大沥商业步行街,大沥商业步行街,BV10252233,113.114514,23.112948
大沥城区南,大沥城区南,大沥城区南,BV09000897,113.119011,23.112906
大沥摩托车市场,大沥摩托车市场,大沥摩托车市场,BV11688720,113.105528,23.118949
大沥新庄,大沥新庄,大沥新庄站,BV09242693,113.324597,23.307223
大沥村,大沥村,大沥村,BV10381843,113.33128,23.309288
大沥村(科强路),大沥村(科强路),大沥村(科强路),BV10388409,113.325905,23.30071
大沥欧庄,大沥欧庄,大沥欧庄,BV11500814,113.324793,23.302702
大沥汽车客运站(松岗大道南),大沥汽车客运站(松岗大道南),大沥汽车客运站,BV10252420,113.099337,23.124355
大沥汽车客运站(松岗大道南),大沥汽车客运站(松岗大道南),大沥汽车客运站(松岗大道南),BV09309271,113.099333,23.124267
大沥综合市场,大沥综合市场,大沥综合市场站,BV11462230,113.094348,23.122716
大沥路(田心村口),大沥路(田心村口),大沥路(田心村口),BV09242695,113.336994,23.304383
大洞,大洞,大洞,BV11152751,113.73723,23.692096
大洞村口,大洞村口,大洞村口,BV09221587,113.585161,23.398968
大洲村,大洲村,大洲村,BV10023029,113.254036,22.985901
大洲路口,大洲路口#1,大洲路口,BV10023012,113.272805,23.001167
大洲路口,大洲路口#2,大洲路口,BV10326097,113.833112,23.112468
大涌东路,大涌东路,大涌东路站,BV11106814,113.551156,22.763138
大涌地铁公交站(B出口),大涌地铁公交站(B出口),大涌地铁公交站(B出口),BV09148650,113.551267,22.761605
大涌站,大涌,大涌站,BV10015856,113.55313,22.769928
大涌路口站,大涌路口,大涌路口站,BV10016465,113.545216,22.766972
大涌路西,大涌路西,大涌路西,BV09375189,113.308608,23.024771
大涡村,大涡村,大涡村,BV10017066,113.035437,23.318456
大润发A站,大润发,大润发A站,BV10464483,113.250738,22.823544
大淋岗村,大淋岗村,大淋岗村,BV10017794,113.428779,23.141159
大湾区文体中心（灵新大道）,大湾区文体中心（灵新大道）,大湾区文体中心（灵新大道）,CL100010,113.651076,22.587646
大湾路口,大湾路口,大湾路口,BV10257364,112.44278,23.036131
大源,大源,大源,BV10013963,113.346234,23.252142
大源北,大源北,大源北,BV10013961,113.350864,23.258569
大源路北,大源路北,大源路北,BV11688550,113.347576,23.27262
大生村委站,大生村委,大生村委站,BV10641078,113.339759,22.846384
大田商业步行街,大田商业步行街,大田商业步行街,BV10331034,113.202841,23.273539
大田围,大田围,大田围,BV11119586,113.657557,23.434158
大田围路口,大田围路口,大田围路口,BV11151766,113.747715,23.489197
大田小学,大田小学,大田小学,BV10021283,113.196082,23.270155
大田村,大田村,大田村,BV10023633,113.620728,23.298227
大田村总站,大田村总,大田村总站,BV10388445,113.194145,23.270552
大田社,大田社,大田社,BV11308212,113.581776,23.511441
大盛村,大盛村,大盛村,BV11689333,113.540578,23.051243
大石,大石,大石站,BV10019877,113.306058,23.027079
大石中学总站,大石中学总,大石中学总站,BV10023452,113.298241,23.024312
大石中心小学,大石中心小学,大石中心小学,BV10023230,113.303659,23.017992
大石古村路口,大石古村路口,大石古村路口,BV10621038,113.45178,23.594399
大石地铁站总站,大石地铁站总,大石地铁站总站,BV10728326,113.314925,23.021311
大石城,大石城,大石城,BV10023171,113.3043,23.02818
大石岗,大石岗,大石岗,BV11484243,113.185267,23.312208
大石文化广场,大石文化广场,大石文化广场,BV10023168,113.298066,23.027063
大石桥北,大石桥北,大石桥北,BV11054555,113.307905,23.037118
大石桥南,大石桥南,大石桥南,BV11687895,113.305656,23.031347
大石街道办,大石街道办,大石街道办,BV10023170,113.302311,23.026956
大稳村,大稳村,大稳村站,BV10019803,113.426928,22.89725
大稳村牌坊站,大稳村牌坊,大稳村牌坊站,BV11421625,113.4274,22.895849
大稳村社区服务中心站,大稳村社区服务中心,大稳村社区服务中心站,BV11421623,113.430096,22.891341
大稳水上绿道站,大稳水上绿道,大稳水上绿道站,BV09302197,113.437066,22.883542
大窝塱,大窝塱,大窝塱,BV11369779,113.466217,23.559151
大策,大策,大策,BV10014065,113.22502,23.099562
大简中桥站,大简中桥,大简中桥站,BV10020668,113.409077,22.866919
大简村(南沙大道)站,大简村(南沙大道),大简村(南沙大道)站,BV10020700,113.401894,22.870253
大简村九队(南沙大道)站,大简村九队(南沙大道),大简村九队(南沙大道)站,BV10499783,113.415402,22.86488
大纲领村总站,大纲领村总,大纲领村总站,BV09074315,113.350695,23.356615
大维村,大维村,大维村,BV10023165,113.295527,23.017508
大罗塘珠宝小镇,大罗塘珠宝小镇,大罗塘珠宝小镇,BV10019837,113.348312,22.96319
大罗村,大罗村,大罗村,BV10018776,113.35599,23.33122
大罗村(市广路),大罗村(市广路),大罗村(市广路),BV10019847,113.350858,22.959549
大罗村(银平路),大罗村(银平路),大罗村(银平路),BV11352461,113.347839,22.961895
大罗村总站,大罗村总#1,大罗村总站,BV11476851,113.358159,23.324753
大罗村总站,大罗村总#2,大罗村总站,BV10550331,113.351931,23.33671
大良医院,大良医院,大良医院,BV11689462,113.253054,22.819002
大良安监分局,大良安监分局,大良安监分局,BV11156254,113.256871,22.830446
大良实验小学,大良实验小学,大良实验小学,BV11141183,113.264686,22.830584
大菀路口,大菀路口,大菀路口,BV10612218,113.223975,23.310872
大观中路(新塘大街),大观中路(新塘大街),大观中路(新塘大街)站,BV11268996,113.403725,23.153086
大观中路南,大观中路南,大观中路南站,BV11279613,113.404992,23.15494
大观北路(广汕路口),大观北路(广汕路口),大观北路(广汕路口),BV11467010,113.420212,23.190427
大观路,大观路,大观路站,BV10847059,113.411928,23.172683
大观路北,大观路北,大观路北站,BV10847046,113.416482,23.178323
大观路北总站,大观路北总,大观路北总站,BV10021209,113.419055,23.181424
大路脚,大路脚,大路脚,BV10579520,113.519157,23.640427
大转弯,大转弯,大转弯,BV11689458,113.176363,23.108006
大转弯夹板城,大转弯夹板城,大转弯夹板城,BV09006384,113.18009,23.105847
大运公司,大运公司,大运公司,BV11317193,113.194385,23.418305
大运公寓,大运公寓,大运公寓,BV11688157,113.198745,23.417743
大运家园,大运家园,大运家园,BV11086035,113.228382,23.404955
大金钟路,大金钟路,大金钟路,BV11481120,113.274275,23.165161
大金钟路,大金钟路,大金钟路(停南行),BV11167255,113.2745,23.163961
大金钟路,大金钟路,大金钟路(停北行),BV10388880,113.274194,23.165498
大镇,大镇,大镇,BV10252542,113.097984,23.090869
大陂(地派)总站,大陂(地派)总,大陂(地派)总站,BV11152747,114.041142,23.843782
大鹏路口站,大鹏路口,大鹏路口站,BV10405473,113.379346,22.790108
大麦庄,大麦庄,大麦庄,BV11247430,113.271139,23.291774
大龙中学(城区大道),大龙中学(城区大道),大龙中学(城区大道),BV11607349,113.392243,22.952668
大龙中学(富怡路),大龙中学(富怡路),大龙中学(富怡路),BV10672649,113.392034,22.95462
大龙头村,大龙头村,大龙头村,BV10014425,113.195799,23.287769
大龙头村西,大龙头村西,大龙头村西,BV10621312,113.193136,23.288172
大龙小学,大龙小学,大龙小学,BV10020077,113.425813,22.961556
大龙小学东门,大龙小学东门,大龙小学东门,BV11624632,113.427077,22.962691
大龙居委,大龙居委,大龙居委,BV10015127,113.433343,22.960794
大龙村路口,大龙村路口,大龙村路口,BV11256882,113.422131,23.438174
大龙桥,大龙桥,大龙桥,BV10023442,113.427642,22.954818
大龙经济发展公司,大龙经济发展公司,大龙经济发展公司,BV10020076,113.422536,22.961904
大龙路口,大龙路口,大龙路口,BV10015121,113.42274,22.975475
天丰路,天丰路,天丰路,BV10017413,113.451176,23.163572
天丰路口,天丰路口,天丰路口,BV10323026,113.458403,23.162364
天云街,天云街,天云街,BV10962312,113.26602,23.203861
天健创意园,天健创意园,天健创意园,BV09027379,113.326384,23.202795
天健创意园总站,天健创意园总,天健创意园总站,BV10793675,113.326255,23.202736
天健广场,天健广场,天健广场,BV09027381,113.328698,23.201502
天健装饰材料城,天健装饰材料城,天健装饰材料城,BV10021126,113.33003,23.195196
天光墟,天光墟,天光墟,BV10412595,113.443763,22.957578
天创工业园(南沙大道)站,天创工业园(南沙大道),天创工业园(南沙大道)站,BV09344863,113.395373,22.879663
天和村,天和村,天和村,BV11584403,113.293091,23.44125
天园路,天园路,天园路,BV10991257,113.279,23.108584
天坤三路,天坤三路,天坤三路,BV11609227,113.388148,23.142138
天坤三路总站,天坤三路总,天坤三路总站,BV11564624,113.391454,23.141635
天坤二路,天坤二路,天坤二路站,BV09234812,113.388765,23.139343
天城庄路东,天城庄路东,天城庄路东,BV09381324,113.395256,23.361051
天字码头,天字码头,天字码头站,BV11136772,113.266328,23.118172
天字码头,天字码头,天字码头,BV10582111,113.265847,23.117316
天安番禺节能科技园,天安番禺节能科技园,天安番禺节能科技园,BV11610818,113.363496,22.981122
天安番禺节能科技园,天安番禺节能科技园,天安番禺节能科技园3,BV09368237,113.363568,22.981126
天安科园总站,天安科园总,天安科园总站,BV09374428,113.36388,22.981138
天安科技园总站,天安科技园总,天安科技园总站,BV11493923,113.363707,22.981131
天宝地铁站,天宝地铁,天宝地铁站,BV11670244,113.773266,23.052685
天寿路,天寿路,天寿路,BV11688551,113.32703,23.147619
天寿路,天寿路,天寿路1,BV09306449,113.327043,23.148567
天寿路,天寿路,天寿路2,BV09310406,113.326896,23.148044
天就站,天就,天就站,BV11484098,113.357287,23.59904
天峰三区,天峰三区,天峰三区,BV11630304,113.487208,22.947645
天峰二区,天峰二区,天峰二区,BV11630305,113.488172,22.950379
天平架,天平架,天平架,BV10013968,113.317186,23.164567
天平架总站,天平架总,天平架总站,BV10015233,113.316525,23.161392
天府路,天府路,天府路,BV10017755,113.356767,23.12764
天府路口,天府路口,天府路口,BV10016767,113.357862,23.135964
天慧路,天慧路,天慧路,BV10019135,113.411832,23.178697
天慧路中,天慧路中,天慧路中,BV11464544,113.413635,23.181856
天慧路北,天慧路北,天慧路北站,BV11456553,113.416028,23.183637
天慧路总站,天慧路总,天慧路总站,BV11464543,113.418804,23.186169
天朗明居,天朗明居,天朗明居,BV11693217,113.384823,23.127387
天朗明居,天朗明居,天朗明居,BV10014609,113.384485,23.127421
天河,天河,天河,BV11462418,113.314898,23.130105
天河,天河,天河2,BV09321905,113.31474,23.130504
天河,天河,天河1,BV09348371,113.313941,23.130171
天河东路,天河东路,天河东路,BV11688544,113.327924,23.141206
天河东路,天河东路,天河东路1,BV09310405,113.328059,23.140404
天河东路口,天河东路口,天河东路口,BV10326940,113.328602,23.137876
天河儿童公园,天河儿童公园,天河儿童公园,BV11689176,113.423693,23.136059
天河儿童公园北门总站,天河儿童公园北门总,天河儿童公园北门总站,BV10499588,113.430434,23.135315
天河公交场总站,天河公交场总,天河公交场总站,BV10014021,113.325419,23.135031
天河公交场总站,天河公交场总,天河公交场总站2,BV09073572,113.325297,23.134962
天河公园,天河公园,天河公园,BV11519157,113.357196,23.131965
天河北公交总站,天河北公交总,天河北公交总站,BV10323061,113.329447,23.144231
天河北路,天河北路,天河北路,BV11688537,113.325085,23.144199
天河南,天河南,天河南2,BV10405865,113.328295,23.13254
天河南,天河南,天河南1,BV11431965,113.328423,23.133237
天河南,天河南,天河南,BV10017705,113.328671,23.133476
天河城广场,天河城广场,天河城广场,BV11315195,113.318646,23.136058
天河城站,天河城,天河城站,BV09355215,113.316189,23.133626
天河客运站,天河客运,天河客运站,BV10014277,113.336371,23.172279
天河客运站,天河客运,天河客运站1,BV09086211,113.334339,23.172353
天河客运站,天河客运,天河客运站(西行),BV09397538,113.338244,23.172645
天河客运站总站,天河客运站总,天河客运站总站,BV10322985,113.335834,23.172854
天河智慧城核心区总站(高唐),天河智慧城核心区总站(高唐),天河智慧城核心区总站(高唐),BV10019133,113.406068,23.180919
天河电脑城,天河电脑城,天河电脑城,BV11315201,113.333497,23.137038
天河科技街,天河科技街,天河科技街,BV11519176,113.337777,23.140135
天河立交,天河立交,天河立交,BV10013640,113.303603,23.137026
天河立交,天河立交,天河立交2,BV09226112,113.305517,23.136848
天河软件园管委会,天河软件园管委会,天河软件园管委会站,BV11687886,113.406906,23.173035
天河邮局,天河邮局,天河邮局站,BV09005198,113.3228,23.131541
天泰二路,天泰二路,天泰二路站,BV10022232,113.455235,23.163763
天泰路,天泰路,天泰路,BV10785165,112.925198,23.442782
天泰路北,天泰路北,天泰路北,BV11027606,112.926706,23.448699
天润路,天润路,天润路,BV10021673,113.334316,23.145947
天润路口,天润路口,天润路口,BV10021942,113.328039,23.145994
天涯亭华南制药厂,天涯亭华南制药厂,天涯亭华南制药厂,BV10685784,113.834948,23.112195
天涯亭市场,天涯亭市场,天涯亭市场,BV10266465,113.835997,23.112024
天湖峰境,天湖峰境,天湖峰境,BV11226217,113.434732,23.448026
天湖峰境总站,天湖峰境总,天湖峰境总站,BV10527811,113.435667,23.447689
天源路中,天源路中,天源路中站,BV09002644,113.347155,23.183632
天源路总站,天源路总,天源路总站,BV09065517,113.360339,23.192746
天玺湾北门站,天玺湾北门,天玺湾北门站,BV10016460,113.575328,22.807861
天玺湾西门,天玺湾西门,天玺湾西门,BV09227221,113.57334,22.806395
天生路,天生路,天生路,BV10017379,113.53586,23.144337
天盈路,天盈路,天盈路,BV10019134,113.409026,23.177606
天益工业区,天益工业区,天益工业区站,BV10023183,113.443567,22.87171
天益村(南沙大道),天益村(南沙大道),天益村(南沙大道)站,BV10020699,113.435795,22.857682
天益村站,天益村,天益村站,BV10023159,113.438886,22.873601
天益村第二工业区站,天益村第二工业区,天益村第二工业区站,BV10389176,113.429428,22.879326
天益桥,天益桥,天益桥站,BV10023182,113.436572,22.875264
天益第二工业区站,天益第二工业区,天益第二工业区站,BV10023181,113.429428,22.879326
天蕴路,天蕴路,天蕴路站,BV09337317,113.409208,23.175948
天誉,天誉,天誉,BV10418327,113.481778,22.951372
天誉小学,天誉小学,天誉小学,BV09236552,113.613216,23.18844
天贵中路,天贵中路,天贵中路,BV11621655,113.216742,23.399288
天贵社区医院,天贵社区医院,天贵社区医院,BV11663422,113.21742,23.38223
天贵路北,天贵路北,天贵路北,BV11237669,113.218153,23.42891
天贵路荔枝基路口,天贵路荔枝基路口,天贵路荔枝基路口,BV11680691,113.217655,23.392805
天贵雅苑,天贵雅苑,天贵雅苑(北行),BV09293651,113.22117,23.437267
天贵雅苑,天贵雅苑,天贵雅苑(南行),BV09293650,113.221313,23.437836
天贵雅苑,天贵雅苑,天贵雅苑,BV09292565,113.221313,23.437836
天适樱花悠乐园,天适樱花悠乐园,天适樱花悠乐园,BV11624283,113.580139,23.626508
天陆桥,天陆桥,天陆桥,BV10019782,113.500095,22.914241
天顺路,天顺路,天顺路,BV10019136,113.41426,23.1797
天顺路(思蕴路口),天顺路(思蕴路口),天顺路(思蕴路口),BV11602550,113.410442,23.18127
天马河,天马河,天马河,BV11346812,113.181263,23.381693
天马河公馆,天马河公馆,天马河公馆站,BV11435993,113.182919,23.372164
天骄物流园,天骄物流园,天骄物流园,BV11330443,113.350286,23.320544
天鹅花园,天鹅花园,天鹅花园,BV10016423,113.343917,23.171155
天鹅谷(峨山经济社)总站,天鹅谷(峨山经济社)总,天鹅谷(峨山经济社)总站,BV09389996,113.438265,23.231909
天鹅谷总站,天鹅谷总,天鹅谷总站,BV09329916,113.438265,23.231909
天鹿北路(兴太路口),天鹿北路(兴太路口),天鹿北路(兴太路口),BV10461192,113.430007,23.260328
天鹿北路中,天鹿北路中,天鹿北路中,BV09072072,113.429874,23.256868
天鹿小区,天鹿小区,天鹿小区,BV11688126,113.42019,23.199663
天鹿湖森林公园北门,天鹿湖森林公园北门,天鹿湖森林公园北门,BV11325211,113.428109,23.236843
天鹿湖老年人护理中心总站,天鹿湖老年人护理中心总,天鹿湖老年人护理中心总站,BV10550115,113.411505,23.239264
天鹿湖郊野公园,天鹿湖郊野公园,天鹿湖郊野公园,BV10017634,113.415798,23.225854
天鹿湖隧道北,天鹿湖隧道北,天鹿湖隧道北站,BV09018361,113.418453,23.231786
太古仓,太古仓,太古仓,BV10021453,113.249127,23.09192
太古仓码头,太古仓码头,太古仓码头,BV11317272,113.247608,23.089495
太古仓路总站,太古仓路总,太古仓路总站,BV11318890,113.248546,23.085975
太古仓路总站,太古仓路总,太古仓路总站2,BV09245333,113.248469,23.086269
太和,太和#1,太和,BV11628197,113.327829,23.302769
太和,太和#2,太和,BV11628196,113.34806,23.300401
太和(丰泰横路)总站,太和(丰泰横路)总,太和(丰泰横路)总站,BV11330431,113.345223,23.304675
太和(民营科技园)总站,太和(民营科技园)总,太和(民营科技园)总站,BV11459336,113.327578,23.302439
太和(谢家庄),太和(谢家庄),太和(谢家庄),BV09027377,113.347844,23.301996
太和(谢家庄),太和(谢家庄),太和(谢家庄)1,BV09408942,113.34812,23.300593
太和中学,太和中学,太和中学,BV10019294,113.354407,23.298413
太和中路,太和中路,太和中路,BV11688546,113.351849,23.294146
太和人行天桥,太和人行天桥,太和人行天桥,BV11574209,113.346225,23.297606
太和公交总站,太和公交总,太和公交总站,BV11574238,113.351887,23.292436
太和农行,太和农行,太和农行,BV11480866,113.353006,23.296984
太和南路(米龙村),太和南路(米龙村),太和南路(米龙村),BV10959970,113.353026,23.289853
太和地铁站A口,太和地铁站A口,太和地铁站A口,BV09125840,113.341022,23.300531
太和堂,太和堂,太和堂,BV11300561,113.816102,23.534751
太和岗路,太和岗路,太和岗路,BV10509898,113.290958,23.144222
太和岗路口,太和岗路口,太和岗路口,BV10509900,113.289019,23.146652
太和总站,太和总#1,太和总站,BV10019029,113.350926,23.291361
太和总站,太和总#1,太和总站1,BV09173927,113.351847,23.292382
太和总站,太和总#2,太和总站,BV10019031,113.327632,23.302339
太和总站(丰泰横路),太和总站(丰泰横路),太和总站(丰泰横路),BV11296119,113.345117,23.304477
太和总站(沙亭岗村),太和总站(沙亭岗村),太和总站(沙亭岗村),BV10407932,113.35854,23.312196
太和文化广场,太和文化广场,太和文化广场,BV09319309,113.348638,23.297698
太和文化广场,太和文化广场,太和文化广场,BV09005242,113.347821,23.297169
太和派出所,太和派出所,太和派出所,BV11482314,113.390073,23.307882
太和路口,太和路口,太和路口,BV11330442,113.347805,23.308525
太和镇政府,太和镇政府,太和镇政府,BV11480661,113.350624,23.294808
太子坑,太子坑,太子坑,BV10916254,113.842819,23.325416
太子广场,太子广场,太子广场站,BV09242377,113.163424,23.459256
太岗路中,太岗路中,太岗路中,BV10022641,113.256401,23.329179
太岗路西,太岗路西,太岗路西,BV10022640,113.252893,23.329045
太平中学,太平中学,太平中学,BV09000679,113.47435,23.431848
太平南工业园,太平南工业园,太平南工业园,BV10256176,113.089691,23.100069
太平卫生院,太平卫生院,太平卫生院,BV11483210,113.47825,23.431613
太平小学,太平小学,太平小学,BV10020865,113.478466,23.436399
太平小学总站,太平小学总,太平小学总站,BV11620155,113.4782,23.436034
太平村,太平村#1,太平村,BV09304708,113.10272,23.106528
太平村,太平村#2,太平村,BV11570089,113.75789,23.250251
太平洋工业区,太平洋工业区,太平洋工业区站,BV10714260,113.570169,23.124192
太平路口,太平路口,太平路口,BV09205394,113.207594,23.035843
太平镇政府,太平镇政府,太平镇政府,BV10451637,113.476206,23.43426
太成,太成,太成,BV10015679,113.267834,23.3503
太成村,太成村,太成村,BV11690753,113.266707,23.354209
太港城,太港城,太港城,BV10473839,113.188532,23.031049
太石公交总站,太石公交总,太石公交总站,BV10018468,113.398732,22.888391
太石工业区,太石工业区,太石工业区站,BV09305166,113.397985,22.89476
太石工业区总站,太石工业区总,太石工业区总站,BV10023383,113.398698,22.888096
太石市场站,太石市场,太石市场站,BV10023176,113.404104,22.890817
太石村(南沙大道),太石村(南沙大道),太石村(南沙大道),BV09175714,113.394158,22.882955
太石村委,太石村委,太石村委,BV11580706,113.395252,22.883207
太石村站(南沙大道),太石村站(南沙大道),太石村站(南沙大道),BV11619317,113.393125,22.884982
太营路,太营路,太营路,BV11688376,113.344705,23.297734
太营路(广从三路口),太营路(广从三路口),太营路(广从三路口),BV09212868,113.341475,23.298158
太营路口,太营路口,太营路口,BV11330434,113.348695,23.297849
太行站(临时站),太行站(临时站),太行站,BV09006060,113.164256,23.195679
太行站(临时站),太行站(临时站),太行站(临时站),BV10809899,113.164797,23.195766
太购百货超市,太购百货超市,太购百货超市,BV11480865,113.350074,23.295995
太阳升村站,太阳升村,太阳升村站,BV10015885,113.504373,22.705256
太阳城,太阳城,太阳城站,BV11688050,113.60477,23.124439
头陂村委,头陂村委,头陂村委站,BV11482316,113.385485,23.310035
奇才新村,奇才新村,奇才新村,BV10019377,113.187405,23.480366
奇槎路口,奇槎路口,奇槎路口,BV09032433,113.135541,23.085929
奔马厂,奔马厂,奔马厂,BV10016840,113.625411,23.11655
奕西,奕西,奕西,BV09308646,113.232656,23.038287
奥体南路,奥体南路,奥体南路站,BV11279578,113.408825,23.136051
奥体南路口,奥体南路口,奥体南路口,BV10387627,113.406496,23.136079
奥体南路总站,奥体南路总,奥体南路总站,BV11388273,113.412274,23.135398
奥体路,奥体路,奥体路,BV10021208,113.405353,23.147063
奥园中环广场站,奥园中环广场,奥园中环广场站,BV10465053,113.535571,22.803386
奥园入口,奥园入口,奥园入口,BV09177349,113.58718,22.754142
奥园城市天地,奥园城市天地,奥园城市天地,BV09105074,113.629998,23.15842
奥园城市天地总站,奥园城市天地总,奥园城市天地总站,BV11038088,113.329032,22.994363
奥园广场,奥园广场,奥园广场,BV10019915,113.355616,22.926876
奥园广场总站,奥园广场总,奥园广场总站,BV10019864,113.352765,22.927512
奥园誉峰,奥园誉峰,奥园誉峰,BV11244692,113.596046,23.175777
奥林匹克中心南门,奥林匹克中心南门,奥林匹克中心南门,BV11502699,113.404167,23.135145
奥林匹克中心西门,奥林匹克中心西门,奥林匹克中心西门,BV11312750,113.400944,23.136758
奥林匹克体育中心总站,奥林匹克体育中心总,奥林匹克体育中心总站,BV10014670,113.402041,23.133405
好丽友,好丽友,好丽友,BV11638470,113.354947,23.44226
如丰厂,如丰厂,如丰厂,BV10625491,113.760089,23.202572
如意三马路,如意三马路,如意三马路,BV11377119,113.295866,23.04629
如意坊,如意坊,如意坊,BV11357695,113.226087,23.119887
如意坊,如意坊,如意坊2,BV09382089,113.225134,23.121755
如意坊总站,如意坊总,如意坊总站,BV10022019,113.226052,23.120196
如意路,如意路#1,如意路站,BV11688560,113.300631,23.044794
如意路,如意路#2,如意路站,BV11491298,113.526734,23.618232
妇幼保健院,妇幼保健院,妇幼保健院,BV09173385,113.152237,23.035715
姓钟围,姓钟围,姓钟围,BV11400675,113.590887,23.532034
姚沙头村,姚沙头村,姚沙头村,BV10024267,113.839572,23.174448
姬堂,姬堂,姬堂站,BV11690376,113.450374,23.134585
姬堂商业街,姬堂商业街,姬堂商业街,BV10021262,113.460927,23.139736
威乐工业区,威乐工业区,威乐工业区,BV10942758,113.322648,22.921299
威尔登酒店,威尔登酒店,威尔登酒店,BV11431527,113.557276,23.200146
媒体村,媒体村,媒体村,BV10019860,113.470042,22.947802
嫩北村,嫩北村,嫩北村,BV09006385,113.05289,23.09725
子沙村委站,子沙村委,子沙村委站,BV10641097,113.363854,22.856434
孖塘站,孖塘,孖塘站,BV10503376,113.478573,23.203112
孖沙二涌站,孖沙二涌,孖沙二涌站,BV10542624,113.644775,22.662307
孟田村,孟田村,孟田村,BV09070818,113.50475,23.180844
学富路口,学富路口,学富路口,BV09373719,113.55758,23.298735
学岗路,学岗路,学岗路,BV09149593,113.277828,23.196183
学府路,学府路,学府路站,BV11688134,113.173903,23.426081
学苑路,学苑路,学苑路,BV09011467,113.204353,23.275362
学院正门,学院正门,学院正门,BV10569008,113.097179,23.400303
学院站广师大站,学院站广师大,学院站广师大站,BV09405978,113.367354,23.131344
宁埔大道(创学路口),宁埔大道(创学路口),宁埔大道(创学路口),BV09385638,113.560041,23.152364
宁埔大道(陈家林路口),宁埔大道(陈家林路口),宁埔大道(陈家林路口),BV09385628,113.553905,23.149419
宁埔大道北,宁埔大道北,宁埔大道北,BV09243505,113.569946,23.161773
宁埔大道西,宁埔大道西,宁埔大道西,BV09385636,113.54614,23.147216
宁西政务中心,宁西政务中心,宁西政务中心,BV11544743,113.652493,23.224429
安南大街,安南大街,安南大街,BV10555201,113.203569,23.077045
安博基业公司,安博基业公司,安博基业公司站,BV11164934,113.365144,22.818625
安博物流,安博物流,安博物流,BV11647595,112.951564,23.427671
安山,安山,安山,BV10808755,113.902767,23.773722
安平村,安平村,安平村,BV10018778,113.379605,23.366854
安平路口,安平路口,安平路口,BV11662638,113.383706,23.368873
安怀外工村,安怀外工村,安怀外工村,BV11371463,113.085622,23.160702
安新路,安新路,安新路,BV10497618,113.407224,23.076457
安新路北,安新路北,安新路北,BV11392682,113.406565,23.077237
安新路南,安新路南,安新路南,BV10508732,113.408885,23.075057
安置小区,安置小区,安置小区,BV10696664,113.820532,23.246428
安良小学,安良小学,安良小学,BV10860791,113.642945,23.312862
安良村,安良村,安良村,BV11508291,113.648839,23.318263
安顺村,安顺村,安顺村站,BV10015907,113.435471,22.89669
安顺涌站,安顺涌,安顺涌站,BV10019822,113.438847,22.90444
宋屋街,宋屋街,宋屋街,BV11087126,113.301601,23.265039
宏光路中,宏光路中,宏光路中,BV11483209,113.535317,23.110781
宏光路口,宏光路口,宏光路口,BV11690757,113.538004,23.110481
宏威路,宏威路,宏威路,BV11688699,113.187136,23.117403
宏威路口,宏威路口,宏威路口,BV11688740,113.187832,23.115315
宏岗市场,宏岗市场,宏岗市场,BV11690541,113.140774,23.228242
宏岗沥口村,宏岗沥口村,宏岗沥口村站,BV09399076,113.141776,23.225496
宏明路中,宏明路中,宏明路中,BV10018565,113.534622,23.114811
宏明路口,宏明路口,宏明路口,BV09320060,113.527457,23.11137
官地市场,官地市场,官地市场,BV10856480,113.02497,23.316864
官地首末站,官地首末,官地首末站,BV11466620,113.024282,23.316583
官坑村,官坑村,官坑村,BV09362765,113.274332,23.011512
官坦村站,官坦村,官坦村站,BV10018477,113.462218,22.890188
官堂万达,官堂万达,官堂万达,BV11689286,113.346568,23.015236
官堂万达,官堂万达,官堂万达(西行),BV09412392,113.346568,23.015236
官堂万达,官堂万达,官堂万达(东行),BV09412394,113.346642,23.014831
官堂东,官堂东,官堂东,BV11689287,113.348565,23.015126
官塘村委,官塘村委,官塘村委,BV11265005,113.612867,23.373977
官塘村总站,官塘村总,官塘村总站,BV11265006,113.610138,23.379264
官庄路口,官庄路口,官庄路口,BV11359633,113.40992,23.677764
官庄达塘,官庄达塘,官庄达塘,BV11399879,113.419019,23.671416
官桥,官桥,官桥,BV10023066,113.451412,22.9828
官桥新村,官桥新村,官桥新村,BV11257630,113.447305,22.986657
官桥牌坊,官桥牌坊,官桥牌坊,BV11220427,113.451407,22.982428
官洞,官洞,官洞,BV11139998,113.979087,23.783852
官派,官派,官派,BV10262694,113.630147,23.028037
官派北,官派北,官派北,BV10262695,113.63303,23.030182
官海街口,官海街口,官海街口,BV10382343,113.28405,23.287894
官涌村,官涌村,官涌村,BV11525009,113.45126,22.955968
官涌村(石清公路),官涌村(石清公路),官涌村(石清公路),BV11132586,113.496244,22.925579
官湖地铁站,官湖地铁,官湖地铁站,BV11098099,113.630542,23.140221
官湖地铁站B出口,官湖地铁站B出口,官湖地铁站B出口,BV09221953,113.631811,23.139611
官湖村,官湖村,官湖村,BV10016082,113.62684,23.137087
官湖桥头,官湖桥头,官湖桥头,BV10016081,113.632442,23.143626
官溪路口,官溪路口,官溪路口,BV09024426,113.16643,23.394236
官禄布村,官禄布村,官禄布村,BV10435286,113.163463,23.418789
官窑,官窑,官窑,BV10252637,113.081678,23.227114
官窑车站,官窑车,官窑车站,BV10252180,113.078389,23.224104
官道村,官道村,官道村,BV10910368,113.660834,23.16727
宜安村站,宜安村,宜安村站,BV10014988,113.452371,22.788245
宜安路口站,宜安路口,宜安路口站,BV11163497,113.446813,22.790918
宜家家居,宜家家居,宜家家居,BV11686327,113.337798,22.983309
宝业路,宝业路,宝业路,BV10417946,113.256938,23.09393
宝业路口,宝业路口,宝业路口,BV10417945,113.260931,23.095278
宝丰路,宝丰路,宝丰路,BV10022799,113.549633,23.093812
宝华路,宝华路,宝华路,BV10018663,113.236369,23.116921
宝华路口,宝华路口,宝华路口,BV10016187,113.235679,23.119217
宝城花园南,宝城花园南,宝城花园南,BV10262459,113.794605,23.030277
宝墨园总站,宝墨园总,宝墨园总站,BV10023082,113.286565,22.898997
宝墨园总站,宝墨园总,番禺宝墨园,BV11571832,113.286683,22.899068
宝墨园总站,宝墨园总,宝墨园,BV11626409,113.286554,22.898989
宝安汽车站(107国道),松岗天虹商场,宝安汽车站(107国道),[],113.893937,22.566892
宝岗大道中,宝岗大道中,宝岗大道中,BV10016126,113.257785,23.102654
宝岗大道北,宝岗大道北,宝岗大道北,BV10016120,113.255514,23.106899
宝岗大道南,宝岗大道南,宝岗大道南,BV10016123,113.264872,23.090298
宝岗大道总站,宝岗大道总,宝岗大道总站,BV10018533,113.258801,23.100838
宝峰北路,宝峰北路,宝峰北路,BV11450304,113.171527,23.477131
宝峰路口,宝峰路口,宝峰路口,BV09002100,113.167203,23.468355
宝月,宝月,宝月,BV10253228,112.914714,23.249932
宝溪村一队,宝溪村一队,宝溪村一队,BV11398023,113.424919,23.703104
宝溪村委,宝溪村委,宝溪村委站,BV11398013,113.433353,23.7025
宝田加油站,宝田加油,宝田加油站,BV10015521,113.226468,23.388555
宝田基村,宝田基村,宝田基村,BV11570522,113.718727,23.180128
宝盛广场,宝盛广场,宝盛广场,BV11276591,113.613801,23.158118
宝盛路口,宝盛路口,宝盛路口站,BV10252936,112.91429,23.238872
宝石东路,宝石东路,宝石东路,BV11401096,113.1694,23.06214
宝趣玫瑰世界,宝趣玫瑰世界,宝趣玫瑰世界,BV10022887,113.579426,23.622579
宝隆路,宝隆路,宝隆路,BV11590047,112.918421,23.354134
宝鸭北路,宝鸭北路,宝鸭北路,BV10013749,113.227887,23.196054
实验中学,实验中学,实验中学,BV11688137,113.205788,23.378966
实验小学,实验小学,实验小学,BV09221954,113.800499,23.298675
客村立交,客村立交,客村立交,BV11688553,113.310171,23.104241
客村立交,客村立交,客村立交2,BV09377599,113.30985,23.100514
客村立交,客村立交,客村立交1,BV09377600,113.310021,23.099762
客轮船厂,客轮船厂,客轮船厂,BV11687902,113.320556,23.057842
宣星村委,宣星村委,宣星村委,BV11447880,113.637518,23.602316
宣星路口(星光五金水电商场),宣星路口(星光五金水电商场),宣星路口,BV10022860,113.623765,23.605299
宣星路口(星光五金水电商场),宣星路口(星光五金水电商场),宣星路口(星光五金水电商场),BV11359301,113.623655,23.604234
家具博览中心,家具博览中心,家具博览中心,BV10252037,113.085699,22.94944
家和天曜总站,家和天曜总,家和天曜总站,BV11448213,113.428585,23.144394
家埔村,家埔村,家埔村,BV11403259,113.760326,23.140989
家家乐医院,家家乐医院,家家乐医院2,BV09291510,113.38849,23.131669
家家乐医院,家家乐医院,家家乐医院,BV11688359,113.388269,23.131806
家家乐医院,家家乐医院,家家乐医院1,BV09212869,113.388218,23.130854
宸悦路,宸悦路,宸悦路,BV11013769,113.374823,23.1037
宸悦路总站,宸悦路总,宸悦路总站,BV11357632,113.379295,23.105276
密石村,密石村,密石村,BV11357222,113.743652,23.554506
密石村委总站,密石村委总,密石村委总站,BV11418089,113.717419,23.612236
富丰广场,富丰广场,富丰广场,BV11370798,113.181721,23.038002
富丽,富丽,富丽,BV10018511,113.308249,23.028759
富丽中学,富丽中学,富丽中学,BV10023234,113.317454,23.032207
富力半岛花园,富力半岛花园,富力半岛花园1,BV10461190,113.221457,23.147484
富力半岛花园,富力半岛花园,富力半岛花园,BV09006431,113.222144,23.146328
富力唐宁站,富力唐宁,富力唐宁站,BV10736586,113.582319,22.768064
富力悦禧花园总站,富力悦禧花园总,富力悦禧花园总站,BV11357698,113.514402,23.113599
富力桃园(增埗村)总站,富力桃园(增埗村)总,富力桃园(增埗村)总站,BV11044096,113.22819,23.150517
富力桃园总站(增埗村),富力桃园总站(增埗村),富力桃园总站(增埗村),BV11639167,113.229015,23.15066
富力泉天下,富力泉天下,富力泉天下,BV10834280,113.653747,23.639319
富力环市西苑(西村),富力环市西苑(西村),富力环市西苑(西村),BV09000538,113.234982,23.144187
富力环市西苑(西村),富力环市西苑(西村),富力环市西苑,BV10013767,113.233954,23.143225
富力金港城总站,富力金港城总,富力金港城总站,BV11619615,113.354591,23.460457
富南路北,富南路北,富南路北,BV11507077,113.544001,23.099651
富园路,富园路,富园路,BV10665238,113.227823,23.150044
富国路口,富国路口,富国路口,BV10014852,113.823833,23.299407
富山路,富山路,富山路,BV11430766,113.321087,23.026397
富庭花园,富庭花园,富庭花园,BV10015125,113.428434,22.961361
富康路,富康路,富康路,BV10021134,113.235566,23.181362
富怡苑,富怡苑,富怡苑,BV10015126,113.430547,22.961203
富怡路中,富怡路中,富怡路中,BV10023312,113.395535,22.955038
富悦街,富悦街,富悦街,BV10019171,113.270994,23.166602
富景幼儿园,富景幼儿园,富景幼儿园,BV10255818,113.194893,23.04179
富民商务中心,富民商务中心,富民商务中心,BV11599910,113.689124,22.828338
富民路,富民路,富民路,BV10660807,113.567172,22.99899
富民路口,富民路口,富民路口,BV10660809,113.562047,22.996559
富源一路,富源一路,富源一路,BV09179382,113.246673,23.346919
富田岗,富田岗,富田岗,BV10013944,113.485781,23.389924
富石路(群贤路口),富石路(群贤路口),富石路(群贤路口),BV11621175,113.308047,23.021999
富裕围,富裕围,富裕围,BV10015110,113.453585,23.039291
富豪山庄,富豪山庄#1,富豪山庄,BV10016731,113.342701,22.967605
富豪山庄,富豪山庄#2,富豪山庄,BV10016732,113.205876,23.390702
富豪山庄小学,富豪山庄小学,富豪山庄小学,BV10023372,113.341197,22.976714
富豪山庄总站,富豪山庄总,富豪山庄总站,BV10023371,113.342946,22.978221
富雅都市华庭,富雅都市华庭,富雅都市华庭,BV11118930,113.618561,23.134243
富鹏市场东,富鹏市场东,富鹏市场东,BV10024206,113.826368,23.299475
富鹏市场北,富鹏市场北,富鹏市场北,BV10020772,113.825848,23.30034
寨吓村,寨吓村,寨吓村,BV11119668,113.776238,23.498476
寮竹,寮竹,寮竹,BV10019157,113.35447,23.390567
寮采中路口,寮采中路口,寮采中路口站,BV09212859,113.356287,23.397444
寮采北路,寮采北路,寮采北路站,BV09243508,113.370327,23.410525
寮采南路口,寮采南路口,寮采南路口站,BV09243507,113.354417,23.394266
寮采总站,寮采总,寮采总站,BV10019158,113.373666,23.410844
寮采村口,寮采村口,寮采村口,BV11625296,113.351683,23.385244
寮采村委总站,寮采村委总,寮采村委总站,BV11269589,113.356369,23.397357
寮采路,寮采路,寮采路,BV10018283,113.352921,23.387069
对面社,对面社,对面社,BV10875075,113.499726,23.654385
寺右南街,寺右南街,寺右南街,BV10388887,113.30365,23.118924
寿星大厦,寿星大厦,寿星大厦,BV10019234,113.342973,23.244304
射击场,射击场,射击场,BV11687904,113.34424,23.18107
将军塘,将军塘,将军塘,BV11398025,113.395085,23.66699
将军潭,将军潭,将军潭,BV09271071,113.111248,23.374017
小乌村站,小乌村,小乌村站,BV10499778,113.423446,22.862132
小乌站,小乌,小乌站,BV10023179,113.420142,22.881271
小乌第二工业区站,小乌第二工业区,小乌第二工业区站,BV10023178,113.413003,22.884098
小北,小北,小北,BV11688429,113.271295,23.142001
小北,小北,小北2,BV09226117,113.271135,23.142182
小北,小北,小北1,BV09226129,113.271391,23.141994
小北,小北,小北(停东行),BV11452487,113.271391,23.141994
小北,小北,小北(停西行),BV11452488,113.271181,23.142197
小北花圈,小北花圈,小北花圈2,BV09316767,113.268336,23.140519
小北花圈,小北花圈,小北花圈,BV10013929,113.267598,23.139817
小坑村,小坑村,小坑村,BV11691188,113.496404,23.144307
小坑村委,小坑村委,小坑村委,BV10621036,113.467561,23.588388
小坑村路口,小坑村路口,小坑村路口,BV10621027,113.480759,23.585964
小坪,小坪,小坪1,BV09226064,113.246304,23.20898
小坪,小坪,小坪,BV11688428,113.247722,23.208429
小坪,小坪,小坪2,BV09209209,113.247756,23.20842
小坪东路,小坪东路,小坪东路,BV11463001,113.246829,23.20784
小坪东路中,小坪东路中,小坪东路中,BV11463000,113.246155,23.205482
小坪桥口,小坪桥口,小坪桥口,BV10021853,113.244172,23.209652
小坪立交桥,小坪立交桥,小坪立交桥,BV10013750,113.235494,23.209559
小坪立交桥,小坪立交桥,小坪立交桥1,BV09226107,113.235081,23.209584
小城花园,小城花园,小城花园,BV10022682,113.312988,23.204703
小塘北路,小塘北路,小塘北路,BV10018879,113.203914,23.281474
小塘车站,小塘车,小塘车站,BV10252307,112.97665,23.10027
小塱,小塱,小塱,BV10871158,113.483192,23.158207
小塱总站,小塱总,小塱总站,BV10019461,113.483192,23.158207
小塱村(开源大道口),小塱村(开源大道口),小塱村(开源大道口),BV10019459,113.490728,23.152461
小塱村口,小塱村口,小塱村口,BV10019460,113.485736,23.157555
小学北路东,小学北路东,小学北路东站,BV09237614,113.607463,23.295585
小布,小布#1,小布站,BV09000893,113.256995,23.415227
小布,小布#2,小布站,BV09061722,113.091415,22.973631
小布,小布#3,小布,BV09237239,113.09873,23.120479
小布七队,小布七队,小布七队,BV10431526,113.260812,23.411372
小平工业区总站,小平工业区总,小平工业区总站,BV10023431,113.33483,22.952544
小平牌坊,小平牌坊,小平牌坊,BV10019947,113.334816,22.951169
小平路口,小平路口,小平路口,BV11352459,113.336464,22.954632
小新塘,小新塘,小新塘,BV09005206,113.408765,23.165815
小杉村委,小杉村委,小杉村委,BV11139994,113.9699,23.767661
小杉路口,小杉路口,小杉路口,BV10808752,113.923083,23.780998
小楼人家,小楼人家,小楼人家,BV10014836,113.78785,23.413339
小楼市场,小楼市场,小楼市场,BV10432274,113.829711,23.383722
小楼车站,小楼车,小楼车站,BV09259265,113.83092,23.385558
小楼镇政府,小楼镇政府,小楼镇政府,BV10014840,113.82751,23.380584
小沙村委站,小沙村委,小沙村委站,BV11169363,113.648402,23.726111
小洞村,小洞村,小洞村,BV11470690,113.062059,23.133507
小洲,小洲,小洲,BV11689633,113.352607,23.065356
小洲东路,小洲东路,小洲东路,BV11483379,113.34275,23.059302
小洲南路,小洲南路,小洲南路,BV10022189,113.348847,23.058463
小洲总站,小洲总,小洲总站,BV10022287,113.352616,23.065317
小洲村,小洲村,小洲村,BV10021835,113.350129,23.062001
小洲村口,小洲村口,小洲村口,BV10018555,113.350169,23.058944
小洲村口总站,小洲村口总,小洲村口总站,BV11471863,113.350052,23.058945
小洲路东,小洲路东,小洲路东,BV11520709,113.361442,23.057072
小石马,小石马,小石马,BV09332895,113.244704,23.257551
小罗村,小罗村,小罗村,BV10550332,113.34301,23.328411
小罗村(市广路),小罗村(市广路),小罗村(市广路),BV11630553,113.340903,22.969621
小罗村口,小罗村口,小罗村口,BV11685301,113.350283,23.336539
小迳村,小迳村#1,小迳村站,BV10714257,113.547299,23.115693
小迳村,小迳村#2,小迳村,BV11690301,113.829543,23.486288
小迳路口,小迳路口,小迳路口,BV11552292,113.546294,23.119305
少年宫临时站,少年宫临时,少年宫临时站,BV09357180,113.51061,22.785792
少管所,少管所,少管所,BV11481844,113.229867,23.199077
尖彭路东,尖彭路东,尖彭路东,BV10021148,113.287185,23.22621
尖彭路口,尖彭路口,尖彭路口,BV10014468,113.269538,23.231734
尚上名筑,尚上名筑,尚上名筑,BV10019760,113.48217,22.959069
尚东阳光,尚东阳光,尚东阳光,BV11218556,113.566459,23.106787
居雅装饰城,居雅装饰城,居雅装饰城,BV10023849,113.20897,23.395507
屈洞,屈洞,屈洞,BV11332858,113.494457,23.433457
屈洞村路口,屈洞村路口,屈洞村路口,BV11334266,113.486597,23.428477
屋角,屋角,屋角站,BV09006665,113.480928,23.211752
屋边,屋边,屋边,BV10252184,113.092931,23.221539
屏一村公园,屏一村公园,屏一村公园,BV11267376,113.282556,22.967141
屏一村口,屏一村口,屏一村口,BV10322949,113.291417,22.966696
屏一村委,屏一村委,屏一村委,BV11265348,113.285393,22.967713
屏一村新合苑,屏一村新合苑,屏一村新合苑,BV11303331,113.274145,22.96271
屏一村篮球场,屏一村篮球场,屏一村篮球场,BV11267375,113.278827,22.963215
屏一桥,屏一桥,屏一桥,BV10014966,113.287014,22.967514
屏二牌坊,屏二牌坊,屏二牌坊,BV11131899,113.283206,22.959037
屏山牌坊,屏山牌坊,屏山牌坊,BV11164921,113.290321,22.964263
山下安置区,山下安置区,山下安置区,BV10431530,113.239926,23.41153
山下村委,山下村委,山下村委,BV11457964,113.629245,23.550823
山下村路口,山下村路口,山下村路口,BV11491310,113.722028,23.705232
山口村,山口村,山口村,BV11118813,113.755605,23.403353
山塘,山塘,山塘,BV09017014,113.977295,23.773124
山塘村,山塘村,山塘村,BV11379607,113.602644,23.389706
山子尾,山子尾,山子尾,BV11258159,113.511648,23.645269
山子眉,山子眉,山子眉,BV11420914,113.511279,23.645428
山底下社路口站,山底下社路口,山底下社路口站,BV11491308,113.651113,23.721108
山心总站,山心总,山心总站,BV11484097,113.314792,23.619755
山村,山村#1,山村1,BV09254332,113.221849,23.105178
山村,山村#1,山村,BV11687869,113.222413,23.105272
山村,山村#1,山村2,BV09250343,113.222526,23.104956
山村,山村#2,山村,BV09367689,113.831826,23.162051
山村路,山村路,山村路,BV10638157,113.224263,23.105773
山水塘,山水塘,山水塘,BV11198732,113.688078,23.58171
山海湾南门,山海湾南门,山海湾南门站,BV11507781,113.486198,22.951215
山海连城,山海连城,山海连城,BV11061616,113.506173,23.019286
山海连城总站,山海连城总,山海连城总站,BV09341766,113.50455,23.019182
山清水秀花园,山清水秀花园,山清水秀花园,BV11271102,113.2193,23.489119
山田地铁站,山田地铁,山田地铁站,BV11118525,113.740869,23.279518
山田地铁西站,山田地铁西,山田地铁西站,BV09193095,113.73481,23.278082
山田村,山田村,山田村,BV11631835,113.745813,23.280805
山田村委站,山田村委,山田村委站,BV11193726,113.316446,23.620759
山田社,山田社,山田社,BV11193728,113.321691,23.622081
山美村站,山美村,山美村站,BV11452842,113.601868,23.319707
山边,山边#1,山边,BV11522007,113.560933,23.322043
山边,山边#2,山边,BV11596287,113.398579,23.665809
山门村,山门村,山门村,BV10023064,113.444589,22.99407
山门牌坊,山门牌坊,山门牌坊,BV10023063,113.44517,22.99703
山马塘,山马塘,山马塘2,BV11596288,113.362443,23.657281
山马塘,山马塘,山马塘1,BV11596289,113.366301,23.658418
山马塘,山马塘,山马塘,BV11398032,113.36188,23.656748
山龙村北,山龙村北,山龙村北,BV09409115,113.510399,23.343261
山龙村委,山龙村委,山龙村委,BV10017607,113.509809,23.339253
岐东市场,岐东市场,岐东市场,BV10256128,113.190977,23.118526
岐头村,岐头村,岐头村,BV11691291,113.341596,22.922178
岐山村,岐山村#1,岐山村,BV10322921,113.437769,23.136066
岐山村,岐山村#2,岐山村,BV10013828,113.146695,23.36496
岐山村口,岐山村口,岐山村口站,BV11614568,113.166727,23.370884
岐山村市场,岐山村市场,岐山村市场站,BV11614567,113.156212,23.365263
岐山环村南街,岐山环村南街,岐山环村南街,BV11567283,113.154225,23.363522
岐山路口,岐山路口,岐山路口,BV11175638,113.432812,23.125427
岐洲路口,岐洲路口,岐洲路口,BV10256256,113.167493,23.124149
岐田十字路口,岐田十字路口,岐田十字路口,BV11352945,113.419149,23.582494
岐田村委,岐田村委,岐田村委,BV11352965,113.420212,23.578173
岑境村,岑境村,岑境村,BV10014233,113.220769,23.355381
岑村,岑村,岑村,BV11689186,113.373428,23.17068
岑村公安宿舍,岑村公安宿舍,岑村公安宿舍,BV11519174,113.369833,23.172247
岑村小学,岑村小学,岑村小学(北行),BV09115544,113.376705,23.167867
岑村小学,岑村小学,岑村小学(南行),BV09115545,113.376562,23.167805
岑村小学,岑村小学,岑村小学,BV10019106,113.376706,23.167701
岑村总站,岑村总,岑村总站,BV10018536,113.377162,23.161683
岑村红花岗,岑村红花岗,岑村红花岗站,BV11689166,113.376815,23.165558
岑村红花岗,岑村红花岗,岑村红花岗1,BV09370266,113.37681,23.165102
岗东村,岗东村,岗东村,BV10891976,112.918365,23.363571
岗丰大道,岗丰大道,岗丰大道,BV11417555,113.587351,23.157475
岗丰村,岗丰村,岗丰村站,BV11268247,113.592874,23.158977
岗埔街,岗埔街,岗埔街,BV11442144,113.492906,23.343003
岗头,岗头,岗头,BV10017559,113.486924,23.147845
岗头大街,岗头大街,岗头大街,BV10740834,113.249355,23.157911
岗头村,岗头村,岗头村,BV11690552,113.148417,23.208588
岗尾,岗尾,岗尾,BV10019020,113.258134,23.333569
岗尾村,岗尾村,岗尾村,BV10896025,113.855253,23.209509
岗岭路口,岗岭路口,岗岭路口,BV09339485,113.857568,23.215642
岗板村,岗板村,岗板村,BV10327001,113.46758,23.270419
岗贝村,岗贝村,岗贝村,BV11379032,113.528557,23.148338
岗贝路,岗贝路,岗贝路,BV10019052,113.249804,23.182636
岗贝路东,岗贝路东,岗贝路东,BV10018302,113.253401,23.182648
岗贝路口,岗贝路口,岗贝路口,BV10019038,113.247042,23.181789
岗贝路总站,岗贝路总,岗贝路总站,BV10018301,113.249689,23.182525
岗顶,岗顶,岗顶,BV11386239,113.331277,23.136491
岗顶,岗顶,岗顶,BV11694282,113.332305,23.136838
岗顶,岗顶,BRT岗顶N1,BV09361651,113.333342,23.137262
岗顶,岗顶,BRT岗顶S2,BV09374464,113.333327,23.137082
岗顶,岗顶,BRT岗顶N1,BV09361406,113.333414,23.137292
岭东中路,岭东中路,岭东中路,BV09404844,113.143005,23.366007
岭东村,岭东村,岭东村站,BV09302153,113.389824,22.792942
岭东第一技师学院,岭东第一技师学院,岭东第一技师学院,BV09404903,113.144918,23.362812
岭南,岭南,岭南,BV09388708,113.142763,23.11035
岭南V谷总站,岭南V谷总,岭南V谷总站,BV11340105,113.216486,23.046126
岭南印象园,岭南印象园,岭南印象园,BV10018639,113.398753,23.0391
岭南学院,岭南学院,岭南学院,BV10847054,113.411072,23.168634
岭南小学,岭南小学,岭南小学,BV10621023,113.52001,23.573609
岭南村,岭南村,岭南村,BV10954987,112.941396,23.414526
岭南电缆厂站,岭南电缆厂,岭南电缆厂站,BV11176038,113.340559,22.856118
岭南第一技师学院,岭南第一技师学院,岭南第一技师学院,BV10016728,113.144272,23.361814
岭南路中,岭南路中,岭南路中,BV10875067,113.141052,23.115521
岭南路北,岭南路北,岭南路北,BV10732192,113.14053,23.12034
岭南路南,岭南路南,岭南路南,BV11520981,113.141122,23.112397
岭头,岭头#1,岭头站,BV11379591,113.508023,23.220111
岭头,岭头#2,岭头,BV11688323,113.748667,23.685026
岭头东,岭头东,岭头东站,BV11688332,113.517142,23.216545
岭头新村,岭头新村,岭头新村,BV09345008,113.504204,23.218941
岭西南路,岭西南路,岭西南路,BV11581333,113.125905,23.354067
岭西路口,岭西路口,岭西路口,BV10939051,113.090136,23.386617
岳利沙,岳利沙,岳利沙,BV10251750,113.140415,23.080556
岳埔村,岳埔村,岳埔村,BV11085641,113.752456,23.1521
岳村站,岳村,岳村站,BV09233663,113.847664,23.435783
岳湖村,岳湖村,岳湖村,BV10015375,113.700829,23.225901
岳溪村,岳溪村,岳溪村,BV10023069,113.463753,22.984115
峡石村,峡石村,峡石村,BV09376989,113.15827,23.299185
峡石村总站,峡石村总,峡石村总站,BV10018889,113.15827,23.299185
峰光实业,峰光实业,峰光实业,BV10016841,113.628423,23.116713
峰湖御境总站,峰湖御境总,峰湖御境总站,BV09244732,113.422646,23.202715
峻泰路,峻泰路,峻泰路,BV11573400,113.480333,23.190148
峻祥路(峻泰路路口),峻祥路(峻泰路路口),峻祥路(峻泰路路口),BV10863974,113.482344,23.188556
峻福路南,峻福路南,峻福路南,BV09299186,113.479707,23.188355
崇和花园,崇和花园,崇和花园,BV10014116,113.591429,23.170813
崇德村,崇德村,崇德村,BV10020013,113.417445,23.03855
崇文二路(荔勤北路口),崇文二路(荔勤北路口),崇文二路(荔勤北路口),BV09066309,113.239829,23.073654
崇文二路中,崇文二路中,崇文二路中,BV09073237,113.240577,23.072157
崇文二路北,崇文二路北,崇文二路北,BV09066304,113.238442,23.076356
崇文二路南,崇文二路南,崇文二路南,BV09072542,113.24192,23.069568
崇文四路,崇文四路,崇文四路,BV09189367,113.236262,23.069597
崇文四路北站,崇文四路北,崇文四路北站,BV09278979,113.235149,23.071685
崖鹰石路,崖鹰石路,崖鹰石路,BV10017398,113.431439,23.180513
崖鹰石路北,崖鹰石路北,崖鹰石路北,BV10017399,113.433555,23.182858
崧岗,崧岗,崧岗,BV10256257,113.166152,23.12485
嵘都花园(西门),嵘都花园(西门),嵘都花园(西门),BV11169966,113.211614,23.088222
嵩山路,嵩山路,嵩山路,BV10412600,113.473395,22.964852
州峰站,州峰,州峰站,BV11484095,113.338392,23.601857
州洞村委,州洞村委,州洞村委,BV11488685,113.346834,23.602931
州洞站,州洞,州洞站,BV11484099,113.351413,23.602246
工业南路中,工业南路中,工业南路中,BV09177157,113.538303,23.589911
工业南路北,工业南路北,工业南路北,BV09177158,113.535486,23.594744
工业南路南,工业南路南,工业南路南,BV09177156,113.538326,23.58477
工业大道中,工业大道中,工业大道中,BV10254093,113.202894,22.915374
工业大道北,工业大道北,工业大道北,BV09031364,113.20358,22.917998
工业大道口,工业大道口,工业大道口,BV10417947,113.254571,23.093636
工业路,工业路,工业路,BV09316436,113.363369,22.938003
工伤康复医院,工伤康复医院,工伤康复医院,BV11658741,113.288622,23.229198
工研院总站,工研院总,工研院总站,BV11487488,113.596214,22.745973
工研院站,工研院,工研院站,BV09069117,113.596365,22.748298
工贸学院,工贸学院,工贸学院,BV09181066,113.68682,23.297141
左村,左村,左村,BV10018737,113.524635,23.635033
左村大围,左村大围,左村大围,BV11258166,113.529059,23.632302
左边村,左边村,左边村,BV11457001,113.348066,22.963105
市一医院,市一医院,市一医院,BV10019584,113.254042,23.133461
市七十三中学,市七十三中学,市七十三中学,BV11683717,113.301282,23.347797
市三宫,市三宫,市三宫,BV10016188,113.233373,23.123791
市东下路,市东下路,市东下路,BV10431975,113.118695,23.036206
市中医院,市中医院,市中医院,BV09000996,113.238549,23.111434
市中医院,市中医院,市中医院2,BV09165635,113.234426,23.111904
市中医院,市中医院,市中医院站2,BV09385884,113.236108,23.111488
市二中,市二中,市二中,BV10895391,113.859324,23.27772
市二宫,市二宫,市二宫,BV10019501,113.261397,23.10942
市交校,市交校,市交校,BV10014469,113.275021,23.237485
市交校,市交校,市交校1,BV09226088,113.27466,23.236936
市交通技工学校,市交通技工学校,市交通技工学校,BV10019232,113.344897,23.238504
市儿童公园总站,市儿童公园总,市儿童公园总站,BV09234564,113.26684,23.184061
市八十六中,市八十六中,市八十六中,BV10021047,113.432417,23.103818
市动物卫生监督所,市动物卫生监督所,市动物卫生监督所,BV10425152,113.285536,23.236937
市医药职业学校,市医药职业学校,市医药职业学校,BV10333425,113.217852,23.198332
市十二人民医院(黄埔院区),市十二人民医院(黄埔院区),市十二人民医院(黄埔院区),BV09386469,113.525382,23.102595
市南路站,市南路,市南路站,BV10381616,113.530772,22.814227
市国家档案馆(大学城)总站,市国家档案馆(大学城)总,市国家档案馆(大学城)总站,BV11456550,113.374792,23.045942
市头村,市头村,市头村,BV11676305,113.389139,23.018774
市头村,市头村,市头村(西行),BV09391140,113.389073,23.018772
市妇幼保健院(新院区北门),市妇幼保健院(新院区北门),市妇幼保健院(新院区北门),BV11670217,113.143189,22.954057
市委党校,市委党校,市委党校站,BV11689573,113.266269,22.814819
市少年宫,市少年宫,市少年宫1,BV09229322,113.247431,23.135521
市少年宫,市少年宫,市少年宫,BV11688449,113.248427,23.135386
市工人疗养院,市工人疗养院,市工人疗养院,BV09404843,113.280419,23.563615
市干部健康管理中心站,市干部健康管理中心,市干部健康管理中心站,BV11379609,113.513816,23.21871
市慈善医院,市慈善医院,市慈善医院,BV10017961,113.222599,23.100597
市技师学院,市技师学院,市技师学院,BV09181058,113.680631,23.295481
市政务服务中心,市政务服务中心#1,市政务服务中心站,BV09355191,113.315668,23.120853
市政务服务中心,市政务服务中心#2,市政务服务中心,BV09367830,113.589481,23.5533
市政园林局,市政园林局,市政园林局,BV10016705,113.199965,23.386387
市政大学,市政大学,市政大学,BV10017447,113.270616,23.459703
市新路,市新路,市新路,BV11578967,113.408519,23.033649
市桥中心小学,市桥中心小学,市桥中心小学,BV10023198,113.354239,22.947086
市桥二桥南,市桥二桥南,市桥二桥南站,BV10903174,113.388563,22.924154
市桥医院(捷进中路),市桥医院(捷进中路),市桥医院(捷进中路),BV11498807,113.347658,22.951315
市桥医院(西环路),市桥医院(西环路),市桥医院(西环路),BV10764629,113.346997,22.952011
市桥大桥,市桥大桥,市桥大桥,BV10019938,113.363831,22.93478
市桥大桥北,市桥大桥北,市桥大桥北,BV10019884,113.362531,22.936785
市桥文化中心,市桥文化中心,市桥文化中心,BV10019885,113.35825,22.938179
市桥汽车站,市桥汽车,市桥汽车站,BV10014775,113.359692,22.948196
市桥汽车站东门,市桥汽车站东门,市桥汽车站东门,BV11688053,113.361314,22.948556
市桥汽车站总站,市桥汽车站总,市桥汽车站总站,BV10388237,113.359692,22.948196
市桥汽车站西门,市桥汽车站西门,市桥汽车站西门站,BV10015078,113.359909,22.947097
市桥街派出所,市桥街派出所,市桥街派出所,BV10023200,113.365492,22.949621
市桥街计生办,市桥街计生办,市桥街计生办,BV10023276,113.368005,22.947753
市桥街道办,市桥街道办,市桥街道办,BV10014700,113.359837,22.949638
市民广场,市民广场,市民广场站,BV10840063,113.531576,22.801142
市民服务中心,市民服务中心,市民服务中心,BV11203551,113.752936,23.015492
市汽技校,市汽技校,市汽技校,BV10014186,113.239815,23.264854
市法院,市法院,市法院,BV10257486,112.501529,23.082076
市红会医院,市红会医院,市红会医院,BV10016127,113.257719,23.108872
市红会医院,市红会医院,市红会医院1,BV09226102,113.256618,23.108424
市红会医院北门总站,市红会医院北门总,市红会医院北门总站,BV10016714,113.255625,23.109125
市胸科医院,市胸科医院,市胸科医院,BV10016686,113.283223,23.148919
市良路,市良路,市良路,BV11613115,113.307212,22.896772
市良路(青峰路口),市良路(青峰路口),市良路(青峰路口),BV11613134,113.317389,22.891951
市饲料研究所,市饲料研究所,市饲料研究所,BV11330435,113.334568,23.322599
布岭路(新业路口),布岭路(新业路口),布岭路,BV11314255,113.558061,23.200798
布岭路(新业路口),布岭路(新业路口),布岭路(新业路口),BV11314256,113.560644,23.199891
布岭路口,布岭路口,布岭路口,BV10013838,113.541883,23.208643
布心,布心,布心,BV11345913,113.19118,23.380272
布心村,布心村,布心村,BV10432269,113.192401,23.378143
布新,布新,布新,BV10252207,113.101606,23.218425
师大后门,师大后门,师大后门,BV11081664,113.340261,23.143248
师大后门,师大后门,师大后门1,BV09370113,113.34006,23.142998
师大暨大,师大暨大,师大暨大站,BV09241986,113.342416,23.138488
师大暨大,师大暨大,师大暨大站,BV11688561,113.341478,23.138997
帝田村委,帝田村委,帝田村委,BV11398014,113.396288,23.646731
帽峰山,帽峰山,帽峰山站,BV11482313,113.432254,23.309424
帽峰山总站(高屋村),帽峰山总站(高屋村),帽峰山总站(高屋村),BV11204171,113.444837,23.306383
帽峰山森林公园,帽峰山森林公园,帽峰山森林公园,BV09125838,113.444836,23.306351
帽峰山西,帽峰山西,帽峰山西站,BV11400771,113.379946,23.284803
帽峰山青年中医药科普园,帽峰山青年中医药科普园,帽峰山青年中医药科普园,BV09125839,113.421648,23.286489
平一路口站,平一路口,平一路口站,BV11119871,113.486459,22.683815
平东大道玉器街站,平东大道玉器街,平东大道玉器街站,BV09101696,113.202546,23.023992
平东村委,平东村委,平东村委,BV11102606,113.203045,23.026053
平东社,平东社,平东社,BV10023918,113.184586,23.477481
平乐路,平乐路,平乐路,BV11488686,113.558036,23.001586
平云路中,平云路中,平云路中,BV11603347,113.346386,23.12376
平云路北,平云路北,平云路北,BV11329918,113.346204,23.126191
平北,平北,平北站,BV09205393,113.201465,23.041256
平北村委,平北村委,平北村委,BV10254715,113.198547,23.041608
平南市场,平南市场,平南市场,BV10830166,113.193312,23.027193
平南村委,平南村委,平南村委,BV10986686,113.195838,23.024602
平南顺利市场,平南顺利市场,平南顺利市场,BV10254723,113.215959,23.015442
平地,平地,平地,BV10741029,112.917997,23.442274
平坦,平坦,平坦,BV11399882,113.450042,23.689066
平安,平安,平安站,BV10252559,113.151901,23.112611
平安路,平安路,平安路,BV11448850,113.407424,23.390812
平山路口,平山路口,平山路口,BV11488538,113.532578,23.414969
平岗村委,平岗村委,平岗村委,BV11115223,113.678294,23.610198
平岭头村,平岭头村,平岭头村,BV11412279,113.081801,23.364209
平沙,平沙,平沙1,BV09226062,113.250028,23.250606
平沙,平沙,平沙,BV11688453,113.250028,23.250606
平沙公园,平沙公园,平沙公园,BV10022323,113.254627,23.252266
平沙南街,平沙南街,平沙南街,BV10021791,113.254114,23.250106
平沙总站,平沙总,平沙总站,BV10022326,113.253503,23.247999
平沙路口,平沙路口,平沙路口,BV09000463,113.24666,23.251088
平洲中心小学,平洲中心小学,平洲中心小学,BV11648037,113.19682,23.022665
平洲中队,平洲中队,平洲中队,BV10254713,113.188825,23.038502
平洲宾馆,平洲宾馆,平洲宾馆,BV10798990,113.203306,23.032247
平洲总站,平洲总,平洲总站,BV11279899,113.181794,23.037651
平洲玉器街,平洲玉器街,平洲玉器街,BV10254406,113.19888,23.029453
平洲玉器街总站,平洲玉器街总,平洲玉器街总站,BV11102605,113.204763,23.021633
平洲立交,平洲立交,平洲立交,BV11112348,113.207989,23.039535
平稳村站,平稳村,平稳村站,BV10014926,113.396736,22.821334
平西村,平西村,平西村,BV11431444,113.245327,23.429279
平西村安置区,平西村安置区,平西村安置区,BV09019749,113.25061,23.429202
平西路口,平西路口,平西路口,BV09308660,113.186069,23.036192
年丰村,年丰村,年丰村站,BV10015934,113.533322,22.682007
广东仲元中学附属学校总站,广东仲元中学附属学校总,广东仲元中学附属学校总站,BV11620691,113.280968,23.052173
广东体育职业学院,广东体育职业学院,广东体育职业学院,BV10018189,113.408032,23.146111
广东兵工总厂中共支部史迹展,广东兵工总厂中共支部史迹展,广东兵工总厂中共支部史迹展,BV09162718,113.234613,23.210983
广东华侨中学(金沙洲校区),广东华侨中学(金沙洲校区),广东华侨中学(金沙洲校区),BV10442990,113.202088,23.166871
广东国防教育基地,广东国防教育基地,广东国防教育基地,BV09237932,113.420393,23.15566
广东国防教育基地总站,广东国防教育基地总,广东国防教育基地总站,BV10976452,113.424492,23.155463
广东培正学院,广东培正学院,广东培正学院,BV11602522,113.087636,23.41222
广东培正学院总站,广东培正学院总,广东培正学院总站,BV11694312,113.087751,23.411655
广东外贸学校,广东外贸学校,广东外贸学校,BV10014439,113.364765,23.203434
广东外贸学校,广东外贸学校,广东外贸学校1,BV09400828,113.364896,23.203002
广东大厦,广东大厦,广东大厦1,BV09205705,113.261582,23.133963
广东大厦,广东大厦,广东大厦,BV10016774,113.262559,23.133903
广东工业设计城,广东工业设计城,广东工业设计城,BV10254081,113.200184,22.907975
广东工大,广东工大(地铁区庄站),广东工大1,BV09130295,113.293009,23.137008
广东工大,广东工大(地铁区庄站),广东工大,BV11688452,113.29328,23.137014
广东工大,广东工大(地铁区庄站),广东工大(地铁区庄站)2,BV09348370,113.29461,23.137017
广东工大,广东工大(地铁区庄站),广东工大(地铁区庄站)站1,BV09048110,113.293196,23.137254
广东工贸职业技术学院,广东工贸职业技术学院,广东工贸职业技术学院,BV11388327,113.45178,23.406494
广东文艺职业学院,广东文艺职业学院,广东文艺职业学院,BV10023373,113.340509,22.97344
广东机电技术学院,广东机电技术学院,广东机电技术学院,BV10021290,113.438793,23.383182
广东机电职业技术学院北门,广东机电职业技术学院北门,广东机电职业技术学院北门,BV11203461,113.439509,23.391949
广东电子信息中心,广东电子信息中心,广东电子信息中心站,BV11420061,113.593357,22.743734
广东电视台,广东电视台,广东电视台,BV11009136,113.276978,23.140674
广东电视台,广东电视台,广东电视台1,BV09226122,113.276894,23.140712
广东电视台,广东电视台,广东电视台2,BV09394368,113.277186,23.140594
广东白云学院(钟落潭校区),广东白云学院(钟落潭校区),广东白云学院(钟落潭校区),BV11333207,113.478752,23.411212
广东省中医院南沙医院站,广东省中医院南沙医院,广东省中医院南沙医院站,BV09302151,113.532056,22.711936
广东省机械技师学院总站,广东省机械技师学院总,广东省机械技师学院总站,BV11620475,113.243151,23.277933
广东省环保技工学校,广东省环保技工学校,广东省环保技工学校,BV11118947,113.841595,23.272823
广东粤剧学校,广东粤剧学校,广东粤剧学校,BV11329604,113.054964,23.103433
广东药学院,广东药学院,广东药学院,BV11688519,113.260305,23.101781
广东药学院总站,广东药学院总,广东药学院总站,BV10019625,113.260516,23.101845
广东行政学院,广东行政学院,广东行政学院站,BV11147687,113.182161,23.400891
广东行政职业学院,广东行政职业学院,广东行政职业学院,BV09205522,113.184113,23.401033
广东警官学院,广东警官学院,广东警官学院,BV10021239,113.298551,23.253159
广东财经大学北门,广东财经大学北门,广东财经大学北门,BV11553740,113.350684,23.097511
广东软件园,广东软件园,广东软件园,BV11688328,113.431868,23.166079
广东轻工职业技术大学(南海),广东轻工职业技术大学(南海),广东轻工职业技术大学(南海),BV09372500,113.02591,23.159191
广东轻工职业技术学院(南海),广东轻工职业技术学院(南海),广东轻工职业技术学院(南海),BV09005574,113.02486,23.160695
广东青年职业学院总站,广东青年职业学院总,广东青年职业学院总站,BV10021294,113.419431,23.371303
广东顺德文德学校,广东顺德文德学校,顺德一中实验学校,BV10253902,113.263445,22.855668
广东顺德文德学校,广东顺德文德学校,广东顺德文德学校,BV09227917,113.263445,22.855668
广中医广药,广中医广药,广中医广药,BV10014616,113.398486,23.059308
广中医路,广中医路,广中医路,BV10338269,113.394397,23.059737
广中医路路口,广中医路路口,广中医路路口,BV10327024,113.39698,23.063348
广中码头,广中码头,广中码头,BV11688526,113.243998,23.082649
广交会展馆,广交会展馆,广交会展馆,BV10018614,113.35582,23.101389
广仁路总站,广仁路总,广仁路总站,BV10018482,113.262442,23.130623
广从一路(荟贤路口),广从一路(荟贤路口),广从一路(荟贤路口),BV09062348,113.303854,23.2393
广从七路,广从七路,广从七路,BV09306800,113.389244,23.372863
广从路(均禾大道口),广从路(均禾大道口),广从路(均禾大道口),BV10783363,113.308865,23.247283
广从路(夏良村口),广从路(夏良村口),广从路(夏良村口),BV10387123,113.322922,23.280676
广佛路东,广佛路东,广佛路东站,BV11688745,113.195931,23.118561
广佛路口(滘口客运站),广佛路口(滘口客运站),广佛路口,BV09006180,113.203313,23.118243
广佛路口(滘口客运站),广佛路口(滘口客运站),广佛路口2,BV09376899,113.202318,23.11887
广佛路口(滘口客运站),广佛路口(滘口客运站),广佛路口(滘口客运站)2,BV11303951,113.202318,23.11887
广佛钟边路口,广佛钟边路口,广佛钟边路口,BV10256179,113.102425,23.098849
广保大道北,广保大道北,广保大道北,BV10022079,113.534218,23.075778
广保大道南,广保大道南,广保大道南,BV10022080,113.530776,23.07125
广信中学,广信中学,广信中学,BV09184301,113.265658,23.246266
广医,广医,广医3,BV11167722,113.249752,23.135364
广医,广医,广医,BV11688391,113.250313,23.135183
广医,广医,广医2,BV09186856,113.250313,23.135183
广医一院总站(靖海路),广医一院总站(靖海路),广医一院总站(靖海路),BV10015709,113.25647,23.114977
广医二院,广医二院,广医二院(停东行),BV09374184,113.274583,23.094928
广医二院,广医二院,广医二院(西行),BV09355451,113.275016,23.095209
广医二院,广医二院,广医二院,BV11688346,113.274657,23.094956
广医二院(番禺院区)南门,广医二院(番禺院区)南门,广医二院(番禺院区)南门,BV11483408,113.48419,22.946962
广医二院南门(番禺院区),广医二院南门(番禺院区),广医二院南门(番禺院区),BV11168024,113.483477,22.944661
广医二院总站(番禺院区),广医二院总站(番禺院区),广医二院总站(番禺院区),BV11500344,113.482688,22.944823
广医大(番禺校区),广医大(番禺校区),广医大(番禺校区),BV10388840,113.42312,23.042981
广医妇儿医院西门,广医妇儿医院西门,广医妇儿医院西门,BV09320577,113.485812,23.209573
广医附属中医院总站,广医附属中医院总,广医附属中医院总站,BV09234562,113.383369,23.1432
广卫路总站,广卫路总,广卫路总站,BV10013719,113.260448,23.130014
广卫路总站,广卫路总,广卫路总站4,BV09174824,113.260739,23.130034
广发行,广发行,广发行,BV10020759,113.820796,23.291018
广园中路,广园中路,广园中路,BV10013627,113.271658,23.161843
广园天寿路口东,广园天寿路口东,广园天寿路口东,BV11688557,113.333513,23.149506
广园客运站,广园客运,广园客运站,BV10013626,113.26663,23.16091
广园客运站,广园客运,广园客运站2号分站,BV09311738,113.26557,23.160938
广园新村,广园新村,广园新村,BV11088410,113.262249,23.161381
广园新村总站,广园新村总,广园新村总站,BV10017947,113.264347,23.1648
广园西路,广园西路,广园西路,BV10017170,113.25324,23.163657
广园路(科韵路口),广园路(科韵路口),广园路(科韵路口),BV11118500,113.378521,23.138828
广地花园站,广地花园,广地花园站,BV09272795,113.330932,23.024733
广场西路,广场西路,广场西路,BV11691195,113.37749,22.937975
广塘,广塘,广塘站,BV11690802,113.26119,23.374945
广外(白云山西门),广外(白云山西门)#1,广外(白云山西门)2,BV09091928,113.281565,23.201514
广外(白云山西门),广外(白云山西门)#1,广外,BV11088402,113.281565,23.201514
广外(白云山西门),广外(白云山西门)#1,广外(白云山西门)1,BV09176205,113.281819,23.201584
广外(白云山西门),广外(白云山西门)#2,广外,BV11688375,113.392864,23.06389
广外北门,广外北门,广外北门,BV10389126,113.284914,23.207813
广外南国商学院,广外南国商学院,广外南国商学院,BV11621037,113.374798,23.337899
广外南国商学院,广外南国商学院,广外南国商学院站2分站,BV09314902,113.373954,23.338053
广外南路口站,广外南路口,广外南路口站,BV10795607,113.283717,23.201362
广外总站,广外总,广外总站,BV10795608,113.288247,23.199771
广外正门,广外正门,广外正门,BV09229654,113.394795,23.068394
广外附设外语学校,广外附设外语学校,广外附设外语学校,BV11688460,113.251285,23.248234
广大,广大,广大,BV10322974,113.367688,23.046632
广大公寓,广大公寓,广大公寓,BV10322977,113.371852,23.041812
广大正门,广大正门,广大正门,BV10327011,113.366089,23.03954
广大生活区,广大生活区,广大生活区,BV10016004,113.366562,23.043175
广大附中,广大附中,广大附中,BV11440425,113.381521,23.049781
广大附中南沙实验学校站,广大附中南沙实验学校,广大附中南沙实验学校站,BV11503363,113.485915,22.787266
广大附小,广大附小,广大附小,BV10420907,113.379314,23.057417
广大黄埔研究院正门,广大黄埔研究院正门,广大黄埔研究院正门,BV09329620,113.568704,23.309316
广岭,广岭,广岭,BV11690800,113.25984,23.37839
广州东站汽车站总站,广州东站汽车站总,广州东站汽车站总站,BV10019101,113.317015,23.15583
广州二中天元学校站,广州二中天元学校,广州二中天元学校站,BV11419661,113.59426,22.774663
广州交校,广州交校,广州交校,BV09181060,113.658168,23.29276
广州亿仁医院,广州亿仁医院,广州亿仁医院站,BV10018101,113.465072,23.1113
广州优尼冲压,广州优尼冲压,广州优尼冲压,BV09042304,113.15235,23.372717
广州佐航花都雅瑶恒通汽车站总站,广州佐航花都雅瑶恒通汽车站总,广州佐航花都雅瑶恒通汽车站总站,BV11493176,113.213291,23.361622
广州体育馆,广州体育馆,广州体育馆,BV11688384,113.273511,23.183313
广州体育馆南门,广州体育馆南门,广州体育馆南门,BV11554537,113.268723,23.182605
广州体院,广州体院,广州体院,BV09375062,113.308899,23.148966
广州体院,广州体院,广州体院2,BV09271785,113.309112,23.147142
广州体院,广州体院,广州体院1,BV09411494,113.308898,23.147326
广州信息学校,广州信息学校,广州信息学校,BV11584401,113.282525,23.443119
广州前海人寿医院,广州前海人寿医院,广州前海人寿医院,BV11092640,113.823121,23.230862
广州动车段总站,广州动车段总,广州动车段总站,BV11693147,113.291007,22.925711
广州北站(秀全大道),广州北站(秀全大道),广州北站,BV10939053,113.199609,23.380871
广州北站(秀全大道),广州北站(秀全大道),广州北站(秀全大道),BV11539721,113.201008,23.379436
广州北站总站(秀全大道),广州北站总站(秀全大道),广州北站总站(秀全大道),BV11662637,113.201008,23.379436
广州北站总站(秀全大道),广州北站总站(秀全大道),广州北站总站,BV10014464,113.199565,23.380337
广州北站西广场,广州北站西广场,广州北站西广场,BV11634410,113.194777,23.379882
广州区块链国际创新中心,广州区块链国际创新中心,广州区块链国际创新中心,BV11054720,113.504146,23.158064
广州医学院从化学院,广州医学院从化学院,广州医学院从化学院,BV11115228,113.600268,23.546596
广州医科大学,广州医科大学,广州医科大学,BV11622219,113.420547,23.044115
广州华南商贸职业学院总站,广州华南商贸职业学院总,广州华南商贸职业学院总站,BV11269593,113.434997,23.373685
广州南华工贸技工学校(质检园区),广州南华工贸技工学校(质检园区),广州南华工贸技工学校(质检园区),BV11421980,113.472114,22.957886
广州南华工贸技工学校(质检院区),广州南华工贸技工学校(质检院区),广州南华工贸技工学校(质检院区),BV09310432,113.47249,22.957427
广州南华工贸技工学校(质检院区),广州南华工贸技工学校(质检院区),广州南华工贸技工学校,BV10825182,113.472453,22.957512
广州南汽车客运站(南站北路),广州南汽车客运站(南站北路),广州南汽车客运站(南站北路),BV11458118,113.265984,22.995531
广州南汽车客运站(石浦大道南),广州南汽车客运站(石浦大道南),广州南汽车客运站(石浦大道南),BV11174466,113.263643,22.995115
广州南沙国际物流中心,广州南沙国际物流中心,广州南沙国际物流中心站,BV09088846,113.677726,22.610509
广州南站公交总站,广州南站公交总,广州南站公交总站,BV11544324,113.262881,22.988396
广州南站总站,广州南站总,广州南站总站,BV11358289,113.262856,22.988513
广州和合路口,广州和合路口,广州和合路口,BV10621030,113.516757,23.574413
广州商学院,广州商学院,广州商学院站,BV11573886,113.562528,23.304281
广州商贸职业学校站,广州商贸职业学校,广州商贸职业学校站,BV09149594,113.220986,23.138393
广州国际商品展贸城,广州国际商品展贸城,广州国际商品展贸城,BV11435940,113.459103,23.042471
广州国际物流中心,广州国际物流中心,广州国际物流中心,BV10528672,113.306834,23.422472
广州圆,广州圆,广州圆,BV11566279,113.254335,23.052465
广州圆总站,广州圆总,广州圆总站,BV09232378,113.254335,23.052465
广州城市理工学院,广州城市理工学院,广州城市理工学院,BV11552462,113.168937,23.430769
广州城建校,广州城建校,广州城建校,BV09181069,113.651608,23.301234
广州城电狮岭充电站总站,广州城电狮岭充电站总,广州城电狮岭充电站总站,BV09400273,113.159455,23.451758
广州城职院,广州城职院,广州城职院,BV09184473,113.650664,23.302506
广州塔东站,广州塔东,广州塔东站,BV11401384,113.320366,23.107609
广州塔地铁站A口,广州塔地铁站A口,广州塔地铁站A口,BV09074388,113.318012,23.109807
广州塔地铁站A口站点,广州塔地铁站A口站点,广州塔地铁站A口站点,BV09074387,113.317871,23.109803
广州塔西站,广州塔西,广州塔西站,BV09369967,113.317888,23.10696
广州外国语学校,广州外国语学校,广州外国语学校站,BV10017432,113.514239,22.783982
广州大剧院西门站,广州大剧院西门,广州大剧院西门站,BV09355192,113.315809,23.11783
广州大学总站,广州大学总,广州大学总站,BV10388552,113.260649,23.152434
广州大桥北(五羊邨),广州大桥北(五羊邨),广州大桥北(五羊邨),BV09005177,113.309585,23.120104
广州大桥北站(五羊邨),广州大桥北站(五羊邨),广州大桥北,BV11474544,113.309675,23.11889
广州大桥北站(五羊邨),广州大桥北站(五羊邨),广州大桥北站(五羊邨),BV09377936,113.309953,23.119929
广州大桥南,广州大桥南,广州大桥南,BV10021298,113.309384,23.103304
广州大桥底,广州大桥底,广州大桥底站,BV11688566,113.309029,23.107135
广州大道中,广州大道中#1,广州大道中2,BV09230306,113.309605,23.140619
广州大道中,广州大道中#1,广州大道中站,BV11687847,113.309782,23.140121
广州大道中,广州大道中#1,广州大道中1,BV09382002,113.309782,23.140121
广州大道中,广州大道中#2,广州大道中,BV10014367,113.308726,23.15019
广州大道中路口,广州大道中路口,广州大道中路口,BV10021693,113.3084,23.142899
广州大道北总站,广州大道北总,广州大道北总站,BV10837241,113.332443,23.220794
广州大道南(叠景路口),广州大道南(叠景路口),广州大道南(叠景路口),BV09181701,113.310698,23.087268
广州大道南(叠景路口),广州大道南(叠景路口),广州大道南(叠景路口)2,BV09184938,113.310455,23.087124
广州大道南(叠景路口),广州大道南(叠景路口),广州大道南(叠景路口)1,BV09183567,113.310492,23.089128
广州大道南(叠景路口),广州大道南(叠景路口),广州大道南(叠景路口)3,BV09238939,113.31073,23.087952
广州大道南路口,广州大道南路口,广州大道南路口,BV10021180,113.313676,23.080583
广州富力国际医院,广州富力国际医院,广州富力国际医院,BV11686328,113.302953,22.991417
广州工商学院,广州工商学院#1,广州工商学院,BV10506703,112.963415,23.309117
广州工商学院,广州工商学院#2,广州工商学院,BV09374599,113.177219,23.443845
广州工商学院(花都),广州工商学院(花都),广州工商学院(花都),BV09374609,113.177616,23.44393
广州市中级法院,广州市中级法院,广州市中级法院,BV11658746,113.287009,23.229708
广州市儿童公园,广州市儿童公园,广州市儿童公园,BV09162721,113.268952,23.18615
广州市儿童公园北门总站,广州市儿童公园北门总,广州市儿童公园北门总站,BV09239246,113.267586,23.1897
广州市南沙中心医院站,广州市南沙中心医院,广州市南沙中心医院站,BV10015864,113.530173,22.79107
广州市南沙区中心医院站,广州市南沙区中心医院,广州市南沙区中心医院站,BV10546568,113.530173,22.79107
广州市培英中学,广州市培英中学,广州市培英中学,BV10798983,113.236858,23.076448
广州市档案馆南,广州市档案馆南,广州市档案馆南站,BV09201159,113.374403,23.046169
广州市档案馆南(大学城)站,广州市档案馆南(大学城),广州市档案馆南(大学城)站,BV09201150,113.374792,23.045942
广州市档案馆南总站,广州市档案馆南总,广州市档案馆南总站,BV09201157,113.374792,23.045942
广州市疾病中心,广州市疾病中心,广州市疾病中心,BV11658753,113.281337,23.23159
广州市第二老人院,广州市第二老人院,广州市第二老人院,BV09237172,113.590114,23.285938
广州市第八医院,广州市第八医院,广州市第八医院,BV10014465,113.280171,23.237349
广州幼专,广州幼专,广州幼专,BV09056052,113.672363,23.294956
广州康复实验学校,广州康复实验学校,广州康复实验学校,BV09208066,113.440671,23.375148
广州本田公司,广州本田公司,广州本田公司,BV10714278,113.443102,23.122479
广州海事博物馆,广州海事博物馆,广州海事博物馆,BV09166059,113.499934,23.081812
广州海关车检场,广州海关车检场,广州海关车检场,BV10014605,113.518635,23.160964
广州火车东总站,广州火车东总,广州火车东总站,BV09292568,113.31972,23.15071
广州火车东站总站,广州火车东站总,广州火车东站总站,BV10013973,113.318407,23.149696
广州火车站(草暖公园)总站,广州火车站(草暖公园)总,广州火车站(草暖公园)总站,BV09330045,113.256219,23.149259
广州火车站总站,广州火车站总,广州火车站总站,BV10014059,113.255154,23.14934
广州理工学院,广州理工学院,广州理工学院,BV09403290,113.456954,23.260735
广州电大麓湖校区,广州电大麓湖校区,广州电大麓湖校区,BV11688574,113.272312,23.147826
广州电装公司,广州电装公司,广州电装公司,BV11209397,113.650869,23.185358
广州白云站东广场,广州白云站东广场,广州白云站东广场,BV09226497,113.24413,23.197859
广州白云站东广场总站,广州白云站东广场总,广州白云站东广场总站,BV09268985,113.244089,23.193209
广州白云站公交总站,广州白云站公交总,广州白云站公交总站,BV09224761,113.238862,23.196101
广州白云站西广场,广州白云站西广场,广州白云站西广场站,BV09225302,113.236594,23.193255
广州碧桂园,广州碧桂园,广州碧桂园,BV11688559,113.286048,23.033411
广州碧桂园总站,广州碧桂园总,广州碧桂园总站,BV10015046,113.28598,23.032846
广州科学城总站(长安村),广州科学城总站(长安村),广州科学城总站(长安村),BV10409998,113.438217,23.186782
广州科技创新基地,广州科技创新基地,广州科技创新基地,BV11412826,113.445239,23.163627
广州科贸学院,广州科贸学院,广州科贸学院站,BV10019658,113.389313,23.00418
广州空港博览中心,广州空港博览中心,广州空港博览中心站,BV09195621,113.298068,23.362514
广州空港实验中学正门,广州空港实验中学正门,广州空港实验中学正门,CL100011,113.287596,23.321556
广州空港实验中学站,广州空港实验中学,广州空港实验中学站,BV11369413,113.286808,23.32439
广州立白公司,广州立白公司,广州立白公司,BV10338277,113.422427,23.02702
广州第三代半导体创新中心,广州第三代半导体创新中心,广州第三代半导体创新中心,BV09252821,113.532362,23.327362
广州纺织学院,广州纺织学院,广州纺织学院,BV10449617,113.041969,23.387488
广州老年大学(九十七中学),广州老年大学(九十七中学),广州老年大学,BV11551949,113.279872,23.091511
广州老年大学(九十七中学),广州老年大学(九十七中学),广州老年大学(九十七中学),BV11636843,113.279872,23.091511
广州船坞总站,广州船坞总,广州船坞总站,BV10387771,113.657992,22.678274
广州花卉博览园总站,广州花卉博览园总,广州花卉博览园总站,BV10021770,113.199317,23.067224
广州芳村汽车客运站,广州芳村汽车客运,广州芳村汽车客运站,BV10388232,113.22986,23.082579
广州血液中心,广州血液中心,广州血液中心,BV10509899,113.278535,23.143626
广州金沙洲,广州金沙洲,广州金沙洲,BV11247262,113.197576,23.139738
广州雅居乐,广州雅居乐,广州雅居乐,BV11689282,113.351343,23.016311
广州雅居乐北苑公交首末站,广州雅居乐北苑公交首末,广州雅居乐北苑公交首末站,BV11344597,113.382153,23.020081
广州雅居乐总站,广州雅居乐总,广州雅居乐总站,BV10015106,113.357535,23.012211
广州飞机维修公司,广州飞机维修公司,广州飞机维修公司,BV11271591,113.306757,23.411215
广州龙涛外国语学校,广州龙涛外国语学校,广州龙涛外国语学校,BV09303680,113.535681,23.493185
广工,广工,广工,BV11319321,113.389821,23.043561
广工一路北,广工一路北,广工一路北,BV11068421,113.390172,23.046646
广工一路南站,广工一路南,广工一路南站,BV11599201,113.395904,23.041051
广工一路站,广工一路,广工一路站,BV11599199,113.394425,23.042515
广工正门,广工正门,广工正门,BV10551525,113.394758,23.036568
广师大,广师大,BRT广师大站,BV09403159,113.367313,23.131235
广师大,广师大,BRT广师大站,BV09403156,113.366164,23.132026
广师大,广师大,广师大,BV09397777,113.366434,23.131494
广师大,广师大,广师大,BV09397675,113.366449,23.131858
广惠高速仙村出口,广惠高速仙村出口,广惠高速仙村出口站,BV09026393,113.72216,23.202327
广惠高速路口,广惠高速路口,广惠高速路口站,BV11102411,113.591801,23.167272
广成铝业,广成铝业,广成铝业,BV10254351,112.923025,23.294453
广播电视台,广播电视台,广播电视台,BV11456558,113.594242,23.55411
广新路,广新路,广新路,BV10014597,113.468987,23.099236
广新路(石化路口),广新路(石化路口),广新路(石化路口),BV10942232,113.46066,23.102616
广新路(马洞龙马路口),广新路(马洞龙马路口),广新路(马洞龙马路口),BV11469404,113.452767,23.363518
广新路中,广新路中,广新路中,BV10942230,113.456251,23.105011
广新路口,广新路口,广新路口,BV10942231,113.452465,23.108579
广日电梯,广日电梯,广日电梯,BV11612998,113.287509,23.016376
广晟海韵兰亭,广晟海韵兰亭,广晟海韵兰亭站,BV09170507,113.541353,22.80928
广本厂,广本厂,广本厂,BV10015420,113.648031,23.170162
广本研究公司,广本研究公司,广本研究公司,BV11415013,113.762916,23.230772
广榕路站,广榕路,广榕路站,BV09334661,113.324521,23.26201
广氮花园,广氮花园,广氮花园,BV11609229,113.389705,23.140364
广氮花园南,广氮花园南,广氮花园南站,BV11118502,113.390143,23.138434
广汕一路,广汕一路,广汕一路,BV11688562,113.377391,23.194051
广汕一路东,广汕一路东,广汕一路东,BV11573879,113.394936,23.195529
广汕一路总站(林机街),广汕一路总站(林机街),广汕一路总站(林机街),BV09042300,113.366134,23.190679
广汕二路,广汕二路,广汕二路,BV11688327,113.418647,23.193593
广汕公路(邓屋路口),广汕公路(邓屋路口),广汕公路(邓屋路口),BV09269457,113.524691,23.263259
广汕路(科景路口),广汕路(科景路口),广汕路(科景路口),BV09066404,113.443339,23.192404
广汕路(科景路口)总站,广汕路(科景路口)总,广汕路(科景路口)总站,BV09070817,113.445441,23.194119
广汕路口(邓屋路口),广汕路口(邓屋路口),广汕路口(邓屋路口),BV09271781,113.524841,23.263193
广汕路总站(科景路口),广汕路总站(科景路口),广汕路总站(科景路口),BV09074106,113.445441,23.194119
广汽乘用车,广汽乘用车,广汽乘用车,BV10558748,113.490944,23.042129
广汽传祺东二门,广汽传祺东二门,广汽传祺东二门,BV10558743,113.491484,23.048064
广汽传祺东五门,广汽传祺东五门,广汽传祺东五门,BV10558749,113.484406,23.054585
广汽日野站,广汽日野,广汽日野站,BV11491322,113.523008,23.60846
广汽研究院,广汽研究院,广汽研究院,BV11635608,113.490487,23.041551
广汽荻原基地,广汽荻原基地,广汽荻原基地,BV11018449,113.48629,23.028772
广清城际乐同站,广清城际乐同,广清城际乐同站,BV11466203,113.168704,23.426794
广清城际狮岭站,广清城际狮岭,广清城际狮岭站,BV11463291,113.142285,23.456887
广源铝业,广源铝业,广源铝业,BV10389125,112.923935,23.284877
广物汽车城,广物汽车城,广物汽车城,BV11354133,113.16428,23.171204
广珠城轨碧江站,广珠城轨碧江,广珠城轨碧江站,BV10253996,113.25725,22.952322
广珠城轨顺德站,广珠城轨顺德,广珠城轨顺德站,BV10255133,113.270835,22.878463
广珠城轨顺德站路口,广珠城轨顺德站路口,广珠城轨顺德站路口,BV10254200,113.270971,22.880704
广珠路口站,广珠路口,广珠路口站,BV11406084,113.392213,22.826254
广生路口站,广生路口,广生路口站,BV10016464,113.541486,22.770422
广生路站,广生路,广生路站,BV10634779,113.54769,22.774861
广纳院总站,广纳院总,广纳院总站,BV09386240,113.439684,23.119761
广纸路,广纸路,广纸路,BV10021795,113.265253,23.077437
广美生活区,广美生活区,广美生活区,BV10322981,113.377036,23.041403
广船,广船,广船,BV10800468,113.248222,23.069111
广花一路(夏花一路口),广花一路(夏花一路口),广花一路(夏花一路口),BV09066028,113.256307,23.228927
广花一路(夏花一路口),广花一路(夏花一路口),广花一路(夏花一路口)1号分站,BV09387798,113.256247,23.23041
广花一路(夏花一路口)总站,广花一路(夏花一路口)总,广花一路(夏花一路口)总站,BV09070830,113.255994,23.229335
广花五路中,广花五路中,广花五路中,BV09322862,113.22117,23.348765
广花五路口,广花五路口,广花五路口,BV09358986,113.221745,23.339368
广花五路路口,广花五路路口,广花五路路口,BV11689613,113.221745,23.339368
广药生活区,广药生活区,广药生活区,BV10022004,113.390903,23.056206
广药路,广药路,广药路,BV10946156,113.400853,23.058497
广虎站,广虎,广虎站,BV10016045,113.605385,23.119511
广裕祠东门,广裕祠东门,广裕祠东门,BV11595178,113.54001,23.434818
广视宾馆,广视宾馆,广视宾馆,BV10021618,113.275257,23.142616
广运车站,广运车,广运车站,BV10499096,113.832086,23.295412
广钢新城(荔勤南路)总站,广钢新城(荔勤南路)总,广钢新城(荔勤南路)总站,BV09160563,113.238003,23.06581
广铁一中,广铁一中,广铁一中,BV10019759,113.483568,22.950669
广铁一中亚运城小学,广铁一中亚运城小学,广铁一中亚运城小学,BV11507780,113.483896,22.949652
广铁一中天峰中学,广铁一中天峰中学,广铁一中天峰中学站,BV11507782,113.489154,22.948914
广附实验中学,广附实验中学,广附实验中学,BV11104674,113.198428,23.165563
广陈路,广陈路,广陈路,BV10018915,113.406145,23.381876
广隆站,广隆,广隆站,BV10015859,113.543418,22.783356
广隆路口站,广隆路口,广隆路口站,BV10024106,113.530421,22.778753
广雅中学花都校区北门,广雅中学花都校区北门,广雅中学花都校区北门,BV09405701,113.226668,23.371722
广雅路,广雅路,广雅路,BV11290711,113.237559,23.140723
广龙路(广从公路口),广龙路(广从公路口),广龙路(广从公路口),BV09301945,113.391402,23.376833
广龙路(广从公路口),广龙路(广从公路口),广龙路,BV11285650,113.391184,23.379071
广龙路(钟落潭村),广龙路(钟落潭村),广龙路(钟落潭村),BV11269585,113.387926,23.385795
广龙路(龙大庄),广龙路(龙大庄),广龙路(龙大庄),BV11269592,113.385692,23.391255
庄埔路中,庄埔路中,庄埔路中,BV11508120,113.531751,23.351733
庄埔路口,庄埔路口,庄埔路口,BV10382327,113.526877,23.348802
庄头公园站,庄头公园,庄头公园站,BV09194124,113.256817,23.082546
庆东村,庆东村,庆东村,BV10488788,113.827972,23.362945
庆丰,庆丰,庆丰,BV11687970,113.224554,23.214773
庆丰一路,庆丰一路,庆丰一路,BV11006278,113.21687,23.212576
庆丰一路口,庆丰一路口,庆丰一路口,BV10018036,113.21483,23.210478
庆丰二路口,庆丰二路口,庆丰二路口,BV10018035,113.212049,23.213472
庆丰广场,庆丰广场,庆丰广场,BV10016347,113.222114,23.215843
庆丰村,庆丰村,庆丰村,BV10020858,113.80623,23.299139
庆丰纺织一路,庆丰纺织一路,庆丰纺织一路,BV10019318,113.219401,23.208938
庆丰财智广场,庆丰财智广场,庆丰财智广场,BV11465201,113.221678,23.213904
庆槎路,庆槎路,庆槎路,BV10388518,113.216064,23.208357
庆槎路北,庆槎路北,庆槎路北,BV10018033,113.209228,23.216346
庆沙路口站,庆沙路口,庆沙路口站,BV09070815,113.478879,22.868273
庆盛村,庆盛村,庆盛村,BV09371836,113.482951,22.863177
庆盛枢纽公交总站,庆盛枢纽公交总,庆盛枢纽公交总站,BV09410322,113.486501,22.870394
庆隆路中,庆隆路中,庆隆路中,BV10018032,113.208967,23.208521
庆隆路口,庆隆路口,庆隆路口,BV10013889,113.210007,23.212949
庐前山南路口,庐前山南路口,庐前山南路口,BV09079000,113.484146,22.822829
应元学校,应元学校,应元学校,BV11118946,113.562527,23.16076
应元路,应元路,应元路,BV10021779,113.260076,23.136823
店头,店头,店头,BV11203667,113.561427,23.5068
庙仔庄,庙仔庄,庙仔庄,BV11589190,113.248721,23.294427
庙南村,庙南村,庙南村站,BV10014993,113.494882,22.770283
庙南路中,庙南路中,庙南路中,BV09306699,113.49906,22.773634
庙南高速路口,庙南高速路口,庙南高速路口站,BV11388446,113.490146,22.774833
庙埔,庙埔,庙埔,BV11399878,113.43565,23.672239
庙头,庙头,庙头,BV11386258,113.496154,23.085803
庙头,庙头,庙头,BV10014602,113.497674,23.085932
庙尾村,庙尾村,庙尾村,BV10587227,113.84919,23.446699
庙排,庙排,庙排,BV11596285,113.356324,23.648491
庙潭村,庙潭村,庙潭村,BV11654364,113.821701,23.423292
庙贝农场,庙贝农场,庙贝农场站,BV10378335,113.481754,22.778496
庙贝工业区站,庙贝工业区,庙贝工业区站,BV10633541,113.42332,22.80304
庙贝村站,庙贝村,庙贝村站,BV10014987,113.441423,22.794101
庙青9队站,庙青9队,庙青9队站,BV10633540,113.470769,22.786157
庙青中滘桥站,庙青中滘桥,庙青中滘桥站,BV10017936,113.47031,22.782185
庙青大滘涌桥站,庙青大滘涌桥#1,庙青大滘涌桥站,BV11273570,113.457989,22.791594
庙青大滘涌桥站,庙青大滘涌桥#2,庙青大滘涌桥站,BV09353780,113.468009,22.782073
庙青大滘涌桥站(S111),庙青大滘涌桥站(S111),庙青大滘涌桥站(S111),BV11409010,113.468009,22.782073
庙青排水站,庙青排水,庙青排水站,BV10633240,113.462504,22.792547
庙青村站,庙青村,庙青村站,BV10014989,113.463101,22.783594
府前路中,府前路中,府前路中,BV11578748,113.582781,23.545667
府前路南,府前路南,府前路南,BV11400673,113.582847,23.543711
康乃馨花园,康乃馨花园,康乃馨花园,BV11457902,113.227418,23.084071
康乃馨花园,康乃馨花园,康乃馨花园(停北行),BV09348877,113.227418,23.084071
康乃馨花园,康乃馨花园,康乃馨花园(停南行),BV09348878,113.227448,23.084223
康乃馨花园,康乃馨花园,康乃馨花园(北行),BV09328567,113.227418,23.084071
康乃馨花园,康乃馨花园,康乃馨花园(南行),BV09328568,113.227448,23.084223
康乐村,康乐村,康乐村1,BV09184531,113.297773,23.096596
康乐村,康乐村,康乐村,BV11688348,113.300284,23.097606
康健公司,康健公司,康健公司,BV10020803,113.842679,23.266334
康南路,康南路#1,康南路,BV10861638,113.546172,23.108776
康南路,康南路#2,康南路,BV10022798,113.551905,23.099303
康南路北,康南路北,康南路北,BV10021950,113.547272,23.107108
康南路口,康南路口,康南路口站,BV11690298,113.544384,23.11013
康卫路,康卫路,康卫路,BV11368014,113.282333,23.233732
康大路口,康大路口,康大路口,BV11619433,113.582003,23.285246
康富路,康富路,康富路,BV11664334,113.548041,23.104388
康平路,康平路,康平路,BV10550117,113.417409,23.238918
康康幼儿园,康康幼儿园,康康幼儿园,BV10961651,113.1873,23.073114
康怡公园,康怡公园,康怡公园站,BV11690535,113.184451,23.037183
康泰园,康泰园,康泰园,BV10023361,113.344539,22.94648
康湖大街,康湖大街,康湖大街,BV10022032,113.35115,23.122669
康王中路,康王中路,康王中路,BV11688470,113.242076,23.127166
康王北路(东风路口),康王北路(东风路口),康王北路,BV09374435,113.242226,23.131431
康王北路(东风路口),康王北路(东风路口),康王北路(东风路口),BV09234561,113.242415,23.133675
康王南路,康王南路,康王南路,BV11688480,113.243657,23.112435
康王南路,康王南路,康王南路2,BV09328895,113.243495,23.11279
康王路总站(上下九),康王路总站(上下九),康王路总站(上下九),BV10532688,113.242377,23.118584
康王路总站(上下九),康王路总站(上下九),康王路总站,BV10016824,113.242377,23.118584
康耀大道东,康耀大道东,康耀大道东,BV09070827,113.482785,23.383277
康裕北苑(西环路),康裕北苑(西环路),康裕北苑(西环路),BV10023263,113.346289,22.948079
康裕北苑总站,康裕北苑总,康裕北苑总站,BV11498808,113.348711,22.950823
康裕园,康裕园,康裕园,BV10023197,113.348542,22.945812
康裕西园,康裕西园,康裕西园,BV10023362,113.347788,22.947362
建业北路西,建业北路西,建业北路西,BV10019295,113.35052,23.313328
建业路,建业路,建业路站,BV09179267,113.356739,23.297208
建华汇,建华汇,建华汇,BV11382753,113.310079,23.026155
建南村,建南村,建南村,BV10021419,113.251569,23.295237
建基路,建基路,建基路,BV10019496,113.282531,23.102506
建设北路中,建设北路中,建设北路中,BV11661375,113.202962,23.41058
建设南路,建设南路,建设南路,BV11662636,113.206567,23.374641
建设大道,建设大道,建设大道,BV11689969,113.189161,23.143999
建设大道中(国昌广场),建设大道中(国昌广场),建设大道中,BV10713679,113.194987,23.144087
建设大道中(国昌广场),建设大道中(国昌广场),建设大道中(国昌广场),BV09313640,113.194987,23.144087
建设大道路口,建设大道路口,建设大道路口,BV11459333,113.18874,23.143869
建设大马路,建设大马路,建设大马路,BV11328396,113.275865,23.137057
建设新街,建设新街,建设新街,BV10013786,113.519715,23.359997
建设横马路,建设横马路,建设横马路,BV10604855,113.277187,23.135543
开创大道,开创大道#1,开创大道,BV10653045,113.465285,23.174452
开创大道,开创大道#2,开创大道,BV09256769,113.508361,23.172853
开创大道(广汕路口),开创大道(广汕路口),开创大道(广汕路口),BV11688158,113.440472,23.189579
开创大道(时代天境),开创大道(时代天境),开创大道(时代天境),BV09254012,113.50834,23.172861
开创大道(科翔路口),开创大道(科翔路口),开创大道(科翔路口),BV09002104,113.44827,23.181357
开创大道(连云路口),开创大道(连云路口),开创大道(连云路口),BV11690286,113.529353,23.130168
开创大道(香雪八路路口),开创大道(香雪八路路口),开创大道(香雪八路路口),BV11692323,113.491933,23.175834
开创大道(香雪山南),开创大道(香雪山南),开创大道(香雪山南),BV11690285,113.471248,23.176731
开创大道中(南方物流),开创大道中(南方物流),开创大道中,BV11483203,113.528008,23.135412
开创大道中(南方物流),开创大道中(南方物流),开创大道中(南方物流),BV09178249,113.528363,23.135017
开创大道口,开创大道口,开创大道口,BV10884933,113.540383,23.105343
开创大道总站,开创大道总,开创大道总站,BV10018706,113.442105,23.187887
开创大道立交,开创大道立交,开创大道立交,BV10017344,113.530305,23.128173
开发区(珠江嘉园)总站,开发区(珠江嘉园)总,开发区(珠江嘉园)总站,BV09130293,113.551528,23.201379
开发区一小,开发区一小,开发区一小,BV09359017,113.60459,23.194827
开发区二小,开发区二小,开发区二小,BV11449182,113.610593,23.191906
开发区加速器产业园区,开发区加速器产业园区,开发区加速器产业园区,BV09006142,113.492302,23.154279
开发区医院,开发区医院,开发区医院,BV11689293,113.525326,23.060796
开发区总站,开发区总,开发区总站,BV10020923,113.51495,23.051648
开发区技工学校,开发区技工学校,开发区技工学校站,BV11383668,113.55837,23.312944
开发区电大,开发区电大,开发区电大,BV10919109,113.505574,23.180295
开发区立交桥北,开发区立交桥北,开发区立交桥北站,BV10714251,113.515298,23.090785
开发区管委会,开发区管委会#1,开发区管委会,BV09197875,113.524012,23.064219
开发区管委会,开发区管委会#2,开发区管委会站,BV09369964,113.485483,23.450725
开发区管委会,开发区管委会#3,开发区管委会站,BV09339491,113.623513,23.156271
开发区路口,开发区路口,开发区路口,BV11689283,113.51868,23.082512
开发区路口,开发区路口,开发区路口(北行),BV09223984,113.51889,23.082615
开发区路口,开发区路口,开发区路口(南行),BV09223988,113.51868,23.082512
开发大道(骏成路口),开发大道(骏成路口),开发大道(骏成路口),BV09062309,113.507676,23.142936
开发大道立交东,开发大道立交东,开发大道立交东站,BV09000496,113.521066,23.087639
开发大道立交桥北,开发大道立交桥北,开发大道立交桥北,BV09382043,113.515298,23.090785
开拓路口,开拓路口,开拓路口,BV10021387,113.496846,23.110463
开泰大道(东明三路口),开泰大道(东明三路口),开泰大道(东明三路口),BV11466897,113.507326,23.151974
开泰大道(东荟城),开泰大道(东荟城)#1,开泰大道,BV10924417,113.499472,23.162384
开泰大道(东荟城),开泰大道(东荟城)#1,开泰大道(东荟城),BV11461491,113.499488,23.162362
开泰大道(东荟城),开泰大道(东荟城)#2,开泰大道,BV11467033,113.442569,23.174219
开泰大道(东荟城路口),开泰大道(东荟城路口),开泰大道(东荟城路口),BV10900953,113.49427,23.167668
开泰大道(天泰二路口),开泰大道(天泰二路口),开泰大道(天泰二路口)站,BV11466907,113.452815,23.166071
开泰大道(开源路口),开泰大道(开源路口),开泰大道(开源路口)站,BV09237474,113.501935,23.159486
开泰大道(开达路口),开泰大道(新阳路口)#2,开泰大道(开达路口),BV11690288,113.47562,23.1646
开泰大道(新阳路口),开泰大道(新阳路口)#1,开泰大道(新阳路口),BV11466898,113.465257,23.165919
开泰大道(瑞和路口),开泰大道(瑞和路口),开泰大道(瑞和路口),BV10846994,113.49713,23.165525
开泰大道(科丰路口),开泰大道(科丰路口),开泰大道(科丰路口)站,BV09005644,113.45873,23.165325
开泰大道中,开泰大道中,开泰大道中,BV11690287,113.480971,23.16498
开泰大道站(瑞和路口),开泰大道站(瑞和路口),开泰大道站(瑞和路口),BV10924416,113.496603,23.165762
开源大道,开源大道,开源大道,BV09067478,113.529736,23.170161
开源大道(云信路口),开源大道(云信路口),开源大道(云信路口),BV09065655,113.52502,23.168351
开源大道中,开源大道中,开源大道中,BV10846993,113.504402,23.159236
开萝大道(地铁香雪站),开萝大道(地铁香雪站),开萝大道,BV09241985,113.49463,23.176044
开萝大道(地铁香雪站),开萝大道(地铁香雪站),开萝大道(地铁香雪站),BV11621939,113.494633,23.176159
开萝大道总站,开萝大道总,开萝大道总站,BV09320059,113.494634,23.176107
开萝大道站(地铁香雪站),开萝大道站(地铁香雪站),开萝大道站(地铁香雪站),BV11623858,113.494394,23.176488
开达路中,开达路中,开达路中,BV09344032,113.475041,23.170844
开达路北,开达路北,开达路北,BV09344033,113.475997,23.175553
开达路北总站,开达路北总,开达路北总站,BV11608094,113.47617,23.175477
开达路南,开达路南,开达路南,BV09193686,113.474086,23.163364
张家边路口,张家边路口,张家边路口,BV10259348,113.451873,22.541523
张村,张村,张村,BV10013778,113.233034,23.20482
张村(石潭西路),张村(石潭西路),张村(石潭西路),BV11687971,113.230254,23.207994
张松工业区站,张松工业区,张松工业区站,BV10641079,113.309191,22.858855
张松村桥站,张松村桥,张松村桥站,BV10641094,113.307848,22.862894
张松村站,张松村,张松村站,BV10641101,113.307828,22.868059
张槎路口,张槎路口,张槎路口,BV10506439,113.096293,23.038955
张边,张边,张边站,BV10636433,112.894394,23.173829
弼唐,弼唐,弼唐,BV11108174,113.089322,23.019489
彩滨北路,彩滨北路,彩滨北路,BV10022435,113.20586,23.175744
彩滨北路(西海岸),彩滨北路(西海岸),彩滨北路(西海岸),BV10022429,113.20835,23.17242
彩滨北路北,彩滨北路北,彩滨北路北站,BV09348790,113.205072,23.177453
彩滨北路北,彩滨北路北,彩滨北路北站,BV11495706,113.204894,23.178207
彩虹戏院,彩虹戏院,彩虹戏院,BV09243518,113.241245,23.135084
彩虹桥,彩虹桥#1,彩虹桥1,BV09230293,113.239234,23.133967
彩虹桥,彩虹桥#1,彩虹桥2,BV09162064,113.239001,23.133802
彩虹桥,彩虹桥#1,彩虹桥,BV09001152,113.239001,23.133802
彩虹桥,彩虹桥#2,彩虹桥,BV11303536,113.786858,23.747177
彩虹社区,彩虹社区,彩虹社区,BV11137779,113.236888,23.133104
彩频路,彩频路,彩频路,BV10653035,113.429423,23.164747
彭上幼儿园,彭上幼儿园,彭上幼儿园,BV11647776,113.276471,23.23271
彭上德兴路,彭上德兴路,彭上德兴路,BV09200000,113.279477,23.231045
彭上村口,彭上村口,彭上村口,BV11658745,113.278775,23.233411
彭上综合市场,彭上综合市场,彭上综合市场,BV11647777,113.277323,23.233438
彭场村,彭场村,彭场村,BV10655509,113.871574,23.393194
彭城东路,彭城东路,彭城东路,BV10703320,113.23453,23.145092
彭西幼儿园,彭西幼儿园,彭西幼儿园,BV11647778,113.273435,23.23242
彭西祠堂,彭西祠堂,彭西祠堂,BV11658739,113.271756,23.23341
彭边村东,彭边村东,彭边村东,BV10019310,113.276713,23.230714
彭边村东,彭边村东,彭边村东2,BV09278981,113.281463,23.228376
彭边村西,彭边村西,彭边村西,BV10014467,113.274094,23.230999
影村总站,影村总,影村总站,BV11152736,113.7841,23.681726
影田,影田,影田,BV11115123,113.525078,23.427802
影田卫生站,影田卫生,影田卫生站,BV11485626,113.527945,23.428344
得胜南隅,得胜南隅,得胜南隅,BV11646757,113.147294,23.210876
得胜村,得胜村,得胜村,BV11690544,113.145558,23.215108
得金工业区路口,得金工业区路口,得金工业区路口,BV10252680,113.143152,23.222169
御华园,御华园,御华园站,BV11689387,113.182695,23.450781
德信路,德信路,德信路站,BV10014950,113.369105,22.918057
德宝花园,德宝花园,德宝花园,BV10020165,113.370913,22.925283
德康路,德康路,德康路站,BV09355218,113.245009,23.182229
德政中路,德政中路,德政中路,BV10021793,113.270091,23.1281
德星路总站,德星路总,德星路总站,BV10860955,113.243989,23.118318
德棠路,德棠路,德棠路,BV11466805,113.234335,23.180331
德贤路,德贤路,德贤路,BV10435949,113.35093,22.919396
德贤路(时代雅苑),德贤路(时代雅苑),德贤路(时代雅苑),BV11633334,113.350489,22.922343
心和村站,心和村,心和村站,BV11375037,113.05693,23.416646
心岭村,心岭村,心岭村,BV11451060,113.644978,23.347816
心谊路,心谊路,心谊路,BV10013703,113.251234,23.171614
志诚大道东,志诚大道东,志诚大道东,BV10022164,113.528505,23.063902
志高工业园,志高工业园,志高工业园,BV10255873,113.17941,23.196696
志高总装,志高总装,志高总装,BV10255871,113.18314,23.201228
志高钣金,志高钣金,志高钣金,BV10255872,113.182918,23.198569
思乡阁,思乡阁,思乡阁,BV10255251,112.900149,23.352333
思亭路北,思亭路北,思亭路北,BV09324142,113.41351,23.084238
思亭路总站,思亭路总,思亭路总站,BV11063478,113.411338,23.086998
思亲园,思亲园,思亲园,BV10023013,113.276766,22.999298
思成路,思成路,思成路,BV10019137,113.411349,23.175004
思成路北,思成路北,思成路北,BV11601638,113.416737,23.180654
思贤村,思贤村,思贤村,BV10020041,113.42957,23.048285
怡乐村,怡乐村,怡乐村,BV11687959,113.280619,23.096217
怡乐村,怡乐村,怡乐村1,BV09317206,113.282528,23.095875
怡乐路,怡乐路,怡乐路,BV10018258,113.286003,23.105007
怡乐路南,怡乐路南,怡乐路南,BV10021778,113.283212,23.096302
怡乐路总站,怡乐路总,怡乐路总站,BV11573302,113.286097,23.104308
怡发拉链厂站,怡发拉链厂,怡发拉链厂站,BV10018450,113.463432,22.895762
怡安花园朗晴居(素社),怡安花园朗晴居(素社),怡安花园朗晴居(素社),BV10448219,113.271506,23.108597
怡新路,怡新路,怡新路,BV11629712,113.319777,23.17815
怡新路口,怡新路口,怡新路口,BV11629704,113.325303,23.177862
怡港花园,怡港花园,怡港花园,BV10885191,113.450609,23.101724
怡翠公园,怡翠公园,怡翠公园,BV10252108,113.161344,23.034351
怡翠花园,怡翠花园,怡翠花园,BV10252107,113.156408,23.035041
怡趣路,怡趣路,怡趣路,BV10018248,113.288548,23.105101
恒大山水城,恒大山水城,恒大山水城,BV10024218,113.608833,23.29376
恒大山水郡,恒大山水郡,恒大山水郡,BV11119367,113.623791,23.337191
恒大御景半岛花园,恒大御景半岛花园,恒大御景半岛花园,BV09125795,113.202556,23.194465
恒大汽车城站,恒大汽车城,恒大汽车城站,BV11476743,113.563097,22.684032
恒宝广场总站,恒宝广场总,恒宝广场总站,BV10021805,113.236256,23.121356
恒福路,恒福路,恒福路,BV11688503,113.292735,23.149991
恒福路总站,恒福路总,恒福路总站,BV10013925,113.279956,23.146632
恤孤院路,恤孤院路,恤孤院路,BV10022596,113.291374,23.122157
恩宁路,恩宁路,恩宁路,BV10021911,113.233804,23.116704
悠方购物公园站,悠方购物公园,悠方购物公园站,BV11370953,113.515995,22.801861
悦云路口,悦云路口,悦云路口站,BV09345881,113.265029,23.200526
悦云路口总站,悦云路口总,悦云路口总站,BV09327367,113.264348,23.199829
悦兴综合市场,悦兴综合市场,悦兴综合市场站,BV09355001,113.561348,23.113201
悦和公园,悦和公园,悦和公园,BV09125835,113.404554,23.276458
悦峰三街,悦峰三街,悦峰三街,BV10654283,113.19311,23.162489
悦峰三街路口,悦峰三街路口,悦峰三街路口,BV10785201,113.192227,23.164487
悦成路,悦成路,悦成路,BV10022517,113.226424,23.094702
悦方城,悦方城,悦方城,BV09221554,113.497841,22.817582
悦景路东,悦景路东,悦景路东站,BV11486940,113.428848,23.144645
悦景路中,悦景路中,悦景路中,BV11240167,113.423001,23.146389
悦景路西,悦景路西,悦景路西,BV11240169,113.4186,23.14802
悦顺装饰材料城,悦顺装饰材料城,悦顺装饰材料城站,BV09393818,113.579244,23.114578
惠云园,惠云园,惠云园,BV11468429,113.126188,23.044097
惠云园公交首末站,惠云园公交首末,惠云园公交首末站,BV11585024,113.128462,23.044268
惠福西,惠福西,惠福西,BV11480694,113.250011,23.123444
惠福路,惠福路,惠福路,BV11688565,113.252934,23.122787
惠联路口,惠联路口,惠联路口,BV09244735,113.426354,23.196515
慈岭村站,慈岭村,慈岭村站,BV11452844,113.653785,23.257984
慕园村,慕园村,慕园村,BV10017636,113.432101,23.247012
成丰生态园农业公园,成丰生态园农业公园,成丰生态园农业公园,BV11689816,113.538632,22.690538
打顶围,打顶围,打顶围,BV11404179,113.730603,23.375739
打鼓岭,打鼓岭,打鼓岭,BV10625666,113.359793,23.302662
执信中学,执信中学#1,执信中学,BV09244913,113.286255,23.134264
执信中学,执信中学#2,执信中学站,BV09271073,113.572375,22.804811
执信中学天河校区南门,执信中学天河校区南门,执信中学天河校区南门,BV09344026,113.430744,23.140195
执信增城学校总站,执信增城学校总,执信增城学校总站,BV11581125,113.762387,23.289584
执信路,执信路,执信路,BV11688570,113.283533,23.133423
执德路,执德路,执德路,BV09344783,113.435706,23.142184
扬帆路口,扬帆路口,扬帆路口,BV09405769,113.571771,23.026939
护林路(敬业路口),护林路(敬业路口),护林路(敬业路口),BV11520582,113.472712,23.112436
护林路(横沙村口),护林路(横沙村口),护林路(横沙村口),BV11692211,113.446395,23.116361
护林路(江东村北),护林路(江东村北),护林路(江东村北),BV10388236,113.467938,23.114567
护林路(珠村),护林路(珠村),护林路(珠村),BV10407072,113.418594,23.119262
护林路(茅岗路口),护林路(茅岗路口),护林路(茅岗路口),BV11689178,113.435846,23.118635
护林路(镇东路口),护林路(镇东路口),护林路(镇东路口)站,BV11619527,113.457696,23.114171
护林路东总站,护林路东总,护林路东总站,BV10018089,113.478037,23.11232
护林路中,护林路中,护林路中,BV11689179,113.440907,23.11759
护林路西,护林路西,护林路西,BV11412818,113.429036,23.119701
报德祠,报德祠,报德祠,BV10024432,113.796167,23.417203
拔蛟窝,拔蛟窝,拔蛟窝,BV10262480,113.706406,23.064062
拖罗村委,拖罗村委,拖罗村委,BV11498310,113.71675,23.48574
拖罗路口,拖罗路口,拖罗路口,BV11498309,113.718693,23.486415
招呼站,G:BV09274222,招呼站3,BV09274222,113.167216,23.06666
招呼站,G:BV09280998,招呼站2,BV09280998,113.167354,23.064542
招呼站,G:BV09280999,招呼站1,BV09280999,113.167468,23.063973
招呼站,G:BV09281000,招呼站5,BV09281000,113.167387,23.063865
招呼站,G:BV09281001,招呼站4,BV09281001,113.167204,23.067068
招呼站,G:BV09304531,招呼站,BV09304531,113.387337,23.627372
招呼站,G:BV09330658,招呼站,BV09330658,113.923368,23.401437
招呼站,G:BV09347020,招呼站,BV09347020,113.441755,22.894636
招呼站,G:BV09347021,招呼站,BV09347021,113.195794,23.403192
招呼站,G:BV09357245,招呼站,BV09357245,113.951971,23.400496
招呼站,G:BV09358416,招呼站,BV09358416,113.937365,23.402879
招呼站,G:BV09359414,招呼站,BV09359414,113.59257,23.138802
招呼站,G:BV09362766,招呼站,BV09362766,113.369076,23.081871
招呼站,G:BV09369038,招呼站,BV09369038,113.51061,22.785792
招呼站,G:BV09373094,招呼站,BV09373094,113.362867,22.981129
招呼站,G:BV09373780,招呼站,BV09373780,113.356932,22.912442
招呼站,G:BV09376265,招呼站,BV09376265,113.229709,23.099196
招呼站,G:BV09377098,招呼站,BV09377098,113.414713,22.89599
招呼站,G:BV09384012,招呼站,BV09384012,113.378969,22.931221
招呼站,G:BV09384381,招呼站,BV09384381,113.47004,22.943966
招呼站,G:BV09391210,招呼站,BV09391210,113.403228,23.022041
招呼站,G:BV09392414,招呼站,BV09392414,113.56985,22.750423
招呼站,G:BV09394518,招呼站,BV09394518,113.167468,23.063973
招呼站,G:BV09404007,招呼站,BV09404007,113.307225,23.023665
招呼站,G:BV09405894,招呼站,BV09405894,113.256705,23.162592
招呼站,G:BV09406081,招呼站,BV09406081,113.600349,23.13439
招呼站,G:BV09406694,招呼站,BV09406694,113.195745,22.930147
招呼站,G:BV09408499,招呼站,BV09408499,113.539869,22.794768
招呼站,G:BV09408825,招呼站,BV09408825,113.197221,22.93968
招呼站,G:BV09409956,招呼站,BV09409956,113.451582,22.982866
招呼站,G:BV09411649,招呼站,BV09411649,113.555338,22.804384
招呼站,G:BV09412020,招呼站,BV09412020,113.517327,22.804742
招呼站,G:BV09413001,招呼站,BV09413001,113.289835,23.016695
招呼站,G:BV09413002,招呼站,BV09413002,113.474225,23.177467
招呼站,G:BV09413014,招呼站,BV09413014,113.51893,23.1662
招呼站,G:BV11408987,招呼站,BV11408987,113.811677,23.52011
招呼站,G:BV11409050,招呼站,BV11409050,113.604251,22.774068
招呼站,G:BV11409744,招呼站,BV11409744,113.930884,23.470519
招呼站,G:BV11409758,招呼站,BV11409758,113.772984,23.490535
招呼站,G:BV11409768,招呼站,BV11409768,113.940186,23.437061
招呼站,G:BV11632938,招呼站,BV11632938,113.370643,22.791606
招呼站,G:BV11648352,招呼站,BV11648352,113.804509,23.516721
招呼站(东涌荣威汽修厂),G:BV09347050,招呼站(东涌荣威汽修厂),BV09347050,113.411546,22.898422
招呼站(凯创),G:BV09280996,招呼站(凯创),BV09280996,113.167354,23.064542
招呼站(安顺小桥),G:BV09347048,招呼站(安顺小桥),BV09347048,113.435471,22.89669
招呼站(邝维煜纪念中学),G:BV09304532,招呼站(邝维煜纪念中学),BV09304532,113.200557,23.4028
招村大街,招村大街,招村大街,BV10022781,113.23368,23.089575
招步村,招步村,招步村,BV10323148,113.69539,23.233632
拥军路口,拥军路口,拥军路口,BV10472923,113.162176,23.422155
挂绿广场东,挂绿广场东,挂绿广场东,BV10020844,113.829269,23.293451
挂绿广场南,挂绿广场南,挂绿广场南,BV10020756,113.828064,23.292023
指南桥站,指南桥,指南桥站(南行),BV11418606,113.372809,22.830032
指南桥站,指南桥,指南桥站(北行),BV11418605,113.37411,22.829102
指南桥站,指南桥,指南桥站,BV10641077,113.372809,22.830032
振兴大街,振兴大街,振兴大街,BV11370361,113.307888,23.057417
振兴小学,振兴小学,振兴小学,BV11688980,113.150221,23.473603
振兴村,振兴村,振兴村,BV11689392,113.155815,23.469727
振兴路中,振兴路中,振兴路中,BV10991234,113.300334,23.058126
捷厉特车厂,捷厉特车厂,捷厉特车厂,BV11632951,113.630905,23.16552
捷普电子厂,捷普电子厂,捷普电子厂,BV11467023,113.501136,23.143831
捷荣锦江豪庭(东海大道),捷荣锦江豪庭(东海大道),捷荣锦江豪庭(东海大道),BV10629682,112.908681,23.358514
捷进中路,捷进中路,捷进中路,BV09308699,113.351606,22.95201
接龙里,接龙里,接龙里,BV10019334,113.234438,23.0968
推广,推广,推广,BV10016619,113.322285,23.439156
推广汽车总站,推广汽车总,推广汽车总站,BV09091514,113.323583,23.438946
推广汽车站总站,推广汽车站总,推广汽车站总站,BV09064833,113.323683,23.439109
揽月路,揽月路,揽月路,BV11412829,113.449316,23.163727
揽月路西,揽月路西,揽月路西,BV11412823,113.440647,23.164181
摇田河大街,摇田河大街,摇田河大街,BV10022242,113.567757,23.193136
摇田河大街(里享家),摇田河大街(里享家),摇田河大街(里享家),BV10871157,113.561462,23.196677
摇田河路中,摇田河路中,摇田河路中,BV10013844,113.557629,23.197564
摩天轮,摩天轮,摩天轮,BV11411805,113.030119,23.499943
放马村站,放马村,放马村站,BV11420192,113.381767,22.77457
政务中心,政务中心,政务中心,BV11621171,113.254375,23.176827
政务服务中心,政务服务中心,政务服务中心,BV11163924,113.589481,23.5533
政民路,政民路,政民路,BV10022198,113.263234,23.157608
政通路,政通路,政通路,BV11202407,113.267244,23.159544
故乡里,故乡里,故乡里站,BV09414032,113.061168,23.488653
敏捷集团,敏捷集团,敏捷集团,BV10021912,113.32458,22.976476
救助站,救助,救助站,BV11140000,113.856183,23.278245
救捞局,救捞局,救捞局,BV10018558,113.341084,23.049548
教师村,教师村,教师村,BV11359296,113.661598,23.60417
教思亭,教思亭,教思亭,BV09314414,113.416812,23.081751
教育路南,教育路南,教育路南,BV09241713,113.260622,23.125073
教育路口,教育路口,教育路口,BV10251770,113.187,23.139067
散围总站,散围总,散围总站,BV09221291,113.790069,23.686339
敦和,敦和,敦和,BV11687930,113.310112,23.093867
敦和,敦和,敦和2,BV09406264,113.31031,23.09421
敦和,敦和,敦和3,BV09026856,113.310118,23.093795
敦和街口,敦和街口,敦和街口,BV10724674,113.309747,23.093036
敦和路,敦和路,敦和路,BV10724676,113.305536,23.096777
敦和路中,敦和路中,敦和路中,BV10724675,113.307041,23.093802
敬业路,敬业路,敬业路,BV11535653,113.470972,23.109311
文一,文一,文一,BV10742885,113.064161,23.264352
文冲(石化路南),文冲(石化路南),文冲(石化路南),BV09335059,113.463054,23.105249
文冲地铁D出口,文冲地铁D出口,文冲地铁D出口,BV11535655,113.462012,23.106979
文冲市场,文冲市场,文冲市场,BV11545641,113.462008,23.106954
文冲幸福里,文冲幸福里,文冲幸福里站,BV09335053,113.462008,23.106954
文冲社区,文冲社区,文冲社区,BV10942229,113.458927,23.103659
文冲街党群服务中心站,文冲街党群服务中心,文冲街党群服务中心站,BV11535657,113.459474,23.114209
文化中心,文化中心,文化中心,BV11688729,113.042627,23.061869
文化公园,文化公园#1,文化公园,BV11363917,113.24574,23.111297
文化公园,文化公园#2,文化公园,BV09391288,112.885127,23.161401
文化公园东,文化公园东,文化公园东,BV10251906,112.889405,23.160716
文化公园总站,文化公园总,文化公园总站,BV10016238,113.245448,23.109968
文园,文园,文园,BV09124283,113.466953,23.097774
文园,文园,文园,BV09060273,113.466026,23.098441
文岗,文岗,文岗,BV09404906,113.062169,23.259139
文德南,文德南,文德南,BV11688518,113.268969,23.118508
文德路,文德路,文德路,BV11688482,113.265936,23.127119
文德路,文德路,文德路2,BV09317748,113.265969,23.127289
文德路总站,文德路总,文德路总站,BV10016117,113.266905,23.124386
文教路口,文教路口,文教路口,BV11507042,113.130885,23.24996
文昌北路站,文昌北路,文昌北路站,BV09267393,113.2392,23.122954
文昌南路,文昌南路,文昌南路,BV10389129,113.239304,23.117664
文明路,文明路,文明路站,BV09376614,113.267449,23.125231
文明路,文明路,文明路2,BV09398681,113.267792,23.125341
文明路,文明路,文明路1,BV09215180,113.267474,23.125237
文登隧道,文登隧道,文登隧道站,BV11633556,113.167067,22.973093
文盛庄,文盛庄,文盛庄,BV10019452,113.301844,23.249608
文盛庄路,文盛庄路,文盛庄路,BV10014204,113.302716,23.247232
文礼路口,文礼路口,文礼路口,BV09327035,113.679778,23.277121
文翰第二小学,文翰第二小学,文翰第二小学,BV09308635,113.22059,23.038575
文船生活区东区,文船生活区东区,文船生活区东区,BV10021520,113.470999,23.097226
文边小学,文边小学,文边小学,BV10020053,113.410168,22.979894
文边工业区,文边工业区,文边工业区,BV10019986,113.411019,22.978173
文边村,文边村,文边村,BV10019987,113.406312,22.980689
文锋东路,文锋东路,文锋东路,BV10251907,112.888227,23.159253
文阁,文阁,文阁,BV11115117,113.532407,23.431012
斗塘路东,斗塘路东,斗塘路东,BV11484696,113.568442,23.208871
斗塘路西,斗塘路西,斗塘路西,BV11483396,113.557281,23.208309
斗岗村,斗岗村,斗岗村,BV11119538,113.728953,23.488334
斗朗社区,斗朗社区,斗朗社区,BV11217546,113.640484,23.09674
斯庄村,斯庄村,斯庄村,BV10015374,113.686917,23.243448
斯文井,斯文井,斯文井,BV10019149,113.323976,23.216451
斯迳路(腰坑水库),斯迳路(腰坑水库),斯迳路(腰坑水库),BV10382330,113.549085,23.357384
斯迳路(腰坑水库),斯迳路(腰坑水库),斯迳路,BV10382329,113.55142,23.357128
新三涌,新三涌,新三涌,BV10434959,113.638804,23.037745
新三路口,新三路口,新三路口,BV11352947,113.424999,23.558896
新世界大厦,新世界大厦,新世界大厦,BV10019845,113.3574,22.942683
新世界大厦A,新世界大厦A,新世界大厦A,BV11151535,113.357339,22.942863
新世界大厦B,新世界大厦B,新世界大厦B,BV10408191,113.356982,22.942893
新世纪广场,新世纪广场#1,新世纪广场,BV11689059,113.583355,23.550961
新世纪广场,新世纪广场#2,新世纪广场站,BV11689060,113.204741,23.38098
新世纪广场东,新世纪广场东,新世纪广场东,BV09410386,113.208187,23.383195
新世纪花园,新世纪花园,新世纪花园,BV10023258,113.357805,22.925092
新世纪豪园西,新世纪豪园西,新世纪豪园西,BV10262528,113.75821,23.012351
新业路,新业路,新业路,BV10014491,113.563682,23.200539
新业路(摇田河大街),新业路(摇田河大街),新业路(摇田河大街),BV10486971,113.562769,23.197688
新业路中,新业路中,新业路中,BV09319544,113.563526,23.203056
新业路北(斗塘路口),新业路北(斗塘路口),新业路北(斗塘路口),BV10014482,113.562246,23.207381
新中医院,新中医院#1,新中医院,BV10464006,112.884095,23.163896
新中医院,新中医院#2,新中医院,BV11119400,113.815161,23.282278
新中心区南,新中心区南,新中心区南,BV10673372,113.579182,23.025959
新丰路(布岭村),新丰路(布岭村),新丰路(布岭村)站,BV09368639,113.548541,23.209254
新丰路中(禾丰新村),新丰路中(禾丰新村),新丰路中(禾丰新村),BV11445252,113.550547,23.213579
新丰路中(禾丰新村),新丰路中(禾丰新村),新丰路中,BV11630343,113.550547,23.213579
新丰路口站(永顺大道),新丰路口站(永顺大道),新丰路口站,BV11688330,113.54277,23.202401
新丰路口站(永顺大道),新丰路口站(永顺大道),新丰路口2,BV09209215,113.544863,23.202181
新丰路口站(永顺大道),新丰路口站(永顺大道),新丰路口站(永顺大道),BV09287310,113.543282,23.202002
新丰路口站(永顺大道),新丰路口站(永顺大道),新丰路口1,BV09235566,113.543282,23.202002
新丽路,新丽路,新丽路,BV10018584,113.18337,23.073046
新乐路,新乐路,新乐路,BV10017360,113.463145,23.162148
新乐路口,新乐路口,新乐路口,BV11619526,113.466593,23.164685
新光快速,新光快速,新光快速,BV09303449,113.34473,22.981744
新兴村卫生站,新兴村卫生,新兴村卫生站,BV09358615,113.467539,22.745036
新兴村委总站,新兴村委总,新兴村委总站,BV11324534,113.475713,22.738018
新兴村站,新兴村,新兴村站,BV10016666,113.457845,22.74049
新兴路,新兴路,新兴路,BV11393828,113.50904,23.449545
新兴路口,新兴路口,新兴路口,BV10545420,113.151441,23.204719
新凌路(凌边村),新凌路(凌边村),新凌路(凌边村),BV09278676,113.428722,22.979933
新华中学,新华中学,新华中学站,BV09404941,113.213006,23.382229
新华工业区,新华工业区,新华工业区2,BV11554334,113.164694,23.399733
新华工业区,新华工业区,新华工业区1,BV11547976,113.167947,23.399875
新华工业区,新华工业区,新华工业区,BV09206741,113.168198,23.399719
新华市场,新华市场,新华市场,BV09133871,113.203977,23.378973
新华影院,新华影院,新华影院,BV10435175,113.204242,23.375927
新华站,新华,新华站,BV11115230,113.616592,23.594484
新华街道办,新华街道办,新华街道办,BV09001426,113.208041,23.372538
新南村,新南村,新南村,BV10017623,113.489431,23.380459
新南村楼下社,新南村楼下社,新南村楼下社,BV11576162,113.712163,23.570433
新南海医院,新南海医院,新南海医院,BV11650106,112.996505,23.085084
新南海医院南门,新南海医院南门,新南海医院南门,BV11650105,112.993544,23.084578
新厅街,新厅街,新厅街,BV10019446,113.296126,23.230891
新同丰小学路口,新同丰小学路口,新同丰小学路口站,BV10326926,113.54047,22.676131
新同安桥,新同安桥,新同安桥站,BV10015942,113.575069,22.61561
新和,新和,新和,BV11388333,113.460645,23.415325
新和北路中,新和北路中,新和北路中,BV11484605,113.626839,23.181474
新和北路北,新和北路北,新和北路北,BV09245557,113.628725,23.19122
新和南路,新和南路,新和南路,BV10024161,113.633322,23.164808
新和地铁站,新和地铁,新和地铁站,BV11623812,113.460645,23.415325
新和村,新和村#1,新和村,BV10017219,113.253657,23.411704
新和村,新和村#2,新和村,BV10683654,113.247169,23.418579
新园路,新园路,新园路站,BV10015194,113.294718,23.03676
新围,新围,新围,BV10018739,113.480768,23.657375
新围中心公园,新围中心公园,新围中心公园站,BV10388411,113.397356,22.769412
新围八队总站,新围八队总,新围八队总站,BV10388406,113.402491,22.766705
新围村,新围村#1,新围村站,BV10015189,113.392098,22.772675
新围村,新围村#2,新围村,BV09386599,113.834446,23.263608
新围村,新围村#3,新围村,BV11165105,113.7382,23.434838
新围村委,新围村委,新围村委,BV11119653,113.654618,23.437071
新围村路口,新围村路口,新围村路口,BV10522241,113.574123,23.280686
新垦总站,新垦总,新垦总站,BV09302150,113.599817,22.648954
新垦站,新垦,新垦站,BV10015875,113.599683,22.648646
新城市场,新城市场,新城市场,BV11451014,113.582231,23.185505
新城广场,新城广场,新城广场,BV11400674,113.580423,23.542904
新城派出所,新城派出所,新城派出所,BV10017865,113.585408,23.54696
新城路,新城路,新城路,BV09115206,113.297002,22.82572
新基村总站,新基村总,新基村总站,BV10023399,113.359807,23.02966
新堤路中,新堤路中,新堤路中,BV11468513,113.121474,23.041883
新塘,新塘#1,新塘,BV11152722,113.606119,23.518989
新塘,新塘#2,新塘,BV09221019,113.779933,23.679714
新塘万达广场,新塘万达广场,新塘万达广场,BV11118953,113.612583,23.156369
新塘三中,新塘三中,新塘三中站,BV09393816,113.576357,23.113526
新塘中学,新塘中学,新塘中学,BV09236553,113.598821,23.130422
新塘二中,新塘二中,新塘二中,BV10016079,113.639054,23.153524
新塘供电所,新塘供电所,新塘供电所,BV11689661,113.608536,23.133075
新塘公园,新塘公园,新塘公园,BV11119338,113.613218,23.118993
新塘动车所,新塘动车所,新塘动车所,BV09348757,113.686982,23.169264
新塘南站,新塘南,新塘南站,BV09236554,113.599376,23.133484
新塘商会,新塘商会,新塘商会,BV11118935,113.612085,23.13115
新塘地铁站,新塘地铁,新塘地铁站,BV10975770,113.600451,23.134519
新塘大道,新塘大道,新塘大道,BV11143656,113.555995,23.112446
新塘太阳城,新塘太阳城,新塘太阳城站,BV10409985,113.60477,23.124439
新塘广场,新塘广场,新塘广场,BV10015413,113.607936,23.119371
新塘总站,新塘总#1,新塘总站,BV10016922,113.605009,23.119419
新塘总站,新塘总#2,新塘总站,BV10014115,113.623696,23.125021
新塘总站,新塘总#3,新塘总站,BV11581141,113.625702,23.114341
新塘汽车客运总站,新塘汽车客运总,新塘汽车客运总站,BV11622608,113.625425,23.154642
新塘汽车客运站,新塘汽车客运,新塘汽车客运站,BV10014147,113.625699,23.155635
新塘汽车客运站总站,新塘汽车客运站总,新塘汽车客运站总站,BV10885295,113.625435,23.154609
新塘海关,新塘海关,新塘海关,BV11375097,113.598564,23.108619
新塘牛仔城(A),新塘牛仔城(A),新塘牛仔城(A),BV11504203,113.627579,23.123669
新塘牛仔城(A),新塘牛仔城(A),新塘牛仔城,BV11689290,113.628393,23.123882
新塘牛仔城A站,新塘牛仔城,新塘牛仔城A站,BV09064722,113.62755,23.12367
新塘白江地铁站,新塘白江地铁,新塘白江地铁站,BV11454831,113.591508,23.12513
新塘盛世名门总站,新塘盛世名门总,新塘盛世名门总站,BV10741251,113.595156,23.126285
新塘站东,新塘站东,新塘站东,BV09236547,113.605001,23.135749
新塘站公交总站,新塘站公交总,新塘站公交总站,BV09190591,113.597881,23.136161
新塘镇政府,新塘镇政府,新塘镇政府,BV10015416,113.615998,23.121693
新填地,新填地,新填地,BV09136602,113.231817,23.028364
新境,新境,新境,BV10325974,112.981623,23.077743
新天地广场,新天地广场,新天地广场,BV10252216,113.152447,23.200924
新太村,新太村,新太村,BV10017063,113.079901,23.32701
新好景,新好景,新好景站,BV11688080,113.596975,23.124823
新安,新安,新安,BV11627692,113.518585,23.526634
新安路,新安路,新安路,BV11483395,113.555863,23.207032
新安路(摇田河大街口),新安路(摇田河大街口),新安路(摇田河大街口)站,BV11488846,113.554158,23.199189
新安路南,新安路南,新安路南,BV09070813,113.551653,23.192734
新屋,新屋#1,新屋,BV10022146,113.578464,23.272201
新屋,新屋#2,新屋,BV11152744,113.641206,23.698496
新屋吓村,新屋吓村,新屋吓村,BV11303330,113.743395,23.393844
新屋村,新屋村,新屋村,BV11409763,113.943494,23.404104
新屋社站,新屋社,新屋社站,BV11491309,113.368234,23.600179
新山吓村,新山吓村,新山吓村,BV11463927,113.866773,23.173764
新岑四路,新岑四路,新岑四路,BV09189956,113.39977,23.167863
新市,新市,新市,BV10014190,113.255219,23.188046
新市云霄楼,新市云霄楼,新市云霄楼,BV10022281,113.267685,23.196498
新市南街,新市南街,新市南街,BV11377520,113.259158,23.19326
新市墟,新市墟,新市墟站,BV11687839,113.256343,23.194383
新市墟,新市墟,新市墟2,BV09226067,113.257004,23.195114
新市墟,新市墟,新市墟站2,BV09392281,113.257055,23.195948
新市墟,新市墟,新市墟3,BV09161217,113.256606,23.19493
新市墟,新市墟,新市墟1,BV09226083,113.256016,23.192479
新市墟,新市墟,新市墟4,BV09404762,113.256343,23.194383
新市墟,新市墟,新市墟5,BV09226085,113.256205,23.194071
新市头路,新市头路,新市头路,BV10022187,113.315689,23.102025
新市头路南,新市头路南,新市头路南,BV10022188,113.314572,23.099849
新市新街中,新市新街中,新市新街中,BV10022101,113.253122,23.193763
新市新街口,新市新街口,新市新街口,BV10022099,113.255796,23.193857
新市新街西,新市新街西,新市新街西,BV10022102,113.25195,23.193631
新广场,新广场,新广场,BV10676452,113.358886,22.936415
新庄二路,新庄二路,新庄二路,BV09368638,113.556646,23.194941
新庄二路(新安路口),新庄二路(新安路口),新庄二路(新安路口)站,BV09003168,113.553185,23.195698
新庄二路站(新安路口),新庄二路站(新安路口),新庄二路站(新安路口),BV11102413,113.553126,23.195708
新庄村,新庄村#1,新庄村,BV11346061,113.572086,23.573633
新庄村,新庄村#2,新庄村站,BV09303743,113.224403,23.48149
新庄村委,新庄村委,新庄村委,BV10014485,113.553206,23.196736
新庄路口,新庄路口,新庄路口,BV11352943,113.480926,23.484503
新康花园,新康花园,新康花园站,BV11248517,113.583173,23.116004
新康花园北门,新康花园北门,新康花园北门站,BV11133521,113.582905,23.124756
新开埔顶,新开埔顶,新开埔顶,BV11370949,113.560196,23.560122
新开花谷,新开花谷,新开花谷,BV11452846,113.547817,23.567521
新惠路中,新惠路中,新惠路中,BV09370050,113.599852,23.190884
新扬四队,新扬四队,新扬四队,BV10023906,113.208031,23.470453
新扬市场,新扬市场,新扬市场,BV10481258,113.192432,23.472432
新扬村,新扬村,新扬村,BV10462381,113.201631,23.47396
新新大道中,新新大道中,新新大道中站,BV10017830,113.585651,23.180363
新明村,新明村,新明村,BV10020886,113.58738,23.525021
新星,新星,新星,BV09005946,113.12034,23.215977
新星村,新星村,新星村,BV09236192,113.56646,23.6024
新月明珠花园,新月明珠花园,新月明珠花园,BV10020323,113.312723,23.01761
新材料C区,新材料C区,新材料C区,BV10796594,113.175892,23.21737
新村,新村#1,新村站,BV10573526,112.952279,23.371366
新村,新村#2,新村,BV11619414,113.290439,23.253932
新村,新村#3,新村,BV11619416,113.977173,23.84563
新村,新村#4,新村,BV11619413,113.54353,23.393703
新村,新村#5,新村,BV09269063,113.521901,22.70866
新村,新村#6,新村,BV11619415,113.49716,22.912063
新村一巷,新村一巷,新村一巷,BV10017609,113.498039,23.336139
新村党建公园,新村党建公园,新村党建公园,BV09397670,113.281237,23.255225
新村居委会,新村居委会,新村居委会,BV11600166,113.291744,23.253487
新村村委,新村村委,新村村委,BV11399877,113.440684,23.675685
新村路口,新村路口,新村路口,BV11578750,113.579967,23.551622
新桂路,新桂路,新桂路,BV10017539,113.482517,23.161488
新桂路南,新桂路南,新桂路南,BV10017538,113.482123,23.157732
新桥东,新桥东,新桥东,BV10023355,113.414739,22.954371
新桥头,新桥头,新桥头,BV11406986,113.054559,23.397809
新桥小学,新桥小学,新桥小学,BV11647331,113.802146,23.346238
新桥村,新桥村#1,新桥村,BV11377449,113.697329,23.374403
新桥村,新桥村#2,新桥村,BV10023354,113.410309,22.952197
新楼村,新楼村,新楼村站,BV11690337,113.238364,23.328101
新民九队,新民九队,新民九队,BV10023905,113.203926,23.46607
新水坑,新水坑,新水坑,BV10019958,113.382691,22.97881
新水坑总站,新水坑总,新水坑总站,BV11457591,113.384492,22.975554
新水坑文化中心,新水坑文化中心,新水坑文化中心,BV10023324,113.387302,22.977513
新水坑村生态园,新水坑村生态园,新水坑村生态园,BV10023325,113.389508,22.974836
新水坑牌坊,新水坑牌坊,新水坑牌坊,BV10023323,113.384097,22.977958
新沙公园,新沙公园,新沙公园,BV10855495,113.548025,23.01307
新沙地铁站,新沙地铁,新沙地铁站,BV10976124,113.643951,23.139547
新沙大道北,新沙大道北,新沙大道北,BV09293652,113.648398,23.14975
新沙市场站(北),新沙市场站(北),新沙市场站,BV10382278,113.431046,22.819148
新沙市场站(北),新沙市场站(北),新沙市场站(北),BV09012299,113.430865,22.819273
新沙村站(东),新沙村站(东),新沙村站(东),BV09012297,113.442827,22.81263
新沙港务公司,新沙港务公司,新沙港务公司,BV10266918,113.537937,23.015756
新沙路口,新沙路口#1,新沙路口,BV10020906,113.636158,23.124839
新沙路口,新沙路口#2,新沙路口,BV10266846,113.531063,23.022142
新河浦路,新河浦路,新河浦路,BV10022598,113.289474,23.121041
新河路北,新河路北,新河路北,BV09175894,113.606388,23.161742
新洲前,新洲前,新洲前,BV10021303,113.401573,23.090365
新洲大道,新洲大道,新洲大道,BV10387213,113.285662,22.913216
新洲村委,新洲村委,新洲村委,BV11393751,113.284921,22.918762
新洲码头总站,新洲码头总,新洲码头总站,BV10946889,113.402946,23.088194
新洲科技园,新洲科技园,新洲科技园,BV11541222,113.398954,23.093928
新浦南路,新浦南路,新浦南路,BV10019640,113.288974,23.035388
新浦路口,新浦路口,新浦路口,BV10019643,113.293302,23.048103
新海村卫生站,新海村卫生,新海村卫生站,BV10016569,113.509433,22.861991
新海村总站,新海村总,新海村总站,BV10024010,113.512266,22.865007
新涌村委站,新涌村委,新涌村委站,BV10641080,113.321695,22.835749
新港东路东站,新港东路东,新港东路东站,BV09403108,113.396406,23.095154
新港路口站,新港路口,新港路口站,BV10016466,113.548796,22.763668
新湖大厦,新湖大厦,新湖大厦,BV09005847,113.209991,23.379462
新湴路,新湴路,新湴路,BV11522303,113.460319,23.422584
新湴路口,新湴路口,新湴路口,BV11522310,113.463196,23.419064
新滘东立交,新滘东立交,新滘东立交,BV09020456,113.364571,23.089306
新滘东路东,新滘东路东,新滘东路东,BV10639694,113.361974,23.088577
新滘东路中,新滘东路中,新滘东路中,BV11617211,113.342416,23.08319
新滘东路总站,新滘东路总,新滘东路总站,BV10407112,113.351537,23.085923
新滘东路总站(龙潭村),新滘东路总站(龙潭村),新滘东路总站(龙潭村),BV10388638,113.331663,23.080833
新滘东隧道口,新滘东隧道口,新滘东隧道口,BV10022462,113.368149,23.092149
新滘中路(地铁龙潭站),新滘中路(地铁龙潭站),新滘中路站,BV11603078,113.336681,23.082011
新滘中路(地铁龙潭站),新滘中路(地铁龙潭站),新滘中路(地铁龙潭站),BV09344181,113.336681,23.082011
新滘中路(龙潭),新滘中路(龙潭),新滘中路(龙潭),BV10405651,113.336581,23.081835
新滘西路(瑞宝村),新滘西路(瑞宝村),新滘西路(瑞宝村),BV11011359,113.293544,23.080574
新滘西路口,新滘西路口,新滘西路口,BV09243519,113.275947,23.072648
新滘西路口,新滘西路口,新滘西路口2,BV09360317,113.275947,23.072648
新滘西路西,新滘西路西,新滘西路西,BV09242688,113.277711,23.075627
新田居委会,新田居委会,新田居委会,BV10018156,113.575275,23.305934
新田市场,新田市场,新田市场,BV09307914,113.195564,23.472363
新田村,新田村#1,新田村,BV10018157,113.577622,23.311243
新田村,新田村#2,新田村,BV10471814,113.201836,23.473904
新田村口,新田村口,新田村口,BV10018152,113.573087,23.29312
新田村委,新田村委,新田村委,BV11224109,113.681236,23.559902
新石一环路口,新石一环路口,新石一环路口,BV09032502,113.272226,23.256308
新石村,新石村,新石村,BV10655508,113.862807,23.387616
新社,新社,新社,BV11371462,113.063781,23.168764
新福大道中,新福大道中,新福大道中站,BV09237616,113.59596,23.293007
新科,新科,新科站,BV11690765,113.283958,23.259136
新科上村,新科上村,新科上村,BV10014473,113.294361,23.252288
新科工业区,新科工业区,新科工业区站,BV11098353,113.282631,23.25095
新约,新约,新约,BV10251695,113.134314,23.061527
新群,新群,新群,BV10775405,113.796369,23.756991
新翁祐中学,新翁祐中学,新翁祐中学,BV10255147,113.262308,22.876265
新耀北路中,新耀北路中,新耀北路中,BV09348349,113.614672,23.185006
新耀北路南,新耀北路南,新耀北路南,BV09175893,113.614024,23.170562
新老屋,新老屋,新老屋,BV11555488,113.641238,23.329992
新联,新联,新联,BV11139996,113.980943,23.788012
新联五路(中船大道路口)临时站,新联五路(中船大道路口)临时,新联五路(中船大道路口)临时站,BV09410323,113.432353,22.748775
新联五路(云生四路口)临时站,新联五路(云生四路口)临时,新联五路(云生四路口)临时站,BV09349313,113.439673,22.7488
新联五路中站,新联五路中,新联五路中站,BV09410319,113.435347,22.748795
新联新村站,新联新村,新联新村站,BV10024082,113.376429,22.79292
新联村,新联村#1,新联村,BV09069508,113.257319,23.305524
新联村,新联村#2,新联村,BV11589192,113.789535,23.308693
新联村东,新联村东,新联村东,BV11589188,113.259849,23.310145
新联村委,新联村委,新联村委,BV11451063,113.799337,23.307133
新联村西,新联村西,新联村西,BV11589195,113.256626,23.303504
新聚福,新聚福,新聚福站,BV11688089,113.6108,23.12422
新胜南街,新胜南街,新胜南街,BV11385185,113.350124,23.365657
新苗学校,新苗学校,新苗学校,BV10961578,113.189257,23.0789
新街小学,新街小学,新街小学,BV11477883,113.193749,23.374109
新誉北路口,新誉北路口,新誉北路口,BV09246903,113.648449,23.198019
新誉横路口,新誉横路口,新誉横路口,BV09356205,113.640773,23.195864
新谭路口,新谭路口,新谭路口,BV10019972,113.422601,23.030573
新造二师附小,新造二师附小,新造二师附小,BV10019971,113.419519,23.033914
新造公园,新造公园,新造公园,BV10019970,113.414491,23.038217
新造医院,新造医院,新造医院,BV10019969,113.410595,23.036765
新造职中,新造职中,新造职中,BV10020042,113.42594,23.047601
新造路,新造路,新造路,BV09289090,113.417091,23.045559
新镇地,新镇地,新镇地,BV09367666,113.23463,23.028464
新镇庄,新镇庄,新镇庄,BV10014238,113.235122,23.298719
新队站,新队,新队站,BV10641076,113.329951,22.865341
新阳西路口,新阳西路口,新阳西路口站,BV11690382,113.469017,23.174037
新隅路口,新隅路口,新隅路口,BV11359300,113.50407,23.579806
新隆牌坊,新隆牌坊,新隆牌坊,BV10252035,113.086773,22.935616
新雅街道办,新雅街道办,新雅街道办,BV11345929,113.213269,23.361861
新顺路北,新顺路北,新顺路北,BV10449603,113.291802,23.234448
新顺路南,新顺路南,新顺路南,BV10449605,113.291394,23.231565
新鱼桥头,新鱼桥头,新鱼桥头,BV11365764,113.317884,23.057691
新鸿基市场站,新鸿基市场,新鸿基市场站,BV10017144,113.503057,22.822352
新鸿花园,新鸿花园,新鸿花园站,BV10021647,113.31137,23.107144
新龙大桥东站,新龙大桥东,新龙大桥东站,BV10405407,113.665096,22.639605
新龙特大桥临时站,新龙特大桥临时,新龙特大桥临时站,BV09302149,113.632185,22.632152
方华公路(方坑),方华公路(方坑),方华公路(方坑),BV11589184,113.273132,23.324591
方华公路(高增村),方华公路(高增村),方华公路(高增村),BV11421797,113.296947,23.354611
方华路口,方华路口,方华路口,BV11330433,113.289628,23.340028
方正路中,方正路中,方正路中,BV09326291,113.674654,23.281249
方石村,方石村,方石村,BV10018755,113.280008,23.333259
旅游大厦,旅游大厦,旅游大厦,BV10252348,113.096453,23.03112
旗冚村,旗冚村,旗冚村站,BV09185058,113.543421,23.265793
旗岭,旗岭#1,旗岭,BV11346067,113.494648,23.662026
旗岭,旗岭#2,旗岭站,BV09377933,113.217168,23.468143
旗岭医院,旗岭医院,旗岭医院,BV10019405,113.219638,23.469985
旗岭华严寺总站,旗岭华严寺总,旗岭华严寺总站,BV10527848,113.218099,23.464515
旗岭市场,旗岭市场,旗岭市场,BV11346056,113.216376,23.471023
旗岭市场东,旗岭市场东,旗岭市场东,BV11494159,113.219639,23.469925
旗峰小学,旗峰小学,旗峰小学,BV10252208,113.144873,23.167281
旗峰路南,旗峰路南,旗峰路南,BV10262217,113.769867,23.010421
旗新村,旗新村,旗新村,BV10462375,113.20949,23.47559
旗美村,旗美村,旗美村,BV11271092,113.215182,23.481164
日发市场,日发市场,日发市场,BV11689450,113.124285,23.110052
日田,日田,日田,BV11371478,113.069233,23.173026
日立公司站,日立公司,日立公司站,BV11406673,113.633562,23.179978
旧围村,旧围村,旧围村,BV10017561,113.469103,23.139488
旧寨村,旧寨村,旧寨村站,BV11419918,113.276418,22.81099
旧山吓村,旧山吓村,旧山吓村,BV11463932,113.866419,23.179165
旧水坑中心街,旧水坑中心街,旧水坑中心街,BV10977908,113.394178,22.957259
旧水坑总站,旧水坑总,旧水坑总站,BV10862144,113.394341,22.960882
旧水坑村,旧水坑村,旧水坑村,BV10692701,113.394417,22.960707
旧水坑村口(城区大道),旧水坑村口(城区大道),旧水坑村口(城区大道),BV10023248,113.38987,22.954966
旧水坑村委,旧水坑村委,旧水坑村委,BV10407070,113.39132,22.965047
旧水坑村尾,旧水坑村尾,旧水坑村尾,BV11026442,113.399465,22.964696
旧水坑派出所(旧村南路),旧水坑派出所(旧村南路),旧水坑派出所(旧村南路),BV10023249,113.389432,22.95668
旧江村桥头,旧江村桥头,旧江村桥头,BV11488084,113.23538,23.271354
旧福山村委总站,旧福山村委总,旧福山村委总站,BV10552929,113.510206,23.275808
旧西福桥,旧西福桥,旧西福桥,BV10024246,113.738962,23.207142
旧高埔村,旧高埔村,旧高埔村,BV11119536,113.707317,23.471885
旧黄茅,旧黄茅#1,旧黄茅,BV11632515,113.353487,23.573878
旧黄茅,旧黄茅#2,旧黄茅,BV11352959,113.341554,23.575434
旭日雅苑,旭日雅苑,旭日雅苑,BV11329583,113.352708,23.122167
时代倾城,时代倾城,时代倾城,BV10021578,113.392427,23.000797
时代南湾站,时代南湾,时代南湾站,BV10015873,113.589363,22.786819
时代广动动力电池临时总站,时代广动动力电池临时总,时代广动动力电池临时总站,BV09256512,113.474884,23.01469
时代广场,时代广场#1,时代广场,BV11481123,113.312706,23.143617
时代广场,时代广场#1,时代广场2,BV09309831,113.312706,23.143617
时代广场,时代广场#2,时代广场,BV10253339,113.169519,23.096123
时代广汽动力电池临时总站,时代广汽动力电池临时总,时代广汽动力电池临时总站,BV09088591,113.474314,23.015619
时代廊桥,时代廊桥,时代廊桥,BV11141639,113.613673,23.195925
时代方洲总站,时代方洲总,时代方洲总站,BV11494950,113.3347,22.923101
时代玫瑰园,时代玫瑰园,时代玫瑰园,BV11367966,113.277991,23.227763
时代玫瑰园二期,时代玫瑰园二期,时代玫瑰园二期,BV11568223,113.280548,23.224831
时代玫瑰园总站,时代玫瑰园总,时代玫瑰园总站,BV10016166,113.278423,23.227551
时代花园,时代花园,时代花园,BV10480216,113.250235,23.178763
旺发大街,旺发大街,旺发大街,BV11662479,113.256673,23.260825
旺城市场,旺城市场,旺城市场,BV10017874,113.566271,23.559072
旺寮,旺寮,旺寮,BV10394560,112.924575,23.36631
旺岗村,旺岗村,旺岗村,BV10523475,113.36837,23.219536
旺旺食品有限公司,旺旺食品有限公司,旺旺食品有限公司,BV10014102,113.570134,23.188182
旺村东,旺村东,旺村东,BV11522010,113.558291,23.316941
旺村北,旺村北,旺村北,BV11522009,113.558454,23.319374
旺村文体广场,旺村文体广场,旺村文体广场,BV11522008,113.557648,23.315751
旺水口,旺水口,旺水口,BV09118787,113.959675,23.82526
旺角海鲜舫,旺角海鲜舫,旺角海鲜舫,BV10253908,113.262719,22.872007
昊龙花园(福景路),昊龙花园(福景路),昊龙花园(福景路),BV10023319,113.352609,22.921358
昌利工业城站,昌利工业城,昌利工业城站,BV10015916,113.466045,22.883402
昌岗西路,昌岗西路,昌岗西路,BV10018608,113.26146,23.087732
昌岗路口,昌岗路口,昌岗路口,BV11622829,113.266542,23.086904
昌岗路总站,昌岗路总,昌岗路总站,BV10014646,113.265245,23.088432
明华综合市场,明华综合市场,明华综合市场,BV09325373,113.192997,23.425768
明德路,明德路,明德路,BV10254765,113.195373,23.039196
明星新村,明星新村,明星新村,BV11119401,113.801568,23.265903
明月一路,明月一路,明月一路,BV10388885,113.306042,23.117149
明泉街总站,明泉街总,明泉街总站,BV10709525,113.241864,23.169761
明珠农业公园站,明珠农业公园,明珠农业公园站,BV11694277,113.523632,22.732798
明珠大道北(健朗医用),明珠大道北(健朗医用),明珠大道北(健朗医用),BV09177159,113.518235,23.622182
明珠大道北(健朗医用),明珠大道北(健朗医用),明珠大道北,BV11543499,113.517779,23.619693
明珠大道南,明珠大道南,明珠大道南,BV10017882,113.534408,23.58363
明珠市场,明珠市场,明珠市场,BV11380997,113.528196,23.597965
明珠开发大厦站,明珠开发大厦,明珠开发大厦站,BV11408138,113.509143,22.773326
明珠新村,明珠新村,明珠新村,BV11688541,113.390621,23.115201
明珠湾体育馆,明珠湾体育馆,明珠湾体育馆,BV09302200,113.501925,22.773277
明珠湾小学站,明珠湾小学,明珠湾小学站,BV11621753,113.501293,22.777322
明珠湾展览馆东,明珠湾展览馆东,明珠湾展览馆东,BV09119636,113.510499,22.774334
明珠湾开发大厦站,明珠湾开发大厦,明珠湾开发大厦站,BV11604221,113.509103,22.773197
明珠科学园(万新大道),明珠科学园(万新大道),明珠科学园(万新大道),BV09187508,113.535526,22.727311
明珠管委会,明珠管委会,明珠管委会,BV10017884,113.532538,23.594935
明珠管委会总站,明珠管委会总,明珠管委会总站,BV11491312,113.531612,23.595139
明珠路(宝石路口),明珠路(宝石路口),明珠路(宝石路口),BV10387108,113.513286,23.054072
明珠路南,明珠路南,明珠路南,BV10978922,113.51213,23.058885
明珠路口,明珠路口,明珠路口,BV10840937,113.53137,23.568214
明科四路北,明科四路北,明科四路北,BV09398102,113.667109,23.283634
明科四路南,明科四路南,明科四路南,BV09328144,113.66713,23.281204
明经村,明经村,明经村,BV10023060,113.462625,23.013217
明贤实验高级中学站,明贤实验高级中学,明贤实验高级中学站,BV09410320,113.53215,22.717281
明达路口,明达路口,明达路口,BV10252018,113.008918,22.84129
易发步行街(繁华路),易发步行街(繁华路),易发步行街(繁华路),BV10672647,113.358644,22.944466
星之光电器城,星之光电器城,星之光电器城,BV10013937,113.280478,23.119151
星光汇摩登百货,星光汇摩登百货,星光汇摩登百货,BV11688124,113.198338,23.389509
星域动漫科技城,星域动漫科技城,星域动漫科技城,BV10020030,113.375423,22.971778
星尚名玥花园总站,星尚名玥花园总,星尚名玥花园总站,BV11391199,113.392521,22.950618
星岛环北路(螺旋二路路口),星岛环北路(螺旋二路路口),星岛环北路(螺旋二路路口),BV10456433,113.36209,23.065055
星岛环南路(星汉二路路口),星岛环南路(星汉二路路口),星岛环南路(星汉二路路口),BV10573518,113.364906,23.060006
星岛环南路北,星岛环南路北,星岛环南路北,BV10456441,113.377312,23.071721
星悦路(车陂南隧道口),星悦路(车陂南隧道口),星悦路(车陂南隧道口),BV09116692,113.379802,23.101368
星智少儿成长服务中心,星智少儿成长服务中心,星智少儿成长服务中心,BV11117226,113.375673,23.420749
星汇云城,星汇云城,星汇云城,BV11294318,113.331442,23.209574
星汇云城总站,星汇云城总,星汇云城总站,BV11454297,113.331506,23.209526
星汇园,星汇园,星汇园,BV10021344,113.312158,23.126778
星汇金沙二期,星汇金沙二期,星汇金沙二期,BV11358286,113.188717,23.158598
星汇金沙二期总站,星汇金沙二期总,星汇金沙二期总站,BV10654281,113.189469,23.159458
星汉大道北,星汉大道北,星汉大道北,BV10715859,113.36766,23.067859
星汉大道站,星汉大道,星汉大道站,BV10573517,113.367656,23.063491
星河COCOPark,星河COCOPark,星河COCOPark,BV09410321,113.523814,22.805737
星河东悦湾北门,星河东悦湾北门,星河东悦湾北门站,BV09117350,113.526545,22.815516
星河湾,星河湾,星河湾站,BV10023122,113.325306,23.027211
星河湾六期,星河湾六期,星河湾六期,BV10486965,113.339682,23.03014
星河湾北门,星河湾北门,星河湾北门,BV10018066,113.326124,23.031701
星河湾四期,星河湾四期,星河湾四期站,BV11131944,113.335714,23.030423
星河湾酒店,星河湾酒店,星河湾酒店,BV10840953,113.331503,23.028675
星河盛世站,星河盛世,星河盛世站,BV11486246,113.541176,22.807513
星海中学(光明北路),星海中学(光明北路),星海中学(光明北路),BV11459792,113.356547,22.954506
星海中学(捷进中路),星海中学(捷进中路),星海中学(捷进中路),BV10019941,113.359264,22.953712
星海公园,星海公园,星海公园,BV10014904,113.364235,22.942687
星海公园,星海公园,星海公园分站,BV11132547,113.364923,22.942433
星海大道万安6队站,星海大道万安6队,星海大道万安6队站,BV11414766,113.3436,22.872066
星海大道万安工业区站,星海大道万安工业区,星海大道万安工业区站,BV10754909,113.34668,22.881979
星海大道子沙路口站,星海大道子沙路口,星海大道子沙路口站,BV11414768,113.345577,22.847855
星海大道绿村路口站,星海大道绿村路口,星海大道绿村路口站,BV11414769,113.343501,22.856855
星海学院,星海学院,星海学院,BV10016019,113.376202,23.057014
星海小学,星海小学,星海小学站,BV09211336,113.333297,22.840155
星海广场,星海广场,星海广场,BV09410335,113.337845,22.839589
星海青少宫,星海青少宫,星海青少宫,BV10023244,113.359457,22.966325
星海青少年宫,星海青少年宫,星海青少年宫,BV11557586,113.359473,22.966463
星海音乐厅,星海音乐厅,星海音乐厅,BV11312279,113.298081,23.113447
星荟(B),星荟(B),星荟站,BV11222413,113.576507,23.160763
星荟(B),星荟(B),星荟(B),BV11430445,113.576003,23.160756
星誉花园,星誉花园,星誉花园,BV10407066,113.354761,22.965293
映日路东,映日路东,映日路东,BV09372029,113.450088,23.174382
映日路中,映日路中,映日路中,BV11467024,113.445268,23.172333
映月湖北,映月湖北,映月湖北,BV10897343,113.190785,23.044382
春分路总站,春分路总,春分路总站,BV10521773,113.568633,23.205847
春园路,春园路,春园路,BV10703779,113.512358,23.07348
春晖苑,春晖苑,春晖苑,BV11519167,113.328591,23.153849
春满街,春满街,春满街,BV11138449,113.189487,23.160222
昶联厂站,昶联厂,昶联厂站,BV10405451,113.400302,22.798707
显华家电站,显华家电,显华家电站,BV10405471,113.386005,22.795555
显子岗(南国桃园路口),显子岗(南国桃园路口),显子岗(南国桃园路口),BV10252412,113.085458,23.171488
显子岗站(南国桃园路口),显子岗站(南国桃园路口),显子岗站(南国桃园路口),BV11644428,113.084247,23.17358
显纲,显纲,显纲站,BV10789111,113.099285,23.132857
显西村,显西村,显西村,BV10252426,113.083024,23.175992
晒缯涌站,晒缯涌,晒缯涌站,BV10019821,113.43056,22.904238
晓港中马路,晓港中马路,晓港中马路,BV10018252,113.279015,23.093299
晓港新村,晓港新村,晓港新村站,BV09079557,113.278863,23.095471
晓港湾,晓港湾,晓港湾站,BV11688514,113.287822,23.075253
晓港湾(盈丰路),晓港湾(盈丰路),晓港湾(盈丰路),BV10013868,113.293209,23.07173
晓港湾总站,晓港湾总,晓港湾总站,BV10018550,113.290434,23.071678
晓港西马路,晓港西马路,晓港西马路,BV11487919,113.27708,23.094037
景云路,景云路,景云路,BV10019173,113.269992,23.167334
景新国际,景新国际,景新国际,BV11619431,113.623717,23.283428
景泰坑,景泰坑,景泰坑,BV11088401,113.273876,23.162515
景泰坑,景泰坑,景泰坑2,BV09304041,113.273393,23.162489
景泰坑临时总站,景泰坑临时总,景泰坑临时总站,BV09341847,113.271581,23.162566
景泰坑总站,景泰坑总,景泰坑总站,BV10405864,113.271581,23.162566
景泰直街,景泰直街,景泰直街,BV10017948,113.263945,23.16205
景泰直街总站,景泰直街总,景泰直街总站,BV10018324,113.264217,23.164002
景裕嘉园,景裕嘉园,景裕嘉园,BV10703780,113.205803,23.096874
晴海岸站,晴海岸,晴海岸站,BV10405416,113.583842,22.750835
晶正科技园,晶正科技园,晶正科技园,BV11660929,113.613827,23.181938
智择电子厂站,智择电子厂,智择电子厂站,BV09058798,113.561157,23.11999
智通人才市场,智通人才市场,智通人才市场,BV10262131,113.742311,23.034266
暨华医院(南安村),暨华医院(南安村),暨华医院(南安村),BV10860771,113.556104,23.12229
暨华医院(南安村),暨华医院(南安村),暨华医院,BV11584435,113.556098,23.122145
暨南大学南校区,暨南大学南校区,暨南大学南校区,BV10338285,113.412139,23.016992
暹岗村口,暹岗村口,暹岗村口站,BV11412819,113.453663,23.171161
暹岗村西,暹岗村西,暹岗村西,BV11412827,113.451055,23.178607
曙光中路,曙光中路,曙光中路,BV10701125,113.222107,23.401528
曙光北路,曙光北路,曙光北路,BV11222552,113.225522,23.435002
曙光路,曙光路,曙光路,BV10023755,113.222562,23.404974
曙光路北,曙光路北,曙光路北,BV11614564,113.223126,23.409712
曙光路隧道口,曙光路隧道口,曙光路隧道口,BV11244132,113.224776,23.430632
曲寮吓村,曲寮吓村,曲寮吓村,BV11409757,113.960373,23.426741
曹边,曹边,曹边,BV10432505,113.097712,23.085129
曾边大道口,曾边大道口,曾边大道口,BV10387938,113.416858,23.021582
月亮湾公园,月亮湾公园,月亮湾公园,BV11118938,113.887858,23.42329
月荣村路口,月荣村路口,月荣村路口,BV11335402,113.409993,23.687141
朗兴路,朗兴路,朗兴路,BV09263071,113.240112,23.237953
朗兴路北,朗兴路北,朗兴路北,BV09263072,113.240569,23.241237
朗头中街口,朗头中街口,朗头中街口,BV09069502,113.182216,23.319877
朗头村,朗头村,朗头村,BV11484178,113.183806,23.317696
朗陶居,朗陶居,朗陶居,BV10020162,113.359933,22.921386
望东,望东,望东,BV10262678,113.658465,23.058089
望亭路口,望亭路口,望亭路口,BV11573298,113.192766,23.373131
望岗,望岗,望岗,BV11688380,113.276898,23.24149
望岗大道,望岗大道,望岗大道站,BV09179858,113.276457,23.239457
望岗大马路(地铁口),望岗大马路(地铁口),望岗大马路(地铁口),BV11534200,113.284578,23.241001
望岗大马路(地铁口),望岗大马路(地铁口),望岗大马路,BV09308766,113.284578,23.241001
望岗小学,望岗小学,望岗小学站,BV11477127,113.26948,23.238918
望岗工业一路,望岗工业一路,望岗工业一路,BV11590162,113.273846,23.241791
望岗村,望岗村,望岗村,BV11435992,113.188037,23.372264
望岗西岭总站,望岗西岭总,望岗西岭总站,BV10508067,113.270634,23.243091
望沙路口,望沙路口,望沙路口,BV10887308,113.610502,23.017941
望洪枢纽,望洪枢纽,望洪枢纽,BV10263845,113.621564,23.012342
望牛墩文化广场,望牛墩文化广场,望牛墩文化广场,BV10262677,113.653209,23.055223
望牛墩路口,望牛墩路口,望牛墩路口,BV10263705,113.67984,23.079305
望顶村北,望顶村北,望顶村北,BV11636647,113.417403,23.450695
望顶村南,望顶村南,望顶村南,BV11256883,113.419181,23.442827
朝一,朝一,朝一,BV10251607,113.124586,23.034156
朝亮南路,朝亮南路,朝亮南路,BV10019028,113.34715,23.29133
朝天路,朝天路,朝天路,BV10018607,113.255072,23.126619
朝阳东路,朝阳东路,朝阳东路,BV10018513,113.320769,23.029142
朝阳开发区,朝阳开发区,朝阳开发区,BV11346873,113.207457,23.233081
朝阳路口,朝阳路口,朝阳路口,BV09300409,113.215746,23.22189
朝顺路,朝顺路,朝顺路,BV09174448,113.305491,22.827771
木壳岭,木壳岭,木壳岭,BV11115210,113.59225,23.530975
木广塘站,木广塘,木广塘站,BV11317184,113.012247,23.447139
木摾水库,木摾水库,木摾水库站,BV11086408,113.481548,23.217122
木棉冚村,木棉冚村,木棉冚村,BV11162722,113.609166,23.198092
木棉小学,木棉小学,木棉小学,BV10977071,113.51995,23.49626
木棉木场,木棉木场,木棉木场,BV11627691,113.52123,23.494233
木棉社,木棉社,木棉社,BV09163013,113.71398,23.554738
木棉脚,木棉脚,木棉脚,BV10023303,113.389622,22.966897
木潭村,木潭村,木潭村,BV11337689,113.78881,23.358008
朱仙路中,朱仙路中,朱仙路中,BV09311982,113.704065,23.215785
朱兜埔,朱兜埔,朱兜埔,BV11119397,113.92109,23.46052
朱宁路口,朱宁路口,朱宁路口,BV10024222,113.69196,23.273578
朱家庄,朱家庄,朱家庄,BV11484169,113.2115,23.292991
朱屋,朱屋#1,朱屋站,BV11573881,113.533482,23.266449
朱屋,朱屋#2,朱屋,BV09185054,113.177421,23.476246
朱岗尾,朱岗尾,朱岗尾,BV11463939,113.833023,23.19444
朱村,朱村,朱村,BV10016730,113.171546,23.382072
朱村中学,朱村中学,朱村中学,BV11382221,113.692822,23.291088
朱村医院,朱村医院,朱村医院,BV10441424,113.688372,23.275003
朱村地铁站,朱村地铁,朱村地铁站,BV11119403,113.696053,23.275064
朱村小学,朱村小学,朱村小学,BV11382220,113.690209,23.28284
朱村牌坊,朱村牌坊,朱村牌坊,BV10426931,113.68868,23.275371
机保段新村,机保段新村,机保段新村站,BV11484182,113.209185,23.353195
机关幼儿园,机关幼儿园,机关幼儿园,BV10015083,113.353327,22.936234
机务大街,机务大街,机务大街,BV10021803,113.239492,23.154164
机务段总站,机务段总,机务段总站,BV10021804,113.239327,23.158069
机务段路口,机务段路口,机务段路口站,BV10454855,113.237421,23.151062
机场交警支队,机场交警支队,机场交警支队,BV11622455,113.298274,23.370312
机场信息大楼,机场信息大楼,机场信息大楼,BV11271589,113.29629,23.375227
机场南13号门,机场南13号门,机场南13号门,BV09324829,113.297967,23.389804
机场南出口,机场南出口,机场南出口,BV11622445,113.295883,23.368636
机场国内货站,机场国内货,机场国内货站,BV11449921,113.30444,23.41482
机场立交北,机场立交北,机场立交北,BV10523474,113.256601,23.165591
机场立交北,机场立交北,机场立交北3,BV09214035,113.257143,23.163956
机场立交北,机场立交北,机场立交北2,BV09226069,113.256601,23.165591
机场立交北,机场立交北,机场立交北1,BV09226089,113.256206,23.166505
机场西路尖彭路口,机场西路尖彭路口,机场西路尖彭路口,BV10014466,113.279707,23.230963
机场路,机场路,机场路,BV10018539,113.258439,23.20052
机场路口,机场路口,机场路口,BV10383051,113.09748,23.07267
机场路岗贝路口(省二医民航院区),机场路岗贝路口(省二医民航院区),机场路岗贝路口,BV11688420,113.254023,23.18066
机场路岗贝路口(省二医民航院区),机场路岗贝路口(省二医民航院区),机场路岗贝路口(省二医民航院区)1,BV09091930,113.254322,23.179452
机场路岗贝路口(省二医民航院区),机场路岗贝路口(省二医民航院区),机场路岗贝路口1,BV09226068,113.254117,23.181794
机场路总站,机场路总,机场路总站,BV10014443,113.25685,23.162581
机械城,机械城,机械城,BV11568710,113.35789,23.444274
机电技工学校,机电技工学校,机电技工学校,BV10458378,113.216128,23.180276
机电技工学校总站,机电技工学校总,机电技工学校总站,BV10432261,113.215949,23.180334
杉山巷路口,杉山巷路口,杉山巷路口,BV11628275,113.480618,23.237138
杉边马新村,杉边马新村,杉边马新村,BV09231263,113.366299,23.308322
李伯坳,李伯坳,李伯坳,BV10636377,113.508574,23.248424
李家埔,李家埔,李家埔,BV09290392,113.507404,23.514517
李屋,李屋,李屋,BV10262679,113.663551,23.063102
杏花大街,杏花大街,杏花大街,BV10022780,113.236337,23.090736
杜钊路口,杜钊路口,杜钊路口,BV11140021,113.834432,23.168827
杜鹃二街,杜鹃二街,杜鹃二街,BV11384734,113.220674,23.431423
来安三街,来安三街,来安三街,BV10013841,113.547824,23.203087
来安四街(珠江嘉园),来安四街(珠江嘉园),来安四街,BV10013842,113.550472,23.201863
来安四街(珠江嘉园),来安四街(珠江嘉园),来安四街(珠江嘉园),BV10871156,113.550479,23.201863
杨一村,杨一村,杨一村,BV11626731,113.458619,23.434007
杨一村东,杨一村东,杨一村东站,BV11388330,113.468037,23.434643
杨三村,杨三村,杨三村站,BV11388328,113.442663,23.432265
杨二村,杨二村,杨二村站,BV11388334,113.452091,23.433453
杨屋,杨屋,杨屋,BV11466868,113.203149,23.416786
杨屋中心市场,杨屋中心市场,杨屋中心市场,BV11306480,113.197975,23.42049
杨屋围,杨屋围,杨屋围,BV11425541,113.981506,23.796278
杨屋新村,杨屋新村,杨屋新村,BV10023749,113.186164,23.423391
杨屋村委,杨屋村委,杨屋村委,BV11508292,113.076161,23.388524
杨屋路口,杨屋路口,杨屋路口,BV11306471,113.204133,23.418288
杨山村,杨山村,杨山村,BV10441348,113.166099,23.306156
杨山村委,杨山村委,杨山村委,BV10441349,113.163061,23.304557
杨桃公园,杨桃公园,杨桃公园,BV11493586,113.405838,23.113822
杨桃公园总站,杨桃公园总,杨桃公园总站,BV10018535,113.406435,23.113687
杨梅岗,杨梅岗,杨梅岗,BV11390141,113.202757,23.221349
杨箕村,杨箕村,杨箕村,BV11688472,113.305986,23.131643
杨箕村,杨箕村,杨箕村2,BV09312331,113.305216,23.131711
杨荷桥东,杨荷桥东,杨荷桥东站,BV11672467,113.472874,23.433476
杨荷路口,杨荷路口,杨荷路口,BV11630702,113.457723,23.438878
杨青村,杨青村,杨青村,BV10021305,113.385871,23.099477
松云街口,松云街口,松云街口,BV10480217,113.253337,23.17952
松北,松北,松北,BV10703593,113.218331,23.160235
松北,松北,松北(停北行),BV09046617,113.218331,23.160235
松北,松北,松北(南行),BV11245086,113.218017,23.161366
松北,松北,松北(停南行),BV11627134,113.218017,23.161366
松北,松北,松北(北行),BV11245087,113.218331,23.160235
松南街口,松南街口,松南街口,BV11121619,113.218722,23.157292
松南路,松南路,松南路,BV11464960,113.217137,23.152918
松南路口,松南路口,松南路口,BV10713672,113.218326,23.153397
松园中西街,松园中西街,松园中西街,BV10022324,113.252821,23.249889
松园中西街南,松园中西街南,松园中西街南,BV10022325,113.252379,23.248853
松园村委,松园村委,松园村委,BV11398017,113.39779,23.651072
松园社,松园社,松园社,BV10013880,113.195825,23.342587
松园街中,松园街中,松园街中,BV10022322,113.254665,23.254249
松园街北,松园街北,松园街北,BV10022321,113.255228,23.256001
松园里,松园里,松园里,BV10015621,113.199042,23.396029
松夏东风路,松夏东风路,松夏东风路,BV11579691,113.052704,23.165496
松夏大道东,松夏大道东,松夏大道东,BV10252410,113.0759,23.190052
松夏工业园市场,松夏工业园市场,松夏工业园市场,BV10548218,113.070776,23.177893
松岗,松岗,松岗站,BV09205392,113.098634,23.14408
松岗公园,松岗公园,松岗公园,BV11371481,113.098308,23.138609
松柏东街,松柏东街,松柏东街站,BV10017690,113.26168,23.163145
松柏东街北,松柏东街北,松柏东街北站,BV11469474,113.261814,23.166662
松柏塘,松柏塘,松柏塘,BV09357797,113.93838,23.813765
松柏路中,松柏路中,松柏路中,BV10018045,113.247774,23.204207
松柏里,松柏里,松柏里,BV11115112,113.520573,23.427812
松树院,松树院,松树院,BV11151767,113.919022,23.902726
松浪社,松浪社,松浪社,BV11351403,113.669907,23.622556
松田学院,松田学院,松田学院,BV10015370,113.719063,23.276935
板头市场站,板头市场,板头市场站,BV10015932,113.542939,22.793438
板头村站,板头村,板头村站,BV10015860,113.543644,22.792476
板桥东,板桥东,板桥东,BV10014329,113.382745,23.012626
板桥村(金源路口),板桥村(金源路口),板桥村(金源路口),BV11344598,113.378796,23.017827
板桥西,板桥西,板桥西站,BV11171491,113.380409,23.012984
林乐路,林乐路,林乐路站,BV10714255,113.325372,23.145895
林和东路,林和东路,林和东路,BV10714270,113.322986,23.146936
林和中路,林和中路,林和中路1,BV09310407,113.319926,23.146534
林和中路,林和中路,林和中路,BV10017488,113.319871,23.146682
林和西横路,林和西横路,林和西横路,BV10016628,113.309671,23.148215
林和西路,林和西路,林和西路2,BV09383025,113.318448,23.146729
林和西路,林和西路,林和西路3,BV11509447,113.318395,23.144414
林和西路,林和西路,林和西路,BV11688381,113.318395,23.144408
林和西路口,林和西路口,林和西路口,BV10016627,113.315361,23.1484
林场,林场,林场,BV09221952,113.812057,23.297475
林村,林村,林村,BV11632912,113.492935,23.497422
林科所,林科所,林科所,BV10022228,113.334345,23.2333
果园村,果园村,果园村,BV10022139,113.581719,23.249847
果岭18,果岭,果岭18站,BV11411336,113.042424,23.50096
枝山村,枝山村,枝山村,BV10017560,113.478298,23.143946
枫下二社,枫下二社,枫下二社,BV10013852,113.490351,23.37499
枫下村,枫下村,枫下村,BV11399774,113.501018,23.367883
枫下村北,枫下村北,枫下村北,BV11655610,113.497506,23.371352
枫下村西,枫下村西,枫下村西,BV09388803,113.493408,23.365433
枫叶路,枫叶路,枫叶路,BV11403846,113.361582,23.138046
枫叶路口,枫叶路口,枫叶路口,BV11403845,113.361669,23.135964
枫木塱,枫木塱,枫木塱,BV11018299,113.777318,23.823032
柏兴东路,柏兴东路,柏兴东路,BV11588299,113.310117,23.304344
柏兴中路,柏兴中路,柏兴中路,BV11328434,113.301476,23.303273
柏兴中路东,柏兴中路东,柏兴中路东,BV11588300,113.304889,23.303949
柏塘,柏塘,柏塘,BV10018675,113.29411,23.30508
柏塘中心公园,柏塘中心公园,柏塘中心公园,BV09069499,113.316083,23.302199
柏塘工业区总站,柏塘工业区总,柏塘工业区总站,BV10019023,113.316657,23.302301
柏悦湾,柏悦湾,柏悦湾,BV10588905,113.216678,23.123661
柏林艺术馆,柏林艺术馆,柏林艺术馆,BV10805084,113.076022,23.003665
柠檬长廊,柠檬长廊,柠檬长廊,BV11284894,113.479697,23.317983
柯子岭,柯子岭,柯子岭,BV11688535,113.266565,23.164591
柯子岭总站,柯子岭总,柯子岭总站3,BV09370170,113.269359,23.164456
柯子岭总站(河田路),柯子岭总站(河田路),柯子岭总站(河田路),BV10013628,113.268472,23.164221
柯子岭牌坊,柯子岭牌坊,柯子岭牌坊,BV09005969,113.27208,23.167772
柯岭路站(原镇龙水厂站),柯岭路站(原镇龙水厂站),柯岭路站(原镇龙水厂站),BV09399273,113.574194,23.27755
柯木塱,柯木塱,柯木塱,BV11688334,113.386464,23.195836
柯木塱南路,柯木塱南路,柯木塱南路,BV11605380,113.401927,23.182925
柯木塱南路北站,柯木塱南路北,柯木塱南路北站,BV11603760,113.397604,23.192856
柯木塱南路南站,柯木塱南路南,柯木塱南路南站,BV11603750,113.399469,23.17758
柯木塱大坪街,柯木塱大坪街,柯木塱大坪街,BV11175205,113.386589,23.204301
柯木塱西路,柯木塱西路,柯木塱西路,BV11170006,113.383609,23.205439
柯木迳,柯木迳,柯木迳,BV09243521,113.624924,23.525403
柯村,柯村,柯村,BV09017011,113.960785,23.81079
柳桥北路口,柳桥北路口,柳桥北路口,BV10022527,113.21794,23.065799
柳桥南路,柳桥南路,柳桥南路,BV10022526,113.219287,23.066486
树元(新围路口),树元(新围路口),树元(新围路口),BV11632914,113.469499,23.510245
树吓村,树吓村,树吓村,BV10494382,113.565059,23.195544
根竹山,根竹山,根竹山,BV11447909,113.698029,23.620586
格塘,格塘,格塘,BV11152941,113.719206,23.723859
格塘二社,格塘二社,格塘二社,BV11352977,113.474782,23.483479
格塘村委总站,格塘村委总,格塘村委总站,BV11352973,113.469971,23.481961
格木岗,格木岗,格木岗,BV11152734,113.65814,23.696398
格涌村,格涌村,格涌村,BV11480074,113.19085,23.030284
桂丹颐景园,桂丹颐景园,桂丹颐景园,BV10448770,112.943325,23.062701
桂园市场,桂园市场,桂园市场,BV10251600,113.121625,23.034122
桂城一中,桂城一中,桂城一中,BV09319628,113.201772,23.045073
桂城中学,桂城中学,桂城中学,BV10252111,113.181372,23.030357
桂城交管所,桂城交管所,桂城交管所,BV10252118,113.185739,23.038617
桂城儿童公园,桂城儿童公园,桂城儿童公园,BV09313018,113.203997,23.041703
桂城加油站,桂城加油,桂城加油站,BV10251701,113.132655,23.03936
桂城地铁站,桂城地铁,桂城地铁站,BV10869908,113.134898,23.03331
桂城街道办事处,桂城街道办事处,桂城街道办事处,BV10254714,113.192313,23.039694
桂城长者颐乐中心,桂城长者颐乐中心,桂城长者颐乐中心,BV11175921,113.205083,23.033154
桂峰村委,桂峰村委,桂峰村委,BV11152760,114.000719,23.810314
桂峰路,桂峰路,桂峰路,BV09236486,113.269329,22.836169
桂平美食城,桂平美食城,桂平美食城,BV10504505,113.178203,23.031084
桂江桥(怡翠尊堤东),桂江桥(怡翠尊堤东),桂江桥(怡翠尊堤东),BV10761250,113.135188,23.081154
桂江桥东,桂江桥东,桂江桥东,BV10251749,113.136204,23.080194
桂江桥站(怡翠尊堤东),桂江桥站(怡翠尊堤东),桂江桥站(怡翠尊堤东),BV11441885,113.1353,23.080859
桂澜海三路口,桂澜海三路口,桂澜海三路口,BV10254417,113.150023,23.050916
桂澜海六路口,桂澜海六路口,桂澜海六路口站,BV11689968,113.149681,23.061348
桂澜路南海家天下,桂澜路南海家天下,桂澜路南海家天下,BV10499256,113.150086,23.042273
桂畔水利枢纽,桂畔水利枢纽,桂畔水利枢纽站,BV11419908,113.319553,22.805345
桂花岗,桂花岗,桂花岗,BV10016229,113.257558,23.154394
桂花岗,桂花岗,桂花岗站2,BV09394525,113.25717,23.153572
桂花岗,桂花岗,桂花岗2,BV11477576,113.25717,23.153572
桂花岗,桂花岗,桂花岗1,BV11477575,113.257215,23.154244
桂香街,桂香街,桂香街,BV11682589,113.340729,23.302384
桃北村口,桃北村口,桃北村口,BV11561039,113.091541,23.287428
桃园一路站,桃园一路,桃园一路站,BV11371487,113.095417,23.14694
桃园东路,桃园东路,桃园东路,BV11293909,113.410174,23.119747
桃园中学,桃园中学#1,桃园中学,BV11371456,113.66847,23.607208
桃园中学,桃园中学#2,桃园中学站,BV09319772,113.092432,23.145642
桃园中路,桃园中路,桃园中路,BV11359530,113.404334,23.113755
桃园中路口站,桃园中路口,桃园中路口站,BV09404818,113.403354,23.113667
桃园西路,桃园西路,桃园西路,BV10018534,113.401709,23.111557
桃园西路北,桃园西路北,桃园西路北,BV11359529,113.403113,23.116923
桃园西路口,桃园西路口,桃园西路口,BV09399899,113.402412,23.113062
桃园路,桃园路,桃园路,BV10019601,113.406969,23.117452
桃坑,桃坑,桃坑,BV10254895,113.093514,23.283124
桃源,桃源,桃源站,BV09001432,113.244379,23.260975
桃源北东街,桃源北东街,桃源北东街,BV11662478,113.253861,23.266568
桃红西街,桃红西街,桃红西街,BV11589186,113.243688,23.267802
桃花岭路口,桃花岭路口,桃花岭路口,BV09404837,113.212427,23.499609
桃花源记站,桃花源记,桃花源记站,BV10970485,113.064371,23.16065
桃莲村委,桃莲村委,桃莲村委,BV11115216,113.723263,23.623611
桐油树社,桐油树社,桐油树社,BV11399884,113.445688,23.682471
桔树村,桔树村,桔树村,BV09310999,113.290557,23.034348
桔洞,桔洞,桔洞站,BV09272796,113.427114,23.308111
档案馆路(中部枢纽),档案馆路(中部枢纽),档案馆路(中部枢纽),BV10388935,113.372284,23.047956
档案馆路(中部枢纽),档案馆路(中部枢纽),档案馆路,BV10381628,113.372498,23.04782
桥东,桥东,桥东(停南行),BV09312164,113.237004,23.19583
桥东,桥东,桥东(停北行),BV09050221,113.237343,23.197909
桥东,桥东,桥东,BV10017093,113.237004,23.19583
桥东小区,桥东小区,桥东小区,BV11688504,113.211747,23.110525
桥东小区总站,桥东小区总,桥东小区总站,BV10022284,113.209088,23.114002
桥东小学,桥东小学,桥东小学,BV10015080,113.36111,22.938917
桥中,桥中,桥中站1,BV09376898,113.212276,23.127719
桥中,桥中,桥中,BV09003001,113.213076,23.126026
桥中,桥中,桥中1,BV11163379,113.212179,23.127883
桥中中路,桥中中路,桥中中路,BV10014797,113.213575,23.133175
桥中中路南,桥中中路南,桥中中路南,BV10021185,113.213139,23.129745
桥中中路南,桥中中路南,桥中中路南(北行),BV09377439,113.213384,23.129101
桥中北路,桥中北路,桥中北路,BV10021075,113.213964,23.137466
桥中南路,桥中南路,桥中南路,BV11418208,113.217825,23.122489
桥中总站,桥中总,桥中总站,BV11225789,113.212276,23.127719
桥兴中学,桥兴中学,桥兴中学,BV10442993,113.367756,22.927377
桥头小学路口,桥头小学路口,桥头小学路口,BV11352966,113.420216,23.614646
桥头村,桥头村,桥头村,BV10014845,113.827252,23.338895
桥头村委,桥头村委,桥头村委,BV11544380,113.819692,23.335826
桥山工业区,桥山工业区,桥山工业区,BV11692470,113.413329,22.975247
桥山村,桥山村,桥山村,BV10015119,113.418997,22.98541
桥栏,桥栏,桥栏,BV10775403,113.674556,23.652841
桥福园(东环路),桥福园(东环路),桥福园(东环路),BV11557665,113.378415,22.951435
桥福园(富华东路),桥福园(富华东路),桥福园(富华东路),BV10023202,113.377636,22.9487
桥联正街,桥联正街,桥联正街,BV10023386,113.448046,22.978654
桥虹花园,桥虹花园,桥虹花园,BV10023205,113.388196,22.95228
桥西,桥西,桥西,BV11159425,112.440647,23.061382
梁銶琚职校,梁銶琚职校,梁銶琚职校,BV10463947,113.239895,22.819195
梅东路总站,梅东路总,梅东路总站,BV11062810,113.302198,23.131669
梅园新村,梅园新村,梅园新村,BV10017236,113.314584,23.177504
梅园村,梅园村,梅园村,BV10016214,113.608155,23.259505
梅园西,梅园西,梅园西,BV09005236,113.251059,23.096634
梅园路东,梅园路东,梅园路东,BV11279675,113.314076,23.181615
梅园路中,梅园路中,梅园路中,BV11279676,113.311473,23.181247
梅园路总站,梅园路总,梅园路总站,BV11279674,113.307383,23.18443
梅园路西,梅园路西,梅园路西,BV11279673,113.309809,23.181683
梅山工业区站,梅山工业区,梅山工业区站,BV10017250,113.497503,22.796032
梅山村(金江大道),梅山村(金江大道),梅山村站,BV11171484,113.38249,23.006362
梅山村(金江大道),梅山村(金江大道),梅山村(金江大道),BV10019929,113.382081,23.003917
梅树村委,梅树村委,梅树村委,BV11018291,113.765395,23.815238
梅田村路口,梅田村路口,梅田村路口,BV10326980,113.446465,23.262331
梅花园,梅花园,梅花园,BV09355216,113.315265,23.183177
梅花居委,梅花居委,梅花居委,BV10017322,113.208824,23.408359
梅花岭,梅花岭,梅花岭,BV09120817,113.859671,23.231942
梅花村,梅花村,梅花村站,BV10016241,113.300726,23.129327
梓元岗,梓元岗,梓元岗1,BV09368674,113.258061,23.156285
梓元岗,梓元岗,梓元岗站,BV09364515,113.258074,23.157005
梓元岗,梓元岗,梓元岗2,BV09368222,113.258342,23.157214
梓元岗,梓元岗,梓元岗3,BV09373815,113.258074,23.157005
梓元岗,梓元岗,梓元岗(停北行),BV09391743,113.258098,23.156386
梓元岗,梓元岗,梓元岗(停南行),BV09391742,113.258102,23.158605
梓元岗路中,梓元岗路中,梓元岗路中,BV11465727,113.253342,23.153467
梓元岗路口,梓元岗路口,梓元岗路口,BV11465724,113.255984,23.152899
梓元岗路西站,梓元岗路西,梓元岗路西站,BV09364560,113.249006,23.155553
梯面(临时站),梯面(临时站),梯面(临时站),BV09404840,113.289366,23.552021
梯面卫生院,梯面卫生院,梯面卫生院,BV10878859,113.295193,23.554536
梯面市场,梯面市场,梯面市场,BV10432248,113.290979,23.552309
梯面联民村,梯面联民村,梯面联民村,BV11442876,113.303493,23.557828
梯面镇政府,梯面镇政府,梯面镇政府,BV10432267,113.288483,23.547763
棉村,棉村,棉村,BV11651647,113.210556,23.063634
棉村市场,棉村市场,棉村市场,BV11651649,113.211894,23.059605
棋杆中学,棋杆中学,棋杆中学,BV09339489,113.500912,23.583991
棋杆墟,棋杆墟,棋杆墟,BV10621026,113.501074,23.581016
棋杆市场,棋杆市场,棋杆市场,BV10621034,113.496352,23.582903
棋杆慈济医院路口,棋杆慈济医院路口,棋杆慈济医院路口,BV09342745,113.501806,23.58145
棠下(三元里大道),棠下(三元里大道),棠下(三元里大道),BV11687942,113.245259,23.176661
棠下(三元里大道),棠下(三元里大道),棠下(三元里大道)1,BV09172231,113.245938,23.174457
棠下(三元里大道),棠下(三元里大道),棠下(三元里大道)2,BV09169835,113.245259,23.176661
棠下村,棠下村,棠下村,BV11647652,113.374999,23.128355
棠下村,棠下村,棠下村站,BV11649072,113.373433,23.128622
棠下村口站,棠下村口,棠下村口站,BV09324110,113.534376,23.341705
棠下路口,棠下路口,棠下路口,BV10017712,113.535358,23.341079
棠东,棠东,棠东,BV11694280,113.379569,23.127601
棠东,棠东,棠东,BV10014607,113.379929,23.127872
棠东,棠东,棠东站S1子站(BRT),BV09375068,113.380275,23.127524
棠东,棠东,棠东站S1子站(BRT),BV09350474,113.380514,23.127507
棠东牌坊,棠东牌坊,棠东牌坊,BV09064127,113.380655,23.13411
棠乐路,棠乐路,棠乐路,BV11458819,113.248247,23.19677
棠乐路口,棠乐路口,棠乐路口,BV10022105,113.249246,23.196758
棠厦村,棠厦村,棠厦村,BV10014894,113.824755,23.376613
棠埔东路,棠埔东路,棠埔东路,BV10382326,113.543841,23.352089
棠安路,棠安路,棠安路站,BV11430751,113.252291,23.190513
棠安路(棠德西路口),棠安路(棠德西路口),棠安路(棠德西路口),BV09063542,113.371219,23.13711
棠德东路,棠德东路,棠德东路,BV09070828,113.382173,23.134724
棠德南路,棠德南路,棠德南路,BV10014011,113.374839,23.135127
棠德花苑北,棠德花苑北,棠德花苑北,BV09061295,113.382337,23.137682
棠德花苑总站,棠德花苑总,棠德花苑总站,BV09059552,113.381137,23.136659
棠德花苑西总站,棠德花苑西总,棠德花苑西总站,BV09063543,113.373671,23.138389
棠村,棠村,棠村,BV10014847,113.828179,23.328206
棠涌南街,棠涌南街,棠涌南街,BV11683586,113.250187,23.192223
棠涌村委,棠涌村委,棠涌村委,BV10022104,113.249374,23.195186
棠溪,棠溪,棠溪站,BV09001423,113.246763,23.18432
棠溪,棠溪,棠溪站1,BV11562315,113.247589,23.1849
棠溪,棠溪,棠溪站3,BV09045365,113.246262,23.183672
棠溪车场总站(粤溪北路),棠溪车场总站(粤溪北路),棠溪车场总站(粤溪北路),BV11094915,113.237585,23.168624
棠澍小学,棠澍小学,棠澍小学,BV11406716,113.196439,23.403622
棣园站,棣园,棣园站,BV09372432,113.260334,23.076623
森林公园路口,森林公园路口,森林公园路口,BV09231264,113.368679,23.312848
森林湖,森林湖,森林湖,BV10709453,113.730407,22.983833
森语大街路口,森语大街路口,森语大街路口,BV10387277,113.309341,23.07162
植之元站,植之元,植之元站,BV11400206,113.562526,22.657223
植村,植村,植村,BV10015057,113.323008,23.013257
植村西,植村西,植村西,BV09191549,113.319394,23.013907
植树公园,植树公园,植树公园站,BV10846982,113.510699,23.163001
植物园正门,植物园正门,植物园正门,BV11687924,113.357674,23.188748
植物园西门,植物园西门,植物园西门,BV11485006,113.353448,23.179849
椰林山庄,椰林山庄,椰林山庄,BV11690573,113.572785,23.040657
楼山下路口,楼山下路口,楼山下路口,BV11169365,113.652232,23.712245
楼星村委,楼星村委,楼星村委,BV11224121,113.437149,23.66467
楼阁村,楼阁村,楼阁村,BV10014294,113.379581,23.213903
榄九路口,榄九路口,榄九路口,BV10014922,113.384901,22.842001
榄元村,榄元村,榄元村,BV10018548,113.383131,23.195057
榄塘村,榄塘村,榄塘村,BV10408669,113.34925,22.977087
榄塘村委,榄塘村委,榄塘村委,BV10019912,113.349467,22.97726
榄塘村总站,榄塘村总,榄塘村总站,BV10023245,113.350517,22.974056
榄核中学站,榄核中学,榄核中学站,BV10754907,113.336957,22.830297
榄核二中,榄核二中,榄核二中,BV09410324,113.390247,22.829179
榄核公交总站,榄核公交总,榄核公交总站,BV10014980,113.331383,22.824971
榄核派出所,榄核派出所,榄核派出所,BV10641085,113.33593,22.834425
榄核涌,榄核涌,榄核涌,BV09211334,113.334416,22.841085
榄核镇公交总站,榄核镇公交总,榄核镇公交总站,BV10742834,113.331228,22.824633
榄核镇政府,榄核镇政府,榄核镇政府站,BV10014974,113.339681,22.840544
榕景路,榕景路,榕景路,BV11316200,113.254339,23.090511
榕林路口,榕林路口,榕林路口,BV10023283,113.380308,22.950932
榕树下,榕树下,榕树下,BV11198743,113.746626,23.57685
榕树冚村,榕树冚村,榕树冚村,BV11406469,113.970703,23.351014
榕树吓,榕树吓,榕树吓,BV11115179,113.746814,23.57688
榕树头,榕树头#1,榕树头,BV11597707,113.351711,23.069597
榕树头,榕树头#2,榕树头,BV09043517,113.608182,23.491158
榕溪,榕溪,榕溪,BV11688423,113.236811,23.211735
榴花中学,榴花中学,榴花中学,BV10019354,113.40711,23.430598
槎头,槎头,槎头,BV11687842,113.221825,23.187094
槎头,槎头,槎头1,BV09200026,113.221177,23.182399
槎头(西槎路),槎头(西槎路),槎头(西槎路),BV11688392,113.224943,23.185152
槎滘,槎滘,槎滘,BV10262827,113.62543,23.084917
槎滘深联纸厂,槎滘深联纸厂,槎滘深联纸厂,BV10262833,113.621812,23.083418
樟山,樟山,樟山,BV10253235,112.91435,23.24555
樟洞坑村,樟洞坑村,樟洞坑村,BV11119660,113.858646,23.526247
樟边村,樟边村,樟边村,BV10019957,113.378917,22.973273
樟边村委,樟边村委,樟边村委,BV09309318,113.377437,22.986826
樟边路口,樟边路口,樟边路口,BV10023346,113.378042,22.973333
横三路口,横三路口,横三路口,BV11352950,113.424594,23.562278
横二队路口站,横二队路口,横二队路口站,BV11419864,113.424639,22.78029
横坑,横坑,横坑,BV10381847,113.302705,23.318076
横坑径,横坑径,横坑径,BV10015644,113.186176,23.45223
横坑村,横坑村,横坑村,BV09078121,113.377196,22.97778
横坑路口,横坑路口,横坑路口,BV11307218,113.496943,23.595129
横塱小学,横塱小学,横塱小学,BV11118933,113.713637,23.259476
横塱工业二路,横塱工业二路,横塱工业二路,BV11650591,113.705332,23.268988
横塱工业区,横塱工业区,横塱工业区,BV10558727,113.707916,23.26932
横塱工业路,横塱工业路,横塱工业路,BV11579685,113.702472,23.27328
横塱村,横塱村,横塱村,BV10015371,113.706947,23.276345
横塱村委,横塱村委,横塱村委,BV11289574,113.706546,23.261268
横岗南街,横岗南街,横岗南街,BV10014198,113.311437,23.261401
横岗村,横岗村,横岗村,BV10017064,113.065725,23.321459
横岗路口,横岗路口,横岗路口,BV10256173,113.068011,23.102257
横岭八队(横岭村委路口),横岭八队(横岭村委路口),横岭八队(横岭村委路口),BV11477190,113.488043,23.616994
横岭村,横岭村,横岭村,BV10262284,113.773112,23.006051
横朗工业路,横朗工业路,横朗工业路,BV11579692,113.702191,23.274352
横枝岗,横枝岗#1,横枝岗,BV09091397,113.278067,23.146607
横枝岗,横枝岗#2,横枝岗,BV09091110,113.287782,23.149181
横枝岗总站,横枝岗总,横枝岗总站,BV10389127,113.288336,23.14896
横枝岗路北,横枝岗路北,横枝岗路北,BV10014636,113.29018,23.1507
横枝岗路口,横枝岗路口,横枝岗路口,BV11691189,113.289125,23.147664
横楼,横楼,横楼,BV11116062,113.980486,23.849615
横槎,横槎,横槎,BV11620648,113.418637,23.305625
横江,横江,横江,BV10252561,113.163953,23.110712
横江墟,横江墟,横江墟,BV10018730,113.56913,23.585713
横江庄,横江庄,横江庄,BV11522307,113.445352,23.413866
横江村,横江村,横江村,BV11688164,113.315561,22.939738
横江村委,横江村委,横江村委,BV11596292,113.393533,23.686408
横江路口,横江路口,横江路口,BV10252196,113.168128,23.110795
横沙村,横沙村#1,横沙村,BV10016514,113.209172,23.163063
横沙村,横沙村#2,横沙村,BV11552457,113.07029,23.382856
横沙路,横沙路,横沙路,BV10256255,113.166753,23.120947
横沥中学,横沥中学,横沥中学站,BV09246072,113.473997,22.734064
横沥中街口,横沥中街口,横沥中街口,BV10022643,113.26182,23.339543
横沥北街口,横沥北街口,横沥北街口,BV10022440,113.263662,23.342305
横沥医院,横沥医院,横沥医院站,BV10015813,113.488268,22.739234
横沥南环街口,横沥南环街口,横沥南环街口,BV10342080,113.260433,23.337374
横沥地铁站公交总站,横沥地铁站公交总,横沥地铁站公交总站,BV11603419,113.506427,22.755883
横沥派出所,横沥派出所,横沥派出所站,BV09083524,113.493844,22.742688
横沥镇政府,横沥镇政府,横沥镇政府站,BV09269062,113.480804,22.735381
横海,横海,横海,BV11219555,113.642015,23.047093
横涌,横涌,横涌,BV10252758,112.900277,23.18366
横溪,横溪,横溪,BV11152728,113.972058,23.809183
横滘,横滘,横滘,BV09000553,113.231233,23.177106
横滘,横滘,横滘1,BV09307684,113.230999,23.176623
横滘小区,横滘小区,横滘小区,BV10016590,113.234563,23.178131
横潭市场,横潭市场,横潭市场站,BV11390860,113.21048,23.381047
横潭牌坊,横潭牌坊,横潭牌坊,BV10014223,113.2136,23.379639
横潭路口,横潭路口,横潭路口,BV09001446,113.211864,23.379087
横迳广场,横迳广场,横迳广场站,BV11688077,113.564317,23.19067
橡胶新村,橡胶新村,橡胶新村,BV11567615,113.263827,23.088584
欣荣路口站,欣荣路口,欣荣路口站,BV10014940,113.388878,22.79065
欧岗村,欧岗村,欧岗村,BV10014291,113.380889,23.203878
欧洲工业园路口,欧洲工业园路口,欧洲工业园路口站,BV11164943,113.36093,22.818606
欧边,欧边,欧边,BV11454189,112.905094,23.321369
正大公司,正大公司,正大公司,BV10020805,113.844097,23.276386
正果寺,正果寺,正果寺,BV11118944,113.890724,23.42272
正果车站,正果车,正果车站,BV10021545,113.887866,23.416708
正迳,正迳,正迳,BV10022357,113.275977,23.520865
正隆村,正隆村,正隆村,BV11118817,113.765874,23.409422
正隆村委,正隆村委,正隆村委,BV11119645,113.764718,23.408874
正骨医院,正骨医院,正骨医院1,BV09230309,113.267711,23.133571
正骨医院,正骨医院,正骨医院2,BV09230308,113.268486,23.133593
正骨医院,正骨医院,正骨医院,BV11688485,113.268283,23.133715
步云村,步云村,步云村,BV11148022,113.108702,23.339976
步律,步律,步律,BV10262693,113.627362,23.023492
步漖村,步漖村,步漖村,BV10018579,113.21218,23.080385
步行街,步行街,步行街,BV10019400,113.149588,23.465119
武警一中队,武警一中队,武警一中队,BV11478462,113.289916,23.212543
武警医院,武警医院#1,武警医院,BV11687881,113.325313,23.164686
武警医院,武警医院#1,武警医院1,BV09260273,113.32476,23.164182
武警医院,武警医院#1,武警医院2,BV09344864,113.325313,23.164686
武警医院,武警医院#1,武警医院,BV09244916,113.32476,23.164182
武警医院,武警医院#2,武警医院,BV09059895,113.166366,23.395129
武警广州指挥学院正门,武警广州指挥学院正门,武警广州指挥学院正门,BV10343616,113.296441,23.255167
武警指挥学院,武警指挥学院,武警指挥学院,BV10014475,113.298014,23.2506
殷家庄,殷家庄,殷家庄,BV10022846,113.602848,23.567541
比亚迪,比亚迪,比亚迪,BV11491336,113.516907,23.611638
毕村,毕村,毕村站,BV11165782,113.176539,23.382005
毕村桥,毕村桥,毕村桥,BV11375032,113.180131,23.400966
毕村西,毕村西,毕村西,BV09407005,113.166656,23.391203
毕村西桥,毕村西桥,毕村西桥,BV11375030,113.13341,23.37787
毛埔,毛埔,毛埔站,BV11480861,113.549663,23.613261
毛铺站,毛铺,毛铺站,BV11622079,113.549429,23.613605
民主村,民主村,民主村,BV10018686,113.116182,23.364057
民乐,民乐,民乐,BV10616510,113.466325,23.660049
民乐村委,民乐村委,民乐村委,BV10875073,113.471323,23.659083
民乐村委总站,民乐村委总,民乐村委总站,BV11543502,113.471735,23.659028
民乐长岭,民乐长岭,民乐长岭站,BV11480863,113.487538,23.659424
民兴村,民兴村,民兴村站,BV10015939,113.555568,22.63492
民安村,民安村,民安村,BV10022356,113.273148,23.509111
民安村,民安村,民安村站2,BV11442875,113.273095,23.514003
民建村,民建村,民建村站,BV09252315,113.545015,22.648674
民心学校站,民心学校,民心学校站,BV09083799,113.483745,22.876942
民政局,民政局,民政局,BV10019840,113.354237,22.942916
民汇一路(政务中心),民汇一路(政务中心),民汇一路(政务中心),BV09192266,113.313568,23.299708
民汇一路(政务中心),民汇一路(政务中心),民汇一路,BV09069506,113.313203,23.299703
民生桥北站,民生桥北,民生桥北站,BV10014979,113.33124,22.830113
民生路北,民生路北,民生路北站,BV09277457,113.37877,22.794696
民科园北门,民科园北门,民科园北门,BV11500813,113.324225,23.3059
民立村,民立村,民立村站,BV10015941,113.566056,22.623799
民航中南管理局,民航中南管理局,民航中南管理局,BV11283550,113.292701,23.378848
民航售票处,民航售票处,民航售票处,BV10405436,113.254563,23.149248
民航子弟学校,民航子弟学校,民航子弟学校,BV10018320,113.263774,23.175704
民航学院总站,民航学院总,民航学院总站,BV10569017,113.099384,23.402275
民航学院路口,民航学院路口,民航学院路口,BV09414030,113.089153,23.386065
民航技术学院,民航技术学院,民航技术学院,BV11271587,113.307148,23.414887
民航生活区,民航生活区,民航生活区,BV11504665,113.254135,23.181909
民营工业园,民营工业园#1,民营工业园,BV11476051,112.913975,23.215799
民营工业园,民营工业园#2,民营工业园,BV10016847,113.619812,23.150949
民营科技园门口,民营科技园门口,民营科技园门口站,BV10021372,113.330679,23.298025
民防办,民防办,民防办,BV11370936,113.56465,23.553432
气象局,气象局,气象局,BV11688144,113.317294,22.939675
气象局番禺站,气象局番禺,气象局番禺站,BV09256520,113.317104,22.939682
氮肥厂,氮肥厂,氮肥厂,BV11091732,113.409832,23.640006
水乡中心医院,水乡中心医院,水乡中心医院,BV11675161,113.581038,23.037136
水元东路,水元东路,水元东路,BV11531910,113.489511,23.196245
水元东路(水东街口),水元东路(水东街口),水元东路(水东街口),BV09265069,113.484609,23.198723
水利二桥,水利二桥,水利二桥,BV11307216,113.495214,23.597184
水利学院,水利学院,水利学院,BV10014786,113.614091,23.565779
水务局,水务局,水务局,BV09410387,113.209282,23.391971
水南加油站,水南加油,水南加油站,BV10263010,113.826487,23.113627
水南大道中,水南大道中,水南大道中,BV10021948,113.552151,23.107789
水南大道西,水南大道西,水南大道西,BV10021949,113.549771,23.107321
水南村,水南村#1,水南村,BV10020870,113.554102,23.111027
水南村,水南村#2,水南村,BV10020869,113.491286,23.463791
水厂路口,水厂路口,水厂路口,BV10023112,113.287397,23.041888
水口冚村,水口冚村,水口冚村,BV10547609,113.827482,23.463121
水口坊,水口坊,水口坊,BV11651650,113.209931,23.067274
水口村,水口村#1,水口村,BV09344671,113.365247,23.213941
水口村,水口村#2,水口村,BV11119374,113.91686,23.386906
水口村,水口村#3,水口村,BV10847076,113.083889,23.346124
水口社,水口社,水口社,BV11300563,113.850386,23.532074
水口营,水口营,水口营站,BV11497174,113.394806,23.429019
水围村,水围村,水围村,BV11119381,113.931001,23.400772
水均田村,水均田村,水均田村,BV11313463,113.466891,23.251544
水均田路,水均田路,水均田路,BV10387388,113.46334,23.256778
水均田路中,水均田路中,水均田路中,BV10019522,113.460204,23.257374
水均田路北,水均田路北,水均田路北,BV10019523,113.457683,23.259963
水埔,水埔,水埔,BV11482390,113.927391,23.81261
水埔村委,水埔村委,水埔村委,BV11152750,113.931186,23.811989
水头路口,水头路口,水头路口,BV11649404,113.136091,23.097911
水尾,水尾,水尾,BV11352962,113.342621,23.575263
水平,水平,水平,BV11152730,113.753856,23.683367
水底村,水底村,水底村,BV11503824,113.614284,23.590235
水沥,水沥,水沥,BV11345921,113.228081,23.311699
水沥村,水沥村,水沥村,BV10632190,113.230017,23.311301
水渭路口,水渭路口,水渭路口,BV11622254,113.281876,23.479678
水濂小学,水濂小学,水濂小学,BV10023326,113.390987,22.971149
水牛头渡口总站,水牛头渡口总,水牛头渡口总站,BV09099110,113.565403,22.743843
水牛头渡口站,水牛头渡口,水牛头渡口站,BV10016468,113.565403,22.743844
水电二局医院,水电二局医院,水电二局医院,BV10014159,113.596801,23.119079
水秀一路(花涧四街),水秀一路(花涧四街),水秀一路(花涧四街),BV11517084,113.207876,23.084179
水秀一路中,水秀一路中,水秀一路中,BV11463514,113.20993,23.083397
水秀一路总站,水秀一路总,水秀一路总站,BV11463515,113.199215,23.085506
水秀一路西,水秀一路西,水秀一路西,BV11463516,113.204124,23.085127
水秀二路,水秀二路,水秀二路站,BV11615375,113.206713,23.081521
水秀二路总站,水秀二路总,水秀二路总站,BV11615374,113.203999,23.082632
水美村,水美村,水美村,BV11143807,113.954642,23.350196
水荫横路口,水荫横路口,水荫横路口,BV10016134,113.306781,23.142576
水荫路,水荫路,水荫路,BV10016135,113.304957,23.148595
水荫路南站,水荫路南,水荫路南站,BV11106084,113.303644,23.138083
水荫路总站,水荫路总,水荫路总站,BV10021738,113.306703,23.141753
水藤加油站,水藤加油,水藤加油站,BV10252028,113.08269,22.919945
水藤站,水藤,水藤站,BV10252645,113.080296,22.916865
水藤路口,水藤路口,水藤路口,BV10252072,113.078974,22.915791
水西,水西,水西站,BV09237475,113.47228,23.188798
水西村,水西村,水西村,BV09006662,113.480852,23.1998
水西村委,水西村委,水西村委,BV11486242,113.482401,23.198203
水西村路口,水西村路口,水西村路口,BV10945034,113.405247,23.615626
水西路,水西路,水西路,BV09223990,113.480603,23.193745
水西路中,水西路中,水西路中站,BV10847165,113.468128,23.181914
水西路北,水西路北,水西路北站,BV10888706,113.475969,23.190678
水西路南,水西路南,水西路南,BV11549367,113.464384,23.177248
水西路总站,水西路总,水西路总站,BV10888705,113.48048,23.193749
水边街(三元里大道口),水边街(三元里大道口),水边街(三元里大道口),BV10506698,113.246648,23.178817
水门村,水门村,水门村,BV10015109,113.451152,23.041456
水闸口,水闸口,水闸口,BV10023114,113.282996,23.044743
水韵蓝湾,水韵蓝湾,水韵蓝湾,BV10420801,113.393544,22.911347
水龙村路口,水龙村路口,水龙村路口,BV11244354,113.852254,23.197172
永丰市场,永丰市场,永丰市场,BV10253903,113.265686,22.859211
永丰路(华峰路口),永丰路(华峰路口),永丰路(华峰路口),BV11618564,113.555289,23.220462
永乐村,永乐村,永乐村,BV10016657,113.285993,23.488015
永乐村(水渭路口),永乐村(水渭路口),永乐村(水渭路口),BV10432262,113.282,23.47912
永光村,永光村,永光村站,BV11370963,113.335398,23.431115
永兴,永兴,永兴,BV11119545,113.611251,23.352216
永兴南街口,永兴南街口,永兴南街口,BV10014213,113.312369,23.265668
永兴市场,永兴市场,永兴市场,BV11689391,113.151395,23.471225
永兴庄总站,永兴庄总,永兴庄总站,BV10014214,113.311099,23.265672
永兴村,永兴村#1,永兴村,BV10022648,113.323851,23.265875
永兴村,永兴村#2,永兴村,BV10387615,113.627793,23.348727
永兴村口,永兴村口,永兴村口,BV11171943,113.321478,23.278112
永兴村委,永兴村委,永兴村委,BV09208065,113.324184,23.267373
永兴路口,永兴路口,永兴路口,BV09245154,113.622702,23.349473
永利路,永利路,永利路,BV10432287,113.240624,23.36384
永利路口(临时站),永利路口(临时站),永利路口站,BV10017263,113.24591,23.365237
永利路口(临时站),永利路口(临时站),永利路口(临时站),BV09406054,113.24591,23.365237
永利路西,永利路西,永利路西,BV09386978,113.223259,23.361719
永华路,永华路,永华路站,BV09368636,113.560367,23.225999
永和,永和,永和,BV11469405,113.590468,23.17277
永和(万科里享家)总站,永和(万科里享家)总,永和(万科里享家)总站,BV09385631,113.562206,23.197148
永和(木古村),永和(木古村),永和(木古村),BV09256083,113.568607,23.218928
永和中学,永和中学,永和中学站,BV09393817,113.584667,23.185268
永和中学总站,永和中学总,永和中学总站,BV11276619,113.574024,23.197248
永和中队,永和中队,永和中队,BV09173362,113.585801,23.180724
永和加油站,永和加油,永和加油站,BV10014092,113.584799,23.181658
永和医院,永和医院,永和医院,BV09173363,113.586135,23.179047
永和大道(常春藤),永和大道(常春藤),永和大道(常春藤),BV09294351,113.554621,23.21486
永和大道(常春藤),永和大道(常春藤),永和大道,BV09003166,113.554801,23.214879
永和大道(常春藤)总站,永和大道(常春藤)总,永和大道(常春藤)总站,BV09387963,113.555558,23.219085
永和大道(斗塘路口),永和大道(斗塘路口),永和大道(斗塘路口),BV09193688,113.552707,23.210462
永和大道中,永和大道中,永和大道中站,BV11687953,113.547571,23.196004
永和小学,永和小学,永和小学,BV11118943,113.581708,23.187487
永和开发区,永和开发区,永和开发区,BV10013974,113.559915,23.19424
永和开发区总站,永和开发区总,永和开发区总站,BV10490938,113.559915,23.19424
永和总站,永和总#1,永和总站,BV10767509,113.562269,23.197419
永和总站,永和总#2,永和总站,BV11412492,113.555536,23.219115
永和总站,永和总#3,永和总站,BV10014093,113.590722,23.172799
永和派出所,永和派出所,永和派出所,BV11624699,113.588055,23.175856
永和禾丰新村总站,永和禾丰新村总,永和禾丰新村总站,BV11444715,113.544366,23.211983
永和综合楼,永和综合楼,永和综合楼站,BV11688343,113.56211,23.193739
永和贤江公交总站,永和贤江公交总,永和贤江公交总站,BV10483729,113.544926,23.207936
永和贤江总站,永和贤江总,永和贤江总站,BV09297712,113.544926,23.207936
永和隧道南,永和隧道南,永和隧道南站,BV11687963,113.536778,23.175401
永善村,永善村,永善村,BV11525012,113.454895,22.957883
永大社区,永大社区,永大社区,BV11635336,113.397095,23.019419
永字街,永字街,永字街,BV10023435,113.489582,22.981503
永宁大道东,永宁大道东,永宁大道东,BV09245556,113.65468,23.201823
永宁庄,永宁庄,永宁庄,BV11111616,113.339995,23.320941
永宁总站,永宁总,永宁总站,BV11455034,113.579646,23.183584
永安大道东,永安大道东,永安大道东,BV09322231,113.582986,23.208583
永安大道中,永安大道中,永安大道中,BV09260447,113.57894,23.211401
永安大道西,永安大道西,永安大道西,BV09375548,113.574399,23.214978
永安学校,永安学校,永安学校,BV09182629,113.615955,23.225464
永安站,永安,永安站,BV10450591,112.984404,22.944855
永安路西,永安路西,永安路西,BV11681640,113.196464,23.02768
永宽路,永宽路,永宽路,BV11393830,113.49968,23.450033
永富中路,永富中路,永富中路,BV11214874,113.229217,23.43614
永平圩,永平圩,永平圩,BV10619431,112.935304,23.42143
永康路,永康路,永康路,BV11430520,113.29967,23.227905
永康路中,永康路中,永康路中,BV11430521,113.299021,23.224834
永新,永新,永新,BV11352958,113.363563,23.58387
永泰广场,永泰广场,永泰广场,BV11688378,113.298912,23.232572
永泰新村,永泰新村,永泰新村,BV11683318,113.300014,23.222875
永泰新村口,永泰新村口,永泰新村口,BV11688385,113.297118,23.230018
永泰新村总站,永泰新村总,永泰新村总站,BV10019225,113.296698,23.228975
永泰路口,永泰路口,永泰路口,BV11688401,113.297567,23.22341
永泰集贤路,永泰集贤路,永泰集贤路,BV09070819,113.297507,23.234917
永泰集贤路总站,永泰集贤路总,永泰集贤路总站,BV09066469,113.301467,23.237412
永盛路,永盛路,永盛路站,BV09368634,113.566524,23.225647
永盛路东,永盛路东,永盛路东站,BV09406410,113.575297,23.221009
永福,永福,永福,BV11119547,113.662831,23.368534
永福路,永福路,永福路,BV09006407,113.295783,23.146885
永顺大道,永顺大道,永顺大道站,BV11690259,113.556867,23.197117
永顺大道(新业路口),永顺大道(新业路口),永顺大道(新业路口),BV09076741,113.561458,23.196069
永顺大道(新安路口),永顺大道(新安路口),永顺大道(新安路口),BV11633391,113.552619,23.198049
永顺大道(民兵路口),永顺大道(民兵路口),永顺大道(民兵路口)站,BV10653034,113.580442,23.181562
永顺大道东,永顺大道东,永顺大道东,BV10912696,113.574621,23.186533
永顺大道东(摇田河大街),永顺大道东(摇田河大街),永顺大道东(摇田河大街),BV09387045,113.566355,23.193574
永顺大道东(新元路口),永顺大道东(新元路口),永顺大道东(新元路口),BV09385629,113.570722,23.189856
永龙大道(七木桥村),永龙大道(七木桥村),永龙大道(七木桥村),BV11483400,113.57035,23.26255
永龙大道中,永龙大道中,永龙大道中,BV11483382,113.569677,23.267959
永龙大道南,永龙大道南,永龙大道南,BV11483383,113.571313,23.255021
氹迳,氹迳,氹迳,BV11352971,113.319221,23.575415
汀塘村,汀塘村,汀塘村,BV11118927,113.908411,23.449247
汀根小学,汀根小学,汀根小学,BV10019950,113.326666,22.946034
汀根村,汀根村,汀根村,BV11688162,113.321088,22.939484
汀根村委,汀根村委,汀根村委,BV10019954,113.323842,22.945497
汇侨南路,汇侨南路,汇侨南路,BV10017167,113.254635,23.198162
汇侨新城,汇侨新城,汇侨新城,BV09226079,113.250618,23.201671
汇侨新城总站,汇侨新城总,汇侨新城总站,BV10019063,113.250645,23.201665
汇侨路,汇侨路,汇侨路,BV10018043,113.253314,23.201238
汇侨路总站,汇侨路总,汇侨路总站,BV11461975,113.253383,23.201491
汇太东金贸街,汇太东金贸街,汇太东金贸街,BV11372210,113.615378,23.132882
汇太中路,汇太中路,汇太中路,BV11207578,113.607085,23.131223
汇彩路,汇彩路,汇彩路,BV11487907,113.410931,23.11884
汇彩路北总站,汇彩路北总,汇彩路北总站,BV10019594,113.410255,23.118944
汇彩路口,汇彩路口,汇彩路口,BV09190193,113.412923,23.105302
汇彩路总站,汇彩路总,汇彩路总站,BV10021328,113.411923,23.112082
汇才一街,汇才一街,汇才一街,BV11106162,113.202981,23.175257
汇才二街,汇才二街,汇才二街,BV10021314,113.204486,23.173282
汇才二街口,汇才二街口,汇才二街口,BV11106161,113.203434,23.171824
汇景北路总站,汇景北路总,汇景北路总站,BV10017906,113.362671,23.153295
汇景北路总站,汇景北路总,汇景北路总站2,BV09395455,113.362371,23.153466
汇景大道,汇景大道,汇景大道,BV11688161,113.368914,22.924803
汇景新城东总站,汇景新城东总,汇景新城东总站,BV10388992,113.372783,23.151164
汇杰科技园,汇杰科技园,汇杰科技园,BV11686329,113.303973,22.981864
汇泉路(中海锦城北),汇泉路(中海锦城北),汇泉路(中海锦城北),BV10766676,113.166899,23.073971
汇泉路东,汇泉路东,汇泉路东,BV10580315,113.169887,23.072171
汇港轩,汇港轩,汇港轩,BV10421869,113.817885,23.286695
汇盛路,汇盛路,汇盛路,BV11580700,113.25447,23.063341
汉基工业区,汉基工业区,汉基工业区,BV10020094,113.425075,22.955344
汉湖村,汉湖村,汉湖村,BV10016254,113.787838,23.514099
汉溪路口,汉溪路口,汉溪路口,BV10019729,113.314444,22.980816
汉田,汉田,汉田,BV11152761,113.703926,23.787748
江东村,江东村,江东村站,BV10016836,113.53829,23.204188
江丰路口,江丰路口,江丰路口,BV11688079,113.23914,23.278877
江人路,江人路,江人路,BV11345926,113.235585,23.282817
江人路(广花路口),江人路(广花路口),江人路(广花路口),BV10021420,113.239227,23.285149
江人路口,江人路口,江人路口站,BV11688078,113.238402,23.282786
江兴村,江兴村,江兴村,BV10019772,113.536768,22.920046
江兴村(光明一路),江兴村(光明一路),江兴村(光明一路),BV11496181,113.536235,22.924521
江北路总站,江北路总,江北路总站,BV10568281,113.200542,23.078706
江南农批市场,江南农批市场,江南农批市场,BV11217548,113.643677,23.10076
江南商业城小区,江南商业城小区,江南商业城小区,BV10019939,113.361628,22.935492
江南大道中,江南大道中,江南大道中,BV10015712,113.266166,23.104835
江南大道中,江南大道中,江南大道中1,BV09228038,113.266073,23.10557
江南大道北,江南大道北,江南大道北,BV10016114,113.263422,23.111549
江南大道北,江南大道北,江南大道北1,BV09243516,113.263422,23.111549
江南大道南(地铁江泰路站),江南大道南(地铁江泰路站),江南大道南(地铁江泰路站),BV09364559,113.275114,23.085183
江南大道南(地铁江泰路站),江南大道南(地铁江泰路站),江南大道南,BV10021838,113.275114,23.085183
江南大道南(地铁江泰路站)总站,江南大道南(地铁江泰路站)总,江南大道南(地铁江泰路站)总站,BV09364558,113.275565,23.084284
江南大道南总站,江南大道南总,江南大道南总站,BV10016121,113.27527,23.084752
江南大道口,江南大道口,江南大道口,BV11688517,113.264092,23.102902
江南富图花园,江南富图花园,江南富图花园,BV11163179,113.347536,22.95394
江南工业区,江南工业区,江南工业区,BV11688128,113.367809,22.999826
江南新村(骨伤科医院),江南新村(骨伤科医院)#1,江南新村,BV09387478,113.261034,23.097056
江南新村(骨伤科医院),江南新村(骨伤科医院)#1,江南新村(骨伤科医院),BV10018367,113.26318,23.096277
江南新村(骨伤科医院),江南新村(骨伤科医院)#2,江南新村,BV11688351,113.354169,22.958448
江南新村站,江南新村,江南新村站(北行),BV09276324,113.261034,23.097056
江南新村站,江南新村,江南新村站(南行),BV09276322,113.260865,23.097187
江南村,江南村,江南村,BV11688148,113.359275,22.996958
江南村路口,江南村路口,江南村路口,BV10266878,113.643478,23.116837
江南桥,江南桥,江南桥,BV10345739,113.650707,23.10468
江南西路,江南西路,江南西路,BV10017764,113.267086,23.098167
江南西路总站,江南西路总,江南西路总站,BV10015253,113.266924,23.098166
江南路临时站,江南路临时,江南路临时站,BV09291849,113.571103,22.750039
江南路站,江南路,江南路站,BV10015850,113.570002,22.749971
江同东路,江同东路,江同东路,BV11493173,113.229776,23.276154
江同路,江同路,江同路,BV11430345,113.225172,23.276458
江同路口,江同路口,江同路口,BV11493174,113.226001,23.275661
江坳绿道综合服务区,江坳绿道综合服务区,江坳绿道综合服务区,BV10014893,113.802663,23.400483
江城路,江城路,江城路,BV10018877,113.214117,23.274761
江埔村,江埔村,江埔村,BV11415295,113.603858,23.543375
江埔村委,江埔村委,江埔村委,BV11578758,113.602477,23.546074
江埔社区,江埔社区,江埔社区站,BV11389707,113.613092,23.575816
江塘坦,江塘坦,江塘坦,BV10394557,112.952633,23.373714
江夏(黄石东路中),江夏(黄石东路中),江夏(黄石东路中)站,BV11279582,113.269357,23.20692
江夏东二路北,江夏东二路北,江夏东二路北,BV10021140,113.27537,23.208397
江夏安置区,江夏安置区,江夏安置区,BV09241596,113.112791,23.340101
江夏村,江夏村,江夏村,BV10252230,113.134524,23.108295
江夏村安置区,江夏村安置区,江夏村安置区,BV09404905,113.11354,23.339996
江尾,江尾,江尾,BV11513568,113.778564,23.283911
江山时代,江山时代,江山时代,BV09184474,113.673884,23.278345
江府路东,江府路东,江府路东站,BV11488085,113.235274,23.293152
江府路西,江府路西,江府路西站,BV11488083,113.224768,23.292726
江心村,江心村,江心村,BV09095156,113.166939,23.121725
江怡路,江怡路,江怡路,BV10018249,113.288723,23.10262
江怡路口,江怡路口,江怡路口,BV10018257,113.286394,23.102479
江新路(镇龙),江新路(镇龙),江新路(镇龙),BV10388568,113.576155,23.29504
江晓路,江晓路,江晓路,BV10022473,113.289712,23.071189
江晓路口,江晓路口,江晓路口,BV10019486,113.286757,23.069012
江晓路口总站,江晓路口总,江晓路口总站,BV10022523,113.287125,23.06915
江景路,江景路,江景路,BV10809960,113.263583,23.208119
江村,江村,江村,BV10014787,113.613039,23.572876
江村墟,江村墟,江村墟,BV11345928,113.23145,23.278718
江村大桥北,江村大桥北,江村大桥北,BV11688099,113.239002,23.279821
江村大桥南,江村大桥南,江村大桥南,BV09115546,113.240217,23.268802
江村车站派出所,江村车站派出所,江村车站派出所,BV10612219,113.216828,23.306341
江村车站生活区,江村车站生活区,江村车站生活区,BV10612362,113.215621,23.307346
江欧尾,江欧尾,江欧尾,BV09305551,113.546578,22.895985
江欧村委会,江欧村委会,江欧村委会,BV09305550,113.538245,22.916069
江河幕墙北门,江河幕墙北门,江河幕墙北门,BV10024159,113.627173,23.163297
江河路,江河路,江河路,BV09000902,113.158396,23.112363
江泰路,江泰路,江泰路,BV10019561,113.279373,23.085415
江泰路口,江泰路口,江泰路口,BV10019560,113.280228,23.085697
江海大道中,江海大道中,江海大道中1,BV09319409,113.327533,23.091852
江海大道中,江海大道中,江海大道中2,BV09316963,113.327518,23.093508
江海大道中,江海大道中,江海大道中,BV11687940,113.327533,23.091852
江海大道中,江海大道中总,江海大道中,BV11365453,113.327681,23.093481
江海街办事处总站,江海街办事处总,江海街办事处总站,BV11625827,113.332435,23.087135
江海路,江海路,江海路,BV10019495,113.283643,23.104853
江湾二路,江湾二路,江湾二路,BV11361114,113.085726,23.017521
江湾桥南,江湾桥南,江湾桥南1,BV09359515,113.271516,23.110571
江湾桥南,江湾桥南,江湾桥南站,BV11688521,113.271516,23.110571
江湾桥南,江湾桥南,江湾桥南2,BV09172266,113.271997,23.110771
江湾桥脚,江湾桥脚,江湾桥脚站,BV11687876,113.277703,23.120113
江湾立交,江湾立交,江湾立交,BV10252347,113.096479,23.028443
江滨皮革厂,江滨皮革厂,江滨皮革厂,BV10015463,113.26973,23.455624
江燕花园(地铁江泰路站),江燕花园(地铁江泰路站),江燕花园(地铁江泰路站),BV09364557,113.273354,23.084126
江燕花园(地铁江泰路站),江燕花园(地铁江泰路站),江燕花园,BV10016109,113.273245,23.084254
江燕路口,江燕路口,江燕路口,BV11357700,113.273982,23.087674
江畔湾北门,江畔湾北门,江畔湾北门站,BV09269178,113.570885,23.058076
江联村新围,江联村新围,江联村新围,BV11171081,113.712814,23.581253
江西坳,江西坳,江西坳,BV11300564,113.808059,23.53339
江贝村,江贝村,江贝村,BV10323121,113.316118,23.093703
江贝村运动场,江贝村运动场,江贝村运动场,BV10323120,113.314369,23.092384
江高,江高,江高站,BV09242094,113.227311,23.278001
江高(大松岗),江高(大松岗),江高(大松岗),BV09112239,113.233234,23.277141
江高(大松岗)总站,江高(大松岗)总,江高(大松岗)总站,BV11267411,113.234435,23.276802
江高(广技师白云校区),江高(广技师白云校区)#1,江高,BV11371426,113.215886,23.282877
江高(广技师白云校区),江高(广技师白云校区)#1,江高(广技师白云校区),BV11241714,113.21589,23.28292
江高(广技师白云校区)总站,江高(广技师白云校区)总,江高(广技师白云校区)总站,BV09368252,113.206091,23.283802
江高南岗村总站,江高南岗村总,江高南岗村总站,BV10018287,113.204033,23.250589
江高小塘,江高小塘,江高小塘,BV10018878,113.204624,23.277273
江高小塘总站,江高小塘总,江高小塘总站,BV10014050,113.204614,23.277175
江高总站,江高总#1,江高总站,BV10623355,113.206094,23.283816
江高总站,江高总#2,江高总站,BV11436893,113.234457,23.276824
江高总站(夏荷路),江高总站(夏荷路),江高总站(夏荷路),BV10577466,113.205913,23.266689
江高总站(大松岗),江高总站(大松岗),江高总站(大松岗),BV11127777,113.234292,23.276798
江高新楼村总站,江高新楼村总,江高新楼村总站,BV10018299,113.233994,23.337366
江高路口,江高路口,江高路口站,BV11345922,113.224586,23.278706
江高镇人民政府,江高镇人民政府,江高镇人民政府站,BV11488079,113.229869,23.292924
江高长兴路口,江高长兴路口,江高长兴路口,BV10342079,113.246097,23.328722
江鸥村,江鸥村,江鸥村站,BV09305164,113.538273,22.915963
江鸥村委会,江鸥村委会,江鸥村委会,BV09305552,113.538262,22.916008
江龙桥,江龙桥,江龙桥,BV10024138,113.82007,23.132251
池岭村,池岭村,池岭村,BV11451059,113.602772,23.41435
池田村,池田村,池田村,BV10014885,113.886212,23.409865
污水处理厂,污水处理厂#1,污水处理厂,BV10567476,112.940057,23.441189
污水处理厂,污水处理厂#2,污水处理厂,BV11622446,113.28632,23.370751
汽东城管委会,汽东城管委会,汽东城管委会,BV09271077,113.139244,23.363495
汽车东站,汽车东,汽车东站,BV10471293,113.809836,23.026345
汽车东站西,汽车东站西,汽车东站西,BV10263756,113.806749,23.026377
汽车博览中心,汽车博览中心,汽车博览中心,BV11620508,113.545744,23.06303
汽车城,汽车城,汽车城,BV10023839,113.123412,23.357136
汽车城地铁站(市南大道),汽车城地铁站(市南大道),汽车城地铁站(市南大道),BV11639442,113.504591,22.838619
汽车城地铁站(鸡谷山路),汽车城地铁站(鸡谷山路),汽车城地铁站,BV10016577,113.501777,22.838601
汽车城地铁站(鸡谷山路),汽车城地铁站(鸡谷山路),汽车城地铁站(鸡谷山路),BV11639443,113.502591,22.839195
汽车城消防中队,汽车城消防中队,汽车城消防中队,BV10492524,113.132596,23.365879
汽车城管委会,汽车城管委会,汽车城管委会,BV09409767,113.139244,23.363495
汽车小镇总站,汽车小镇总,汽车小镇总站,BV09238942,113.497651,23.017156
汾水,汾水,汾水,BV10014062,113.221576,23.086903
汾水小区,汾水小区,汾水小区,BV09405895,113.217255,23.086692
汾水小区总站,汾水小区总,汾水小区总站,BV10018714,113.217889,23.086565
汾水村委,汾水村委,汾水村委,BV11369790,113.462612,23.570757
沈山下路口,沈山下路口,沈山下路口,BV09139856,113.709737,23.616168
沐陂东路,沐陂东路,沐陂东路,BV10017498,113.395166,23.160409
沐陂南路口,沐陂南路口,沐陂南路口,BV10022224,113.389622,23.151881
沐陂工业园,沐陂工业园,沐陂工业园,BV10022502,113.397064,23.157458
沐陂村,沐陂村,沐陂村,BV11458236,113.392858,23.155166
沐陂村口,沐陂村口,沐陂村口,BV11458237,113.389231,23.155294
沐陂村总站,沐陂村总,沐陂村总站,BV10014615,113.392918,23.155172
沐陂西,沐陂西,沐陂西,BV11458234,113.382221,23.15799
沐陂路,沐陂路,沐陂路,BV10022223,113.396833,23.14141
沙东新村,沙东新村,沙东新村站,BV09244074,113.381277,23.208511
沙亭北路,沙亭北路,沙亭北路,BV11678464,113.353387,23.320224
沙亭南路,沙亭南路,沙亭南路,BV10019296,113.354973,23.312944
沙亭岗村口,沙亭岗村口,沙亭岗村口,BV11330441,113.349929,23.31401
沙亭广兴路,沙亭广兴路,沙亭广兴路,BV11678463,113.357721,23.320056
沙亭村委,沙亭村委,沙亭村委,BV10021150,113.359914,23.316364
沙亭苏庄,沙亭苏庄,沙亭苏庄站,BV11330823,113.369847,23.315015
沙亭西路,沙亭西路,沙亭西路,BV09180453,113.366244,23.314938
沙元埔,沙元埔,沙元埔,BV11597980,113.527527,23.410016
沙公堡路口,沙公堡路口,沙公堡路口,BV09371833,113.480246,22.866558
沙凤,沙凤,沙凤,BV11691998,113.197907,23.153446
沙凤一路,沙凤一路,沙凤一路,BV10013907,113.199703,23.151999
沙凤一路中,沙凤一路中,沙凤一路中,BV10569405,113.204286,23.151908
沙凤一路西,沙凤一路西,沙凤一路西,BV11627312,113.188412,23.15019
沙凤一路西总站,沙凤一路西总,沙凤一路西总站,BV11457903,113.188173,23.150084
沙凤三路,沙凤三路,沙凤三路,BV10013909,113.190517,23.151521
沙凤二路,沙凤二路,沙凤二路,BV11627310,113.195308,23.151892
沙北村,沙北村,沙北村,BV10019770,113.512426,22.922036
沙北村总站,沙北村总,沙北村总站,BV11488014,113.512765,22.921364
沙南村,沙南村,沙南村,BV10021040,113.534306,22.887893
沙南路,沙南路,沙南路,BV10019946,113.336286,22.951021
沙园,沙园,沙园,BV09242190,113.257346,23.088694
沙园村,沙园村,沙园村,BV11691296,113.341985,22.919545
沙园路口,沙园路口,沙园路口,BV10014854,113.825616,23.295335
沙坑牌坊,沙坑牌坊,沙坑牌坊站,BV11164936,113.381616,22.809433
沙埔医院,沙埔医院,沙埔医院,BV10910370,113.658382,23.164378
沙埔大道北站,沙埔大道北,沙埔大道北站,BV09376389,113.652643,23.17378
沙埔市场,沙埔市场,沙埔市场,BV10016076,113.654034,23.157791
沙埔广场,沙埔广场,沙埔广场,BV10016075,113.656253,23.162042
沙埔路口,沙埔路口,沙埔路口站,BV10959661,113.651466,23.172414
沙堤路口,沙堤路口,沙堤路口,BV10506094,113.068254,23.061418
沙塘村,沙塘村,沙塘村,BV10024263,113.859196,23.227734
沙塘村口站,沙塘村口,沙塘村口站,BV11633028,113.854694,23.226797
沙塘路口站,沙塘路口,沙塘路口站,BV11456552,113.854768,23.226663
沙塱村,沙塱村,沙塱村,BV10014785,113.610443,23.560175
沙墟一村,沙墟一村,沙墟一村,BV10023201,113.372039,22.948464
沙墟市场,沙墟市场,沙墟市场站,BV09000363,113.373538,22.94325
沙太南路,沙太南路,沙太南路,BV09006120,113.325734,23.175904
沙太南路(省妇幼天河院区),沙太南路(省妇幼天河院区),沙太南路(省妇幼天河院区),BV09064404,113.323435,23.173929
沙太货运站(临时站),沙太货运站(临时站),沙太货运站,BV10022231,113.341347,23.243748
沙太货运站(临时站),沙太货运站(临时站),沙太货运站(临时站),BV11625961,113.340253,23.242294
沙太货运站总站,沙太货运站总,沙太货运站总站,BV10022230,113.340377,23.242837
沙太路北总站,沙太路北总,沙太路北总站,BV10022667,113.353324,23.263094
沙头,沙头,沙头,BV11516976,113.522693,22.938225
沙头中学,沙头中学,沙头中学,BV10019945,113.339959,22.950599
沙头南,沙头南,沙头南,BV11496182,113.527644,22.935015
沙头市场,沙头市场,沙头市场,BV10023360,113.344483,22.94962
沙头新村,沙头新村,沙头新村,BV11688139,113.342657,22.942568
沙头村,沙头村#1,沙头村站,BV09348753,113.698028,23.172706
沙头村,沙头村#2,沙头村,BV10016069,113.343945,22.950383
沙宁路口,沙宁路口,沙宁路口,BV10024309,113.656068,23.212324
沙尾一村站,沙尾一村,沙尾一村站,BV11412563,113.568746,22.678448
沙尾一村站,沙尾一村,沙尾一村站(北行),BV09221294,113.568899,22.678406
沙尾一村站,沙尾一村,沙尾一村站(南行),BV09221295,113.568746,22.678448
沙尾一路口站,沙尾一路口,沙尾一路口站,BV10651486,113.571839,22.677802
沙尾二村站,沙尾二村,沙尾二村站,BV10017244,113.584723,22.663688
沙尾村,沙尾村,沙尾村,BV11085640,113.787718,23.168316
沙尾桥,沙尾桥,沙尾桥站,BV11251690,113.211606,23.049343
沙尾桥底,沙尾桥底,沙尾桥底,BV11031584,113.210423,23.047417
沙尾水闸,沙尾水闸,沙尾水闸,BV10022256,113.20475,23.04948
沙尾站,沙尾,沙尾站,BV10015029,113.477384,22.815414
沙岗村,沙岗村#1,沙岗村,BV10388847,113.63687,23.632715
沙岗村,沙岗村#2,沙岗村,BV11119643,113.730199,23.383264
沙庄街,沙庄街,沙庄街,BV10023701,113.821578,23.135062
沙挞路口,沙挞路口,沙挞路口,BV09329917,113.456302,23.210019
沙村,沙村,沙村,BV10714250,113.555077,23.121191
沙村地铁站,沙村地铁,沙村地铁站,BV10975753,113.566862,23.112917
沙村地铁站,沙村地铁,沙村地铁站(西行),BV09308010,113.567027,23.113056
沙步大道,沙步大道,沙步大道,BV09068672,113.525407,23.088906
沙河,沙河,沙河2,BV09263630,113.306802,23.157687
沙河,沙河,沙河,BV09375063,113.307552,23.15731
沙河大街,沙河大街,沙河大街1,BV09330208,113.304271,23.15319
沙河大街,沙河大街,沙河大街,BV10014271,113.30321,23.151963
沙河大街,沙河大街,沙河大街2,BV09332378,113.304539,23.153545
沙河横马路,沙河横马路,沙河横马路,BV10021692,113.307962,23.15556
沙河顶,沙河顶,沙河顶,BV10014269,113.302076,23.150383
沙洛工业园,沙洛工业园,沙洛工业园,BV10013807,113.252544,23.059933
沙洛市场,沙洛市场,沙洛市场站,BV09238710,113.254467,23.059299
沙洛村委,沙洛村委,沙洛村委,BV11665256,113.254892,23.058303
沙洛村站,沙洛村,沙洛村站,BV11444713,113.255763,23.055805
沙洲,沙洲,沙洲,BV11171789,113.604668,23.598629
沙浦,沙浦,沙浦,BV11386265,113.485275,23.089803
沙浦,沙浦,沙浦,BV10014600,113.485239,23.089578
沙海村,沙海村,沙海村,BV10256259,113.159781,23.12688
沙涌,沙涌#1,沙涌站,BV10713660,113.247456,23.170261
沙涌,沙涌#1,沙涌2,BV09167550,113.247818,23.168938
沙涌,沙涌#1,沙涌1,BV09080691,113.24742,23.170391
沙涌,沙涌#2,沙涌,BV11689077,113.159568,23.143888
沙涌(里水),沙涌(里水),沙涌(里水),BV10793094,113.15965,23.143684
沙涌南(凤翔公园)总站,沙涌南(凤翔公园)总,沙涌南(凤翔公园)总站,BV09061518,113.24319,23.165358
沙涌南总站,沙涌南总,沙涌南总站,BV10017888,113.241176,23.168599
沙涌村(富怡路),沙涌村(富怡路),沙涌村(富怡路),BV10387973,113.417992,22.962312
沙涌村(市莲路),沙涌村(市莲路),沙涌村(市莲路),BV10023443,113.417995,22.955348
沙渡路,沙渡路,沙渡路,BV10554543,113.254572,23.086188
沙湾一街,沙湾一街,沙湾一街,BV10022129,113.522116,23.069577
沙湾三街,沙湾三街,沙湾三街,BV10022128,113.524412,23.069189
沙湾东村,沙湾东村,沙湾东村,BV10023340,113.335978,22.911769
沙湾五街,沙湾五街,沙湾五街,BV10022127,113.526279,23.06845
沙湾南村,沙湾南村,沙湾南村,BV11691292,113.333284,22.903899
沙湾古镇南门,沙湾古镇南门,沙湾古镇南门,BV11691290,113.332473,22.903042
沙湾总站,沙湾总,沙湾总站,BV10023394,113.337134,22.902789
沙湾派出所,沙湾派出所,沙湾派出所,BV10023341,113.338281,22.909543
沙湾涌,沙湾涌,沙湾涌,BV10014973,113.342697,22.840252
沙湾珠宝产业园,沙湾珠宝产业园,沙湾珠宝产业园,BV11501166,113.321865,22.920803
沙湾珠宝产业园总站,沙湾珠宝产业园总,沙湾珠宝产业园总站,BV10388982,113.321865,22.920803
沙溪,沙溪,沙溪,BV10016830,113.28038,23.087866
沙溪商贸城,沙溪商贸城,沙溪商贸城,BV11626403,113.329329,23.037314
沙溪大道东总站,沙溪大道东总,沙溪大道东总站,BV10843680,113.343337,23.036249
沙溪村,沙溪村#1,沙溪村站,BV11689291,113.321961,23.037865
沙溪村,沙溪村#2,沙溪村,BV11150690,113.190578,23.135647
沙溪村口,沙溪村口,沙溪村口,BV11237861,113.281123,23.077333
沙溪村牌坊,沙溪村牌坊,沙溪村牌坊,BV11689576,113.325751,23.037639
沙溪牌坊,沙溪牌坊,沙溪牌坊,BV09074944,113.325751,23.037639
沙溪社区,沙溪社区,沙溪社区,BV10741165,113.189487,23.132123
沙溪综合市场,沙溪综合市场,沙溪综合市场,BV10256253,113.191383,23.13143
沙滘,沙滘,沙滘,BV10405844,113.531528,22.892352
沙滘村,沙滘村,沙滘村,BV11190505,113.731727,23.210939
沙滘村口,沙滘村口,沙滘村口,BV10024237,113.735428,23.204734
沙滘路口,沙滘路口,沙滘路口,BV10252036,113.085933,22.944285
沙田村,沙田村,沙田村,BV11656584,113.473396,23.319519
沙田村委会,沙田村委会,沙田村委会,BV11284896,113.480779,23.313337
沙田村总站,沙田村总,沙田村总站,BV10389056,113.480787,23.313418
沙螺湾村站,沙螺湾村,沙螺湾村站,BV10382223,113.547566,22.820825
沙角村委,沙角村委,沙角村委,BV11224111,113.69038,23.145345
沙角村站,沙角村,沙角村站,BV10014920,113.38241,22.849753
沙贝村,沙贝村,沙贝村,BV10020884,113.569047,23.515095
沙迳村委,沙迳村委,沙迳村委,BV11597209,113.373919,23.630767
沙陇村,沙陇村,沙陇村,BV10015433,113.752138,23.205866
沙面小学(大坦沙校区),沙面小学(大坦沙校区),沙面小学(大坦沙校区),BV11650925,113.217422,23.135165
沙面新城,沙面新城,沙面新城,BV09376900,113.185927,23.131455
沙面新城总站,沙面新城总,沙面新城总站,BV10393856,113.185584,23.131033
沙龙尾,沙龙尾,沙龙尾,BV10023330,113.403428,22.920853
沥一经济社,沥一经济社,沥一经济社,BV09274991,113.180185,23.465209
沥口村,沥口村,沥口村,BV11336975,113.082472,23.063964
沥心沙东路,沥心沙东路,沥心沙东路,BV11576846,113.558147,22.662055
沥心沙东路口,沥心沙东路口,沥心沙东路口,BV09296032,113.558191,22.661978
沥滘,沥滘,沥滘,BV11688783,113.311322,23.065412
沥滘大埗头,沥滘大埗头,沥滘大埗头,BV11366953,113.309751,23.057581
沥滘大埗头总站,沥滘大埗头总,沥滘大埗头总站,BV10022783,113.309805,23.057417
沥滘总站,沥滘总,沥滘总站,BV10016721,113.318816,23.064505
沥滘路,沥滘路,沥滘路,BV11354485,113.304612,23.057545
沥滘路东,沥滘路东,沥滘路东,BV09373961,113.307888,23.057417
沥滘路中,沥滘路中,沥滘路中,BV09347676,113.300334,23.058126
沥滘路西,沥滘路西,沥滘路西,BV11366954,113.289545,23.05867
沥滘路西总站,沥滘路西总,沥滘路西总站,BV11058606,113.288692,23.058453
沧头桥,沧头桥,沧头桥,BV10017595,113.544837,23.130363
沧联二路,沧联二路,沧联二路,BV11552290,113.546139,23.122544
沧联小学,沧联小学,沧联小学,BV11549864,113.544788,23.118647
沧联市场站,沧联市场,沧联市场站,BV09203191,113.536959,23.115568
沧联社区,沧联社区,沧联社区,BV11549866,113.540692,23.116951
河东中学,河东中学,河东中学,BV11578764,113.6111,23.533846
河东南路中,河东南路中,河东南路中,BV09376473,113.592618,23.53897
河东市场,河东市场,河东市场,BV11578751,113.591094,23.546102
河东广场,河东广场,河东广场,BV11578757,113.590725,23.548832
河东派出所,河东派出所,河东派出所,BV11578749,113.598241,23.547406
河东社区,河东社区,河东社区,BV10510656,113.183745,23.098279
河东路口,河东路口,河东路口站,BV09314049,113.18593,23.10021
河堤广场,河堤广场,河堤广场,BV10020889,113.587446,23.549534
河塱沙中庄,河塱沙中庄,河塱沙中庄,BV10255870,113.183766,23.207729
河宕东,河宕东,河宕东,BV10252571,113.096716,23.010026
河村,河村,河村,BV10015058,113.330633,23.014656
河村口,河村口,河村口,BV11222141,113.149131,23.163297
河村村口,河村村口,河村村口,BV10947634,113.149979,23.162176
河柳街,河柳街,河柳街,BV10013800,113.230117,23.135358
河沙中路,河沙中路,河沙中路,BV10021076,113.214275,23.141145
河沙中路西,河沙中路西,河沙中路西,CL100007,113.210786,23.140516
河洞,河洞#1,河洞,BV11152733,114.002343,23.886153
河洞,河洞#2,河洞,BV11119681,113.792235,23.44901
河滨公园,河滨公园,河滨公园,BV10019216,113.586486,23.549682
河田社,河田社,河田社,BV11216191,113.702221,23.621035
河田西路,河田西路,河田西路,BV10021196,113.269242,23.166007
河联村,河联村,河联村,BV10471092,113.354661,23.453922
河西大道东,河西大道东,河西大道东,BV10251754,113.165672,23.084732
河西大道中,河西大道中,河西大道中,BV10719648,113.160341,23.084778
河西小学,河西小学,河西小学,BV10251752,113.151313,23.083783
河西市场,河西市场,河西市场,BV10251753,113.157114,23.084633
河西路口,河西路口,河西路口,BV10251765,113.149022,23.086235
沿江东路,沿江东路,沿江东路,BV09408347,113.281834,23.115108
沿江路中,沿江路中,沿江路中站,BV11495654,113.20057,23.1996
沿江路总站,沿江路总,沿江路总站,BV11495655,113.201994,23.190651
沿河路总站,沿河路总,沿河路总站,BV10703777,113.510472,23.072672
泉溪,泉溪,泉溪站,BV11345917,113.224508,23.296265
泌一新村站,泌一新村,泌一新村站,BV10918411,113.185522,23.143824
泌二新村,泌二新村,泌二新村,BV10256199,113.182816,23.136092
泌冲,泌冲,泌冲,BV10390458,113.183592,23.143903
泌冲小学,泌冲小学,泌冲小学,BV10256197,113.183037,23.142197
法政路,法政路,法政路,BV10021794,113.267744,23.134661
法院检察院,法院检察院,法院检察院,BV09105495,113.60244,23.559937
泗沥,泗沥,泗沥,BV11689451,113.148393,23.11175
泮塘,泮塘,泮塘,BV10022283,113.230896,23.125021
泮塘总站,泮塘总,泮塘总站,BV10021910,113.234046,23.122864
泮霞村,泮霞村,泮霞村,BV11632611,113.628083,23.36585
泰宁大街,泰宁大街,泰宁大街,BV10019119,113.278039,23.088129
泰安花园,泰安花园,泰安花园,BV10458383,113.387058,23.132817
泰安花园,泰安花园,泰安花园,BV11445830,113.387006,23.132826
泰山路中,泰山路中,泰山路中,BV09310069,113.230436,23.029579
泰康路,泰康路,泰康路,BV10016115,113.262579,23.120462
泰禾广州院子,泰禾广州院子,泰禾广州院子,BV10020770,113.879512,23.224035
泽德花苑,泽德花苑,泽德花苑,BV11688398,113.23211,23.179851
泽德花苑总站,泽德花苑总,泽德花苑总站,BV11298941,113.234748,23.177866
洋田塘口,洋田塘口,洋田塘口,BV11459346,113.57717,23.326821
洋田村,洋田村,洋田村,BV11459348,113.578056,23.32033
洋田村总站,洋田村总,洋田村总站,BV11522013,113.577713,23.32012
洋田白石岗总站,洋田白石岗总,洋田白石岗总站,BV09220593,113.582744,23.321757
洛三,洛三,洛三,BV11152762,113.660602,23.676928
洛场村,洛场村,洛场村,BV11344941,113.2789,23.438359
洛城中学,洛城中学,洛城中学站,BV10019648,113.300899,23.047166
洛平路,洛平路,洛平路,BV11607758,113.268882,23.439375
洛浦医疗产业园,洛浦医疗产业园,洛浦医疗产业园,BV09101975,113.285263,23.043278
洛浦医院,洛浦医院,洛浦医院,BV11095902,113.270275,23.046405
洛涛南区,洛涛南区,洛涛南区,BV11691194,113.299414,23.043499
洛涛居,洛涛居,洛涛居站,BV11688558,113.297122,23.048878
洛溪,洛溪,洛溪,BV11152713,113.665676,23.677458
洛溪南浦总站,洛溪南浦总,洛溪南浦总站,BV10023117,113.274865,23.048866
洛溪新城,洛溪新城,洛溪新城分站,BV09239308,113.301331,23.04304
洛溪新城,洛溪新城,洛溪新城站,BV11688563,113.300595,23.043511
洛溪新城总站,洛溪新城总,洛溪新城总站,BV10016556,113.299046,23.043814
洛溪桥底,洛溪桥底,洛溪桥底,BV10021404,113.298537,23.060634
洛溪桥脚,洛溪桥脚,洛溪桥脚,BV09005210,113.303944,23.069544
洛溪西一村,洛溪西一村,洛溪西一村,BV11467701,113.270989,23.051165
洞企石路,洞企石路,洞企石路,BV10800909,113.217181,23.102218
洞庭路,洞庭路,洞庭路,BV11518563,113.191585,23.108432
洪奇沥大桥北(南沙交警二中队),洪奇沥大桥北(南沙交警二中队),洪奇沥大桥北站,BV11119877,113.50375,22.703384
洪德路,洪德路,洪德路,BV11688508,113.247056,23.103317
洪德路,洪德路,洪德路1,BV09200956,113.247026,23.103556
洪石坊,洪石坊,洪石坊,BV10886949,113.20809,23.07095
洲仔,洲仔,洲仔,BV10741026,112.934903,23.441193
洲仔围,洲仔围,洲仔围,BV10266879,113.649109,23.103313
洲头咀公园,洲头咀公园,洲头咀公园,BV11154005,113.241381,23.104428
洲村,洲村,洲村,BV11688781,113.194835,23.182298
洲村市场,洲村市场,洲村市场,BV11688776,113.192023,23.186414
活力体育中心,活力体育中心,活力体育中心,BV10255958,113.20375,22.939543
派潭养护站,派潭养护,派潭养护站,BV11468573,113.776981,23.486933
派潭医院,派潭医院,派潭医院,BV11119669,113.773816,23.493349
派潭客运站,派潭客运,派潭客运站,BV11463517,113.775123,23.487604
派潭市场,派潭市场,派潭市场,BV11463518,113.774876,23.488736
派潭敬老院,派潭敬老院,派潭敬老院,BV11357221,113.773384,23.492242
派潭村,派潭村,派潭村,BV10016256,113.786635,23.486437
派潭派出所,派潭派出所,派潭派出所,BV11268942,113.774816,23.495386
流溪半岛总站,流溪半岛总,流溪半岛总站,BV11552750,113.290643,23.321806
流溪河国家森林公园,流溪河国家森林公园,流溪河国家森林公园,BV10808747,113.779628,23.746509
流溪河大桥,流溪河大桥,流溪河大桥,BV11415298,113.583872,23.536603
流潮,流潮,流潮,BV11321046,113.169113,23.194348
流花(南部战区总医院),流花(南部战区总医院),流花(南部战区总医院)站,BV09364517,113.251811,23.144697
流花(南部战区总医院),流花(南部战区总医院),流花,BV09364516,113.251813,23.144639
流花公园,流花公园,流花公园,BV11091378,113.250991,23.13844
流花路,流花路,流花路,BV09379844,113.244808,23.140723
流花路小学,流花路小学,流花路小学,BV09253469,113.242702,23.143668
浔峰山东路,浔峰山东路,浔峰山东路,BV09369459,113.197577,23.169812
浔峰山东路北,浔峰山东路北,浔峰山东路北站,BV10788524,113.201603,23.174851
浔峰山西路中,浔峰山西路中,浔峰山西路中,BV10785202,113.188795,23.162871
浔峰花苑,浔峰花苑,浔峰花苑,BV11269573,113.190505,23.154244
浣花东路,浣花东路,浣花东路,BV11163447,113.240844,23.085902
浣花东路,浣花东路,浣花东路(停东行),BV09355963,113.240048,23.085516
浣花东路,浣花东路,浣花东路(停西行),BV09355964,113.240569,23.085827
浣花路,浣花路,浣花路站,BV10832642,113.225758,23.085815
浦华路西,浦华路西,浦华路西,BV11609818,113.262799,23.035076
浪口,浪口,浪口,BV11151772,113.937537,23.85263
浪拔村,浪拔村,浪拔村,BV11488228,113.909445,23.487599
浪网大道路口,浪网大道路口,浪网大道路口,BV09204118,113.476684,22.627708
浮山大街口,浮山大街口,浮山大街口,BV10018148,113.229653,23.222848
浮沙村,浮沙村,浮沙村,BV10023087,113.324885,22.892627
海中八路,海中八路,海中八路,BV11474162,113.195993,23.061311
海中北路,海中北路,海中北路,BV11474163,113.197978,23.063884
海中小学,海中小学,海中小学,BV11465426,113.197138,23.057052
海中村总站,海中村总,海中村总站,BV10017967,113.195913,23.055853
海中村站,海中村,海中村站,BV09066466,113.196124,23.055669
海中高得,海中高得,海中高得,BV10022255,113.208419,23.047536
海五桂澜路口站,海五桂澜路口,海五桂澜路口站,BV10938477,113.152956,23.057414
海伦堡,海伦堡,海伦堡,BV10023078,113.357232,22.927716
海伦堡创意园,海伦堡创意园,海伦堡创意园,BV09001102,113.335364,22.940963
海伦春天,海伦春天,海伦春天,BV10017831,113.58155,23.180329
海傍小学,海傍小学,海傍小学,BV10020063,113.461484,22.932525
海傍幼儿园,海傍幼儿园,海傍幼儿园,BV10023191,113.463395,22.933191
海傍村,海傍村,海傍村,BV10015998,113.448313,22.943565
海傍桥,海傍桥,海傍桥,BV10020064,113.464003,22.929714
海傍水乡,海傍水乡,海傍水乡,BV10023173,113.456732,22.946345
海傍路,海傍路,海傍路,BV11471469,113.359256,22.934733
海八路龙表路口,海八路龙表路口,海八路龙表路口,BV11412612,113.167321,23.0685
海关联检中心站,海关联检中心,海关联检中心站,BV10015871,113.579451,22.800748
海力花园站,海力花园,海力花园站,BV10015870,113.568838,22.800925
海北中学,海北中学,海北中学,BV10682160,113.18344,23.132376
海北市场,海北市场,海北市场,BV10961652,113.192465,23.076828
海南南丫东,海南南丫东,海南南丫东,BV11316715,113.219583,23.050587
海南南丫村口,海南南丫村口,海南南丫村口,BV11316718,113.220288,23.057341
海南南丫西,海南南丫西,海南南丫西,BV11316712,113.217553,23.052217
海南生北坊,海南生北坊,海南生北坊,BV11316714,113.226184,23.049993
海南连生坊,海南连生坊,海南连生坊,BV11316710,113.22372,23.054597
海印桥南,海印桥南,海印桥南1,BV09245639,113.278386,23.102082
海印桥南,海印桥南,海印桥南,BV11688474,113.28014,23.107333
海印桥南,海印桥南,海印桥南2,BV09413050,113.27843,23.103376
海印桥南,海印桥南,海印桥南(停南行),BV11064479,113.27843,23.103376
海印桥南,海印桥南,海印桥南(停北行),BV11589123,113.28014,23.107333
海印桥总站,海印桥总,海印桥总站,BV10016151,113.282868,23.115492
海口村,海口村,海口村,BV10018020,113.249458,23.224153
海员路,海员路,海员路,BV11688538,113.44182,23.098079
海大集团(化龙大道),海大集团(化龙大道),海大集团(化龙大道),BV09380917,113.449055,23.029795
海大集团总站,海大集团总,海大集团总站,BV09412393,113.445372,23.027751
海安社区,海安社区,海安社区,BV10014596,113.4629,23.101928
海安路站,海安路,海安路站,BV09355195,113.336675,23.126841
海安路西站,海安路西,海安路西站,BV09355196,113.329621,23.127322
海布,海布,海布,BV11168429,113.183213,23.441948
海幢寺,海幢寺,海幢寺,BV10407959,113.25278,23.108823
海幢码头,海幢码头,海幢码头,BV11332160,113.250694,23.109414
海心村,海心村,海心村,BV10019767,113.509425,22.958688
海心沙公园,海心沙公园,海心沙公园,BV10021437,113.320912,23.116336
海心沙码头,海心沙码头,海心沙码头,BV10597814,113.318087,23.113078
海愉苑,海愉苑,海愉苑,BV10493254,113.466469,22.936161
海涌路,海涌路,海涌路,BV10020060,113.449397,22.948777
海涌路口(市莲路),海涌路口(市莲路),海涌路口,BV10020059,113.446927,22.953071
海涌路口(市莲路),海涌路口(市莲路),海涌路口(市莲路),BV09343873,113.448443,22.954034
海港大道站,海港大道,海港大道站,BV10016925,113.666241,22.652018
海港花园,海港花园,海港花园,BV10569365,113.337417,23.101344
海港花园,海港花园,海港花园2,BV09269675,113.337417,23.101344
海滨大厦,海滨大厦,海滨大厦,BV10023289,113.352677,22.932251
海滨路站,海滨路,海滨路站,BV10381624,113.535726,22.812721
海珠中路,海珠中路,海珠中路,BV10016178,113.250977,23.122811
海珠儿童公园,海珠儿童公园,海珠儿童公园,BV10419715,113.299499,23.061894
海珠北路,海珠北路,海珠北路,BV11358743,113.252469,23.129967
海珠区妇幼,海珠区妇幼,海珠区妇幼,BV10016125,113.259561,23.099702
海珠区妇幼,海珠区妇幼,海珠区妇幼1,BV09226104,113.259676,23.099478
海珠南路,海珠南路,海珠南路,BV10016179,113.251445,23.11627
海珠客运站,海珠客运,海珠客运站2,BV11196681,113.294798,23.067316
海珠客运站,海珠客运,海珠客运站,BV10015271,113.295,23.067282
海珠客运站总站,海珠客运站总,海珠客运站总站,BV10013865,113.295496,23.067096
海珠广场(一德东),海珠广场(一德东),海珠广场,BV10018596,113.259328,23.119451
海珠广场(一德东),海珠广场(一德东),海珠广场(一德东),BV11261876,113.258982,23.117387
海珠广场(侨光东),海珠广场(侨光东),海珠广场(侨光东),BV10016153,113.261733,23.116517
海珠广场(侨光西),海珠广场(侨光西),海珠广场(侨光西),BV11261928,113.260062,23.116057
海珠广场总站(侨光西),海珠广场总站(侨光西),海珠广场总站(侨光西),BV11206247,113.259414,23.116754
海珠桥底,海珠桥底,海珠桥底,BV10014582,113.263454,23.114812
海珠桥脚,海珠桥脚,海珠桥脚,BV10022336,113.264441,23.113609
海珠涌大桥北,海珠涌大桥北,海珠涌大桥北,BV11472610,113.242933,23.101039
海珠涌大桥南,海珠涌大桥南,海珠涌大桥南,BV11472611,113.245212,23.096514
海珠湿地公园南门,海珠湿地公园南门,海珠湿地公园南门站,BV11250297,113.323263,23.063955
海珠路,海珠路,海珠路,BV11629800,113.334201,23.036689
海琴湾总站(下渡路),海琴湾总站(下渡路),海琴湾总站(下渡路),BV11200256,113.30272,23.105637
海畔花园,海畔花园,海畔花园,BV10254886,113.121193,23.256931
海联中路,海联中路,海联中路,BV10019505,113.281685,23.104043
海联路,海联路,海联路,BV11582732,113.285601,23.104111
海角红楼,海角红楼,海角红楼,BV09323095,113.218566,23.129576
海角红楼,海角红楼,海角红楼站2分站,BV09246901,113.218461,23.129206
海龙湾总站,海龙湾总,海龙湾总站,BV10019639,113.295126,23.031393
海龙路口,海龙路口,海龙路口,BV09334610,113.175459,23.068773
消防中队站,消防中队,消防中队站,BV10015835,113.564917,22.671074
消防总队,消防总队,消防总队,BV09389929,113.335544,23.149078
涌北大街口,涌北大街口,涌北大街口,BV10570150,113.261408,23.1932
涌口工业区,涌口工业区,涌口工业区,BV10256652,113.05604,22.897179
涌口村,涌口村,涌口村,BV09406661,113.324651,23.028311
涌口村牌坊,涌口村牌坊,涌口村牌坊,BV09406522,113.326021,23.02559
涌边村,涌边村,涌边村,BV10942757,113.32007,22.919614
涛乐街,涛乐街,涛乐街,BV10598766,113.204877,23.17586
润云路中,润云路中,润云路中,BV11297642,113.268921,23.200393
润云路南,润云路南,润云路南,BV11297643,113.267698,23.197677
润云路口,润云路口,润云路口,BV10022092,113.266561,23.196549
润悦花园,润悦花园,润悦花园,BV11413294,113.76469,23.283681
润水埔,润水埔,润水埔,BV09017341,113.497162,23.500515
润江南路中,润江南路中,润江南路中,CL100005,113.280296,23.061296
润江南路总站,润江南路总,润江南路总站,CL100004,113.285016,23.059316
润龙里,润龙里,润龙里,BV11690261,113.236733,23.393789
淘迪公司,淘迪公司,淘迪公司,BV10024219,113.627245,23.311728
淘金东路,淘金东路,淘金东路,BV10509896,113.287409,23.14509
淘金北路,淘金北路,淘金北路,BV10013644,113.282784,23.142228
淘金北路总站,淘金北路总,淘金北路总站,BV10604971,113.282682,23.142176
淘金街,淘金街,淘金街,BV10509894,113.281837,23.143558
淘金路,淘金路,淘金路,BV10509895,113.286055,23.143668
淘金路口,淘金路口,淘金路口,BV10509901,113.282682,23.142176
深井,深井,深井,BV09224685,113.403069,23.070545
深井文塔公园,深井文塔公园,深井文塔公园,BV10021362,113.406136,23.072256
深井码头总站,深井码头总,深井码头总站,BV10497615,113.403466,23.081557
深沙尾,深沙尾,深沙尾,BV10019769,113.507581,22.936745
深沙村,深沙村,深沙村,BV10019768,113.508059,22.944842
深涌工业区,深涌工业区,深涌工业区,BV09298630,113.173542,23.037575
深涌村,深涌村#1,深涌村,BV10252109,113.175609,23.031661
深涌村,深涌村#2,深涌村站,BV11441816,113.698572,23.147796
深湾村站,深湾村,深湾村站,BV10023466,113.574173,22.766029
深航花园,深航花园,深航花园,BV11621688,113.224565,23.403787
清塘地铁站,清塘地铁,清塘地铁站,BV11450391,113.25591,23.372586
清布中学,清布中学,清布中学,BV11346374,113.241764,23.385181
清布卫生站,清布卫生,清布卫生站,BV11559665,113.25471,23.38148
清布墟,清布墟,清布墟站,BV10956571,113.258011,23.383067
清布安置区,清布安置区,清布安置区站,BV11346377,113.255101,23.376904
清布站,清布,清布站,BV11364425,113.260894,23.372871
清布街,清布街,清布街,BV11542195,113.252105,23.379649
清晖园,清晖园,清晖园,BV10252997,113.250534,22.838775
清河中路,清河中路,清河中路,BV09316435,113.364725,22.937177
清河市场,清河市场,清河市场,BV10019793,113.390565,22.93824
清河市场,清河市场,清河市场分站,BV11258727,113.392459,22.938867
清流村,清流村,清流村,BV10019779,113.489942,22.908012
清湖村口,清湖村口,清湖村口2,BV09165291,113.265372,23.258575
清湖村口,清湖村口,清湖村口1,BV09226087,113.264616,23.258351
清湖村口,清湖村口,清湖村口,BV11690766,113.267067,23.258902
清湖村委,清湖村委,清湖村委,BV10640230,113.265508,23.261045
清湖村总站(苏元庄),清湖村总站(苏元庄),清湖村总站,BV11294482,113.277761,23.267607
清湖村总站(苏元庄),清湖村总站(苏元庄),清湖村总站(苏元庄),BV10657808,113.277754,23.267508
清湖牌坊,清湖牌坊,清湖牌坊,BV10021235,113.265932,23.259229
清湖马田街,清湖马田街,清湖马田街,BV10821044,113.267885,23.263527
清音楼,清音楼,清音楼,BV10022872,113.637955,23.640456
渔东路,渔东路,渔东路,BV10014295,113.378746,23.21684
渔中路口,渔中路口,渔中路口,BV09002662,113.372476,23.212398
渔中路站,渔中路,渔中路站,BV10847067,113.377714,23.21335
渔兴路,渔兴路,渔兴路,BV11687879,113.370738,23.209074
渔兴路口,渔兴路口,渔兴路口,BV09343707,113.368486,23.204774
渔北路,渔北路,渔北路,BV10014296,113.372394,23.218668
渔北路中,渔北路中,渔北路中,BV10883025,113.374849,23.21812
渔尾大桥东,渔尾大桥东,渔尾大桥东站,BV10798987,113.223515,23.061647
渔沙坦,渔沙坦,渔沙坦,BV10847070,113.372292,23.215557
渔沙坦(中山村)总站,渔沙坦(中山村)总,渔沙坦(中山村)总站,BV09343729,113.362187,23.218249
渔沙坦(旺岗)总站,渔沙坦(旺岗)总,渔沙坦(旺岗)总站,BV09321327,113.366486,23.220021
渔沙坦(渔东路)总站,渔沙坦(渔东路)总,渔沙坦(渔东路)总站,BV09254008,113.381682,23.219779
渔沙坦(渔中路)总站,渔沙坦(渔中路)总,渔沙坦(渔中路)总站,BV09404923,113.374838,23.213363
渔沙坦总站(旺岗),渔沙坦总站(旺岗),渔沙坦总站(旺岗),BV10424814,113.366318,23.220165
渔沙坦总站(渔东路),渔沙坦总站(渔东路),渔沙坦总站(渔东路),BV10389049,113.381763,23.219617
渔沙坦总站(渔中路),渔沙坦总站(渔中路),渔沙坦总站(渔中路),BV10014298,113.374838,23.213363
温南路口,温南路口,温南路口,BV10262369,113.773489,23.048812
温塘肚,温塘肚,温塘肚,BV10775406,113.842998,23.773925
温屋社,温屋社,温屋社,BV11267014,113.670325,23.213224
温山吓村,温山吓村,温山吓村,BV09259266,113.827001,23.355616
温泉交警中队,温泉交警中队,温泉交警中队,BV11632935,113.651713,23.63297
温泉农贸市场,温泉农贸市场,温泉农贸市场,BV11297666,113.652469,23.643814
温泉宾馆,温泉宾馆,温泉宾馆,BV11503826,113.649013,23.650062
温泉明月山溪,温泉明月山溪,温泉明月山溪,BV11115193,113.630869,23.628951
温泉明月山溪总站,温泉明月山溪总,温泉明月山溪总站,BV10022876,113.631547,23.629038
温泉牌坊,温泉牌坊,温泉牌坊,BV09310083,113.65247,23.643813
温泉西路,温泉西路,温泉西路,BV10022871,113.642036,23.644192
温泉镇政府,温泉镇政府,温泉镇政府,BV10022861,113.627745,23.618377
港前路(电厂东路口),港前路(电厂东路口),港前路(电厂东路口),BV09294159,113.498934,23.081342
港前路东,港前路东,港前路东,BV09223986,113.506645,23.075996
港前路口,港前路口,港前路口,BV09166060,113.503055,23.077581
港务局管理所站,港务局管理所,港务局管理所站,BV11482389,113.562056,22.815064
港口大道中,港口大道中,港口大道中,BV10014160,113.599302,23.122063
港口大道南,港口大道南,港口大道南,BV09387098,113.599431,23.114602
港头,港头,港头站,BV11497172,113.390056,23.427437
港湾一村,港湾一村,港湾一村,BV10017070,113.440476,23.102461
港湾市场,港湾市场,港湾市场,BV10013818,113.439312,23.108692
港湾路口,港湾路口,港湾路口,BV11690302,113.440981,23.107353
湖东西社村,湖东西社村,湖东西社村,BV10561097,113.677896,23.209119
湖天货运站,湖天货运,湖天货运站,BV10013775,113.221755,23.192301
湖山国际公交总站,湖山国际公交总,湖山国际公交总站,BV11260736,113.557028,23.134205
湖景湾北门,湖景湾北门,湖景湾北门,BV10253103,112.997356,23.121394
湖洲,湖洲,湖洲,BV11688698,113.166613,23.138557
湖滨南路,湖滨南路,湖滨南路,BV09349636,113.219307,23.225725
湛翠综合市场,湛翠综合市场,湛翠综合市场,BV10262627,113.692539,23.10509
湴塘,湴塘,湴塘,BV11115209,113.727225,23.623555
湴汾村,湴汾村,湴汾村,BV10016259,113.819632,23.466708
湴湄村口站,湴湄村口,湴湄村口站,BV11176036,113.33799,22.86523
湴湄村委站,湴湄村委,湴湄村委站,BV09232734,113.31707,22.864676
湴湄村站,湴湄村,湴湄村站,BV09178574,113.33799,22.86523
湴湖,湴湖,湴湖,BV11388326,113.453782,23.409076
湴湖卫生站,湴湖卫生,湴湖卫生站,BV11522308,113.451475,23.41167
湴湖村委,湴湖村委,湴湖村委,BV11522309,113.454627,23.421634
湴湖黑叶园,湴湖黑叶园,湴湖黑叶园,BV11522304,113.451235,23.420766
湾扶,湾扶,湾扶,BV11596291,113.394362,23.680133
湾谷新村,湾谷新村,湾谷新村,BV10024308,113.656986,23.204297
源和村,源和村,源和村,BV10471819,113.273851,23.498715
源和村西,源和村西,源和村西,BV10471816,113.268274,23.497623
源湖村,源湖村,源湖村,BV11115190,113.654936,23.618316
源湖村五社,源湖村五社,源湖村五社,BV11351405,113.658698,23.61889
源祥路,源祥路,源祥路,BV09070823,113.492509,23.158886
溢盈广场,溢盈广场,溢盈广场,BV09293648,113.186033,23.432382
溪东村,溪东村,溪东村,BV11119628,113.791651,23.510058
溪东桥,溪东桥,溪东桥,BV11315197,113.786125,23.508011
溪头,溪头,溪头,BV11488684,113.857607,23.719502
溪头村,溪头村,溪头村,BV10024266,113.847606,23.183365
溶洲路口,溶洲路口,溶洲路口,BV10251512,113.058286,22.986509
滘口地铁站,滘口地铁,滘口地铁站,BV11215348,113.202923,23.116864
滘口客运站,滘口客运,滘口客运站,BV11682066,113.202773,23.115382
滘口客运站总站,滘口客运站总,滘口客运站总站,BV10014057,113.203087,23.115931
滘口汽车站总站,滘口汽车站总,滘口汽车站总站,BV11587892,113.202215,23.116299
滘心东路,滘心东路,滘心东路,BV09368078,113.222312,23.238843
滘心大道,滘心大道,滘心大道,BV11601154,113.213885,23.233394
滘心小学,滘心小学,滘心小学,BV11413328,113.219529,23.23915
滘心工业区,滘心工业区,滘心工业区,BV11481133,113.213038,23.228065
滘心市场,滘心市场,滘心市场,BV11645311,113.217551,23.237961
滘心村,滘心村,滘心村,BV11363020,113.21276,23.24296
滘心村(滘心路口),滘心村(滘心路口),滘心村(滘心路口),BV11463658,113.216074,23.244078
滘心村口,滘心村口,滘心村口,BV11481126,113.211662,23.230367
滘心村总站,滘心村总,滘心村总站,BV10013686,113.220413,23.237979
滘心路口,滘心路口,滘心路口,BV11601155,113.21805,23.234834
滨江东路,滨江东路,滨江东路,BV10018259,113.282736,23.109521
滨江东路总站,滨江东路总,滨江东路总站,BV10016328,113.305595,23.10522
滨江左岸,滨江左岸,滨江左岸,BV11571403,113.55694,23.00719
滨江绿园,滨江绿园,滨江绿园,BV10633547,113.31807,23.029428
滨江西路,滨江西路,滨江西路,BV11332159,113.246912,23.107999
滨江西路(洲咀大街),滨江西路(洲咀大街),滨江西路(洲咀大街),BV10019552,113.243237,23.106493
滨河路,滨河路,滨河路,BV10022130,113.518141,23.070533
滨河路西,滨河路西,滨河路西,BV09344818,113.513332,23.070872
滨海公园,滨海公园,滨海公园站,BV11583740,113.609387,22.750216
滨海半岛站,滨海半岛,滨海半岛站,BV10015900,113.526552,22.787796
滨海实验学校(南校区)站,滨海实验学校(南校区),滨海实验学校(南校区)站,BV09061523,113.508968,22.792062
滨海水晶湾站,滨海水晶湾,滨海水晶湾站,BV10015898,113.528607,22.780143
滨海珺城站,滨海珺城,滨海珺城站,BV11173724,113.53181,22.781349
滨海绿道站,滨海绿道,滨海绿道站,BV09076012,113.586739,22.743473
滨海花园,滨海花园#1,滨海花园站,BV10323105,113.526102,22.784964
滨海花园,滨海花园#2,滨海花园,BV09142974,113.823047,23.282834
滨海路站,滨海路,滨海路站,BV11420062,113.586834,22.743599
滴水岩森林公园总站,滴水岩森林公园总,滴水岩森林公园总站,BV10527809,113.320447,22.907063
演艺中心北门,演艺中心北门,演艺中心北门站,BV10847061,113.478392,23.181283
演艺中心南门,演艺中心南门,演艺中心南门,BV09385693,113.478911,23.177745
漳澎村,漳澎村,漳澎村,BV10266876,113.563526,23.008152
漳澎村委,漳澎村委,漳澎村委,BV10494260,113.560797,23.010132
潘屋,潘屋#1,潘屋,BV10018173,113.547141,23.277666
潘屋,潘屋#2,潘屋,BV11159078,113.96395,23.764362
潘屋社(临时站),潘屋社(临时站),潘屋社(临时站),BV09285361,113.798378,23.47336
潢涌体育馆,潢涌体育馆,潢涌体育馆,BV10266623,113.729749,23.127256
潢涌公寓,潢涌公寓,潢涌公寓,BV10645086,113.736912,23.128891
潢涌商业城,潢涌商业城,潢涌商业城,BV10266270,113.721958,23.123989
潢涌路口,潢涌路口,潢涌路口,BV10262821,113.666519,23.097138
潭口,潭口,潭口,BV10018738,113.498011,23.6574
潭山中学站,潭山中学,潭山中学站,BV10405460,113.377128,22.788873
潭山小学,潭山小学,潭山小学,BV09107454,113.387763,22.786357
潭山村,潭山村,潭山村,BV10023062,113.456499,22.999953
潭村,潭村,潭村,BV11578756,113.613634,23.532481
潭村总站,潭村总,潭村总站,BV10624675,113.224649,23.193717
潭洲市场,潭洲市场,潭洲市场站,BV09302206,113.381889,22.788204
潭洲车站,潭洲车,潭洲车站,BV10014942,113.382571,22.785574
潮汕学院,潮汕学院,潮汕学院,BV09026885,113.425645,23.137996
潮田工业区,潮田工业区,潮田工业区,BV10023437,113.472928,22.968174
澳洲山庄,澳洲山庄,澳洲山庄站,BV10021977,113.521374,23.255027
濂泉路口,濂泉路口,濂泉路口,BV11688393,113.301512,23.158521
濂泉路口,濂泉路口,濂泉路口2,BV09412828,113.301512,23.158521
濂泉路口,濂泉路口,濂泉路口1,BV09318948,113.302461,23.158875
濠涌风情街站,濠涌风情街,濠涌风情街站,BV10018452,113.458958,22.884175
濠迳村,濠迳村,濠迳村,BV11632032,113.620854,23.387308
瀛洲生态公园,瀛洲生态公园,瀛洲生态公园,BV09273926,113.354201,23.058641
瀛洲生态公园总站,瀛洲生态公园总,瀛洲生态公园总站,BV10022466,113.355118,23.058645
瀛洲路,瀛洲路,瀛洲路,BV10018556,113.348689,23.050406
瀛洲路口,瀛洲路口,瀛洲路口,BV10018557,113.344754,23.049109
灌村中学,灌村中学,灌村中学,BV11115207,113.683029,23.580395
灌村围,灌村围,灌村围,BV11064119,113.648169,23.580898
灌村墟,灌村墟,灌村墟,BV11198736,113.706762,23.583931
灌村文化广场,灌村文化广场,灌村文化广场,BV11625940,113.708895,23.582329
灌村路口,灌村路口,灌村路口,BV11625941,113.615076,23.562675
火村(法雨寺),火村(法雨寺),火村,BV11691182,113.495506,23.156989
火村(法雨寺),火村(法雨寺),火村(法雨寺),BV09355194,113.494242,23.155818
火村东,火村东,火村东,BV10021347,113.500933,23.149909
火村东总站,火村东总,火村东总站,BV10014162,113.501037,23.150151
火村路口,火村路口,火村路口,BV09006108,113.499047,23.143196
火炬职院,火炬职院,火炬职院,BV10258641,113.454281,22.554684
火炬路,火炬路,火炬路,BV11470272,113.206748,22.942557
火炬路(雅居乐),火炬路(雅居乐),火炬路(雅居乐),BV10977849,113.203937,22.939804
火炼树,火炼树,火炼树,BV10262335,113.76155,23.010239
火车站(福宁路),火车站(福宁路),火车站(福宁路),BV10701154,113.200517,23.378638
火车站综合体,火车站综合体,火车站综合体,BV11690283,112.441614,23.081838
灯布社,灯布社,灯布社,BV10018155,113.576581,23.298073
灯湖东路中,灯湖东路中,灯湖东路中,BV10998048,113.143166,23.056986
灯湖西路南,灯湖西路南,灯湖西路南,BV11175926,113.14007,23.052914
灵兴工业园,灵兴工业园,灵兴工业园,BV10023105,113.477782,22.984102
灵山东路,灵山东路,灵山东路,BV11170265,113.421475,23.130203
灵山东路西,灵山东路西,灵山东路西,BV11170264,113.418115,23.129656
灵山医院站,灵山医院,灵山医院站,BV10014984,113.413525,22.81173
灵山墟,灵山墟,灵山墟,BV11119627,113.821398,23.533644
灵山岛,灵山岛,灵山岛站,BV11602676,113.505537,22.771144
灵山岛便民分中心,灵山岛便民分中心,灵山岛便民分中心站,BV09302147,113.515331,22.771999
灵山岛儿童公园,灵山岛儿童公园,灵山岛儿童公园,BV09302146,113.502666,22.777608
灵山市场站,灵山市场,灵山市场站,BV10014932,113.407289,22.810931
灵山成校站,灵山成校,灵山成校站,BV10014930,113.40664,22.814745
灵山村站,灵山村,灵山村站,BV10014929,113.404989,22.815712
灵山路口北站,灵山路口北,灵山路口北站,BV10014931,113.408421,22.813406
灵山路口南站,灵山路口南,灵山路口南站,BV10014983,113.409479,22.812603
灵岗二桥站,灵岗二桥,灵岗二桥站,BV10014925,113.392379,22.817551
炭步,炭步,炭步,BV10703910,113.102303,23.333918
炭步中学,炭步中学,炭步中学,BV11602524,113.102709,23.336376
炭步二中,炭步二中,炭步二中,BV11692320,113.102652,23.329705
炭步交管所,炭步交管所,炭步交管所,BV10777193,113.100864,23.338242
炭步大桥北,炭步大桥北,炭步大桥北,BV09305915,113.109253,23.350823
炭步大桥南,炭步大桥南,炭步大桥南,BV09191887,113.104918,23.337746
炭步市场,炭步市场,炭步市场站,BV10776830,113.101255,23.336203
炭步总站,炭步总,炭步总站,BV10442979,113.102023,23.339869
炭步镇二小,炭步镇二小,炭步镇二小,BV09275562,113.099179,23.334508
烈士陵园,烈士陵园,烈士陵园,BV10013934,113.28023,23.129303
烨辉站,烨辉,烨辉站,BV10329392,113.366741,22.815395
热橙花园,热橙花园,热橙花园,BV11006955,113.271682,23.445155
热水,热水,热水,BV10875905,113.702532,23.69175
燕塘企业,燕塘企业,燕塘企业,BV09002629,113.323213,23.163201
燕塘企业,燕塘企业,燕塘企业3,BV09341157,113.323649,23.163481
燕塘企业,燕塘企业,燕塘企业站(停南行),BV09282019,113.322424,23.162827
燕塘企业,燕塘企业,燕塘企业站(停北行),BV09282018,113.323213,23.163201
燕塘村,燕塘村,燕塘村,BV10017612,113.492953,23.345061
燕子岗,燕子岗,燕子岗,BV10016108,113.272424,23.080359
燕岗桥,燕岗桥,燕岗桥,BV11619429,113.65837,23.280525
燕岭大厦,燕岭大厦,燕岭大厦,BV11519168,113.321948,23.16058
燕翔路,燕翔路,燕翔路,BV10019555,113.269175,23.082586
爱民路口,爱民路口,爱民路口,BV11419559,113.156245,23.415651
爱群大厦,爱群大厦,爱群大厦,BV10607944,113.251464,23.112351
爱群村委,爱群村委,爱群村委,BV11596286,113.352065,23.648215
爱莲村,爱莲村,爱莲村,BV10023061,113.460775,23.005934
牛仔城,牛仔城,牛仔城,BV10464418,113.627579,23.123669
牛仔谷,牛仔谷,牛仔谷,BV10975769,113.640204,23.122989
牛利岗南街,牛利岗南街,牛利岗南街,BV10019131,113.318597,23.170099
牛古潭,牛古潭,牛古潭,BV11597984,113.534794,23.403226
牛心岭总站,牛心岭总,牛心岭总站,BV11352970,113.457898,23.457327
牛步迳,牛步迳,牛步迳,BV10022863,113.639423,23.624624
牛牯潭牌坊,牛牯潭牌坊,牛牯潭牌坊,BV09068162,113.398189,23.275418
牛眠,牛眠,牛眠,BV10808754,113.726864,23.7184
牛角村,牛角村,牛角村,BV10020149,113.33839,22.868796
牛角桥北,牛角桥北,牛角桥北,BV11687850,113.339303,22.872837
牛路,牛路,牛路,BV11152757,113.722885,23.740557
牛轭洞,牛轭洞,牛轭洞,BV11152939,113.68463,23.738799
物流园,物流园,物流园,BV10015426,113.693172,23.180834
物流基地三期,物流基地三期,物流基地三期,BV09088845,113.674771,22.623451
物流基地二期站,物流基地二期,物流基地二期站,BV10415951,113.672933,22.631271
犀牛角村总站,犀牛角村总,犀牛角村总站,BV10382244,113.333836,23.197036
犀牛路口,犀牛路口,犀牛路口,BV10013737,113.292434,23.134641
独树岗,独树岗,独树岗,BV09384447,112.942177,23.347563
独树岗市场,独树岗市场,独树岗市场,BV10891974,112.947164,23.364013
独树岗牌坊,独树岗牌坊,独树岗牌坊,BV10892056,112.942796,23.347381
狮地村,狮地村,狮地村,BV10555843,113.533395,23.376337
狮城国际(合和路),狮城国际(合和路),狮城国际(合和路),BV11592996,113.18152,23.446878
狮山大学城总站,狮山大学城总,狮山大学城总站,BV10338819,113.024346,23.163496
狮山派出所松岗警务区,狮山派出所松岗警务区,狮山派出所松岗警务区,BV10450602,113.095599,23.148883
狮山海逸桃源花园,狮山海逸桃源花园,狮山海逸桃源花园,BV11402526,113.064813,23.160792
狮山石门高级中学,狮山石门高级中学,狮山石门高级中学,BV11688707,112.999774,23.126509
狮山高级中学,狮山高级中学,狮山高级中学,BV10791685,112.980181,23.105722
狮山高速路口,狮山高速路口,狮山高速路口,BV10252456,113.010482,23.129719
狮岭利和路,狮岭利和路,狮岭利和路,BV11466588,113.140076,23.464382
狮岭前进村卫生站,狮岭前进村卫生,狮岭前进村卫生站,BV11450305,113.141935,23.468387
狮岭大道中,狮岭大道中,狮岭大道中,BV09310134,113.18343,23.44597
狮岭大道西,狮岭大道西,狮岭大道西,BV11637750,113.17202,23.455406
狮岭工商学院,狮岭工商学院,狮岭工商学院,BV11284654,113.177349,23.443819
狮岭汽车站,狮岭汽车,狮岭汽车站,BV10015488,113.145732,23.462114
狮岭汽车站总站,狮岭汽车站总,狮岭汽车站总站,BV11306579,113.145902,23.462149
狮岭龙头市场,狮岭龙头市场,狮岭龙头市场,BV11552456,113.168657,23.460539
狮峰中学,狮峰中学,狮峰中学,BV10023910,113.157253,23.464267
狮民村总站,狮民村总,狮民村总站,BV11382870,113.309679,23.516075
狮诚医院站,狮诚医院,狮诚医院站,BV10435235,113.170038,23.464494
狮象村委,狮象村委,狮象村委,BV11116061,113.907877,23.806964
猎德,猎德,猎德,BV10014668,113.326457,23.12123
猎德东,猎德东,猎德东,BV10018242,113.326362,23.120977
猎德大道北,猎德大道北,猎德大道北站,BV11688556,113.328124,23.126043
猎德大道北,猎德大道北,猎德大道北2,BV09413161,113.327967,23.125901
猎德污水处理厂,猎德污水处理厂,猎德污水处理厂,BV10021901,113.343929,23.113677
猛涌,猛涌,猛涌站,BV11687884,113.301451,23.00817
猛涌村,猛涌村,猛涌村,BV10023210,113.301084,23.016152
猪肠桥,猪肠桥,猪肠桥,BV11334794,113.856894,23.71562
猿啼岭,猿啼岭,猿啼岭,BV11115222,113.715165,23.625006
玉兰路,玉兰路,玉兰路,BV10022495,113.239355,23.057836
玉兰路(喜乐路口),玉兰路(喜乐路口),玉兰路(喜乐路口),BV09232377,113.239382,23.05502
玉兰路中,玉兰路中,玉兰路中,BV11206914,113.238201,23.050043
玉兰路南,玉兰路南,玉兰路南,BV11203937,113.236873,23.04788
玉岩路中,玉岩路中,玉岩路中,BV11680106,113.523246,23.178357
玉岩路南,玉岩路南,玉岩路南站,BV11688058,113.528009,23.170741
玉德堂站,玉德堂,玉德堂站,BV10018626,113.569816,22.761271
玉枕村,玉枕村,玉枕村,BV11578765,113.705867,23.492783
玉树大街口,玉树大街口,玉树大街口,BV10976451,113.430756,23.155354
玉树新村,玉树新村,玉树新村站,BV11412816,113.432524,23.158529
玉树新村口,玉树新村口,玉树新村口,BV11504664,113.429172,23.162172
玉树新村总站,玉树新村总,玉树新村总站,BV10021353,113.429308,23.159239
玉树新村路口,玉树新村路口,玉树新村路口站,BV10885198,113.43036,23.156607
玉虚宫,玉虚宫,玉虚宫,BV09242698,113.328294,23.310447
玉麟一路,玉麟一路,玉麟一路,BV09391396,113.552394,23.297914
王园路,王园路,王园路,BV11488991,113.404007,23.124333
王圣堂,王圣堂,王圣堂,BV11472520,113.245677,23.156903
王圣堂牌坊,王圣堂牌坊,王圣堂牌坊,BV10018350,113.244058,23.152733
王子山公园总站,王子山公园总,王子山公园总站,BV09217837,113.218306,23.584979
王洞社,王洞社,王洞社,BV11359395,113.713183,23.562748
王洲湾1号东,王洲湾1号东,王洲湾1号东,BV09091895,113.761931,23.083896
玖龙宿舍,玖龙宿舍,玖龙宿舍,BV11623539,113.541249,23.06542
玖龙宿舍1站,玖龙宿舍1,玖龙宿舍1站,BV10494259,113.541984,23.066193
玖龙宿舍2站,玖龙宿舍2,玖龙宿舍2站,BV10494258,113.543356,23.06782
玖龙纸厂,玖龙纸厂,玖龙纸厂,BV11328080,113.538004,23.032023
玫瑰园,玫瑰园,玫瑰园,BV11371472,113.066086,23.16847
环亚工业园,环亚工业园,环亚工业园,BV10020879,113.540263,23.495756
环城东路南,环城东路南,环城东路南,BV10019937,113.366403,22.934724
环城小学,环城小学,环城小学,BV10253208,113.251866,22.842818
环城西路,环城西路,环城西路,BV10896447,113.354602,22.941225
环城路北段入口,环城路北段入口,环城路北段入口,BV11673829,113.679369,23.077314
环宇城,环宇城,环宇城站,BV09397453,113.516148,22.792738
环山新村,环山新村,环山新村,BV11692318,113.091369,23.30635
环山村,环山村,环山村,BV11692327,113.089598,23.301672
环岛南路东(科睿路口),环岛南路东(科睿路口),环岛南路东(科睿路口),BV09311533,113.245755,23.019879
环岛南路中,环岛南路中,环岛南路中,BV11508521,113.23779,23.019805
环岛南路路口,环岛南路路口,环岛南路路口,BV11251692,113.240934,23.021314
环市东南国路口,环市东南国路口,环市东南国路口,BV10254064,113.259476,22.828323
环市中路口,环市中路口,环市中路口,BV10019090,113.272024,23.142481
环市大道北站,环市大道北,环市大道北站,BV10382224,113.556636,22.820572
环市西路(广园西路口),环市西路(广园西路口),环市西路(广园西路口),BV09061507,113.244705,23.14945
环村北路中,环村北路中,环村北路中,BV11075004,113.267389,23.256405
环村北路北,环村北路北,环村北路北,BV11055794,113.263581,23.257403
环村北路南,环村北路南,环村北路南,BV11365713,113.269139,23.256381
环村南路,环村南路,环村南路,BV11367180,113.366653,23.076021
环洲三路,环洲三路,环洲三路,BV10713664,113.199037,23.157274
环洲三路东,环洲三路东,环洲三路东,BV10019530,113.20766,23.162175
环洲三路西,环洲三路西,环洲三路西,BV11691999,113.197691,23.148384
环洲二路(沙凤一路口),环洲二路(沙凤一路口),环洲二路(沙凤一路口),BV11271517,113.203079,23.150482
环洲二路(沙凤一路口),环洲二路(沙凤一路口),环洲二路,BV11334508,113.20307,23.148876
环洲二路东,环洲二路东,环洲二路东,BV11541072,113.206451,23.157405
环洲二路北,环洲二路北,环洲二路北,BV10013906,113.203298,23.153635
环洲四路,环洲四路,环洲四路,BV10658332,113.194816,23.156794
环湖路,环湖路,环湖路,BV11363039,113.211104,23.37449
环滘,环滘,环滘,BV10018021,113.247608,23.218546
环滘工业区,环滘工业区,环滘工业区,BV10018022,113.245412,23.212316
环滘旧桥头,环滘旧桥头,环滘旧桥头,BV10021857,113.245917,23.218856
环滘村总站,环滘村总,环滘村总站,BV10596300,113.244744,23.219254
环滘村路口,环滘村路口,环滘村路口,BV10021854,113.247409,23.218347
环翠南路,环翠南路,环翠南路,BV09232379,113.246611,23.05358
环镇东路,环镇东路,环镇东路,BV10591468,113.217796,23.279792
环镇北路,环镇北路,环镇北路,BV10923620,113.174759,23.091751
环镇西路,环镇西路,环镇西路,BV11395877,113.212362,23.278986
环镇路口,环镇路口,环镇路口,BV11484177,113.216688,23.278643
现龙街,现龙街,现龙街,BV11258821,113.414039,23.372558
玲洲,玲洲,玲洲站,BV11487751,113.453235,23.659987
玲洲总站,玲洲总,玲洲总站,BV10387111,113.449595,23.655865
玻璃厂,玻璃厂,玻璃厂,BV10509690,113.092617,23.422482
珀丽酒店,珀丽酒店,珀丽酒店,BV10901918,113.270822,23.093183
珊景步行街(和乐路),珊景步行街(和乐路),珊景步行街(和乐路),BV11480662,113.355274,23.294836
珊景步行街(和乐路),珊景步行街(和乐路),珊景步行街,BV09289835,113.355274,23.294836
珊瑚,珊瑚,珊瑚,BV11645794,112.956882,23.43783
珊瑚村委,珊瑚村委,珊瑚村委,BV11399881,113.452056,23.694184
珊瑚村委总站,珊瑚村委总,珊瑚村委总站,BV11491321,113.452086,23.694227
珊瑚里村站,珊瑚里村,珊瑚里村站,BV10532309,112.961503,23.440401
珑翠花园,珑翠花园,珑翠花园,BV10573515,113.306253,22.996493
珑耀华府,珑耀华府,珑耀华府,BV11225700,113.166207,23.08639
珠光御景站,珠光御景,珠光御景站,BV10015862,113.540975,22.801062
珠光路,珠光路,珠光路,BV10021759,113.265313,23.120385
珠光路总站,珠光路总,珠光路总站,BV10022678,113.267116,23.121599
珠吉公路,珠吉公路,珠吉公路,BV11689171,113.421786,23.122894
珠吉街,珠吉街,珠吉街,BV11192091,113.420243,23.12241
珠吉路北,珠吉路北,珠吉路北,BV11452730,113.431281,23.144804
珠吉路口,珠吉路口,珠吉路口,BV10014556,113.421553,23.117665
珠宝产业园,珠宝产业园,珠宝产业园,BV10019843,113.326546,22.92301
珠宝城,珠宝城,珠宝城,BV10019572,113.161048,23.399351
珠宝小镇总站,珠宝小镇总,珠宝小镇总站,BV11519910,113.157376,23.40337
珠岛花园,珠岛花园,珠岛花园,BV10803702,113.219618,23.132704
珠岛花园公交场,珠岛花园公交场,珠岛花园公交场,BV10019125,113.220565,23.135495
珠岛花园总站,珠岛花园总,珠岛花园总站,BV10016165,113.220548,23.135429
珠影(地铁客村站),珠影(地铁客村站),珠影,BV10013679,113.315007,23.098847
珠影(地铁客村站),珠影(地铁客村站),珠影(地铁客村站)1,BV09316964,113.314969,23.098753
珠村,珠村,珠村,BV10014557,113.413486,23.119927
珠村,珠村,珠村,BV11502696,113.412337,23.120842
珠村七夕广场,珠村七夕广场,珠村七夕广场,BV11192090,113.420242,23.120911
珠村小学,珠村小学,珠村小学,BV10014555,113.421755,23.120687
珠村总站,珠村总,珠村总站,BV10016497,113.412521,23.12076
珠村路,珠村路,珠村路站,BV09404892,113.411424,23.12278
珠江一路站,珠江一路,珠江一路站,BV10651483,113.541734,22.706214
珠江万科城,珠江万科城,珠江万科城,BV11671374,113.542101,23.055385
珠江东岸站,珠江东岸,珠江东岸站,BV11367773,113.588709,23.02916
珠江东路站,珠江东路,珠江东路站,BV11410733,113.593127,22.75499
珠江中学,珠江中学,珠江中学站,BV09099105,113.54487,22.708202
珠江中路站,珠江中路,珠江中路站,BV10015849,113.574624,22.750458
珠江公园南门,珠江公园南门,珠江公园南门,BV10014667,113.330102,23.120918
珠江创业中心,珠江创业中心,珠江创业中心,BV09026299,113.602963,23.150593
珠江医院,珠江医院,珠江医院,BV10681380,113.262622,23.081562
珠江医院总站,珠江医院总,珠江医院总站2,BV09245917,113.265677,23.084172
珠江医院总站,珠江医院总,珠江医院总站,BV10021721,113.265979,23.084072
珠江南景园总站,珠江南景园总,珠江南景园总站,BV10019609,113.269172,23.082993
珠江嘉苑总站,珠江嘉苑总,珠江嘉苑总站,BV11462296,113.383643,23.159518
珠江学院,珠江学院,珠江学院,BV10020438,113.573133,23.516666
珠江学院(东北门),珠江学院(东北门),珠江学院(东北门),BV09149784,113.579069,23.516455
珠江宾馆,珠江宾馆,珠江宾馆,BV10019124,113.303084,23.122316
珠江帝景苑总站,珠江帝景苑总,珠江帝景苑总站,BV10016336,113.320314,23.106577
珠江广场,珠江广场,珠江广场,BV09241994,113.305171,23.104951
珠江新城总站,珠江新城总,珠江新城总站,BV10014644,113.335399,23.118855
珠江村,珠江村,珠江村,BV10018093,113.435937,23.10302
珠江村,珠江村,珠江村,BV11386251,113.43781,23.102931
珠江村镇银行,珠江村镇银行,珠江村镇银行,BV10889438,112.896611,23.179113
珠江桥脚,珠江桥脚,珠江桥脚,BV10866614,113.224904,23.130184
珠江泳场,珠江泳场,珠江泳场,BV09006391,113.288104,23.106058
珠江泳场总站,珠江泳场总,珠江泳场总站,BV10021858,113.282735,23.108526
珠江湾站,珠江湾,珠江湾站,BV10514845,113.579141,22.746151
珠江源昌花园,珠江源昌花园,珠江源昌花园,BV11343212,113.521326,22.723176
珠江灯光高新科技园,珠江灯光高新科技园,珠江灯光高新科技园,BV10338279,113.397949,23.008579
珠江电厂站,珠江电厂,珠江电厂站,BV10016461,113.562973,22.811383
珠江花园,珠江花园,珠江花园,BV10019646,113.338823,23.036478
珠江花城总站,珠江花城总,珠江花城总站,BV11620082,113.437274,23.133332
珠江街(灵新大道),珠江街(灵新大道),珠江街(灵新大道),BV11694276,113.541073,22.703356
珠江街(灵新大道),珠江街(灵新大道),珠江街站,BV10015799,113.541674,22.703084
珠江街(珠江二路),珠江街(珠江二路),珠江街(珠江二路)站,BV10945933,113.541286,22.704426
珠江街卫生服务中心,珠江街卫生服务中心,珠江街卫生服务中心,BV09353781,113.531087,22.706625
珠江街政务中心站,珠江街政务中心,珠江街政务中心站,BV11689815,113.533869,22.704079
珠江西一路,珠江西一路,珠江西一路站,BV10015880,113.536985,22.701197
珠江钢琴,珠江钢琴,珠江钢琴,BV09221614,113.618558,23.175933
珠湖村,珠湖村,珠湖村,BV10023798,113.325239,23.473797
珠电路中,珠电路中,珠电路中,BV09412091,113.555338,22.804384
珠电路口站,珠电路口,珠电路口站,BV11689812,113.564703,22.81201
班岭村,班岭村,班岭村,BV10847169,113.449692,23.197465
班岭村口,班岭村口,班岭村口,BV10847182,113.452616,23.201315
琶洲,琶洲,琶洲,BV11688440,113.362007,23.101105
琶洲保利总站,琶洲保利总,琶洲保利总站,BV11114822,113.359714,23.098043
琶洲塔,琶洲塔,琶洲塔,BV09112241,113.372404,23.100434
琶洲塔公交总站,琶洲塔公交总,琶洲塔公交总站,BV11609610,113.371144,23.09802
琶洲塔公园,琶洲塔公园,琶洲塔公园,BV10965117,113.368498,23.105564
琶洲大桥北,琶洲大桥北,琶洲大桥北,BV11688358,113.368996,23.118849
琶洲大桥北总站,琶洲大桥北总,琶洲大桥北总站,BV10580172,113.368804,23.117876
琶洲大桥南,琶洲大桥南,琶洲大桥南,BV10013858,113.363821,23.101015
琶洲大桥南,琶洲大桥南,琶洲大桥南2,BV09345099,113.365048,23.100698
琶洲大桥底,琶洲大桥底,琶洲大桥底,BV10022497,113.367359,23.11324
琶洲大道东,琶洲大道东,琶洲大道东,BV10021679,113.366712,23.103427
琶洲村,琶洲村,琶洲村,BV09244075,113.373458,23.100608
琶洲石基村总站,琶洲石基村总,琶洲石基村总站,BV10018620,113.384129,23.091226
瑚琏农贸市场,瑚琏农贸市场,瑚琏农贸市场,BV11621263,113.330391,23.270889
瑞东花园,瑞东花园,瑞东花园站,BV11619529,113.460867,23.113007
瑞东花园南门,瑞东花园南门,瑞东花园南门,BV11448843,113.459494,23.111269
瑞东花园总站,瑞东花园总,瑞东花园总站,BV11426724,113.45655,23.112085
瑞东花园西,瑞东花园西,瑞东花园西,BV09081183,113.458856,23.113013
瑞云路,瑞云路,瑞云路,BV11628723,113.176945,23.377491
瑞南新村,瑞南新村,瑞南新村站,BV09006426,113.284844,23.082056
瑞南路,瑞南路,瑞南路,BV10013872,113.289046,23.075828
瑞南路口,瑞南路口,瑞南路口,BV11646759,113.289164,23.075002
瑞发路中,瑞发路中,瑞发路中,BV10021193,113.495969,23.160367
瑞发路南,瑞发路南,瑞发路南,BV10021192,113.493611,23.15885
瑞和路,瑞和路,瑞和路,BV11573823,113.50064,23.155423
瑞和路北,瑞和路北,瑞和路北,BV11691183,113.49587,23.161673
瑞和路北(开泰大道口),瑞和路北(开泰大道口),瑞和路北(开泰大道口),BV11467022,113.494644,23.16488
瑞和路南,瑞和路南,瑞和路南,BV11573826,113.502156,23.153461
瑞和路口,瑞和路口,瑞和路口,BV11467016,113.500648,23.157717
瑞宝乡,瑞宝乡,瑞宝乡,BV10022157,113.281371,23.082437
瑞宝乡总站,瑞宝乡总,瑞宝乡总站,BV10021837,113.280177,23.082205
瑞宝南路,瑞宝南路,瑞宝南路,BV10013873,113.288514,23.078667
瑞宝小学,瑞宝小学,瑞宝小学,BV10013870,113.294662,23.073591
瑞岭华南小学,瑞岭华南小学,瑞岭华南小学,BV09237023,113.063425,23.440598
瑞岭大新站,瑞岭大新,瑞岭大新站,BV11406987,113.062407,23.437093
瑞岭村委站,瑞岭村委,瑞岭村委站,BV11375031,113.066252,23.442668
瑞机手袋厂,瑞机手袋厂,瑞机手袋厂,BV11451065,113.650115,23.345931
瑞祥路,瑞祥路,瑞祥路,BV11304446,113.514434,23.152916
瑞祥路东,瑞祥路东,瑞祥路东,BV11445013,113.519202,23.155912
瑞祥路西,瑞祥路西,瑞祥路西,BV11445040,113.510951,23.150999
瑞边村,瑞边村,瑞边村站,BV11346059,113.23472,23.492029
瑞边村路口,瑞边村路口,瑞边村路口,BV09404841,113.227187,23.493531
瑶华街,瑶华街,瑶华街,BV10015173,113.246831,23.163488
瑶华街口,瑶华街口,瑶华街口,BV10015174,113.247863,23.163727
瑶台,瑶台,瑶台,BV11472522,113.247238,23.157941
瑶台,瑶台,瑶台1,BV09246642,113.250426,23.161006
瑶台,瑶台,瑶台2,BV09226113,113.249933,23.160499
瑶台西街,瑶台西街,瑶台西街,BV11430819,113.245386,23.158286
瑶田村,瑶田村,瑶田村,BV10016083,113.619512,23.130284
瑶田路口,瑶田路口,瑶田路口,BV11401279,113.621374,23.134167
璧珑湾站,璧珑湾,璧珑湾站,BV11294638,113.525313,22.802222
瓜岭村,瓜岭村,瓜岭村,BV10020945,113.656861,23.146444
瓜岭村路口,瓜岭村路口,瓜岭村路口,BV11632897,113.648293,23.147556
瓦窑岗,瓦窑岗,瓦窑岗,BV11115189,113.611114,23.512418
瓦窑社(公里社),瓦窑社(公里社),瓦窑社(公里社),BV11369776,113.488506,23.548429
甘岗村委站,甘岗村委,甘岗村委站,BV10641089,113.324874,22.875233
甘岗村站,甘岗村,甘岗村站,BV10641095,113.329808,22.885418
甘棠村,甘棠村,甘棠村站,BV11131948,113.375962,22.961742
甘泉小学,甘泉小学,甘泉小学,BV11640275,113.633618,23.10989
甘竹山公园,甘竹山公园,甘竹山公园,BV10489405,113.563309,23.203349
甘竹村,甘竹村,甘竹村,BV10013843,113.554105,23.200556
甘竹村口,甘竹村口,甘竹村口,BV11483381,113.554799,23.200821
甘蕉,甘蕉,甘蕉,BV11222142,113.140739,23.172576
生南,生南,生南,BV11316709,113.221836,23.048966
生态小镇,生态小镇,生态小镇,BV11152739,113.724375,23.701811
生水塘,生水塘,生水塘,BV09017012,113.688078,23.58171
生活二区路口,生活二区路口,生活二区路口,BV10252254,113.027393,23.148971
生物产业园人才公寓,生物产业园人才公寓,生物产业园人才公寓,BV09368637,113.550978,23.286082
生物岛叠翠园,生物岛叠翠园,生物岛叠翠园,BV10018641,113.370827,23.069119
生物岛水墨园,生物岛水墨园,生物岛水墨园,BV10456438,113.376526,23.074246
生物研究院,生物研究院,生物研究院站,BV10846988,113.507985,23.161582
田南路,田南路,田南路,BV09130090,113.206297,23.273851
田园路,田园路,田园路,BV11483380,113.548484,23.191321
田园路(新元路口),田园路(新元路口),田园路(新元路口),BV09017656,113.56511,23.184355
田园路中,田园路中,田园路中,BV11187712,113.559907,23.186871
田塘站,田塘,田塘站,BV11631572,113.67574,23.565333
田心,田心#1,田心站,BV10945030,113.334726,23.602932
田心,田心#2,田心,BV11689383,113.974461,23.774857
田心,田心#3,田心站,BV10019267,113.085708,23.453113
田心中心路,田心中心路,田心中心路,BV11493919,113.341615,23.309182
田心围,田心围,田心围,BV09236187,113.555833,23.649297
田心村,田心村#1,田心村,BV09324631,113.415058,23.207725
田心村,田心村#2,田心村,BV11489690,113.561927,23.62116
田心村,田心村#3,田心村,BV11489689,113.669737,23.14159
田心村(农家乐),田心村(农家乐),田心村(农家乐),BV11160698,113.561954,23.621095
田心村委,田心村委,田心村委站,BV11490723,113.340035,23.306412
田心村总站,田心村总,田心村总站,BV10323063,113.34282,23.314344
田心花园,田心花园,田心花园,BV10866348,113.192604,23.308869
田心路,田心路,田心路,BV10475298,113.161607,23.453802
田心路口,田心路口#1,田心路口,BV10475301,113.195305,23.307763
田心路口,田心路口#2,田心路口,BV09069500,113.162133,23.458294
田桥村,田桥村,田桥村,BV10023697,113.833136,23.166014
田美上庄,田美上庄,田美上庄,BV10970181,113.220413,23.403722
田美市场,田美市场,田美市场,BV11688985,113.221144,23.39358
田美新村,田美新村,田美新村,BV11364424,113.232673,23.391996
田美村,田美村#1,田美村,BV11364429,113.218906,23.400136
田美村,田美村#2,田美村,BV11364430,113.636929,23.362754
田美村委,田美村委,田美村委,BV11119650,113.637477,23.362716
田美西村,田美西村,田美西村,BV10023786,113.217055,23.39688
田美路西,田美路西,田美路西,BV10442989,113.219223,23.391093
田边村,田边村,田边村,BV11219467,113.785364,23.171712
申通物流,申通物流,申通物流,BV11330445,113.34551,23.320197
电信大楼,电信大楼,电信大楼,BV10023630,113.630108,23.357694
电信局,电信局,电信局,BV10256805,112.890445,23.163675
电力局,电力局,电力局,BV10617413,113.824395,23.294595
电力机车,电力机车,电力机车,BV09184398,113.111523,23.46332
电厂东路,电厂东路,电厂东路,BV09223983,113.499969,23.082773
电厂东路口,电厂东路口,电厂东路口,BV09166058,113.500208,23.08497
电子五所,电子五所,电子五所,BV09056049,113.676557,23.277792
电子五所社区,电子五所社区,电子五所社区,BV10591469,113.331022,23.158154
电机厂,电机厂,电机厂,BV10253907,113.261606,22.868876
电视塔,电视塔,电视塔,BV09239569,113.265782,23.144091
电视塔,电视塔,电视塔2,BV09226125,113.263077,23.145686
界河桥,界河桥,界河桥站,BV10016788,113.6251,22.706241
界涌桥,界涌桥,界涌桥,BV10020062,113.459116,22.935174
留东村东基站,留东村东基,留东村东基站,BV11298835,113.507632,22.859161
留东村口,留东村口,留东村口,BV11632506,113.495621,22.852463
留新路口,留新路口,留新路口,BV09077734,113.494358,22.850422
留新路站,留新路,留新路站,BV11632507,113.500489,22.85529
留耕堂,留耕堂,留耕堂,BV10023337,113.325253,22.90562
番中路口,番中路口,番中路口,BV10259164,113.458777,22.561753
番安教考场,番安教考场,番安教考场,BV10942759,113.322471,22.912097
番山总部E谷,番山总部E谷,番山总部E谷,BV10648781,113.443423,22.942827
番村,番村,番村,BV11689437,113.096829,23.001133
番禺中学,番禺中学,番禺中学,BV11376454,113.355058,22.908795
番禺中心医院总站,番禺中心医院总,番禺中心医院总站,BV10019809,113.370974,22.914471
番禺会议中心,番禺会议中心,番禺会议中心站,BV10923701,113.376059,22.94067
番禺体校总站,番禺体校总,番禺体校总站,BV10019683,113.346136,22.901208
番禺健力宝总站,番禺健力宝总,番禺健力宝总站,BV09368236,113.370112,22.981983
番禺创新科技园(一期路口),番禺创新科技园(一期路口),番禺创新科技园,BV11619186,113.452752,22.979154
番禺创新科技园(一期路口),番禺创新科技园(一期路口),番禺创新科技园(一期路口),BV09314885,113.454822,22.980115
番禺创新科技园西门,番禺创新科技园西门,番禺创新科技园西门,BV11630416,113.451604,22.981345
番禺区中心医院总站,番禺区中心医院总,番禺区中心医院总站,BV11173351,113.370988,22.914641
番禺区图书馆,番禺区图书馆,番禺区图书馆站,BV09343808,113.379005,22.931221
番禺区政务服务中心,番禺区政务服务中心,番禺区政务服务中心,BV11323317,113.405569,22.939051
番禺区第二人民医院,番禺区第二人民医院,番禺区第二人民医院,BV11569024,113.321863,23.021994
番禺区第二人民医院总站,番禺区第二人民医院总,番禺区第二人民医院总站,BV11493032,113.32179,23.021827
番禺区职业技术学校(北校区),番禺区职业技术学校(北校区),番禺区职业技术学校(北校区),BV11613796,113.3076,22.970102
番禺博物馆,番禺博物馆,番禺博物馆,BV11352460,113.339842,22.957012
番禺大桥,番禺大桥,番禺大桥,BV10689769,113.329505,23.022908
番禺大桥底,番禺大桥底,番禺大桥底,BV10019652,113.329701,23.031209
番禺大道南(东怡新区),番禺大道南(东怡新区),番禺大道南站,BV11619538,113.385424,22.930707
番禺大道南(东怡新区),番禺大道南(东怡新区),番禺大道南(东怡新区),BV11631975,113.385424,22.930707
番禺奥园,番禺奥园,番禺奥园,BV10020101,113.3569,22.912585
番禺奥园南门,番禺奥园南门,番禺奥园南门,BV10848921,113.359391,22.911526
番禺实验中学,番禺实验中学,番禺实验中学,BV10016806,113.350558,22.947236
番禺客运站公交站,番禺客运站公交,番禺客运站公交站,BV09148649,113.406062,22.941149
番禺宾馆,番禺宾馆,番禺宾馆,BV11690760,113.361322,22.944565
番禺市桥汽车站总站,番禺市桥汽车站总,番禺市桥汽车站总站,BV11561862,113.359692,22.948196
番禺广场,番禺广场,番禺广场站,BV11690377,113.379698,22.938472
番禺汽车客运站,番禺汽车客运,番禺汽车客运站,BV10014773,113.409707,22.939451
番禺监狱,番禺监狱,番禺监狱,BV10023161,113.281668,23.010838
番禺职业技术学院,番禺职业技术学院,番禺职业技术学院,BV10023084,113.304018,22.898774
番艺花园(东环路),番艺花园(东环路),番艺花园(东环路),BV10023268,113.367728,22.955173
番艺花园路口,番艺花园路口,番艺花园路口,BV10015077,113.367147,22.95599
畲族村,畲族村,畲族村,BV11119392,113.983668,23.342447
疗养院,疗养院,疗养院,BV11607753,113.307567,22.939973
瘦狗岭,瘦狗岭,瘦狗岭,BV10014703,113.324277,23.152917
登塘村口,登塘村口,登塘村口,BV10013947,113.472562,23.416073
登穗路口,登穗路口,登穗路口,BV10837488,113.488554,23.228427
白云仙馆,白云仙馆,白云仙馆,BV10013649,113.285169,23.154079
白云农批市场,白云农批市场,白云农批市场,BV10013964,113.332068,23.19359
白云区医院,白云区医院,白云区医院,BV10013971,113.308742,23.150062
白云区图书馆,白云区图书馆,白云区图书馆,BV09162722,113.273752,23.205759
白云区政务中心,白云区政务中心,白云区政务中心,BV09000545,113.254353,23.177023
白云区政务中心,白云区政务中心,白云区政务中心1,BV09172232,113.254353,23.177023
白云区政务中心,白云区政务中心,白云区政务中心2,BV09226078,113.254739,23.174079
白云区气象局,白云区气象局,白云区气象局,BV11662480,113.252556,23.268082
白云大道北地铁站,白云大道北地铁,白云大道北地铁站,BV09078083,113.292362,23.223717
白云大道南(金信路口),白云大道南(金信路口),白云大道南(金信路口),BV11527801,113.271562,23.178461
白云学院,白云学院,白云学院,BV09012411,113.208386,23.274782
白云宾馆,白云宾馆,白云宾馆,BV11009137,113.283296,23.138517
白云宾馆,白云宾馆,白云宾馆2,BV09226118,113.282851,23.138602
白云山中药厂,白云山中药厂,白云山中药厂,BV10019228,113.332622,23.198695
白云山制药厂(后山宿舍),白云山制药厂(后山宿舍),白云山制药厂,BV10016352,113.314318,23.21072
白云山制药厂(后山宿舍),白云山制药厂(后山宿舍),白云山制药厂(后山宿舍),BV11401180,113.31406,23.211023
白云山制药厂总站,白云山制药厂总,白云山制药厂总站,BV10014380,113.318268,23.203833
白云山管理局,白云山管理局,白云山管理局,BV10013651,113.284557,23.156976
白云山管理局,白云山管理局,白云山管理局2,BV09329720,113.284312,23.157106
白云山西门,白云山西门,白云山西门,BV11507216,113.280858,23.198946
白云文化广场总站,白云文化广场总,白云文化广场总站,BV10021204,113.268768,23.193814
白云机场1号航站楼(25号门),白云机场1号航站楼(25号门),白云机场1号航站楼(25号门),BV09073370,113.298897,23.389608
白云机场T1A区4号门外4号位,白云机场T1A区4号门外4号位,白云机场T1A区4号门外4号位,BV09238730,113.299593,23.388552
白云机场T1A区到达大厅,白云机场T1A区到达大厅,白云机场T1A区到达大厅,BV11315202,113.300625,23.39117
白云机场T1B区到达大厅,白云机场T1B区到达大厅,白云机场T1B区到达大厅,BV11315196,113.296263,23.391891
白云机场T1航站楼,白云机场T1航站楼,白云机场T1航站楼,BV11172126,113.298134,23.389739
白云机场T1航站楼A区,白云机场T1航站楼A区,白云机场T1航站楼A区,BV11430831,113.300367,23.391166
白云机场T1航站楼B区,白云机场T1航站楼B区,白云机场T1航站楼B区,BV11431045,113.296263,23.391891
白云机场T2航站楼,白云机场T2航站楼,白云机场T2航站楼,BV09002128,113.299589,23.398611
白云机场T2西客运站,白云机场T2西客运,白云机场T2西客运站,BV11315199,113.29812,23.397782
白云机场一号航站楼(25号门),白云机场一号航站楼(25号门),白云机场一号航站楼(25号门),BV09136241,113.298569,23.389662
白云湖公园北门,白云湖公园北门,白云湖公园北门站,BV09242691,113.235653,23.237236
白云湖公园西湖北门,白云湖公园西湖北门,白云湖公园西湖北门,BV11413327,113.221024,23.235055
白云社会福利服务中心,白云社会福利服务中心,白云社会福利服务中心,BV10649586,113.353106,23.323604
白云空港商务区,白云空港商务区,白云空港商务区,BV11577041,113.288222,23.373582
白云索道,白云索道,白云索道,BV11688415,113.286957,23.157429
白云花园,白云花园,白云花园,BV11678022,113.28703,23.218308
白云花园总站,白云花园总,白云花园总站,BV10016927,113.287874,23.217719
白云货运站,白云货运,白云货运站,BV10323065,113.333661,23.298123
白云路,白云路,白云路,BV11688476,113.27562,23.119363
白云路,白云路,白云路1,BV09376615,113.277082,23.120917
白云路东,白云路东,白云路东,BV11687926,113.280001,23.122528
白云路总站,白云路总,白云路总站,BV10016236,113.278085,23.121891
白云高尔夫花园总站,白云高尔夫花园总,白云高尔夫花园总站,BV10022594,113.264923,23.206114
白兔村桥二队,白兔村桥二队,白兔村桥二队,BV11154754,113.436565,23.606892
白兔村路口,白兔村路口,白兔村路口1,BV11028709,113.433951,23.608914
白兔村路口,白兔村路口,白兔村路口2,BV11028710,113.429661,23.61224
白兰站,白兰,白兰站,BV11352955,113.374196,23.600256
白兰花园,白兰花园,白兰花园,BV11267332,113.263605,23.171903
白土,白土,白土,BV10892052,112.937884,23.350017
白土村,白土村,白土村,BV10018913,113.426616,23.359958
白坭,白坭,白坭,BV11599738,113.02322,23.422583
白坭小学,白坭小学,白坭小学,BV11599747,113.014516,23.439776
白天鹅京溪小学,白天鹅京溪小学,白天鹅京溪小学,BV11468835,113.333755,23.18949
白天鹅花园,白天鹅花园,白天鹅花园,BV10253340,113.186562,23.131296
白天鹅花园总站,白天鹅花园总,白天鹅花园总站,BV10393581,113.186103,23.126052
白山村,白山村,白山村站,BV11400779,113.402597,23.272422
白山村尾,白山村尾,白山村尾,BV10019153,113.326722,23.20728
白山村居委,白山村居委,白山村居委,BV10019152,113.325166,23.20496
白山村广场,白山村广场#1,白山村广场,BV10019151,113.324368,23.203607
白山村广场,白山村广场#2,白山村广场,BV09125837,113.402716,23.272259
白岗市场,白岗市场,白岗市场,BV10252683,113.138958,23.23589
白岗村,白岗村#1,白岗村,BV10018732,113.555811,23.604144
白岗村,白岗村#2,白岗村,BV10018733,113.403236,22.992858
白岗路口,白岗路口,白岗路口,BV11690538,113.137822,23.240013
白水寨,白水寨,白水寨,BV10488791,113.753928,23.572886
白水寨总站,白水寨总,白水寨总站,BV10488794,113.756335,23.580845
白水寨路口,白水寨路口,白水寨路口,BV11198738,113.753441,23.573807
白江地铁站,白江地铁,白江地铁站,BV10975754,113.591508,23.12513
白江湖森林公园,白江湖森林公园,白江湖森林公园,BV11488231,113.903739,23.499787
白沙,白沙,白沙,BV11457906,113.202389,23.144102
白沙(中海金沙湾)总站,白沙(中海金沙湾)总,白沙(中海金沙湾)总站,BV11341395,113.201855,23.143853
白沙公交总站,白沙公交总,白沙公交总站,BV10968381,113.203115,23.134415
白沙公交站场,白沙公交站场,白沙公交站场,BV09128159,113.203115,23.134415
白沙商贸街,白沙商贸街,白沙商贸街,BV10018892,113.36072,23.343179
白沙小学,白沙小学,白沙小学,BV10256189,113.200187,23.132879
白沙总站,白沙总,白沙总站,BV11585800,113.201911,23.144093
白沙总站(中海金沙湾),白沙总站(中海金沙湾),白沙总站(中海金沙湾),BV10572835,113.198821,23.144041
白沙村,白沙村,白沙村,BV10018425,113.361095,23.345901
白沙村口,白沙村口,白沙村口,BV11621036,113.36703,23.340135
白沙村总站,白沙村总,白沙村总站,BV10381111,113.375397,23.337841
白沙桥站(临时站),白沙桥站(临时站),白沙桥,BV10251783,113.013346,23.081012
白沙桥站(临时站),白沙桥站(临时站),白沙桥站(临时站),BV09315322,113.012719,23.082058
白沙湖,白沙湖,白沙湖,BV11688455,113.254065,23.240319
白沙环村路,白沙环村路,白沙环村路,BV09265074,113.377689,23.343201
白沙社区,白沙社区,白沙社区,BV10751008,113.196413,23.133981
白洞桥,白洞桥,白洞桥,BV10860788,113.653976,23.341802
白湖村,白湖村,白湖村,BV10024261,113.84694,23.360702
白田岗,白田岗,白田岗,BV10945000,113.576503,23.518808
白田岗墟,白田岗墟,白田岗墟,BV11308215,113.5772,23.518262
白田岗村,白田岗村,白田岗村,BV10020885,113.576503,23.518808
白石冚,白石冚,白石冚,BV10977095,113.560013,23.438975
白石岰,白石岰,白石岰,BV09017016,113.847792,23.728743
白石市场,白石市场,白石市场,BV10016077,113.650009,23.156556
白石市场西,白石市场西,白石市场西,BV11477247,113.645129,23.15581
白石村,白石村#1,白石村,BV11352899,113.443855,23.610161
白石村,白石村#2,白石村,BV10015417,113.634797,23.161537
白石村委,白石村委,白石村委,BV11352900,113.447161,23.622639
白石站,白石#1,白石站,BV11317183,113.354308,23.601296
白石站,白石#2,白石站,BV09385184,113.034308,23.443886
白米巷站,白米巷,白米巷站,BV11309831,113.010717,22.838071
白米布,白米布,白米布,BV10019340,113.295791,23.318475
白藤滘站,白藤滘,白藤滘站,BV10545654,113.565952,22.800714
白蚬壳码头,白蚬壳码头,白蚬壳码头,BV10601612,113.248744,23.084133
白蟮塘,白蟮塘,白蟮塘,BV11001985,113.264607,23.364144
白蟮塘北,白蟮塘北,白蟮塘北,BV11225574,113.263531,23.368541
白象岭,白象岭,白象岭,BV10018763,113.245175,23.290791
白面石村(招呼站),白面石村(招呼站),白面石村,BV11119358,113.966355,23.41689
白面石村(招呼站),白面石村(招呼站),白面石村(招呼站),BV11409787,113.965726,23.41779
白马塘,白马塘,白马塘,BV11352957,113.453829,23.449086
白马服装市场(站前路),白马服装市场(站前路),白马服装市场(站前路),BV10380933,113.250265,23.149322
白鳝塘,白鳝塘,白鳝塘站,BV10015680,113.264614,23.364124
白鳝塘总站,白鳝塘总,白鳝塘总站,BV10019304,113.264228,23.36572
白鹅潭艺术中心码头,白鹅潭艺术中心码头,白鹅潭艺术中心码头,BV09266627,113.23853,23.100593
白鹤沙总站,白鹤沙总,白鹤沙总站,BV09208607,113.218232,23.07064
白鹤沙路,白鹤沙路,白鹤沙路,BV09208609,113.217782,23.073323
白鹤洞,白鹤洞,白鹤洞,BV10800475,113.232844,23.073855
白鹤洞码头,白鹤洞码头,白鹤洞码头,BV10601613,113.24661,23.082128
百万葵园站,百万葵园,百万葵园站,BV10015827,113.61525,22.63436
百乐门食街,百乐门食街,百乐门食街,BV10023232,113.307532,23.032439
百亩园,百亩园,百亩园,BV11465423,113.194763,23.062703
百寿南路,百寿南路,百寿南路,BV10015556,113.23259,23.406247
百年光电厂站,百年光电厂,百年光电厂站,BV10382350,113.38469,22.797287
百晟汇翠湾(招呼站),百晟汇翠湾(招呼站),百晟汇翠湾站,BV11119341,113.820974,23.311138
百晟汇翠湾(招呼站),百晟汇翠湾(招呼站),百晟汇翠湾(招呼站),BV09305526,113.820974,23.311138
百湖村,百湖村,百湖村,BV10015985,113.65717,23.201444
百稔庄,百稔庄,百稔庄,BV11295051,113.27979,23.295847
百花古寺,百花古寺,百花古寺,BV09239832,113.63565,23.195115
百花山庄,百花山庄,百花山庄,BV11363549,113.791429,23.313309
百花岭北街,百花岭北街,百花岭北街站,BV11477134,113.267521,23.240049
百花岭北街口,百花岭北街口,百花岭北街口,BV11477135,113.269515,23.234914
百花路,百花路,百花路,BV10017962,113.224407,23.097752
百花路口,百花路口,百花路口,BV10679135,113.219899,23.096146
百足桥,百足桥,百足桥,BV10019237,113.348568,23.268357
百顺北路,百顺北路,百顺北路,BV11482221,113.289687,23.23859
百顺北路(岭南新世界)总站,百顺北路(岭南新世界)总,百顺北路(岭南新世界)总站,BV09245159,113.288773,23.238516
百顺北路总站,百顺北路总,百顺北路总站,BV11655931,113.28749,23.237838
百顺南路,百顺南路,百顺南路,BV11594764,113.290567,23.237153
百鹤路口,百鹤路口,百鹤路口,BV09403755,113.217929,23.093874
皇冠音响厂,皇冠音响厂,皇冠音响厂,BV10425408,113.38011,22.958325
皇岭社,皇岭社,皇岭社,BV11190324,113.692492,23.583925
皇庭峰景壹号,皇庭峰景壹号,皇庭峰景壹号,BV11646859,113.807775,23.031461
皇母,皇母,皇母,BV10529345,113.097967,23.427361
皮具文化园站,皮具文化园,皮具文化园站,BV11168433,113.160763,23.467245
皮革城,皮革城,皮革城站,BV11306482,113.165912,23.458266
盈丰路,盈丰路,盈丰路,BV11370357,113.295474,23.071562
盈丰路总站,盈丰路总,盈丰路总站,BV10017134,113.29575,23.071487
盈翠华庭,盈翠华庭,盈翠华庭站,BV09006149,113.269334,23.173666
益丰街口,益丰街口,益丰街口站,BV09071715,113.448852,22.864837
益海嘉里,益海嘉里,益海嘉里,BV10494711,113.541772,23.012977
益禾公寓站,益禾公寓,益禾公寓站,BV10254806,113.157023,23.056481
益群,益群,益群,BV10015474,113.182074,23.46925
益群村(金狮大道),益群村(金狮大道),益群村(金狮大道),BV10889687,113.181933,23.46922
盐步三中,盐步三中,盐步三中,BV10253338,113.15774,23.092678
盐步中学,盐步中学,盐步中学,BV11689900,113.172459,23.091678
盐步公园,盐步公园,盐步公园,BV10256201,113.176515,23.090704
盐步医院,盐步医院,盐步医院,BV11689902,113.173002,23.093771
盐步大道北,盐步大道北,盐步大道北,BV09003077,113.168862,23.10712
盐步老龙公园,盐步老龙公园,盐步老龙公园,BV09360473,113.166731,23.091451
盐步路口,盐步路口,盐步路口,BV11689449,113.169858,23.109533
盘古中路,盘古中路,盘古中路,BV11688983,113.15031,23.467229
盘古北路,盘古北路,盘古北路,BV11688981,113.149553,23.477341
盘古王公园总站,盘古王公园总,盘古王公园总站,BV10464432,113.149307,23.483379
盘福路,盘福路,盘福路,BV11091396,113.254892,23.13827
盘福路,盘福路,盘福路1,BV09227578,113.254892,23.13827
盛世名门,盛世名门,盛世名门,BV11346676,113.595168,23.12757
盛泰花园,盛泰花园,盛泰花园,BV10023193,113.375959,22.937508
盛路通信路口,盛路通信路口,盛路通信路口,BV10252774,112.913908,23.213076
盛龙社区,盛龙社区,盛龙社区,BV10020038,113.451305,23.032853
直巷,直巷,直巷,BV10022103,113.250327,23.194266
直街社区,直街社区,直街社区,BV10508728,113.168942,23.086486
省中医二沙分院,省中医二沙分院,省中医二沙分院,BV11312274,113.29717,23.11211
省中医院,省中医院,省中医院,BV10016247,113.25186,23.120113
省中医院大学城医院,省中医院大学城医院,省中医院大学城医院,BV10016021,113.385433,23.050751
省交警指挥中心,省交警指挥中心,省交警指挥中心,BV10018934,113.284909,23.227132
省军区,省军区,省军区,BV09012731,113.313713,23.156133
省农干科干院,省农干科干院,省农干科干院,BV09355604,113.353066,23.147484
省妇幼,省妇幼,省妇幼,BV11472525,113.244434,23.152793
省妇幼保健院(金新大道),省妇幼保健院(金新大道),省妇幼保健院(金新大道),BV09117349,113.362142,23.020092
省戒毒基地,省戒毒基地,省戒毒基地,BV10751555,113.263416,23.218743
省旅游学校,省旅游学校,省旅游学校,BV10016351,113.31731,23.209034
省电校,省电校,省电校,BV11688325,113.398638,23.194701
省第二中医院,省第二中医院,省第二中医院,BV11480682,113.279956,23.146632
省荣军医院(荣校),省荣军医院(荣校),省荣军医院,BV11688347,113.288463,23.094574
省荣军医院(荣校),省荣军医院(荣校),省荣军医院(荣校)2,BV09091929,113.286319,23.095165
省荣军医院(荣校),省荣军医院(荣校),省荣军医院(荣校),BV09335698,113.288753,23.094367
省质检基地,省质检基地,省质检基地,BV10253577,113.325445,22.811781
省贸易学校路口,省贸易学校路口,省贸易学校路口,BV10471821,113.255951,23.498766
省轻工学院,省轻工学院,省轻工学院,BV11415012,113.784078,23.228066
省银行医院,省银行医院,省银行医院,BV11480681,113.285419,23.146493
眉山工业区,眉山工业区,眉山工业区,BV10019979,113.424263,22.999143
眉山村,眉山村,眉山村,BV10015114,113.424667,23.005438
眉山村口,眉山村口,眉山村口,BV10023406,113.422815,23.008325
看守所,看守所,看守所,BV10023904,113.196539,23.461394
真光中学,真光中学,真光中学,BV10800467,113.242113,23.07963
知新路(九太路口),知新路(九太路口),知新路(九太路口),BV09388805,113.502047,23.350034
知新路(凤凰湖三路口),知新路(凤凰湖三路口),知新路(凤凰湖三路口),BV09409114,113.530694,23.327485
知新路(博华六路),知新路(博华六路),知新路(博华六路),BV09368106,113.543192,23.30928
知新路(含英一路口),知新路(含英一路口),知新路(含英一路口)(停北行),BV09409146,113.527987,23.331122
知新路(含英一路口),知新路(含英一路口),知新路(含英一路口)(停南行),BV09409147,113.527187,23.331321
知新路(汤村),知新路(汤村),知新路(汤村),BV09369696,113.553537,23.2994
知新路(玉兰大道口)站,知新路(玉兰大道口),知新路(玉兰大道口)站,BV09385973,113.497841,23.35659
知新路(龙马路口)站,知新路(龙马路口),知新路(龙马路口)站,BV09386313,113.484103,23.378876
知新路南,知新路南,知新路南,BV09368641,113.557416,23.292604
知新路总站(万科幸福荟),知新路总站(万科幸福荟),知新路总站,BV09367802,113.526297,23.331668
知新路总站(万科幸福荟),知新路总站(万科幸福荟),知新路总站(万科幸福荟),BV09367801,113.526758,23.331704
知明路(何棠下),知明路(何棠下),知明路(何棠下),BV09334659,113.530138,23.356022
知明路(建设新街路口),知明路(建设新街路口),知明路(建设新街路口),BV09328533,113.523668,23.361777
知明路中,知明路中,知明路中,BV09328598,113.526213,23.360051
知明路南,知明路南,知明路南,BV09299187,113.542201,23.343437
知明路南(广州泰和肿瘤医院),知明路南(广州泰和肿瘤医院),知明路南(广州泰和肿瘤医院),BV09299182,113.542773,23.338595
知明路口,知明路口,知明路口,BV09299180,113.533353,23.353558
知行园,知行园,知行园,BV09181074,113.665294,23.291784
知识城北安置区(凤凰五路),知识城北安置区(凤凰五路),知识城北安置区(凤凰五路),BV11059696,113.492472,23.385189
知识城南(凤湖四路),知识城南(凤湖四路),知识城南(凤湖四路),BV11360164,113.537669,23.333371
知识城南(地铁何棠下站)总站,知识城南(地铁何棠下站)总,知识城南(地铁何棠下站)总站,BV09320057,113.539487,23.333959
知识城南(地铁何棠下站)总站下客区,知识城南(地铁何棠下站)总站下客区,知识城南(地铁何棠下站)总站下客区,BV09324109,113.539487,23.333959
知识城南总站,知识城南总,知识城南总站,BV11302780,113.539334,23.33431
知识城南站,知识城南,知识城南站,BV10941818,113.527914,23.326703
知识城政务中心,知识城政务中心,知识城政务中心,BV10017619,113.488464,23.395858
矮岗村,矮岗村,矮岗村,BV10018965,113.283999,23.361253
矮岗村委,矮岗村委,矮岗村委,BV10389074,113.28332,23.35849
矮岭,矮岭,矮岭,BV10018736,113.536451,23.628205
石东路口,石东路口,石东路口,BV11671367,113.224244,23.205045
石中路口,石中路口,石中路口,BV10251761,113.181145,23.122449
石丰路口,石丰路口,石丰路口,BV09006131,113.219726,23.204287
石二社,石二社,石二社,BV11399885,113.445296,23.681674
石井,石井#1,石井,BV09368284,113.234775,23.211347
石井,石井#2,石井,BV11481130,113.21675,23.211378
石井,石井#3,石井,BV09001133,113.199021,23.213829
石井,石井#4,石井,BV10262437,113.789458,23.031764
石井(广东兵工厂旧址)站,石井(广东兵工厂旧址)#1,石井(广东兵工厂旧址)站,BV09368725,113.234775,23.211347
石井(广东兵工厂旧址)站,石井(广东兵工厂旧址)#2,石井(广东兵工厂旧址)站,BV09368724,113.21675,23.211378
石井(广东兵工厂旧址)站,石井(广东兵工厂旧址)#3,石井(广东兵工厂旧址)站,BV09368723,113.223065,23.219336
石井(朝阳村),石井(朝阳村),石井(朝阳村),BV11621470,113.20443,23.224935
石井(红星小学)总站,石井(红星小学)总,石井(红星小学)总站,BV11316584,113.223346,23.219119
石井中学,石井中学,石井中学,BV11687972,113.227931,23.212841
石井大道(工业园),石井大道(工业园),石井大道站,BV09368254,113.223923,23.249303
石井大道(工业园),石井大道(工业园),石井大道(工业园),BV11598830,113.223713,23.249291
石井大道(滘心大道口),石井大道(滘心大道口),石井大道(滘心大道口),BV10911776,113.226435,23.234646
石井大道(滘心村),石井大道(滘心村),石井大道(滘心村),BV10022695,113.22361,23.239446
石井大道(白云湖公园),石井大道(白云湖公园)#1,石井大道,BV10013689,113.229119,23.229966
石井大道(白云湖公园),石井大道(白云湖公园)#1,石井大道(白云湖公园),BV11569023,113.229119,23.229966
石井大道(石沙路口),石井大道(石沙路口),石井大道(石沙路口),BV10013693,113.227027,23.215152
石井大道(红星村),石井大道(红星村),石井大道(红星村),BV10020202,113.230631,23.228062
石井大道(龙湖),石井大道(龙湖),石井大道(龙湖),BV10022698,113.224671,23.253427
石井大道中,石井大道中,石井大道中,BV10022696,113.221595,23.245269
石井大道北,石井大道北,石井大道北,BV11578269,113.225231,23.26395
石井大道南,石井大道南,石井大道南,BV10013692,113.230509,23.219772
石井庆丰总站,石井庆丰总,石井庆丰总站,BV10021806,113.222693,23.212622
石井总站,石井总#1,石井总站,BV10596406,113.204253,23.202642
石井总站,石井总#2,石井总站,BV09377935,113.223065,23.219336
石井总站,石井总#3,石井总站,BV10381320,113.21675,23.211378
石井总站(滘心村),石井总站(滘心村),石井总站(滘心村),BV10817722,113.218066,23.234734
石井总站(红星村),石井总站(红星村),石井总站(红星村),BV11628198,113.223118,23.219154
石井文化广场(石丰路),石井文化广场(石丰路),石井文化广场(石丰路),BV11688403,113.220955,23.208817
石井文化广场(石丰路),石井文化广场(石丰路),石井文化广场(石丰路)1,BV09245150,113.220955,23.208817
石井朝阳村,石井朝阳村,石井朝阳村,BV10589839,113.204521,23.224926
石井潭村总站,石井潭村总,石井潭村总站,BV10021214,113.231871,23.193405
石井红星村总站,石井红星村总,石井红星村总站,BV10018147,113.228568,23.225081
石井路口,石井路口,石井路口,BV10262467,113.789995,23.032039
石井鸦岗总站,石井鸦岗总,石井鸦岗总站,BV10013899,113.193603,23.234404
石伦里,石伦里,石伦里,BV11553739,113.351482,23.094709
石兴大道南,石兴大道南,石兴大道南,BV11355536,113.274032,22.986997
石化南一街,石化南一街,石化南一街,BV10021331,113.471035,23.10951
石化小学,石化小学,石化小学,BV10021330,113.46967,23.10707
石化生活区,石化生活区,石化生活区站,BV10018100,113.463971,23.107152
石化生活区南,石化生活区南,石化生活区南,BV11591687,113.469892,23.105364
石化路(东勤路口),石化路(东勤路口),石化路(东勤路口),BV09070825,113.464384,23.137768
石化路口,石化路口,石化路口,BV10022083,113.4592,23.101574
石化路总站,石化路总,石化路总站,BV10018276,113.463579,23.109297
石北中学,石北中学,石北中学,BV09201090,113.299268,23.022475
石南大桥,石南大桥,石南大桥,BV10251509,113.066502,22.995683
石南村,石南村,石南村,BV11115218,113.663874,23.581512
石南白沙社,石南白沙社,石南白沙社,BV11414545,113.655468,23.580531
石南路,石南路#1,石南路,BV11689919,113.194741,23.329244
石南路,石南路#2,石南路,BV11689920,113.292577,23.010236
石南路东,石南路东,石南路东,BV10023216,113.30204,23.011823
石南路口,石南路口,石南路口,BV11488071,113.194261,23.33155
石厦村,石厦村,石厦村,BV09237171,113.760115,23.176115
石厦村路口,石厦村路口,石厦村路口,BV11631566,113.782103,23.172894
石古塘,石古塘,石古塘,BV11115180,113.712263,23.566846
石合路口,石合路口,石合路口,BV10017878,113.541895,23.567157
石吉,石吉,石吉,BV11632916,113.452464,23.517141
石吓村,石吓村,石吓村,BV11143608,113.643058,23.138329
石咀村委,石咀村委,石咀村委,BV10945022,113.364134,23.598653
石咀村路口,石咀村路口,石咀村路口,BV11193727,113.373849,23.600459
石围塘,石围塘,石围塘,BV11688438,113.21548,23.108443
石围塘码头,石围塘码头,石围塘码头,BV10638156,113.225045,23.107553
石坑,石坑,石坑站,BV11317178,113.093296,23.455668
石坑田寮社,石坑田寮社,石坑田寮社,BV11198744,113.700866,23.584686
石基小学站,石基小学,石基小学站,BV10019819,113.419728,22.902139
石基村,石基村,石基村,BV11476853,113.434819,22.951158
石基村(市南路),石基村(市南路),石基村(市南路)站,BV09347034,113.420465,22.896491
石基村口,石基村口,石基村口,BV10018618,113.380903,23.09692
石基村委站,石基村委,石基村委站,BV10019817,113.421189,22.897459
石基村市场站,石基村市场,石基村市场站,BV10019818,113.420171,22.899823
石基村站(市南路),石基村站(市南路),石基村站(市南路),BV11624360,113.420244,22.896402
石塘六队,石塘六队,石塘六队,BV10015564,113.247496,23.356704
石塘卫生站,石塘卫生,石塘卫生站,BV10015567,113.240717,23.349427
石塘村委,石塘村委,石塘村委,BV10254888,113.095708,23.274959
石塘水泥厂,石塘水泥厂,石塘水泥厂站,BV11691202,113.237016,23.348312
石塘路口,石塘路口,石塘路口,BV10015570,113.226134,23.346048
石壁一村,石壁一村,石壁一村,BV11446008,113.269288,23.002811
石壁中学,石壁中学,石壁中学,BV10023026,113.26061,22.97939
石壁中学总站,石壁中学总,石壁中学总站,BV11451734,113.260652,22.979385
石壁小学,石壁小学,石壁小学,BV10023011,113.268159,23.003351
石壁街道办,石壁街道办,石壁街道办,BV10019720,113.288459,22.978351
石壁路口(汉溪大道中),石壁路口(汉溪大道中),石壁路口站,BV09000362,113.307107,22.988097
石壁路口(汉溪大道中),石壁路口(汉溪大道中),石壁路口(汉溪大道中),BV11611788,113.304694,22.988969
石头村,石头村,石头村,BV10735653,113.770074,23.19096
石头记,石头记,石头记,BV10015584,113.157293,23.405142
石安路,石安路,石安路站,BV11671985,113.221634,23.207154
石安路东,石安路东,石安路东,BV09073407,113.225804,23.203975
石岗东村,石岗东村,石岗东村,BV10899406,113.391972,22.942001
石岗东街,石岗东街,石岗东街,BV11682557,113.24891,23.210706
石岗二桥,石岗二桥,石岗二桥,BV11440363,113.219711,23.426704
石岗小学,石岗小学,石岗小学,BV11384019,113.216862,23.423876
石岗村,石岗村#1,石岗村,BV09197108,113.395629,22.938561
石岗村,石岗村#2,石岗村站,BV11690355,113.207069,23.415129
石岗村(亚运大道)站,石岗村(亚运大道),石岗村(亚运大道)站,BV09200218,113.395629,22.938561
石岗西基街,石岗西基街,石岗西基街,BV11682558,113.247665,23.211348
石岗西村,石岗西村,石岗西村,BV11689913,113.386661,22.940336
石岗路,石岗路,石岗路,BV10021823,113.269743,23.07045
石岗路(绿地滨江汇),石岗路(绿地滨江汇),石岗路(绿地滨江汇),BV11317279,113.268394,23.067594
石岗路(绿地滨江汇)总站,石岗路(绿地滨江汇)总,石岗路(绿地滨江汇)总站,BV10021824,113.268394,23.067594
石岗路口,石岗路口,石岗路口,BV10019490,113.270979,23.072918
石岭村委,石岭村委,石岭村委,BV11169366,113.658961,23.712644
石庆路北,石庆路北,石庆路北,BV10018034,113.209489,23.217222
石床,石床,石床,BV11169368,113.697595,23.720261
石庙村,石庙村,石庙村,BV10510655,113.184232,23.092915
石新路南,石新路南,石新路南,BV09348755,113.623777,23.133901
石明村委,石明村委,石明村委,BV11018298,113.81692,23.870315
石桥新村,石桥新村,石桥新村,BV11690289,113.486427,23.167584
石桥社,石桥社,石桥社,BV11370957,113.655943,23.597049
石楼官塱路,石楼官塱路,石楼官塱路,BV10023387,113.443151,22.970874
石楼牌坊,石楼牌坊,石楼牌坊,BV10023072,113.478127,22.974597
石楼碧桂园,石楼碧桂园,石楼碧桂园,BV10416288,113.488387,22.9955
石楼镇政府,石楼镇政府,石楼镇政府,BV10019763,113.483301,22.971415
石楼镇群众服务中心,石楼镇群众服务中心,石楼镇群众服务中心,BV10648335,113.475859,22.959002
石榴岗,石榴岗,石榴岗,BV11689397,113.338471,23.085206
石榴岗总站,石榴岗总#1,石榴岗总站,BV10756309,113.33448,23.087904
石榴岗总站,石榴岗总#2,石榴岗总站,BV10017833,113.347905,23.084286
石榴岗路西,石榴岗路西,石榴岗路西,BV10013673,113.330264,23.0918
石槎路(地铁聚龙站),石槎路(地铁聚龙站),石槎路,BV09242095,113.233747,23.185158
石槎路(地铁聚龙站),石槎路(地铁聚龙站),石槎路(地铁聚龙站),BV11464892,113.23383,23.185064
石槎路中,石槎路中,石槎路中,BV11463002,113.237615,23.201766
石槎路总站,石槎路总,石槎路总站,BV10016204,113.237957,23.20583
石沥村口,石沥村口,石沥村口站,BV11483394,113.566718,23.298557
石洛市场,石洛市场,石洛市场,BV10253290,113.247665,22.830801
石海小学,石海小学,石海小学,BV11115178,113.638261,23.574414
石海村,石海村,石海村,BV11115200,113.633666,23.57169
石海村委,石海村委,石海村委,BV11023922,113.644628,23.578331
石涌口,石涌口,石涌口,BV10014580,113.277335,23.1122
石湖总站,石湖总,石湖总站,BV10382240,113.337243,23.278756
石湖村,石湖村#1,石湖村,BV11398538,113.34297,23.287649
石湖村,石湖村#2,石湖村,BV11398539,113.736096,23.212227
石湖村东,石湖村东,石湖村东,BV10021226,113.35059,23.291614
石湖村口,石湖村口,石湖村口,BV11171952,113.328694,23.287077
石湖洲(社堂村),石湖洲(社堂村),石湖洲(社堂村),BV10639914,112.914059,23.221184
石湖路口,石湖路口,石湖路口,BV11439690,113.116988,23.340126
石湖部队,石湖部队,石湖部队,BV11582343,113.33732,23.2789
石湖镇东路总站,石湖镇东路总,石湖镇东路总站,BV11517083,113.344927,23.286639
石湾公园,石湾公园,石湾公园,BV10431624,113.076672,23.008206
石湾客运站,石湾客运,石湾客运站,BV10251505,113.083953,23.016588
石溪,石溪,石溪,BV10681379,113.270797,23.074817
石溪,石溪,石溪1,BV09203867,113.272526,23.074059
石溪总站,石溪总,石溪总站,BV10016626,113.271217,23.074501
石溪村,石溪村,石溪村,BV10602772,113.866019,23.390146
石溪村口,石溪村口,石溪村口,BV11361603,113.408845,23.107182
石滩交管所,石滩交管所,石滩交管所,BV11377670,113.782732,23.177898
石滩客运站,石滩客运,石滩客运站,BV10637146,113.78655,23.175405
石滩汽车站,石滩汽车,石滩汽车站,BV11219466,113.786535,23.175217
石滩沙园中路,石滩沙园中路,石滩沙园中路,BV11144123,113.78368,23.182111
石滩路口,石滩路口,石滩路口,BV10015431,113.739443,23.213906
石滩镇政府,石滩镇政府,石滩镇政府,BV10024133,113.788279,23.170525
石潭西路北,石潭西路北,石潭西路北,BV11113104,113.231273,23.210185
石潭西路口,石潭西路口,石潭西路口,BV10021885,113.220684,23.199185
石潭路,石潭路,石潭路,BV11481834,113.227732,23.186157
石潭路(南新大街),石潭路(南新大街),石潭路(南新大街),BV11481835,113.23022,23.192748
石燕村,石燕村,石燕村,BV11338869,113.075601,23.37587
石牌东路北,石牌东路北,石牌东路北,BV10021789,113.337457,23.136893
石牌东路南,石牌东路南,石牌东路南,BV10021790,113.337863,23.130629
石牌村,石牌村#1,石牌村,BV10018369,113.334147,23.128918
石牌村,石牌村#1,石牌村4,BV09387753,113.333335,23.129214
石牌村,石牌村#1,石牌村2,BV09256767,113.334442,23.129125
石牌村,石牌村#1,石牌村1,BV09256766,113.333933,23.128932
石牌村,石牌村#2,石牌村站,BV09323890,113.474815,22.873914
石牌村牌坊站,石牌村牌坊,石牌村牌坊站,BV09355193,113.333657,23.127066
石牌桥,石牌桥,BRT石牌桥S1,BV09358282,113.325592,23.135758
石牌桥,石牌桥,石牌桥,BV10014527,113.3252,23.136084
石牌桥,石牌桥,石牌桥,BV11694311,113.326925,23.136008
石牌桥,石牌桥,BRT石牌桥N2,BV09258711,113.326666,23.136021
石碁中学,石碁中学,石碁中学,BV10567953,113.440142,22.949471
石碁四中,石碁四中,石碁四中,BV10020084,113.440158,22.936539
石碁总站,石碁总,石碁总站,BV10020022,113.431718,22.955391
石碁成校,石碁成校,石碁成校,BV09118406,113.435065,22.960569
石碁文化广场,石碁文化广场,石碁文化广场,BV10832137,113.433469,22.958549
石碁文化广场总站,石碁文化广场总,石碁文化广场总站,BV11139586,113.434364,22.957219
石碁村,石碁村,石碁村,BV10408566,113.435758,22.950287
石碁镇政府,石碁镇政府,石碁镇政府,BV10567948,113.431153,22.953824
石碣市场,石碣市场,石碣市场,BV11371483,113.088179,23.154797
石碣路口,石碣路口,石碣路口,BV10252413,113.091289,23.160306
石联小学,石联小学,石联小学,BV11224120,113.474352,23.543366
石联村委,石联村委#1,石联村委,BV11399880,113.44372,23.680035
石联村委,石联村委#2,石联村委,BV11369783,113.469849,23.54044
石脚下,石脚下,石脚下,BV11139995,113.979974,23.79973
石西路口,石西路口,石西路口,BV10018884,113.183819,23.304899
石路基,石路基,石路基,BV11688484,113.231475,23.12828
石路基,石路基,石路基2,BV09337403,113.232131,23.128169
石迳村,石迳村,石迳村,BV10023006,113.668053,23.235891
石门街,石门街,石门街,BV10018307,113.198785,23.210032
石马,石马,石马,BV09000490,113.245905,23.254899
石马公交场总站,石马公交场总,石马公交场总站,BV10022588,113.240379,23.263138
石马南,石马南,石马南,BV11688444,113.247087,23.255477
石马德圣社区,石马德圣社区,石马德圣社区,BV11662484,113.255693,23.264492
石马总站,石马总,石马总站,BV10021411,113.246238,23.267024
石马村口,石马村口,石马村口站,BV11098347,113.250699,23.256802
石马涌边大街中,石马涌边大街中,石马涌边大街中,BV11662481,113.255467,23.258726
石马涌边大街北,石马涌边大街北,石马涌边大街北,BV11662483,113.255664,23.26072
石龙,石龙,石龙,BV11484168,113.186167,23.316489
石龙大围,石龙大围,石龙大围,BV11152756,113.914174,23.811374
石龙档铺街,石龙档铺街,石龙档铺街,BV11465000,113.187575,23.315198
石龙火车站隧道口,石龙火车站隧道口,石龙火车站隧道口,BV10449020,113.837033,23.111932
矿泉街道办,矿泉街道办,矿泉街道办,BV11448848,113.24184,23.165315
砺江桥,砺江桥,砺江桥,BV10023100,113.481958,22.984682
碑记街北路口,碑记街北路口,碑记街北路口,BV09257864,113.282989,23.284329
碑记街路口,碑记街路口,碑记街路口,BV09257865,113.28092,23.283929
碧山村,碧山村,碧山村,BV09005647,113.449404,23.126188
碧山村,碧山村,碧山村站1,BV11621196,113.449832,23.127115
碧山村,碧山村,碧山村1,BV09072664,113.449832,23.127115
碧山村总站,碧山村总,碧山村总站,BV10018135,113.455318,23.126443
碧映路东,碧映路东,碧映路东,BV10022175,113.321599,23.09133
碧映路西,碧映路西,碧映路西,BV10022176,113.318518,23.091633
碧桂东苑,碧桂东苑,碧桂东苑,BV09001141,113.283717,22.955176
碧桂园,碧桂园#1,碧桂园,BV10253995,113.26901,22.957526
碧桂园,碧桂园#2,碧桂园,BV10015400,113.799699,23.290091
碧桂园,碧桂园#3,碧桂园,BV09041130,113.347031,22.998162
碧桂园(会所),碧桂园(会所),碧桂园(会所),BV11615670,113.351066,22.999324
碧桂园中新首府,碧桂园中新首府,碧桂园中新首府,BV10934913,113.629722,23.353927
碧桂园中门,碧桂园中门,碧桂园中门,BV10388907,113.799038,23.293201
碧桂园假日半岛,碧桂园假日半岛,碧桂园假日半岛,BV09187511,113.07015,23.447161
碧桂园北门,碧桂园北门,碧桂园北门,BV10020762,113.79862,23.296172
碧桂园天玺湾站,碧桂园天玺湾,碧桂园天玺湾站,BV10015874,113.573815,22.800761
碧桂园映象,碧桂园映象,碧桂园映象,BV11210748,113.620424,23.368385
碧桂园正门,碧桂园正门,碧桂园正门,BV11251216,113.799369,23.290901
碧桂园芷兰湾,碧桂园芷兰湾,碧桂园芷兰湾,BV11393754,113.285673,22.924985
碧桂园荔园,碧桂园荔园,碧桂园荔园,BV10326918,113.840706,23.280095
碧桂园豪园,碧桂园豪园,碧桂园豪园,BV10020811,113.821497,23.223558
碧桂园豪庭站,碧桂园豪庭,碧桂园豪庭站,BV11070087,113.539547,22.79333
碧桂园路口,碧桂园路口,碧桂园路口,BV11375033,113.068363,23.445294
碧桂西苑,碧桂西苑,碧桂西苑,BV10254063,113.257618,22.952315
碧桂路三乐路口,碧桂路三乐路口,碧桂路三乐路口,BV11049192,113.261108,22.912131
碧水新村,碧水新村,碧水新村,BV11116068,113.721342,23.703861
碧水新村总站,碧水新村总,碧水新村总站,BV11491296,113.72851,23.707858
碧翠华庭站,碧翠华庭,碧翠华庭站,BV10973342,113.185863,23.105899
磨碟沙,磨碟沙,磨碟沙,BV11620525,113.335024,23.101324
磨碟沙公园,磨碟沙公园,磨碟沙公园,BV11207345,113.328338,23.107876
磨碟沙路,磨碟沙路,磨碟沙路站,BV11279603,113.330459,23.10112
磻溪村委,磻溪村委,磻溪村委,BV11116056,113.638143,23.697528
礌岗公园南门,礌岗公园南门,礌岗公园南门,BV11688743,113.143283,23.041368
礌岗地铁站,礌岗地铁,礌岗地铁站,BV10254422,113.150195,23.045553
礼传三街,礼传三街,礼传三街,BV10654284,113.19718,23.157023
礼岗,礼岗,礼岗,BV10016110,113.272836,23.090476
礼岗,礼岗,礼岗1,BV09226106,113.273272,23.089449
礼岗路,礼岗路,礼岗路,BV10985057,113.271762,23.089099
礼岗路口,礼岗路口,礼岗路口,BV10985056,113.269453,23.090158
礼村,礼村,礼村站,BV09000383,113.308336,23.017753
礼村东,礼村东,礼村东,BV10015056,113.314861,23.016809
社边街,社边街,社边街,BV11522305,113.461473,23.421658
祈丰路(金洲地铁)站,祈丰路(金洲地铁),祈丰路(金洲地铁)站,BV11156027,113.534374,22.793812
祈丰路站,祈丰路,祈丰路站,BV11206071,113.534191,22.793531
祈乐苑,祈乐苑,祈乐苑,BV10018256,113.2834,23.099295
祈福医院,祈福医院,祈福医院,BV10019634,113.318778,22.972776
祈福工业区,祈福工业区,祈福工业区,BV10432254,113.281029,23.502616
祈福新村总站,祈福新村总,祈福新村总站,BV11413199,113.330889,22.97388
祈福新邨,祈福新邨,祈福新邨,BV11373973,113.326106,22.973934
祈福新邨总站,祈福新邨总,祈福新邨总站,BV11018620,113.330878,22.973052
祈福水城,祈福水城,祈福水城,BV10023342,113.346898,22.913398
祈福生活无限,祈福生活无限,祈福生活无限,BV10432251,113.232166,23.389122
神山,神山,神山,BV09000493,113.182083,23.335344
神山医院,神山医院,神山医院,BV11627349,113.183025,23.331357
神山商贸城,神山商贸城,神山商贸城,BV11688052,113.190912,23.33545
神山大道西,神山大道西,神山大道西,BV11488073,113.183962,23.335269
神山总站,神山总,神山总站,BV10013876,113.181346,23.335292
神岗中学,神岗中学,神岗中学,BV10020874,113.521003,23.48316
神岗墟,神岗墟,神岗墟,BV10945004,113.523676,23.486393
神岗大桥,神岗大桥,神岗大桥,BV11369778,113.522827,23.488428
神岗村,神岗村,神岗村,BV10020876,113.528355,23.491143
神岗村,神岗村,神岗村(东行),BV11633064,113.528112,23.49103
神岗村委,神岗村委,神岗村委,BV10024223,113.690965,23.261035
神州路,神州路,神州路,BV09388804,113.426925,23.163978
神棋路口(G355线),神棋路口(G355线),神棋路口,BV10621025,113.459138,23.590396
神棋路口(G355线),神棋路口(G355线),神棋路口(G355线),BV11626271,113.458041,23.590044
神舟路,神舟路,神舟路,BV11467005,113.427032,23.164037
神舟路中,神舟路中,神舟路中,BV11668243,113.427008,23.170226
神舟路员工楼,神舟路员工楼,神舟路员工楼,BV10023975,113.428681,23.180493
祥云路总站,祥云路总,祥云路总站,BV09334660,113.327157,23.260211
祥元路,祥元路,祥元路,BV11465726,113.254091,23.154975
祥凤,祥凤,祥凤站,BV11591011,113.197397,23.430544
祥和路口,祥和路口,祥和路口,BV10018512,113.311743,23.02945
祥岗东街,祥岗东街,祥岗东街,BV09224099,113.246073,23.187023
祥岗社区,祥岗社区,祥岗社区,BV11683585,113.246971,23.190309
祥景花园,祥景花园,祥景花园,BV11688424,113.266479,23.20664
福上下社,福上下社,福上下社1,BV11352299,113.625229,23.569814
福上下社,福上下社,福上下社2,BV11352300,113.628132,23.572436
福上下社一站,福上下社一,福上下社一站,BV11625943,113.625229,23.569814
福上下社二站,福上下社二,福上下社二站,BV11625942,113.628132,23.572436
福从路东,福从路东,福从路东,BV11393824,113.503928,23.449564
福冠路口,福冠路口,福冠路口,BV10023339,113.331497,22.915439
福南坊,福南坊,福南坊,BV10018081,113.426619,23.083357
福和,福和,福和,BV11119542,113.630107,23.357712
福和一桥,福和一桥,福和一桥,BV09265072,113.629755,23.362686
福和医院,福和医院,福和医院,BV10860787,113.629726,23.362824
福和市场,福和市场,福和市场,BV10021565,113.628726,23.363192
福和敬老院,福和敬老院,福和敬老院,BV10860789,113.640166,23.350909
福和车站,福和车,福和车站,BV10894063,113.628466,23.366302
福安村站,福安村,福安村站,BV11400205,113.571595,22.649495
福德路口,福德路口,福德路口,BV11692469,113.343787,22.926025
福愉西路,福愉西路,福愉西路,BV10903714,113.363708,22.913998
福新村,福新村,福新村,BV11555489,113.62713,23.305696
福星社,福星社,福星社,BV11632956,113.476107,23.543996
福景路,福景路,福景路,BV11578205,113.356548,22.921309
福景路(龙岐路口),福景路(龙岐路口),福景路(龙岐路口),BV11475754,113.348982,22.921064
福泰西路,福泰西路,福泰西路,BV10595021,113.29108,23.216473
福洞小学,福洞小学,福洞小学,BV10018172,113.540878,23.278811
福洞村,福洞村,福洞村,BV10018171,113.536155,23.280558
福洞村尾,福洞村尾,福洞村尾,BV10018170,113.528869,23.280142
福洞村路口,福洞村路口,福洞村路口站,BV11573873,113.554975,23.277977
福田村,福田村,福田村,BV10019842,113.328929,22.923951
福盛花园,福盛花园,福盛花园站,BV09368663,113.176797,23.11943
福龙路口,福龙路口,福龙路口,BV11130124,113.404316,23.384824
禺山大道西,禺山大道西,禺山大道西,BV10019841,113.349514,22.94316
禺山高级中学(福贤路),禺山高级中学(福贤路),禺山高级中学(福贤路),BV10023344,113.348647,22.923288
禺山高级中学(西门),禺山高级中学(西门),禺山高级中学(西门),BV10868270,113.346663,22.924158
禺山高级中学(西门),禺山高级中学(西门),禺山高级中学,BV11692471,113.347821,22.925878
禺秀园,禺秀园,禺秀园,BV10023310,113.354059,22.944666
禾丰四街,禾丰四街,禾丰四街站,BV09238800,113.575656,23.218353
禾丰新村东门,禾丰新村东门,禾丰新村东门,BV11640360,113.54858,23.214725
禾丰新村西门,禾丰新村西门,禾丰新村西门,BV11654250,113.544732,23.212636
禾丰村,禾丰村,禾丰村,BV09232321,113.558737,23.219174
禾丰环路南,禾丰环路南,禾丰环路南,BV11654249,113.54717,23.213857
禾丰路(春分路口),禾丰路(春分路口),禾丰路(春分路口),BV09238799,113.565449,23.214042
禾丰路(永和大道口),禾丰路(永和大道口),禾丰路(永和大道口),BV11314254,113.552489,23.213525
禾丰路东,禾丰路东,禾丰路东,BV09238801,113.569082,23.216688
禾丰路中,禾丰路中,禾丰路中,BV11483388,113.557149,23.21261
禾仓村,禾仓村,禾仓村,BV11415299,113.60243,23.537595
禾仰,禾仰,禾仰,BV11331341,113.237256,23.038509
禾堂岭,禾堂岭,禾堂岭,BV09386317,113.488035,23.372123
禾岭路中,禾岭路中,禾岭路中,BV11445075,113.548349,23.213457
禾岭路南站,禾岭路南,禾岭路南站,BV11630344,113.547558,23.211717
禾石站,禾石,禾石站,BV11484096,113.324099,23.616384
秀亭二路中,秀亭二路中,秀亭二路中,BV09349635,113.220296,23.231029
秀亭二路北,秀亭二路北,秀亭二路北,BV09349633,113.21945,23.233785
秀亭二路南(白云湖西湖),秀亭二路南(白云湖西湖),秀亭二路南(白云湖西湖),BV09349634,113.221587,23.226719
秀全中学,秀全中学,秀全中学,BV10016292,113.211114,23.383906
秀塘五队,秀塘五队,秀塘五队,BV10490145,113.341925,23.444166
秀塘村委,秀塘村委,秀塘村委,BV10490147,113.344466,23.449811
秀水,秀水,秀水,BV11498902,113.297112,23.32128
秀水塘,秀水塘,秀水塘,BV10019341,113.297214,23.323264
秀水村,秀水村,秀水村,BV11119638,113.730705,23.43447
秀水街口,秀水街口,秀水街口,BV10327010,113.443911,23.369092
秀盛路口,秀盛路口,秀盛路口站,BV11490724,113.325965,23.309103
秀雅学校,秀雅学校,秀雅学校,BV11573301,113.183425,23.421962
秋枫村委,秋枫村委,秋枫村委,BV11597981,113.545031,23.390374
秋风路口,秋风路口,秋风路口,BV10555856,113.530662,23.384194
秋鹿路,秋鹿路,秋鹿路,BV11215769,113.213522,23.273628
科丰路,科丰路,科丰路,BV10915453,113.24673,23.030902
科丰路(科林路口)站,科丰路(科林路口),科丰路(科林路口)站,BV09267391,113.451046,23.140475
科丰路北,科丰路北,科丰路北,BV09198378,113.461441,23.168472
科丰路南,科丰路南,科丰路南,BV09198379,113.453717,23.147298
科丰路（科林路口）,科丰路（科林路口）,科丰路（科林路口）,CL100014,113.452546,23.143176
科兴西路,科兴西路,科兴西路,BV09069505,113.318893,23.306518
科兴路,科兴路,科兴路,BV09069503,113.323693,23.305764
科创大道北,科创大道北,科创大道北,BV09256001,113.240489,23.036852
科创大道南,科创大道南,科创大道南,BV09280995,113.240754,23.024044
科创大道南路口,科创大道南路口,科创大道南路口,BV09308763,113.242786,22.998558
科华路,科华路,科华路,BV10343613,113.356393,23.147221
科城山庄总站,科城山庄总,科城山庄总站,BV10846983,113.477907,23.190335
科学信息大厦,科学信息大厦,科学信息大厦站,BV09332613,113.433817,23.167915
科学城(揽月路)总站,科学城(揽月路)总,科学城(揽月路)总站,BV09199365,113.451124,23.164995
科学城南部公交场总站,科学城南部公交场总,科学城南部公交场总站,BV10017787,113.441442,23.154339
科学城彩频路总站,科学城彩频路总,科学城彩频路总站,BV10017533,113.426795,23.164162
科学城总站(揽月路),科学城总站(揽月路),科学城总站(揽月路),BV09266626,113.451124,23.164995
科学城路口,科学城路口,科学城路口1,BV09081247,113.409306,23.162254
科学城路口,科学城路口,科学城路口,BV11467027,113.408277,23.160446
科学城路口,科学城路口,科学城路口站1,BV09343742,113.409262,23.162536
科学城路口总站,科学城路口总,科学城路口总站,BV11010138,113.409262,23.162536
科学大道,科学大道,科学大道,BV10847049,113.419141,23.16789
科学大道(揽月路口),科学大道(揽月路口),科学大道(揽月路口),BV09406833,113.441587,23.167102
科学大道(揽月路路口),科学大道(揽月路路口),科学大道(揽月路路口),BV10653043,113.441587,23.167102
科学大道(映日路口),科学大道(映日路口),科学大道(映日路口)站,BV11075868,113.451773,23.171823
科学大道中,科学大道中,科学大道中,BV10847058,113.430643,23.167692
科学大道口,科学大道口,科学大道口站,BV11687887,113.410139,23.170219
科学大道口,科学大道口,科学大道口2,BV09212867,113.410529,23.170916
科学大道西,科学大道西,科学大道西站,BV10847078,113.42503,23.167745
科学广场,科学广场,科学广场,BV09244069,113.447323,23.169444
科学院,科学院,科学院,BV11687860,113.351134,23.185057
科学院地化所,科学院地化所,科学院地化所,BV10714269,113.36032,23.145679
科技东街北门,科技东街北门,科技东街北门,BV10016445,113.346088,23.146556
科技小镇东,科技小镇东,科技小镇东,BV09398103,113.668315,23.287942
科技服务中心,科技服务中心,科技服务中心,BV11341530,113.331251,23.302158
科教城东公交总站,科教城东公交总,科教城东公交总站,BV09181055,113.67813,23.293434
科教城小学,科教城小学,科教城小学,BV09323258,113.672013,23.283608
科教城西公交总站,科教城西公交总,科教城西公交总站,BV09181071,113.654471,23.308114
科教城西总站,科教城西总,科教城西总站,BV09284396,113.654415,23.308512
科新路,科新路,科新路,BV10021189,113.37606,23.127572
科新路口,科新路口,科新路口,BV10021190,113.376129,23.125141
科林路中,科林路中,科林路中,BV10017792,113.44052,23.144922
科林路总站,科林路总,科林路总站,BV10018194,113.442898,23.144002
科泓路,科泓路,科泓路,BV09117690,113.245696,23.022165
科泓路(科创大道路口),科泓路(科创大道路口),科泓路(科创大道路口),BV09370257,113.241205,23.023541
科珠路(科研路口),科珠路(科研路口),科珠路(科研路口),BV09241978,113.432421,23.169758
科珠路北,科珠路北,科珠路北站,BV09234811,113.432283,23.171132
科珠路南,科珠路南,科珠路南,BV11689177,113.432032,23.149444
科珠路口,科珠路口,科珠路口,BV10017793,113.433031,23.145975
科甲居委会站,科甲居委会,科甲居委会站,BV09396324,113.283221,23.255751
科甲水,科甲水,科甲水站,BV11688382,113.285061,23.256416
科甲水牌坊,科甲水牌坊,科甲水牌坊,BV11534206,113.2841,23.254686
科目二考场,科目二考场,科目二考场,BV11299094,113.236646,22.809247
科睿路,科睿路,科睿路,BV09117687,113.24656,23.025556
科翔路,科翔路,科翔路,BV10022012,113.445756,23.181421
科翔路(尖塔山路口),科翔路(尖塔山路口),科翔路(尖塔山路口),BV11467038,113.437238,23.175031
科翔路(香山路口),科翔路(香山路口),科翔路(香山路口),BV11467025,113.433643,23.174342
科达路,科达路,科达路,BV09116477,113.247276,23.026273
科韵立交西,科韵立交西,科韵立交西,BV10019619,113.368703,23.142397
科韵路,科韵路,科韵路,BV11689853,113.36869,23.125526
科韵路中,科韵路中,科韵路中,BV11689167,113.372239,23.14544
科韵路公交场,科韵路公交场,科韵路公交场,BV10014016,113.368859,23.12359
科韵路总站,科韵路总,科韵路总站,BV10022018,113.368667,23.123465
科韵路棠安路口,科韵路棠安路口,科韵路棠安路口,BV11688552,113.371059,23.135113
秧溪,秧溪,秧溪,BV11152732,113.63992,23.78593
移民新村,移民新村,移民新村,BV11268305,113.805677,23.16475
程界村,程界村,程界村,BV11688554,113.363325,23.123738
程界村,程界村,程界村站(西行),BV09094596,113.35951,23.12507
程界村,程界村,程界村站(东行),BV11462295,113.36314,23.123788
程界村,程界村,程界村1,BV09413159,113.361294,23.1245
程界西(地铁员村站),程界西(地铁员村站),程界西,BV11106523,113.358535,23.118243
程界西(地铁员村站),程界西(地铁员村站),程界西(地铁员村站),BV09316768,113.358532,23.118215
税务所,税务所,税务所,BV11118867,113.62219,23.159736
税务新村,税务新村,税务新村,BV10432263,113.196981,23.405724
穆院村,穆院村,穆院村,BV10899741,113.015054,23.128352
穗丰村,穗丰村,穗丰村,BV10017639,113.450001,23.264124
穗丰村(兴太三路)总站,穗丰村(兴太三路)总,穗丰村(兴太三路)总站,BV09403105,113.467401,23.270206
穗丰村委,穗丰村委,穗丰村委,BV11400778,113.456345,23.263999
穗丰村总站(兴太三路),穗丰村总站(兴太三路),穗丰村总站(兴太三路),BV09403797,113.467401,23.270206
穗凌公司,穗凌公司,穗凌公司,BV10387137,113.417328,23.361246
穗华中学,穗华中学,穗华中学,BV11364751,113.372245,23.081191
穗园小区,穗园小区,穗园小区,BV10018744,113.33169,23.145961
穗园小区总站,穗园小区总,穗园小区总站,BV10388930,113.331715,23.145963
穗港产学研基地站,穗港产学研基地,穗港产学研基地站,BV09083800,113.487516,22.875328
穗港智造管理中心站,穗港智造管理中心,穗港智造管理中心站,BV09240625,113.428374,22.7521
穗港码头总站,穗港码头总,穗港码头总站,BV11612631,113.526624,23.058669
穗盐桂澜路口,穗盐桂澜路口,穗盐桂澜路口,BV10251751,113.146849,23.084506
穗盐路,穗盐路,穗盐路站,BV09318581,113.21213,23.092783
穗盐路东,穗盐路东,穗盐路东,BV09351301,113.202579,23.097294
穗盐路总站,穗盐路总,穗盐路总站,BV10393984,113.195329,23.097323
空港南六路,空港南六路,空港南六路,BV11630579,113.290475,23.377398
空港大道,空港大道#1,空港大道,BV11621666,113.282434,23.225336
空港大道,空港大道(永和西街口),空港大道,BV09063602,113.286836,23.250311
空港大道,空港大道(永和西街口),空港大道(永和西街口),BV11534205,113.286567,23.251121
空港大道中,空港大道中,空港大道中,BV10021250,113.28025,23.221597
空港大道北站,空港大道北,空港大道北站,BV11279609,113.285518,23.234166
窑下冚,窑下冚,窑下冚,BV09317111,113.873579,23.226894
窖吓村,窖吓村,窖吓村,BV11522006,113.579129,23.321631
立德街,立德街,立德街,BV10504996,113.400009,23.043006
立新西路东,立新西路东,立新西路东,BV11471985,113.782129,23.179004
立景创新科技总站,立景创新科技总,立景创新科技总站,BV09406409,113.577496,23.21927
站前横路,站前横路,站前横路,BV10016671,113.247616,23.143651
站前横路口站,站前横路口,站前横路口站,BV09052838,113.248417,23.142411
站前路,站前路#1,站前路,BV09354794,113.239945,23.141067
站前路,站前路#2,站前路站,BV09348720,113.669093,23.172809
站前路(西郊大厦)总站,站前路(西郊大厦)总,站前路(西郊大厦)总站,BV11673137,113.24004,23.141207
站前路中,站前路中,站前路中,BV09353093,113.243971,23.144649
站前路公交总站,站前路公交总,站前路公交总站,BV10432246,113.198845,23.382432
站前路北,站前路北,站前路北,BV09353292,113.24733,23.147172
站前路口,站前路口,站前路口,BV10015424,113.672599,23.177955
站前路总站,站前路总,站前路总站,BV11421155,113.240009,23.141334
站南路,站南路,站南路站,BV10014073,113.250342,23.147743
站南路总站,站南路总,站南路总站,BV09012353,113.250571,23.147667
童心北,童心北,童心北,BV10021045,113.264516,23.160192
童心南,童心南,童心南,BV09217836,113.268626,23.146233
竹一村,竹一村,竹一村,BV10018923,113.349757,23.371068
竹三村总站,竹三村总,竹三村总站,BV09159438,113.341912,23.370496
竹仔园,竹仔园,竹仔园,BV09006127,113.291985,23.270864
竹园头,竹园头,竹园头,BV11417813,113.54668,23.463901
竹坑,竹坑,竹坑,BV10945041,113.93263,23.834563
竹坑保安亭,竹坑保安亭,竹坑保安亭,BV11629207,113.73235,23.412398
竹坑小学,竹坑小学,竹坑小学,BV11405739,113.729841,23.415432
竹坑村,竹坑村,竹坑村,BV11119679,113.705352,23.410865
竹坑村委,竹坑村委,竹坑村委,BV11405740,113.727489,23.414549
竹山工业区,竹山工业区,竹山工业区,BV10023284,113.385639,22.954716
竹山总站,竹山总,竹山总站,BV11621709,113.379535,22.951668
竹山村,竹山村#1,竹山村,BV10017715,113.556423,23.342557
竹山村,竹山村#2,竹山村,BV10017714,113.383101,22.953112
竹山村(番禺大道),竹山村(番禺大道),竹山村(番禺大道),BV10990061,113.379267,22.952772
竹山村口,竹山村口,竹山村口,BV11693918,113.379533,22.95165
竹料一中,竹料一中,竹料一中,BV10014395,113.343517,23.366495
竹料公交场,竹料公交场,竹料公交场,BV10019155,113.346901,23.368275
竹料墟,竹料墟,竹料墟,BV10014397,113.35095,23.36892
竹料墟,竹料墟,竹料墟(西行),BV09036708,113.350249,23.368919
竹料墟,竹料墟,竹料墟(东行),BV09033709,113.35095,23.36892
竹料大道,竹料大道,竹料大道,BV10018790,113.369338,23.362093
竹料税所,竹料税所,竹料税所,BV10014398,113.35529,23.368395
竹料综合市场,竹料综合市场,竹料综合市场,BV11385186,113.349751,23.368661
竹料路口,竹料路口,竹料路口,BV10013956,113.368969,23.360904
竹湖村,竹湖村,竹湖村,BV10490143,113.344953,23.465295
笔岗新村总站,笔岗新村总,笔岗新村总站,BV10021388,113.502277,23.109981
笔岗村,笔岗村,笔岗村,BV10022017,113.523988,23.114866
笔岗村口,笔岗村口,笔岗村口站,BV10017598,113.525583,23.1114
笔岗路,笔岗路,笔岗路,BV10021776,113.537659,23.103217
笔村总站,笔村总,笔村总站,BV10017599,113.523352,23.116052
笔村立交北,笔村立交北,笔村立交北,BV11466909,113.510538,23.126587
笔村立交南,笔村立交南,笔村立交南站,BV10714266,113.508933,23.115329
第一国际,第一国际,第一国际,BV10919948,113.750278,23.008679
第三水厂,第三水厂,第三水厂,BV10262361,113.770364,23.061071
第二人民医院,第二人民医院,第二人民医院,BV11660180,113.153266,23.465052
简塘村,简塘村,简塘村,BV10860795,113.572801,23.404597
简太路,简太路,简太路站,BV10018467,113.397357,22.892024
简太路口站,简太路口,简太路口站,BV09218822,113.397147,22.893845
米围,米围,米围,BV11323081,113.968265,23.809733
米埗(从都),米埗(从都),米埗,BV11323456,113.674511,23.680523
米埗(从都),米埗(从都),米埗(从都),BV11485628,113.675039,23.682884
米岗村委会,米岗村委会,米岗村委会,BV11314031,113.343601,23.392289
米岗村总站,米岗村总,米岗村总站,BV10022420,113.343122,23.393372
米岗牌坊,米岗牌坊,米岗牌坊,BV10019156,113.350817,23.382142
米岗西门,米岗西门,米岗西门,BV10388405,113.347182,23.387572
米田社,米田社,米田社,BV11369787,113.483907,23.551197
米龙村,米龙村,米龙村,BV11400772,113.356366,23.290712
粤垦路瑞心苑,粤垦路瑞心苑,粤垦路瑞心苑,BV11519173,113.32626,23.158336
粤新船厂总站,粤新船厂总,粤新船厂总站,BV10405467,113.373645,22.780981
粤溪村,粤溪村,粤溪村,BV10022414,113.229589,23.167155
精益大厦,精益大厦,精益大厦,BV10016611,113.258896,23.423261
紫云阁,紫云阁,紫云阁,BV10253108,113.06653,22.889913
紫坭村口,紫坭村口,紫坭村口,BV10406851,113.287544,22.892237
紫坭村委,紫坭村委,紫坭村委,BV10017284,113.284237,22.895217
紫石岗,紫石岗,紫石岗,BV11596284,113.396465,23.669421
紫荆道,紫荆道,紫荆道,BV11688525,113.246391,23.059556
紫薇路,紫薇路,紫薇路,BV10016740,113.230974,23.407266
紫金城,紫金城,紫金城,BV11175927,113.16074,23.039191
紫霞山庄,紫霞山庄,紫霞山庄,BV11310990,113.318287,23.581665
红卫岗,红卫岗,红卫岗,BV11575897,113.078998,23.01059
红山,红山,红山站,BV10974372,113.469649,23.0969
红山村,红山村,红山村,BV11604725,113.274828,23.582474
红岭,红岭,红岭,BV10887170,113.826143,23.775374
红庄社,红庄社,红庄社,BV09209207,114.024056,23.841769
红旗中心(博罗庄),红旗中心(博罗庄),红旗中心(博罗庄),BV10018284,113.361479,23.378919
红旗中心路中,红旗中心路中,红旗中心路中,BV11183575,113.368592,23.381109
红旗中心路口,红旗中心路口,红旗中心路口,BV11091848,113.351598,23.379304
红旗坊,红旗坊,红旗坊,BV11601271,113.294565,23.2573
红旗村,红旗村,红旗村,BV11268018,113.580541,23.603431
红旗童庄中心街路口,红旗童庄中心街路口,红旗童庄中心街路口,BV11176880,113.354003,23.378364
红旗路,红旗路#1,红旗路,BV11421088,113.551612,23.215771
红旗路,红旗路#2,红旗路,BV10018285,113.36607,23.367938
红旗路北,红旗路北,红旗路北,BV11121298,113.365533,23.374552
红旗路南,红旗路南,红旗路南,BV10018286,113.365183,23.365891
红旗路口,红旗路口,红旗路口,BV10014399,113.364161,23.364648
红星南路,红星南路,红星南路,BV09108097,112.984895,23.110301
红星工业路北,红星工业路北,红星工业路北,BV11402612,113.226942,23.218578
红星工业路南,红星工业路南,红星工业路南,BV11402613,113.225444,23.216436
红星平安大道南,红星平安大道南,红星平安大道南,BV10021217,113.223622,23.215446
红星村站,红星村,红星村站,BV10015924,113.472845,22.837086
红星桥,红星桥,红星桥,BV11481125,113.21665,23.219356
红星路口,红星路口,红星路口,BV10252555,113.00053,23.129519
红海货场,红海货场,红海货场,BV10024268,113.829948,23.156748
红港村站,红港村,红港村站,BV11400207,113.587615,22.632584
红湖村路口站,红湖村路口,红湖村路口站,BV11400208,113.573718,22.647542
红珠路,红珠路,红珠路站,BV09404943,113.215198,23.383214
红珠路口,红珠路口,红珠路口,BV09001427,113.216113,23.380471
红田围,红田围,红田围,BV11576163,113.709829,23.577853
红石村委,红石村委,红石村委,BV10977099,113.564375,23.438498
红线女中心,红线女中心,红线女中心,BV10988164,113.337922,23.12563
红联,红联#1,红联站,BV11596280,113.378272,23.660802
红联,红联#2,红联,BV11596279,113.397572,23.666621
红莲路,红莲路,红莲路,BV09302216,113.579344,22.684226
红谷尚品站(临时站),红谷尚品站(临时站),红谷尚品站(临时站),BV09406124,113.239145,23.363685
约场村,约场村,约场村,BV10014834,113.769195,23.432468
纳帕溪谷,纳帕溪谷,纳帕溪谷,BV10939058,113.033685,23.499314
纵一路,纵一路,纵一路,BV09292562,113.59257,23.138802
纵五路口,纵五路口,纵五路口,BV09190523,113.79891,23.204504
纸厂,纸厂,纸厂,BV09347832,113.265858,23.078605
纸厂市场,纸厂市场,纸厂市场,BV10022711,113.264692,23.076754
纸厂总站,纸厂总,纸厂总站,BV10021944,113.262419,23.078326
纸厂横马路,纸厂横马路,纸厂横马路,BV11671145,113.261346,23.078732
纸厂横马路总站,纸厂横马路总,纸厂横马路总站,BV10021807,113.261524,23.078762
纸厂邮局,纸厂邮局,纸厂邮局,BV10021797,113.263285,23.077129
纺织路,纺织路,纺织路,BV10019500,113.270844,23.113951
纽恩泰,纽恩泰,纽恩泰,BV11449180,113.626515,23.189962
绀现站,绀现,绀现站,BV11690063,113.177146,22.970185
细沥村,细沥村#1,细沥村,BV09242700,113.327532,23.314888
细沥村,细沥村#2,细沥村站,BV10018497,113.451898,22.833455
细沥村,细沥村#2,细沥村站,BV09344583,113.456948,22.82581
细沥桥站,细沥桥,细沥桥站,BV10410155,113.44902,22.838457
细沥沙栏站,细沥沙栏,细沥沙栏站,BV10388806,113.458544,22.82322
经委大厦,经委大厦,经委大厦站,BV11175929,113.134876,23.041371
经济贸易职业学校,经济贸易职业学校,经济贸易职业学校站,BV11346058,113.229787,23.486199
经贸学校,经贸学校,经贸学校,BV10262362,113.772235,23.056311
维多利广场,维多利广场,维多利广场,BV10014341,113.316091,23.137388
维翔公司,维翔公司,维翔公司,BV11568711,113.352227,23.44083
综合商业北区(临时站),综合商业北区(临时站),综合商业北区,BV10013797,113.378955,23.061014
综合商业北区(临时站),综合商业北区(临时站),综合商业北区(临时站),BV11322770,113.379997,23.061892
综合商业南区,综合商业南区,综合商业南区,BV10016014,113.395737,23.046411
综合市场,综合市场,综合市场,BV10252237,113.094886,23.122296
综合楼,综合楼,综合楼,BV10266785,113.547415,23.074448
综合管理中心,综合管理中心,综合管理中心,BV11415282,113.501924,23.44784
绿地香树花园总站,绿地香树花园总,绿地香树花园总站,BV11622030,113.153637,23.14668
绿地香树花城总站,绿地香树花城总,绿地香树花城总站,BV11187578,113.153637,23.14668
绿庭山语站,绿庭山语,绿庭山语站,BV11406677,113.39073,22.806895
绿庭雅苑,绿庭雅苑#1,绿庭雅苑站,BV11408151,113.392879,22.802835
绿庭雅苑,绿庭雅苑#2,绿庭雅苑,BV09078538,113.365238,22.924718
绿景路口,绿景路口,绿景路口,BV10252572,113.096646,23.003211
绿村村委站,绿村村委,绿村村委站,BV10641090,113.35951,22.860096
绿湖国际城站,绿湖国际城,绿湖国际城站,BV11144124,113.790027,23.197152
绿色长廊,绿色长廊,绿色长廊站,BV10736585,113.414713,22.89599
缠岗,缠岗,缠岗站,BV11407232,113.020025,23.445131
缠岗牌坊,缠岗牌坊,缠岗牌坊,BV11669775,113.011031,23.453796
缸瓦沙,缸瓦沙,缸瓦沙,BV09242689,113.557873,22.620247
罗仙村,罗仙村,罗仙村,BV11528313,113.235228,23.42907
罗仙村安置区,罗仙村安置区,罗仙村安置区,BV11209791,113.236328,23.436197
罗冲围(松南)总站,罗冲围(松南)总,罗冲围(松南)总站,BV09400280,113.216036,23.15443
罗冲围客运站,罗冲围客运,罗冲围客运站,BV10013779,113.218278,23.150878
罗冲围客运站,罗冲围客运,罗冲围客运站2,BV11675544,113.219287,23.150083
罗冲围客运站,罗冲围客运,罗冲围客运站1,BV11629687,113.217367,23.152177
罗冲围总站,罗冲围总,罗冲围总站,BV10016620,113.217586,23.158751
罗冲围总站(松南路),罗冲围总站(松南路),罗冲围总站(松南路),BV10016552,113.216433,23.15383
罗坑村,罗坑村,罗坑村,BV11119685,113.745409,23.411475
罗家村(富怡路),罗家村(富怡路),罗家村(富怡路),BV10023203,113.381385,22.94907
罗家村(市莲路),罗家村(市莲路),罗家村(市莲路),BV11689914,113.382824,22.940708
罗家村(番禺大道),罗家村(番禺大道),罗家村(番禺大道),BV11557666,113.380161,22.943062
罗屋村站,罗屋村,罗屋村站,BV11689388,112.973608,23.445454
罗屋社,罗屋社,罗屋社,BV11216188,113.730301,23.623999
罗岗市场,罗岗市场#1,罗岗市场,BV10020838,113.266728,23.251472
罗岗市场,罗岗市场#2,罗岗市场,BV11092634,113.812302,23.270848
罗岗村,罗岗村,罗岗村,BV11581963,113.268865,23.25146
罗岗村委,罗岗村委#1,罗岗村委,BV10020817,113.26632,23.248967
罗岗村委,罗岗村委#2,罗岗村委,BV11449808,113.822357,23.249132
罗庄,罗庄,罗庄,BV10873330,113.351448,22.99479
罗庄村,罗庄村,罗庄村,BV11615665,113.351663,22.994979
罗村,罗村,罗村,BV11152718,113.740631,23.687558
罗村中心广场,罗村中心广场,罗村中心广场,BV10432504,113.047399,23.06301
罗村二中,罗村二中,罗村二中,BV11651665,113.037391,23.056873
罗村医院,罗村医院,罗村医院站,BV10251713,113.039395,23.064076
罗村敬老院,罗村敬老院,罗村敬老院,BV10252537,113.034976,23.055761
罗水楼,罗水楼,罗水楼,BV11139999,113.975894,23.801675
罗洞新塘,罗洞新塘,罗洞新塘,BV09017010,113.606449,23.518599
罗洞村口,罗洞村口,罗洞村口,BV10021817,113.35782,23.288398
罗洞社,罗洞社,罗洞社,BV11216192,113.685882,23.616682
罗溪中路,罗溪中路,罗溪中路,BV11568010,113.173811,23.354204
罗溪村委,罗溪村委,罗溪村委,BV11501808,113.169645,23.352366
罗溪村总站,罗溪村总,罗溪村总站,BV10682852,113.169585,23.3525
罗溪路,罗溪路,罗溪路,BV11568012,113.17025,23.350952
罗窑路,罗窑路,罗窑路,BV11209843,113.348751,23.327369
罗边实发市场,罗边实发市场,罗边实发市场,BV10019963,113.386113,23.015507
罗隐路口,罗隐路口,罗隐路口,BV09334637,112.567244,23.162423
置业花园(1978南门),置业花园(1978南门),置业花园,BV11633018,113.838474,23.294227
置业花园(1978南门),置业花园(1978南门),置业花园(1978南门),BV11363548,113.838356,23.294148
羌洞站,羌洞,羌洞站,BV11379593,113.49271,23.215319
美国工业区,美国工业区,美国工业区,BV11655182,113.165189,23.410919
美国工业园,美国工业园,美国工业园,BV10015587,113.166341,23.415312
美尼美,美尼美,美尼美,BV09072539,113.828905,23.156345
美彩家纺产业园,美彩家纺产业园,美彩家纺产业园站,BV09043179,113.470499,22.87955
美心苑,美心苑,美心苑,BV11689915,113.394202,22.943795
美术学院,美术学院,美术学院,BV10014691,113.37779,23.043844
美林湖,美林湖,美林湖,BV10435013,113.02696,23.444174
美林湖仓库,美林湖仓库,美林湖仓库,BV11165381,113.029164,23.505613
美涂士,美涂士,美涂士,BV10254201,113.276247,22.883273
美特厂,美特厂,美特厂,BV10023058,113.462468,23.025129
美的大道江山路口,美的大道江山路口,美的大道江山路口,BV10393627,113.209699,22.941308
美的工业区,美的工业区,美的工业区,BV10254082,113.202037,22.91249
美的工业园(南珠大道),美的工业园(南珠大道),美的工业园(南珠大道)站,BV09370308,113.534877,22.720215
美的工业园站,美的工业园,美的工业园站,BV11625908,113.527839,22.732498
美的生活区站,美的生活区,美的生活区站,BV11058997,113.529755,22.729339
美的生活电器公司,美的生活电器公司,美的生活电器公司,BV10254187,113.223423,22.909219
美荔公园,美荔公园,美荔公园,BV11522012,113.572209,23.326152
美食广场南门,美食广场南门,美食广场南门,BV10977909,113.392712,22.956762
美食广场西门,美食广场西门,美食广场西门,BV10023250,113.391417,22.958714
群岗村委,群岗村委,群岗村委,BV10252183,113.0876,23.223443
群星新村,群星新村,群星新村,BV11318005,113.597856,23.131245
群星花园,群星花园,群星花园,BV10850435,113.601473,23.119451
群爱村,群爱村,群爱村,BV11544378,113.753284,23.338621
群爱村委,群爱村委,群爱村委,BV11544382,113.764127,23.330196
群爱村路口,群爱村路口,群爱村路口,BV11544381,113.777375,23.320427
群结村,群结村,群结村,BV09255220,113.515075,22.708218
群结村路口站,群结村路口,群结村路口站,BV11119876,113.511371,22.710747
群贤路,群贤路,群贤路站,BV09032518,113.32677,23.022207
翟洞村,翟洞村,翟洞村,BV11692686,113.59281,23.202311
翟洞村路口,翟洞村路口,翟洞村路口,BV09322232,113.591871,23.203764
翠宝路,翠宝路,翠宝路,BV11646085,113.262562,23.085524
翠山路,翠山路,翠山路,BV11619528,113.470391,23.161979
翠竹园总站,翠竹园总,翠竹园总站,BV10022680,113.310596,23.208647
翠竹苑,翠竹苑,翠竹苑,BV10018356,113.229051,23.086489
翡翠绿洲南门,翡翠绿洲南门,翡翠绿洲南门,BV11602761,113.546174,23.137897
翡翠蓝湾社区总站,翡翠蓝湾社区总,翡翠蓝湾社区总站,BV09302203,113.417414,22.806796
翡翠蓝湾社区站,翡翠蓝湾社区,翡翠蓝湾社区站,BV10405444,113.417414,22.806796
翰景路,翰景路,翰景路,BV11168099,113.341025,23.146942
老屋村,老屋村,老屋村,BV11488951,113.759685,23.405877
老干大学,老干大学,老干大学,BV10014338,113.26802,23.153951
老干部活动中心,老干部活动中心,老干部活动中心,BV10023291,113.355493,22.933645
老庄,老庄,老庄,BV10019145,113.333112,23.227816
耕寮村,耕寮村,耕寮村,BV10561090,113.687649,23.198267
聆雨路口,聆雨路口,聆雨路口,BV09389625,113.447254,23.166461
聆雨路路口,聆雨路路口,聆雨路路口,BV11466904,113.447254,23.166461
职教园区公交站,职教园区公交,职教园区公交站,BV10020799,113.866947,23.277301
联东U谷总站,联东U谷总,联东U谷总站,BV09166057,113.501681,23.072774
联丰卫生站,联丰卫生,联丰卫生站,BV09389309,113.621317,23.245372
联丰村,联丰村,联丰村,BV10015990,113.612813,23.248572
联丰村委,联丰村委#1,联丰村委,BV11152745,113.984112,23.811371
联丰村委,联丰村委#2,联丰村委,BV10024313,113.61825,23.246737
联乡路总站,联乡路总,联乡路总站,BV09386976,113.237988,23.381774
联兴村委,联兴村委,联兴村委,BV11382222,113.691299,23.31958
联发市场,联发市场,联发市场,BV10020887,113.592789,23.525441
联和,联和,联和,BV11687903,113.258241,23.213308
联和,联和,联和2,BV09226063,113.259037,23.212201
联和,联和,联和1,BV11637999,113.258241,23.213308
联和北,联和北,联和北,BV10017633,113.412643,23.212847
联和墟,联和墟,联和墟,BV11689574,113.419779,23.202514
联和墟总站,联和墟总,联和墟总站,BV10022293,113.419797,23.202486
联和总站(惠联路),联和总站(惠联路),联和总站(惠联路),BV10022266,113.422058,23.197157
联和路口,联和路口,联和路口,BV10847101,113.420613,23.195611
联围村路口,联围村路口,联围村路口站,BV11442563,113.492639,22.977534
联安,联安#1,联安,BV11371474,113.169515,23.104943
联安,联安#2,联安,BV11688091,113.675165,23.432714
联安村(村委),联安村(村委),联安村,BV11138642,113.674978,23.431217
联安村(村委),联安村(村委),联安村(村委),BV11156921,113.675039,23.432719
联安村四队,联安村四队,联安村四队,BV10442988,113.330324,23.464905
联安村委,联安村委,联安村委,BV11431439,113.329486,23.470262
联平村委,联平村委,联平村委,BV11498330,113.730436,23.827391
联广路东,联广路东,联广路东,BV09265899,113.52082,23.122485
联广路中,联广路中,联广路中,BV09265896,113.517782,23.122
联广路西,联广路西,联广路西,BV09254006,113.506957,23.119962
联星,联星,联星,BV11620350,113.483708,23.498279
联星村,联星村,联星村,BV11379198,113.086565,23.47237
联星西华站,联星西华,联星西华站,BV11353222,113.592028,23.537282
联星西街,联星西街,联星西街,BV11632913,113.489084,23.497607
联桂北,联桂北,联桂北,BV10014066,113.22719,23.101597
联河路中,联河路中,联河路中,BV10256264,113.145019,23.090421
联溪洞牌坊,联溪洞牌坊,联溪洞牌坊,BV11152951,113.850662,23.725252
联滘路东,联滘路东#1,联滘路东,BV09121080,113.232542,23.272309
联滘路东,联滘路东#2,联滘路东,BV10875070,113.139217,23.121544
联滘路中,联滘路中,联滘路中,BV11652332,113.228183,23.26997
联益村,联益村,联益村,BV10014878,113.84106,23.337888
联群新村,联群新村,联群新村,BV11691190,113.296489,23.43836
联群村委,联群村委,联群村委,BV11498329,113.734621,23.768641
联表,联表,联表,BV10252415,113.094358,23.157299
联诺科技站,联诺科技,联诺科技站,BV10387504,113.385773,22.889222
联边文体公园,联边文体公园,联边文体公园,BV11658752,113.283837,23.230797
联邦工业城,联邦工业城,联邦工业城,BV11164924,113.328457,22.939242
聚宝工业园,聚宝工业园,聚宝工业园,BV11028708,113.408171,23.654877
聚德中路,聚德中路,聚德中路,BV10022514,113.323092,23.086016
聚德西路,聚德西路,聚德西路,BV11184188,113.320551,23.08464
聚德西路口,聚德西路口,聚德西路口,BV11183741,113.320797,23.080583
聚德路,聚德路,聚德路,BV10017836,113.323564,23.08711
聚胜花园,聚胜花园,聚胜花园站,BV09358021,113.284017,22.804242
聚豪新村站,聚豪新村,聚豪新村站,BV09240624,113.39428,22.766452
聚贤街口,聚贤街口,聚贤街口,BV10022659,113.292809,23.330464
聚贤街牌坊,聚贤街牌坊,聚贤街牌坊,BV10611696,113.28622,23.337344
聚龙地铁站D口,聚龙地铁站D口,聚龙地铁站D口,BV09162719,113.233851,23.185141
聚龙城,聚龙城,聚龙城,BV10618561,113.020253,22.850483
聚龙工业区,聚龙工业区,聚龙工业区,BV10713667,113.230898,23.184641
聚龙村,聚龙村,聚龙村,BV10604894,113.195993,23.313679
肇庆体育中心西门,肇庆体育中心西门,肇庆体育中心西门,BV09347348,112.445498,23.064074
肇庆长途站,肇庆长途,肇庆长途站,BV10529969,112.440054,23.082689
肉联厂,肉联厂,肉联厂,BV11578759,113.617217,23.530212
育山一路中,育山一路中,育山一路中,BV09181062,113.661548,23.290184
育山四路中,育山四路中,育山四路中,BV09386112,113.651057,23.305961
育才东路,育才东路,育才东路,BV10507266,113.281885,23.459082
育才路何家庄,育才路何家庄,育才路何家庄,BV11634513,113.22201,23.451807
育水一路中,育水一路中,育水一路中,BV09398101,113.668727,23.291165
育英路,育英路,育英路,BV11636887,113.405567,23.128821
育贤路口,育贤路口,育贤路口,BV10021184,113.213862,23.136202
育龙中学,育龙中学,育龙中学,BV11624631,113.425865,22.968446
肿瘤医院,肿瘤医院,肿瘤医院,BV11601080,113.284104,23.133542
背荫,背荫,背荫,BV11152766,113.635646,23.784864
背阴村,背阴村,背阴村,BV11119640,113.793902,23.56275
胜塘,胜塘,胜塘,BV11393409,113.745195,23.758859
胜洲村,胜洲村,胜洲村,BV10416289,113.488666,23.018588
胡宅路口,胡宅路口,胡宅路口,BV11632915,113.46127,23.5135
胡屋,胡屋,胡屋站,BV11400773,113.394909,23.274611
胡忠产科医院,胡忠产科医院,胡忠产科医院,BV10016699,113.192024,23.367854
胡忠儿童医院,胡忠儿童医院,胡忠儿童医院,BV11631573,113.195643,23.39699
胡忠儿童医院总站,胡忠儿童医院总,胡忠儿童医院总站,BV10442982,113.195513,23.396856
胡忠医院,胡忠医院,胡忠医院,BV09002135,113.20089,23.384616
能源路,能源路,能源路,BV10022024,113.3404,23.166876
腊圃医院,腊圃医院,腊圃医院,BV11359681,113.783887,23.418424
腊圃村,腊圃村,腊圃村,BV11119680,113.784071,23.422234
腊圃路口,腊圃路口,腊圃路口,BV11294040,113.786331,23.417633
腊布医院,腊布医院,腊布医院,BV11118816,113.783887,23.418424
腾冲牌坊,腾冲牌坊,腾冲牌坊,BV10609326,113.08732,22.966126
腾龙大道,腾龙大道,腾龙大道,BV09299184,113.545732,23.333507
腾龙路北,腾龙路北,腾龙路北,BV10875068,113.135048,23.123125
自在城市花园,自在城市花园,自在城市花园,BV10388554,113.344519,22.992882
自来水公司,自来水公司,自来水公司,BV10020894,113.59844,23.55433
致明苑,致明苑,致明苑,BV10741033,112.945633,23.441185
航云北街,航云北街,航云北街,BV10019065,113.256134,23.180819
航海学院正门,航海学院正门,航海学院正门,BV11316204,113.473303,23.104402
航空轮胎大科学中心,航空轮胎大科学中心,航空轮胎大科学中心站,BV09062310,113.570998,23.257523
良口公交总站,良口公交总,良口公交总站,BV09361692,113.73041,23.72079
良口墟,良口墟,良口墟,BV10808751,113.730462,23.720816
良口墟总站,良口墟总,良口墟总站,BV11491341,113.73041,23.72079
良园一路,良园一路,良园一路,BV09381326,113.386314,23.366808
良园一路口,良园一路口,良园一路口,BV11681832,113.379971,23.362736
良地埠站,良地埠,良地埠站,BV10641099,113.320116,22.839882
良墩,良墩,良墩,BV09236190,113.562129,23.625804
良平村委,良平村委,良平村委,BV11152729,113.766543,23.679016
良新村委,良新村委,良新村委,BV11152740,113.725082,23.720611
良明,良明,良明,BV10875021,113.712671,23.701183
良沙一路,良沙一路,良沙一路,BV11621038,113.373305,23.353233
良沙一路(良城中路口),良沙一路(良城中路口),良沙一路(良城中路口),BV10331039,113.367759,23.356143
良沙路,良沙路,良沙路,BV11114782,113.380653,23.34953
良洞,良洞,良洞,BV11151765,113.934107,23.837709
良田一小,良田一小,良田一小,BV11655608,113.450819,23.327632
良田中路,良田中路,良田中路,BV09338749,113.380756,23.348549
良田保税路总站,良田保税路总,良田保税路总站,BV09381325,113.393521,23.355665
良田南路,良田南路,良田南路,BV11264165,113.378367,23.357629
良田大道,良田大道,良田大道站,BV11166352,113.378168,23.351631
良田村委总站,良田村委总,良田村委总站,BV10019342,113.381434,23.352415
良田村站,良田村,良田村站,BV11452841,113.653423,23.274505
良田环村西路,良田环村西路,良田环村西路,BV11264167,113.37776,23.356167
良田良狮路口,良田良狮路口,良田良狮路口,BV11182888,113.397743,23.338846
良田路口,良田路口,良田路口站,BV11689357,113.365928,23.357541
良种场一区,良种场一区,良种场一区,BV10020061,113.454693,22.940825
良种猪场,良种猪场,良种猪场站,BV11621039,113.363633,23.305902
良角站,良角,良角站,BV10023180,113.424267,22.880421
良豪,良豪,良豪,BV10252550,113.098259,23.094378
艺洲路东,艺洲路东,艺洲路东,BV10022388,113.323208,23.104267
艺苑南路,艺苑南路,艺苑南路,BV10323122,113.316928,23.095103
艺苑南路口,艺苑南路口,艺苑南路口,BV10022173,113.317521,23.097189
节能科技园,节能科技园,节能科技园,BV10014702,113.358106,22.978878
节能科技园总站,节能科技园总,节能科技园总站,BV10386996,113.363496,22.981122
芒林街,芒林街,芒林街,BV11406401,113.530598,23.363143
芙滨中路,芙滨中路,芙滨中路,BV09105490,113.235101,23.502715
芙滨路西,芙滨路西,芙滨路西,BV09404842,113.217224,23.503967
芙蓉东门,芙蓉东门,芙蓉东门,BV11161029,113.235419,23.498668
芙蓉大道路口,芙蓉大道路口,芙蓉大道路口,BV10467860,113.221594,23.465916
芙蓉度假村站,芙蓉度假村,芙蓉度假村站,BV11346064,113.233574,23.514358
芙蓉花园,芙蓉花园,芙蓉花园站,BV11346055,113.236818,23.496151
芦湾村站,芦湾村,芦湾村站,BV10015838,113.584221,22.795227
芦苞旧车站,芦苞旧车,芦苞旧车站,BV10629692,112.896261,23.353184
芦苞旧车站,芦苞旧车,芦苞旧车站(东行),BV11149008,112.896261,23.353184
芦苞行政服务中心,芦苞行政服务中心,芦苞行政服务中心,BV10620849,112.903741,23.353578
花东中学路口,花东中学路口,花东中学路口,BV11591067,113.326164,23.444884
花东中队,花东中队,花东中队,BV10016613,113.283604,23.438799
花东市场,花东市场,花东市场,BV11691191,113.314564,23.439156
花东派出所,花东派出所,花东派出所,BV11401364,113.326702,23.438091
花东镇政府(小太阳幼儿园),花东镇政府(小太阳幼儿园),花东镇政府,BV11568709,113.320305,23.439181
花东镇政府(小太阳幼儿园),花东镇政府(小太阳幼儿园),花东镇政府(小太阳幼儿园),BV11680453,113.321942,23.439032
花侨市场,花侨市场,花侨市场,BV11497169,113.36992,23.422568
花卉世界,花卉世界#1,花卉世界,BV10251983,113.156724,22.975606
花卉世界,花卉世界#2,花卉世界,BV09006098,113.215796,23.450205
花博大道,花博大道,花博大道,BV10906296,113.197856,23.067302
花园路,花园路,花园路,BV11377522,113.266165,23.194342
花园路口,花园路口,花园路口,BV11377523,113.266998,23.196165
花园酒店,花园酒店,花园酒店,BV09360551,113.283683,23.138201
花园酒店,花园酒店,花园酒店2,BV09226130,113.283683,23.138201
花地,花地,花地,BV11688506,113.227911,23.102455
花地大道,花地大道,花地大道站,BV09001039,113.228264,23.092284
花地大道,花地大道,花地大道2,BV09163014,113.228447,23.092072
花地大道,花地大道,花地大道站1,BV09304066,113.228705,23.090293
花地大道(海南村),花地大道(海南村),花地大道(海南村)站,BV10798986,113.219443,23.0573
花地大道中,花地大道中,花地大道中,BV11687889,113.228157,23.071395
花地大道北(花地湾),花地大道北(花地湾),花地大道北,BV10014795,113.229758,23.099316
花地大道北(花地湾),花地大道北(花地湾),花地大道北(花地湾),BV11688402,113.228996,23.097864
花地大道北(花地湾),花地大道北(花地湾),花地大道北(花地湾)1,BV09304067,113.229758,23.099316
花地大道南,花地大道南,花地大道南站,BV10798985,113.215126,23.052924
花地大道南总站(鹅公村),花地大道南总站(鹅公村),花地大道南总站(鹅公村),BV10405573,113.219315,23.058012
花地湾地铁站,花地湾地铁,花地湾地铁站,BV10018357,113.228539,23.090498
花城,花城,花城站,BV10023804,113.286431,23.496101
花城北路,花城北路,花城北路,BV10462379,113.202765,23.395175
花城南路,花城南路,花城南路,BV11690336,113.21184,23.376232
花城大道(华穗路口),花城大道(华穗路口)#1,花城大道站,BV11462417,113.311551,23.122453
花城大道(华穗路口),花城大道(华穗路口)#1,花城大道(华穗路口),BV10021402,113.314014,23.122237
花城大道(华穗路口),花城大道(华穗路口)#2,花城大道站,BV11474543,113.340949,23.120043
花城大道(平云路口),花城大道(平云路口),花城大道(平云路口),BV11626803,113.344679,23.119833
花城大道东,花城大道东,花城大道东,BV10014666,113.336588,23.120325
花城广场,花城广场,花城广场,BV10022054,113.317371,23.121685
花城村卫生站,花城村卫生#1,花城村卫生站,BV11382869,113.2899,23.495714
花城村卫生站,花城村卫生#2,花城村卫生站,BV09200449,113.295151,23.504664
花山两龙,花山两龙,花山两龙,BV10023846,113.276085,23.460009
花山中学,花山中学,花山中学,BV11552458,113.273987,23.460358
花山医院(106国道),花山医院(106国道),花山医院(106国道),BV10432249,113.274581,23.458444
花山医院(106国道站),花山医院(106国道站),花山医院(106国道站),BV10878861,113.274663,23.458724
花山城西村,花山城西村,花山城西村,BV10471826,113.282791,23.498811
花山村,花山村,花山村,BV09225746,113.584838,23.361696
花山第二工业区,花山第二工业区,花山第二工业区,BV10015516,113.249523,23.400116
花山镇政府,花山镇政府,花山镇政府,BV11427236,113.267599,23.436613
花岭,花岭,花岭,BV11139993,113.971099,23.770095
花林湖畔,花林湖畔,花林湖畔,BV11308175,113.520533,23.607932
花林湖畔总站,花林湖畔总,花林湖畔总站,BV11335401,113.521872,23.606256
花果山公园,花果山公园,花果山公园,BV10015550,113.213862,23.389226
花果山公园北门,花果山公园北门,花果山公园北门,BV11082510,113.214191,23.394897
花港大道路口,花港大道路口,花港大道路口,BV10492535,113.136032,23.352882
花湾路,花湾路,花湾路,BV10022777,113.233688,23.087011
花溪路口,花溪路口,花溪路口,BV10022776,113.232508,23.08502
花田路口,花田路口,花田路口站,BV09243525,113.362267,23.403112
花苑广场,花苑广场,花苑广场,BV11688738,113.147291,23.035678
花蕾路,花蕾路,花蕾路,BV10019335,113.231317,23.09583
花语阳光花园,花语阳光花园,花语阳光花园,BV11669460,113.497696,22.770048
花都120指挥中心,花都120指挥中心,花都120指挥中心,BV10431531,113.221335,23.389307
花都一中站,花都一中,花都一中站,BV10016662,113.26635,23.441158
花都儿童公园,花都儿童公园,花都儿童公园,BV10709927,113.235524,23.421919
花都儿童公园总站,花都儿童公园总,花都儿童公园总站,BV10847898,113.235524,23.421919
花都北兴总站,花都北兴总,花都北兴总站,BV11380280,113.406961,23.430858
花都区人民医院,花都区人民医院,花都区人民医院,BV09136866,113.206793,23.377023
花都区政务中心,花都区政务中心,花都区政务中心,BV11573300,113.216885,23.41633
花都区青少宫,花都区青少宫,花都区青少宫,BV11650549,113.213686,23.417061
花都区驾驶人考场,花都区驾驶人考场,花都区驾驶人考场,BV09127353,113.218898,23.462324
花都大道东,花都大道东,花都大道东,BV09063348,113.254844,23.429109
花都大道西,花都大道西,花都大道西,BV11592997,113.208498,23.430045
花都宝井,花都宝井,花都宝井,BV10016939,113.127448,23.365533
花都富力金港城总站,花都富力金港城总,花都富力金港城总站,BV10908735,113.354426,23.45949
花都广场,花都广场,花都广场,BV10016943,113.212766,23.401358
花都广场,花都广场(区政府),花都广场,BV11550145,113.216929,23.405254
花都广场(地铁A出口),花都广场(地铁A出口),花都广场(地铁A出口),BV11552460,113.216737,23.401462
花都海关,花都海关,花都海关,BV09404838,113.19869,23.389038
花都港综合办公楼,花都港综合办公楼,花都港综合办公楼,BV10492528,113.12849,23.352867
花都湖,花都湖,花都湖,BV09309193,113.224023,23.386544
花都理工学校正门,花都理工学校正门,花都理工学校正门,BV11634512,113.214363,23.434984
花都理工职业学校,花都理工职业学校,花都理工职业学校,BV10553639,113.210929,23.433023
花都美居中心,花都美居中心,花都美居中心,BV11690762,113.21995,23.360684
花都音像厂站,花都音像厂,花都音像厂站,BV10018748,113.267345,23.445391
花都飞鹅岭地铁口,花都飞鹅岭地铁口,花都飞鹅岭地铁口,BV11602106,113.150661,23.380027
芳一社,芳一社,芳一社站,BV11086413,113.484458,23.223922
芳二社,芳二社,芳二社站,BV10651927,113.495569,23.234374
芳信路总站,芳信路总,芳信路总站,BV10960952,113.20585,23.110757
芳和花园总站,芳和花园总,芳和花园总站,BV10017966,113.224548,23.080126
芳园路,芳园路,芳园路,BV11483172,113.331535,23.106247
芳园路东,芳园路东,芳园路东,BV09179368,113.334348,23.106188
芳园路口,芳园路口,芳园路口,BV11272945,113.329128,23.105853
芳村,芳村,芳村,BV11688439,113.233883,23.099706
芳村,芳村,芳村1,BV09177348,113.233484,23.100051
芳村丰年路总站,芳村丰年路总,芳村丰年路总站,BV10388702,113.22323,23.098216
芳村体育中心,芳村体育中心,芳村体育中心,BV09328566,113.210664,23.075065
芳村合兴苑,芳村合兴苑,芳村合兴苑,BV11688507,113.225491,23.093256
芳村合兴苑,芳村合兴苑,芳村合兴苑2,BV09259264,113.226402,23.093579
芳村合兴苑总站,芳村合兴苑总,芳村合兴苑总站,BV10017990,113.226137,23.094174
芳村大道西,芳村大道西,芳村大道西,BV11688499,113.209557,23.112952
芳村大道西,芳村大道西,芳村大道西1,BV09304064,113.208619,23.114426
芳村大道西(滘口汽车站)总站,芳村大道西(滘口汽车站)总,芳村大道西(滘口汽车站)总站,BV11648146,113.202109,23.118701
芳村大道西总站,芳村大道西总,芳村大道西总站,BV11035137,113.202496,23.11822
芳村客运站,芳村客运,芳村客运站,BV10014060,113.228686,23.082857
芳村客运站,芳村客运,芳村客运站1,BV09307685,113.228653,23.083554
芳村客运站总站,芳村客运站总,芳村客运站总站,BV10013594,113.229396,23.083076
芳村小学,芳村小学,芳村小学,BV11160519,113.234181,23.084849
芳村码头(信义路)总站,芳村码头(信义路)总,芳村码头(信义路)总站,BV09334622,113.239886,23.098592
芳村码头总站(信义路),芳村码头总站(信义路),芳村码头总站(信义路),BV11163446,113.239886,23.098592
芳村花园,芳村花园,芳村花园,BV10018552,113.220314,23.077295
芳村花园(花园东街),芳村花园(花园东街),芳村花园(花园东街),BV11684648,113.219744,23.080056
芳村花园北门,芳村花园北门,芳村花园北门,BV10018353,113.217733,23.080959
芳村花园南门总站,芳村花园南门总,芳村花园南门总站,BV11279624,113.218864,23.076708
芳村葵蓬总站,芳村葵蓬总,芳村葵蓬总站,BV10017985,113.20697,23.089288
芳村西塱总站,芳村西塱总,芳村西塱总站,BV10016194,113.227784,23.067833
芳村车管所,芳村车管所,芳村车管所,BV10638285,113.20693,23.073526
芳村隧道口,芳村隧道口,芳村隧道口,BV11458809,113.230935,23.102264
苏元庄东街口,苏元庄东街口,苏元庄东街口,BV10022423,113.271551,23.267351
苏坑,苏坑,苏坑,BV11169369,113.67288,23.713645
苏溪村,苏溪村,苏溪村,BV10596724,113.030413,22.860906
苗圃,苗圃,苗圃,BV11689187,113.360175,23.170536
茂敦路口,茂敦路口,茂敦路口,BV11352956,113.414749,23.588546
茂新村,茂新村,茂新村,BV10018734,113.553045,23.607618
范湖工业园,范湖工业园,范湖工业园,BV10326005,112.972851,23.309206
范湖市场,范湖市场,范湖市场,BV10255244,112.994714,23.311228
范湖机场,范湖机场,范湖机场,BV10394502,112.967348,23.309169
茅坪,茅坪,茅坪,BV11152735,113.691973,23.798021
茅山,茅山,茅山,BV11484181,113.209298,23.297016
茅山大道北,茅山大道北,茅山大道北,BV09223738,113.631058,23.131384
茅山大道南,茅山大道南,茅山大道南,BV09171588,113.631066,23.112122
茅山新二社,茅山新二社,茅山新二社,BV10612361,113.209816,23.313669
茅山新庄口,茅山新庄口,茅山新庄口,BV11484170,113.205157,23.304633
茅山村委会,茅山村委会,茅山村委会,BV11484173,113.207906,23.302286
茅岗,茅岗,茅岗,BV11502695,113.426915,23.10766
茅岗,茅岗,茅岗,BV10018275,113.426295,23.108478
茅岗公寓,茅岗公寓,茅岗公寓站,BV09190191,113.438887,23.112862
茅岗口,茅岗口,茅岗口,BV10013822,113.430664,23.110762
茅岗工业区,茅岗工业区,茅岗工业区,BV11333208,113.443152,23.339369
茅岗市场,茅岗市场,茅岗市场,BV11609231,113.432442,23.120325
茅岗新岗路,茅岗新岗路,茅岗新岗路,BV11655612,113.443021,23.351343
茅岗新村站,茅岗新村,茅岗新村站,BV10885187,113.439549,23.115408
茅岗村,茅岗村,茅岗村,BV10013823,113.431424,23.116108
茅岗路南,茅岗路南,茅岗路南,BV10017798,113.429286,23.108187
茅岗路口,茅岗路口,茅岗路口,BV09242887,113.439252,23.123224
茅田村,茅田村,茅田村,BV11119632,113.63493,23.341506
茅田路口,茅田路口,茅田路口,BV11323073,113.860281,23.893149
茅草庄,茅草庄,茅草庄,BV11392389,113.322673,23.320152
茘红路总站,茘红路总,茘红路总站,BV11491807,113.180507,23.387796
茭塘东村牌坊,茭塘东村牌坊,茭塘东村牌坊,BV11402202,113.499245,23.00997
茭塘西,茭塘西,茭塘西,BV10416290,113.49428,23.003401
茶东东村,茶东东村,茶东东村,BV10020078,113.410747,22.960952
茶东小学,茶东小学,茶东小学,BV10020073,113.40633,22.962503
茶东总站,茶东总,茶东总站,BV10023301,113.410894,22.96524
茶东村(富怡路),茶东村(富怡路),茶东村(富怡路),BV10672648,113.407082,22.95996
茶东村(茶东路),茶东村(茶东路),茶东村(茶东路),BV10023300,113.405301,22.963287
茶东村西,茶东村西,茶东村西,BV10023313,113.400358,22.956982
茶元岗文化室,茶元岗文化室,茶元岗文化室,BV11564454,113.297309,23.263745
茶叶市场,茶叶市场,茶叶市场,BV10017989,113.218011,23.106468
茶园市场,茶园市场,茶园市场,BV11364426,113.206908,23.401898
茶塘村,茶塘村,茶塘村,BV11692319,113.099655,23.31837
茶山,茶山,茶山,BV11315200,113.794325,23.511765
茶山下,茶山下,茶山下,BV11400774,113.440541,23.261463
茶山庄,茶山庄,茶山庄,BV10019236,113.352596,23.26459
茶滘路,茶滘路,茶滘路站,BV11167618,113.222079,23.091568
茶滘路总站,茶滘路总,茶滘路总站,BV10331027,113.218635,23.089722
茶漖小区,茶漖小区,茶漖小区,BV10014064,113.224114,23.093807
茶碑路北,茶碑路北,茶碑路北,BV11233013,113.182944,23.424494
草场,草场,草场,BV11541081,113.189901,23.188067
草场居委会,草场居委会,草场居委会,BV09005940,113.190131,23.189772
草场工业区,草场工业区,草场工业区,BV11541079,113.186023,23.19071
草场工业园,草场工业园,草场工业园,BV10733579,113.186411,23.190279
草场村,草场村,草场村站,BV09005953,113.19527,23.198181
草埔,草埔,草埔,BV10501356,113.916453,23.777522
草堂村,草堂村,草堂村,BV10015113,113.460219,23.030453
草堂车站,草堂车,草堂车站,BV10015112,113.459766,23.033211
草塘村,草塘村,草塘村,BV10393621,113.096409,23.099356
草墩,草墩,草墩,BV10266620,113.749954,23.120355
草庄东路口,草庄东路口,草庄东路口,BV09242696,113.327537,23.319774
草庄公园,草庄公园,草庄公园,BV11117608,113.326964,23.325354
草庄南路,草庄南路,草庄南路,BV10019178,113.327371,23.318637
草庄村,草庄村,草庄村,BV11330439,113.328018,23.324781
草庄村总站,草庄村总,草庄村总站,BV10022192,113.327672,23.324625
草弄庄站,草弄庄,草弄庄站,BV11591016,113.194384,23.429466
草暖公园,草暖公园#1,草暖公园,BV10013622,113.253863,23.148837
草暖公园,草暖公园#2,草暖公园,BV09137008,113.078884,23.225578
草河小学,草河小学,草河小学,BV10023329,113.400685,22.917815
草河村,草河村,草河村站,BV10014912,113.392294,22.916553
草河村委,草河村委,草河村委,BV10023328,113.39725,22.915759
草河牌坊,草河牌坊,草河牌坊,BV10023327,113.393606,22.914392
草罗村,草罗村,草罗村,BV09067304,113.219273,23.48728
草芳围,草芳围,草芳围,BV10014581,113.269718,23.11491
荔信三街,荔信三街,荔信三街,BV09117110,113.244605,23.069785
荔勤北路(崇文四路口),荔勤北路(崇文四路口),荔勤北路(崇文四路口),BV09066311,113.233597,23.070292
荔勤北路中,荔勤北路中,荔勤北路中,BV09066310,113.237322,23.072021
荔勤南路,荔勤南路,荔勤南路,BV09149595,113.240964,23.067601
荔勤南路(崇文四路口),荔勤南路(崇文四路口),荔勤南路(崇文四路口)(北行),BV09308841,113.237087,23.067996
荔勤南路(崇文四路口),荔勤南路(崇文四路口),荔勤南路(崇文四路口)(南行),BV09308840,113.23756,23.066737
荔勤南路(崇文四路口),荔勤南路(崇文四路口),荔勤南路(崇文四路口),BV09191080,113.237028,23.068091
荔勤南路总站,荔勤南路总,荔勤南路总站,BV09234523,113.238268,23.066484
荔园,荔园,荔园,BV11590046,112.949146,23.36041
荔圃宾馆,荔圃宾馆,荔圃宾馆,BV10022870,113.645042,23.647343
荔城三中(A站),荔城三中(A站),荔城三中,BV10020763,113.793969,23.296706
荔城三中(A站),荔城三中(A站),荔城三中(A站),BV09173467,113.794844,23.297691
荔城中学,荔城中学,荔城中学,BV10020795,113.847328,23.283946
荔城二小,荔城二小,荔城二小,BV10020755,113.829127,23.289666
荔城医院,荔城医院,荔城医院,BV09302543,113.825165,23.293195
荔城花园,荔城花园,荔城花园,BV10020764,113.782508,23.288246
荔城街党群中心,荔城街党群中心,荔城街党群中心,BV11455883,113.807138,23.290044
荔城街道办,荔城街道办,荔城街道办,BV09400274,113.818841,23.295878
荔新路口(新塘),荔新路口(新塘),荔新路口(新塘),BV11575475,113.608875,23.12592
荔新路口(新塘),荔新路口(新塘),荔新路口,BV11662112,113.608875,23.12592
荔星大道北,荔星大道北,荔星大道北,BV09389723,113.796017,23.305403
荔景中学,荔景中学,荔景中学,BV11621324,113.806536,23.282127
荔枝园西,荔枝园西,荔枝园西,BV10018126,113.537126,23.092343
荔枝小镇,荔枝小镇,荔枝小镇,BV11450234,113.707799,23.20736
荔湖城,荔湖城,荔湖城,BV10562531,113.596696,23.215477
荔湖城总站,荔湖城总,荔湖城总站,BV10632869,113.597843,23.214948
荔湖社区总站,荔湖社区总,荔湖社区总站,BV11455375,113.82688,23.244714
荔湖站,荔湖,荔湖站,BV11360400,113.813483,23.258202
荔湾图书馆,荔湾图书馆,荔湾图书馆,BV11137778,113.232682,23.131515
荔湾湖公园西门,荔湾湖公园西门,荔湾湖公园西门,BV11688488,113.224907,23.124408
荔湾湖西门,荔湾湖西门,荔湾湖西门,BV09372074,113.224907,23.124408
荔湾路,荔湾路,荔湾路2,BV09162065,113.238122,23.130384
荔湾路,荔湾路,荔湾路1,BV09233339,113.238041,23.130568
荔湾路,荔湾路,荔湾路,BV09374429,113.237507,23.129788
荔湾路口,荔湾路口,荔湾路口1,BV09271782,113.234999,23.128309
荔湾路口,荔湾路口,荔湾路口2,BV11164816,113.234458,23.128301
荔湾路口,荔湾路口,荔湾路口,BV10016144,113.234639,23.128191
荔红中路,荔红中路#1,荔红中路,BV10847173,113.501771,23.178003
荔红中路,荔红中路#2,荔红中路站,BV09078881,113.180416,23.390325
荔红二路,荔红二路,荔红二路站,BV10846984,113.496029,23.169747
荔红南路,荔红南路,荔红南路站,BV11435995,113.179219,23.377678
荔红路,荔红路,荔红路,BV09232690,113.506641,23.179202
荔红路口,荔红路口,荔红路口,BV10387632,113.177838,23.398743
荔红路总站,荔红路总,荔红路总站,BV11384732,113.180508,23.387735
荔茵幼儿园,荔茵幼儿园,荔茵幼儿园,BV11118424,113.823851,23.304436
荔香公园,荔香公园,荔香公园,BV11360404,113.496689,23.449559
荔香路,荔香路,荔香路,BV10017071,113.438775,23.100599
荔香路南,荔香路南,荔香路南,BV11448837,113.43904,23.098667
荟贤路北,荟贤路北,荟贤路北,BV09066770,113.302468,23.238782
荣兴路,荣兴路,荣兴路,BV10014796,113.226831,23.096634
荷塘村,荷塘村,荷塘村,BV09314210,113.051065,23.395864
荷景花园,荷景花园,荷景花园,BV11691294,113.34071,22.908988
荷景路,荷景路,荷景路站,BV11629137,113.247649,23.058683
荷景路中,荷景路中,荷景路中,BV10990018,113.244014,23.058687
荷景路西,荷景路西,荷景路西,BV10019118,113.237853,23.058671
荷村,荷村#1,荷村,BV09351784,113.524167,23.143649
荷村,荷村#2,荷村,BV11687961,113.961122,23.810753
荷村牌坊(荷岳公路),荷村牌坊(荷岳公路),荷村牌坊(荷岳公路),BV10252357,113.100156,22.959015
荷村路口,荷村路口,荷村路口,BV11323076,113.558907,23.60061
荷棠下村,荷棠下村,荷棠下村,BV09298085,113.515226,23.355463
莘田小学,莘田小学,莘田小学站,BV11448861,113.405848,23.409606
莘田工业区,莘田工业区,莘田工业区,BV10018787,113.411317,23.417877
莘田村,莘田村,莘田村,BV10888823,112.948722,23.401046
莘田村委,莘田村委,莘田村委,BV10018786,113.407889,23.412642
莘田牌坊,莘田牌坊,莘田牌坊,BV10573528,112.944206,23.411331
莞香水果市场,莞香水果市场,莞香水果市场,BV11219601,113.758769,23.099617
莫庄,莫庄,莫庄,BV11115116,113.480526,23.430716
莫庄村,莫庄村,莫庄村,BV11332851,113.481963,23.430206
莱茵汇(广百),莱茵汇(广百),莱茵汇,BV09311801,113.595923,23.52868
莱茵汇(广百),莱茵汇(广百),莱茵汇(广百),BV09400587,113.595899,23.528695
莱茵汇总站,莱茵汇总,莱茵汇总站,BV09356516,113.595859,23.528721
莲塘南,莲塘南,莲塘南,BV11690356,113.240422,23.389535
莲塘市场,莲塘市场,莲塘市场,BV11595181,113.241898,23.39639
莲塘村,莲塘村#1,莲塘村,BV11619428,113.651416,23.280757
莲塘村,莲塘村#2,莲塘村,BV11619425,113.484674,23.342011
莲塘村,莲塘村#3,莲塘村,BV11619427,113.446023,23.660966
莲塘村,莲塘村#4,莲塘村,BV11619426,113.24609,23.399211
莲塘村委站,莲塘村委,莲塘村委站,BV11452845,113.659808,23.270166
莲塘村总站,莲塘村总,莲塘村总站,BV10017614,113.484739,23.342372
莲塘面村,莲塘面村,莲塘面村,BV10015369,113.726397,23.278047
莲山中路,莲山中路,莲山中路,BV09407240,113.244069,23.430498
莲峰书院,莲峰书院,莲峰书院,BV10251629,113.081685,23.00271
莲港大道中,莲港大道中,莲港大道中,BV11610673,113.487073,22.972723
莲港大道西,莲港大道西,莲港大道西站,BV09254334,113.480647,22.969919
莲港大道西,莲港大道西,莲港大道西分站,BV09201156,113.480563,22.970027
莲溪,莲溪,莲溪,BV09246211,113.421982,23.114896
莲溪,莲溪,莲溪站,BV09326646,113.421851,23.115008
莲溪大道站,莲溪大道,莲溪大道站,BV11414812,113.504737,22.850268
莲溪村站,莲溪村,莲溪村站,BV11037277,113.499847,22.834242
莲溪路口,莲溪路口,莲溪路口,BV11487906,113.412458,23.106616
莲花山交警中队,莲花山交警中队,莲花山交警中队,BV10023071,113.47571,22.978136
莲花山庄,莲花山庄,莲花山庄,BV10023098,113.490199,22.987574
莲花山港,莲花山港,莲花山港,BV10019765,113.495022,22.971686
莲花山港总站,莲花山港总,莲花山港总站,BV10023192,113.500631,22.970903
莲花山港正门,莲花山港正门,莲花山港正门,BV11447764,113.500525,22.970805
莲花山车站,莲花山车,莲花山车站,BV10023434,113.495397,22.978561
莲花市场,莲花市场,莲花市场,BV10020773,113.826388,23.292478
莲花砚路,莲花砚路,莲花砚路,BV10023976,113.431559,23.177204
莹湖公园站,莹湖公园,莹湖公园站,BV09305898,113.53506,22.814225
莺涌,莺涌,莺涌,BV10253344,113.154232,23.090085
菠萝山,菠萝山,菠萝山,BV11662634,113.368373,23.215245
菰坂塘,菰坂塘,菰坂塘,BV09246641,113.475372,23.271838
菰板塘,菰板塘,菰板塘,BV09258273,113.475103,23.271712
菱王电梯,菱王电梯,菱王电梯,BV11027607,112.922471,23.43445
萝坎村,萝坎村,萝坎村,BV10653047,113.501139,23.174286
萝岗,萝岗,萝岗站,BV09241911,113.51806,23.184515
萝岗万达广场总站,萝岗万达广场总,萝岗万达广场总站,BV10535359,113.460815,23.168332
萝岗中医院,萝岗中医院,萝岗中医院,BV09389725,113.505483,23.17873
萝岗会议中心,萝岗会议中心,萝岗会议中心站,BV10847168,113.471916,23.181434
萝岗会议中心西,萝岗会议中心西,萝岗会议中心西站,BV10847161,113.469557,23.183066
萝岗区青少年宫,萝岗区青少年宫,萝岗区青少年宫,BV09314022,113.48705,23.179004
萝岗大塱村站,萝岗大塱村,萝岗大塱村站,BV11105960,113.482065,23.177596
萝岗市民广场,萝岗市民广场,萝岗市民广场站,BV10847176,113.475343,23.181296
萝岗总站,萝岗总,萝岗总站,BV10018576,113.50439,23.177104
萝岗村口,萝岗村口,萝岗村口站,BV11687956,113.518736,23.165917
萝岗村委,萝岗村委,萝岗村委,BV10919110,113.49848,23.177425
萝岗行政执法楼,萝岗行政执法楼,萝岗行政执法楼,BV09377806,113.466258,23.177259
萝岗行政执法综合楼,萝岗行政执法综合楼,萝岗行政执法综合楼,BV11062754,113.466258,23.177259
萝岗香雪(梅花世界)总站,萝岗香雪(梅花世界)总,萝岗香雪(梅花世界)总站,BV11632957,113.518177,23.181925
萝岗香雪总站,萝岗香雪总,萝岗香雪总站,BV10017511,113.519906,23.182383
萝岗香雪牌坊,萝岗香雪牌坊,萝岗香雪牌坊站,BV10847097,113.497534,23.176103
萝岭路(永顺大道口),萝岭路(永顺大道口),萝岭路(永顺大道口)站,BV11488680,113.492279,23.214142
萝岭路南,萝岭路南,萝岭路南,BV11531909,113.489148,23.197741
萝峰小学,萝峰小学,萝峰小学,BV11102410,113.50932,23.179887
萝峰村,萝峰村,萝峰村站,BV10847185,113.509443,23.181941
萝峰村口,萝峰村口,萝峰村口,BV11102407,113.511969,23.180594
萝格路口,萝格路口,萝格路口站,BV10653031,113.514243,23.165129
营三街,营三街,营三街站,BV11486454,113.429935,23.546631
营溪村,营溪村,营溪村,BV11171949,113.338079,23.297222
萧岗市场,萧岗市场,萧岗市场,BV11377521,113.25764,23.1931
萧岗明珠北路,萧岗明珠北路,萧岗明珠北路,BV09325409,113.271536,23.200884
萧岗涌北大街,萧岗涌北大街,萧岗涌北大街,BV10570148,113.26435,23.192589
萧岗齐富二横路,萧岗齐富二横路,萧岗齐富二横路站,BV11651211,113.262527,23.197752
葵湖村,葵湖村,葵湖村,BV11463928,113.825672,23.193668
葵蓬一队,葵蓬一队,葵蓬一队,BV10017988,113.215928,23.098586
葵蓬小学,葵蓬小学,葵蓬小学,BV11167616,113.210945,23.092086
葵蓬西滘市场,葵蓬西滘市场,葵蓬西滘市场,BV10800908,113.210329,23.090138
葵蓬西滘村,葵蓬西滘村,葵蓬西滘村,BV11167615,113.210641,23.089904
蒋村,蒋村,蒋村,BV11544379,113.798523,23.311832
蒋村总站,蒋村总,蒋村总站,BV11459258,113.798432,23.310799
蒙花布,蒙花布,蒙花布,BV11119364,113.896577,23.43753
蒲鱼庄,蒲鱼庄,蒲鱼庄,BV10019339,113.294429,23.313641
蓄能电站,蓄能电,蓄能电站,BV10775397,113.929753,23.782586
蓝天高级技校站,蓝天高级技校,蓝天高级技校站,BV09206704,113.647503,23.346749
蓝山上坊社,蓝山上坊社,蓝山上坊社,BV11441815,113.73177,23.190036
蓝山村,蓝山村,蓝山村,BV10023003,113.733263,23.194764
蓝山村委,蓝山村委,蓝山村委,BV10024245,113.730681,23.186826
蓝楹街长岗中学,蓝楹街长岗中学,蓝楹街长岗中学,BV11634515,113.212808,23.429709
蓝珠,蓝珠,蓝珠,BV10939052,113.06288,23.42321
蓝珠一社,蓝珠一社,蓝珠一社站,BV11406988,113.062533,23.43013
蓝珠二社,蓝珠二社,蓝珠二社站,BV11407234,113.062711,23.423276
蓝田东路,蓝田东路,蓝田东路站,BV11480862,113.580744,23.54842
蓝田村,蓝田村,蓝田村,BV11412280,113.046553,23.391849
蓬涌,蓬涌,蓬涌站,BV10254418,113.187555,23.033019
蓼江上梁,蓼江上梁,蓼江上梁,BV10018882,113.182325,23.292425
蓼江村,蓼江村,蓼江村,BV10014426,113.184413,23.288685
蓼江村小学,蓼江村小学,蓼江村小学,BV10018881,113.182677,23.289098
蔗山村口,蔗山村口,蔗山村口,BV10020069,113.401336,22.974371
蔡三村,蔡三村,蔡三村,BV10020031,113.370254,22.971639
蔡三村口,蔡三村口,蔡三村口,BV10019956,113.37541,22.96969
蔡二新村,蔡二新村,蔡二新村,BV10015075,113.369753,22.962456
蔡二村(番禺大道),蔡二村(番禺大道),蔡二村(番禺大道),BV10992532,113.36675,22.966181
蔡新路口站,蔡新路口,蔡新路口站,BV10014978,113.331533,22.833475
蔡边,蔡边,蔡边,BV10255595,112.904773,23.340536
蔡边市场,蔡边市场,蔡边市场,BV10015074,113.371796,22.9646
蔡边村,蔡边村,蔡边村,BV10019955,113.374026,22.967274
蔡边村(番禺大道),蔡边村(番禺大道),蔡边村(番禺大道),BV11131946,113.371326,22.96297
蔡边村总站,蔡边村总,蔡边村总站,BV10015073,113.374025,22.967086
蔴地岗,蔴地岗,蔴地岗,BV11028713,113.409289,23.699296
蕉利北,蕉利北,蕉利北站,BV10263706,113.674503,23.086313
蕉利南,蕉利南,蕉利南站,BV10263906,113.677371,23.082671
蕉园路口,蕉园路口,蕉园路口,BV09344819,113.512043,23.069181
蕉石岭,蕉石岭,蕉石岭,BV10327017,113.852385,23.280023
蕉西路中站,蕉西路中,蕉西路中站,BV11421795,113.519202,22.791438
蕉西路北站,蕉西路北,蕉西路北站,BV11101901,113.526119,22.803381
蕉门公交总站,蕉门公交总,蕉门公交总站,BV10525622,113.522113,22.803795
蕉门公园站,蕉门公园,蕉门公园站,BV11252849,113.526149,22.798535
蕉门地铁(区政府)站,蕉门地铁(区政府),蕉门地铁(区政府)站,BV09078572,113.521581,22.803345
蕉门地铁总站,蕉门地铁总,蕉门地铁总站,BV11580784,113.5227,22.804279
蕉门地铁站,蕉门地铁,蕉门地铁站,BV10014705,113.521581,22.803345
蕉门村牌坊站,蕉门村牌坊,蕉门村牌坊站,BV11412580,113.51353,22.803682
蕉门村站,蕉门村,蕉门村站,BV10015930,113.515115,22.806645
蕉门河社区服务中心站,蕉门河社区服务中心,蕉门河社区服务中心站,BV10413212,113.527738,22.79253
藏书院村,藏书院村,藏书院村,BV10017065,113.05023,23.317478
藤业一路中,藤业一路中,藤业一路中,BV11271516,113.200608,23.149553
藤业一路西,藤业一路西,藤业一路西,BV11271515,113.195972,23.149562
藤业路,藤业路,藤业路,BV10255222,113.197373,23.143041
虎塘村,虎塘村,虎塘村,BV11209846,113.321286,23.332045
虎塘村委总站,虎塘村委总,虎塘村委总站,BV11269586,113.321508,23.33213
虎榜市场,虎榜市场,虎榜市场站,BV11371467,113.176182,23.098266
虎榜路口,虎榜路口,虎榜路口,BV11689901,113.171719,23.09791
虎沙大道,虎沙大道,虎沙大道站,BV11664538,113.510517,22.859181
虎窿村总站,虎窿村总,虎窿村总站,BV10382332,113.559509,23.354418
虎门渡口(上湾小区)站,虎门渡口(上湾小区),虎门渡口(上湾小区)站,BV09271070,113.581974,22.802592
虎门渡口总站,虎门渡口总,虎门渡口总站,BV09099103,113.581965,22.802578
虎门渡口站,虎门渡口,虎门渡口站,BV09305393,113.582188,22.803229
虎门轮渡码头总站,虎门轮渡码头总,虎门轮渡码头总站,BV10981568,113.582242,22.808381
虎门高速联络道站,虎门高速联络道,虎门高速联络道站,BV11393017,113.582489,22.77522
虾角,虾角,虾角,BV11352942,113.355242,23.573609
蚌湖,蚌湖,蚌湖,BV11589185,113.255243,23.299604
蚌湖公园,蚌湖公园,蚌湖公园,BV10019049,113.255602,23.300576
蚌湖市场,蚌湖市场,蚌湖市场,BV11589189,113.253631,23.297208
蚌湖桥南,蚌湖桥南,蚌湖桥南,BV10019045,113.2658,23.290812
蚌湖清河大街总站,蚌湖清河大街总,蚌湖清河大街总站,BV09314979,113.26406,23.289625
蚬涌,蚬涌,蚬涌站,BV10014947,113.380241,22.918194
蚬涌市场,蚬涌市场,蚬涌市场站,BV09258709,113.386123,22.917665
蚬涌路口,蚬涌路口,蚬涌路口,BV11667003,113.389151,22.917377
蛇龙北,蛇龙北,蛇龙北,BV11689456,113.131189,23.107661
蛇龙南,蛇龙南,蛇龙南,BV10256140,113.130915,23.10328
蛟潭,蛟潭,蛟潭,BV11418011,113.629266,23.489357
蛤地地铁站,蛤地地铁,蛤地地铁站,BV10709326,113.723027,22.980509
蜜仔窿,蜜仔窿,蜜仔窿,BV11369777,113.462707,23.566512
融创乐园,融创乐园,融创乐园,BV11207951,113.229537,23.430305
融创公交总站,融创公交总,融创公交总站,BV11406346,113.236744,23.435964
融创文旅城,融创文旅城,融创文旅城,BV11431446,113.230951,23.427522
融穗澜湾,融穗澜湾,融穗澜湾,BV11515404,113.375821,22.929525
融通路中(滨江1号),融通路中(滨江1号),融通路中,BV10580313,113.159255,23.074155
融通路中(滨江1号),融通路中(滨江1号),融通路中(滨江1号),BV10766677,113.161458,23.073982
螺旋三路,螺旋三路,螺旋三路,BV11574680,113.364322,23.063798
螺旋四路东,螺旋四路东,螺旋四路东,BV10573516,113.364778,23.061949
螺旋四路西,螺旋四路西,螺旋四路西,BV10573514,113.362679,23.061983
螺旋大道西,螺旋大道西,螺旋大道西,BV10456439,113.365527,23.069228
蟹坑村,蟹坑村,蟹坑村,BV11632874,113.193913,23.195234
蟹山,蟹山,蟹山,BV11692468,113.42817,23.099143
蟹山西,蟹山西,蟹山西,BV10021325,113.429504,23.101268
蟹庄村,蟹庄村,蟹庄村,BV11333204,113.482826,23.374075
蟹庄村口,蟹庄村口,蟹庄村口,BV10013854,113.493152,23.375037
蟹庄村总站,蟹庄村总,蟹庄村总站,BV10013853,113.47999,23.373544
蟾龙北路,蟾龙北路,蟾龙北路,BV09360470,113.166575,23.08831
行云街,行云街,行云街,BV09063357,113.366386,23.172741
行政中心,行政中心,行政中心,BV11119390,113.808191,23.263087
行知学院,行知学院,行知学院,BV11171948,113.298083,23.279445
袁家涌南门楼,袁家涌南门楼,袁家涌南门楼,BV10262625,113.682966,23.10393
裕丰围总站,裕丰围总,裕丰围总站,BV09245156,113.450411,23.098811
裕丰桥,裕丰桥,裕丰桥,BV10019786,113.484993,22.942343
裕丰钢铁厂站(南门),裕丰钢铁厂站(南门),裕丰钢铁厂站(南门),BV11575316,113.409032,22.886709
裕丰钢铁厂站(南门),裕丰钢铁厂站(南门),裕丰钢铁厂站,BV10023177,113.409027,22.886709
裕安围,裕安围,裕安围,BV10811385,113.220752,23.061826
裕安围东约,裕安围东约,裕安围东约,BV10022525,113.223062,23.065715
裕海路,裕海路,裕海路,BV10017979,113.190971,23.072198
裕海路总站,裕海路总,裕海路总站,BV11265333,113.190971,23.072198
西一村,西一村,西一村,BV11467702,113.261762,23.051714
西一村下北,西一村下北,西一村下北,BV11467703,113.258973,23.050862
西一村工业路,西一村工业路,西一村工业路,BV11467700,113.267215,23.052369
西三村口,西三村口,西三村口,BV11483559,113.262924,23.042806
西三村总站,西三村总,西三村总站,BV10023224,113.258644,23.042449
西丽小学,西丽小学,西丽小学,BV10015085,113.346737,22.933663
西丽工业区,西丽工业区,西丽工业区,BV10015087,113.343081,22.936621
西丽桥北,西丽桥北,西丽桥北,BV10023288,113.349683,22.931854
西丽桥南,西丽桥南,西丽桥南,BV11691211,113.350604,22.926838
西丽路,西丽路,西丽路,BV11131894,113.348543,22.939352
西乡二路路口,西乡二路路口,西乡二路路口,BV10023222,113.264985,23.042947
西二村,西二村,西二村,BV09372016,113.266979,23.037112
西二村,西二村,西二村,BV11220559,113.269555,23.045278
西二村口,西二村口,西二村口,BV10020341,113.266779,23.037038
西二村市场,西二村市场,西二村市场,BV11508603,113.26759,23.043261
西华寺,西华寺,西华寺,BV11541077,113.196417,23.201017
西华村总站,西华村总,西华村总站,BV10393700,113.195694,23.202907
西华路,西华路,西华路,BV10021674,113.246198,23.132511
西华路尾,西华路尾,西华路尾,BV09243511,113.236476,23.138024
西华路尾总站,西华路尾总,西华路尾总站,BV10021696,113.237566,23.138199
西南加油站,西南加油,西南加油站,BV10690636,113.81616,23.119944
西南工业区,西南工业区,西南工业区,BV10015425,113.688816,23.178364
西南市场,西南市场,西南市场,BV10251908,112.886235,23.159383
西南村,西南村,西南村,BV11119359,113.704501,23.168816
西南村委会,西南村委会,西南村委会,BV10690639,113.819234,23.117612
西南鹏城小学,西南鹏城小学,西南鹏城小学,BV10348274,113.8152,23.120623
西后街,西后街,西后街,BV10022778,113.234489,23.090268
西向,西向,西向,BV11398019,113.513881,23.424822
西向村,西向村,西向村,BV11359629,113.407972,23.713597
西和牌坊,西和牌坊,西和牌坊,BV11366911,113.578754,23.617309
西园,西园,西园,BV10896449,113.352117,22.938787
西园村,西园村,西园村,BV10016268,113.830046,23.397663
西场总站,西场总,西场总站,BV10022674,113.235856,23.138969
西场电器城,西场电器城,西场电器城,BV11688443,113.227481,23.142191
西场电器城,西场电器城,西场电器城站2,BV11675546,113.227618,23.141819
西场立交,西场立交,西场立交,BV10866338,113.227747,23.139022
西坑(益民服装城),西坑(益民服装城),西坑,BV11688572,113.29562,23.153637
西坑(益民服装城),西坑(益民服装城),西坑(益民服装城),BV10021638,113.297439,23.155642
西城路站,西城路,西城路站,BV09200223,113.350671,22.934237
西基,西基,西基,BV11658179,113.504475,23.063388
西基东,西基东,西基东,BV10016124,113.263437,23.092638
西堤小区,西堤小区,西堤小区,BV10023290,113.354305,22.933105
西塘村,西塘村,西塘村,BV10446696,113.392966,23.452995
西塘村六塘,西塘村六塘,西塘村六塘,BV11307222,113.500115,23.615389
西塘村委会,西塘村委会,西塘村委会,BV11307221,113.497772,23.61157
西塘矮岭仔,西塘矮岭仔,西塘矮岭仔,BV11307220,113.497144,23.606684
西塘稻草农业公园,西塘稻草农业公园,西塘稻草农业公园,BV11307217,113.496583,23.609466
西塱,西塱,西塱2,BV09177350,113.228335,23.067817
西塱,西塱,西塱1,BV09178250,113.227645,23.067455
西塱,西塱,西塱站,BV11687844,113.227037,23.066226
西塱,西塱,西塱站2,BV09041862,113.227093,23.066704
西塱社区总站,西塱社区总,西塱社区总站,BV10019117,113.231717,23.059457
西境村,西境村,西境村,BV11403949,113.803362,23.421536
西境村,西境村,西境村,CL100002,113.799456,23.420386
西增路,西增路,西增路,BV10013901,113.233541,23.146965
西头村,西头村,西头村站,BV11317179,113.123383,23.465857
西头高速路口,西头高速路口,西头高速路口站,BV11364030,113.134968,23.476129
西宁中路,西宁中路,西宁中路,BV10018721,113.585041,23.552511
西宁小学,西宁小学,西宁小学,BV10017873,113.571453,23.558036
西宁西路,西宁西路,西宁西路,BV10017871,113.580361,23.554384
西山村,西山村#1,西山村,BV10020751,113.833792,23.272036
西山村,西山村#2,西山村,BV10020752,113.44804,22.998209
西山村口,西山村口,西山村口,BV10381015,113.435122,23.012851
西山村委,西山村委,西山村委,BV11398015,113.373707,23.659526
西山白屋站,西山白屋,西山白屋站,BV11596283,113.372028,23.658994
西岭村,西岭村,西岭村,BV10431533,113.267745,23.410251
西岭村东,西岭村东,西岭村东,BV10543410,113.272116,23.40914
西岭社路口,西岭社路口,西岭社路口,BV11626272,113.511793,23.502665
西岭路口,西岭路口,西岭路口站,BV11477129,113.266197,23.240939
西平岗,西平岗,西平岗,BV11216186,113.681518,23.61336
西平轨道站,西平轨道,西平轨道站,BV10788995,113.743171,22.999482
西平轨道站南,西平轨道站南,西平轨道站南,BV11682003,113.739827,22.995112
西庄,西庄,西庄,BV11332855,113.522731,23.45569
西庄路口,西庄路口,西庄路口,BV11472710,113.424763,23.026057
西成村委,西成村委,西成村委,BV10022660,113.290573,23.344692
西成路,西成路,西成路,BV10389073,113.287853,23.345575
西成路中,西成路中,西成路中,BV10022661,113.28922,23.345127
西村,西村#1,西村,BV09183838,113.236975,23.144234
西村,西村#2,西村,BV10409196,113.651788,22.995861
西村工业区,西村工业区,西村工业区,BV10023088,113.326509,22.894871
西村路口,西村路口,西村路口,BV10023089,113.330425,22.899305
西樵城区(官山二桥),西樵城区(官山二桥),西樵城区(官山二桥),BV10393912,112.980929,22.947927
西樵幼儿园总站,西樵幼儿园总,西樵幼儿园总站,BV09215687,113.374056,22.891571
西樵幼儿园站,西樵幼儿园,西樵幼儿园站,BV10387509,113.373993,22.891466
西樵村委站,西樵村委,西樵村委站,BV10387513,113.384607,22.888294
西樵村站,西樵村,西樵村站,BV10014915,113.383584,22.883441
西江社,西江社,西江社,BV11627694,113.534663,23.528447
西河村,西河村,西河村,BV11259171,113.681694,23.355303
西洲北路(增槎路口),西洲北路(增槎路口),西洲北路(增槎路口),BV10617776,113.220549,23.184212
西洲北路尾总站,西洲北路尾总,西洲北路尾总站,BV10458377,113.216939,23.178329
西洲大道,西洲大道,西洲大道,BV09175715,113.575303,23.109367
西洲总站,西洲总,西洲总站,BV09175713,113.57649,23.104913
西浦联谊会,西浦联谊会,西浦联谊会,BV10961576,113.186253,23.07942
西海东一村,西海东一村,西海东一村,BV10254006,113.252341,22.911286
西海大桥北,西海大桥北,西海大桥北,BV11049193,113.267608,22.905288
西涌,西涌,西涌,BV10023028,113.25456,22.984189
西湖滩路口,西湖滩路口,西湖滩路口,BV11488230,113.897823,23.464474
西湾和苑,西湾和苑,西湾和苑站,BV09006146,113.233584,23.156649
西湾和苑,西湾和苑,西湾和苑2,BV09317154,113.233584,23.156649
西湾路,西湾路,西湾路2,BV09356487,113.237214,23.147062
西湾路,西湾路,西湾路,BV09000495,113.236011,23.154176
西湾路,西湾路,西湾路1,BV09269673,113.237082,23.148702
西湾路,西湾路,西湾路,BV09000494,113.237214,23.147062
西湾路,西湾路,西湾路3,BV09313510,113.237283,23.148147
西湾路(唐宁花园),西湾路(唐宁花园),西湾路(唐宁花园)1号分站,BV09280625,113.235876,23.154925
西湾路总站,西湾路总,西湾路总站,BV10723493,113.236684,23.1547
西溪桥,西溪桥,西溪桥,BV10253655,113.069819,22.881475
西环路中,西环路中,西环路中,BV10023264,113.344665,22.940721
西环路北,西环路北,西环路北,BV10924702,113.192175,23.11993
西瑶,西瑶,西瑶,BV10853701,113.150627,23.104557
西瓜岭,西瓜岭,西瓜岭,BV11596282,113.383113,23.663617
西瓜岭后街,西瓜岭后街,西瓜岭后街,BV11273946,113.428165,23.383932
西瓜岭村,西瓜岭村,西瓜岭村,BV10024197,113.748535,23.240263
西电广研院总站,西电广研院总,西电广研院总站,BV09252822,113.566093,23.308014
西窖村,西窖村,西窖村,BV10019781,113.494307,22.910527
西站,西,西站,BV10512465,113.240898,23.142039
西约,西约,西约,BV11688697,113.140516,23.040102
西线公路口站,西线公路口,西线公路口站,BV10014972,113.348966,22.83881
西胜街(云道入口),西胜街(云道入口),西胜街(云道入口),BV11452490,113.264933,23.145126
西胜街总站,西胜街总,西胜街总站,BV11452489,113.26185,23.147361
西苑,西苑,西苑,BV10014068,113.238093,23.138669
西苑南街,西苑南街,西苑南街,BV10022107,113.246524,23.19427
西街中,西街中,西街中,BV10021947,113.553878,23.109169
西街口,西街口,西街口,BV11492267,113.576003,23.556517
西街市场,西街市场,西街市场,BV11480859,113.583097,23.553447
西边站,西边,西边站,BV10019270,112.988633,23.451872
西门中路,西门中路,西门中路,BV11619187,113.497085,22.978337
西门南路,西门南路,西门南路,BV11611456,113.496985,22.974783
西门口(中山六路),西门口(中山六路),西门口(中山六路),BV09242540,113.251355,23.127846
西门口(人民北路),西门口(人民北路),西门口(人民北路),BV10016237,113.249254,23.129022
观园一号,观园一号,观园一号,BV11105990,113.788731,23.194115
观海路,观海路,观海路,BV11573564,113.213735,23.046309
观绿桥,观绿桥,观绿桥站,BV11419913,113.296867,22.805739
观达路中,观达路中,观达路中,BV09412247,113.537493,23.148832
观达路北,观达路北,观达路北站,BV11379028,113.537554,23.155298
观龙岛十七队,观龙岛十七队,观龙岛十七队,BV11403268,113.477222,22.904937
观龙岛总站,观龙岛总,观龙岛总站,BV10023335,113.484647,22.907222
观龙桥脚,观龙桥脚,观龙桥脚,BV11395777,113.461581,22.911479
规划局,规划局,规划局,BV10020847,113.822076,23.29312
解放中路,解放中路,解放中路,BV11688461,113.257214,23.124513
解放中路,解放中路,解放中路2,BV09226097,113.257011,23.12521
解放北路,解放北路,解放北路,BV11091392,113.256303,23.141475
解放北路(应元路口),解放北路(应元路口),解放北路(应元路口),BV11663428,113.256447,23.135862
解放北路口,解放北路口,解放北路口,BV11091380,113.254846,23.143043
解放北路总站(应元路口),解放北路总站(应元路口),解放北路总站(应元路口),BV10387132,113.256425,23.136665
解放南路,解放南路,解放南路,BV11688454,113.257417,23.119901
解放南路,解放南路,解放南路2,BV09226091,113.257322,23.121289
解放南路(沿江路口),解放南路(沿江路口),解放南路(沿江路口),BV10013723,113.257822,23.116012
解放南路口,解放南路口,解放南路口,BV11688580,113.254975,23.1207
解放庄,解放庄,解放庄,BV11675346,113.282686,23.219956
解放路,解放路,解放路,BV10896448,113.349588,22.93761
誉山国际五区,誉山国际五区,誉山国际五区,BV11244693,113.602034,23.180656
誉山国际五区总站,誉山国际五区总,誉山国际五区总站,BV11380372,113.604666,23.176701
誉山国际北门总站,誉山国际北门总,誉山国际北门总站,BV11465372,113.603462,23.189584
警察学校,警察学校,警察学校,BV11540996,113.223049,23.199534
讴村,讴村,讴村,BV10742887,113.03861,23.30353
诗书路,诗书路,诗书路,BV10018605,113.249256,23.122465
诜村总站,诜村总,诜村总站,BV10023213,113.296028,23.010799
诜村村委会,诜村村委会,诜村村委会,BV11438559,113.298633,23.0136
诜村路口,诜村路口,诜村路口,BV11438558,113.301018,23.01458
谢屋村,谢屋村,谢屋村,BV10387113,113.742005,23.224508
谢岗,谢岗,谢岗,BV11508116,113.516731,23.42743
谢村,谢村,谢村站,BV11688784,113.30874,22.985018
谢石公路(汉溪大道东路口),谢石公路(汉溪大道东路口),谢石公路(汉溪大道东路口),BV11614781,113.285747,22.995603
谢石公路(汉溪大道东路口),谢石公路(汉溪大道东路口),谢石公路,BV11621453,113.285569,22.995672
谢石公路中,谢石公路中,谢石公路中,BV11621454,113.280869,22.997597
谢边,谢边,谢边,BV10252541,113.09889,23.078825
谭边村,谭边村,谭边村,BV11026440,113.400633,22.965407
谷围新村,谷围新村,谷围新村,BV10019973,113.430307,23.036413
谷涌南,谷涌南,谷涌南,BV10262483,113.685115,23.071824
谷裕市场,谷裕市场,谷裕市场,BV11401483,113.335769,23.188636
谷诒路,谷诒路,谷诒路,BV10021315,113.203614,23.170344
谷诒路口,谷诒路口,谷诒路口,BV11106163,113.20486,23.16893
豆角岭,豆角岭,豆角岭,BV09318075,113.55695,23.140693
象圣中学,象圣中学,象圣中学站,BV09347036,113.377144,22.918778
象山村,象山村,象山村,BV10497614,113.338132,23.43875
象新村路口,象新村路口#1,象新村路口,BV10621019,113.425649,23.616252
象新村路口,象新村路口#2,象新村路口,BV11352978,113.413901,23.595669
象贤中学(福北路),象贤中学(福北路),象贤中学(福北路),BV10023419,113.323537,22.91023
象贤中学北门,象贤中学北门,象贤中学北门,BV10015095,113.325517,22.912855
象骏中学,象骏中学,象骏中学,BV10993222,113.291043,22.904981
豪利花园,豪利花园,豪利花园,BV10015563,113.246705,23.360911
豪景花园,豪景花园,豪景花园2,BV09314787,113.310652,23.158213
豪景花园,豪景花园,豪景花园,BV10326995,113.310652,23.158213
豪景花园,豪景花园,豪景花园1,BV09097374,113.310167,23.157689
豪景苑,豪景苑,豪景苑,BV10017321,113.203981,23.408147
豪贤路,豪贤路,豪贤路,BV10326949,113.267536,23.132628
豪进广场,豪进广场,豪进广场,BV10976352,113.58727,23.120927
财厅,财厅,财厅,BV09243512,113.264531,23.128377
财富工业园,财富工业园,财富工业园站,BV11690805,113.245668,23.353746
贤江,贤江,贤江站,BV11379929,113.534384,23.206744
贤江公园站,贤江公园,贤江公园站,BV10846985,113.52978,23.210358
贤江西,贤江西,贤江西站,BV10924420,113.522343,23.214836
质监局(荷花世界路口),质监局(荷花世界路口),质监局(荷花世界路口),BV10618525,112.909686,23.1962
购书中心,购书中心#1,购书中心,BV10253221,113.250394,22.83596
购书中心,购书中心#2,购书中心,BV10016734,113.210734,23.390706
贵冲,贵冲,贵冲,BV10019761,113.479878,22.967158
贵斗村,贵斗村,贵斗村,BV10019777,113.524127,22.897989
资政大夫祠,资政大夫祠,资政大夫祠,BV10017317,113.184963,23.389729
资源热力电站,资源热力电,资源热力电站,BV09371834,113.463177,22.758218
赤下社新村,赤下社新村,赤下社新村,BV09402341,112.947412,23.42599
赤坭,赤坭,赤坭,BV11375043,113.069183,23.39174
赤坭一幼,赤坭一幼,赤坭一幼,BV10014748,113.074926,23.390549
赤坭医院,赤坭医院,赤坭医院,BV11375046,113.070124,23.391561
赤坭医院总站,赤坭医院总,赤坭医院总站,BV11626267,113.069989,23.391448
赤坭小学,赤坭小学,赤坭小学,BV09396048,113.079743,23.387278
赤坭工业区,赤坭工业区,赤坭工业区站,BV11375036,113.062471,23.393034
赤坭工业区,赤坭工业区,赤坭工业区,BV09415183,113.062524,23.393078
赤坭工业园站,赤坭工业园,赤坭工业园站,BV11481401,113.062524,23.393078
赤坭幼儿园,赤坭幼儿园,赤坭幼儿园,BV09297485,113.074955,23.390499
赤坭影都,赤坭影都,赤坭影都,BV11412278,113.076884,23.387331
赤坭西莲塘村委总站,赤坭西莲塘村委总,赤坭西莲塘村委总站,BV10449599,112.998845,23.369092
赤山工业区路口,赤山工业区路口,赤山工业区路口,BV10252188,113.123104,23.215605
赤山村委会,赤山村委会,赤山村委会,BV10889444,113.127631,23.214992
赤岗(江海大道),赤岗(江海大道)#1,赤岗(江海大道),BV10013684,113.327369,23.097245
赤岗(江海大道),赤岗(江海大道)#1,赤岗,BV11688338,113.326748,23.098719
赤岗(江海大道),赤岗(江海大道)#2,赤岗,BV11567621,113.479231,22.970617
赤岗北路(艺洲路口),赤岗北路(艺洲路口),赤岗北路,BV10021308,113.32201,23.10049
赤岗北路(艺洲路口),赤岗北路(艺洲路口),赤岗北路(艺洲路口),BV11672884,113.321959,23.103145
赤岗塔,赤岗塔,赤岗塔站,BV11688564,113.315645,23.105162
赤岗大塘总站,赤岗大塘总,赤岗大塘总站,BV10022174,113.32552,23.088569
赤岗总站,赤岗总,赤岗总站,BV10021665,113.327605,23.098103
赤岗新村,赤岗新村,赤岗新村,BV10015992,113.47807,22.968979
赤岗站(江海大道),赤岗站(江海大道),赤岗站(江海大道),BV09074506,113.327369,23.097245
赤岗红木家具厂,赤岗红木家具厂,赤岗红木家具厂,BV10412597,113.476346,22.960848
赤岗西,赤岗西,赤岗西,BV11633456,113.317625,23.090319
赤岗路,赤岗路,赤岗路,BV10016434,113.322009,23.09564
赤岗路口,赤岗路口,赤岗路口2,BV09317596,113.319674,23.09889
赤岗路口,赤岗路口,赤岗路口,BV09005990,113.323379,23.098951
赤村路口,赤村路口,赤村路口,BV11152946,113.679577,23.739763
赤树路口站,赤树路口,赤树路口站,BV11491325,113.678268,23.739913
赤沙(广东财经大学)总站,赤沙(广东财经大学)总,赤沙(广东财经大学)总站,BV11554062,113.349143,23.088851
赤沙公园,赤沙公园,赤沙公园,BV10013669,113.351809,23.089317
赤沙总站,赤沙总,赤沙总站,BV10015733,113.349184,23.088831
赤沙村口,赤沙村口,赤沙村口,BV11489239,113.353786,23.087565
赤沙牌坊,赤沙牌坊,赤沙牌坊,BV10013685,113.353364,23.086205
赤沙茅园岗大街,赤沙茅园岗大街,赤沙茅园岗大街,BV11553738,113.35455,23.092905
赤沙路,赤沙路,赤沙路,BV11553741,113.355431,23.090594
赤沙路中,赤沙路中,赤沙路中,BV11476044,113.357654,23.090627
赤沙路西,赤沙路西,赤沙路西,BV10783359,113.345836,23.088078
赤滘,赤滘,赤滘,BV10262894,113.64841,23.052329
赤珠岗,赤珠岗,赤珠岗,BV11647159,112.944226,23.423633
赤草村,赤草村,赤草村,BV10020883,113.564628,23.51117
走马夫,走马夫,走马夫,BV11151773,113.946187,23.916905
走马岗路,走马岗路,走马岗路,BV10740833,113.252402,23.156768
赵溪村,赵溪村,赵溪村,BV11467034,113.504708,23.143863
赵溪路,赵溪路,赵溪路,BV10014164,113.503382,23.14509
赵溪路口,赵溪路口,赵溪路口,BV10021191,113.500193,23.146765
起义路,起义路,起义路,BV10018654,113.258968,23.124975
起义路口,起义路口,起义路口,BV10016248,113.257962,23.120798
起义路口,起义路口,起义路口2,BV09376640,113.258553,23.12084
超视堺南门站,超视堺南门,超视堺南门站,BV09239833,113.644468,23.18337
超视堺西门,超视堺西门,超视堺西门,BV09189380,113.636619,23.180923
超邦化工厂,超邦化工厂,超邦化工厂站,BV11345857,113.203016,23.341978
越华路,越华路,越华路,BV10018741,113.263387,23.131844
越峰电子厂,越峰电子厂,越峰电子厂,BV11118940,113.839932,23.269241
越秀中路,越秀中路,越秀中路,BV10016683,113.273127,23.127151
越秀公园,越秀公园,越秀公园,BV11688125,113.256298,23.14552
越秀公园,越秀公园,越秀公园3,BV11596047,113.256298,23.14552
越秀公园,越秀公园,越秀公园2,BV09226094,113.256244,23.144954
越秀公园,越秀公园,越秀公园1,BV09266313,113.256203,23.145914
越秀公园北门,越秀公园北门,越秀公园北门1,BV09226120,113.259847,23.147785
越秀公园北门,越秀公园北门,越秀公园北门,BV09010640,113.258942,23.148046
越秀北路,越秀北路,越秀北路,BV10016685,113.268422,23.137866
越秀南路,越秀南路,越秀南路站,BV11687913,113.2729,23.121685
越秀南路,越秀南路,越秀南路2,BV09319720,113.272849,23.1218
越秀可逸阳光,越秀可逸阳光,越秀可逸阳光,BV10848924,113.367375,22.915074
越秀桥,越秀桥,越秀桥2,BV09246905,113.274525,23.133814
越秀桥,越秀桥,越秀桥,BV11688510,113.275248,23.133817
越秀桥(越秀北路),越秀桥(越秀北路),越秀桥(越秀北路),BV11478683,113.270862,23.136064
越秀滨海新城站,越秀滨海新城,越秀滨海新城站,BV11206067,113.546044,22.81798
越秀造纸厂,越秀造纸厂,越秀造纸厂站,BV10803820,113.503739,22.736959
跑马地花园,跑马地花园,跑马地花园站,BV11624668,113.344029,23.126385
路边村,路边村,路边村,BV10015987,113.656271,23.217781
车公庄,车公庄,车公庄,BV11117227,113.376582,23.403147
车城大道中,车城大道中,车城大道中,BV10481262,113.132872,23.368185
车城大道西,车城大道西,车城大道西,BV10481266,113.127158,23.37053
车城路口,车城路口,车城路口,BV10016940,113.130355,23.371708
车头,车头,车头站,BV11168222,113.459928,23.659991
车步,车步,车步,BV11152754,114.005913,23.876985
车洞村委,车洞村委,车洞村委,BV11357223,113.748822,23.510409
车辆厂技校,车辆厂技校,车辆厂技校,BV09002108,113.204331,23.41447
车辽,车辽,车辽,BV11115118,113.57449,23.439836
车陂,车陂,BRT车陂S1,BV09209211,113.389441,23.126726
车陂,车陂,车陂,BV11693174,113.38989,23.127109
车陂,车陂,BRT车陂S1,BV09375069,113.389715,23.126735
车陂,车陂,车陂,BV10014610,113.393469,23.127374
车陂公交场,车陂公交场,车陂公交场,BV11688356,113.384712,23.119368
车陂北路,车陂北路,车陂北路,BV09278982,113.391377,23.149221
车陂南,车陂南,车陂南,BV10014565,113.383309,23.118526
车陂南,车陂南,车陂南1,BV09291511,113.383163,23.11858
车陂总站,车陂总,车陂总站,BV10017165,113.384977,23.120445
车陂西路(广氮大道口),车陂西路(广氮大道口),车陂西路(广氮大道口),BV10018446,113.389562,23.137207
车陂路,车陂路,车陂路,BV11688355,113.386309,23.125537
车陂路北,车陂路北,车陂路北站,BV11118501,113.393077,23.13816
车陂路口,车陂路口,车陂路口,BV10435945,113.38746,23.128631
车陂高架桥侧,车陂高架桥侧,车陂高架桥侧,BV10014009,113.395065,23.134779
轮胎厂,轮胎厂,轮胎厂,BV09386974,113.097183,23.379063
软件信息园路口,软件信息园路口,软件信息园路口,BV09209167,113.0213,23.13188
软件路,软件路,软件路站,BV11687914,113.410594,23.17286
软件路西,软件路西,软件路西,BV10019111,113.401201,23.174051
轻工中专站,轻工中专,轻工中专站,BV11519175,113.340137,23.168569
轻工职业学校,轻工职业学校,轻工职业学校,BV09323255,113.681415,23.29565
轻工职业学院,轻工职业学院,轻工职业学院,BV09324112,113.680242,23.292449
轻工路口,轻工路口,轻工路口,BV10252569,113.096326,23.035545
较场西路,较场西路,较场西路,BV11317979,113.277885,23.128482
辛庄,辛庄,辛庄,BV10601259,113.274125,23.080039
辣塘路口,辣塘路口,辣塘路口,BV11308210,113.594975,23.500234
边潭村站,边潭村,边潭村站,BV10022142,113.583801,23.258471
边防指挥学校,边防指挥学校,边防指挥学校,BV11486939,113.411995,23.135549
达溪,达溪,达溪,BV11152741,113.664368,23.780788
达道路,达道路,达道路,BV10021342,113.296782,23.12598
达鑫江滨新城,达鑫江滨新城,达鑫江滨新城,BV10265337,113.764447,23.079192
过境路口,过境路口,过境路口,BV11638287,113.004069,22.968366
迎宾大桥,迎宾大桥,迎宾大桥,BV10022845,113.61233,23.568206
迎宾大道中,迎宾大道中,迎宾大道中,BV11579285,113.238434,23.396638
迎宾路口,迎宾路口,迎宾路口,BV10017973,113.1965,23.070329
迎宾馆,迎宾馆,迎宾馆,BV11091393,113.256855,23.130628
迎宾馆,迎宾馆,迎宾馆2,BV11596048,113.256855,23.130628
迎海国际茶都,迎海国际茶都,迎海国际茶都,BV10973339,113.202579,23.097294
迎福路,迎福路,迎福路,BV10016278,113.368477,23.203043
迎福里,迎福里,迎福里,BV11415302,113.60404,23.537683
迎龙路,迎龙路#1,迎龙路,BV09343705,113.359556,23.197553
迎龙路,迎龙路#2,迎龙路,BV09345882,113.355806,23.216886
迎龙路(华快桥底),迎龙路(华快桥底),迎龙路(华快桥底)站,BV10017211,113.35596,23.212071
迎龙路(石门禅院)站,迎龙路(石门禅院),迎龙路(石门禅院)站,BV09396367,113.355763,23.217111
迎龙路(迎新路口),迎龙路(迎新路口),迎龙路(迎新路口),BV10408452,113.359303,23.20141
迎龙路北,迎龙路北,迎龙路北,BV11600788,113.358019,23.210476
运动员一三区,运动员一三区,运动员一三区,BV10019858,113.47525,22.949309
运动员二四区,运动员二四区,运动员二四区,BV10019857,113.478168,22.950407
运动员国际区,运动员国际区,运动员国际区,BV11398900,113.477976,22.94782
进港大道中站,进港大道中,进港大道中站,BV10015868,113.555076,22.800741
进港大道西,进港大道西,进港大道西,BV09371832,113.523893,22.805866
进港大道西,进港大道西,进港大道西站,BV10017842,113.523858,22.805879
远安路,远安路,远安路,BV10018612,113.278827,23.110704
远安路南,远安路南,远安路南,BV10991256,113.278454,23.109899
远景路,远景路,远景路1,BV09168358,113.251461,23.1754
远景路,远景路,远景路,BV11688397,113.249509,23.17526
连丰,连丰,连丰,BV11352941,113.360839,23.590186
连兴,连兴,连兴,BV11151768,113.922257,23.904053
连塘,连塘,连塘,BV11151769,113.91418,23.901706
连塘市场,连塘市场,连塘市场,BV11352963,113.488732,23.484919
连塘村委,连塘村委,连塘村委,BV11352974,113.486154,23.485584
连塘村路口,连塘村路口,连塘村路口,BV11623840,113.497867,23.472001
连塘路口,连塘路口,连塘路口,BV10020441,113.497,23.4721
连溪大道站,连溪大道,连溪大道站,BV09410332,113.504886,22.850333
连珠,连珠,连珠,BV11317188,113.049931,23.443106
迪亚春天,迪亚春天,迪亚春天,BV10014899,113.823892,23.388292
迪安路口,迪安路口,迪安路口,BV09326680,113.583386,22.687892
迳口村,迳口村,迳口村,BV10475300,113.159801,23.449911
迳吓村,迳吓村,迳吓村,BV10020783,113.792106,23.302657
迳头九社总站,迳头九社总,迳头九社总站,BV10604978,113.568585,23.257766
迳头二小分校,迳头二小分校,迳头二小分校,BV11552773,113.569364,23.263481
迳头二社,迳头二社,迳头二社,BV11552770,113.568869,23.268067
迳头六社,迳头六社,迳头六社,BV10604977,113.5697,23.261441
迴龙亭街口,迴龙亭街口,迴龙亭街口,BV11482322,113.380413,23.30924
通坑村,通坑村,通坑村,BV11119388,113.966805,23.357833
逢沙三会站,逢沙三会,逢沙三会站,BV10917278,113.301516,22.830868
逢沙东利,逢沙东利,逢沙东利,BV11689440,113.298035,22.826408
逢沙会龙,逢沙会龙,逢沙会龙,BV11689438,113.302686,22.825819
逢沙新区,逢沙新区,逢沙新区,BV10863756,113.305749,22.829279
逢沙旧渡口,逢沙旧渡口,逢沙旧渡口,BV10253306,113.325312,22.819163
逢涌村委会,逢涌村委会,逢涌村委会,BV10883361,113.102008,23.251178
逢涌桥,逢涌桥,逢涌桥,BV10253029,113.099993,23.255491
逢源路,逢源路,逢源路,BV09384635,113.23414,23.120712
逸景翠园,逸景翠园,逸景翠园,BV09375102,113.303732,23.084748
逸景翠园总站,逸景翠园总,逸景翠园总站,BV10017944,113.303891,23.085062
逸景西路总站,逸景西路总,逸景西路总站,BV10018360,113.297477,23.085321
逸景路,逸景路,逸景路,BV09364484,113.297475,23.08529
逸景路东,逸景路东,逸景路东,BV09277540,113.30852,23.085306
逸景路口,逸景路口,逸景路口,BV10022522,113.294434,23.084587
逸景路西,逸景路西,逸景路西站,BV10018361,113.296115,23.084612
逸涛雅苑站,逸涛雅苑,逸涛雅苑站,BV10015890,113.533922,22.806125
逸翠庄园,逸翠庄园,逸翠庄园(西行),BV09026392,113.768562,23.283741
逸翠庄园,逸翠庄园,逸翠庄园,BV10860796,113.770603,23.283552
逸翠庄园,逸翠庄园,逸翠庄园(下行),BV11650590,113.768609,23.283742
逸翠庄园,逸翠庄园,逸翠庄园(上行),BV11650589,113.767678,23.283722
道滘城轨站,道滘城轨,道滘城轨站,BV11671851,113.653948,22.993526
邓屋村,邓屋村,邓屋村,BV09221685,113.526991,23.264408
邓山村,邓山村,邓山村,BV11653308,113.735891,23.353571
邓岗,邓岗#1,邓岗站,BV11690546,112.913845,23.209005
邓岗,邓岗#2,邓岗,BV11690547,113.149881,23.186289
邓岗何西,邓岗何西,邓岗何西,BV11442647,112.912493,23.202011
邓岗小区,邓岗小区,邓岗小区,BV10022712,113.264144,23.074873
邓村,邓村,邓村,BV10016274,113.809339,23.468463
邓村路口,邓村路口#1,邓村路口,BV11359630,113.973054,23.806692
邓村路口,邓村路口#2,邓村路口,BV10020881,113.550054,23.501448
邝家庄东,邝家庄东,邝家庄东,BV10432264,113.233365,23.38149
邝维煜中学,邝维煜中学,邝维煜中学,BV11306472,113.200537,23.402692
邦一工业园,邦一工业园,邦一工业园站,BV11691203,113.243216,23.351265
邦盛二路,邦盛二路,邦盛二路,BV11624170,113.245221,23.349724
邮政局,邮政局,邮政局,BV11415987,113.5856,23.548944
邮政物流中心,邮政物流中心,邮政物流中心,BV10458376,113.216266,23.181814
邮电大厦(德兴路),邮电大厦(德兴路),邮电大厦(德兴路),BV11691317,113.371512,22.939357
邮电大厦(清河东路),邮电大厦(清河东路),邮电大厦(清河东路),BV10019882,113.37082,22.93825
邮轮母港,邮轮母港,邮轮母港,BV09099109,113.603569,22.776795
邮轮母港公交总站,邮轮母港公交总,邮轮母港公交总站,BV09271784,113.603591,22.777051
邱屋龙溪谷田园世界,邱屋龙溪谷田园世界,邱屋龙溪谷田园世界,BV11329489,113.651741,23.698673
邵边,邵边,邵边,BV10325981,113.156013,23.104449
郁水园,郁水园,郁水园,BV10796596,113.160085,23.197553
郭塘,郭塘#1,郭塘站,BV09245330,113.202374,23.335811
郭塘,郭塘#2,郭塘,BV09232759,113.647392,23.5205
郭塘加油站,郭塘加油,郭塘加油站,BV10018982,113.201112,23.336619
郭塘小学,郭塘小学,郭塘小学站,BV11488075,113.203836,23.331491
郭塘村,郭塘村,郭塘村站,BV11488076,113.200251,23.327851
郭塘村口,郭塘村口,郭塘村口站,BV11488070,113.205518,23.335117
郭塘村尾,郭塘村尾,郭塘村尾站,BV11488088,113.198267,23.326534
郭塘西岭工业区,郭塘西岭工业区,郭塘西岭工业区站,BV11484183,113.203016,23.341978
郭塘货场,郭塘货场#1,郭塘货场站,BV09244923,113.210216,23.333057
郭塘货场,郭塘货场#2,郭塘货场站,BV11688116,113.209185,23.353195
郭塘路口,郭塘路口,郭塘路口站,BV11688118,113.220262,23.331597
郭庄,郭庄#1,郭庄,BV11332853,113.527137,23.456421
郭庄,郭庄#2,郭庄,BV11627693,113.514574,23.522018
郭村,郭村,郭村,BV10561089,113.658594,23.217278
郭村小区,郭村小区,郭村小区,BV10014497,113.206179,23.109663
郭石路中,郭石路中,郭石路中,BV09125124,113.202226,23.329194
郭石路口,郭石路口,郭石路口站,BV11488087,113.195631,23.323755
都那村总站,都那村总,都那村总站,BV10023024,113.273752,22.958359
都那牌坊,都那牌坊,都那牌坊,BV11540305,113.272859,22.957875
鄱阳路,鄱阳路,鄱阳路,BV10251759,113.185037,23.119002
酒店商业街,酒店商业街,酒店商业街,BV10558293,113.044403,23.501848
里仁洞,里仁洞,里仁洞,BV11688082,113.346621,22.991886
里官路东,里官路东,里官路东,BV10889440,113.148432,23.206501
里官路西,里官路西,里官路西,BV11112530,113.108681,23.216076
里水城区,里水城区,里水城区,BV11251033,113.17598,23.217369
里水客运站,里水客运,里水客运站,BV11105158,113.142782,23.175821
里水小学,里水小学,里水小学,BV10809070,113.154963,23.202607
里水桥南,里水桥南,里水桥南,BV11690548,113.1536,23.191924
里水汽车客运站,里水汽车客运,里水汽车客运站,BV10252303,113.142574,23.174788
里水行政服务中心,里水行政服务中心,里水行政服务中心,BV10423360,113.158902,23.200156
里汾,里汾,里汾,BV11119593,113.629785,23.378514
里汾村,里汾村,里汾村,BV11632887,113.629564,23.37845
里汾村委,里汾村委,里汾村委,BV11555491,113.627954,23.379682
重岗村,重岗村,重岗村,BV11442143,113.492662,23.339692
金业别墅花园,金业别墅花园,金业别墅花园,BV10020100,113.361033,22.920326
金业小学站,金业小学,金业小学站,BV10018629,113.585361,22.768356
金井坊,金井坊,金井坊,BV10020058,113.443805,22.950932
金信路,金信路,金信路,BV10022274,113.268392,23.179002
金信路口,金信路口,金信路口,BV10019054,113.269766,23.181524
金信路总站,金信路总,金信路总站,BV10019055,113.268957,23.18075
金光西大道(曾边村),金光西大道(曾边村),金光西大道(曾边村),BV11616395,113.407998,23.02869
金兰寺村,金兰寺村,金兰寺村,BV10024265,113.851331,23.193726
金刚禅寺,金刚禅寺,金刚禅寺,BV11627309,113.187891,23.152518
金名都,金名都,金名都,BV11688780,113.200428,23.179797
金地上城,金地上城,金地上城,BV09325677,113.593899,23.222143
金坑站,金坑,金坑站,BV11482785,113.520832,23.25838
金城大厦,金城大厦,金城大厦,BV09407400,113.202449,23.381622
金埔路口,金埔路口,金埔路口,BV09202618,113.375711,23.326236
金宇花园,金宇花园,金宇花园,BV11688515,113.248296,23.065167
金宇花园总站,金宇花园总,金宇花园总站,BV10013810,113.248456,23.065308
金属冶炼厂,金属冶炼厂,金属冶炼厂,BV11379214,113.319494,23.060378
金山产业园,金山产业园,金山产业园,BV09042298,113.34441,22.986821
金山北路,金山北路,金山北路,BV09381927,113.45725,23.031855
金山大道草堂村口,金山大道草堂村口,金山大道草堂村口,BV10843336,113.462856,23.027597
金山大道谭山村口,金山大道谭山村口,金山大道谭山村口,BV10753646,113.44933,23.017972
金山大道路口,金山大道路口,金山大道路口站,BV11688127,113.391816,22.992101
金山小学,金山小学,金山小学,BV10020018,113.414331,22.98996
金山村委,金山村委,金山村委,BV10020017,113.412542,22.99224
金山村委总站,金山村委总,金山村委总站,BV11632496,113.41035,22.992796
金山谷尚层,金山谷尚层,金山谷尚层,BV09278980,113.341705,22.981155
金山谷花园,金山谷花园,金山谷花园,BV10019836,113.337402,22.971771
金山谷花园总站,金山谷花园总,金山谷花园总站,BV10838158,113.342311,22.980643
金山路口,金山路口,金山路口,BV10019984,113.42107,22.977476
金岭中路站,金岭中路,金岭中路站,BV10015858,113.547296,22.776964
金岭北路站,金岭北路,金岭北路站,BV10015861,113.545875,22.797987
金岭南路口,金岭南路口,金岭南路口站,BV09389440,113.556374,22.757295
金岭南路口公交站,金岭南路口公交,金岭南路口公交站,BV11504670,113.556374,22.757295
金岭南路站,金岭南路,金岭南路站,BV10015855,113.554339,22.761808
金峰园路,金峰园路,金峰园路,BV11182294,113.444355,23.181561
金州新邨,金州新邨,金州新邨,BV09309647,113.409568,23.072255
金市路,金市路,金市路,BV10618432,113.413583,22.996014
金新大道,金新大道,金新大道,BV09149118,113.363046,23.027956
金新大道中,金新大道中,金新大道中,BV09101594,113.36264,23.024427
金时花园,金时花园,金时花园,BV11447600,113.848727,23.275778
金桔咀桥,金桔咀桥,金桔咀桥站,BV11419912,113.262917,22.818382
金棕榈湾,金棕榈湾,金棕榈湾,BV10334354,113.059995,23.103749
金水里东,金水里东,金水里东,BV10014355,113.548066,23.342135
金水里村口,金水里村口,金水里村口,BV10017713,113.539147,23.341941
金水里西,金水里西,金水里西,BV10014354,113.545036,23.341996
金沙丽水,金沙丽水,金沙丽水,BV10019684,113.343585,22.904305
金沙人家,金沙人家,金沙人家站,BV11164938,113.37666,22.810987
金沙南路,金沙南路,金沙南路,BV11430344,113.219067,23.273772
金沙小区,金沙小区,金沙小区,BV11499582,113.216555,23.275467
金沙洲(涛乐街)总站,金沙洲(涛乐街)总,金沙洲(涛乐街)总站,BV09347833,113.205604,23.17379
金沙洲大桥西,金沙洲大桥西,金沙洲大桥西,BV10713669,113.205904,23.15596
金沙洲大桥西,金沙洲大桥西,金沙洲大桥西2,BV09010639,113.204448,23.157277
金沙洲码头,金沙洲码头,金沙洲码头,BV10022432,113.20865,23.15832
金沙洲码头总站,金沙洲码头总,金沙洲码头总站,BV10019002,113.208481,23.158683
金沙洲路,金沙洲路,金沙洲路,BV11688450,113.2029,23.160715
金沙洲路,金沙洲路,金沙洲路1,BV09369963,113.202819,23.159314
金沙洲路,金沙洲路,金沙洲路3,BV09010641,113.202892,23.160724
金沙洲路,金沙洲路,金沙洲路2,BV11329134,113.202893,23.159006
金沙路,金沙路,金沙路,BV11629134,113.251081,23.092895
金沙邮电局,金沙邮电局,金沙邮电局,BV10251721,112.957506,23.067823
金洲公交站,金洲公交,金洲公交站,BV11504676,113.543143,22.803448
金洲北路,金洲北路,金洲北路,BV10018080,113.426317,23.085276
金洲地铁站(双山大道),金洲地铁站(双山大道),金洲地铁站,BV10015863,113.532192,22.795504
金洲地铁站(双山大道),金洲地铁站(双山大道),金洲地铁站(双山大道),BV09302196,113.532192,22.795504
金洲村站,金洲村,金洲村站,BV10015893,113.541162,22.804121
金洲站,金洲,金洲站,BV10015820,113.543143,22.803448
金海岸花园,金海岸花园,金海岸花园,BV11687946,113.400943,22.939416
金海岸花园,金海岸花园,金海岸花园分站,BV09305008,113.399173,22.939304
金渡大花坛,金渡大花坛,金渡大花坛,BV10544715,112.516403,23.038678
金湖住宅区,金湖住宅区,金湖住宅区,BV10019229,113.3374,23.208809
金湖工业区,金湖工业区,金湖工业区,BV11233067,113.450755,22.998838
金湖雅苑总站,金湖雅苑总,金湖雅苑总站,BV10021815,113.332009,23.196036
金湾生活区,金湾生活区,金湾生活区,BV10023397,113.336651,22.900021
金源花园站,金源花园,金源花园站,BV11419865,113.409677,22.799448
金溪科技园,金溪科技园,金溪科技园,BV10640122,113.108577,23.251942
金燕庄,金燕庄,金燕庄,BV11627158,113.502183,23.352461
金燕生活区,金燕生活区,金燕生活区,BV11519172,113.323276,23.159492
金狮大道中,金狮大道中,金狮大道中,BV09087349,113.170877,23.468545
金狮大道西,金狮大道西,金狮大道西,BV11188269,113.148038,23.470361
金田工业区,金田工业区,金田工业区,BV11568712,113.338329,23.428388
金盆中路,金盆中路,金盆中路,BV11279248,113.380742,23.330949
金盆北路,金盆北路,金盆北路,BV09180454,113.382983,23.332742
金盆北路口,金盆北路口,金盆北路口,BV11253917,113.388585,23.342217
金盆村委,金盆村委,金盆村委站,BV09332618,113.37778,23.328591
金盆村骑马场,金盆村骑马场,金盆村骑马场,BV11253919,113.385699,23.342328
金盆永福路口,金盆永福路口,金盆永福路口,BV11260334,113.371618,23.318377
金盆金沙路口,金盆金沙路口,金盆金沙路口,BV11253916,113.382115,23.332327
金盆钱岗庄,金盆钱岗庄,金盆钱岗庄,BV11284893,113.37395,23.322949
金盆骑马街口,金盆骑马街口,金盆骑马街口,BV09179268,113.387634,23.345337
金盘岭教练场,金盘岭教练场,金盘岭教练场,BV10019230,113.339184,23.226562
金碧御水山庄总站,金碧御水山庄总,金碧御水山庄总站,BV10023913,113.191964,23.483043
金碧花园,金碧花园,金碧花园,BV09245151,113.280258,23.070821
金碧花园,金碧花园,金碧花园1,BV09407139,113.281195,23.070301
金碧路总站,金碧路总,金碧路总站,BV10021366,113.514745,23.051742
金禧路西,金禧路西,金禧路西,BV10018255,113.278913,23.097452
金科博翠明珠站,金科博翠明珠,金科博翠明珠站,BV11412808,113.502879,22.766736
金穗路,金穗路,金穗路,BV10015735,113.324939,23.125436
金穗路总站(马场路口),金穗路总站(马场路口),金穗路总站(马场路口),BV11077912,113.336545,23.124473
金竹一路西,金竹一路西,金竹一路西,BV11481322,113.803089,23.29056
金联市场,金联市场,金联市场站,BV09064296,113.217929,23.384374
金荷二路站,金荷二路,金荷二路站,BV09380919,113.488766,23.029845
金荷六路,金荷六路,金荷六路,BV09305347,113.498486,23.017449
金菊花园,金菊花园,金菊花园,BV11364427,113.209764,23.400577
金融大厦站,金融大厦,金融大厦站,BV11101900,113.528608,22.803189
金融服务区,金融服务区,金融服务区,BV11118945,113.615156,23.153237
金谷南路,金谷南路,金谷南路,BV11568717,113.351367,23.424525
金谷园,金谷园,金谷园,BV10014892,113.790204,23.410987
金谷路口,金谷路口,金谷路口站,BV09139066,113.349632,23.4227
金贵村,金贵村,金贵村,BV11688390,113.292601,23.156641
金轩三路(广汽爱信),金轩三路(广汽爱信),金轩三路(广汽爱信),BV11686081,113.480553,23.010619
金轩三路(祺盛动力),金轩三路(祺盛动力),金轩三路,BV11686085,113.484292,23.012212
金轩三路(祺盛动力),金轩三路(祺盛动力),金轩三路(祺盛动力),BV11686080,113.485554,23.012569
金逢路口,金逢路口,金逢路口,BV10665814,113.124609,23.258265
金钟,金钟,金钟,BV11627696,113.510982,23.519494
金隆小学海滨路校区,金隆小学海滨路校区,金隆小学海滨路校区,BV09304107,113.540968,22.816814
金隆小学滨海路校区,金隆小学滨海路校区,金隆小学滨海路校区,BV09397164,113.539538,22.817452
金隆路站,金隆路,金隆路站,BV11070088,113.539878,22.794812
金鸡,金鸡,金鸡,BV11115197,113.619179,23.498609
金鸡社,金鸡社,金鸡社,BV11216189,113.67224,23.608282
金龙城财富广场,金龙城财富广场,金龙城财富广场,BV09090400,113.427083,22.939678
金龙财富广场,金龙财富广场,金龙财富广场,BV09005192,113.4273,22.939715
金龙财富广场,金龙财富广场,金龙财富广场(西行),BV09075520,113.4273,22.939715
金龙财富广场,金龙财富广场,金龙财富广场(东行),BV09075519,113.425445,22.939035
金龙路中,金龙路中,金龙路中,BV11624633,113.425443,22.969977
鑫诺家具,鑫诺家具,鑫诺家具,BV10998032,112.914225,23.443273
鑫隆世家,鑫隆世家,鑫隆世家,BV10424940,113.48318,22.963953
钓鲤,钓鲤,钓鲤,BV11487755,113.651952,23.518668
钟一,钟一,钟一,BV10019633,113.316044,22.972097
钟一工业区,钟一工业区,钟一工业区,BV10019632,113.312032,22.971138
钟二,钟二,钟二,BV10023433,113.32008,22.978717
钟岗地铁站,钟岗地铁,钟岗地铁站,BV11124829,113.785827,23.282118
钟岭村站,钟岭村,钟岭村站,BV11452847,113.605521,23.326454
钟村,钟村,钟村,BV10016700,113.313074,22.980915
钟村交警中队,钟村交警中队,钟村交警中队,BV11607756,113.28668,22.961202
钟村小学,钟村小学,钟村小学,BV11164920,113.303292,22.975292
钟村屠场,钟村屠场,钟村屠场,BV10019721,113.273597,22.978526
钟村市场,钟村市场,钟村市场站,BV11689053,113.306769,22.978229
钟村敬老院,钟村敬老院,钟村敬老院,BV10019630,113.316793,22.983042
钟村文化广场(钟屏路),钟村文化广场(钟屏路),钟村文化广场,BV11689918,113.295028,22.968447
钟村文化广场(钟屏路),钟村文化广场(钟屏路),钟村文化广场(钟屏路),BV10014963,113.295923,22.967474
钟楼公园,钟楼公园,钟楼公园,BV10253207,113.249693,22.84183
钟楼古村,钟楼古村,钟楼古村,BV11369782,113.508321,23.519144
钟永路,钟永路,钟永路,BV10509897,113.312644,23.277487
钟联路(白水塘)站,钟联路(白水塘),钟联路(白水塘)站,BV11121299,113.383214,23.384338
钟联路(赤米塘)站,钟联路(赤米塘),钟联路(赤米塘)站,BV11121297,113.378306,23.382002
钟落潭(大钟),钟落潭(大钟),钟落潭(大钟),BV10435171,113.400132,23.381614
钟落潭(白云星汇城)总站,钟落潭(白云星汇城)总,钟落潭(白云星汇城)总站,BV09298089,113.3825,23.37811
钟落潭(钟升东路),钟落潭(钟升东路),钟落潭(钟升东路),BV10021293,113.398869,23.381883
钟落潭公交总站,钟落潭公交总,钟落潭公交总站,BV11133786,113.410503,23.385525
钟落潭医院,钟落潭医院,钟落潭医院,BV10018781,113.403463,23.385438
钟落潭市场,钟落潭市场,钟落潭市场,BV11488787,113.401612,23.386267
钟落潭总站,钟落潭总,钟落潭总站,BV09344048,113.3825,23.37811
钟落潭文化广场(钟升东路),钟落潭文化广场(钟升东路),钟落潭文化广场,BV10388091,113.400317,23.386856
钟落潭文化广场(钟升东路),钟落潭文化广场(钟升东路),钟落潭文化广场(钟升东路),BV11607762,113.400594,23.38627
钟落潭村委会,钟落潭村委会,钟落潭村委会,BV11175006,113.394288,23.388093
钟落潭茅岗村,钟落潭茅岗村,钟落潭茅岗村,BV11114458,113.443034,23.349515
钟落潭路口,钟落潭路口,钟落潭路口站,BV11693999,113.403812,23.382733
钟落潭高校园,钟落潭高校园,钟落潭高校园,BV11166864,113.434988,23.390122
钟落潭高校站,钟落潭高校,钟落潭高校站,BV11541696,113.435017,23.390132
钟边村,钟边村,钟边村,BV10256180,113.109903,23.097617
钟边立交,钟边立交,钟边立交,BV10506433,113.100592,23.09835
钟陂头村,钟陂头村,钟陂头村,BV10015444,113.606932,23.183056
钟韦路口,钟韦路口,钟韦路口,BV11607754,113.305293,22.976973
钢铁基地站,钢铁基地,钢铁基地站,BV10980868,113.629177,22.633373
钧明欢乐世界,钧明欢乐世界,钧明欢乐世界站,BV11584749,113.586366,23.19293
钱岗东向,钱岗东向,钱岗东向,BV11595176,113.543713,23.434952
钱岗古村,钱岗古村,钱岗古村,BV10977097,113.536425,23.433608
钻汇广场东门,钻汇广场东门,钻汇广场东门,BV09200219,113.357785,22.950969
钻汇广场南门(地铁市桥站),钻汇广场南门(地铁市桥站),钻汇广场南门,BV09200217,113.356814,22.949517
钻汇广场南门(地铁市桥站),钻汇广场南门(地铁市桥站),钻汇广场南门(地铁市桥站),BV09304518,113.356792,22.949522
钻汇广场西门,钻汇广场西门,钻汇广场西门,BV09200220,113.356294,22.950741
钻石花园,钻石花园,钻石花园,BV11364431,113.214286,23.400331
铁塔路,铁塔路,铁塔路,BV10020943,113.620806,23.113896
铁山村,铁山村,铁山村,BV10467866,113.263798,23.461813
铁路文化广场,铁路文化广场,铁路文化广场,BV09308648,113.242101,23.019861
铁路物流园,铁路物流园,铁路物流园,BV09398634,113.644789,23.260403
铜雀台站,铜雀台,铜雀台站,BV11367772,113.59042,23.033577
银利新邨,银利新邨,银利新邨,BV10388443,113.31707,23.170849
银利街,银利街,银利街,BV10019132,113.315078,23.171911
银印,银印,银印,BV10252220,113.145008,23.178948
银场村(招呼站),银场村(招呼站),银场村,BV11119357,113.967178,23.400627
银场村(招呼站),银场村(招呼站),银场村(招呼站),BV11409761,113.966062,23.40132
银坑,银坑,银坑,BV11451374,113.707405,23.269025
银平路,银平路,银平路,BV11352458,113.343313,22.959296
银林卫生站,银林卫生,银林卫生站,BV11482281,113.47604,23.502047
银林村口,银林村口,银林村口,BV11369785,113.507717,23.512825
银林村委,银林村委,银林村委,BV11623513,113.472669,23.506325
银沙工业区站,银沙工业区,银沙工业区站,BV09348754,113.675179,23.168852
银河园,银河园,银河园,BV11687892,113.33274,23.170911
银河路路口,银河路路口,银河路路口,BV10685787,113.824407,23.114142
银锣湾广场,银锣湾广场,银锣湾广场,BV10016473,113.178753,23.456676
锦一总站,锦一总,锦一总站,BV09244072,113.615538,23.48231
锦三村委,锦三村委,锦三村委,BV11115187,113.588262,23.505038
锦二村委,锦二村委,锦二村委,BV11115203,113.602706,23.494516
锦兴染厂站,锦兴染厂,锦兴染厂站,BV10018478,113.463484,22.898247
锦园路南,锦园路南,锦园路南,BV10947057,113.145865,23.051394
锦城花园(东风东)总站,锦城花园(东风东)总,锦城花园(东风东)总站,BV11620748,113.30367,23.133064
锦城花园总站(东风东),锦城花园,锦城花园总站(东风东),BV10014572,113.303538,23.133151
锦城花园总站(东风东),锦城花园,锦城花园,BV11171452,113.305304,23.134158
锦城花园总站(东风东),锦城花园,锦城花园1,BV09364274,113.30446,23.134361
锦村村委总站,锦村村委总,锦村村委总站,BV11334795,113.854923,23.702288
锦涡3桥,锦涡3桥,锦涡3桥,BV10266776,113.599077,23.020608
锦绣半山,锦绣半山,锦绣半山,BV11198222,113.786611,23.257823
锦绣半岛西区,锦绣半岛西区,锦绣半岛西区,BV10659821,113.251478,23.045343
锦绣御景苑,锦绣御景苑,锦绣御景苑,BV10016270,113.81667,23.302812
锦绣文化中心,锦绣文化中心,锦绣文化中心站,BV11689052,113.310395,22.979853
锦绣新天地,锦绣新天地,锦绣新天地站,BV11102414,113.613825,23.124229
锦绣生态园,锦绣生态园,锦绣生态园站,BV11689055,113.304211,22.972453
锦绣生态园南门,锦绣生态园南门,锦绣生态园南门,BV10014962,113.301837,22.96877
锦绣趣园,锦绣趣园,锦绣趣园,BV11450426,113.300611,22.978133
锦绣趣园(105国道),锦绣趣园(105国道),锦绣趣园(105国道),BV10023080,113.297026,22.977317
锦绣趣园东,锦绣趣园东,锦绣趣园东,BV10019717,113.304463,22.977515
锦绣银湾,锦绣银湾,锦绣银湾,BV10023235,113.320843,23.031928
锦绣香江,锦绣香江#1,锦绣香江站,BV09176206,113.337777,23.004872
锦绣香江,锦绣香江#1,锦绣香江分站,BV11172006,113.336611,23.00385
锦绣香江,锦绣香江#1,锦绣香江(分站),BV11206265,113.336611,23.00385
锦绣香江,锦绣香江#1,锦绣香江(西行),BV09062269,113.337777,23.004872
锦绣香江,锦绣香江#1,锦绣香江(东行),BV09062268,113.337946,23.00466
锦绣香江,锦绣香江#2,锦绣香江,BV09244922,113.771751,23.562936
锦绣香江北门,锦绣香江北门,锦绣香江北门站,BV09243520,113.331508,23.001179
锦龙站,锦龙,锦龙站,BV09001095,113.233482,22.956265
镇东村,镇东村,镇东村站,BV11388325,113.430798,23.430764
镇中路,镇中路,镇中路,BV10251628,113.079185,23.005902
镇标站,镇标,镇标站,BV10018384,113.452154,22.890124
镇泰东门,镇泰东门,镇泰东门,BV09246212,113.539847,23.562418
镇泰厂站,镇泰厂,镇泰厂站,BV10641082,113.328295,22.835068
镇泰小学,镇泰小学,镇泰小学,BV10024225,113.655308,23.225097
镇泰工业城,镇泰工业城,镇泰工业城,BV10017880,113.533321,23.568056
镇龙一中,镇龙一中,镇龙一中站,BV11573870,113.560246,23.280773
镇龙医院,镇龙医院,镇龙医院站,BV11573876,113.56563,23.281407
镇龙墟,镇龙墟,镇龙墟站,BV11573887,113.573962,23.280672
镇龙新总站,镇龙新总,镇龙新总站,BV10522240,113.574995,23.283342
镇龙水厂,镇龙水厂,镇龙水厂,BV10022149,113.57444,23.277296
镇龙西地铁站(A出口),镇龙西地铁站(A出口),镇龙西地铁站(A出口),BV09252826,113.567359,23.281082
镇龙西地铁站(D出口),镇龙西地铁站(D出口),镇龙西地铁站(D出口),BV09252828,113.567428,23.281229
镇龙邮局,镇龙邮局,镇龙邮局,BV10018224,113.572262,23.279599
镜湖工业区总站,镜湖工业区总,镜湖工业区总站,BV10704948,113.25064,23.350093
长七,长七,长七,BV11649492,113.774294,23.834664
长丰苑,长丰苑,长丰苑,BV10253904,113.2634,22.860969
长兴路东,长兴路东,长兴路东,BV11689184,113.355594,23.170073
长兴路口,长兴路口,长兴路口,BV10807934,113.340141,23.172235
长兴路口,长兴路口,长兴路口(西行),BV09400278,113.34043,23.172168
长兴路口,长兴路口,长兴路口(东行),BV09400271,113.340141,23.172235
长坦总站,长坦总,长坦总站,BV10020088,113.427076,22.926474
长坦村口,长坦村口,长坦村口,BV10020089,113.426185,22.931653
长城大厦,长城大厦,长城大厦,BV10021716,113.298508,23.1227
长堤(民间金融街),长堤(民间金融街),长堤,BV11688501,113.255891,23.114386
长堤(民间金融街),长堤(民间金融街),长堤(民间金融街),BV10405655,113.255891,23.114386
长堤中路,长堤中路,长堤中路,BV10582349,113.36101,22.934838
长塘路口,长塘路口#1,长塘路口,BV10808746,113.910077,23.775508
长塘路口,长塘路口#2,长塘路口,BV11399883,113.432708,23.669958
长大公司,长大公司,长大公司,BV10019350,113.427732,23.449864
长安,长安,长安,BV11573871,113.434406,23.190905
长安北站,长安北,长安北站,BV10263645,113.788203,22.802629
长安商贸城公交站,长安商贸城公交,长安商贸城公交站,BV11504686,113.7911,22.801817
长安村口,长安村口,长安村口,BV10015242,113.436903,23.185183
长安社,长安社,长安社,BV11198734,113.704049,23.584923
长安社区,长安社区,长安社区,BV11654744,113.216237,23.133388
长安霄边派出所公交站,长安霄边派出所公交,长安霄边派出所公交站,BV11504687,113.815253,22.802652
长寿西康王路口,长寿西康王路口,长寿西康王路口,BV10016185,113.240428,23.120453
长山埗,长山埗,长山埗,BV11152727,113.763152,23.679436
长岗,长岗#1,长岗,BV11690340,113.250765,23.328105
长岗,长岗#2,长岗,BV09313068,113.213308,23.439692
长岗中学,长岗中学,长岗中学,BV09003434,113.211253,23.429221
长岗小学,长岗小学,长岗小学,BV10016218,113.596573,23.153406
长岗村委,长岗村委,长岗村委站,BV11327287,113.597888,23.150041
长岗村总站,长岗村总,长岗村总站,BV10018300,113.249875,23.326959
长岗路口,长岗路口,长岗路口,BV11634514,113.21754,23.439695
长岭国家健身登山步道入口(坳背路口),长岭国家健身登山步道入口(坳背路口),长岭国家健身登山步道入口(坳背路口),BV09389724,113.45943,23.216612
长岭居小学,长岭居小学,长岭居小学,BV11688335,113.498246,23.218226
长岭居小学,长岭居小学,长岭居小学(停东行),BV09332877,113.498478,23.218354
长岭居小学,长岭居小学,长岭居小学(停西行),BV09332878,113.498165,23.21834
长岭总站,长岭总,长岭总站,BV11359632,113.40838,23.721348
长岭村,长岭村,长岭村,BV11119657,113.74839,23.435438
长岭路,长岭路,长岭路,BV11461055,113.519844,23.215558
长岭路总站(贤江西),长岭路总站(贤江西),长岭路总站(贤江西),BV11596688,113.516694,23.212457
长布村,长布村,长布村,BV11377446,113.703157,23.375961
长平村,长平村,长平村站,BV11086409,113.480994,23.213983
长平村总站,长平村总,长平村总站,BV10018183,113.48269,23.213086
长平路口,长平路口,长平路口,BV11486248,113.478546,23.211969
长庚村,长庚村,长庚村站,BV09408442,113.524454,23.325593
长新路口,长新路口,长新路口,BV11482319,113.355139,23.299015
长棠路口站,长棠路口,长棠路口站,BV09050667,113.529082,23.344651
长江庄,长江庄,长江庄,BV10579524,113.566904,23.592461
长江数码花园,长江数码花园#1,长江数码花园站,BV10641084,113.337381,22.835256
长江数码花园,长江数码花园#2,长江数码花园,BV11687841,113.302073,22.974076
长江路口,长江路口#1,长江路口,BV11597695,113.408711,23.074396
长江路口,长江路口#2,长江路口,BV10948419,113.23953,23.028519
长江路总站,长江路总,长江路总站,BV10021951,113.408986,23.070349
长沙卫生站,长沙卫生,长沙卫生站,BV11333206,113.411291,23.394642
长沙埔村委站,长沙埔村委,长沙埔村委站,BV10018783,113.404387,23.393607
长沙埗长荔街口,长沙埗长荔街口,长沙埗长荔街口,BV09298088,113.415114,23.396376
长沙路口,长沙路口,长沙路口,BV10020093,113.422126,22.955748
长洲,长洲#1,长洲,BV09225604,113.422748,23.07815
长洲,长洲#2,长洲,BV10262691,113.621951,23.014705
长洲岛小学,长洲岛小学,长洲岛小学,BV09254010,113.424879,23.080341
长洲码头,长洲码头,长洲码头,BV10599113,113.427598,23.090077
长洲码头总站,长洲码头总,长洲码头总站,BV10018078,113.427749,23.087192
长洲街办,长洲街办,长洲街办,BV10018084,113.414202,23.076218
长洲路口,长洲路口,长洲路口,BV10018079,113.42635,23.086212
长流村委,长流村委,长流村委,BV11018296,113.771841,23.836151
长湴中路,长湴中路,长湴中路,BV09069504,113.347049,23.169639
长湴北街,长湴北街,长湴北街,BV10018991,113.291806,23.262505
长湴工业一路,长湴工业一路,长湴工业一路,BV10022756,113.292389,23.263622
长湴工业街,长湴工业街,长湴工业街,BV11643920,113.288084,23.262053
长湴工业街口,长湴工业街口,长湴工业街口,BV10943430,113.294731,23.26433
长湴市场,长湴市场#1,长湴市场,BV09269031,113.347758,23.1703
长湴市场,长湴市场#2,长湴市场,BV09308767,113.291983,23.261592
长湴街,长湴街,长湴街,BV10022755,113.290914,23.260397
长源路,长源路,长源路,BV09069501,113.341132,23.170681
长盛路中,长盛路中,长盛路中,BV10253170,113.077569,23.170493
长盛路北,长盛路北,长盛路北,BV11371479,113.075266,23.176162
长盛路南,长盛路南,长盛路南,BV11371461,113.084474,23.162456
长盛路口,长盛路口,长盛路口,BV11371470,113.074066,23.178797
长福路,长福路,长福路,BV09400272,113.339025,23.169991
长福路东,长福路东,长福路东,BV11519161,113.343053,23.168605
长福路中,长福路中,长福路中,BV10022025,113.34101,23.168458
长福路口站,长福路口,长福路口站,BV09410292,113.337389,23.171477
长福路总站,长福路总,长福路总站1号分站,BV09396151,113.338093,23.170442
长福路总站,长福路总,长福路总站2号分站,BV09396152,113.337763,23.170836
长福路总站,长福路总,长福路总站,BV10017626,113.338818,23.170077
长红,长红,长红,BV11690754,113.288827,23.26761
长红广场,长红广场,长红广场,BV11565351,113.291761,23.26442
长红村总站(长湴街口),长红村总站(长湴街口),长红村总站(长湴街口),BV11621887,113.290602,23.260036
长红西路,长红西路,长红西路,BV10022583,113.288832,23.264551
长腰岭,长腰岭,长腰岭,BV09142973,113.422707,23.386945
长腰岭(白云裘皮交易中心),长腰岭(白云裘皮交易中心),长腰岭(白云裘皮交易中心),BV10013952,113.428408,23.387216
长腰岭永安街口,长腰岭永安街口,长腰岭永安街口,BV09183021,113.414649,23.385828
长莫村委站,长莫村委,长莫村委站,BV10015035,113.469867,22.838622
长虹岭工业园,长虹岭工业园,长虹岭工业园,BV10252247,113.041667,23.134059
长贝二路(恒兆广场)总站,长贝二路(恒兆广场)总,长贝二路(恒兆广场)总站,BV09368635,113.485568,23.203649
长贤路,长贤路#1,长贤路站,BV11674524,113.487137,23.20874
长贤路,长贤路#2,长贤路站,BV11488679,113.497097,23.21295
长贤路东,长贤路东,长贤路东,BV11602624,113.499785,23.212838
长钟路南,长钟路南,长钟路南站,BV09265071,113.40146,23.387526
长隆旅游度假区总站,长隆旅游度假区总,长隆旅游度假区总站,BV10021917,113.305905,23.014142
长隆熊猫酒店,长隆熊猫酒店,长隆熊猫酒店,BV11184451,113.325332,23.00831
长隆酒店,长隆酒店,长隆酒店,BV11184450,113.322932,23.004878
长隆野生动物园站,长隆野生动物园,长隆野生动物园站,BV09201160,113.304723,23.013541
长鹿农庄(龙洲路),长鹿农庄(龙洲路),长鹿农庄(龙洲路),BV10254903,113.27938,22.884738
长龙村,长龙村,长龙村,BV10847167,113.469441,23.208075
长龙村西,长龙村西,长龙村西,BV11486245,113.4648,23.205776
门口岗总站,门口岗总,门口岗总站,BV10601258,113.277936,23.080611
阅江中路,阅江中路,阅江中路站,BV10022808,113.351724,23.106845
阅江中路东站,阅江中路东,阅江中路东站,BV10024445,113.366752,23.106726
阅江西路东,阅江西路东,阅江西路东站,BV10022810,113.344996,23.107787
阅江西路中,阅江西路中,阅江西路中站,BV10022811,113.339043,23.108979
阅江西路西,阅江西路西,阅江西路西站,BV10022467,113.330361,23.110073
阅江路总站(珠江啤酒厂),阅江路总站(珠江啤酒厂),阅江路总站(珠江啤酒厂),BV09308787,113.338236,23.105974
阅江路总站(珠江啤酒厂),阅江路总站(珠江啤酒厂),阅江路总站,BV10022468,113.338236,23.105974
防疫站,防疫,防疫站,BV10580171,113.21225,23.397183
阳光南路,阳光南路,阳光南路,BV09056918,113.16018,23.462687
阳光城(丽景湾)站,阳光城(丽景湾),阳光城(丽景湾)站,BV09156608,113.539502,22.819277
阳光城(澜悦)站,阳光城(澜悦),阳光城(澜悦)站,BV11605445,113.537753,22.815156
阳光城丽景湾站,阳光城丽景湾,阳光城丽景湾站,BV11482355,113.542262,22.823682
阳光城市广场站,阳光城市广场,阳光城市广场站,BV10014938,113.394663,22.797644
阳光城站,阳光城,阳光城站,BV09312727,113.539576,22.819913
阳光家园,阳光家园,阳光家园,BV10020831,113.821865,23.309084
阳光路口(金狮大道),阳光路口(金狮大道),阳光路口(金狮大道),BV10700886,113.162089,23.468623
阳光路口(金狮大道),阳光路口(金狮大道),阳光路口站,BV11306577,113.162089,23.468623
阳升村总站,阳升村总,阳升村总站,BV11431442,113.310539,23.478083
阳升路口,阳升路口,阳升路口,BV11431440,113.320525,23.47452
阿里巴巴大厦,阿里巴巴大厦,阿里巴巴大厦,BV11524290,113.341832,23.108179
阿里巴巴菜鸟园,阿里巴巴菜鸟园,阿里巴巴菜鸟园,BV09239834,113.658193,23.191754
陂下(光辉村),陂下(光辉村),陂下,BV11624284,113.563033,23.616293
陂下(光辉村),陂下(光辉村),陂下(光辉村),BV09236191,113.563021,23.616438
陆仕水产总站,陆仕水产总,陆仕水产总站,BV11622853,113.142655,23.319617
陆宅一队,陆宅一队,陆宅一队,BV11398031,113.516624,23.423858
陆村,陆村,陆村,BV10020749,113.841587,23.256211
陆祖庙,陆祖庙,陆祖庙,BV11315591,113.242356,23.241407
陈塘社,陈塘社,陈塘社,BV10022144,113.583545,23.263647
陈太路(军民路口),陈太路(军民路口),陈太路(军民路口),BV09183845,113.341087,23.284001
陈家林,陈家林,陈家林,BV11521972,113.556633,23.133469
陈家林路南,陈家林路南,陈家林路南,BV09341345,113.557145,23.147699
陈家祠,陈家祠,陈家祠,BV11596161,113.240188,23.128429
陈家祠,陈家祠,陈家祠2,BV09195327,113.240028,23.128294
陈家祠,陈家祠,陈家祠(停东行),BV09177117,113.238261,23.128263
陈家祠,陈家祠,陈家祠(停西行),BV09177116,113.240188,23.128429
陈家祠,陈家祠,陈家祠1,BV09271075,113.238261,23.128263
陈家祠总站(中山七路),陈家祠总站(中山七路),陈家祠总站(中山七路),BV10017981,113.241409,23.128692
陈屋,陈屋,陈屋,BV11636147,113.733947,23.371012
陈庄,陈庄,陈庄,BV11482394,113.501161,23.507235
陈戴巷,陈戴巷,陈戴巷,BV10023438,113.467206,22.96634
陈洞村,陈洞村,陈洞村,BV10018912,113.446553,23.330137
陈洞村总站,陈洞村总,陈洞村总站,BV10388106,113.446016,23.330698
陈洞村龙田庄,陈洞村龙田庄,陈洞村龙田庄,BV09134714,113.437789,23.331542
陈洞枝峰街口,陈洞枝峰街口,陈洞枝峰街口,BV11182890,113.43194,23.332116
陈涌,陈涌,陈涌,BV11459794,113.368239,22.920477
陈涌市场,陈涌市场,陈涌市场,BV09316437,113.363911,22.921307
陈田村,陈田村,陈田村,BV11688417,113.284239,23.211285
陈田村,陈田村,陈田村1,BV09163011,113.284337,23.211513
陈田村,陈田村,陈田村2,BV09163012,113.284337,23.211513
陈边村,陈边村,陈边村,BV10014324,113.36501,23.018183
陵园西路,陵园西路,陵园西路,BV10022273,113.277916,23.133542
陵岗,陵岗,陵岗,BV10258769,113.434771,22.530749
陶都站,陶都,陶都站,BV10251414,113.07541,23.007132
隔塘大街,隔塘大街,隔塘大街,BV10017991,113.230789,23.134003
隔山村,隔山村,隔山村,BV09225747,113.643967,23.36106
隔岸,隔岸,隔岸,BV10256258,113.164835,23.12526
障岗村,障岗村,障岗村,BV10018914,113.410441,23.371993
隧南路,隧南路,隧南路,BV09235563,113.533815,23.170821
隧南路西,隧南路西,隧南路西,BV09235567,113.530019,23.167938
雁塔大桥东,雁塔大桥东,雁塔大桥东,CL100008,113.827996,23.270566
雁沙村站,雁沙村,雁沙村站,BV10014919,113.38143,22.858018
雁洲村,雁洲村,雁洲村,BV10023020,113.411579,22.926831
雁洲村总站,雁洲村总,雁洲村总站,BV11561860,113.41162,22.927059
雁洲路口,雁洲路口,雁洲路口,BV11689912,113.407303,22.937639
雄丰村,雄丰村,雄丰村,BV10674438,113.17216,23.340579
雄丰街口,雄丰街口,雄丰街口,BV10389076,113.177,23.335036
雄丰路口,雄丰路口,雄丰路口,BV11688084,113.179622,23.337648
雄峰商城(105国道),雄峰商城(105国道),雄峰商城(105国道),BV10023079,113.29604,22.97353
雄峰商城(105国道),雄峰商城(105国道),雄峰商城,BV11607755,113.296434,22.973597
雄峰商城总站,雄峰商城总,雄峰商城总站,BV10019834,113.296434,22.973597
雄狮东路,雄狮东路,雄狮东路,BV10019403,113.158141,23.461821
雄狮中路,雄狮中路,雄狮中路,BV10475305,113.151938,23.463643
雄狮西路,雄狮西路,雄狮西路,BV10917510,113.142032,23.461327
雅宝新城,雅宝新城,雅宝新城站,BV11689390,113.184252,23.426709
雅居乐,雅居乐#1,雅居乐,BV11475093,113.380566,23.027459
雅居乐,雅居乐#2,雅居乐,BV09117689,113.195915,23.098117
雅居乐(凤凰路),雅居乐(凤凰路),雅居乐(凤凰路),BV10432255,113.228218,23.401663
雅居乐(城南源著)总站,雅居乐(城南源著)总,雅居乐(城南源著)总站,BV10581069,113.358169,22.909879
雅居乐·雍景豪园,雅居乐·雍景豪园,雅居乐·雍景豪园,BV09314048,113.195915,23.098117
雅居乐三千院,雅居乐三千院,雅居乐三千院,BV11363547,113.790762,23.305124
雅居乐总站,雅居乐总#1,雅居乐总站,BV10562521,113.380697,23.027483
雅居乐总站,雅居乐总#2,雅居乐总站,BV11384377,113.358306,22.909679
雅居乐花园,雅居乐花园,雅居乐花园,BV10254206,113.252881,22.820905
雅居乐花园A,雅居乐花园A,雅居乐花园A,BV11465988,113.252955,22.820813
雅居乐锦城花园,雅居乐锦城花园,雅居乐锦城花园,BV11688159,113.185309,23.418454
雅居乐锦官城,雅居乐锦官城,雅居乐锦官城,BV10023343,113.347123,22.919081
雅居蓝湾,雅居蓝湾,雅居蓝湾站,BV11371468,113.189369,23.099917
雅山村口,雅山村口,雅山村口,BV09237169,113.773119,23.173673
雅源南路,雅源南路,雅源南路,BV09141656,113.218409,23.357546
雅瑶中学,雅瑶中学,雅瑶中学,BV09398489,113.22635,23.368629
雅瑶公交总站,雅瑶公交总,雅瑶公交总站,BV11214875,113.213495,23.361557
雅瑶医院,雅瑶医院,雅瑶医院站,BV09412766,113.211826,23.364753
雅瑶小学,雅瑶小学,雅瑶小学,BV11401642,113.221999,23.366389
雅瑶市场,雅瑶市场,雅瑶市场,BV09001437,113.210698,23.36809
雅瑶幼儿园,雅瑶幼儿园,雅瑶幼儿园,BV10816432,113.21587,23.363866
雅瑶环卫站,雅瑶环卫,雅瑶环卫站,BV11313309,113.213784,23.358291
雅神路口,雅神路口,雅神路口,BV09141657,113.21522,23.358977
雅致,雅致,雅致,BV10266786,113.54484,23.071074
雅荷居,雅荷居,雅荷居,BV09005809,113.343976,22.911308
集安街,集安街,集安街,BV11621778,113.294852,23.230685
集成电路产业园,集成电路产业园,集成电路产业园,BV09099106,113.57759,22.682978
集星路口,集星路口,集星路口,BV11488539,113.536537,23.414653
集贤庄,集贤庄,集贤庄,BV10019447,113.296924,23.23388
集贤村,集贤村,集贤村,BV10471825,113.245311,23.497612
集贤苑教师新村,集贤苑教师新村,集贤苑教师新村,BV11482216,113.29494,23.237207
集贤苑教师新村总站,集贤苑教师新村总,集贤苑教师新村总站,BV10016195,113.291818,23.239051
集贤苑路口,集贤苑路口,集贤苑路口,BV10014208,113.298742,23.237781
集邦货运市场,集邦货运市场,集邦货运市场,BV10020947,113.641076,23.135639
雍富酒店站,雍富酒店,雍富酒店站,BV09243514,113.399375,22.804009
雕塑公园,雕塑公园,雕塑公园,BV11554813,113.266385,23.157431
雕塑公园,雕塑公园,雕塑公园1,BV09317749,113.266385,23.157431
雨洪公交总站,雨洪公交总,雨洪公交总站,BV11679651,113.507937,22.76819
霞迳村,霞迳村,霞迳村,BV10847819,113.627141,23.317777
青云公园,青云公园,青云公园,BV10017869,113.5797,23.54719
青云城内路口,青云城内路口,青云城内路口,BV11290414,113.580261,23.550256
青少宫,青少宫,青少宫,BV09154563,113.213686,23.417061
青年农场,青年农场,青年农场,BV10378294,113.48122,23.406164
青年路东,青年路东,青年路东,BV10022126,113.526998,23.067538
青年路中,青年路中,青年路中站,BV09400276,113.524217,23.06822
青年路西,青年路西,青年路西,BV10022159,113.521738,23.067853
青萝路口,青萝路口,青萝路口,BV09345563,113.336277,22.915528
青迳村,青迳村,青迳村,BV11119633,113.711822,23.434014
靖海路口,靖海路口,靖海路口,BV11688522,113.2572,23.11439
面带路口,面带路口,面带路口,BV11595179,113.568492,23.438737
革新路,革新路,革新路站,BV11317287,113.249734,23.088887
革新路口,革新路口,革新路口,BV09006413,113.248744,23.099733
革新路口,革新路口,革新路口1,BV09314790,113.248661,23.100255
革新路总站,革新路总,革新路总站,BV10014587,113.250086,23.087542
韦海路,韦海路,韦海路,BV11452513,113.271692,22.987333
韦海路(中建四局),韦海路(中建四局),韦海路(中建四局),BV09066648,113.274221,22.988957
韦涌村,韦涌村,韦涌村,BV10023027,113.256692,22.979526
韩村桥头,韩村桥头,韩村桥头,BV11312086,113.746435,23.394198
顺峰山公园,顺峰山公园,顺峰山公园,BV11141182,113.271223,22.830701
顺德一中高中部,顺德一中高中部,顺德一中高中部,BV10253569,113.286797,22.830924
顺德区政府,顺德区政府,顺德区政府站,BV09358020,113.28778,22.806155
顺德区税务局,顺德区税务局,顺德区税务局,BV11110927,113.298847,22.802409
顺德学院地铁站,顺德学院地铁,顺德学院地铁站,BV09079032,113.311483,22.820894
顺德客运总站,顺德客运总,顺德客运总站,BV10253171,113.245652,22.820976
顺德客运总站上客点,顺德客运总站上客点,顺德客运总站上客点,BV11379870,113.245326,22.82184
顺德职院站,顺德职院,顺德职院站,BV11419905,113.325077,22.808899
顺成·大融城北门,顺成·大融城北门,顺成·大融城北门,BV11319046,113.267525,22.830639
顺昌路,顺昌路,顺昌路,BV11647306,113.34181,22.815077
顺欣花园,顺欣花园,顺欣花园,BV11689662,113.616382,23.147713
顺河村委站,顺河村委,顺河村委站,BV10641088,113.379598,22.825216
顺河村站,顺河村,顺河村站,BV10014923,113.387242,22.835879
顺河村路口站,顺河村路口,顺河村路口站,BV10405448,113.392838,22.820085
顺河路口,顺河路口,顺河路口站,BV10014969,113.3695,22.838266
顺龙厂,顺龙厂,顺龙厂站,BV11688086,113.582101,23.181353
领地海纳天河,领地海纳天河,领地海纳天河,BV10394372,113.181481,23.090612
颐养院,颐养院#1,颐养院,BV11435998,113.367014,22.945881
颐养院,颐养院#2,颐养院,BV11435997,113.180553,23.386784
颐和山庄,颐和山庄,颐和山庄,BV10021221,113.306997,23.218912
颐和盛世总站,颐和盛世总,颐和盛世总站,BV11692326,113.074913,23.241696
颜峰,颜峰,颜峰,BV10252241,113.076727,23.128137
风信路,风信路,风信路,BV11668244,113.421341,23.174407
风味园,风味园,风味园,BV11451058,113.646237,23.315044
风度路,风度路,风度路,BV11481837,113.230499,23.20391
风度路口,风度路口,风度路口,BV10013777,113.232439,23.201857
风正街,风正街,风正街,BV11297644,113.267133,23.201876
风神六号门口,风神六号门口,风神六号门口,BV10706157,113.157824,23.393239
风神厂,风神厂,风神厂,BV09177573,113.162185,23.381813
风神厂东门,风神厂东门,风神厂东门,BV10015579,113.167202,23.387039
风神花园,风神花园,风神花园,BV09375677,113.150225,23.381104
风茂街,风茂街,风茂街,BV10330870,113.37816,23.064662
飘峰,飘峰,飘峰,BV10021894,113.30082,23.004242
飞扬西路,飞扬西路,飞扬西路,BV11504273,113.795702,23.300982
飞旋公司,飞旋公司,飞旋公司,BV11246406,113.093148,23.383652
飞粤大道中(九一村东),飞粤大道中(九一村东),飞粤大道中,BV09120470,113.308784,23.431833
飞粤大道中(九一村东),飞粤大道中(九一村东),飞粤大道中(九一村东),BV11682467,113.308784,23.431833
飞粤大道中(九一村西),飞粤大道中(九一村西),飞粤大道中(九一村西),BV11371156,113.308272,23.432134
飞粤大道北(三凤村),飞粤大道北(三凤村),飞粤大道北,BV11186405,113.309625,23.435855
飞粤大道北(三凤村),飞粤大道北(三凤村),飞粤大道北(三凤村),BV11544667,113.30926,23.435946
飞粤大道南,飞粤大道南,飞粤大道南,BV11568715,113.307455,23.426713
飞达音响厂,飞达音响厂,飞达音响厂,BV10018685,113.112739,23.357251
飞马,飞马,飞马,BV10255258,112.920825,23.266822
飞鹅,飞鹅,飞鹅,BV10977096,113.511212,23.425586
飞鹅墓园,飞鹅墓园,飞鹅墓园,BV10253173,113.235791,22.81659
飞鹅小学,飞鹅小学,飞鹅小学,BV11115192,113.521985,23.419802
飞鹅岭地铁口,飞鹅岭地铁口,飞鹅岭地铁口,BV11025103,113.150842,23.380187
飞鹅岭地铁口总站,飞鹅岭地铁口总,飞鹅岭地铁口总站,BV11507966,113.150842,23.380187
飞鹅岭地铁总站,飞鹅岭地铁总,飞鹅岭地铁总站,BV11552459,113.150668,23.380123
飞鹅村,飞鹅村,飞鹅村站,BV11482320,113.411866,23.307426
飞鹅路,飞鹅路#1,飞鹅路,BV11299096,113.234733,22.813478
飞鹅路,飞鹅路#2,飞鹅路,BV10022201,113.261447,23.153822
飞鹰厂,飞鹰厂,飞鹰厂站,BV10014977,113.33185,22.836982
食品集团,食品集团,食品集团,BV10023199,113.363725,22.95008
饮食风情街,饮食风情街,饮食风情街,BV11591115,113.233975,23.407324
香凝学校,香凝学校,香凝学校,BV11651648,113.213128,23.056328
香山大道,香山大道,香山大道,BV11379180,113.618245,23.185989
香山大道中,香山大道中,香山大道中,BV09236549,113.618444,23.179831
香山大道南,香山大道南,香山大道南,BV09169183,113.624888,23.152283
香山湖,香山湖,香山湖,BV11141640,113.606489,23.230771
香山湖总站,香山湖总,香山湖总站,BV09237673,113.608967,23.22035
香山湖路口,香山湖路口,香山湖路口,BV11472539,113.603106,23.233846
香山路,香山路,香山路,BV10015241,113.438236,23.183461
香山路中,香山路中,香山路中,BV10015243,113.435033,23.181781
香山路南,香山路南,香山路南,BV10015244,113.432507,23.175496
香景花园,香景花园,香景花园,BV11472537,113.611792,23.229371
香江悦府,香江悦府,香江悦府站,BV11621188,113.714612,23.276396
香江野生动物世界总站,香江野生动物世界总,香江野生动物世界总站,BV10022292,113.305789,23.01433
香港科技大学(广州)站,香港科技大学(广州),香港科技大学(广州)站,BV09037935,113.478282,22.887715
香草世界,香草世界,香草世界,BV10467865,113.256013,23.461735
香荔二路,香荔二路,香荔二路,BV10521775,113.566806,23.19597
香荔路,香荔路,香荔路,BV11484695,113.569638,23.199865
香荔路北,香荔路北,香荔路北,BV11484697,113.572667,23.205035
香蜜路中,香蜜路中,香蜜路中,BV09237674,113.611523,23.221914
香雪二路,香雪二路,香雪二路,BV10019468,113.472626,23.178547
香雪八路中站,香雪八路中,香雪八路中站,BV10846989,113.489406,23.183225
香雪八路南,香雪八路南,香雪八路南站,BV09244441,113.489833,23.179751
香雪公寓(广州国际人才城),香雪公寓(广州国际人才城),香雪公寓,BV10013981,113.492834,23.178757
香雪公寓(广州国际人才城),香雪公寓(广州国际人才城),香雪公寓(广州国际人才城),BV09315293,113.492855,23.178758
香雪大道(下中路口),香雪大道(下中路口),香雪大道(下中路口)站,BV11488674,113.501445,23.179885
香雪大道图书馆北门,香雪大道图书馆北门,香雪大道图书馆北门站,BV11488681,113.495791,23.178684
香雪山南,香雪山南,香雪山南,BV10019467,113.47131,23.177267
马修村,马修村,马修村,BV10015438,113.777063,23.183569
马修谢屋村,马修谢屋村,马修谢屋村,BV10538189,113.773057,23.18767
马克村总站,马克村总,马克村总站,BV11403454,113.430213,22.84129
马克村站,马克村,马克村站,BV11424359,113.430807,22.841907
马克路口站,马克路口,马克路口站,BV10020672,113.442333,22.848332
马克路站,马克路,马克路站,BV10015043,113.441609,22.847285
马兰形,马兰形,马兰形,BV11333205,113.487842,23.375386
马前村口站,马前村口,马前村口站,BV10405458,113.377752,22.782449
马前村站,马前村,马前村站,BV10019743,113.373731,22.781149
马务,马务,马务,BV11688360,113.253699,23.206644
马务,马务,马务2,BV09226099,113.253699,23.206644
马务大街,马务大街,马务大街,BV11682560,113.252718,23.20863
马务联和西街,马务联和西街,马务联和西街,BV11682556,113.252729,23.210485
马口圳,马口圳,马口圳,BV11315194,113.810206,23.519522
马场路中,马场路中,马场路中,BV09355197,113.337843,23.121293
马场路南,马场路南,马场路南,BV10021441,113.337964,23.117669
马场路口,马场路口,马场路口,BV10813008,113.708251,23.697567
马坑社,马坑社,马坑社,BV11028712,113.410276,23.684064
马山,马山,马山站,BV10975804,113.619656,23.17492
马山宿舍,马山宿舍,马山宿舍,BV11455322,113.628134,23.173406
马岗岭街口,马岗岭街口,马岗岭街口,BV11662482,113.248608,23.267961
马岭村委,马岭村委,马岭村委,BV11379200,113.10863,23.456174
马岭路口,马岭路口#1,马岭路口,BV11689384,113.415193,23.631732
马岭路口,马岭路口#2,马岭路口站,BV09322922,113.103114,23.461091
马庄村,马庄村,马庄村,BV11133003,113.34696,22.979799
马房三街,马房三街,马房三街,BV09407401,113.197811,23.386724
马新路(广新路口),马新路(广新路口),马新路(广新路口),BV11655611,113.453391,23.362785
马村,马村,马村,BV10587233,113.792691,23.479593
马沥村,马沥村,马沥村,BV10021291,113.435867,23.387098
马洞小学,马洞小学,马洞小学,BV09208064,113.447222,23.366
马洞广新路东,马洞广新路东,马洞广新路东,BV11469406,113.46307,23.356839
马洞广新路中,马洞广新路中,马洞广新路中,BV11469407,113.455579,23.362218
马洞村委,马洞村委,马洞村委,BV10022645,113.449716,23.364878
马洞森林公园总站,马洞森林公园总,马洞森林公园总站,BV11465374,113.458906,23.355851
马洞马新路(茅岗新岗路口),马洞马新路(茅岗新岗路口),马洞马新路(茅岗新岗路口),BV11468574,113.454738,23.357678
马洞马新路东,马洞马新路东,马洞马新路东,BV11469403,113.462715,23.354427
马溪总站,马溪总,马溪总站,BV10701712,113.143161,23.353852
马溪村,马溪村,马溪村,BV10435799,113.141032,23.357625
马滘河站,马滘河,马滘河站,BV09269177,113.55258,23.056275
马鞍山公园东,马鞍山公园东,马鞍山公园东,BV10664684,113.234496,23.400238
马鞍山公园西门,马鞍山公园西门,马鞍山公园西门,BV11690357,113.229056,23.394637
驳塘街,驳塘街,驳塘街,BV10017608,113.506476,23.339852
驹荣北路地铁站,驹荣北路地铁,驹荣北路地铁站,BV09078897,113.270247,22.837622
骆村,骆村,骆村,BV10017067,113.046962,23.296106
骆村市场,骆村市场,骆村市场,BV10742891,113.050461,23.294056
骏业路东,骏业路东,骏业路东,BV11689043,113.524873,23.138366
骏业路中,骏业路中,骏业路中,BV11379029,113.519986,23.137908
骏业路口,骏业路口,骏业路口,BV11467031,113.526912,23.13985
骏业路西,骏业路西,骏业路西站,BV11379030,113.512898,23.137961
骏功路,骏功路,骏功路,BV10017345,113.524808,23.133321
骏功路(连云路口),骏功路(连云路口),骏功路(连云路口),BV11691186,113.514941,23.133302
骏功路西,骏功路西,骏功路西,BV10021338,113.519953,23.133334
骏壹万邦,骏壹万邦,骏壹万邦,BV10543719,113.220257,23.407793
骏威客车厂,骏威客车厂,骏威客车厂,BV11363021,113.207897,23.238449
骏威小学,骏威小学,骏威小学,BV10017324,113.227517,23.407415
骏成路东,骏成路东,骏成路东,BV10014166,113.508929,23.143829
骏景豪庭,骏景豪庭,骏景豪庭,BV10253345,113.16748,23.095719
骏达路东,骏达路东,骏达路东,BV10900951,113.522176,23.142341
骏达路中,骏达路中,骏达路中,BV11483206,113.514901,23.1425
骏逸苑,骏逸苑,骏逸苑站,BV11624669,113.343071,23.122791
高丰总站,高丰总,高丰总站,BV11486456,113.432446,23.542632
高唐路,高唐路,高唐路,BV10019110,113.398779,23.174695
高唐路中,高唐路中,高唐路中,BV11605381,113.397697,23.173524
高地街,高地街,高地街,BV11118895,113.610739,23.119277
高坡头,高坡头,高坡头,BV10024254,113.784257,23.502036
高坣,高坣,高坣,BV09395781,113.736878,23.624477
高坣总站,高坣总,高坣总站,BV11216190,113.736871,23.624395
高埔村委,高埔村委,高埔村委,BV10977100,113.494679,23.426011
高塘工业区,高塘工业区,高塘工业区,BV11688329,113.408598,23.19314
高塘市场,高塘市场,高塘市场,BV11422844,113.216114,23.274393
高塘石东,高塘石东,高塘石东,BV11688331,113.414668,23.193575
高塱,高塱,高塱,BV11369781,113.45696,23.585553
高增一村(方华公路),高增一村(方华公路),高增一村(方华公路),BV11568713,113.299016,23.360535
高增一村(方华公路),高增一村(方华公路),高增一村,BV11487921,113.299117,23.361356
高增大桥北,高增大桥北,高增大桥北,BV09208608,113.298053,23.3399
高增村,高增村,高增村,BV11683719,113.302316,23.350056
高尔夫球场,高尔夫球场,高尔夫球场,BV10573522,112.93347,23.366863
高岗路,高岗路,高岗路,BV11474164,113.199514,23.067372
高峰村委,高峰村委,高峰村委,BV11457963,113.642332,23.552882
高平墟,高平墟,高平墟,BV11482396,113.408038,23.707118
高平桥,高平桥,高平桥,BV11488536,113.544744,23.415338
高新技术学校路口,高新技术学校路口,高新技术学校路口,BV11346508,113.222773,23.476246
高新沙桥北站(北),高新沙桥北站(北),高新沙桥北站(北),BV09012298,113.423852,22.815534
高新沙桥北站(南),高新沙桥北站(南),高新沙桥北站(南),BV09012296,113.424362,22.81622
高新沙路口站,高新沙路口,高新沙路口站,BV10014985,113.417472,22.807787
高新沙路口站,高新沙路口,高新沙路口1,BV09122466,113.418201,22.807064
高新沙路口站,高新沙路口,高新沙路口站1,BV09100634,113.418387,22.80687
高普路中,高普路中,高普路中,BV11600786,113.405952,23.183116
高普路北,高普路北,高普路北,BV11600787,113.405935,23.191283
高普路天盈路口,高普路天盈路口,高普路天盈路口站,BV11477697,113.40827,23.177353
高普路软件路口,高普路软件路口,高普路软件路口站,BV11477694,113.405783,23.174589
高普路高科路口,高普路高科路口,高普路高科路口站,BV11600785,113.405919,23.18829
高架桥东,高架桥东,高架桥东,BV11120152,113.202524,23.384065
高桥大街,高桥大街,高桥大街,BV10665239,113.224309,23.14709
高桥大街口,高桥大街口,高桥大街口,BV10665240,113.223244,23.145948
高步村,高步村,高步村,BV10018725,113.574967,23.569908
高步路口,高步路口,高步路口站,BV11268020,113.577203,23.56334
高沙,高沙,高沙,BV10775410,113.689206,23.685615
高沙2队路口站,高沙2队路口,高沙2队路口站,BV11273572,113.426471,22.822291
高沙村委,高沙村委,高沙村委,BV10813012,113.698878,23.686945
高沙村站(北),高沙村站(北),高沙村,BV09260931,113.420952,22.826745
高沙村站(北),高沙村站(北),高沙村站(北),BV09012300,113.420143,22.827862
高滩村,高滩村,高滩村,BV11633008,113.777465,23.549777
高滩路口,高滩路口,高滩路口,BV11627809,113.775137,23.555099
高田村口,高田村口,高田村口,BV11633007,113.459886,23.323613
高田村委,高田村委,高田村委,BV11115181,113.53993,23.415645
高脊,高脊,高脊,BV11649491,113.365023,23.595189
高路大巷,高路大巷,高路大巷,BV09257867,113.29151,23.289961
高车埔,高车埔,高车埔,BV11115113,113.497461,23.425363
高车村,高车村,高车村,BV11139217,113.652947,23.323288
高边,高边,高边,BV11689446,113.086008,23.125447
高速公路口,高速公路口,高速公路口,BV10251514,113.037229,22.986294
高铁庆盛总站,高铁庆盛总,高铁庆盛总站,BV11627208,113.486501,22.870394
高铁庆盛站,高铁庆盛,高铁庆盛站,BV09394481,113.485362,22.870883
高铁庆盛站,高铁庆盛,高铁庆盛站1,BV09410623,113.48581,22.869324
高铁庆盛站总站,高铁庆盛站总,高铁庆盛站总站,BV10888875,113.486512,22.870404
高门村,高门村,高门村,BV10024135,113.810204,23.163355
高门村路口,高门村路口,高门村路口,BV09237167,113.809675,23.162968
鱼塘边,鱼塘边,鱼塘边,BV11585813,113.269657,23.228396
鱼洞村委,鱼洞村委,鱼洞村委,BV11398022,114.020729,23.778653
鱼珠总站,鱼珠总,鱼珠总站,BV10419574,113.424867,23.101147
鱼珠码头,鱼珠码头,鱼珠码头,BV11361606,113.424643,23.101027
鱼珠码头,鱼珠码头,鱼珠码头,BV10582110,113.424292,23.096345
鱼珠码头总站,鱼珠码头总,鱼珠码头总站,BV10018096,113.424946,23.098162
鱼窝头中学站,鱼窝头中学,鱼窝头中学站,BV10018455,113.451153,22.860555
鱼窝头二中,鱼窝头二中,鱼窝头二中站,BV09304950,113.399726,22.886131
鱼窝头大道站,鱼窝头大道,鱼窝头大道站,BV10015042,113.448079,22.849779
鱼窝头市场站,鱼窝头市场,鱼窝头市场站,BV10023184,113.445781,22.870678
鱼窝头社区中心,鱼窝头社区中心,鱼窝头社区中心站,BV10018457,113.453387,22.853336
鱼窝头车站,鱼窝头车,鱼窝头车站,BV10015041,113.45303,22.851609
鱼良头,鱼良头,鱼良头,BV11369793,113.521932,23.491874
鱼茅路,鱼茅路,鱼茅路,BV10018095,113.42617,23.101292
鲁村路口,鲁村路口,鲁村路口,BV10252771,112.904199,23.188244
鲤塘村,鲤塘村,鲤塘村,BV10449609,113.011365,23.371453
鳌头中学路口,鳌头中学路口,鳌头中学路口,BV11193729,113.411961,23.62537
鳌头公交总站,鳌头公交总,鳌头公交总站,BV11596281,113.420947,23.624284
鳌头公交站,鳌头公交,鳌头公交站,BV11530446,113.422181,23.623242
鳌头农商银行,鳌头农商银行,鳌头农商银行,BV10977125,113.417592,23.622367
鳌头卫生院,鳌头卫生院,鳌头卫生院,BV10977127,113.414876,23.623879
鳌头客运站,鳌头客运,鳌头客运站,BV11596185,113.420812,23.624197
鳌头客运站总站,鳌头客运站总,鳌头客运站总站,BV11247200,113.420782,23.624171
鳌头工业园,鳌头工业园,鳌头工业园,BV11352901,113.445559,23.617497
鳌头广场,鳌头广场,鳌头广场,BV11487753,113.424285,23.61941
鳌头第三中心小学,鳌头第三中心小学,鳌头第三中心小学,BV11486323,113.411841,23.673707
鳌头综维稳中心站,鳌头综维稳中心,鳌头综维稳中心站,BV11352934,113.422623,23.616225
鳌头镇第二中心小学,鳌头镇第二中心小学,鳌头镇第二中心小学,BV11307219,113.498921,23.587638
鳌鱼岗大街牌坊总站,鳌鱼岗大街牌坊总,鳌鱼岗大街牌坊总站,BV09413903,113.326383,23.169079
鳌鱼岗总站,鳌鱼岗总,鳌鱼岗总站,BV11357208,113.326383,23.169096
鸡抱沙(四涌),鸡抱沙(四涌),鸡抱沙(四涌)站,BV09105491,113.61381,22.706491
鸡抱沙四涌(临时站),鸡抱沙四涌(临时站),鸡抱沙四涌站,BV09410325,113.612199,22.706356
鸡洲市场,鸡洲市场,鸡洲市场,BV10253905,113.260703,22.860953
鸡洲庙,鸡洲庙,鸡洲庙,BV10253906,113.26036,22.864377
鸡笼岗路口,鸡笼岗路口,鸡笼岗路口,BV11447881,113.655997,23.60467
鸡谷山路西,鸡谷山路西,鸡谷山路西站,BV09077733,113.486482,22.831736
鸡颈坑,鸡颈坑,鸡颈坑,BV10014372,113.312656,23.173067
鸡龙岗路口,鸡龙岗路口,鸡龙岗路口,BV11632940,113.656087,23.604649
鸣翠苑,鸣翠苑,鸣翠苑,BV10493252,113.356197,22.961046
鸦岗路口,鸦岗路口,鸦岗路口,BV11346876,113.202065,23.233283
鸦湖公园,鸦湖公园,鸦湖公园,BV11369414,113.290704,23.326779
鸦湖方石村,鸦湖方石村,鸦湖方石村,BV11584578,113.282898,23.321786
鸦湖村口,鸦湖村口,鸦湖村口,BV11273134,113.281475,23.334122
鸭一村,鸭一村,鸭一村,BV09183568,113.094628,23.35424
鸭湖村,鸭湖村,鸭湖村,BV09183566,113.10168,23.353094
鸿利光电,鸿利光电,鸿利光电,BV10471090,113.353763,23.448573
鸿图科技,鸿图科技,鸿图科技,BV10544712,112.523811,23.043609
鸿福东路东,鸿福东路东,鸿福东路东,BV10266609,113.769614,23.005461
鸿福商业中心,鸿福商业中心,鸿福商业中心,BV11645950,113.73865,23.018941
鸿福地铁站,鸿福地铁,鸿福地铁站,BV10880721,113.752795,23.012056
鹅仓,鹅仓,鹅仓,BV10257171,112.44625,23.035217
鹅兜村,鹅兜村,鹅兜村,BV10016257,113.803508,23.468883
鹅掌坦,鹅掌坦,鹅掌坦,BV11688387,113.230199,23.158363
鹤亭,鹤亭,鹤亭,BV10018676,113.298432,23.327357
鹤亭工业区北二路口,鹤亭工业区北二路口,鹤亭工业区北二路口,BV11505346,113.311187,23.314711
鹤亭工业区北六路口,鹤亭工业区北六路口,鹤亭工业区北六路口,BV11505345,113.320434,23.312324
鹤亭西路口,鹤亭西路口,鹤亭西路口,BV11392391,113.301011,23.329622
鹤前东路,鹤前东路,鹤前东路,BV10563049,113.310415,23.323669
鹤南(兵房街),鹤南(兵房街),鹤南,BV09001451,113.258173,23.219094
鹤南(兵房街),鹤南(兵房街),鹤南(兵房街),BV10405425,113.257682,23.21872
鹤岗村,鹤岗村,鹤岗村,BV10388539,113.166518,23.293212
鹤洞东,鹤洞东,鹤洞东,BV09364266,113.246639,23.072737
鹤洞总站,鹤洞总,鹤洞总站,BV10824927,113.23448,23.075344
鹤洞新村,鹤洞新村,鹤洞新村,BV10013603,113.241307,23.087421
鹤洞路西,鹤洞路西,鹤洞路西,BV09001134,113.230617,23.071191
鹤洞路西,鹤洞路西,鹤洞路西1,BV09199072,113.230765,23.071159
鹤洲村,鹤洲村,鹤洲村,BV10020750,113.837357,23.260264
鹤边,鹤边,鹤边,BV10751556,113.261939,23.216317
鹤边军民西路,鹤边军民西路,鹤边军民西路,BV11692948,113.260101,23.223789
鹤边员村,鹤边员村,鹤边员村,BV11691429,113.263787,23.226394
鹤龙东路站,鹤龙东路,鹤龙东路站,BV09314895,113.268447,23.220988
鹤龙五路口,鹤龙五路口,鹤龙五路口,BV10021374,113.29545,23.297329
鹤龙四路(龙兴西路口),鹤龙四路(龙兴西路口),鹤龙四路(龙兴西路口)站,BV09196447,113.297921,23.279458
鹤龙四路(龙兴西路口),鹤龙四路(龙兴西路口),鹤龙四路(龙兴西路口)2,BV09226081,113.298068,23.279402
鹤龙四路(龙兴西路口),鹤龙四路(龙兴西路口),鹤龙四路(龙兴西路口)1,BV09228303,113.297739,23.279499
鹤龙四路(龙兴西路口),鹤龙四路(龙兴西路口),鹤龙四路,BV09194001,113.297379,23.27699
鹤龙四路(龙兴西路口),鹤龙四路(龙兴西路口)1站(原行知学院站),鹤龙四路(龙兴西路口),BV09244070,113.29745,23.277173
鹭江,鹭江,鹭江站,BV11687958,113.303707,23.098087
鹭江,鹭江,鹭江2,BV09335012,113.303707,23.098087
鹭江,鹭江,鹭江1,BV09160624,113.303474,23.097939
鹿田村水口站,鹿田村水口,鹿田村水口站,BV11491299,113.505292,23.624826
鹿颈村牌坊站,鹿颈村牌坊,鹿颈村牌坊站,BV11457411,113.597454,22.75974
鹿颈牌坊站,鹿颈牌坊,鹿颈牌坊站,BV10608988,113.597454,22.75974
鹿鸣山总站,鹿鸣山总,鹿鸣山总站,BV09068673,113.528135,23.085544
麒麟中学站,麒麟中学,麒麟中学站,BV10019210,113.493232,22.816611
麒麟新城三期总站,麒麟新城三期总,麒麟新城三期总站,BV11298836,113.489228,22.818736
麒麟新城站,麒麟新城,麒麟新城站,BV10015926,113.495995,22.813296
麒龙西路站,麒龙西路,麒龙西路站,BV11159276,113.499643,22.830515
麓景路,麓景路,麓景路,BV11688573,113.272921,23.1463
麓湖公园,麓湖公园,麓湖公园,BV10013648,113.276588,23.147131
麟龙西路站,麟龙西路,麟龙西路站,BV11037292,113.499667,22.830486
麦村,麦村#1,麦村,BV10016318,113.225857,23.065113
麦村,麦村#2,麦村,BV10655506,113.858778,23.372392
麦村村委,麦村村委#1,麦村村委,BV10022141,113.584634,23.254141
麦村村委,麦村村委#2,麦村村委,BV11118931,113.843685,23.381707
麦田生态园站,麦田生态园,麦田生态园站,BV11491313,113.497995,23.603493
麻一木棉站,麻一木棉,麻一木棉站,BV11198745,113.607082,23.603235
麻三村,麻三村,麻三村,BV09269179,113.563878,23.055455
麻三村委,麻三村委,麻三村委,BV11115217,113.610272,23.613916
麻二大房站,麻二大房,麻二大房站,BV11366910,113.611156,23.610601
麻二村委,麻二村委,麻二村委,BV11115213,113.609459,23.607019
麻冚村,麻冚村,麻冚村,BV11488232,113.889876,23.447035
麻冚村委,麻冚村委,麻冚村委,BV11488229,113.896588,23.458619
麻奢,麻奢,麻奢,BV11270058,113.111765,23.216061
麻奢医院,麻奢医院,麻奢医院,BV10889441,113.116246,23.215969
麻涌一中,麻涌一中,麻涌一中站,BV09269175,113.573428,23.058704
麻涌中学,麻涌中学,麻涌中学,BV10424344,113.583629,23.049747
麻涌市场(古梅美食街),麻涌市场(古梅美食街),麻涌市场,BV11309028,113.567709,23.055277
麻涌市场(古梅美食街),麻涌市场(古梅美食街),麻涌市场(古梅美食街),BV10494261,113.567709,23.055277
麻涌文化广场,麻涌文化广场,麻涌文化广场,BV10262819,113.578369,23.056179
麻涌码头,麻涌码头,麻涌码头,BV11328078,113.528039,23.030626
麻涌车站,麻涌车,麻涌车站,BV10266782,113.566353,23.05528
麻涌镇政府,麻涌镇政府,麻涌镇政府,BV10265742,113.576902,23.053058
麻车村,麻车村,麻车村,BV10024293,113.764064,23.20002
麻车村委,麻车村委,麻车村委,BV11367805,113.768531,23.193089
黄丽街,黄丽街,黄丽街,BV11627311,113.207141,23.170088
黄冈中学,黄冈中学,黄冈中学,BV10977756,113.253371,23.370331
黄冈小学,黄冈小学,黄冈小学,BV11688049,113.228921,23.4215
黄华路,黄华路,黄华路,BV10022210,113.272817,23.137165
黄华路口,黄华路口,黄华路口,BV10022209,113.273055,23.135186
黄园路,黄园路,黄园路,BV10021138,113.260754,23.208476
黄围,黄围#1,黄围,BV11474708,113.675166,23.661821
黄围,黄围#2,黄围,BV09243515,113.641528,23.522168
黄围,黄围#3,黄围,BV11474710,113.656424,23.781285
黄场,黄场,黄场站,BV11480860,113.547131,23.618101
黄场二社,黄场二社,黄场二社站,BV11480858,113.541656,23.623988
黄埔东路(石化南路),黄埔东路(石化南路),黄埔东路(石化南路),BV09070814,113.464551,23.099094
黄埔东路(石化南路)总站,黄埔东路(石化南路)总,黄埔东路(石化南路)总站,BV09065963,113.462793,23.099457
黄埔东路总站(石化南路),黄埔东路总站(石化南路),黄埔东路总站(石化南路),BV09065518,113.462793,23.099457
黄埔低空经济创新中心,黄埔低空经济创新中心,黄埔低空经济创新中心站,BV09400279,113.483389,23.179531
黄埔低空经济创新中心总站,黄埔低空经济创新中心总,黄埔低空经济创新中心总站,BV09400275,113.483389,23.179531
黄埔体育中心公交站场,黄埔体育中心公交站场,黄埔体育中心公交站场,BV10018091,113.453274,23.113369
黄埔体育中心总站,黄埔体育中心总,黄埔体育中心总站,BV10013811,113.452536,23.11355
黄埔体育馆,黄埔体育馆,黄埔体育馆,BV11687857,113.447871,23.114312
黄埔体育馆南门,黄埔体育馆南门,黄埔体育馆南门,BV10021323,113.452005,23.115136
黄埔军校小学,黄埔军校小学,黄埔军校小学,BV09385635,113.445097,23.194051
黄埔军校总站,黄埔军校总,黄埔军校总站,BV10509039,113.423154,23.0864
黄埔军校纪念中学,黄埔军校纪念中学,黄埔军校纪念中学,BV10946530,113.421353,23.077291
黄埔区儿童公园,黄埔区儿童公园,黄埔区儿童公园,BV11687896,113.456292,23.108509
黄埔区图书馆(香雪馆),黄埔区图书馆(香雪馆),黄埔区图书馆,BV11279607,113.497299,23.177219
黄埔区图书馆(香雪馆),黄埔区图书馆(香雪馆),黄埔区图书馆(香雪馆),BV11466873,113.49574,23.177135
黄埔区图书馆站(香雪馆),黄埔区图书馆站(香雪馆),黄埔区图书馆站(香雪馆),BV11483403,113.49574,23.177135
黄埔区天誉小学站,黄埔区天誉小学,黄埔区天誉小学站,BV09334430,113.521185,23.333104
黄埔区少年宫,黄埔区少年宫#1,黄埔区少年宫,BV09344027,113.449737,23.109148
黄埔区少年宫,黄埔区少年宫#2,黄埔区少年宫,BV11687901,113.487865,23.179185
黄埔区萝岗福利院站,黄埔区萝岗福利院,黄埔区萝岗福利院站,BV11488678,113.491791,23.211216
黄埔区青少年宫(萝岗宫),黄埔区青少年宫(萝岗宫),黄埔区青少年宫,BV11279608,113.487865,23.179185
黄埔区青少年宫(萝岗宫),黄埔区青少年宫(萝岗宫),黄埔区青少年宫(萝岗宫),BV09043183,113.48705,23.179004
黄埔古村南广场总站(落客点),黄埔古村南广场总站(落客点),黄埔古村南广场总站,BV09386566,113.39311,23.091195
黄埔古村南广场总站(落客点),黄埔古村南广场总站(落客点),黄埔古村南广场总站(落客点),BV09390533,113.39311,23.091195
黄埔古村总站,黄埔古村总,黄埔古村总站,BV10024444,113.395395,23.095767
黄埔图书馆(大沙馆),黄埔图书馆(大沙馆),黄埔图书馆,BV09297713,113.453989,23.111708
黄埔图书馆(大沙馆),黄埔图书馆(大沙馆),黄埔图书馆(大沙馆),BV09344025,113.454232,23.111614
黄埔大道,黄埔大道,黄埔大道,BV11279611,113.379952,23.119738
黄埔大道东,黄埔大道东,黄埔大道东,BV09190192,113.419806,23.102809
黄埔广附实验学校,黄埔广附实验学校,黄埔广附实验学校站,BV11448516,113.459848,23.110244
黄埔新城(沙步一横路)总站,黄埔新城(沙步一横路)总,黄埔新城(沙步一横路)总站,BV09412641,113.527873,23.088978
黄埔新城总站(沙步一横路),黄埔新城总站(沙步一横路),黄埔新城总站(沙步一横路),BV09413349,113.527827,23.08896
黄埔新港,黄埔新港,黄埔新港,BV09230886,113.519884,23.055911
黄埔村,黄埔村,黄埔村,BV09005977,113.391214,23.097365
黄埔村南村口,黄埔村南村口,黄埔村南村口,BV10018619,113.383642,23.094806
黄埔水库,黄埔水库,黄埔水库站,BV10714271,113.508812,23.108668
黄埔港,黄埔港,黄埔港,BV11688549,113.443742,23.099917
黄埔港总站,黄埔港总,黄埔港总站,BV10017404,113.444356,23.098209
黄埔造船厂,黄埔造船厂,黄埔造船厂站,BV10323005,113.636258,22.702519
黄塘村,黄塘村,黄塘村,BV11118939,113.851468,23.405822
黄塘路口,黄塘路口,黄塘路口,BV10254276,112.923728,23.274496
黄屋村,黄屋村#1,黄屋村,BV10847069,113.364133,23.216435
黄屋村,黄屋村#2,黄屋村,BV11409743,113.929787,23.473529
黄山鲁东门站,黄山鲁东门,黄山鲁东门站,BV09099113,113.584843,22.778805
黄山鲁西门总站,黄山鲁西门总,黄山鲁西门总站,BV10634721,113.553468,22.777774
黄岐中学,黄岐中学,黄岐中学,BV10394153,113.184624,23.110103
黄岐办事处,黄岐办事处,黄岐办事处,BV10641791,113.182329,23.119236
黄岐办事处总站,黄岐办事处总,黄岐办事处总站,BV10393784,113.1821,23.11915
黄岐医院,黄岐医院,黄岐医院,BV10256184,113.179519,23.119287
黄岐城区,黄岐城区,黄岐城区站,BV11688701,113.191464,23.116955
黄岐海北广场,黄岐海北广场,黄岐海北广场,BV09091476,113.182705,23.134804
黄岐百货大厦,黄岐百货大厦,黄岐百货大厦,BV10253043,113.181129,23.117469
黄岐第一城总站,黄岐第一城总,黄岐第一城总站,BV10394434,113.177407,23.126088
黄岐行政服务中心,黄岐行政服务中心,黄岐行政服务中心,BV11236257,113.176797,23.11943
黄岐高级中学,黄岐高级中学,黄岐高级中学,BV10256196,113.177077,23.15981
黄庄,黄庄,黄庄,BV10022229,113.337318,23.236942
黄旗印象,黄旗印象,黄旗印象,BV10750825,113.766627,23.007215
黄旗山路,黄旗山路,黄旗山路,BV10486967,113.53717,23.209454
黄旗山路南,黄旗山路南,黄旗山路南,BV09368640,113.535659,23.206633
黄村,黄村#1,黄村,BV11692816,113.405994,23.122205
黄村,黄村#2,黄村,BV11396498,113.711252,23.378953
黄村北总站,黄村北总,黄村北总站,BV10022036,113.409682,23.129475
黄村北路,黄村北路,黄村北路,BV10022035,113.407244,23.130631
黄村康体路,黄村康体路,黄村康体路站,BV11279612,113.39996,23.135496
黄村立交,黄村立交,黄村立交,BV10714249,113.403328,23.132754
黄村立交南,黄村立交南,黄村立交南,BV10017694,113.412289,23.12549
黄村西路,黄村西路,黄村西路,BV09123935,113.399801,23.125766
黄村训练基地,黄村训练基地,黄村训练基地,BV10018188,113.408644,23.139496
黄村训练基地总站,黄村训练基地总,黄村训练基地总站,BV10387175,113.408038,23.139112
黄村路(大观南路口),黄村路(大观南路口),黄村路(大观南路口),BV10018703,113.402237,23.126794
黄村路(王园路口),黄村路(王园路口),黄村路(王园路口),BV11636888,113.404152,23.126976
黄村路口,黄村路口,黄村路口,BV11477696,113.401834,23.127331
黄榜岭,黄榜岭,黄榜岭,BV11589187,113.267454,23.314772
黄水口,黄水口,黄水口,BV11152748,113.955051,23.821516
黄沙后道,黄沙后道,黄沙后道,BV10017766,113.231036,23.115053
黄沙塘,黄沙塘,黄沙塘,BV10015599,113.045087,23.408502
黄沙大道,黄沙大道,黄沙大道,BV09001038,113.2305,23.11445
黄沙头村,黄沙头村,黄沙头村,BV11623407,113.648125,23.149539
黄沙岛花园,黄沙岛花园,黄沙岛花园,BV11208027,113.374789,22.928619
黄沙总站,黄沙总,黄沙总站,BV10018651,113.23442,23.114114
黄沙氹村口,黄沙氹村口,黄沙氹村口,BV09227220,113.731825,23.530584
黄沙码头,黄沙码头,黄沙码头,BV10599083,113.234049,23.111182
黄沙码头,黄沙码头,黄沙码头,BV09001391,113.235052,23.108739
黄沙路中站,黄沙路中,黄沙路中站,BV09377544,113.524869,22.865464
黄沙路北站,黄沙路北,黄沙路北站,BV09099104,113.524409,22.870522
黄河路中,黄河路中,黄河路中,BV10424942,113.483182,22.967146
黄泗围,黄泗围,黄泗围,BV11219593,113.814915,23.122902
黄泗围路口,黄泗围路口,黄泗围路口,BV10685786,113.814719,23.120927
黄泥田社,黄泥田社,黄泥田社,BV11115204,113.677464,23.579793
黄洞村,黄洞村,黄洞村,BV10016261,113.831465,23.46091
黄海路,黄海路,黄海路,BV10253042,113.181129,23.111321
黄登村,黄登村,黄登村,BV11311964,113.476037,23.241448
黄登村北,黄登村北,黄登村北,BV11438524,113.471494,23.246245
黄登村口,黄登村口,黄登村口站,BV11573885,113.487306,23.227164
黄登村总站,黄登村总,黄登村总站,BV10017811,113.479707,23.239721
黄石东,黄石东,黄石东,BV11481129,113.278403,23.205074
黄石东(白云尚城)总站,黄石东(白云尚城)总,黄石东(白云尚城)总站,BV10832133,113.280688,23.214422
黄石东总站,黄石东总,黄石东总站,BV10013663,113.280908,23.214522
黄石东路(云城西路口),黄石东路(云城西路口),黄石东路(云城西路口)站,BV11688425,113.273317,23.207052
黄石东路口,黄石东路口,黄石东路口1,BV11167648,113.282687,23.206354
黄石东路口,黄石东路口,黄石东路口2,BV09167548,113.282466,23.205534
黄石东路口,黄石东路口,黄石东路口,BV09005986,113.282954,23.206788
黄石北路口,黄石北路口,黄石北路口,BV10013662,113.284428,23.213888
黄石路,黄石路,黄石路,BV11688426,113.263246,23.205943
黄石路,黄石路,黄石路1,BV09351558,113.263246,23.205943
黄石路,黄石路,黄石路2,BV09408943,113.263512,23.205841
黄石路南,黄石路南,黄石路南,BV10021059,113.266071,23.20458
黄石路口,黄石路口,黄石路口1,BV11623985,113.258264,23.202047
黄石路口,黄石路口,黄石路口,BV10013753,113.257992,23.202885
黄石路口,黄石路口,黄石路口2,BV09226098,113.258299,23.204185
黄石路总站,黄石路总,黄石路总站,BV10018538,113.257698,23.206602
黄竹塱,黄竹塱,黄竹塱,BV10875022,113.768145,23.742047
黄竹塱一队,黄竹塱一队,黄竹塱一队,BV11152937,113.762222,23.739932
黄竹塱工区六队,黄竹塱工区六队,黄竹塱工区六队,BV11389814,113.784991,23.744913
黄竹塱新村,黄竹塱新村,黄竹塱新村,BV11640293,113.772491,23.74565
黄编牌坊,黄编牌坊,黄编牌坊,BV10014699,113.363177,22.95181
黄船二街口,黄船二街口,黄船二街口,BV11597703,113.410553,23.077386
黄船技工学校,黄船技工学校,黄船技工学校,BV09314413,113.420808,23.080251
黄船文化中心总站,黄船文化中心总,黄船文化中心总站,BV10510214,113.414327,23.078868
黄船集体宿舍,黄船集体宿舍,黄船集体宿舍,BV11597699,113.409556,23.078656
黄花岗,黄花岗,黄花岗,BV10014265,113.293386,23.142813
黄花岗,黄花岗,黄花岗1,BV09348431,113.293065,23.142738
黄花岗,黄花岗,黄花岗(停南行),BV09308850,113.290452,23.140438
黄花岗,黄花岗,黄花岗(停北行),BV09155477,113.293386,23.142813
黄茅村委,黄茅村委,黄茅村委,BV11352940,113.364698,23.581166
黄茅村总站,黄茅村总,黄茅村总站,BV11632514,113.348914,23.574651
黄草埔,黄草埔,黄草埔,BV10019448,113.304595,23.243763
黄葛坝站,黄葛坝,黄葛坝站,BV11222152,113.401631,23.306392
黄贝岭,黄贝岭,黄贝岭,BV11119673,113.765718,23.440947
黄边,黄边,黄边,BV11687843,113.267679,23.22849
黄边北路,黄边北路,黄边北路,BV09276323,113.27983,23.224998
黄边北路(广云路口),黄边北路(广云路口),黄边北路(广云路口)站,BV11632942,113.284165,23.223706
黄边北路中,黄边北路中,黄边北路中,BV11477132,113.275083,23.2265
黄边北路口,黄边北路口,黄边北路口,BV09188679,113.290182,23.221516
黄边北路总站,黄边北路总,黄边北路总站,BV10387193,113.290122,23.221599
黄边北路西,黄边北路西,黄边北路西,BV10425513,113.271909,23.227978
黄边南(市二矿),黄边南(市二矿),黄边南,BV09125754,113.274347,23.223995
黄边南(市二矿),黄边南(市二矿),黄边南(市二矿),BV09168360,113.274255,23.224043
黄边南街,黄边南街,黄边南街,BV10387192,113.270743,23.227324
黄边南路,黄边南路,黄边南路,BV11477126,113.268864,23.226755
黄边地铁站B口,黄边地铁站B口,黄边地铁站B口,BV11658740,113.282633,23.225228
黄边小学,黄边小学,黄边小学,BV11568226,113.271489,23.228318
黄边牌坊,黄边牌坊,黄边牌坊,BV11630678,113.268684,23.227522
黄阁中学,黄阁中学,黄阁中学站,BV10017141,113.507498,22.83463
黄阁体育公园站,黄阁体育公园,黄阁体育公园站,BV10017574,113.510141,22.827697
黄阁保利城,黄阁保利城,黄阁保利城,BV11171569,113.491712,22.833722
黄阁公交总站,黄阁公交总,黄阁公交总站,BV10017140,113.505879,22.837362
黄阁医院站,黄阁医院,黄阁医院站,BV10017575,113.503415,22.828977
黄阁南路,黄阁南路,黄阁南路,CL100003,113.516636,22.788826
黄阁地铁站,黄阁地铁,黄阁地铁站,BV10016402,113.515318,22.827257
黄阁大道中站,黄阁大道中,黄阁大道中站,BV09026668,113.510532,22.831358
黄阁汽车城,黄阁汽车城,黄阁汽车城,BV09077735,113.502314,22.841238
黄阁汽车城地铁站,黄阁汽车城地铁,黄阁汽车城地铁站,BV10634722,113.505055,22.837762
黄阁镇政府站,黄阁镇政府,黄阁镇政府站,BV10017143,113.506971,22.826025
黄陂湿地公园,黄陂湿地公园,黄陂湿地公园,BV09244731,113.425135,23.191748
黄陂社区总站,黄陂社区总,黄陂社区总站,BV10847085,113.435107,23.194026
黄鹤路总站,黄鹤路总,黄鹤路总站,BV10982983,113.269595,23.221137
黄麻村,黄麻村,黄麻村,BV11573884,113.458887,23.20392
黄麻村口,黄麻村口,黄麻村口,BV09329918,113.459924,23.204921
黄麻村经济合作社,黄麻村经济合作社,黄麻村经济合作社,BV11486250,113.456651,23.222188
黄麻路,黄麻路,黄麻路,BV10789509,113.450182,23.222077
黄龙带,黄龙带,黄龙带,BV11018293,113.741187,23.757102
黎园酒家,黎园酒家,黎园酒家,BV10961550,113.196271,23.077342
黎家塘成德街口,黎家塘成德街口,黎家塘成德街口,BV09186612,113.420997,23.398444
黎家塘村口,黎家塘村口,黎家塘村口,BV11383325,113.43063,23.400487
黎家塘社岭街口,黎家塘社岭街口,黎家塘社岭街口,BV11383326,113.425222,23.400448
黎岗路口,黎岗路口,黎岗路口,BV10252409,113.073886,23.200442
黎村,黎村,黎村,BV10015494,113.116876,23.445356
黑山,黑山,黑山,BV11688412,113.236429,23.151685
齐富路,齐富路,齐富路,BV10022091,113.259219,23.19736
齐富路东,齐富路东,齐富路东,BV10021063,113.268909,23.196473
齐富路中,齐富路中,齐富路中,BV10021755,113.26472,23.196658
齐富路总站,齐富路总,齐富路总站,BV10021754,113.266168,23.201951
龙光棕榈水岸,龙光棕榈水岸,龙光棕榈水岸站,BV10024076,113.518109,22.794156
龙兴中路口,龙兴中路口,龙兴中路口,BV11621261,113.32013,23.270028
龙兴西路,龙兴西路#1,龙兴西路,BV11171945,113.302451,23.277628
龙兴西路,龙兴西路#2,龙兴西路,BV09180357,113.318362,23.271723
龙兴西路西,龙兴西路西,龙兴西路西,BV10018964,113.299133,23.27803
龙博路,龙博路,龙博路,BV09175323,113.373755,23.39189
龙口,龙口,龙口站,BV11690255,113.254672,23.401411
龙口东,龙口东,龙口东,BV09006178,113.333299,23.143932
龙口东路北,龙口东路北,龙口东路北,BV10022037,113.334667,23.142179
龙口东路南,龙口东路南,龙口东路南,BV10022038,113.335745,23.14018
龙口检测站,龙口检测,龙口检测站,BV10016610,113.257893,23.418828
龙口西,龙口西,龙口西,BV11689170,113.329304,23.14411
龙口西(穗园小区)总站,龙口西(穗园小区)总,龙口西(穗园小区)总站,BV09347257,113.332855,23.146354
龙口西路中,龙口西路中,龙口西路中,BV10022040,113.33041,23.141704
龙口西路北,龙口西路北,龙口西路北,BV10022041,113.330746,23.145176
龙口西路南,龙口西路南,龙口西路南,BV10022039,113.331254,23.13877
龙古村口站,龙古村口,龙古村口站,BV11408201,113.374754,22.790267
龙古村站,龙古村,龙古村站,BV10382349,113.374397,22.792468
龙和路,龙和路,龙和路,BV11271131,113.347607,23.34998
龙地村,龙地村,龙地村,BV11357217,113.83214,23.12349
龙圳村,龙圳村,龙圳村,BV11119535,113.725888,23.486336
龙坳桥,龙坳桥,龙坳桥,BV11369780,113.511793,23.502665
龙城医院,龙城医院,龙城医院,BV09398635,113.609824,23.304881
龙城商业中心,龙城商业中心,龙城商业中心站,BV10323002,113.646575,22.687477
龙塘中街,龙塘中街,龙塘中街,BV10018896,113.327233,23.338633
龙塘中街口,龙塘中街口,龙塘中街口,BV10569191,113.330598,23.339499
龙塘北路,龙塘北路,龙塘北路,BV11271129,113.332582,23.341213
龙塘幼儿园,龙塘幼儿园,龙塘幼儿园,BV11111614,113.323296,23.334817
龙塘村,龙塘村,龙塘村,BV11209842,113.328078,23.334228
龙塘进龙街,龙塘进龙街,龙塘进龙街,BV11669323,113.327393,23.334858
龙威材料城,龙威材料城,龙威材料城,BV10252026,113.077248,22.913985
龙岐村,龙岐村,龙岐村,BV10015091,113.337008,22.926995
龙岐村委,龙岐村委,龙岐村委,BV10015090,113.338866,22.926922
龙岐路口(西环路),龙岐路口(西环路),龙岐路口(西环路),BV11164917,113.342384,22.925159
龙岗墟,龙岗墟,龙岗墟,BV11216193,113.662665,23.603418
龙岗大岭东,龙岗大岭东,龙岗大岭东,BV11488788,113.384125,23.396815
龙岗大桥南,龙岗大桥南,龙岗大桥南站,BV09113538,113.375944,23.407474
龙岗小学,龙岗小学#1,龙岗小学,BV11250298,113.382186,23.393456
龙岗小学,龙岗小学#2,龙岗小学,BV11473697,113.693864,23.297874
龙岗村,龙岗村,龙岗村,BV10018281,113.378521,23.395091
龙岗村口,龙岗村口,龙岗村口,BV11196655,113.386264,23.393281
龙岗村牌坊,龙岗村牌坊,龙岗村牌坊,BV11167684,113.391319,23.390467
龙岗村路口,龙岗村路口,龙岗村路口,BV11488790,113.386719,23.39371
龙岗风柜口,龙岗风柜口,龙岗风柜口,BV11488789,113.382164,23.398139
龙峰路口,龙峰路口,龙峰路口,BV10252020,113.041251,22.864229
龙归华侨医院,龙归华侨医院,龙归华侨医院,BV09006176,113.298813,23.285237
龙归地铁站总站(B出口),龙归地铁站总站(B出口),龙归地铁站总站,BV10018940,113.29477,23.291673
龙归地铁站总站(B出口),龙归地铁站总站(B出口),龙归地铁站总站(B出口),BV09257866,113.294691,23.290634
龙归城(地铁夏良站)总站,龙归城(地铁夏良站)总,龙归城(地铁夏良站)总站,BV09376385,113.315546,23.280134
龙归城北,龙归城北,龙归城北站,BV11482985,113.313597,23.282472
龙归城南,龙归城南,龙归城南站,BV11482984,113.313199,23.279821
龙归城总站,龙归城总,龙归城总站,BV10021500,113.316502,23.279695
龙归墟,龙归墟,龙归墟站,BV11690759,113.296003,23.290192
龙归墟,龙归墟,龙归墟(北行),BV09389420,113.295512,23.291243
龙归墟,龙归墟,龙归墟(南行),BV09389419,113.296003,23.290192
龙归永兴村总站,龙归永兴村总,龙归永兴村总站,BV10022483,113.33117,23.272084
龙归竹木市场,龙归竹木市场,龙归竹木市场,BV11621260,113.312896,23.273309
龙归路口,龙归路口,龙归路口,BV10014633,113.31922,23.268765
龙怡路,龙怡路,龙怡路,BV10022288,113.339324,23.146249
龙新村,龙新村,龙新村,BV11118522,113.705945,23.301785
龙新村委,龙新村委,龙新村委,BV11224110,113.683733,23.554832
龙星,龙星,龙星,BV11152746,113.648108,23.698011
龙星工业园,龙星工业园,龙星工业园,BV11543501,113.446574,23.634792
龙星村,龙星村#1,龙星村3,BV11352898,113.448543,23.654556
龙星村,龙星村#1,龙星村2,BV11352903,113.447423,23.646954
龙星村,龙星村#1,龙星村,BV11543500,113.447738,23.642595
龙星村,龙星村#2,龙星村1,BV11352902,113.447796,23.632276
龙星村(2),龙星村(2),龙星村(2),BV11352938,113.447611,23.646741
龙星村卫生站,龙星村卫生,龙星村卫生站,BV11352896,113.447255,23.639759
龙桥市场,龙桥市场,龙桥市场,BV11216187,113.664979,23.605563
龙水井,龙水井,龙水井,BV11369786,113.501568,23.536797
龙江交通中心公交枢纽站,龙江交通中心公交枢纽,龙江交通中心公交枢纽站,BV11575039,113.077154,22.864201
龙江侨社,龙江侨社,龙江侨社,BV10253656,113.070362,22.887267
龙江村总站,龙江村总,龙江村总站,BV10022138,113.578242,23.250559
龙江片区,龙江片区,龙江片区分站,BV10253659,113.049727,22.88376
龙江镇政府,龙江镇政府,龙江镇政府,BV10253116,113.069119,22.871468
龙河中路,龙河中路,龙河中路,BV10022484,113.325974,23.276444
龙河中路口,龙河中路口,龙河中路口,BV10022485,113.322243,23.27694
龙河路口,龙河路口,龙河路口站,BV10944119,113.298875,23.283349
龙泉路,龙泉路,龙泉路,BV10015485,113.146987,23.466044
龙洞东路(天源路口),龙洞东路(天源路口),龙洞东路,BV10014440,113.364491,23.198841
龙洞东路(天源路口),龙洞东路(天源路口),龙洞东路(天源路口),BV10567098,113.364479,23.197363
龙洞东路中,龙洞东路中,龙洞东路中,BV10014442,113.364665,23.201135
龙洞北,龙洞北,龙洞北,BV09343741,113.362041,23.205385
龙洞北路东,龙洞北路东,龙洞北路东,BV11687918,113.365977,23.204782
龙洞总站,龙洞总#1,龙洞总站,BV10016277,113.35559,23.223103
龙洞总站,龙洞总#2,龙洞总站,BV10016276,113.371548,23.202272
龙洞牌坊,龙洞牌坊,龙洞牌坊,BV11687927,113.361777,23.195279
龙洞路,龙洞路,龙洞路,BV11360406,113.498934,23.444807
龙洞路南,龙洞路南,龙洞路南,BV09017323,113.492839,23.443342
龙洞路口,龙洞路口,龙洞路口,BV10847065,113.360666,23.195179
龙津东路,龙津东路,龙津东路,BV10021651,113.245352,23.124609
龙津中路,龙津中路,龙津中路,BV10021650,113.24006,23.126353
龙津路口,龙津路口,龙津路口,BV10251522,113.005381,22.95519
龙洲路三洲路口,龙洲路三洲路口,龙洲路三洲路口,BV10254199,113.264318,22.876565
龙湖村口,龙湖村口,龙湖村口,BV09112246,113.220447,23.252848
龙湖村委,龙湖村委,龙湖村委,BV09112240,113.221566,23.258096
龙湖煤气站,龙湖煤气,龙湖煤气站,BV10019325,113.221503,23.26496
龙湖煤气站,龙湖煤气,龙湖煤气站(停西行),BV09346796,113.221118,23.263335
龙湖路口,龙湖路口,龙湖路口,BV10022699,113.225478,23.257241
龙湾村,龙湾村,龙湾村,BV10621605,113.287673,22.905764
龙湾路口,龙湾路口,龙湾路口,BV10023083,113.297676,22.902678
龙溪中路,龙溪中路,龙溪中路,BV10015136,113.192985,23.076798
龙溪中路(江北路口),龙溪中路(江北路口),龙溪中路(江北路口)站,BV09330409,113.198534,23.076862
龙溪公交保养场,龙溪公交保养场,龙溪公交保养场,BV10961551,113.191052,23.072057
龙溪地铁C出口,龙溪地铁C出口,龙溪地铁C出口,BV10961553,113.186757,23.06864
龙溪地铁站,龙溪地铁,龙溪地铁站,BV11167726,113.186722,23.068635
龙溪大道东(教师新村),龙溪大道东(教师新村),龙溪大道东,BV11441879,113.222597,23.078358
龙溪大道东(教师新村),龙溪大道东(教师新村),龙溪大道东(教师新村),BV10405317,113.222597,23.078358
龙溪大道中,龙溪大道中,龙溪大道中,BV09031213,113.20669,23.074609
龙溪大道总站,龙溪大道总,龙溪大道总站,BV10889800,113.211243,23.07377
龙溪大道西(裕海路口),龙溪大道西(裕海路口),龙溪大道西(裕海路口),BV10622182,113.190844,23.069471
龙溪大道西(裕海路口),龙溪大道西(裕海路口),龙溪大道西,BV11179382,113.190615,23.069593
龙溪村委总站,龙溪村委总,龙溪村委总站,BV10018585,113.175728,23.071383
龙溪立交南(坑口牌坊),龙溪立交南(坑口牌坊),龙溪立交南(坑口牌坊),BV11687883,113.227727,23.073377
龙溪西路,龙溪西路,龙溪西路,BV10017978,113.189844,23.074511
龙潭埔,龙潭埔,龙潭埔,BV11119372,113.933892,23.478557
龙潭市场,龙潭市场,龙潭市场,BV11028706,113.408483,23.673553
龙潭村,龙潭村,龙潭村,BV11688340,113.326618,23.084981
龙潭村委,龙潭村委,龙潭村委,BV11596290,113.404635,23.668033
龙潭村牌坊,龙潭村牌坊,龙潭村牌坊,BV10513040,113.331736,23.081003
龙潭立交西,龙潭立交西,龙潭立交西,BV10019071,113.322911,23.080596
龙潭路口,龙潭路口,龙潭路口,BV10877113,113.407146,23.66964
龙狮璟珑府总站,龙狮璟珑府总,龙狮璟珑府总站,BV09408341,113.524275,23.322694
龙珠中路,龙珠中路,龙珠中路,BV10016378,113.204158,23.400462
龙珠新村站,龙珠新村,龙珠新村站,BV10017248,113.554427,22.692223
龙珠路东,龙珠路东,龙珠路东,BV10929023,113.226959,23.399887
龙田,龙田,龙田,BV11119585,113.655139,23.436597
龙田村委,龙田村委,龙田村委,BV11224123,113.477711,23.643418
龙眼洞森林公园,龙眼洞森林公园,龙眼洞森林公园,BV09343704,113.360412,23.204659
龙眼洞森林公园东,龙眼洞森林公园东,龙眼洞森林公园东,BV11600789,113.360017,23.208534
龙祥路口,龙祥路口,龙祥路口,BV10015108,113.448928,23.043923
龙穴岛,龙穴岛,龙穴岛站,BV10016800,113.63983,22.688783
龙穴村尾,龙穴村尾,龙穴村尾站,BV10024029,113.638988,22.696185
龙美村(迎新路),龙美村(迎新路),龙美村,BV09374430,113.364545,22.970397
龙美村(迎新路),龙美村(迎新路),龙美村(迎新路),BV10020032,113.366361,22.9701
龙美牌坊,龙美牌坊,龙美牌坊,BV11688051,113.361831,22.974631
龙美牌坊,龙美牌坊,龙美牌坊(北行),BV09374427,113.361614,22.975518
龙聚村委,龙聚村委,龙聚村委,BV11028702,113.409062,23.650411
龙苑山庄,龙苑山庄,龙苑山庄,BV11117229,113.377562,23.412517
龙虎路东,龙虎路东,龙虎路东,BV10381113,113.347685,23.325748
龙表路,龙表路,龙表路,BV11412613,113.167001,23.065617
龙角村委,龙角村委,龙角村委,BV11337695,113.796328,23.351727
龙角村路口,龙角村路口,龙角村路口,BV10634585,113.451208,23.594855
龟岗站,龟岗,龟岗站,BV11312284,113.288946,23.121894
龟岭村,龟岭村,龟岭村,BV11450233,113.677162,23.240956
