方向记录,序号,站名,原分站ID,新分站,新分站ID,车来了分站,目标距(m),异常
10路(恒福路总站--昌岗路总站),5,广东电视台,BV11009136,广东电视台1,BV09226122,广东电视台1,90,
10路(恒福路总站--昌岗路总站),6,小北,BV11688429,小北1,BV09226129,小北①,88,
10路(恒福路总站--昌岗路总站),9,文德路,BV11688482,文德路2,BV09317748,文德路2,108,
10路(恒福路总站--昌岗路总站),14,堑口,BV10885474,堑口2,BV09179585,堑口②,11,
10路(昌岗路总站--恒福路总站),17,文德路,BV11688482,文德路2,BV09317748,文德路2,9,
10路(昌岗路总站--恒福路总站),20,小北,BV11688429,小北1,BV09226129,小北①,2,
122路(丽江花园总站--广州火车东站总站),10,广州大道南(叠景路口),BV09181701,广州大道南(叠景路口)1,BV09183567,广州大道南（叠景路口）①,286,
122路(丽江花园总站--广州火车东站总站),11,敦和,BV11687930,敦和2,BV09406264,敦和②,7,
122路(广州火车东站总站--丽江花园总站),3,时代广场,BV11481123,时代广场2,BV09309831,时代广场2,4,
122路(广州火车东站总站--丽江花园总站),7,客村立交,BV11688553,客村立交1,BV09377600,客村立交1,481,是
122路(广州火车东站总站--丽江花园总站),8,敦和,BV11687930,敦和3,BV09026856,敦和③,4,
124路(云苑新村总站--滘口客运站总站),5,桂花岗,BV10016229,桂花岗站2,BV09394525,桂花岗②,16,
124路(云苑新村总站--滘口客运站总站),6,越秀公园,BV11688125,越秀公园2,BV09226094,越秀公园②,16,
124路(云苑新村总站--滘口客运站总站),15,中山八路,BV11688465,中山八路1,BV09213747,中山八路①,2,
124路(滘口客运站总站--云苑新村总站),13,迎宾馆,BV11091393,迎宾馆2,BV11596048,迎宾馆2,9,
124路(滘口客运站总站--云苑新村总站),15,梓元岗站,BV09364515,梓元岗2,BV09368222,梓元岗②,21,
125路(丽江花园总站--花园酒店站),16,中山图书馆站,BV11687849,中山图书馆2,BV09376612,中山图书馆②,63,
125路(丽江花园总站--花园酒店站),17,文明路站,BV09376614,文明路2,BV09398681,文明路②,3,
125路(丽江花园总站--花园酒店站),19,农讲所站,BV11688432,农讲所2,BV09185490,农讲所②,162,
125路(花园酒店站--丽江花园总站),3,广东电视台,BV11009136,广东电视台2,BV09394368,广东电视台2,9,
125路(花园酒店站--丽江花园总站),7,农讲所,BV11688432,农讲所2,BV09185490,农讲所②,2,
125路(花园酒店站--丽江花园总站),9,文明路,BV09376614,文明路2,BV09398681,文明路2,98,
125路(花园酒店站--丽江花园总站),11,越秀南路,BV11687913,越秀南路2,BV09319720,越秀南路②,140,
126路(凰岗总站--天河客运站总站),17,元下田,BV11687852,元下田2,BV09161363,元下田②,7,
126路(凰岗总站--天河客运站总站),26,南方医院,BV11688389,南方医院1,BV09293281,南方医院①,27,
126路(天河客运站总站--凰岗总站),8,南方医院,BV11688389,南方医院1,BV09293281,南方医院①,38,
126路(天河客运站总站--凰岗总站),10,同和站,BV11688408,同和3,BV09217029,同和③,1,
126路(天河客运站总站--凰岗总站),25,小坪,BV11688428,小坪2,BV09209209,小坪②,249,
128路(海印桥总站--珠岛花园总站),10,人民南路,BV11688400,人民南路1,BV09319719,人民南路①,66,
128路(海印桥总站--珠岛花园总站),11,大新路口,BV11688396,大新路口1,BV09340762,大新路口①,171,
128路(珠岛花园总站--海印桥总站),6,石路基,BV11688484,石路基2,BV09337403,石路基②,4,
129路(南国奥林匹克花园总站--锦城花园(东风东)总站),25,江湾桥南站,BV11688521,江湾桥南2,BV09172266,江湾桥南2,22,
129路(锦城花园总站(东风东)--南国奥林匹克花园总站),8,基立下道,BV11688513,基立下道1,BV11621851,基立下道①,211,
130路(大塘总站--华景新城总站),10,体育中心,BV11688545,体育中心1,BV09375065,体育中心①,3,
130路(大塘总站--华景新城总站),11,体育中心东门,BV11678026,体育中心东门2,BV09219091,体育中心东门②,2,
131A路(赤岗总站--赤岗总站),33,赤岗路口,BV09005990,赤岗路口2,BV09317596,赤岗路口②,332,是
131B路(赤岗总站--赤岗总站),34,客村立交,BV11688553,客村立交2,BV09377599,客村立交②,2,
131B路(赤岗总站--赤岗总站),36,赤岗路口,BV09005990,赤岗路口2,BV09317596,赤岗路口②,346,是
133路(中山八路总站--龙口西(穗园小区)总站),3,荔湾路2,BV09162065,荔湾路1,BV09233339,荔湾路①,22,
133路(中山八路总站--龙口西(穗园小区)总站),5,东风西路2,BV09143805,东风西路站2,BV09374493,东风西路②,42,
133路(龙口西(穗园小区)总站--中山八路总站),15,广医,BV11688391,广医2,BV09186856,广医②,14,
133路(龙口西(穗园小区)总站--中山八路总站),20,石路基,BV11688484,石路基2,BV09337403,石路基②,72,
134路(一德西总站--泽德花苑总站),4,大新路口,BV11688396,大新路口1,BV09340762,大新路口①,171,
134路(一德西总站--泽德花苑总站),15,西湾路,BV09000495,西湾路2,BV09356487,西湾路②,20,
134路(一德西总站--泽德花苑总站),16,西湾和苑站,BV09006146,西湾和苑2,BV09317154,西湾和苑2,2,
134路(泽德花苑总站--一德西总站),6,西湾和苑,BV09006146,西湾和苑2,BV09317154,西湾和苑2,2,
134路(泽德花苑总站--一德西总站),7,西湾路,BV09000495,西湾路2,BV09356487,西湾路②,20,
134路(泽德花苑总站--一德西总站),9,西湾路1,BV09269673,西湾路2,BV09356487,西湾路②,20,
134路(泽德花苑总站--一德西总站),11,和平新村,BV11687875,和平新村3,BV09010638,和平新村③,14,
136路(南湖总站--天河公交场总站),4,同和站,BV11688408,同和1,BV09399597,同和①,4,
136路(南湖总站--天河公交场总站),17,广州体院,BV09375062,广州体院1,BV09411494,广州体院①,3,
136路(南湖总站--天河公交场总站),18,时代广场,BV11481123,时代广场2,BV09309831,时代广场2,35,
136路(天河公交场总站--南湖总站),4,广州体院,BV09375062,广州体院1,BV09411494,广州体院①,127,
136路(天河公交场总站--南湖总站),20,同和站,BV11688408,同和1,BV09399597,同和①,252,
137路(广州火车东站总站--新洲码头总站),5,天河,BV11462418,天河2,BV09321905,天河②,43,
137路(广州火车东站总站--新洲码头总站),7,石牌村,BV10018369,石牌村2,BV09256767,石牌村②,150,
137路(广州火车东站总站--新洲码头总站),8,国防大厦,BV11688471,国防大厦3,BV09410279,国防大厦③,4,
137路(广州火车东站总站--新洲码头总站),13,员村四横路口,BV11688540,员村四横路口2,BV09302573,员村四横路口②,5,
137路(新洲码头总站--广州火车东站总站),13,程界村,BV11688554,程界村1,BV09413159,程界村①,2,
137路(新洲码头总站--广州火车东站总站),14,员村山顶,BV09006109,员村山顶2,BV09285359,员村山顶②,113,
137路(新洲码头总站--广州火车东站总站),16,石牌村,BV10018369,石牌村4,BV09387753,石牌村④,6,
137路(新洲码头总站--广州火车东站总站),18,冼村,BV11086798,冼村2,BV09323877,冼村②,152,
138路(东莞庄总站--华成路总站),4,天寿路,BV11688551,天寿路1,BV09306449,天寿路①,15,
138路(华成路总站--东莞庄总站),12,天河东路,BV11688544,天河东路1,BV09310405,天河东路①,7,
140路(元岗总站--员村总站),12,豪景花园,BV10326995,豪景花园2,BV09314787,豪景花园②,76,
140路(元岗总站--员村总站),13,广州大道中,BV10014367,广州大道中2,BV09230306,广州大道中②,4,
140路(元岗总站--员村总站),17,天河,BV11462418,天河2,BV09321905,天河②,43,
140路(元岗总站--员村总站),18,冼村,BV11086798,冼村3,BV09262063,冼村③,124,
140路(元岗总站--员村总站),20,国防大厦,BV11688471,国防大厦2,BV09178253,国防大厦②,306,是
140路(元岗总站--员村总站),22,员村山顶,BV09006109,员村山顶3,BV09285360,员村山顶③,4,
140路(员村总站--元岗总站),3,程界村,BV11688554,程界村1,BV09413159,程界村①,2,
140路(员村总站--元岗总站),4,员村山顶,BV09006109,员村山顶3,BV09285360,员村山顶③,174,
140路(员村总站--元岗总站),10,天河,BV11462418,天河2,BV09321905,天河②,99,
140路(员村总站--元岗总站),13,广州大道中,BV10014367,广州大道中1,BV09382002,广州大道中①,7,
140路(员村总站--元岗总站),14,豪景花园,BV10326995,豪景花园2,BV09314787,豪景花园②,15,
14路(广卫路总站--赤沙总站),10,怡乐村,BV11687959,怡乐村1,BV09317206,怡乐村①,16,
14路(广卫路总站--赤沙总站),12,中山大学,BV11687965,中山大学2,BV09243523,中山大学②,92,
14路(广卫路总站--赤沙总站),14,鹭江站,BV11687958,鹭江2,BV09335012,鹭江②,45,
14路(广卫路总站--赤沙总站),16,赤岗路口站,BV09005990,赤岗路口2,BV09317596,赤岗路口2,346,是
14路(赤沙总站--广卫路总站),10,赤岗路口,BV09005990,赤岗路口2,BV09317596,赤岗路口2,4,
14路(赤沙总站--广卫路总站),19,江南大道中,BV10015712,江南大道中1,BV09228038,江南大道中1,2,
14路(赤沙总站--广卫路总站),20,地铁市二宫站,BV10388873,地铁市二宫站1,BV09232762,地铁市二宫站①,34,
14路(赤沙总站--广卫路总站),21,江南大道北,BV10016114,江南大道北1,BV09243516,江南大道北①,1,
16路(凤凰岗总站--天平架总站),12,基立下道,BV11688513,基立下道2,BV11621853,基立下道2,89,
16路(凤凰岗总站--天平架总站),13,江湾桥南,BV11688521,江湾桥南1,BV09359515,江湾桥南1,55,
16路(天平架总站--凤凰岗总站),2,豪景花园,BV10326995,豪景花园1,BV09097374,豪景花园①,180,
175路(同德围总站--广州火车东站总站),16,云台花园,BV11371562,云台花园2,BV09364271,云台花园②,50,
175路(同德围总站--广州火车东站总站),18,濂泉路口,BV11688393,濂泉路口2,BV09412828,濂泉路口②,438,是
175路(广州火车东站总站--同德围总站),7,濂泉路口,BV11688393,濂泉路口1,BV09318948,濂泉路口①,24,
175路(广州火车东站总站--同德围总站),9,云台花园,BV11371562,云台花园2,BV09364271,云台花园②,255,
176路(广州火车站总站--潭村总站),4,瑶台,BV11472522,瑶台1,BV09246642,瑶台①,471,是
176路(广州火车站总站--潭村总站),7,棠下(三元里大道),BV11687942,棠下(三元里大道)1,BV09172231,棠下（三元里大道）①,87,
176路(广州火车站总站--潭村总站),11,新市墟站,BV11687839,新市墟3,BV09161217,新市墟③,200,
176路(广州火车站总站--潭村总站),15,小坪,BV11688428,小坪2,BV09209209,小坪②,249,
176路(潭村总站--广州火车站总站),8,小坪,BV11688428,小坪2,BV09209209,小坪②,2,
176路(潭村总站--广州火车站总站),9,马务,BV11688360,马务2,BV09226099,马务②,10,
176路(潭村总站--广州火车站总站),12,新市墟,BV11687839,新市墟3,BV09161217,新市墟③,75,
176路(潭村总站--广州火车站总站),15,棠溪,BV09001423,棠溪站1,BV11562315,棠溪①,3,
179路(上步总站--白云山制药厂总站),6,西湾路,BV09000495,西湾路2,BV09356487,西湾路②,86,
179路(上步总站--白云山制药厂总站),12,瑶台,BV11472522,瑶台1,BV09246642,瑶台①,471,是
179路(上步总站--白云山制药厂总站),20,云台花园,BV11371562,云台花园3,BV09364566,云台花园③,9,
179路(上步总站--白云山制药厂总站),22,濂泉路口,BV11688393,濂泉路口1,BV09318948,濂泉路口①,247,
179路(上步总站--白云山制药厂总站),23,豪景花园,BV10326995,豪景花园1,BV09097374,豪景花园①,21,
179路(上步总站--白云山制药厂总站),32,同和,BV11688408,同和1,BV09399597,同和①,252,
179路(白云山制药厂总站--上步总站),12,沙河,BV09375063,沙河2,BV09263630,沙河②,15,
179路(白云山制药厂总站--上步总站),13,濂泉路口,BV11688393,濂泉路口1,BV09318948,濂泉路口①,24,
179路(白云山制药厂总站--上步总站),15,云台花园,BV11371562,云台花园1,BV09373903,云台花园①,12,
179路(白云山制药厂总站--上步总站),25,克山,BV11102072,克山1,BV09377937,克山1,90,
179路(白云山制药厂总站--上步总站),26,西湾路,BV09000494,西湾路1,BV09269673,西湾路①,329,是
179路(白云山制药厂总站--上步总站),28,西湾路,BV09000495,西湾路1,BV09269673,西湾路①,329,是
17路(凰岗总站--德星路总站),14,西湾路,BV09000495,西湾路1,BV09269673,西湾路①,1,
17路(凰岗总站--德星路总站),22,石路基,BV11688484,石路基2,BV09337403,石路基②,4,
17路(凰岗总站--德星路总站),23,陈家祠,BV11596161,陈家祠1,BV09271075,陈家祠1,1,
17路(德星路总站--凰岗总站),11,西湾路,BV09000494,西湾路2,BV09356487,西湾路②,20,
17路(德星路总站--凰岗总站),13,西湾路,BV09000495,西湾路2,BV09356487,西湾路②,20,
180路(南洲路总站(小洲南路口)--解放北路总站(应元路口)),14,金碧花园,BV09245151,金碧花园1,BV09407139,金碧花园①,2,
180路(南洲路总站(小洲南路口)--解放北路总站(应元路口)),15,新滘西路口,BV09243519,新滘西路口2,BV09360317,新滘西路口②,291,
180路(南洲路总站(小洲南路口)--解放北路总站(应元路口)),28,解放中路,BV11688461,解放中路2,BV09226097,解放中路②,17,
180路(解放北路总站(应元路口)--南洲路总站(小洲南路口)),18,新滘西路口,BV09243519,新滘西路口2,BV09360317,新滘西路口②,291,
180路(解放北路总站(应元路口)--南洲路总站(小洲南路口)),19,金碧花园,BV09245151,金碧花园1,BV09407139,金碧花园①,2,
182路(云苑新村总站--逸景翠园总站),5,梓元岗站,BV09364515,梓元岗1,BV09368674,梓元岗①,256,
182路(云苑新村总站--逸景翠园总站),6,桂花岗,BV10016229,桂花岗站2,BV09394525,桂花岗②,16,
182路(云苑新村总站--逸景翠园总站),7,越秀公园,BV11688125,越秀公园2,BV09226094,越秀公园②,15,
182路(逸景翠园总站--云苑新村总站),5,广州大道南(叠景路口),BV09181701,广州大道南(叠景路口)2,BV09184938,广州大道南（叠景路口）②,31,
182路(逸景翠园总站--云苑新村总站),6,敦和,BV11687930,敦和3,BV09026856,敦和③,148,
182路(逸景翠园总站--云苑新村总站),7,鹭江,BV11687958,鹭江2,BV09335012,鹭江②,1,
182路(逸景翠园总站--云苑新村总站),15,江湾桥南,BV11688521,江湾桥南1,BV09359515,江湾桥南1,3,
182路(逸景翠园总站--云苑新村总站),22,迎宾馆,BV11091393,迎宾馆2,BV11596048,迎宾馆2,9,
182路(逸景翠园总站--云苑新村总站),23,越秀公园,BV11688125,越秀公园3,BV11596047,越秀公园③,2,
182路(逸景翠园总站--云苑新村总站),24,梓元岗,BV09364515,梓元岗2,BV09368222,梓元岗②,21,
183路(广州火车东站总站--汾水小区总站),2,林和西路,BV11688381,林和西路3,BV11509447,林和西路③,5,
183路(广州火车东站总站--汾水小区总站),3,时代广场,BV11481123,时代广场2,BV09309831,时代广场2,4,
183路(广州火车东站总站--汾水小区总站),9,农林东,BV11688478,农林东2,BV09172267,农林东②,4,
183路(广州火车东站总站--汾水小区总站),14,中山图书馆,BV11687849,中山图书馆2,BV09376612,中山图书馆②,63,
183路(广州火车东站总站--汾水小区总站),15,文明路2,BV09398681,文明路1,BV09215180,文明路①,142,
184路(大塘总站--横枝岗总站),9,中山大学,BV11687965,中山大学2,BV09243523,中山大学②,36,
184路(大塘总站--横枝岗总站),20,小北,BV11688429,小北1,BV09226129,小北①,2,
184路(横枝岗总站--大塘总站),5,小北,BV11688429,小北1,BV09226129,小北①,88,
184路(横枝岗总站--大塘总站),11,越秀南路,BV11687913,越秀南路2,BV09319720,越秀南路②,140,
184路(横枝岗总站--大塘总站),14,海印桥南,BV11688474,海印桥南1,BV09245639,海印桥南①,382,是
184路(横枝岗总站--大塘总站),15,怡乐村,BV11687959,怡乐村1,BV09317206,怡乐村①,16,
184路(横枝岗总站--大塘总站),18,康乐村,BV11688348,康乐村1,BV09184531,康乐村①,210,
185路(泽德花苑总站--锦城花园总站(东风东)),5,棠下(三元里大道),BV11687942,棠下(三元里大道)1,BV09172231,棠下（三元里大道）①,1,
185路(泽德花苑总站--锦城花园总站(东风东)),13,正骨医院,BV11688485,正骨医院1,BV09230309,正骨医院①,10,
185路(泽德花苑总站--锦城花园总站(东风东)),14,东风东路(陵园西路口),BV11278289,东风东路(陵园西路口)2,BV09230320,东风东路（陵园西路口）2,2,
185路(锦城花园总站(东风东)--泽德花苑总站),6,越秀桥,BV11688510,越秀桥2,BV09246905,越秀桥②,2,
185路(锦城花园总站(东风东)--泽德花苑总站),7,正骨医院,BV11688485,正骨医院2,BV09230308,正骨医院②,23,
185路(锦城花园总站(东风东)--泽德花苑总站),15,棠下(三元里大道),BV11687942,棠下(三元里大道)1,BV09172231,棠下（三元里大道）①,87,
186路(广园新村总站--珠江医院总站),4,梓元岗站,BV09364515,梓元岗1,BV09368674,梓元岗①,256,
186路(广园新村总站--珠江医院总站),5,桂花岗,BV10016229,桂花岗站2,BV09394525,桂花岗②,16,
186路(广园新村总站--珠江医院总站),14,大新路口,BV11688396,大新路口1,BV09340762,大新路口①,6,
186路(广园新村总站--珠江医院总站),23,南村,BV11688567,南村1,BV09316713,南村1,33,
186路(珠江医院总站--广园新村总站),9,南村,BV11688567,南村1,BV09316713,南村1,4,
186路(珠江医院总站--广园新村总站),10,江南大道中,BV10015712,江南大道中1,BV09228038,江南大道中1,2,
186路(珠江医院总站--广园新村总站),11,地铁市二宫站,BV10388873,地铁市二宫站1,BV09232762,地铁市二宫站①,34,
186路(珠江医院总站--广园新村总站),12,江南大道北,BV10016114,江南大道北1,BV09243516,江南大道北①,1,
186路(珠江医院总站--广园新村总站),23,广医,BV11688391,广医2,BV09186856,广医②,26,
186路(珠江医院总站--广园新村总站),25,越秀公园,BV11688125,越秀公园3,BV11596047,越秀公园③,2,
186路(珠江医院总站--广园新村总站),26,梓元岗,BV09364515,梓元岗2,BV09368222,梓元岗②,21,
188路(大基头总站--大基头总站),2,洪德路,BV11688508,洪德路1,BV09200956,洪德路①,12,
188路(大基头总站--大基头总站),8,南村,BV11688567,南村1,BV09316713,南村①,24,
188路(大基头总站--大基头总站),9,华海大厦,BV10015713,华海大厦1,BV09317631,华海大厦①,13,
188路(大基头总站--大基头总站),13,南村,BV11688567,南村1,BV09316713,南村①,4,
188路(大基头总站--大基头总站),16,南田西,BV10715984,南田西2,BV09222640,南田西②,2,
188路(大基头总站--大基头总站),17,革新路口,BV09006413,革新路口1,BV09314790,革新路口①,10,
188路(大基头总站--大基头总站),18,洪德路,BV11688508,洪德路1,BV09200956,洪德路①,134,
189路(机场路总站--石榴岗总站),8,小北,BV11688429,小北1,BV09226129,小北①,2,
189路(机场路总站--石榴岗总站),19,赤岗路口,BV09005990,赤岗路口2,BV09317596,赤岗路口2,346,是
189路(石榴岗总站--机场路总站),3,江海大道中,BV11365453,江海大道中2,BV09316963,江海大道中2,18,
189路(石榴岗总站--机场路总站),7,客村立交,BV11688553,客村立交1,BV09377600,客村立交1,5,
189路(石榴岗总站--机场路总站),16,广东电视台,BV11009136,广东电视台1,BV09226122,广东电视台1,90,
190路(柯子岭总站3--大塘总站),11,小北花圈,BV10013929,小北花圈2,BV09316767,小北花圈②,192,
190路(柯子岭总站3--大塘总站),12,仓边路,BV10013930,仓边路2,BV09357063,仓边路②,22,
190路(柯子岭总站3--大塘总站),20,南村,BV11688567,南村1,BV09316713,南村①,33,
190路(柯子岭总站3--大塘总站),21,华海大厦,BV10015713,华海大厦1,BV09317631,华海大厦①,15,
190路(柯子岭总站3--大塘总站),23,怡乐村,BV11687959,怡乐村1,BV09317206,怡乐村①,16,
190路(柯子岭总站3--大塘总站),26,康乐村,BV11688348,康乐村1,BV09184531,康乐村①,210,
191路(华景新城总站--市红会医院北门总站),13,动物园南门,BV11688456,动物园南门2,BV09226115,动物园南门②,236,
191路(华景新城总站--市红会医院北门总站),15,白云宾馆,BV11009137,白云宾馆2,BV09226118,白云宾馆2,9,
191路(华景新城总站--市红会医院北门总站),16,广东电视台,BV11009136,广东电视台1,BV09226122,广东电视台1,90,
191路(华景新城总站--市红会医院北门总站),17,小北,BV11688429,小北1,BV09226129,小北①,88,
191路(市红会医院北门总站--华景新城总站),3,解放南路,BV11688454,解放南路2,BV09226091,解放南路②,57,
191路(市红会医院北门总站--华景新城总站),6,仓边路,BV10013930,仓边路2,BV09357063,仓边路2,159,
191路(市红会医院北门总站--华景新城总站),7,小北花圈,BV10013929,小北花圈2,BV09316767,小北花圈②,9,
191路(市红会医院北门总站--华景新城总站),8,小北,BV11688429,小北2,BV09226117,小北②,97,
191路(市红会医院北门总站--华景新城总站),12,动物园南门,BV11688456,动物园南门1,BV09230318,动物园南门①,160,
191路(市红会医院北门总站--华景新城总站),14,广州大道中,BV11687847,广州大道中2,BV09230306,广州大道中②,167,
192路(水荫路总站--珠江医院总站),13,海印桥南,BV11688474,海印桥南2,BV09413050,海印桥南②,17,
192路(珠江医院总站--水荫路总站),10,海印桥南,BV11688474,海印桥南2,BV09413050,海印桥南②,469,是
192路(珠江医院总站--水荫路总站),20,动物园,BV10014267,动物园1,BV09340465,动物园1,44,
193路(广卫路总站--汾水小区总站),6,荔湾路口,BV10016144,荔湾路口1,BV09271782,荔湾路口1,11,
193路(广卫路总站--汾水小区总站),7,中山八路,BV11688465,中山八路1,BV09213747,中山八路①,2,
193路(广卫路总站--汾水小区总站),8,桥中1,BV11163379,桥中站1,BV09376898,桥中1,5,
193路(汾水小区总站--广卫路总站),9,芳村大道西,BV11688499,芳村大道西1,BV09304064,芳村大道西1,7,
193路(汾水小区总站--广卫路总站),12,石路基,BV11688484,石路基2,BV09337403,石路基②,4,
193路(汾水小区总站--广卫路总站),13,陈家祠,BV11596161,陈家祠2,BV09195327,陈家祠2,8,
193路(汾水小区总站--广卫路总站),16,中山六路,BV09317509,中山六路站2,BV09087077,中山六路②,1,
194路(华景新城(翰景路)总站--宝岗大道总站),9,华侨医院(潭村),BV10539406,华侨医院(潭村)1,BV09232892,华侨医院（潭村）①,1,
194路(宝岗大道总站--华景新城总站(翰景路)),11,越秀南路,BV11687913,越秀南路2,BV09319720,越秀南路②,140,
194路(宝岗大道总站--华景新城总站(翰景路)),27,国防大厦,BV11688471,国防大厦3,BV09410279,国防大厦③,4,
195路(南洲路总站(小洲南路口)--广州火车东站总站),15,广州大道南(叠景路口)站,BV09181701,广州大道南(叠景路口)1,BV09183567,广州大道南（叠景路口）①,286,
195路(南洲路总站(小洲南路口)--广州火车东站总站),16,敦和,BV11687930,敦和2,BV09406264,敦和②,7,
195路(南洲路总站(小洲南路口)--广州火车东站总站),24,体育中心东门,BV11678026,体育中心东门1,BV09226124,体育中心东门①,12,
195路(南洲路总站(小洲南路口)--广州火车东站总站),25,林和中路,BV10017488,林和中路1,BV09310407,林和中路①,2,
195路(广州火车东站总站--南洲路总站(小洲南路口)),7,客村立交,BV11688553,客村立交1,BV09377600,客村立交1,481,是
198路(机场路总站--潭村总站),9,克山,BV11102072,克山2,BV09010643,克山②,1,
198路(机场路总站--潭村总站),18,槎头,BV11687842,槎头1,BV09200026,槎头①,16,
198路(潭村总站--招呼站),11,富力半岛花园,BV09006431,富力半岛花园1,BV10461190,富力半岛花园①,32,
198路(潭村总站--招呼站),14,克山,BV11102072,克山1,BV09377937,克山1,94,
198路(潭村总站--机场路总站),11,富力半岛花园,BV09006431,富力半岛花园1,BV10461190,富力半岛花园①,32,
198路(潭村总站--机场路总站),14,克山,BV11102072,克山1,BV09377937,克山1,94,
199路(齐富路总站--水荫路总站),9,机场立交北,BV10523474,机场立交北1,BV09226089,机场立交北①,19,
199路(齐富路总站--水荫路总站),14,云台花园,BV11371562,云台花园3,BV09364566,云台花园③,9,
19路(岭南V谷总站--桥中总站),24,芳村大道西,BV11688499,芳村大道西1,BV09304064,芳村大道西①,7,
19路(桥中总站--岭南V谷总站),16,西塱站,BV11687844,西塱1,BV09178250,西塱①,1,
1路(东山总站(署前路)--芳村花园南门总站),6,农讲所,BV11688432,农讲所1,BV09201207,农讲所①,2,
1路(东山总站(署前路)--芳村花园南门总站),12,六二三路,BV11688352,六二三路站1,BV09360104,六二三路①,3,
1路(芳村花园南门总站--东山总站(署前路)),12,六二三路,BV11688352,六二三路站1,BV09360104,六二三路①,271,
204路(中山八路总站--珠江帝景苑总站),2,石路基,BV11688484,石路基2,BV09337403,石路基②,4,
204路(中山八路总站--珠江帝景苑总站),3,荔湾路口,BV10016144,荔湾路口2,BV11164816,荔湾路口②,28,
204路(中山八路总站--珠江帝景苑总站),6,市少年宫,BV11688449,市少年宫1,BV09229322,市少年宫①,5,
204路(中山八路总站--珠江帝景苑总站),12,东风东路(陵园西路口),BV11278289,东风东路(陵园西路口)2,BV09230320,东风东路（陵园西路口）②,2,
204路(珠江帝景苑总站--中山八路总站),8,客村立交,BV11688553,客村立交2,BV09377599,客村立交②,51,
204路(珠江帝景苑总站--中山八路总站),23,荔湾路口,BV10016144,荔湾路口2,BV11164816,荔湾路口②,1,
204路(珠江帝景苑总站--中山八路总站),24,石路基,BV11688484,石路基2,BV09337403,石路基②,72,
206路(新滘东路总站--滘口客运站总站),6,江海大道中站,BV11365453,江海大道中2,BV09316963,江海大道中2,18,
206路(新滘东路总站--滘口客运站总站),8,赤岗路口站,BV09005990,赤岗路口2,BV09317596,赤岗路口2,4,
206路(新滘东路总站--滘口客运站总站),10,鹭江站,BV11687958,鹭江1,BV09160624,鹭江①,141,
206路(新滘东路总站--滘口客运站总站),11,康乐村站,BV11688348,康乐村1,BV09184531,康乐村①,1,
206路(新滘东路总站--滘口客运站总站),12,中山大学站,BV11687965,中山大学1,BV09193343,中山大学①,34,
206路(滘口客运站总站--新滘东路总站),12,信和广场(昌岗中路),BV10014647,信和广场(昌岗中路)2,BV09226101,信和广场（昌岗中路）②,311,是
206路(滘口客运站总站--新滘东路总站),16,中山大学,BV11687965,中山大学2,BV09243523,中山大学②,92,
206路(滘口客运站总站--新滘东路总站),17,康乐村,BV11688348,康乐村1,BV09184531,康乐村①,210,
206路(滘口客运站总站--新滘东路总站),20,赤岗路口,BV09005990,赤岗路口2,BV09317596,赤岗路口2,346,是
207路(广州花卉博览园总站--恒宝广场总站),29,芳村大道西,BV11688499,芳村大道西1,BV09304064,芳村大道西1,7,
207路(广州花卉博览园总站--恒宝广场总站),30,桥中,BV09003001,桥中站1,BV09376898,桥中1,207,
207路(恒宝广场总站--广州花卉博览园总站),6,桥中1,BV11163379,桥中站1,BV09376898,桥中①,5,
208路(中山八路总站--大塘西总站(敦和)),3,如意坊,BV11357695,如意坊2,BV09382089,如意坊②,610,是
208路(大塘西总站(敦和)--中山八路总站),2,敦和,BV11687930,敦和3,BV09026856,敦和③,130,
208路(大塘西总站(敦和)--中山八路总站),9,大沙头游船码头,BV11688483,大沙头游船码头1,BV09278983,大沙头游船码头①,5,
208路(大塘西总站(敦和)--中山八路总站),18,六二三路,BV11688352,六二三路站1,BV09360104,六二三路①,2,
208路(大塘西总站(敦和)--中山八路总站),19,市中医院2,BV09165635,市中医院站2,BV09385884,市中医院②,17,
20路(大塘总站--汇景北路总站),4,江海大道中,BV11687940,江海大道中1,BV09319409,江海大道中1,2,
20路(大塘总站--汇景北路总站),10,天河南,BV10017705,天河南2,BV10405865,天河南②,110,
20路(大塘总站--汇景北路总站),14,五山路口站,BV11062767,五山路口站1,BV09368726,五山路口①,10,
20路(汇景北路总站2--大塘总站),11,天河南,BV10017705,天河南2,BV10405865,天河南②,5,
20路(汇景北路总站2--大塘总站),12,猎德大道北站,BV11688556,猎德大道北2,BV09413161,猎德大道北②,16,
20路(汇景北路总站2--大塘总站),17,江海大道中,BV11687940,江海大道中2,BV09316963,江海大道中2,8,
210路(广州火车站总站--石化路总站),2,梓元岗站,BV09364515,梓元岗1,BV09368674,梓元岗①,20,
210路(石化路总站--广州火车站总站),18,云台花园,BV11371562,云台花园1,BV09373903,云台花园①,12,
210路(石化路总站--广州火车站总站),22,梓元岗站,BV09364515,梓元岗2,BV09368222,梓元岗②,45,
211路(南浦岛总站--广州火车站总站),19,敦和,BV11687930,敦和3,BV09026856,敦和③,130,
211路(南浦岛总站--广州火车站总站),22,中山大学,BV11687965,中山大学2,BV09243523,中山大学②,36,
211路(南浦岛总站--广州火车站总站),34,农讲所,BV11688432,农讲所1,BV09201207,农讲所①,2,
211路(南浦岛总站--广州火车站总站),35,仓边路,BV10013930,仓边路2,BV09357063,仓边路2,159,
211路(南浦岛总站--广州火车站总站),38,越秀公园,BV11688125,越秀公园2,BV09226094,越秀公园②,25,
211路(广州火车站总站--南浦岛总站),2,越秀公园,BV11688125,越秀公园1,BV09266313,越秀公园①,5,
211路(广州火车站总站--南浦岛总站),21,鹭江,BV11687958,鹭江1,BV09160624,鹭江①,7,
211路(广州火车站总站--南浦岛总站),22,敦和,BV11687930,敦和3,BV09026856,敦和③,4,
211路(广州火车站总站--南浦岛总站),23,广州大道南(叠景路口)站,BV09181701,广州大道南(叠景路口)2,BV09184938,广州大道南（叠景路口）②,4,
214路(广州火车东站总站--新塘总站),21,丹水坑,BV11687861,丹水坑站2,BV09192168,丹水坑②,58,
214路(广州火车东站总站--新塘总站),22,丹水坑2,BV09227576,丹水坑站2,BV09192168,丹水坑②,58,
215路(东山龟岗(中共三大会址)总站--同德围总站),7,文明路,BV09376614,文明路2,BV09398681,文明路②,3,
215路(东山龟岗(中共三大会址)总站--同德围总站),12,广医,BV11688391,广医2,BV09186856,广医②,14,
215路(东山龟岗(中共三大会址)总站--同德围总站),14,和平新村,BV11687875,和平新村3,BV09010638,和平新村③,14,
215路(东山龟岗(中共三大会址)总站--同德围总站),18,西湾路,BV09000495,西湾路2,BV09356487,西湾路②,20,
215路(同德围总站--东山龟岗总站),8,西湾路,BV09000495,西湾路1,BV09269673,西湾路①,1,
215路(同德围总站--东山龟岗总站),12,和平新村,BV11687875,和平新村2,BV09238796,和平新村②,176,
215路(同德围总站--东山龟岗总站),13,东风西路,BV11687925,东风西路1,BV09209214,东风西路①,4,
215路(同德围总站--东山龟岗总站),19,中山五路,BV09241189,中山五路2,BV11596046,中山五路②,3,
215路(同德围总站--东山龟岗总站),20,农讲所,BV11688432,农讲所1,BV09201207,农讲所①,86,
217路(广卫路总站--芳村西塱总站),9,六二三路,BV11688352,六二三路站1,BV09360104,六二三路①,2,
217路(广卫路总站--芳村西塱总站),14,芳村客运站,BV10014060,芳村客运站1,BV09307685,芳村客运站①,27,
217路(芳村西塱总站--广卫路总站),6,花地大道站,BV09001039,花地大道站1,BV09304066,花地大道①,204,
217路(芳村西塱总站--广卫路总站),10,六二三路,BV11688352,六二三路2,BV09355408,六二三路②,1,
217路(芳村西塱总站--广卫路总站),17,解放中路,BV11688461,解放中路2,BV09226097,解放中路②,19,
218路(中科院化学所总站--杨桃公园总站),12,国防大厦,BV11688471,国防大厦2,BV09178253,国防大厦②,306,是
218路(中科院化学所总站--杨桃公园总站),20,车陂南,BV10014565,车陂南1,BV09291511,车陂南①,17,
218路(杨桃公园总站--中科院化学所总站),12,员村山顶,BV09006109,员村山顶3,BV09285360,员村山顶③,174,
218路(杨桃公园总站--中科院化学所总站),16,天河南,BV10017705,天河南1,BV11431965,天河南①,145,
218路(杨桃公园总站--中科院化学所总站),20,五山路口,BV11062767,五山路口站1,BV09368726,五山路口①,10,
21路(均禾工业区总站(清湖村)--解放北路总站(应元路口)),20,联和,BV11687903,联和1,BV11637999,联和①,5,
21路(均禾工业区总站(清湖村)--解放北路总站(应元路口)),23,新市墟,BV11687839,新市墟3,BV09161217,新市墟③,75,
21路(均禾工业区总站(清湖村)--解放北路总站(应元路口)),28,棠下(三元里大道),BV11687942,棠下(三元里大道)1,BV09172231,棠下（三元里大道）①,1,
21路(解放北路总站(应元路口)--均禾工业区总站(清湖村)),3,越秀公园,BV11688125,越秀公园2,BV09226094,越秀公园②,15,
21路(解放北路总站(应元路口)--均禾工业区总站(清湖村)),8,棠下(三元里大道),BV11687942,棠下(三元里大道)1,BV09172231,棠下（三元里大道）①,1,
21路(解放北路总站(应元路口)--均禾工业区总站(清湖村)),12,新市墟,BV11687839,新市墟3,BV09161217,新市墟③,75,
21路(解放北路总站(应元路口)--均禾工业区总站(清湖村)),15,联和,BV11687903,联和1,BV11637999,联和①,5,
21路(解放北路总站(应元路口)--均禾工业区总站(清湖村)),23,平沙,BV11688453,平沙1,BV09226062,平沙①,13,
21路(解放北路总站(应元路口)--均禾工业区总站(清湖村)),29,清湖村口1,BV09226087,清湖村口2,BV09165291,清湖村口②,6,
220路(动物园总站(先烈中路)--南箕路总站),5,广东电视台,BV11009136,广东电视台1,BV09226122,广东电视台1,90,
220路(动物园总站(先烈中路)--南箕路总站),9,江湾桥南,BV11688521,江湾桥南1,BV09359515,江湾桥南1,3,
220路(动物园总站(先烈中路)--南箕路总站),10,基立下道,BV11688513,基立下道2,BV11621853,基立下道②,7,
220路(南箕路总站--动物园总站(先烈中路)),17,基立下道,BV11688513,基立下道1,BV11621851,基立下道1,10,
220路(南箕路总站--动物园总站(先烈中路)),22,小北,BV11688429,小北2,BV09226117,小北②,97,
220路(南箕路总站--动物园总站(先烈中路)),25,黄花岗,BV10014265,黄花岗1,BV09348431,黄花岗①,128,
221路(沥滘总站--锦城花园总站(东风东)),7,金碧花园,BV09245151,金碧花园2,BV09413160,金碧花园②,210,
221路(沥滘总站--锦城花园总站(东风东)),8,新滘西路口,BV09243519,新滘西路口2,BV09360317,新滘西路口②,8,
221路(沥滘总站--锦城花园总站(东风东)),16,海印桥南,BV11688474,海印桥南2,BV09413050,海印桥南②,464,是
221路(沥滘总站--锦城花园总站(东风东)),17,大沙头游船码头,BV11688483,大沙头游船码头1,BV09278983,大沙头游船码头①,5,
221路(沥滘总站--锦城花园总站(东风东)),24,动物园南门站,BV11688456,动物园南门1,BV09230318,动物园南门①,154,
221路(锦城花园总站(东风东)--沥滘总站),3,动物园南门,BV11688456,动物园南门2,BV09226115,动物园南门②,236,
221路(锦城花园总站(东风东)--沥滘总站),11,海印桥南,BV11688474,海印桥南2,BV09413050,海印桥南②,17,
221路(锦城花园总站(东风东)--沥滘总站),19,新滘西路口站,BV09243519,新滘西路口2,BV09360317,新滘西路口②,291,
221路(锦城花园总站(东风东)--沥滘总站),20,金碧花园,BV09245151,金碧花园1,BV09407139,金碧花园①,2,
221路(锦城花园总站(东风东)--沥滘总站),21,嘉鸿花园,BV10021775,嘉鸿花园站2,BV09083275,嘉鸿花园②,31,
222路(地铁五羊邨站总站--芳村丰年路总站),5,农林东,BV11688478,农林东2,BV09172267,农林东②,4,
222路(地铁五羊邨站总站--芳村丰年路总站),13,基立下道,BV11688513,基立下道2,BV11621853,基立下道②,7,
222路(地铁五羊邨站总站--芳村丰年路总站),25,花地大道,BV09001039,花地大道站1,BV09304066,花地大道①,2,
222路(芳村丰年路总站--地铁五羊邨站总站),6,芳村客运站,BV10014060,芳村客运站1,BV09307685,芳村客运站①,2,
222路(芳村丰年路总站--地铁五羊邨站总站),9,西塱1,BV09178250,西塱2,BV09177350,西塱②,5,
222路(芳村丰年路总站--地铁五羊邨站总站),17,基立下道,BV11688513,基立下道1,BV11621851,基立下道1,10,
222路(芳村丰年路总站--地铁五羊邨站总站),18,江湾桥南,BV11688521,江湾桥南2,BV09172266,江湾桥南2,18,
223路(白云花园总站--白云路总站),3,黄石东路口,BV09005986,黄石东路口1,BV11167648,黄石东路口①,9,
223路(白云路总站--白云花园总站),9,黄花岗,BV10014265,黄花岗1,BV09348431,黄花岗①,128,
223路(白云路总站--白云花园总站),13,云台花园,BV11371562,云台花园2,BV09364271,云台花园②,255,
223路(白云路总站--白云花园总站),14,白云山管理局,BV10013651,白云山管理局2,BV09329720,白云山管理局②,9,
225路(机务段总站--滨江东路总站),6,克山,BV11102072,克山2,BV09010643,克山②,287,
225路(滨江东路总站--机务段总站),15,广东电视台,BV11009136,广东电视台2,BV09394368,广东电视台②,9,
225路(滨江东路总站--机务段总站),17,越秀公园北门,BV09010640,越秀公园北门1,BV09226120,越秀公园北门①,14,
225路(滨江东路总站--机务段总站),18,克山,BV11102072,克山1,BV09377937,克山①,90,
225路(滨江东路总站--机务段总站),19,西湾路,BV09000494,西湾路2,BV09356487,西湾路②,20,
225路(滨江东路总站--机务段总站),20,西湾路3,BV09313510,西湾路2,BV09356487,西湾路②,20,
226路(大塘总站--恒宝广场总站),12,怡乐村,BV11687959,怡乐村1,BV09317206,怡乐村①,8,
226路(大塘总站--恒宝广场总站),20,革新路口,BV09006413,革新路口1,BV09314790,革新路口①,20,
226路(恒宝广场总站--大塘总站),17,中山大学,BV11687965,中山大学1,BV09193343,中山大学①,12,
226路(恒宝广场总站--大塘总站),18,康乐村,BV11688348,康乐村1,BV09184531,康乐村①,210,
226路(恒宝广场总站--大塘总站),19,鹭江,BV11687958,鹭江2,BV09335012,鹭江②,45,
229路(琶洲石基村总站--罗冲围总站(松南路)),9,海港花园,BV10569365,海港花园2,BV09269675,海港花园②,6,
229路(琶洲石基村总站--罗冲围总站(松南路)),14,鹭江,BV11687958,鹭江2,BV09335012,鹭江②,1,
229路(琶洲石基村总站--罗冲围总站(松南路)),23,正骨医院,BV11688485,正骨医院2,BV09230308,正骨医院②,23,
229路(琶洲石基村总站--罗冲围总站(松南路)),30,罗冲围客运站,BV10013779,罗冲围客运站2,BV11675544,罗冲围客运站②,12,
229路(罗冲围总站(松南路)--琶洲石基村总站),6,东风西路,BV11687925,东风西路站2,BV09374493,东风西路②,41,
229路(罗冲围总站(松南路)--琶洲石基村总站),10,广东大厦,BV10016774,广东大厦1,BV09205705,广东大厦①,19,
229路(罗冲围总站(松南路)--琶洲石基村总站),21,鹭江,BV11687958,鹭江2,BV09335012,鹭江②,45,
230路(华工大总站--南边路总站),14,客村立交,BV11688553,客村立交1,BV09377600,客村立交1,481,是
230路(华工大总站--南边路总站),22,金碧花园,BV09245151,金碧花园1,BV09407139,金碧花园①,58,
230路(南边路总站--华工大总站),9,金碧花园,BV09245151,金碧花园1,BV09407139,金碧花园①,2,
230路(南边路总站--华工大总站),10,嘉鸿花园,BV10021775,嘉鸿花园站2,BV09083275,嘉鸿花园②,31,
230路(南边路总站--华工大总站),12,海珠客运站,BV10015271,海珠客运站2,BV11196681,海珠客运站②,91,
230路(南边路总站--华工大总站),16,广州大道南(叠景路口),BV09181701,广州大道南(叠景路口)1,BV09183567,广州大道南（叠景路口）①,286,
230路(南边路总站--华工大总站),30,五山路口站,BV11062767,五山路口2,BV09366519,五山路口②,1,
230路(节假日)(华工大总站--纸厂横马路总站),13,客村立交,BV11688553,客村立交1,BV09377600,客村立交1,481,是
230路(节假日)(华工大总站--纸厂横马路总站),14,敦和,BV11687930,敦和2,BV09406264,敦和②,30,
230路(节假日)(华工大总站--纸厂横马路总站),15,广州大道南(叠景路口)站,BV09181701,广州大道南(叠景路口)1,BV09183567,广州大道南（叠景路口）①,4,
230路(节假日)(华工大总站--纸厂横马路总站),16,上涌,BV10014360,上涌2,BV09175488,上涌②,5,
230路(节假日)(华工大总站--纸厂横马路总站),21,金碧花园,BV09245151,金碧花园1,BV09407139,金碧花园①,58,
233路(广州火车东站总站--滘口客运站总站),2,林和西路,BV11688381,林和西路3,BV11509447,林和西路③,5,
233路(广州火车东站总站--滘口客运站总站),6,动物园南门,BV11688456,动物园南门2,BV09226115,动物园南门②,232,
233路(广州火车东站总站--滘口客运站总站),8,白云宾馆,BV11009137,白云宾馆2,BV09226118,白云宾馆2,9,
233路(广州火车东站总站--滘口客运站总站),9,广东电视台,BV11009136,广东电视台1,BV09226122,广东电视台1,90,
233路(广州火车东站总站--滘口客运站总站),10,小北,BV11688429,小北1,BV09226129,小北①,88,
233路(广州火车东站总站--滘口客运站总站),12,仓边路,BV10013930,仓边路2,BV09357063,仓边路2,22,
233路(滘口客运站总站--广州火车东站总站),3,中山八路,BV11688465,中山八路1,BV09213747,中山八路①,225,
233路(滘口客运站总站--广州火车东站总站),4,石路基,BV11688484,石路基2,BV09337403,石路基②,4,
233路(滘口客运站总站--广州火车东站总站),5,陈家祠,BV11596161,陈家祠2,BV09195327,陈家祠2,8,
233路(滘口客运站总站--广州火车东站总站),8,中山六路,BV09317509,中山六路站2,BV09087077,中山六路②,1,
233路(滘口客运站总站--广州火车东站总站),10,仓边路,BV10013930,仓边路2,BV09357063,仓边路2,159,
233路(滘口客运站总站--广州火车东站总站),11,小北花圈,BV10013929,小北花圈2,BV09316767,小北花圈②,9,
233路(滘口客运站总站--广州火车东站总站),12,小北,BV11688429,小北2,BV09226117,小北②,97,
233路(滘口客运站总站--广州火车东站总站),17,体育中心,BV11688435,体育中心1,BV09375065,体育中心1,19,
233路(滘口客运站总站--广州火车东站总站),18,体育中心东门,BV11678026,体育中心东门1,BV09226124,体育中心东门①,12,
236路(天平架总站--滘口客运站总站),7,黄花岗,BV10014265,黄花岗1,BV09348431,黄花岗①,2,
236路(天平架总站--滘口客运站总站),11,越秀桥,BV11688510,越秀桥2,BV09246905,越秀桥②,2,
236路(天平架总站--滘口客运站总站),17,革新路口,BV09006413,革新路口1,BV09314790,革新路口1,20,
236路(滘口客运站总站--天平架总站),8,下芳村,BV10013605,下芳村1,BV11329135,下芳村①,20,
236路(滘口客运站总站--天平架总站),15,江湾桥南站,BV11688521,江湾桥南1,BV09359515,江湾桥南1,55,
236路(滘口客运站总站--天平架总站),21,沙河大街,BV10014271,沙河大街1,BV09330208,沙河大街①,2,
239路(华景新城总站(翰景路)--南洲北路总站),20,敦和,BV11687930,敦和2,BV09406264,敦和②,42,
239路(华景新城总站(翰景路)--南洲北路总站),22,上涌,BV10014360,上涌2,BV09175488,上涌②,5,
243路(员村总站--革新路总站),3,员村四横路口,BV11688540,员村四横路口2,BV09302573,员村四横路口②,157,
243路(员村总站--革新路总站),4,程界村,BV11688554,程界村1,BV09413159,程界村①,2,
243路(员村总站--革新路总站),10,天河,BV11462418,天河2,BV09321905,天河②,99,
243路(员村总站--革新路总站),13,农林东,BV11688478,农林东2,BV09172267,农林东②,4,
243路(员村总站--革新路总站),17,农讲所,BV11688432,农讲所2,BV09185490,农讲所②,2,
243路(员村总站--革新路总站),21,解放南路,BV11688454,解放南路2,BV09226091,解放南路②,8,
243路(员村总站--革新路总站),22,堑口,BV10885474,堑口2,BV09179585,堑口②,11,
243路(革新路总站--员村总站),13,解放中路,BV11688461,解放中路2,BV09226097,解放中路②,19,
243路(革新路总站--员村总站),14,中山五路,BV09241189,中山五路2,BV11596046,中山五路②,3,
243路(革新路总站--员村总站),15,农讲所,BV11688432,农讲所1,BV09201207,农讲所①,86,
243路(革新路总站--员村总站),24,冼村,BV11086798,冼村3,BV09262063,冼村③,124,
243路(革新路总站--员村总站),26,国防大厦,BV11688471,国防大厦3,BV09410279,国防大厦③,4,
243路(革新路总站--员村总站),31,员村四横路口,BV11688540,员村四横路口2,BV09302573,员村四横路口②,5,
244A路(汇侨新城总站--江南大道南(地铁江泰路站)总站),3,新市墟2,BV09226067,新市墟1,BV09226083,新市墟①,376,是
244A路(汇侨新城总站--江南大道南(地铁江泰路站)总站),4,新市墟,BV11687839,新市墟1,BV09226083,新市墟①,376,是
244A路(汇侨新城总站--江南大道南(地铁江泰路站)总站),7,机场立交北3,BV09214035,机场立交北1,BV09226089,机场立交北①,19,
244A路(汇侨新城总站--江南大道南(地铁江泰路站)总站),9,桂花岗,BV10016229,桂花岗站2,BV09394525,桂花岗②,16,
244A路(汇侨新城总站--江南大道南(地铁江泰路站)总站),12,解放中路,BV11688461,解放中路2,BV09226097,解放中路②,17,
244A路(汇侨新城总站--江南大道南(地铁江泰路站)总站),13,解放南路,BV11688454,解放南路2,BV09226091,解放南路②,8,
244A路(汇侨新城总站--江南大道南(地铁江泰路站)总站),14,堑口,BV10885474,堑口2,BV09179585,堑口②,11,
244A路(江南大道南(地铁江泰路站)总站--汇侨新城总站),4,信和广场(昌岗中路),BV10014647,信和广场(昌岗中路)2,BV09226101,信和广场（昌岗中路）②,3,
244A路(江南大道南(地铁江泰路站)总站--汇侨新城总站),8,海珠区妇幼,BV10016125,海珠区妇幼1,BV09226104,海珠区妇幼①,16,
244A路(江南大道南(地铁江泰路站)总站--汇侨新城总站),11,市红会医院,BV10016127,市红会医院1,BV09226102,市红会医院①,13,
244A路(江南大道南(地铁江泰路站)总站--汇侨新城总站),15,越秀公园,BV11688125,越秀公园3,BV11596047,越秀公园③,2,
244A路(江南大道南(地铁江泰路站)总站--汇侨新城总站),17,云城南,BV10013708,云城南站1,BV09406832,云城南①,6,
244A路(江南大道南(地铁江泰路站)总站--汇侨新城总站),20,新市墟,BV11687839,新市墟1,BV09226083,新市墟①,1,
244路(江南大道南(地铁江泰路站)总站--黄石东(白云尚城)总站),4,信和广场(昌岗中路),BV10014647,信和广场(昌岗中路)2,BV09226101,信和广场（昌岗中路）②,3,
244路(江南大道南(地铁江泰路站)总站--黄石东(白云尚城)总站),8,海珠区妇幼,BV10016125,海珠区妇幼1,BV09226104,海珠区妇幼①,16,
244路(江南大道南(地铁江泰路站)总站--黄石东(白云尚城)总站),11,市红会医院,BV10016127,市红会医院1,BV09226102,市红会医院①,13,
244路(江南大道南(地铁江泰路站)总站--黄石东(白云尚城)总站),14,迎宾馆,BV11091393,迎宾馆2,BV11596048,迎宾馆②,9,
244路(江南大道南(地铁江泰路站)总站--黄石东(白云尚城)总站),17,梓元岗,BV09364515,梓元岗2,BV09368222,梓元岗②,21,
244路(江南大道南(地铁江泰路站)总站--黄石东(白云尚城)总站),18,云城南,BV10013708,云城南站1,BV09406832,云城南①,6,
244路(江南大道南(地铁江泰路站)总站--黄石东(白云尚城)总站),21,新市墟2,BV09226067,新市墟3,BV09161217,新市墟③,200,
244路(江南大道南(地铁江泰路站)总站--黄石东(白云尚城)总站),28,黄石东路口,BV09005986,黄石东路口1,BV11167648,黄石东路口①,47,
244路(江南大道南(地铁江泰路站)总站--黄石东(白云尚城)总站),29,陈田村,BV11688417,陈田村2,BV09163012,陈田村②,12,
244路(黄石东(白云尚城)总站--江南大道南(地铁江泰路站)总站),4,黄石东路口,BV09005986,黄石东路口2,BV09167548,黄石东路口②,5,
244路(黄石东(白云尚城)总站--江南大道南(地铁江泰路站)总站),9,黄石路,BV11688426,黄石路1,BV09351558,黄石路①,18,
244路(黄石东(白云尚城)总站--江南大道南(地铁江泰路站)总站),12,新市墟站2,BV09392281,新市墟1,BV09226083,新市墟①,376,是
244路(黄石东(白云尚城)总站--江南大道南(地铁江泰路站)总站),13,新市墟,BV11687839,新市墟1,BV09226083,新市墟①,376,是
244路(黄石东(白云尚城)总站--江南大道南(地铁江泰路站)总站),18,机场立交北,BV10523474,机场立交北1,BV09226089,机场立交北①,19,
244路(黄石东(白云尚城)总站--江南大道南(地铁江泰路站)总站),19,梓元岗,BV09364515,梓元岗1,BV09368674,梓元岗①,256,
244路(黄石东(白云尚城)总站--江南大道南(地铁江泰路站)总站),20,桂花岗,BV10016229,桂花岗站2,BV09394525,桂花岗②,16,
244路(黄石东(白云尚城)总站--江南大道南(地铁江泰路站)总站),24,解放南路,BV11688454,解放南路2,BV09226091,解放南路②,8,
245路(员村一横路总站--黄石东总站),4,石牌村,BV10018369,石牌村4,BV09387753,石牌村④,6,
245路(员村一横路总站--黄石东总站),5,冼村,BV11086798,冼村2,BV09323877,冼村②,152,
245路(员村一横路总站--黄石东总站),7,天河2,BV09321905,天河1,BV09348371,天河①,84,
245路(员村一横路总站--黄石东总站),9,动物园南门,BV11688456,动物园南门2,BV09226115,动物园南门②,229,
245路(员村一横路总站--黄石东总站),11,白云宾馆,BV11009137,白云宾馆2,BV09226118,白云宾馆②,9,
245路(员村一横路总站--黄石东总站),24,黄石东路口,BV09005986,黄石东路口2,BV09167548,黄石东路口②,202,
245路(员村一横路总站--黄石东总站),25,陈田村,BV11688417,陈田村1,BV09163011,陈田村①,13,
245路(员村一横路总站--黄石东总站),27,元下田,BV11687852,元下田2,BV09161363,元下田②,204,
245路(黄石东总站--员村一横路总站),19,天河立交,BV10013640,天河立交2,BV09226112,天河立交②,1,
245路(黄石东总站--员村一横路总站),23,石牌村,BV10018369,石牌村2,BV09256767,石牌村②,150,
245路(黄石东总站--员村一横路总站),24,国防大厦,BV11688471,国防大厦2,BV09178253,国防大厦②,306,是
246路(太和(丰泰横路)总站--广州火车东站总站),30,豪景花园,BV10326995,豪景花园1,BV09097374,豪景花园①,184,
246路(太和(丰泰横路)总站--广州火车东站总站),33,广州体院,BV09375062,广州体院1,BV09411494,广州体院①,2,
247路(南洲北路总站--恒福路总站),7,鹭江,BV11687958,鹭江2,BV09335012,鹭江②,1,
247路(恒福路总站--南洲北路总站),7,东山口(东华北路),BV11448834,东山口(东华北路)1,BV09322857,东山口（东华北路）①,2,
247路(恒福路总站--南洲北路总站),22,上涌,BV10014360,上涌2,BV09175488,上涌②,5,
24路(云台花园总站--大塘西总站(敦和)),2,白云山管理局,BV10013651,白云山管理局2,BV09329720,白云山管理局②,9,
24路(云台花园总站--大塘西总站(敦和)),7,梓元岗站,BV09364515,梓元岗1,BV09368674,梓元岗①,256,
24路(云台花园总站--大塘西总站(敦和)),8,桂花岗,BV10016229,桂花岗站2,BV09394525,桂花岗②,16,
24路(云台花园总站--大塘西总站(敦和)),10,迎宾馆,BV11091393,迎宾馆2,BV11596048,迎宾馆2,26,
24路(云台花园总站--大塘西总站(敦和)),25,广州大道南(叠景路口)站,BV09181701,广州大道南(叠景路口)3,BV09238939,广州大道南（叠景路口）③,13,
24路(大塘西总站(敦和)--云台花园总站),2,敦和,BV11687930,敦和3,BV09026856,敦和③,130,
24路(大塘西总站(敦和)--云台花园总站),3,鹭江,BV11687958,鹭江2,BV09335012,鹭江②,1,
24路(大塘西总站(敦和)--云台花园总站),12,越秀南路,BV11687913,越秀南路2,BV09319720,越秀南路②,2,
24路(大塘西总站(敦和)--云台花园总站),18,越秀公园,BV11688125,越秀公园3,BV11596047,越秀公园③,2,
24路(大塘西总站(敦和)--云台花园总站),20,梓元岗站,BV09364515,梓元岗1,BV09368674,梓元岗①,25,
250路(中山八路总站--石榴岗总站),2,石路基站,BV11688484,石路基2,BV09337403,石路基②,4,
250路(中山八路总站--石榴岗总站),3,荔湾路口,BV10016144,荔湾路口2,BV11164816,荔湾路口2,28,
250路(中山八路总站--石榴岗总站),4,陈家祠,BV11596161,陈家祠2,BV09195327,陈家祠2,8,
250路(中山八路总站--石榴岗总站),7,中山六路,BV09317509,中山六路站2,BV09087077,中山六路②,1,
250路(中山八路总站--石榴岗总站),9,解放南路,BV11688454,解放南路2,BV09226091,解放南路②,8,
250路(中山八路总站--石榴岗总站),20,中山大学,BV11687965,中山大学1,BV09193343,中山大学①,13,
250路(中山八路总站--石榴岗总站),21,康乐村,BV11688348,康乐村1,BV09184531,康乐村①,210,
250路(石榴岗总站--中山八路总站),17,中山大学,BV11687965,中山大学2,BV09243523,中山大学②,36,
250路(石榴岗总站--中山八路总站),21,信和广场(昌岗中路),BV10014647,信和广场(昌岗中路)2,BV09226101,信和广场（昌岗中路）②,3,
250路(石榴岗总站--中山八路总站),28,市红会医院,BV10016127,市红会医院1,BV09226102,市红会医院1,13,
250路(石榴岗总站--中山八路总站),30,解放中路,BV11688461,解放中路2,BV09226097,解放中路②,19,
250路(石榴岗总站--中山八路总站),35,荔湾路口,BV10016144,荔湾路口2,BV11164816,荔湾路口2,1,
250路(石榴岗总站--中山八路总站),36,石路基,BV11688484,石路基2,BV09337403,石路基②,72,
251路(七星岗总站--黄沙总站),11,嘉禾,BV10014476,嘉禾2,BV09226080,嘉禾②,233,
251路(七星岗总站--黄沙总站),16,联和,BV11687903,联和1,BV11637999,联和①,5,
251路(七星岗总站--黄沙总站),19,新市墟,BV11687839,新市墟1,BV09226083,新市墟①,373,是
251路(七星岗总站--黄沙总站),24,梓元岗站,BV09364515,梓元岗3,BV09373815,梓元岗③,2,
251路(七星岗总站--黄沙总站),25,桂花岗,BV10016229,桂花岗1,BV11477575,桂花岗①,18,
251路(七星岗总站--黄沙总站),32,康王南路,BV11688480,康王南路2,BV09328895,康王南路②,1,
251路(七星岗总站--黄沙总站),33,六二三路,BV11688352,六二三路站1,BV09360104,六二三路①,2,
251路(七星岗总站--黄沙总站),34,市中医院2,BV09165635,市中医院站2,BV09385884,市中医院②,17,
251路(七星岗总站--黄沙总站),35,市中医院,BV09000996,市中医院站2,BV09385884,市中医院②,17,
251路(黄沙总站--七星岗总站),7,广医站,BV11688391,广医3,BV11167722,广医③,4,
251路(黄沙总站--七星岗总站),13,梓元岗,BV09364515,梓元岗2,BV09368222,梓元岗②,21,
251路(黄沙总站--七星岗总站),18,新市墟,BV11687839,新市墟4,BV09404762,新市墟④,501,是
251路(黄沙总站--七星岗总站),25,嘉禾,BV10014476,嘉禾2,BV09226080,嘉禾2,12,
251路(黄沙总站--七星岗总站),26,市交校,BV10014469,市交校1,BV09226088,市交校①,12,
252路(外环西路总站--天平架总站),22,客村立交,BV11688553,客村立交1,BV09377600,客村立交①,5,
252路(外环西路总站--天平架总站),27,广州大道中,BV10014367,广州大道中1,BV09382002,广州大道中①,7,
252路(天平架总站--外环西路总站(青创汇)),4,广州大道中,BV10014367,广州大道中1,BV09382002,广州大道中①,237,
252路(天平架总站--外环西路总站(青创汇)),13,江海大道中,BV11687940,江海大道中1,BV09319409,江海大道中1,289,
253路(瑞宝乡总站--罗冲围总站(松南路)),5,华海大厦站,BV10015713,华海大厦1,BV09317631,华海大厦①,113,
253路(瑞宝乡总站--罗冲围总站(松南路)),6,南村,BV11688567,南村1,BV09316713,南村1,4,
253路(瑞宝乡总站--罗冲围总站(松南路)),8,地铁市二宫站,BV10388873,地铁市二宫站1,BV09232762,地铁市二宫站①,34,
253路(瑞宝乡总站--罗冲围总站(松南路)),15,东风西路站2,BV09374493,东风西路1,BV09209214,东风西路①,64,
253路(瑞宝乡总站--罗冲围总站(松南路)),19,罗冲围客运站,BV10013779,罗冲围客运站1,BV11629687,罗冲围客运站①,345,是
253路(罗冲围总站(松南路)--瑞宝乡总站),6,东风西路,BV11687925,东风西路1,BV09209214,东风西路①,2,
253路(罗冲围总站(松南路)--瑞宝乡总站),10,解放中路,BV11688461,解放中路2,BV09226097,解放中路②,17,
253路(罗冲围总站(松南路)--瑞宝乡总站),16,南村,BV11688567,南村1,BV09316713,南村1,30,
253路(罗冲围总站(松南路)--瑞宝乡总站),17,华海大厦,BV10015713,华海大厦1,BV09317631,华海大厦①,11,
254路(广州火车站总站--石井红星村总站),2,梓元岗1,BV09368674,梓元岗2,BV09368222,梓元岗②,21,
254路(广州火车站总站--石井红星村总站),7,新市墟,BV11687839,新市墟3,BV09161217,新市墟③,200,
254路(广州火车站总站--石井红星村总站),11,小坪,BV11688428,小坪2,BV09209209,小坪②,249,
254路(石井红星村总站--广州火车站总站),6,小坪立交桥,BV10013750,小坪立交桥1,BV09226107,小坪立交桥①,1,
254路(石井红星村总站--广州火车站总站),7,小坪,BV11688428,小坪2,BV09209209,小坪②,2,
254路(石井红星村总站--广州火车站总站),8,马务,BV11688360,马务2,BV09226099,马务②,8,
254路(石井红星村总站--广州火车站总站),11,新市墟,BV11687839,新市墟1,BV09226083,新市墟①,376,是
254路(石井红星村总站--广州火车站总站),15,机场立交北,BV10523474,机场立交北2,BV09226069,机场立交北②,2,
254路(石井红星村总站--广州火车站总站),17,桂花岗,BV10016229,桂花岗1,BV11477575,桂花岗①,19,
256路(珠岛花园总站--珠岛花园总站),10,市少年宫,BV11688449,市少年宫1,BV09229322,市少年宫①,5,
256路(珠岛花园总站--珠岛花园总站),11,广医,BV11688391,广医2,BV09186856,广医②,26,
256路(珠岛花园总站--珠岛花园总站),17,越秀公园,BV11688125,越秀公园1,BV09266313,越秀公园①,5,
256路(珠岛花园总站--珠岛花园总站),19,广医,BV11688391,广医2,BV09186856,广医②,14,
256路(珠岛花园总站--珠岛花园总站),20,和平新村2,BV09238796,和平新村1,BV09238795,和平新村①,76,
25路(大坦沙总站--昌岗路总站),12,六二三路,BV11688352,六二三路站1,BV09360104,六二三路①,263,
25路(昌岗路总站--大坦沙总站),4,南村,BV11688567,南村1,BV09316713,南村1,4,
25路(昌岗路总站--大坦沙总站),11,六二三路,BV11688352,六二三路站1,BV09360104,六二三路①,2,
25路(昌岗路总站--大坦沙总站),12,市中医院2,BV09165635,市中医院站2,BV09385884,市中医院②,17,
261路(大坦沙总站--鱼珠总站),9,东风西路,BV11687925,东风西路1,BV09209214,东风西路①,3,
261路(大坦沙总站--鱼珠总站),10,市少年宫,BV11688449,市少年宫1,BV09229322,市少年宫①,5,
261路(大坦沙总站--鱼珠总站),11,广医,BV11688391,广医3,BV11167722,广医③,145,
261路(大坦沙总站--鱼珠总站),16,东风东路(陵园西路口),BV11278289,东风东路(陵园西路口)2,BV09230320,东风东路（陵园西路口）2,2,
261路(大坦沙总站--鱼珠总站),22,冼村,BV11086798,冼村2,BV09323877,冼村②,80,
261路(大坦沙总站--鱼珠总站),23,石牌村,BV10018369,石牌村1,BV09256766,石牌村①,16,
261路(大坦沙总站--鱼珠总站),24,国防大厦,BV11688471,国防大厦2,BV09178253,国防大厦②,306,是
261路(鱼珠总站--大坦沙总站),12,程界村,BV11688554,程界村1,BV09413159,程界村①,2,
261路(鱼珠总站--大坦沙总站),13,员村山顶,BV09006109,员村山顶3,BV09285360,员村山顶③,174,
261路(鱼珠总站--大坦沙总站),14,华侨医院(潭村),BV10539406,华侨医院(潭村)1,BV09232892,华侨医院（潭村）①,1,
261路(鱼珠总站--大坦沙总站),16,石牌村,BV10018369,石牌村4,BV09387753,石牌村④,6,
261路(鱼珠总站--大坦沙总站),17,冼村,BV11086798,冼村2,BV09323877,冼村②,152,
261路(鱼珠总站--大坦沙总站),19,天河2,BV09321905,天河1,BV09348371,天河①,84,
261路(鱼珠总站--大坦沙总站),20,天河,BV11462418,天河1,BV09348371,天河①,84,
261路(鱼珠总站--大坦沙总站),30,和平新村2,BV09238796,和平新村1,BV09238795,和平新村①,76,
263路(广州火车东站总站--盈丰路总站),2,林和西路,BV11688381,林和西路3,BV11509447,林和西路③,5,
263路(广州火车东站总站--盈丰路总站),8,鹭江,BV11687958,鹭江1,BV09160624,鹭江①,141,
263路(广州火车东站总站--盈丰路总站),9,康乐村,BV11688348,康乐村1,BV09184531,康乐村①,1,
263路(广州火车东站总站--盈丰路总站),10,中山大学,BV11687965,中山大学1,BV09193343,中山大学①,34,
263路(盈丰路总站--广州火车东站总站),18,体育中心东门,BV11678026,体育中心东门1,BV09226124,体育中心东门①,12,
263路(盈丰路总站--广州火车东站总站),19,林和中路,BV10017488,林和中路1,BV09310407,林和中路①,2,
264A路(珠影--仑头总站),2,赤岗路口,BV09005990,赤岗路口2,BV09317596,赤岗路口2,346,是
264路(仑头总站--广仁路总站),14,敦和,BV11687930,敦和3,BV09026856,敦和③,130,
264路(仑头总站--广仁路总站),17,中山大学,BV11687965,中山大学2,BV09243523,中山大学②,36,
264路(仑头总站--广仁路总站),25,白云路,BV11688476,白云路1,BV09376615,白云路①,13,
264路(广仁路总站--仑头总站),6,越秀南路,BV11687913,越秀南路2,BV09319720,越秀南路②,140,
264路(广仁路总站--仑头总站),14,省荣军医院(荣校),BV09335698,省荣军医院(荣校)2,BV09091929,省荣军医院（荣校）②,274,
264路(广仁路总站--仑头总站),15,中山大学,BV11687965,中山大学1,BV09193343,中山大学①,14,
264路(广仁路总站--仑头总站),19,广州大道南(叠景路口),BV09181701,广州大道南(叠景路口)3,BV09238939,广州大道南（叠景路口）③,93,
265路(广卫路总站--环滘村总站),4,梓元岗,BV09364515,梓元岗1,BV09368674,梓元岗①,25,
265路(广卫路总站--环滘村总站),20,小坪,BV11688428,小坪2,BV09209209,小坪②,249,
265路(环滘村总站--广卫路总站),21,梓元岗站,BV09364515,梓元岗1,BV09368674,梓元岗①,256,
265路(环滘村总站--广卫路总站),22,桂花岗,BV10016229,桂花岗站2,BV09394525,桂花岗②,16,
265路(环滘村总站--广卫路总站),24,盘福路,BV11091396,盘福路1,BV09227578,盘福路①,1,
266路(汇景北路总站--珠江泳场总站),12,天河,BV11462418,天河2,BV09321905,天河②,99,
266路(珠江泳场总站--汇景北路总站),8,客村立交,BV11688553,客村立交2,BV09377599,客村立交2,51,
266路(珠江泳场总站--汇景北路总站),11,天河,BV11462418,天河1,BV09348371,天河①,13,
268路(泮塘总站--白云花园总站),4,荔湾路,BV09374429,荔湾路1,BV09233339,荔湾路①,22,
268路(泮塘总站--白云花园总站),5,彩虹桥,BV09001152,彩虹桥1,BV09230293,彩虹桥①,5,
268路(泮塘总站--白云花园总站),9,克山,BV11102072,克山1,BV09377937,克山1,94,
268路(泮塘总站--白云花园总站),16,新市墟,BV11687839,新市墟3,BV09161217,新市墟③,200,
268路(白云花园总站--泮塘总站),7,黄石路,BV11688426,黄石路1,BV09351558,黄石路①,18,
268路(白云花园总站--泮塘总站),9,新市墟,BV11687839,新市墟1,BV09226083,新市墟①,373,是
268路(白云花园总站--泮塘总站),17,瑶台,BV11472522,瑶台2,BV09226113,瑶台②,2,
268路(白云花园总站--泮塘总站),24,荔湾路,BV09374429,荔湾路1,BV09233339,荔湾路①,13,
270路(土华总站--大基头总站),13,江海大道中,BV11687940,江海大道中2,BV09316963,江海大道中2,18,
270路(土华总站--大基头总站),15,赤岗路口,BV09005990,赤岗路口2,BV09317596,赤岗路口2,4,
270路(土华总站--大基头总站),19,中山大学,BV11687965,中山大学1,BV09193343,中山大学①,34,
270路(土华总站--大基头总站),21,怡乐村,BV11687959,怡乐村1,BV09317206,怡乐村①,8,
270路(土华总站--大基头总站),27,海珠区妇幼,BV10016125,海珠区妇幼1,BV09226104,海珠区妇幼①,16,
270路(大基头总站--土华总站),10,华海大厦,BV10015713,华海大厦1,BV09317631,华海大厦①,15,
270路(大基头总站--土华总站),12,怡乐村,BV11687959,怡乐村1,BV09317206,怡乐村①,16,
270路(大基头总站--土华总站),15,康乐村,BV11688348,康乐村1,BV09184531,康乐村①,210,
270路(大基头总站--土华总站),16,鹭江,BV11687958,鹭江2,BV09335012,鹭江②,45,
270路(大基头总站--土华总站),18,赤岗路口,BV09005990,赤岗路口2,BV09317596,赤岗路口②,346,是
273路(晓港湾总站--柯子岭总站(河田路)),12,海珠区妇幼,BV10016125,海珠区妇幼1,BV09226104,海珠区妇幼①,15,
273路(晓港湾总站--柯子岭总站(河田路)),18,迎宾馆,BV11091393,迎宾馆2,BV11596048,迎宾馆2,2,
273路(柯子岭总站(河田路)--晓港湾总站),8,越秀公园,BV11688125,越秀公园2,BV09226094,越秀公园②,15,
273路(柯子岭总站(河田路)--晓港湾总站),11,解放中路,BV11688461,解放中路2,BV09226097,解放中路②,17,
273路(柯子岭总站(河田路)--晓港湾总站),13,堑口,BV10885474,堑口2,BV09179585,堑口②,11,
274路(富力桃园(增埗村)总站--黄石路总站),9,克山,BV11102072,克山1,BV09377937,克山1,94,
274路(富力桃园(增埗村)总站--黄石路总站),12,瑶台,BV11472522,瑶台2,BV09226113,瑶台②,47,
274路(富力桃园(增埗村)总站--黄石路总站),19,新市墟,BV11687839,新市墟4,BV09404762,新市墟④,501,是
274路(黄石路总站--富力桃园(增埗村)总站),4,新市墟,BV11687839,新市墟3,BV09161217,新市墟③,75,
274路(黄石路总站--富力桃园(增埗村)总站),7,棠溪,BV09001423,棠溪站1,BV11562315,棠溪①,3,
278路(汇侨新城总站--汇侨新城总站),3,新市墟,BV11687839,新市墟2,BV09226067,新市墟②,59,
278路(汇侨新城总站--汇侨新城总站),7,棠下(三元里大道),BV11687942,棠下(三元里大道)2,BV09169835,棠下（三元里大道）②,385,是
278路(汇侨新城总站--汇侨新城总站),17,小北,BV11688429,小北2,BV09226117,小北②,97,
278路(汇侨新城总站--汇侨新城总站),20,小北,BV11688429,小北2,BV09226117,小北②,12,
278路(汇侨新城总站--汇侨新城总站),27,棠下(三元里大道),BV11687942,棠下(三元里大道)1,BV09172231,棠下（三元里大道）①,87,
278路(汇侨新城总站--汇侨新城总站),28,三元里大道中,BV11687945,三元里大道中2,BV09164965,三元里大道中②,136,
278路(汇侨新城总站--汇侨新城总站),31,新市墟,BV11687839,新市墟1,BV09226083,新市墟①,1,
27路(广卫路总站--东莞庄总站),3,仓边路,BV10013930,仓边路2,BV09357063,仓边路2,159,
280路(凰岗总站--广州火车东站总站),8,小坪立交桥,BV10013750,小坪立交桥1,BV09226107,小坪立交桥1,1,
280路(凰岗总站--广州火车东站总站),9,小坪,BV11688428,小坪2,BV09209209,小坪②,2,
280路(凰岗总站--广州火车东站总站),13,新市墟,BV11687839,新市墟1,BV09226083,新市墟①,376,是
280路(凰岗总站--广州火车东站总站),17,机场立交北,BV10523474,机场立交北2,BV09226069,机场立交北2,2,
280路(凰岗总站--广州火车东站总站),19,桂花岗,BV10016229,桂花岗1,BV11477575,桂花岗①,18,
280路(凰岗总站--广州火车东站总站),21,小北,BV11688429,小北2,BV09226117,小北②,97,
280路(凰岗总站--广州火车东站总站),24,动物园南门,BV11688456,动物园南门1,BV09230318,动物园南门①,160,
280路(凰岗总站--广州火车东站总站),26,体育中心,BV11688435,体育中心1,BV09375065,体育中心1,19,
280路(凰岗总站--广州火车东站总站),27,体育中心东门,BV11678026,体育中心东门1,BV09226124,体育中心东门①,12,
280路(广州火车东站总站--凰岗总站),2,林和西路,BV11688381,林和西路3,BV11509447,林和西路③,5,
280路(广州火车东站总站--凰岗总站),6,动物园南门,BV11688456,动物园南门2,BV09226115,动物园南门②,223,
280路(广州火车东站总站--凰岗总站),9,小北,BV11688429,小北2,BV09226117,小北②,12,
280路(广州火车东站总站--凰岗总站),11,越秀公园北门,BV09010640,越秀公园北门1,BV09226120,越秀公园北门①,14,
280路(广州火车东站总站--凰岗总站),14,云城南,BV10013708,云城南1,BV09226082,云城南1,7,
280路(广州火车东站总站--凰岗总站),18,新市墟2,BV09226067,新市墟3,BV09161217,新市墟③,200,
280路(广州火车东站总站--凰岗总站),22,小坪,BV11688428,小坪2,BV09209209,小坪②,249,
284路(员村总站--广园新村总站),6,员村山顶,BV09006109,员村山顶2,BV09285359,员村山顶②,117,
284路(员村总站--广园新村总站),9,石牌村,BV10018369,石牌村4,BV09387753,石牌村④,6,
284路(员村总站--广园新村总站),10,冼村,BV11086798,冼村2,BV09323877,冼村②,152,
284路(员村总站--广园新村总站),11,人民日报广东分社,BV11688536,人民日报广东分社站2,BV09313214,人民日报广东分社2,12,
284路(员村总站--广园新村总站),12,天河,BV11462418,天河1,BV09348371,天河①,84,
284路(员村总站--广园新村总站),22,越秀公园,BV11688125,越秀公园3,BV11596047,越秀公园③,2,
284路(员村总站--广园新村总站),23,梓元岗站,BV09364515,梓元岗1,BV09368674,梓元岗①,20,
284路(广园新村总站--员村总站),4,梓元岗,BV09364515,梓元岗1,BV09368674,梓元岗①,256,
284路(广园新村总站--员村总站),5,桂花岗,BV10016229,桂花岗站2,BV09394525,桂花岗②,16,
284路(广园新村总站--员村总站),10,东风东路(陵园西路口),BV11278289,东风东路(陵园西路口)2,BV09230320,东风东路（陵园西路口）2,2,
284路(广园新村总站--员村总站),17,冼村,BV11086798,冼村3,BV09262063,冼村③,124,
284路(广园新村总站--员村总站),18,石牌村,BV10018369,石牌村2,BV09256767,石牌村②,150,
284路(广园新村总站--员村总站),19,国防大厦1,BV09317153,国防大厦2,BV09178253,国防大厦②,306,是
284路(广园新村总站--员村总站),21,员村山顶站,BV09006109,员村山顶3,BV09285360,员村山顶③,4,
285路(云台花园总站--花地大道南总站(鹅公村)),6,黄花岗,BV10014265,黄花岗1,BV09348431,黄花岗①,2,
285路(云台花园总站--花地大道南总站(鹅公村)),12,江湾桥南,BV11688521,江湾桥南1,BV09359515,江湾桥南①,3,
285路(云台花园总站--花地大道南总站(鹅公村)),13,基立下道,BV11688513,基立下道2,BV11621853,基立下道②,7,
285路(花地大道南总站(鹅公村)--云台花园总站),5,西塱站,BV11687844,西塱1,BV09178250,西塱①,156,
285路(花地大道南总站(鹅公村)--云台花园总站),20,江湾桥南,BV11688521,江湾桥南2,BV09172266,江湾桥南②,18,
287路(晓港湾总站--动物园总站(先烈中路)),9,海印桥南,BV11688474,海印桥南2,BV09413050,海印桥南②,464,是
287路(晓港湾总站--动物园总站(先烈中路)),14,黄花岗,BV10014265,黄花岗1,BV09348431,黄花岗①,93,
288路(祈福新村总站--西华路尾总站),20,金碧花园,BV09245151,金碧花园1,BV09407139,金碧花园①,58,
288路(祈福新村总站--西华路尾总站),36,东风西路,BV11687925,东风西路3,BV09230294,东风西路③,79,
288路(西华路尾总站--祈福新邨总站),2,东风西路2,BV09143805,东风西路站2,BV09374493,东风西路②,42,
288路(西华路尾总站--祈福新邨总站),17,新滘西路口,BV09243519,新滘西路口2,BV09360317,新滘西路口②,291,
288路(西华路尾总站--祈福新邨总站),18,金碧花园,BV09245151,金碧花园2,BV09413160,金碧花园②,2,
288路(西华路尾总站--祈福新邨总站),21,海珠客运站,BV10015271,海珠客运站2,BV11196681,海珠客运站②,91,
28路(珠江嘉苑总站--琶洲塔公交总站),15,车陂南站,BV10014565,车陂南1,BV09291511,车陂南①,17,
290路(金沙洲(涛乐街)总站--金沙洲(涛乐街)总站),6,金沙洲路,BV11688450,金沙洲路2,BV11329134,金沙洲路②,12,
290路(金沙洲(涛乐街)总站--金沙洲(涛乐街)总站),7,金沙洲大桥西,BV10713669,金沙洲大桥西2,BV09010639,金沙洲大桥西②,10,
290路(金沙洲(涛乐街)总站--金沙洲(涛乐街)总站),9,罗冲围客运站,BV10013779,罗冲围客运站2,BV11675544,罗冲围客运站②,141,
290路(金沙洲(涛乐街)总站--金沙洲(涛乐街)总站),10,富力半岛花园,BV09006431,富力半岛花园1,BV10461190,富力半岛花园①,32,
290路(金沙洲(涛乐街)总站--金沙洲(涛乐街)总站),11,和平新村,BV11687875,和平新村3,BV09010638,和平新村③,14,
290路(金沙洲(涛乐街)总站--金沙洲(涛乐街)总站),13,克山,BV11102072,克山2,BV09010643,克山②,287,
290路(金沙洲(涛乐街)总站--金沙洲(涛乐街)总站),17,克山,BV11102072,克山2,BV09010643,克山②,1,
290路(金沙洲(涛乐街)总站--金沙洲(涛乐街)总站),23,金沙洲路,BV11688450,金沙洲路2,BV11329134,金沙洲路②,180,
293路(华景新城总站--广卫路总站),19,人民日报广东分社,BV11688536,人民日报广东分社站2,BV09313214,人民日报广东分社②,12,
293路(华景新城总站--广卫路总站),20,天河,BV11462418,天河1,BV09348371,天河①,84,
293路(广卫路总站--华景新城总站),4,东风东路(陵园西路口),BV11278289,东风东路(陵园西路口)2,BV09230320,东风东路（陵园西路口）2,2,
297路(乐意居花园总站--黄沙总站),9,武警医院,BV11687881,武警医院2,BV09344864,武警医院②,50,
297路(乐意居花园总站--黄沙总站),14,濂泉路口,BV11688393,濂泉路口1,BV09318948,濂泉路口①,24,
297路(乐意居花园总站--黄沙总站),25,广医,BV11688391,广医2,BV09186856,广医②,14,
297路(乐意居花园总站--黄沙总站),32,市中医院2,BV09165635,市中医院站2,BV09385884,市中医院②,17,
297路(黄沙总站--乐意居花园总站),7,市少年宫,BV11688449,市少年宫1,BV09229322,市少年宫①,5,
297路(黄沙总站--乐意居花园总站),8,广医,BV11688391,广医3,BV11167722,广医③,145,
297路(黄沙总站--乐意居花园总站),10,广东大厦,BV10016774,广东大厦1,BV09205705,广东大厦①,19,
297路(黄沙总站--乐意居花园总站),14,小北花圈,BV10013929,小北花圈2,BV09316767,小北花圈②,9,
297路(黄沙总站--乐意居花园总站),15,小北,BV11688429,小北1,BV09226129,小北①,2,
297路(黄沙总站--乐意居花园总站),24,濂泉路口,BV11688393,濂泉路口1,BV09318948,濂泉路口①,247,
297路(黄沙总站--乐意居花园总站),28,武警医院,BV11687881,武警医院1,BV09260273,武警医院①,20,
298路(华景新城总站--夏茅总站),14,濂泉路口,BV11688393,濂泉路口1,BV09318948,濂泉路口①,24,
298路(华景新城总站--夏茅总站),17,白云山管理局,BV10013651,白云山管理局2,BV09329720,白云山管理局②,9,
298路(华景新城总站--夏茅总站),18,景泰坑,BV11088401,景泰坑2,BV09304041,景泰坑2,11,
298路(华景新城总站--夏茅总站),22,云城南,BV10013708,云城南1,BV09226082,云城南1,7,
298路(华景新城总站--夏茅总站),26,新市墟3,BV09161217,新市墟4,BV09404762,新市墟④,501,是
298路(夏茅总站--华景新城总站),4,联和,BV11687903,联和1,BV11637999,联和①,5,
298路(夏茅总站--华景新城总站),7,新市墟,BV11687839,新市墟1,BV09226083,新市墟①,373,是
298路(夏茅总站--华景新城总站),11,机场立交北,BV10523474,机场立交北1,BV09226089,机场立交北①,19,
298路(夏茅总站--华景新城总站),18,濂泉路口,BV11688393,濂泉路口2,BV09412828,濂泉路口②,438,是
298路(夏茅总站--华景新城总站),25,五山路口站,BV11062767,五山路口站1,BV09368726,五山路口①,10,
299路(员村总站--昌岗路总站),6,员村山顶,BV09006109,员村山顶2,BV09285359,员村山顶②,112,
299路(员村总站--昌岗路总站),9,石牌村,BV10018369,石牌村1,BV09256766,石牌村①,71,
299路(员村总站--昌岗路总站),11,人民日报广东分社,BV11688536,人民日报广东分社站2,BV09313214,人民日报广东分社2,12,
299路(员村总站--昌岗路总站),12,天河,BV11462418,天河2,BV09321905,天河②,99,
299路(员村总站--昌岗路总站),15,农林东,BV11688478,农林东2,BV09172267,农林东②,4,
299路(员村总站--昌岗路总站),21,基立下道,BV11688513,基立下道2,BV11621853,基立下道②,7,
299路(员村总站--昌岗路总站),24,信和广场(昌岗中路),BV10014647,信和广场(昌岗中路)2,BV09226101,信和广场（昌岗中路）②,3,
299路(昌岗路总站--员村总站),6,基立下道,BV11688513,基立下道1,BV11621851,基立下道1,10,
299路(昌岗路总站--员村总站),14,天河,BV11462418,天河2,BV09321905,天河②,43,
299路(昌岗路总站--员村总站),15,冼村,BV11086798,冼村3,BV09262063,冼村③,124,
299路(昌岗路总站--员村总站),17,国防大厦,BV11688471,国防大厦2,BV09178253,国防大厦②,306,是
29路(南边路总站--站南路总站),17,南村,BV11688567,南村1,BV09316713,南村1,4,
29路(南边路总站--站南路总站),19,地铁市二宫站,BV10388873,地铁市二宫站1,BV09232762,地铁市二宫站①,34,
29路(南边路总站--站南路总站),25,广医,BV11688391,广医3,BV11167722,广医③,4,
29路(南边路总站--站南路总站),26,东风西路,BV11687925,东风西路3,BV09230294,东风西路③,79,
29路(站南路总站--南边路总站),5,广医,BV11688391,广医2,BV09186856,广医②,26,
29路(站南路总站--南边路总站),7,解放中路,BV11688461,解放中路2,BV09226097,解放中路②,17,
2路(泮塘总站--锦城花园总站(东风东)),11,广医,BV11688391,广医3,BV11167722,广医③,145,
2路(泮塘总站--锦城花园总站(东风东)),15,东风东路(陵园西路口),BV11278289,东风东路(陵园西路口)2,BV09230320,东风东路（陵园西路口）②,2,
2路(锦城花园总站(东风东)--泮塘总站),14,东升医院,BV11688394,东升医院2,BV09295166,东升医院②,4,
301A路(广州南站总站--站前路总站),16,广州大道南(叠景路口)站,BV09181701,广州大道南(叠景路口)1,BV09183567,广州大道南（叠景路口）①,286,
301A路(广州南站总站--站前路总站),17,敦和,BV11687930,敦和2,BV09406264,敦和②,7,
301A路(广州南站总站--站前路总站),21,动物园南门,BV11688456,动物园南门2,BV09226115,动物园南门②,223,
301A路(站前路总站--广州南站总站),12,客村立交,BV11688553,客村立交1,BV09377600,客村立交①,481,是
301A路(站前路总站--广州南站总站),13,敦和,BV11687930,敦和3,BV09026856,敦和③,4,
301A路(站前路总站--广州南站总站),15,上涌,BV10014360,上涌2,BV09175488,上涌②,5,
302A路(雅居乐--广州火车东站总站),24,江海大道中,BV11687940,江海大道中1,BV09319409,江海大道中1,2,
302A路(雅居乐--广州火车东站总站),28,天寿路,BV11688551,天寿路2,BV09310406,天寿路②,2,
302A路(雅居乐--广州火车东站总站),30,林和中路,BV10017488,林和中路1,BV09310407,林和中路①,2,
303路(太古仓路总站--市桥汽车站总站),13,新滘西路口,BV09243519,新滘西路口2,BV09360317,新滘西路口②,291,
303路(太古仓路总站--市桥汽车站总站),14,金碧花园,BV09245151,金碧花园2,BV09413160,金碧花园②,2,
303路(市桥汽车站总站--太古仓路总站),24,金碧花园,BV09245151,金碧花园2,BV09413160,金碧花园②,210,
304路(棠德花苑总站--长隆旅游度假区总站),11,海港花园,BV10569365,海港花园2,BV09269675,海港花园②,6,
305路(广州碧桂园总站--罗冲围总站(松南路)),12,广州大道南(叠景路口),BV09181701,广州大道南(叠景路口)1,BV09183567,广州大道南（叠景路口）①,286,
305路(广州碧桂园总站--罗冲围总站(松南路)),13,敦和站,BV11687930,敦和2,BV09406264,敦和②,7,
305路(广州碧桂园总站--罗冲围总站(松南路)),27,罗冲围客运站,BV10013779,罗冲围客运站2,BV11675544,罗冲围客运站②,12,
305路(罗冲围总站(松南路)--广州碧桂园总站),4,和平新村1,BV09238795,和平新村2,BV09238796,和平新村②,188,
305路(罗冲围总站(松南路)--广州碧桂园总站),5,广医,BV11688391,广医3,BV11167722,广医③,145,
305路(罗冲围总站(松南路)--广州碧桂园总站),8,东风东路(陵园西路口),BV11278289,东风东路(陵园西路口)2,BV09230320,东风东路（陵园西路口）②,2,
305路(罗冲围总站(松南路)--广州碧桂园总站),16,客村立交,BV11688553,客村立交1,BV09377600,客村立交①,481,是
305路(罗冲围总站(松南路)--广州碧桂园总站),17,敦和,BV11687930,敦和3,BV09026856,敦和③,4,
309路(大石地铁站总站--滘口客运站总站),9,金碧花园,BV09245151,金碧花园1,BV09407139,金碧花园①,58,
309路(滘口客运站总站--大石地铁站总站),14,新滘西路口站,BV09243519,新滘西路口2,BV09360317,新滘西路口②,291,
309路(滘口客运站总站--大石地铁站总站),15,金碧花园,BV09245151,金碧花园2,BV09413160,金碧花园②,2,
309路(滘口客运站总站--大石地铁站总站),17,海珠客运站,BV10015271,海珠客运站2,BV11196681,海珠客运站②,91,
30路(东山广场总站--龙洞总站),3,动物园南门,BV11688456,动物园南门2,BV09226115,动物园南门②,236,
30路(东山广场总站--龙洞总站),6,广州体院站,BV09375062,广州体院2,BV09271785,广州体院②,40,
30路(东山广场总站--龙洞总站),11,武警医院,BV11687881,武警医院1,BV09260273,武警医院1,100,
30路(东山广场总站--龙洞总站),13,天河客运站,BV10014277,天河客运站1,BV09086211,天河客运站①,399,是
30路(龙洞总站--东山广场总站),18,天河客运站,BV10014277,天河客运站1,BV09086211,天河客运站①,399,是
30路(龙洞总站--东山广场总站),20,武警医院,BV11687881,武警医院1,BV09260273,武警医院1,100,
30路(龙洞总站--东山广场总站),25,广州体院,BV09375062,广州体院2,BV09271785,广州体院②,40,
30路(龙洞总站--东山广场总站),28,动物园南门,BV11688456,动物园南门2,BV09226115,动物园南门②,236,
311路(天河公交场总站--南浦岛总站),3,江海大道中站,BV11687940,江海大道中2,BV09316963,江海大道中2,8,
312路(滘口汽车站总站--祈福新邨总站),7,芳村,BV11688439,芳村1,BV09177348,芳村①,1,
31路(南石西(地铁棣园站)总站--解放北路总站(应元路口)),15,革新路口,BV09006413,革新路口1,BV09314790,革新路口1,20,
31路(南石西(地铁棣园站)总站--解放北路总站(应元路口)),17,南方大厦站1,BV09192173,南方大厦1,BV09169831,南方大厦1,10,
31路(南石西(地铁棣园站)总站--解放北路总站(应元路口)),24,广医站,BV11688391,广医2,BV09186856,广医②,15,
324路(联和总站(惠联路)--黄埔体育中心总站),29,碧山村,BV09005647,碧山村1,BV09072664,碧山村①,20,
324路(黄埔体育中心总站--联和总站(惠联路)),6,碧山村站1,BV11621196,碧山村1,BV09072664,碧山村①,20,
327A路(永和贤江公交总站--科城山庄总站),10,新丰路口站,BV11688330,新丰路口2,BV09209215,新丰路口②,230,
327A路(科城山庄总站--永和贤江公交总站),22,新丰路口站,BV11688330,新丰路口2,BV09209215,新丰路口②,230,
330A路(华峰路口总站--长贝二路(恒兆广场)总站),6,新丰路口站,BV11688330,新丰路口2,BV09209215,新丰路口②,230,
330A路(长贝二路(恒兆广场)总站--华峰路口总站),16,新丰路口站,BV11688330,新丰路口2,BV09209215,新丰路口②,5,
330路(永和总站--科城山庄总站),5,新丰路口站,BV11688330,新丰路口2,BV09209215,新丰路口②,230,
330路(科城山庄总站--永和总站),19,新丰路口站,BV11688330,新丰路口1,BV09235566,新丰路口1,1,
339路(地铁鱼珠站总站--萝岗香雪总站),7,碧山村站1,BV11621196,碧山村1,BV09072664,碧山村①,20,
340路(云埔一路总站--南岗总站),31,丹水坑2,BV09227576,丹水坑站2,BV09192168,丹水坑②,58,
34路(云霄街总站--芳信路总站),13,梓元岗站,BV09364515,梓元岗3,BV09373815,梓元岗③,2,
34路(云霄街总站--芳信路总站),14,桂花岗,BV10016229,桂花岗1,BV11477575,桂花岗①,19,
34路(云霄街总站--芳信路总站),15,克山,BV11102072,克山2,BV09010643,克山②,1,
34路(云霄街总站--芳信路总站),20,桥中1,BV11163379,桥中站1,BV09376898,桥中①,5,
34路(芳信路总站--云霄街总站),4,芳村大道西,BV11688499,芳村大道西1,BV09304064,芳村大道西①,7,
34路(芳信路总站--云霄街总站),10,克山,BV11102072,克山2,BV09010643,克山②,287,
34路(芳信路总站--云霄街总站),13,梓元岗站,BV09364515,梓元岗1,BV09368674,梓元岗①,25,
355路(黄埔体育中心总站--天河智慧城核心区总站(高唐)),9,上堂,BV11690379,上堂1,BV09169832,上堂①,9,
35路(大学城科学中心总站--文德路总站),22,海珠客运站,BV10015271,海珠客运站2,BV11196681,海珠客运站②,9,
35路(大学城科学中心总站--文德路总站),31,大沙头游船码头,BV11688483,大沙头游船码头1,BV09278983,大沙头游船码头①,5,
35路(文德路总站--大学城科学中心总站),2,文明路站,BV09376614,文明路2,BV09398681,文明路2,98,
35路(文德路总站--大学城科学中心总站),4,越秀南路,BV11687913,越秀南路2,BV09319720,越秀南路②,140,
366路(水西路--荔湖城总站),14,地铁香雪站,BV10845329,地铁香雪站2,BV09192170,地铁香雪站②,3,
36路(珠江泳场总站--黄石路总站),5,越秀南路,BV11687913,越秀南路2,BV09319720,越秀南路②,2,
36路(珠江泳场总站--黄石路总站),30,黄石路,BV11688426,黄石路2,BV09408943,黄石路②,115,
36路(黄石路总站--珠江泳场总站),21,小北花圈,BV10013929,小北花圈2,BV09316767,小北花圈②,192,
36路(黄石路总站--珠江泳场总站),26,越秀南路,BV11687913,越秀南路2,BV09319720,越秀南路②,140,
371路(科学城彩频路总站--创盈路西总站),16,地铁香雪站,BV10845329,地铁香雪站2,BV09192170,地铁香雪站②,6,
37路(东山口总站--赤沙总站),11,江海大道中,BV11687940,江海大道中2,BV09316963,江海大道中②,2,
37路(赤沙总站--东山口总站),7,江海大道中,BV11365453,江海大道中2,BV09316963,江海大道中②,18,
38路(文化公园总站--时代玫瑰园总站),4,大新路口,BV11688396,大新路口1,BV09340762,大新路口①,171,
38路(文化公园总站--时代玫瑰园总站),10,广医,BV11688391,广医3,BV11167722,广医③,4,
38路(文化公园总站--时代玫瑰园总站),16,梓元岗,BV09364515,梓元岗1,BV09368674,梓元岗①,25,
38路(文化公园总站--时代玫瑰园总站),24,黄石东路口,BV09005986,黄石东路口1,BV11167648,黄石东路口①,47,
38路(文化公园总站--时代玫瑰园总站),25,陈田村,BV11688417,陈田村1,BV09163011,陈田村①,12,
38路(时代玫瑰园总站--文化公园总站),5,元下田,BV11687852,元下田2,BV09161363,元下田②,204,
38路(时代玫瑰园总站--文化公园总站),7,黄石东路口,BV09005986,黄石东路口1,BV11167648,黄石东路口①,9,
38路(时代玫瑰园总站--文化公园总站),18,梓元岗站,BV09364515,梓元岗3,BV09373815,梓元岗③,2,
38路(时代玫瑰园总站--文化公园总站),19,桂花岗,BV10016229,桂花岗1,BV11477575,桂花岗①,18,
38路(时代玫瑰园总站--文化公园总站),29,大新路口,BV11688396,大新路口1,BV09340762,大新路口①,6,
391路(联和总站(惠联路)--中海誉城总站),21,地铁萝岗站,BV10845332,地铁萝岗站1,BV09192166,地铁萝岗站①,69,
39路(天河公交场总站--龙洞总站),2,体育中心东门,BV11678026,体育中心东门2,BV09219091,体育中心东门②,2,
39路(龙洞总站--天河公交场总站),17,天河客运站,BV10014277,天河客运站1,BV09086211,天河客运站①,399,是
3路(东山总站(龟岗)--如意坊总站),11,东升医院,BV11688394,东升医院2,BV09295166,东升医院②,0,
3路(如意坊总站--东山龟岗(中共三大会址)总站),12,文明路,BV09376614,文明路2,BV09398681,文明路2,98,
409路(鳌鱼岗总站--鳌鱼岗总站),2,武警医院站,BV11687881,武警医院2,BV09344864,武警医院②,34,
40路(东山(署前路)总站--广医附属中医院总站),25,车陂南,BV10014565,车陂南1,BV09291511,车陂南①,17,
410路(鹤洞总站--地铁菊树站),3,鹤洞路西站,BV09001134,鹤洞路西1,BV09199072,鹤洞路西①,19,
413路(中山八路总站--中山八路总站),9,中山八路,BV11688465,中山八路1,BV09213747,中山八路①,225,
413路(中山八路总站--中山八路总站),12,荔湾路,BV09374429,荔湾路1,BV09233339,荔湾路①,13,
413路(中山八路总站--中山八路总站),15,荔湾路,BV09374429,荔湾路2,BV09162065,荔湾路②,0,
416路(坦尾总站--坦尾总站),18,桥中,BV09003001,桥中1,BV11163379,桥中①,12,
421路(广州白云站公交总站--广州白云站公交总站),27,新市墟3,BV09161217,新市墟2,BV09226067,新市墟②,59,
425路(百顺北路总站--石井总站),9,联和1,BV11637999,联和2,BV09226063,联和②,124,
425路(百顺北路总站--石井总站),11,小坪,BV11688428,小坪2,BV09209209,小坪②,249,
425路(石井总站--百顺北路总站),15,马务,BV11688360,马务2,BV09226099,马务②,8,
427路(园夏村总站--龙归城总站),8,鹤龙四路(龙兴西路口)站,BV09196447,鹤龙四路(龙兴西路口)1,BV09228303,鹤龙四路（龙兴西路口）①,23,
427路(龙归城总站--园夏村总站),7,鹤龙四路(龙兴西路口),BV09196447,鹤龙四路(龙兴西路口)1,BV09228303,鹤龙四路（龙兴西路口）①,23,
446路(永和总站--长平村总站),13,新丰路口,BV11688330,新丰路口2,BV09209215,新丰路口②,230,
446路(长平村总站--永和总站),14,新丰路口,BV11688330,新丰路口1,BV09235566,新丰路口1,1,
44路(车陂总站--珠江医院总站),24,海印桥南,BV11688474,海印桥南2,BV09413050,海印桥南②,17,
460A路(大元帅府总站--大元帅府总站),6,海印桥南站,BV11688474,海印桥南2,BV09413050,海印桥南②,9,
460A路(大元帅府总站--大元帅府总站),7,海印桥南,BV11688474,海印桥南2,BV09413050,海印桥南②,470,是
468路(土华总站--海琴湾总站(下渡路)),21,江海大道中,BV11687940,江海大道中2,BV09316963,江海大道中2,18,
468路(海琴湾总站(下渡路)--土华总站),8,赤岗路口,BV09005990,赤岗路口2,BV09317596,赤岗路口2,346,是
468路(海琴湾总站(下渡路)--土华总站),9,江海大道中,BV11687940,江海大道中1,BV09319409,江海大道中1,289,
46路(中科院化学所总站--罗冲围总站(松南路)),11,武警医院,BV11687881,武警医院2,BV09344864,武警医院②,50,
46路(中科院化学所总站--罗冲围总站(松南路)),15,沙河,BV09375063,沙河2,BV09263630,沙河②,15,
46路(中科院化学所总站--罗冲围总站(松南路)),16,濂泉路口,BV11688393,濂泉路口1,BV09318948,濂泉路口①,24,
46路(中科院化学所总站--罗冲围总站(松南路)),19,云台花园2,BV09364271,云台花园1,BV09373903,云台花园①,12,
46路(中科院化学所总站--罗冲围总站(松南路)),20,白云山管理局,BV10013651,白云山管理局2,BV09329720,白云山管理局②,9,
46路(中科院化学所总站--罗冲围总站(松南路)),29,克山,BV11102072,克山2,BV09010643,克山②,1,
46路(中科院化学所总站--罗冲围总站(松南路)),34,罗冲围客运站,BV10013779,罗冲围客运站2,BV11675544,罗冲围客运站②,12,
46路(罗冲围总站(松南路)--中科院化学所总站),4,和平新村,BV11687875,和平新村3,BV09010638,和平新村③,14,
46路(罗冲围总站(松南路)--中科院化学所总站),6,克山,BV11102072,克山1,BV09377937,克山①,94,
46路(罗冲围总站(松南路)--中科院化学所总站),9,瑶台,BV11472522,瑶台1,BV09246642,瑶台①,471,是
46路(罗冲围总站(松南路)--中科院化学所总站),17,云台花园,BV11371562,云台花园3,BV09364566,云台花园③,9,
46路(罗冲围总站(松南路)--中科院化学所总站),19,濂泉路口,BV11688393,濂泉路口1,BV09318948,濂泉路口①,247,
46路(罗冲围总站(松南路)--中科院化学所总站),20,豪景花园,BV10326995,豪景花园2,BV09314787,豪景花园②,15,
46路(罗冲围总站(松南路)--中科院化学所总站),23,武警医院,BV11687881,武警医院1,BV09260273,武警医院①,20,
475路(单环线)(岗贝路总站--岗贝路总站),5,远景路,BV11688397,远景路1,BV09168358,远景路①,1,
475路(单环线)(岗贝路总站--岗贝路总站),19,棠下(三元里大道),BV11687942,棠下(三元里大道)2,BV09169835,棠下（三元里大道）②,2,
475路(单环线)(岗贝路总站--岗贝路总站),20,三元里大道中,BV11687945,三元里大道中2,BV09164965,三元里大道中②,136,
482路(动物园总站(先烈中路)--动物园总站(先烈中路)),11,广东电视台,BV11009136,广东电视台2,BV09394368,广东电视台2,9,
486路(机务段总站--机务段总站),5,西湾路,BV09000494,西湾路2,BV09356487,西湾路②,86,
486路(机务段总站--机务段总站),7,和平新村,BV11687875,和平新村2,BV09238796,和平新村②,188,
486路(机务段总站--机务段总站),10,西湾路3,BV09313510,西湾路2,BV09356487,西湾路②,20,
487路(白鹤沙总站--凤凰岗总站),8,花地大道,BV09001039,花地大道站1,BV09304066,花地大道①,2,
488路(逸景西路总站--逸景西路总站),4,广州大道南(叠景路口)站,BV09181701,广州大道南(叠景路口)2,BV09184938,广州大道南（叠景路口）②,31,
488路(逸景西路总站--逸景西路总站),5,敦和,BV11687930,敦和3,BV09026856,敦和③,128,
497路(东圃总站--渔沙坦总站(渔东路)),9,科学城路口1,BV09081247,科学城路口站1,BV09343742,科学城路口①,1,
497路(渔沙坦(渔东路)总站--东圃总站),21,科学大道口,BV11687887,科学大道口2,BV09212867,科学大道口②,58,
4路(富力桃园总站(增埗村)--白云路总站),11,大新路口,BV11688396,大新路口1,BV09340762,大新路口①,6,
4路(白云路总站--富力桃园(增埗村)总站),8,人民南路,BV11688400,人民南路1,BV09319719,人民南路①,66,
502路(天健创意园总站--白云路总站),13,豪景花园,BV10326995,豪景花园2,BV09314787,豪景花园②,76,
502路(天健创意园总站--白云路总站),14,广州大道中,BV10014367,广州大道中2,BV09230306,广州大道中②,4,
502路(天健创意园总站--白云路总站),19,农林东,BV11688478,农林东2,BV09172267,农林东②,4,
502路(天健创意园总站--白云路总站),21,白云路总站,BV10016236,白云路1,BV09376615,白云路总站①,152,
502路(白云路总站--天健创意园总站),1,白云路总站,BV10016236,白云路1,BV09376615,白云路总站①,152,
502路(白云路总站--天健创意园总站),4,杨箕村,BV11688472,杨箕村2,BV09312331,杨箕村②,79,
502路(白云路总站--天健创意园总站),7,广州大道中,BV10014367,广州大道中1,BV09382002,广州大道中①,7,
504路(员村一横路总站--太和总站(沙亭岗村)),11,广州体院,BV09375062,广州体院1,BV09411494,广州体院①,127,
504路(员村一横路总站--太和总站(沙亭岗村)),13,豪景花园,BV10326995,豪景花园1,BV09097374,豪景花园①,21,
504路(员村一横路总站--太和总站(沙亭岗村)),22,同和2,BV09209226,同和站2,BV09396961,同和②,5,
504路(太和总站(沙亭岗村)--员村一横路总站),26,同和,BV11688408,同和2,BV09209226,同和②,2,
504路(太和总站(沙亭岗村)--员村一横路总站),36,豪景花园,BV10326995,豪景花园2,BV09314787,豪景花园②,76,
504路(太和总站(沙亭岗村)--员村一横路总站),38,广州体院,BV09375062,广州体院1,BV09411494,广州体院①,3,
508路(家和天曜总站--广州火车东站总站),17,广州体院站,BV09375062,广州体院1,BV09411494,广州体院①,3,
508路(广州火车东站总站--家和天曜总站),4,广州体院站,BV09375062,广州体院1,BV09411494,广州体院①,127,
509路(嘉禾望岗总站--江高南岗村总站),10,清湖村口2,BV09165291,清湖村口1,BV09226087,清湖村口①,8,
510路(和瑞路总站--广州白云站公交总站),28,嘉禾,BV10014476,嘉禾2,BV09226080,嘉禾2,233,
510路(和瑞路总站--广州白云站公交总站),33,联和,BV11687903,联和1,BV11637999,联和①,5,
510路(广州白云站公交总站--和瑞路总站),5,新市墟3,BV09161217,新市墟4,BV09404762,新市墟④,501,是
510路(广州白云站公交总站--和瑞路总站),20,鹤龙四路(龙兴西路口)2,BV09226081,鹤龙四路(龙兴西路口)1,BV09228303,鹤龙四路（龙兴西路口）①,282,
510路(广州白云站公交总站--和瑞路总站),32,人和墟,BV11689355,人和墟2,BV09212864,人和墟②,5,
517路(天河公交场总站--石化路总站),2,天河南站,BV10017705,天河南2,BV10405865,天河南②,5,
517路(天河公交场总站--石化路总站),6,国防大厦,BV11688471,国防大厦2,BV09178253,国防大厦②,306,是
517路(天河公交场总站--石化路总站),14,车陂南站,BV10014565,车陂南1,BV09291511,车陂南①,17,
517路(石化路总站--天河公交场总站),20,员村四横路口,BV11688540,员村四横路口2,BV09302573,员村四横路口②,157,
517路(石化路总站--天河公交场总站),21,程界村,BV11688554,程界村1,BV09413159,程界村①,2,
517路(石化路总站--天河公交场总站),23,华侨医院(潭村),BV10539406,华侨医院(潭村)1,BV09232892,华侨医院（潭村）①,1,
517路(石化路总站--天河公交场总站),25,石牌村,BV10018369,石牌村1,BV09256766,石牌村①,71,
517路(石化路总站--天河公交场总站),26,冼村,BV11086798,冼村2,BV09323877,冼村②,152,
518路(棠德花苑总站--站前路总站),10,程界村,BV11688554,程界村1,BV09413159,程界村①,2,
518路(棠德花苑总站--站前路总站),13,石牌村站,BV10018369,石牌村4,BV09387753,石牌村④,6,
518路(棠德花苑总站--站前路总站),15,天河站,BV11462418,天河1,BV09348371,天河①,84,
518路(棠德花苑总站--站前路总站),23,广医,BV11688391,广医3,BV11167722,广医③,4,
518路(站前路(西郊大厦)总站--棠德花苑总站),8,东风西路,BV11687925,东风西路1,BV09209214,东风西路①,2,
518路(站前路(西郊大厦)总站--棠德花苑总站),10,广医,BV11688391,广医3,BV11167722,广医③,145,
518路(站前路(西郊大厦)总站--棠德花苑总站),14,东风东路(陵园西路口),BV11278289,东风东路(陵园西路口)2,BV09230320,东风东路（陵园西路口）2,2,
518路(站前路(西郊大厦)总站--棠德花苑总站),20,冼村,BV11086798,冼村2,BV09323877,冼村②,13,
518路(站前路(西郊大厦)总站--棠德花苑总站),21,石牌村,BV10018369,石牌村1,BV09256766,石牌村①,16,
518路(站前路(西郊大厦)总站--棠德花苑总站),22,国防大厦1,BV09317153,国防大厦2,BV09178253,国防大厦②,306,是
519路(白云路总站--石井总站(红星村)),9,迎宾馆,BV11091393,迎宾馆2,BV11596048,迎宾馆2,6,
519路(白云路总站--石井总站(红星村)),16,三元里大道中,BV11687945,三元里大道中3,BV09341551,三元里大道中③,8,
519路(白云路总站--石井总站(红星村)),19,新市墟,BV11687839,新市墟3,BV09161217,新市墟③,200,
519路(白云路总站--石井总站(红星村)),22,小坪,BV11688428,小坪2,BV09209209,小坪②,249,
519路(石井总站--白云路总站),5,小坪,BV11688428,小坪2,BV09209209,小坪②,2,
519路(石井总站--白云路总站),6,马务,BV11688360,马务2,BV09226099,马务②,8,
519路(石井总站--白云路总站),8,新市墟,BV11687839,新市墟3,BV09161217,新市墟③,75,
519路(石井总站--白云路总站),12,棠下(三元里大道),BV11687942,棠下(三元里大道)2,BV09169835,棠下（三元里大道）②,385,是
51路(万博中心总站--天平架总站),16,敦和,BV11687930,敦和2,BV09406264,敦和②,7,
51路(万博中心总站--天平架总站),21,广州体院,BV09375062,广州体院2,BV09271785,广州体院②,23,
51路(万博中心总站--天平架总站),22,广州大道中,BV10014367,广州大道中1,BV09382002,广州大道中①,7,
51路(天平架总站--万博中心总站),2,豪景花园,BV10326995,豪景花园1,BV09097374,豪景花园①,180,
51路(天平架总站--万博中心总站),3,广州大道中,BV10014367,广州大道中1,BV09382002,广州大道中①,237,
51路(天平架总站--万博中心总站),4,广州体院,BV09375062,广州体院2,BV09271785,广州体院②,40,
51路(天平架总站--万博中心总站),8,客村立交,BV11688553,客村立交1,BV09377600,客村立交①,481,是
51路(天平架总站--万博中心总站),10,广州大道南(叠景路口)2,BV09184938,广州大道南(叠景路口)3,BV09238939,广州大道南（叠景路口）③,93,
521路(凰岗总站--石溪总站),15,东风西路,BV11687925,东风西路站2,BV09374493,东风西路②,40,
521路(石溪总站--凰岗总站),13,和平新村2,BV09238796,和平新村1,BV09238795,和平新村①,21,
521路(石溪总站--凰岗总站),14,富力半岛花园,BV09006431,富力半岛花园1,BV10461190,富力半岛花园①,32,
522路(神山总站--白云文化广场总站),23,平沙,BV11688453,平沙1,BV09226062,平沙①,2,
522路(神山总站--白云文化广场总站),33,新市墟3,BV09161217,新市墟2,BV09226067,新市墟②,59,
523A路(大朗总站--广州火车站(草暖公园)总站),13,联和,BV11687903,联和1,BV11637999,联和①,27,
523A路(大朗总站--广州火车站(草暖公园)总站),15,新市墟,BV11687839,新市墟2,BV09226067,新市墟②,10,
523A路(广州火车站总站--大朗总站),8,新市墟,BV11687839,新市墟2,BV09226067,新市墟②,10,
523A路(广州火车站总站--大朗总站),10,联和,BV11687903,联和1,BV11637999,联和①,27,
523路快线(江高小塘总站--广州火车站(草暖公园)总站),6,平沙,BV11688453,平沙1,BV09226062,平沙①,2,
524路(广州火车站总站--黄石路总站),3,克山,BV11102072,克山1,BV09377937,克山①,90,
524路(广州火车站总站--黄石路总站),4,西湾路3,BV09313510,西湾路2,BV09356487,西湾路②,20,
524路(广州火车站总站--黄石路总站),6,西湾路,BV09000495,西湾路2,BV09356487,西湾路②,20,
524路(广州火车站总站--黄石路总站),21,小坪,BV11688428,小坪2,BV09209209,小坪②,2,
524路(广州火车站总站--黄石路总站),22,马务,BV11688360,马务2,BV09226099,马务②,8,
524路(黄石路总站--广州火车站总站),18,西湾路,BV09000495,西湾路1,BV09269673,西湾路①,1,
524路(黄石路总站--广州火车站总站),20,西湾路,BV09000494,西湾路1,BV09269673,西湾路①,1,
524路(黄石路总站--广州火车站总站),21,克山,BV11102072,克山2,BV09010643,克山②,287,
525路(海中村总站--芳村葵蓬总站),9,西塱站,BV11687844,西塱1,BV09178250,西塱①,156,
525路(海中村总站--芳村葵蓬总站),14,花地大道站,BV09001039,花地大道站1,BV09304066,花地大道①,2,
525路(芳村葵蓬总站--海中村总站),8,花地大道,BV09001039,花地大道站1,BV09304066,花地大道①,2,
525路(芳村葵蓬总站--海中村总站),12,西塱2,BV09177350,西塱1,BV09178250,西塱①,156,
527路(广州白云站公交总站--石溪总站),9,横滘,BV09000553,横滘1,BV09307684,横滘①,12,
527路(广州白云站公交总站--石溪总站),19,富力半岛花园,BV09006431,富力半岛花园1,BV10461190,富力半岛花园①,32,
527路(广州白云站公交总站--石溪总站),25,中山六路,BV09317509,中山六路站2,BV09087077,中山六路②,1,
527路(广州白云站公交总站--石溪总站),27,解放南路,BV11688454,解放南路2,BV09226091,解放南路②,8,
527路(石溪总站--广州白云站公交总站),14,解放中路,BV11688461,解放中路2,BV09226097,解放中路②,19,
527路(石溪总站--广州白云站公交总站),20,富力半岛花园,BV09006431,富力半岛花园1,BV10461190,富力半岛花园①,23,
527路(石溪总站--广州白云站公交总站),21,罗冲围客运站,BV10013779,罗冲围客运站2,BV11675544,罗冲围客运站②,17,
528路(广卫路总站--长红村总站(长湴街口)),3,迎宾馆,BV11091393,迎宾馆2,BV11596048,迎宾馆2,9,
528路(广卫路总站--长红村总站(长湴街口)),9,棠下(三元里大道),BV11687942,棠下(三元里大道)1,BV09172231,棠下（三元里大道）①,87,
528路(广卫路总站--长红村总站(长湴街口)),10,三元里大道中,BV11687945,三元里大道中3,BV09341551,三元里大道中③,8,
528路(广卫路总站--长红村总站(长湴街口)),13,新市墟3,BV09161217,新市墟4,BV09404762,新市墟④,501,是
528路(广卫路总站--长红村总站(长湴街口)),20,嘉禾,BV10014476,嘉禾2,BV09226080,嘉禾2,12,
528路(广卫路总站--长红村总站(长湴街口)),21,市交校,BV10014469,市交校1,BV09226088,市交校①,12,
528路(长红村总站(长湴街口)--广卫路总站),16,新市墟,BV11687839,新市墟3,BV09161217,新市墟③,75,
528路(长红村总站(长湴街口)--广卫路总站),20,三元里大道中,BV11687945,三元里大道中2,BV09164965,三元里大道中②,8,
528路(长红村总站(长湴街口)--广卫路总站),21,棠下(三元里大道),BV11687942,棠下(三元里大道)2,BV09169835,棠下（三元里大道）②,385,是
528路(长红村总站(长湴街口)--广卫路总站),27,盘福路,BV11091396,盘福路1,BV09227578,盘福路①,1,
529路(地铁飞翔公园站总站--太和总站),7,黄石东路口,BV09005986,黄石东路口1,BV11167648,黄石东路口①,47,
529路(太和总站--地铁飞翔公园站总站),1,太和总站,BV10019029,太和总站1,BV09173927,太和总站①,1,
529路(太和总站--地铁飞翔公园站总站),20,黄石东路口,BV09005986,黄石东路口1,BV11167648,黄石东路口①,9,
52路(南漖(立白科技园)总站--广州火车站总站),14,芳村,BV11688439,芳村1,BV09177348,芳村①,1,
52路(南漖(立白科技园)总站--广州火车站总站),19,芳村大道西,BV11688499,芳村大道西1,BV09304064,芳村大道西①,7,
52路(南漖(立白科技园)总站--广州火车站总站),22,荔湾路,BV09374429,荔湾路2,BV09162065,荔湾路②,0,
52路(广州火车站总站--南漖(立白科技园)总站),6,彩虹桥,BV09001152,彩虹桥2,BV09162064,彩虹桥②,2,
52路(广州火车站总站--南漖(立白科技园)总站),7,荔湾路口,BV10016144,荔湾路口1,BV09271782,荔湾路口①,11,
52路(广州火车站总站--南漖(立白科技园)总站),9,桥中1,BV11163379,桥中站1,BV09376898,桥中①,5,
530路(沙涌南(凤翔公园)总站--石岗路(绿地滨江汇)总站),12,荔湾路,BV09374429,荔湾路2,BV09162065,荔湾路②,91,
530路(石岗路(绿地滨江汇)总站--沙涌南总站),13,海珠区妇幼,BV10016125,海珠区妇幼1,BV09226104,海珠区妇幼①,16,
530路(石岗路(绿地滨江汇)总站--沙涌南总站),23,荔湾路,BV09374429,荔湾路2,BV09162065,荔湾路②,0,
538路(文化公园总站--汇侨新城总站),2,六二三路,BV11688352,六二三路2,BV09355408,六二三路②,106,
538路(文化公园总站--汇侨新城总站),3,市中医院2,BV09165635,市中医院站2,BV09385884,市中医院②,18,
538路(文化公园总站--汇侨新城总站),11,克山,BV11102072,克山1,BV09377937,克山①,94,
538路(文化公园总站--汇侨新城总站),14,瑶台,BV11472522,瑶台2,BV09226113,瑶台②,47,
538路(文化公园总站--汇侨新城总站),18,三元里大道中,BV11687945,三元里大道中3,BV09341551,三元里大道中③,8,
538路(文化公园总站--汇侨新城总站),21,新市墟,BV11687839,新市墟1,BV09226083,新市墟①,1,
538路(汇侨新城总站--文化公园总站),3,新市墟3,BV09161217,新市墟1,BV09226083,新市墟①,1,
538路(汇侨新城总站--文化公园总站),6,三元里大道中,BV11687945,三元里大道中3,BV09341551,三元里大道中③,8,
538路(汇侨新城总站--文化公园总站),7,棠下(三元里大道)1,BV09172231,棠下(三元里大道)2,BV09169835,棠下（三元里大道）②,2,
538路(汇侨新城总站--文化公园总站),10,瑶台,BV11472522,瑶台2,BV09226113,瑶台②,47,
538路(汇侨新城总站--文化公园总站),13,克山,BV11102072,克山1,BV09377937,克山①,94,
538路(汇侨新城总站--文化公园总站),22,六二三路,BV11688352,六二三路2,BV09355408,六二三路②,106,
539路(永泰集贤路总站--同德围总站),17,小坪,BV11688428,小坪1,BV09226064,小坪①,1,
53路(宝岗大道总站--杨桃公园总站),5,华海大厦,BV10015713,华海大厦1,BV09317631,华海大厦①,15,
53路(宝岗大道总站--杨桃公园总站),8,省荣军医院(荣校),BV09335698,省荣军医院(荣校)2,BV09091929,省荣军医院（荣校）②,274,
53路(宝岗大道总站--杨桃公园总站),12,客村立交,BV11688553,客村立交2,BV09377599,客村立交2,51,
53路(宝岗大道总站--杨桃公园总站),15,天河,BV11462418,天河2,BV09321905,天河②,43,
53路(宝岗大道总站--杨桃公园总站),16,冼村,BV11086798,冼村2,BV09323877,冼村②,80,
53路(宝岗大道总站--杨桃公园总站),18,国防大厦,BV11688471,国防大厦2,BV09178253,国防大厦②,306,是
53路(宝岗大道总站--杨桃公园总站),26,车陂南,BV10014565,车陂南1,BV09291511,车陂南①,17,
53路(杨桃公园总站--宝岗大道总站),11,程界村,BV11688554,程界村1,BV09413159,程界村①,2,
53路(杨桃公园总站--宝岗大道总站),12,员村山顶,BV09006109,员村山顶3,BV09285360,员村山顶③,174,
53路(杨桃公园总站--宝岗大道总站),18,天河,BV11462418,天河2,BV09321905,天河②,99,
53路(杨桃公园总站--宝岗大道总站),22,鹭江,BV11687958,鹭江1,BV09160624,鹭江①,141,
53路(杨桃公园总站--宝岗大道总站),23,康乐村,BV11688348,康乐村1,BV09184531,康乐村①,1,
53路(杨桃公园总站--宝岗大道总站),24,中山大学,BV11687965,中山大学1,BV09193343,中山大学①,34,
540路(员村一横路总站--黄石路总站),6,员村山顶,BV09006109,员村山顶2,BV09285359,员村山顶②,117,
540路(员村一横路总站--黄石路总站),7,华侨医院(潭村),BV10539406,华侨医院(潭村)1,BV09232892,华侨医院（潭村）①,1,
540路(员村一横路总站--黄石路总站),10,冼村,BV11086798,冼村3,BV09262063,冼村③,36,
540路(员村一横路总站--黄石路总站),14,时代广场,BV11481123,时代广场2,BV09309831,时代广场2,4,
540路(员村一横路总站--黄石路总站),15,广州体院站,BV09375062,广州体院1,BV09411494,广州体院①,127,
540路(员村一横路总站--黄石路总站),19,濂泉路口,BV11688393,濂泉路口2,BV09412828,濂泉路口②,4,
540路(员村一横路总站--黄石路总站),22,白云山管理局,BV10013651,白云山管理局2,BV09329720,白云山管理局②,9,
540路(员村一横路总站--黄石路总站),23,景泰坑,BV11088401,景泰坑2,BV09304041,景泰坑2,11,
540路(员村一横路总站--黄石路总站),31,三元里大道中,BV11687945,三元里大道中3,BV09341551,三元里大道中③,8,
540路(员村一横路总站--黄石路总站),34,新市墟,BV11687839,新市墟4,BV09404762,新市墟④,501,是
540路(黄石路总站--员村一横路总站),3,新市墟,BV11687839,新市墟2,BV09226067,新市墟②,59,
540路(黄石路总站--员村一横路总站),7,三元里大道中,BV11687945,三元里大道中2,BV09164965,三元里大道中②,8,
540路(黄石路总站--员村一横路总站),8,棠下(三元里大道),BV11687942,棠下(三元里大道)2,BV09169835,棠下（三元里大道）②,385,是
540路(黄石路总站--员村一横路总站),17,云台花园,BV11371562,云台花园2,BV09364271,云台花园②,50,
540路(黄石路总站--员村一横路总站),19,濂泉路口,BV11688393,濂泉路口2,BV09412828,濂泉路口②,420,是
540路(黄石路总站--员村一横路总站),21,广州大道中,BV10014367,广州大道中2,BV09230306,广州大道中②,4,
540路(黄石路总站--员村一横路总站),22,广州体院站,BV09375062,广州体院2,BV09271785,广州体院②,40,
540路(黄石路总站--员村一横路总站),32,员村山顶,BV09006109,员村山顶3,BV09285360,员村山顶③,3,
541路(恒宝广场总站--汇景新城东总站),11,文明路,BV09376614,文明路2,BV09398681,文明路②,98,
541路(恒宝广场总站--汇景新城东总站),13,越秀南路站,BV11687913,越秀南路2,BV09319720,越秀南路②,140,
541路(恒宝广场总站--汇景新城东总站),21,天河,BV11462418,天河2,BV09321905,天河②,43,
541路(恒宝广场总站--汇景新城东总站),24,国防大厦,BV11688471,国防大厦1,BV09317153,国防大厦①,39,
541路(恒宝广场总站--汇景新城东总站),29,员村四横路口,BV11688540,员村四横路口2,BV09302573,员村四横路口②,5,
541路(汇景新城东总站--恒宝广场总站),8,程界村,BV11688554,程界村1,BV09413159,程界村①,2,
541路(汇景新城东总站--恒宝广场总站),9,员村山顶,BV09006109,员村山顶2,BV09285359,员村山顶②,117,
541路(汇景新城东总站--恒宝广场总站),13,冼村,BV11086798,冼村2,BV09323877,冼村②,152,
541路(汇景新城东总站--恒宝广场总站),14,人民日报广东分社,BV11688536,人民日报广东分社站2,BV09313214,人民日报广东分社②,12,
541路(汇景新城东总站--恒宝广场总站),15,天河,BV11462418,天河2,BV09321905,天河②,99,
541路(汇景新城东总站--恒宝广场总站),18,农林东,BV11688478,农林东2,BV09172267,农林东②,4,
541路(汇景新城东总站--恒宝广场总站),23,中山图书馆,BV11687849,中山图书馆2,BV09376612,中山图书馆②,63,
541路(汇景新城东总站--恒宝广场总站),24,文明路站,BV09376614,文明路1,BV09215180,文明路①,142,
542路(员村一横路总站--瑞宝乡总站),5,员村山顶,BV09006109,员村山顶2,BV09285359,员村山顶②,117,
542路(员村一横路总站--瑞宝乡总站),8,石牌村,BV10018369,石牌村4,BV09387753,石牌村④,6,
542路(员村一横路总站--瑞宝乡总站),10,天河2,BV09321905,天河1,BV09348371,天河①,84,
542路(员村一横路总站--瑞宝乡总站),19,海印桥南,BV11688474,海印桥南1,BV09245639,海印桥南①,382,是
542路(瑞宝乡总站--员村一横路总站),5,海印桥南,BV11688474,海印桥南1,BV09245639,海印桥南①,14,
542路(瑞宝乡总站--员村一横路总站),14,天河,BV11462418,天河1,BV09348371,天河①,13,
542路(瑞宝乡总站--员村一横路总站),16,石牌村,BV10018369,石牌村2,BV09256767,石牌村②,144,
542路(瑞宝乡总站--员村一横路总站),17,国防大厦,BV11688471,国防大厦2,BV09178253,国防大厦②,306,是
544路(市儿童公园总站--纸厂总站),23,南村,BV11688567,南村1,BV09316713,南村1,33,
544路(纸厂总站--市儿童公园总站),8,华海大厦,BV10015713,华海大厦1,BV09317631,华海大厦①,113,
544路(纸厂总站--市儿童公园总站),9,南村,BV11688567,南村1,BV09316713,南村1,4,
544路(纸厂总站--市儿童公园总站),11,地铁市二宫站,BV10388873,地铁市二宫站1,BV09232762,地铁市二宫站①,34,
544路(纸厂总站--市儿童公园总站),14,文德路,BV11688482,文德路2,BV09317748,文德路2,9,
544路(纸厂总站--市儿童公园总站),16,小北花圈,BV10013929,小北花圈2,BV09316767,小北花圈②,9,
544路(纸厂总站--市儿童公园总站),23,雕塑公园,BV11554813,雕塑公园1,BV09317749,雕塑公园1,6,
545路(泽德花苑总站--珠江新城总站),2,横滘,BV09000553,横滘1,BV09307684,横滘1,13,
545路(泽德花苑总站--珠江新城总站),7,西湾路,BV09000495,西湾路1,BV09269673,西湾路①,1,
545路(泽德花苑总站--珠江新城总站),9,西湾路,BV09000494,西湾路1,BV09269673,西湾路①,1,
545路(泽德花苑总站--珠江新城总站),10,克山,BV11102072,克山2,BV09010643,克山②,287,
545路(泽德花苑总站--珠江新城总站),13,小北,BV11688429,小北2,BV09226117,小北②,97,
545路(泽德花苑总站--珠江新城总站),17,天河立交,BV10013640,天河立交2,BV09226112,天河立交2,1,
545路(泽德花苑总站--珠江新城总站),21,冼村站,BV11086798,冼村3,BV09262063,冼村③,124,
545路(泽德花苑总站--珠江新城总站),22,石牌村,BV10018369,石牌村1,BV09256766,石牌村①,16,
545路(珠江新城总站--泽德花苑总站),6,石牌村,BV10018369,石牌村4,BV09387753,石牌村④,6,
545路(珠江新城总站--泽德花苑总站),8,天河,BV11462418,天河1,BV09348371,天河①,84,
545路(珠江新城总站--泽德花苑总站),10,动物园南门,BV11688456,动物园南门2,BV09226115,动物园南门②,234,
545路(珠江新城总站--泽德花苑总站),13,广东电视台,BV11009136,广东电视台2,BV09394368,广东电视台2,9,
545路(珠江新城总站--泽德花苑总站),14,小北,BV11688429,小北2,BV09226117,小北②,12,
545路(珠江新城总站--泽德花苑总站),18,西湾路,BV09000494,西湾路1,BV09269673,西湾路①,329,是
545路(珠江新城总站--泽德花苑总站),20,西湾路,BV09000495,西湾路1,BV09269673,西湾路①,329,是
545路(珠江新城总站--泽德花苑总站),21,西湾和苑,BV09006146,西湾和苑2,BV09317154,西湾和苑2,2,
546路(南洲花园总站--机场路总站),5,金碧花园,BV09245151,金碧花园2,BV09413160,金碧花园②,210,
546路(南洲花园总站--机场路总站),14,海印桥南,BV11688474,海印桥南2,BV09413050,海印桥南②,468,是
546路(南洲花园总站--机场路总站),15,大沙头游船码头,BV11688483,大沙头游船码头1,BV09278983,大沙头游船码头①,5,
546路(南洲花园总站--机场路总站),27,雕塑公园站,BV11554813,雕塑公园1,BV09317749,雕塑公园1,6,
546路(南洲花园总站1号分站--机场路总站),5,金碧花园,BV09245151,金碧花园2,BV09413160,金碧花园②,210,
546路(南洲花园总站1号分站--机场路总站),14,海印桥南,BV11688474,海印桥南2,BV09413050,海印桥南②,468,是
546路(南洲花园总站1号分站--机场路总站),15,大沙头游船码头,BV11688483,大沙头游船码头1,BV09278983,大沙头游船码头①,5,
546路(南洲花园总站1号分站--机场路总站),27,雕塑公园站,BV11554813,雕塑公园1,BV09317749,雕塑公园1,6,
546路(机场路总站--南洲花园总站),15,海印桥南,BV11688474,海印桥南2,BV09413050,海印桥南②,17,
546路(机场路总站--南洲花园总站),22,石溪,BV10681379,石溪1,BV09203867,石溪①,265,
546路(机场路总站--南洲花园总站),24,金碧花园,BV09245151,金碧花园1,BV09407139,金碧花园①,2,
546路(机场路总站--南洲花园总站),25,嘉鸿花园,BV10021775,嘉鸿花园站2,BV09083275,嘉鸿花园②,31,
546路(机场路总站--南洲花园总站1号分站),15,海印桥南,BV11688474,海印桥南2,BV09413050,海印桥南②,17,
546路(机场路总站--南洲花园总站1号分站),22,石溪,BV10681379,石溪1,BV09203867,石溪①,265,
546路(机场路总站--南洲花园总站1号分站),24,金碧花园,BV09245151,金碧花园1,BV09407139,金碧花园①,2,
546路(机场路总站--南洲花园总站1号分站),25,嘉鸿花园,BV10021775,嘉鸿花园站2,BV09083275,嘉鸿花园②,31,
547路(奥体南路总站--市儿童公园总站),16,华侨医院(潭村),BV10539406,华侨医院(潭村)1,BV09232892,华侨医院（潭村）①,1,
547路(奥体南路总站--市儿童公园总站),18,石牌村,BV10018369,石牌村2,BV09256767,石牌村②,29,
547路(奥体南路总站--市儿童公园总站),19,天河南,BV10017705,天河南1,BV11431965,天河南①,145,
547路(奥体南路总站--市儿童公园总站),36,雕塑公园站,BV11554813,雕塑公园1,BV09317749,雕塑公园1,6,
547路(市儿童公园总站--奥体南路总站),18,动物园,BV10014267,动物园1,BV09340465,动物园1,44,
547路(市儿童公园总站--奥体南路总站),22,时代广场,BV11481123,时代广场2,BV09309831,时代广场②,35,
547路(市儿童公园总站--奥体南路总站),25,天河南,BV10017705,天河南2,BV10405865,天河南②,5,
547路(市儿童公园总站--奥体南路总站),29,国防大厦,BV11688471,国防大厦3,BV09410279,国防大厦③,4,
547路(市儿童公园总站--奥体南路总站),31,员村山顶,BV09006109,员村山顶2,BV09285359,员村山顶②,16,
548路(大观路北总站--珠江泳场总站),3,科学大道口,BV11687887,科学大道口2,BV09212867,科学大道口②,58,
548路(大观路北总站--珠江泳场总站),20,程界村,BV11688554,程界村1,BV09413159,程界村①,2,
548路(大观路北总站--珠江泳场总站),21,员村山顶,BV09006109,员村山顶2,BV09285359,员村山顶②,117,
548路(大观路北总站--珠江泳场总站),23,石牌村,BV10018369,石牌村1,BV09256766,石牌村①,71,
548路(大观路北总站--珠江泳场总站),25,人民日报广东分社,BV11688536,人民日报广东分社站2,BV09313214,人民日报广东分社2,12,
548路(大观路北总站--珠江泳场总站),26,天河,BV11462418,天河2,BV09321905,天河②,99,
548路(珠江泳场总站--大观路北总站),11,石牌村,BV10018369,石牌村1,BV09256766,石牌村①,16,
548路(珠江泳场总站--大观路北总站),12,国防大厦,BV11688471,国防大厦2,BV09178253,国防大厦②,306,是
548路(珠江泳场总站--大观路北总站),23,家家乐医院,BV11688359,家家乐医院2,BV09291510,家家乐医院②,2,
548路(珠江泳场总站--大观路北总站),32,科学城路口,BV11467027,科学城路口站1,BV09343742,科学城路口①,1,
54路(东华南路总站(江湾桥脚)--中科院化学所总站),5,东风东路(陵园西路口),BV11278289,东风东路(陵园西路口)2,BV09230320,东风东路（陵园西路口）2,2,
54路(东华南路总站(江湾桥脚)--中科院化学所总站),22,燕塘企业,BV09002629,燕塘企业3,BV09341157,燕塘企业3,4,
54路(东华南路总站(江湾桥脚)--中科院化学所总站),23,武警医院,BV11687881,武警医院1,BV09260273,武警医院1,20,
54路(中科院化学所总站--东华南路总站),9,天河客运站,BV10014277,天河客运站1,BV09086211,天河客运站①,399,是
54路(中科院化学所总站--东华南路总站),11,武警医院,BV11687881,武警医院1,BV09260273,武警医院1,100,
54路(中科院化学所总站--东华南路总站),18,天寿路,BV11688551,天寿路1,BV09306449,天寿路①,15,
54路(中科院化学所总站--东华南路总站),23,人民日报广东分社,BV11688536,人民日报广东分社站2,BV09313214,人民日报广东分社2,12,
552路(坑口地铁站总站--站南路总站),13,六二三路,BV11688352,六二三路2,BV09355408,六二三路②,1,
552路(站南路总站--坑口地铁站总站),12,六二三路,BV11688352,六二三路站1,BV09360104,六二三路①,2,
555路(大坦沙总站--白云文化广场总站),5,中山八路,BV11688465,中山八路2,BV09167549,中山八路②,8,
555路(大坦沙总站--白云文化广场总站),6,荔湾路口,BV10016144,荔湾路口2,BV11164816,荔湾路口2,28,
555路(大坦沙总站--白云文化广场总站),7,荔湾路,BV09374429,荔湾路1,BV09233339,荔湾路①,22,
555路(大坦沙总站--白云文化广场总站),8,彩虹桥,BV09001152,彩虹桥1,BV09230293,彩虹桥①,5,
555路(大坦沙总站--白云文化广场总站),9,东风西路,BV11687925,东风西路1,BV09209214,东风西路①,2,
555路(大坦沙总站--白云文化广场总站),10,市少年宫,BV11688449,市少年宫1,BV09229322,市少年宫①,5,
555路(大坦沙总站--白云文化广场总站),11,广医,BV11688391,广医2,BV09186856,广医②,26,
555路(大坦沙总站--白云文化广场总站),13,越秀公园,BV11688125,越秀公园2,BV09226094,越秀公园②,2,
555路(大坦沙总站--白云文化广场总站),18,棠下(三元里大道),BV11687942,棠下(三元里大道)2,BV09169835,棠下（三元里大道）②,2,
555路(大坦沙总站--白云文化广场总站),19,三元里大道中,BV11687945,三元里大道中2,BV09164965,三元里大道中②,136,
555路(白云文化广场总站--大坦沙总站),6,新市墟,BV11687839,新市墟3,BV09161217,新市墟③,75,
555路(白云文化广场总站--大坦沙总站),10,三元里大道中,BV11687945,三元里大道中2,BV09164965,三元里大道中②,8,
555路(白云文化广场总站--大坦沙总站),11,棠下(三元里大道),BV11687942,棠下(三元里大道)2,BV09169835,棠下（三元里大道）②,385,是
555路(白云文化广场总站--大坦沙总站),18,广医,BV11688391,广医2,BV09186856,广医②,14,
555路(白云文化广场总站--大坦沙总站),24,中山八路,BV11688465,中山八路1,BV09213747,中山八路①,2,
556路(文化公园总站--石井总站),2,南方大厦站1,BV09192173,南方大厦1,BV09169831,南方大厦1,10,
556路(文化公园总站--石井总站),9,广医,BV11688391,广医2,BV09186856,广医②,7,
556路(文化公园总站--石井总站),11,越秀公园,BV11688125,越秀公园2,BV09226094,越秀公园②,2,
556路(文化公园总站--石井总站),20,新市墟,BV11687839,新市墟3,BV09161217,新市墟③,200,
556路(文化公园总站--石井总站),24,小坪,BV11688428,小坪2,BV09209209,小坪②,249,
556路(石井(广东兵工厂旧址)站--文化公园总站),9,马务,BV11688360,马务2,BV09226099,马务②,8,
556路(石井(广东兵工厂旧址)站--文化公园总站),12,新市墟,BV11687839,新市墟3,BV09161217,新市墟③,75,
556路(石井(广东兵工厂旧址)站--文化公园总站),15,三元里大道中,BV11687945,三元里大道中2,BV09164965,三元里大道中②,8,
556路(石井(广东兵工厂旧址)站--文化公园总站),16,棠下(三元里大道),BV11687942,棠下(三元里大道)2,BV09169835,棠下（三元里大道）②,385,是
556路(石井(广东兵工厂旧址)站--文化公园总站),29,大新路口,BV11688396,大新路口1,BV09340762,大新路口①,6,
556路(石井(广东兵工厂旧址)站--文化公园总站),30,人民南路,BV11688400,人民南路1,BV09319719,人民南路①,6,
55路(桥东小区总站--金沙洲(涛乐街)总站),12,荔湾路,BV09374429,荔湾路2,BV09162065,荔湾路②,0,
55路(桥东小区总站--金沙洲(涛乐街)总站),13,彩虹桥,BV09001152,彩虹桥1,BV09230293,彩虹桥①,5,
55路(桥东小区总站--金沙洲(涛乐街)总站),14,和平新村2,BV09238796,和平新村1,BV09238795,和平新村①,76,
55路(金沙洲(涛乐街)总站--桥东小区总站),6,金沙洲路,BV11688450,金沙洲路1,BV09369963,金沙洲路①,25,
55路(金沙洲(涛乐街)总站--桥东小区总站),10,和平新村1,BV09238795,和平新村2,BV09238796,和平新村②,188,
55路(金沙洲(涛乐街)总站--桥东小区总站),11,彩虹桥,BV09001152,彩虹桥1,BV09230293,彩虹桥①,110,
55路(金沙洲(涛乐街)总站--桥东小区总站),12,荔湾路,BV09374429,荔湾路2,BV09162065,荔湾路②,91,
560路(华景新城总站(翰景路)--广州大道北总站),8,天寿路,BV11688551,天寿路1,BV09306449,天寿路①,15,
560路(华景新城总站(翰景路)--广州大道北总站),18,南方医院,BV11688389,南方医院2,BV09199575,南方医院2,9,
562路(棠德花苑总站--香江野生动物世界总站),10,程界村,BV11688554,程界村1,BV09413159,程界村①,2,
562路(棠德花苑总站--香江野生动物世界总站),11,员村山顶,BV09006109,员村山顶3,BV09285360,员村山顶③,174,
562路(棠德花苑总站--香江野生动物世界总站),15,冼村,BV11086798,冼村2,BV09323877,冼村②,152,
562路(棠德花苑总站--香江野生动物世界总站),17,天河,BV11462418,天河2,BV09321905,天河②,99,
562路(棠德花苑总站--香江野生动物世界总站),20,客村立交,BV11688553,客村立交1,BV09377600,客村立交1,481,是
562路(香江野生动物世界总站--棠德花苑总站),10,广州大道南(叠景路口),BV09181701,广州大道南(叠景路口)1,BV09183567,广州大道南（叠景路口）①,286,
562路(香江野生动物世界总站--棠德花苑总站),17,石牌村,BV10018369,石牌村1,BV09256766,石牌村①,16,
562路(香江野生动物世界总站--棠德花苑总站),18,国防大厦,BV11688471,国防大厦2,BV09178253,国防大厦②,306,是
562路(香江野生动物世界总站--棠德花苑总站),26,车陂南,BV10014565,车陂南1,BV09291511,车陂南①,17,
563路(太和总站--石井总站),23,黄石东路口,BV09005986,黄石东路口2,BV09167548,黄石东路口②,5,
563路(太和总站--石井总站),28,黄石路,BV11688426,黄石路1,BV09351558,黄石路①,18,
563路(石井--太和总站),6,小坪,BV11688428,小坪1,BV09226064,小坪①,71,
564A路(奥林匹克体育中心总站--联和墟总站),8,科学大道口,BV11687887,科学大道口2,BV09212867,科学大道口②,58,
564A路(联和墟总站--奥林匹克体育中心总站),8,科学大道口,BV11687887,科学大道口2,BV09212867,科学大道口②,58,
564路(天河客运站总站--黄埔古村南广场总站),24,科学大道口,BV11687887,科学大道口2,BV09212867,科学大道口②,58,
564路(黄埔古村南广场总站--天河客运站总站),10,家家乐医院,BV11688359,家家乐医院2,BV09291510,家家乐医院②,2,
56路(光塔路总站--天平架总站),7,东风东路(陵园西路口),BV11278289,东风东路(陵园西路口)2,BV09230320,东风东路（陵园西路口）②,2,
56路(光塔路总站--天平架总站),15,广州大道中,BV10014367,广州大道中1,BV09382002,广州大道中①,7,
56路(天平架总站--光塔路总站),2,豪景花园,BV10326995,豪景花园1,BV09097374,豪景花园①,180,
56路(天平架总站--光塔路总站),3,广州大道中,BV10014367,广州大道中2,BV09230306,广州大道中②,4,
56路(天平架总站--光塔路总站),4,广州体院,BV09375062,广州体院2,BV09271785,广州体院②,40,
581路(黄埔东路总站(石化南路)--长福路总站1号分站),30,凌塘村站2,BV09324145,凌塘村站1,BV09081166,凌塘村①,1,
582路(凌塘村总站--海珠客运站总站),15,江海大道中1,BV09319409,江海大道中2,BV09316963,江海大道中2,18,
583路(员村一横路总站--芳村西塱总站),9,猎德大道北,BV11688556,猎德大道北2,BV09413161,猎德大道北②,16,
583路(芳村西塱总站--员村一横路总站),16,江海大道中,BV11687940,江海大道中1,BV09319409,江海大道中1,2,
583路(芳村西塱总站--员村一横路总站),23,冼村,BV11086798,冼村3,BV09262063,冼村③,124,
583路(芳村西塱总站--员村一横路总站),25,国防大厦,BV11688471,国防大厦2,BV09178253,国防大厦②,306,是
58A路(唐阁村总站--解放北路总站(应元路口)),19,新市墟,BV11687839,新市墟1,BV09226083,新市墟①,376,是
58A路(唐阁村总站--解放北路总站(应元路口)),26,机场立交北,BV10523474,机场立交北1,BV09226089,机场立交北①,19,
58A路(唐阁村总站--解放北路总站(应元路口)),27,梓元岗站,BV09364515,梓元岗1,BV09368674,梓元岗①,256,
58A路(唐阁村总站--解放北路总站(应元路口)),28,桂花岗,BV10016229,桂花岗站2,BV09394525,桂花岗②,16,
58A路(唐阁村总站--解放北路总站(应元路口)),29,越秀公园,BV11688125,越秀公园2,BV09226094,越秀公园②,15,
58A路(解放北路总站(应元路口)--唐阁村总站),3,梓元岗,BV09364515,梓元岗2,BV09368222,梓元岗②,21,
58A路(解放北路总站(应元路口)--唐阁村总站),4,云城南,BV10013708,云城南站1,BV09406832,云城南①,2,
58A路(解放北路总站(应元路口)--唐阁村总站),8,棠下(三元里大道),BV11687942,棠下(三元里大道)1,BV09172231,棠下（三元里大道）①,87,
58A路(解放北路总站(应元路口)--唐阁村总站),15,联和,BV11687903,联和1,BV11637999,联和①,27,
58路(广医一院总站(靖海路)--时代玫瑰园总站),8,迎宾馆,BV11091393,迎宾馆2,BV11596048,迎宾馆2,9,
58路(广医一院总站(靖海路)--时代玫瑰园总站),12,云城南,BV10013708,云城南1,BV09226082,云城南1,7,
58路(广医一院总站(靖海路)--时代玫瑰园总站),16,棠下(三元里大道),BV11687942,棠下(三元里大道)1,BV09172231,棠下（三元里大道）①,87,
58路(广医一院总站(靖海路)--时代玫瑰园总站),20,新市墟,BV11687839,新市墟2,BV09226067,新市墟②,10,
58路(时代玫瑰园总站--广医一院总站(靖海路)),9,联和,BV11687903,联和1,BV11637999,联和①,5,
58路(时代玫瑰园总站--广医一院总站(靖海路)),12,新市墟,BV11687839,新市墟1,BV09226083,新市墟①,376,是
58路(时代玫瑰园总站--广医一院总站(靖海路)),19,机场立交北,BV10523474,机场立交北1,BV09226089,机场立交北①,19,
58路(时代玫瑰园总站--广医一院总站(靖海路)),20,梓元岗站,BV09364515,梓元岗1,BV09368674,梓元岗①,276,
58路(时代玫瑰园总站--广医一院总站(靖海路)),21,桂花岗,BV10016229,桂花岗站2,BV09394525,桂花岗②,16,
58路(时代玫瑰园总站--广医一院总站(靖海路)),22,越秀公园,BV11688125,越秀公园2,BV09226094,越秀公园②,15,
59路(广州火车东站总站--沥滘总站),2,林和西路,BV11688381,林和西路3,BV11509447,林和西路③,3,
59路(广州火车东站总站--沥滘总站),5,杨箕村,BV11688472,杨箕村2,BV09312331,杨箕村②,11,
59路(广州火车东站总站--沥滘总站),23,金碧花园,BV09245151,金碧花园1,BV09407139,金碧花园①,2,
59路(沥滘总站--广州火车东站总站),7,金碧花园,BV09245151,金碧花园2,BV09413160,金碧花园②,210,
59路(沥滘总站--广州火车东站总站),8,新滘西路口,BV09243519,新滘西路口2,BV09360317,新滘西路口②,8,
59路(沥滘总站--广州火车东站总站),18,基立下道,BV11688513,基立下道1,BV11621851,基立下道①,10,
59路(沥滘总站--广州火车东站总站),26,体育中心站,BV11688545,体育中心1,BV09226128,体育中心①,14,
61路(滘口客运站总站--滘口客运站总站),3,中山八路站,BV11688465,中山八路1,BV09213747,中山八路①,225,
61路(滘口客运站总站--滘口客运站总站),5,荔湾路口,BV10016144,荔湾路口2,BV11164816,荔湾路口②,29,
63路(锦城花园总站(东风东)--石槎路总站),15,景泰坑,BV11088401,景泰坑2,BV09304041,景泰坑②,11,
63路(锦城花园总站(东风东)--石槎路总站),19,云城南,BV10013708,云城南站1,BV09406832,云城南①,6,
64路(东沙工业园总站--广卫路总站),21,六二三路,BV11688352,六二三路站1,BV09360104,六二三路①,263,
661路(地铁飞翔公园站总站--地铁飞翔公园站总站),12,瑶台,BV11472522,瑶台2,BV09226113,瑶台②,2,
662路(广州白云站公交总站--地铁飞翔公园站总站),6,棠溪,BV09001423,棠溪站1,BV11562315,棠溪①,4,
669路(金穗路总站(马场路口)--金穗路总站(马场路口)),3,国防大厦,BV11688471,国防大厦2,BV09178253,国防大厦②,306,是
66路(永泰集贤路总站--泮塘总站),7,元下田,BV11687852,元下田2,BV09161363,元下田②,204,
66路(永泰集贤路总站--泮塘总站),18,小北花圈,BV10013929,小北花圈2,BV09316767,小北花圈②,192,
66路(泮塘总站--永泰集贤路总站),13,仓边路,BV10013930,仓边路1,BV09317752,仓边路1,14,
66路(泮塘总站--永泰集贤路总站),18,雕塑公园站,BV11554813,雕塑公园1,BV09317749,雕塑公园①,6,
66路(泮塘总站--永泰集贤路总站),23,黄石东路口,BV09005986,黄石东路口2,BV09167548,黄石东路口②,202,
66路(泮塘总站--永泰集贤路总站),24,陈田村,BV11688417,陈田村1,BV09163011,陈田村①,13,
69路(大塘总站--汾水小区总站),8,康乐村,BV11688348,康乐村1,BV09184531,康乐村①,1,
69路(大塘总站--汾水小区总站),9,中山大学,BV11687965,中山大学1,BV09193343,中山大学①,34,
69路(汾水小区总站--大塘总站),13,信和广场(昌岗中路),BV10014647,信和广场(昌岗中路)2,BV09226101,信和广场（昌岗中路）②,332,是
69路(汾水小区总站--大塘总站),17,中山大学,BV11687965,中山大学1,BV09193343,中山大学①,13,
69路(汾水小区总站--大塘总站),18,康乐村,BV11688348,康乐村1,BV09184531,康乐村①,210,
69路(汾水小区总站--大塘总站),19,鹭江,BV11687958,鹭江2,BV09335012,鹭江②,45,
6路(天河北公交总站--黄沙总站),4,广州体院1,BV09411494,广州体院2,BV09271785,广州体院②,40,
6路(天河北公交总站--黄沙总站),10,白云宾馆,BV11009137,白云宾馆2,BV09226118,白云宾馆2,9,
6路(天河北公交总站--黄沙总站),11,广东电视台,BV11009136,广东电视台1,BV09226122,广东电视台1,90,
6路(天河北公交总站--黄沙总站),13,小北花圈,BV10013929,小北花圈2,BV09316767,小北花圈②,192,
6路(天河北公交总站--黄沙总站),19,东升医院,BV11688394,东升医院2,BV09295166,东升医院2,0,
6路(天河北公交总站--黄沙总站),24,市中医院2,BV09165635,市中医院站2,BV09385884,市中医院②,17,
6路(黄沙总站--天河北公交总站),14,黄花岗,BV10014265,黄花岗1,BV09348431,黄花岗①,128,
6路(黄沙总站--天河北公交总站),15,动物园,BV10014267,动物园1,BV09340465,动物园1,44,
706路(东山广场总站--广州北站总站(秀全大道)),19,黄石路站,BV11688426,黄石路2,BV09408943,黄石路②,105,
706路(广州北站(秀全大道)--东山广场总站),31,联和1,BV11637999,联和2,BV09226063,联和②,124,
706路(广州北站(秀全大道)--东山广场总站),32,黄石路,BV11688426,黄石路2,BV09408943,黄石路②,7,
706路(广州北站(秀全大道)--东山广场总站),50,黄花岗,BV10014265,黄花岗1,BV09348431,黄花岗①,6,
708路(人和墟总站--花都富力金港城总站),1,人和墟总站,BV10014381,人和墟2,BV09212864,人和墟②,5,
708路(人和墟总站--花都富力金港城总站),2,人和墟,BV11689355,人和墟2,BV09212864,人和墟②,5,
71路(同德围总站--芳村西塱总站),9,西湾路,BV09000495,西湾路1,BV09269673,西湾路①,1,
71路(同德围总站--芳村西塱总站),17,如意坊,BV11357695,如意坊2,BV09382089,如意坊②,610,是
71路(芳村西塱总站--同德围总站),18,西湾路,BV09000494,西湾路2,BV09356487,西湾路②,20,
71路(芳村西塱总站--同德围总站),20,西湾路,BV09000495,西湾路2,BV09356487,西湾路②,20,
724路(白沙村总站--和瑞路总站),29,人和墟,BV11689355,人和墟2,BV09212864,人和墟②,5,
730路(南悦花苑总站--南悦花苑总站),3,联和,BV11687903,联和2,BV09226063,联和②,124,
730路(南悦花苑总站--南悦花苑总站),5,小坪,BV11688428,小坪1,BV09226064,小坪①,1,
730路(南悦花苑总站--南悦花苑总站),13,马务,BV11688360,马务2,BV09226099,马务②,7,
730路(南悦花苑总站--南悦花苑总站),14,联和,BV11687903,联和1,BV11637999,联和①,27,
737路(地铁高增站总站--人和总站(东华村)),12,人和墟,BV11689355,人和墟2,BV09212864,人和墟②,5,
739路(嘉禾望岗总站--清湖村总站),10,清湖村口,BV11690766,清湖村口2,BV09165291,清湖村口②,148,
739路(清湖村总站(苏元庄)--嘉禾望岗总站),7,清湖村口,BV11690766,清湖村口2,BV09165291,清湖村口②,148,
742路(地铁飞翔公园站总站--石井鸦岗总站),16,小坪,BV11688428,小坪2,BV09209209,小坪②,249,
742路(石井鸦岗总站--地铁飞翔公园站总站),12,小坪,BV11688428,小坪1,BV09226064,小坪①,71,
747路(沙太货运站总站--沙太货运站总站),14,同和,BV11688408,同和3,BV09217029,同和③,1,
74路(动物园总站(先烈中路)--水秀一路总站),2,黄花岗,BV10014265,黄花岗1,BV09348431,黄花岗①,2,
74路(动物园总站(先烈中路)--水秀一路总站),9,盘福路,BV11091396,盘福路1,BV09227578,盘福路①,1,
74路(水秀一路总站--动物园总站(先烈中路)),26,中山六路,BV09317509,中山六路1,BV09340303,中山六路①,17,
74路(水秀一路总站--动物园总站(先烈中路)),31,正骨医院,BV11688485,正骨医院1,BV09230309,正骨医院①,10,
74路(水秀一路总站--动物园总站(先烈中路)),32,东风东路(陵园西路口),BV11278289,东风东路(陵园西路口)1,BV09230319,东风东路（陵园西路口）①,0,
755路(园坛岭路总站--园坛岭路总站),7,嘉禾,BV10014476,嘉禾2,BV09226080,嘉禾2,233,
75路(侨诚花园总站--芳信路总站),3,金碧花园,BV09245151,金碧花园1,BV09407139,金碧花园①,58,
75路(侨诚花园总站--芳信路总站),14,六二三路,BV11688352,六二三路站1,BV09360104,六二三路①,2,
75路(芳信路总站--侨诚花园总站),9,六二三路,BV11688352,六二三路站1,BV09360104,六二三路①,263,
75路(芳信路总站--侨诚花园总站),20,金碧花园,BV09245151,金碧花园1,BV09407139,金碧花园①,2,
75路(芳信路总站--侨诚花园总站),21,嘉鸿花园,BV10021775,嘉鸿花园站2,BV09083275,嘉鸿花园②,31,
761路(侨诚花园总站--赤沙(广东财经大学)总站),4,新滘西路口,BV09243519,新滘西路口2,BV09360317,新滘西路口②,8,
761路(赤沙(广东财经大学)总站--侨诚花园总站),19,嘉鸿花园,BV10021775,嘉鸿花园1,BV09360318,嘉鸿花园①,5,
764路(瀛洲生态公园总站--天坤三路总站),19,车陂南,BV10014565,车陂南1,BV09291511,车陂南①,17,
767路(逸景路站--大江苑总站),8,敦和站,BV11687930,敦和3,BV09026856,敦和③,128,
768路(万寿路总站--万寿路总站),9,地铁市二宫站2,BV09403509,地铁市二宫站1,BV09232762,地铁市二宫站①,34,
768路(万寿路总站--万寿路总站),13,基立下道,BV11688513,基立下道1,BV11621851,基立下道①,10,
76A路(农讲所总站--龙归永兴村总站),4,小北,BV11688429,小北1,BV09226129,小北①,2,
76A路(农讲所总站--龙归永兴村总站),14,黄石东路口,BV09005986,黄石东路口1,BV11167648,黄石东路口①,47,
76A路(农讲所总站--龙归永兴村总站),15,陈田村,BV11688417,陈田村1,BV09163011,陈田村①,13,
76A路(农讲所总站--龙归永兴村总站),16,元下田,BV11687852,元下田2,BV09161363,元下田②,7,
76路(东山总站(东华北路)--百顺北路总站),6,仓边路,BV10013930,仓边路1,BV09317752,仓边路1,14,
76路(百顺北路总站--东山总站(东华北路)),13,黄石东路口,BV09005986,黄石东路口1,BV11167648,黄石东路口①,9,
76路(百顺北路总站--东山总站(东华北路)),24,小北花圈,BV10013929,小北花圈2,BV09316767,小北花圈②,192,
76路(百顺北路总站--东山总站(东华北路)),25,仓边路,BV10013930,仓边路1,BV09317752,仓边路1,178,
770路(广州圆总站--芳村西塱总站),10,西塱,BV11687844,西塱1,BV09178250,西塱①,156,
774路(万胜围总站--天河智慧城核心区总站(高唐)),14,科学城路口1,BV09081247,科学城路口站1,BV09343742,科学城路口①,1,
774路(天河智慧城核心区总站(高唐)--万胜围总站),6,科学大道口,BV11687887,科学大道口2,BV09212867,科学大道口②,58,
776路(广州东站汽车站总站--科学城路口总站),13,凌塘村1,BV11341513,凌塘村站1,BV09081166,凌塘村①,1,
776路(广州东站汽车站总站--科学城路口总站),19,科学大道口,BV11687887,科学大道口2,BV09212867,科学大道口②,58,
777路(珠江新城总站--珠江新城总站),14,天河,BV11462418,天河1,BV09348371,天河①,13,
781路(环线)(二沙岛西总站--二沙岛西总站),23,大沙头游船码头,BV11688483,大沙头游船码头1,BV09278983,大沙头游船码头①,5,
783路(茶滘路总站--茶滘路总站),11,芳村大道西,BV11688499,芳村大道西1,BV09304064,芳村大道西①,7,
783路(茶滘路总站--茶滘路总站),22,桥中,BV09003001,桥中站1,BV09376898,桥中①,5,
78A路(天慧路总站--天河北公交总站),7,科学大道口,BV11687887,科学大道口2,BV09212867,科学大道口②,58,
78A路(天河北公交总站--天慧路总站),5,五山路口站,BV11062767,五山路口站1,BV09368726,五山路口①,10,
78路(东山广场总站--岑村总站),2,黄花岗,BV10014265,黄花岗1,BV09348431,黄花岗①,128,
78路(东山广场总站--岑村总站),7,广州大道中,BV11687847,广州大道中2,BV09230306,广州大道中②,4,
78路(东山广场总站--岑村总站),8,体育中心1,BV09226128,体育中心1,BV09375065,体育中心1,19,
78路(东山广场总站--岑村总站),13,五山路口站,BV11062767,五山路口站1,BV09368726,五山路口①,10,
78路(岑村总站--东山广场总站),2,岑村红花岗,BV11689166,岑村红花岗1,BV09370266,岑村红花岗①,2,
793路(龙归城总站--司法学校总站),7,鹤龙四路(龙兴西路口),BV09244070,鹤龙四路(龙兴西路口)2,BV09226081,鹤龙四路（龙兴西路口）②,236,
7路(大沙头总站--石槎路总站),3,越秀南路站,BV11687913,越秀南路2,BV09319720,越秀南路②,2,
7路(石槎路总站--大沙头总站),19,盘福路站,BV11091396,盘福路1,BV09227578,盘福路①,1,
7路(石槎路总站--大沙头总站),24,文德路站,BV11688482,文德路2,BV09317748,文德路②,108,
804路(嘉禾总站--天健创意园总站),1,嘉禾总站,BV10017737,嘉禾2,BV09226080,嘉禾2,12,
804路(嘉禾总站--天健创意园总站),10,市交校,BV10014469,市交校1,BV09226088,市交校①,12,
804路(嘉禾总站--天健创意园总站),11,嘉禾,BV10014476,嘉禾2,BV09226080,嘉禾2,12,
804路(嘉禾总站--天健创意园总站),24,同和,BV11688408,同和3,BV09217029,同和③,1,
804路(天健创意园总站--嘉禾总站),11,同和站,BV11688408,同和3,BV09217029,同和③,1,
804路(天健创意园总站--嘉禾总站),34,嘉禾总站,BV10017737,嘉禾2,BV09226080,嘉禾2,12,
807A路(广州火车站总站--广州白云站公交总站),4,云城南,BV10013708,云城南1,BV09226082,云城南1,7,
807A路(广州白云站公交总站--广州火车站总站),5,新市墟,BV11687839,新市墟2,BV09226067,新市墟②,57,
807A路(广州白云站公交总站--广州火车站总站),14,梓元岗站,BV09364515,梓元岗2,BV09368222,梓元岗②,45,
807路(嘉禾总站--广州火车站总站),11,清湖村口,BV11690766,清湖村口2,BV09165291,清湖村口②,14,
807路(嘉禾总站--广州火车站总站),24,联和,BV11687903,联和2,BV09226063,联和②,124,
807路(嘉禾总站--广州火车站总站),26,新市墟,BV11687839,新市墟2,BV09226067,新市墟②,57,
807路(嘉禾总站--广州火车站总站),30,梓元岗站,BV09364515,梓元岗2,BV09368222,梓元岗②,45,
807路(嘉禾总站--广州火车站总站),31,桂花岗,BV10016229,桂花岗1,BV11477575,桂花岗①,19,
807路(广州火车站总站--嘉禾总站),3,梓元岗站,BV09364515,梓元岗1,BV09368674,梓元岗①,25,
807路(广州火车站总站--嘉禾总站),4,云城南,BV10013708,云城南1,BV09226082,云城南1,7,
807路(广州火车站总站--嘉禾总站),10,联和,BV11687903,联和1,BV11637999,联和①,27,
807路(广州火车站总站--嘉禾总站),23,清湖村口,BV11690766,清湖村口1,BV09226087,清湖村口①,8,
80路(同德围总站--海印桥总站),4,西湾路,BV09000495,西湾路1,BV09269673,西湾路①,1,
80路(同德围总站--海印桥总站),6,西湾路,BV09000494,西湾路1,BV09269673,西湾路①,1,
80路(同德围总站--海印桥总站),9,东风西路2,BV09143805,东风西路站2,BV09374493,东风西路②,39,
80路(同德围总站--海印桥总站),12,广东大厦,BV10016774,广东大厦1,BV09205705,广东大厦①,3,
80路(海印桥总站--同德围总站),5,越秀南路,BV11687913,越秀南路2,BV09319720,越秀南路②,2,
80路(海印桥总站--同德围总站),9,广医,BV11688391,广医2,BV09186856,广医②,14,
80路(海印桥总站--同德围总站),10,和平新村,BV11687875,和平新村3,BV09010638,和平新村③,17,
80路(海印桥总站--同德围总站),12,西湾路3,BV09313510,西湾路2,BV09356487,西湾路②,20,
80路(海印桥总站--同德围总站),14,西湾路,BV09000495,西湾路2,BV09356487,西湾路②,20,
810路(广州火车东站总站--白云高尔夫花园总站),5,动物园南门,BV11688456,动物园南门1,BV09230318,动物园南门①,14,
810路(广州火车东站总站--白云高尔夫花园总站),8,广东电视台,BV11009136,广东电视台1,BV09226122,广东电视台①,90,
810路(广州火车东站总站--白云高尔夫花园总站),9,小北,BV11688429,小北2,BV09226117,小北②,12,
810路(广州火车东站总站--白云高尔夫花园总站),13,雕塑公园,BV11554813,雕塑公园1,BV09317749,雕塑公园①,6,
810路(广州火车东站总站--白云高尔夫花园总站),20,新市墟,BV11687839,新市墟1,BV09226083,新市墟①,1,
810路(白云高尔夫花园总站--广州火车东站总站),6,黄石路,BV11688426,黄石路1,BV09351558,黄石路①,18,
810路(白云高尔夫花园总站--广州火车东站总站),8,新市墟,BV11687839,新市墟1,BV09226083,新市墟①,376,是
810路(白云高尔夫花园总站--广州火车东站总站),12,机场立交北,BV10523474,机场立交北1,BV09226089,机场立交北①,19,
810路(白云高尔夫花园总站--广州火车东站总站),18,小北,BV11688429,小北2,BV09226117,小北②,97,
810路(白云高尔夫花园总站--广州火车东站总站),22,动物园南门,BV11688456,动物园南门1,BV09230318,动物园南门①,137,
810路(白云高尔夫花园总站--广州火车东站总站),24,体育中心,BV11688545,体育中心1,BV09375065,体育中心①,19,
813路(棠德花苑西总站--革新路总站),14,人民日报广东分社,BV11688536,人民日报广东分社站2,BV09313214,人民日报广东分社2,12,
813路(棠德花苑西总站--革新路总站),15,天河,BV11462418,天河2,BV09321905,天河②,99,
813路(棠德花苑西总站--革新路总站),22,海印桥南,BV11688474,海印桥南2,BV09413050,海印桥南②,17,
813路(革新路总站--棠德花苑西总站),11,海印桥南,BV11688474,海印桥南2,BV09413050,海印桥南②,464,是
813路(革新路总站--棠德花苑西总站),25,五山路口,BV11062767,五山路口站1,BV09368726,五山路口①,10,
823路(棠溪车场总站(粤溪北路)--逸景翠园总站),3,西湾路,BV09000495,西湾路2,BV09356487,西湾路②,86,
823路(棠溪车场总站(粤溪北路)--逸景翠园总站),6,克山,BV11102072,克山2,BV09010643,克山②,281,
823路(棠溪车场总站(粤溪北路)--逸景翠园总站),29,中山大学,BV11687965,中山大学2,BV09243523,中山大学②,92,
823路(逸景翠园总站--棠溪车场总站(粤溪北路)),4,广州大道南(叠景路口),BV09181701,广州大道南(叠景路口)2,BV09184938,广州大道南（叠景路口）②,31,
823路(逸景翠园总站--棠溪车场总站(粤溪北路)),8,中山大学,BV11687965,中山大学2,BV09243523,中山大学②,36,
823路(逸景翠园总站--棠溪车场总站(粤溪北路)),13,江南大道中,BV10015712,江南大道中1,BV09228038,江南大道中1,2,
823路(逸景翠园总站--棠溪车场总站(粤溪北路)),14,地铁市二宫站,BV10388873,地铁市二宫站1,BV09232762,地铁市二宫站①,34,
823路(逸景翠园总站--棠溪车场总站(粤溪北路)),15,江南大道北,BV10016114,江南大道北1,BV09243516,江南大道北①,1,
823路(逸景翠园总站--棠溪车场总站(粤溪北路)),24,广医,BV11688391,广医3,BV11167722,广医③,4,
823路(逸景翠园总站--棠溪车场总站(粤溪北路)),28,克山,BV11102072,克山1,BV09377937,克山1,90,
823路(逸景翠园总站--棠溪车场总站(粤溪北路)),29,西湾路,BV09000494,西湾路2,BV09356487,西湾路②,20,
823路(逸景翠园总站--棠溪车场总站(粤溪北路)),31,西湾路,BV09000495,西湾路2,BV09356487,西湾路②,20,
82路(沥滘总站--中山八路总站),12,华海大厦,BV10015713,华海大厦1,BV09317631,华海大厦①,115,
82路(沥滘总站--中山八路总站),13,南村,BV11688567,南村1,BV09316713,南村1,4,
82路(沥滘总站--中山八路总站),15,地铁市二宫站,BV10388873,地铁市二宫站1,BV09232762,地铁市二宫站①,34,
82路(沥滘总站--中山八路总站),16,江南大道北,BV10016114,江南大道北1,BV09243516,江南大道北①,1,
82路(沥滘总站--中山八路总站),20,东升医院,BV11688394,东升医院2,BV09295166,东升医院2,0,
830路(广花一路(夏花一路口)总站--金沙洲码头总站),15,槎头,BV11687842,槎头1,BV09200026,槎头①,2,
830路(金沙洲码头总站--广花一路(夏花一路口)总站),4,金沙洲路,BV11688450,金沙洲路2,BV11329134,金沙洲路②,12,
830路(金沙洲码头总站--广花一路(夏花一路口)总站),12,槎头,BV11687842,槎头1,BV09200026,槎头①,2,
832路(滘口客运站总站--白云山制药厂总站),2,桥中,BV09003001,桥中站1,BV09376898,桥中①,5,
832路(滘口客运站总站--白云山制药厂总站),7,西湾路,BV09000494,西湾路1,BV09269673,西湾路①,1,
832路(滘口客运站总站--白云山制药厂总站),9,西湾路,BV09000495,西湾路1,BV09269673,西湾路①,1,
832路(滘口客运站总站--白云山制药厂总站),10,西湾和苑站,BV09006146,西湾和苑2,BV09317154,西湾和苑②,27,
832路(滘口客运站总站--白云山制药厂总站),18,棠溪,BV09001423,棠溪站1,BV11562315,棠溪①,2,
832路(滘口客运站总站--白云山制药厂总站),20,新市墟,BV11687839,新市墟2,BV09226067,新市墟②,59,
832路(滘口客运站总站--白云山制药厂总站),23,黄石路,BV11688426,黄石路1,BV09351558,黄石路①,18,
832路(滘口客运站总站--白云山制药厂总站),27,黄石东路口,BV09005986,黄石东路口2,BV09167548,黄石东路口②,5,
832路(滘口客运站总站--白云山制药厂总站),36,同和1,BV09399597,同和3,BV09217029,同和③,1,
832路(滘口客运站总站--白云山制药厂总站),37,同和,BV11688408,同和3,BV09217029,同和③,1,
832路(白云山制药厂总站--滘口客运站总站),9,元下田,BV11687852,元下田2,BV09161363,元下田②,204,
832路(白云山制药厂总站--滘口客运站总站),16,黄石路,BV11688426,黄石路1,BV09351558,黄石路①,18,
832路(白云山制药厂总站--滘口客运站总站),19,新市墟,BV11687839,新市墟2,BV09226067,新市墟②,59,
832路(白云山制药厂总站--滘口客运站总站),30,西湾和苑,BV09006146,西湾和苑2,BV09317154,西湾和苑②,27,
832路(白云山制药厂总站--滘口客运站总站),31,西湾路,BV09000495,西湾路1,BV09269673,西湾路①,1,
833路(太和总站--广卫路总站),22,同和2,BV09209226,同和3,BV09217029,同和③,1,
833路(太和总站--广卫路总站),24,南方医院1,BV09293281,南方医院2,BV09199575,南方医院2,121,
833路(太和总站--广卫路总站),31,豪景花园,BV10326995,豪景花园1,BV09097374,豪景花园①,21,
833路(广卫路总站--太和总站),12,豪景花园,BV10326995,豪景花园1,BV09097374,豪景花园①,21,
833路(广卫路总站--太和总站),19,南方医院,BV11688389,南方医院2,BV09199575,南方医院2,121,
833路(广卫路总站--太和总站),21,同和站,BV11688408,同和3,BV09217029,同和③,1,
836路(沥滘总站--白云山制药厂总站),5,海珠客运站,BV10015271,海珠客运站2,BV11196681,海珠客运站②,9,
836路(沥滘总站--白云山制药厂总站),13,上涌,BV10014360,上涌2,BV09175488,上涌②,115,
836路(沥滘总站--白云山制药厂总站),21,广州大道中,BV10014367,广州大道中1,BV09382002,广州大道中①,7,
836路(沥滘总站--白云山制药厂总站),22,豪景花园,BV10326995,豪景花园1,BV09097374,豪景花园①,21,
836路(沥滘总站--白云山制药厂总站),29,南方医院,BV11688389,南方医院1,BV09293281,南方医院①,38,
836路(沥滘总站--白云山制药厂总站),31,同和,BV11688408,同和1,BV09399597,同和①,252,
836路(白云山制药厂总站--沥滘总站),2,同和,BV11688408,同和1,BV09399597,同和①,4,
836路(白云山制药厂总站--沥滘总站),11,豪景花园,BV10326995,豪景花园1,BV09097374,豪景花园①,180,
836路(白云山制药厂总站--沥滘总站),12,广州大道中,BV10014367,广州大道中1,BV09382002,广州大道中①,237,
836路(白云山制药厂总站--沥滘总站),13,广州体院,BV09375062,广州体院2,BV09271785,广州体院②,40,
836路(白云山制药厂总站--沥滘总站),17,客村立交,BV11688553,客村立交1,BV09377600,客村立交1,481,是
836路(白云山制药厂总站--沥滘总站),20,上涌,BV10014360,上涌2,BV09175488,上涌②,5,
837路(太和总站--江高小塘总站),11,鹤龙四路(龙兴西路口)2,BV09244070,鹤龙四路(龙兴西路口)2,BV09226081,鹤龙四路（龙兴西路口）②,236,
837路(江高小塘总站--太和总站),16,清湖村口1,BV09226087,清湖村口2,BV09165291,清湖村口②,1,
83路(广汕路总站(科景路口)--白云山制药厂总站),37,同和,BV11688408,同和1,BV09399597,同和①,252,
840路(人和鹤龙七路总站--广州白云站公交总站),26,平沙,BV11688453,平沙1,BV09226062,平沙①,2,
840路(人和鹤龙七路总站--广州白云站公交总站),34,联和,BV11687903,联和2,BV09226063,联和②,124,
840路(广州白云站公交总站--人和鹤龙七路总站),6,联和站,BV11687903,联和2,BV09226063,联和②,124,
840路(广州白云站公交总站--人和鹤龙七路总站),14,平沙,BV11688453,平沙1,BV09226062,平沙①,2,
840路(广州白云站公交总站--人和鹤龙七路总站),19,清湖村口1,BV09226087,清湖村口2,BV09165291,清湖村口②,14,
841路(广州火车东站总站--石井总站(滘心村)),4,广州体院站,BV09375062,广州体院1,BV09411494,广州体院①,127,
841路(广州火车东站总站--石井总站(滘心村)),7,濂泉路口站,BV11688393,濂泉路口2,BV09412828,濂泉路口②,4,
841路(广州火车东站总站--石井总站(滘心村)),9,云台花园,BV11371562,云台花园2,BV09364271,云台花园②,255,
841路(广州火车东站总站--石井总站(滘心村)),23,小坪站,BV11688428,小坪2,BV09209209,小坪②,253,
841路(石井总站(滘心村)--广州火车东站总站),24,云台花园站,BV11371562,云台花园2,BV09364271,云台花园②,50,
841路(石井总站(滘心村)--广州火车东站总站),26,濂泉路口,BV11688393,濂泉路口2,BV09412828,濂泉路口②,438,是
841路(石井总站(滘心村)--广州火车东站总站),28,广州体院站,BV09375062,广州体院1,BV09411494,广州体院①,3,
843路(地铁高增站总站--江高总站),9,人和墟,BV11689355,人和墟2,BV09212864,人和墟②,5,
843路(江高总站--地铁高增站总站),33,人和墟,BV11689355,人和墟2,BV09212864,人和墟②,5,
84A路(渔沙坦总站(渔中路)--动物园总站),25,武警医院,BV11687881,武警医院2,BV09344864,武警医院②,50,
862路(广州火车站总站--沙太路北总站),2,电视塔,BV09239569,电视塔2,BV09226125,电视塔②,0,
862路(广州火车站总站--沙太路北总站),6,西坑,BV11688572,西坑①,CL100017,西坑①,5,
862路(广州火车站总站--沙太路北总站),7,濂泉路口,BV11688393,濂泉路口1,BV09318948,濂泉路口①,262,
862路(广州火车站总站--沙太路北总站),8,豪景花园,BV10326995,豪景花园1,BV09097374,豪景花园①,21,
862路(广州火车站总站--沙太路北总站),15,南方医院,BV11688389,南方医院1,BV09293281,南方医院①,38,
862路(广州火车站总站--沙太路北总站),17,同和,BV11688408,同和站2,BV09396961,同和②,5,
862路(沙太路北总站--广州火车站总站),14,同和,BV11688408,同和2,BV09209226,同和②,2,
862路(沙太路北总站--广州火车站总站),16,南方医院,BV11688389,南方医院1,BV09293281,南方医院①,27,
862路(沙太路北总站--广州火车站总站),23,豪景花园,BV10326995,豪景花园1,BV09097374,豪景花园①,180,
862路(沙太路北总站--广州火车站总站),25,濂泉路口,BV11688393,濂泉路口1,BV09318948,濂泉路口①,24,
862路(沙太路北总站--广州火车站总站),30,白云宾馆,BV11009137,白云宾馆2,BV09226118,白云宾馆②,9,
862路(沙太路北总站--广州火车站总站),31,电视塔,BV09239569,电视塔2,BV09226125,电视塔②,330,是
864路(怡乐路总站--白云山制药厂总站),4,海印桥南,BV11688474,海印桥南2,BV09413050,海印桥南②,470,是
864路(怡乐路总站--白云山制药厂总站),7,大沙头游船码头,BV11688483,大沙头游船码头1,BV09278983,大沙头游船码头①,5,
864路(怡乐路总站--白云山制药厂总站),12,农讲所,BV11688432,农讲所1,BV09201207,农讲所①,2,
864路(怡乐路总站--白云山制药厂总站),18,雕塑公园,BV11554813,雕塑公园1,BV09317749,雕塑公园1,6,
864路(怡乐路总站--白云山制药厂总站),24,黄石东路口,BV09005986,黄石东路口1,BV11167648,黄石东路口①,47,
864路(怡乐路总站--白云山制药厂总站),25,陈田村,BV11688417,陈田村1,BV09163011,陈田村①,13,
864路(怡乐路总站--白云山制药厂总站),26,元下田,BV11687852,元下田2,BV09161363,元下田②,7,
864路(白云山制药厂总站--怡乐路总站),11,黄石东路口,BV09005986,黄石东路口1,BV11167648,黄石东路口①,9,
864路(白云山制药厂总站--怡乐路总站),21,小北花圈,BV10013929,小北花圈2,BV09316767,小北花圈②,192,
864路(白云山制药厂总站--怡乐路总站),23,农讲所,BV11688432,农讲所2,BV09185490,农讲所②,162,
882路快线(广州大道北总站--逸景翠园总站),7,同和站,BV11688408,同和1,BV09399597,同和①,20,
882路快线(广州大道北总站--逸景翠园总站),10,广州大道中,BV10014367,广州大道中2,BV09230306,广州大道中②,4,
882路快线(广州大道北总站--逸景翠园总站),14,敦和站,BV11687930,敦和2,BV09406264,敦和②,42,
882路快线(逸景翠园总站--广州大道北总站),3,敦和站,BV11687930,敦和2,BV09406264,敦和②,7,
882路快线(逸景翠园总站--广州大道北总站),7,广州大道中,BV10014367,广州大道中1,BV09382002,广州大道中①,7,
882路快线(逸景翠园总站--广州大道北总站),10,同和站,BV11688408,同和3,BV09217029,同和③,2,
886路(南悦花苑总站--珠江新城总站),2,联和站,BV11687903,联和1,BV11637999,联和①,5,
886路(南悦花苑总站--珠江新城总站),5,新市墟4,BV09404762,新市墟2,BV09226067,新市墟②,57,
886路(南悦花苑总站--珠江新城总站),10,梓元岗站,BV09364515,梓元岗3,BV09373815,梓元岗③,2,
886路(南悦花苑总站--珠江新城总站),11,桂花岗,BV10016229,桂花岗1,BV11477575,桂花岗①,19,
886路(南悦花苑总站--珠江新城总站),12,电视塔,BV09239569,电视塔2,BV09226125,电视塔②,0,
886路(珠江新城总站--南悦花苑总站),7,冼村,BV11086798,冼村3,BV09262063,冼村③,36,
886路(珠江新城总站--南悦花苑总站),8,人民日报广东分社,BV11688536,人民日报广东分社站2,BV09313214,人民日报广东分社②,12,
886路(珠江新城总站--南悦花苑总站),9,天河,BV11462418,天河1,BV09348371,天河①,84,
886路(珠江新城总站--南悦花苑总站),10,天河立交,BV10013640,天河立交2,BV09226112,天河立交②,295,
886路(珠江新城总站--南悦花苑总站),11,动物园南门,BV11688456,动物园南门2,BV09226115,动物园南门②,232,
886路(珠江新城总站--南悦花苑总站),14,广东电视台,BV11009136,广东电视台2,BV09394368,广东电视台②,9,
886路(珠江新城总站--南悦花苑总站),18,梓元岗,BV09364515,梓元岗2,BV09368222,梓元岗②,21,
886路(珠江新城总站--南悦花苑总站),19,云城南,BV10013708,云城南1,BV09226082,云城南①,7,
886路(珠江新城总站--南悦花苑总站),23,新市墟,BV11687839,新市墟2,BV09226067,新市墟②,10,
88路(沥滘路西总站--西场总站),12,中山大学,BV11687965,中山大学2,BV09243523,中山大学②,36,
88路(沥滘路西总站--西场总站),18,地铁市二宫站,BV10388873,地铁市二宫站1,BV09232762,地铁市二宫站①,34,
88路(沥滘路西总站--西场总站),21,解放中路,BV11688461,解放中路2,BV09226097,解放中路②,19,
88路(沥滘路西总站--西场总站),25,陈家祠,BV11596161,陈家祠2,BV09195327,陈家祠②,21,
88路(沥滘路西总站--西场总站),26,荔湾路,BV09374429,荔湾路2,BV09162065,荔湾路②,0,
88路(沥滘路西总站--西场总站),27,彩虹桥,BV09001152,彩虹桥2,BV09162064,彩虹桥②,88,
88路(西场总站--沥滘路西总站),4,彩虹桥,BV09001152,彩虹桥1,BV09230293,彩虹桥①,110,
88路(西场总站--沥滘路西总站),5,荔湾路,BV09374429,荔湾路2,BV09162065,荔湾路②,91,
88路(西场总站--沥滘路西总站),6,陈家祠,BV11596161,陈家祠2,BV09195327,陈家祠2,8,
88路(西场总站--沥滘路西总站),9,中山六路,BV09317509,中山六路站2,BV09087077,中山六路②,1,
88路(西场总站--沥滘路西总站),19,省荣军医院(荣校),BV09335698,省荣军医院(荣校)2,BV09091929,省荣军医院（荣校）②,274,
88路(西场总站--沥滘路西总站),22,鹭江,BV11687958,鹭江1,BV09160624,鹭江①,10,
88路(西场总站--沥滘路西总站),23,敦和,BV11687930,敦和2,BV09406264,敦和②,42,
89路(大沙头总站--天河客运站总站),10,体育中心东门,BV11678026,体育中心东门2,BV09219091,体育中心东门2,2,
89路(大沙头总站--天河客运站总站),19,武警医院,BV11687881,武警医院1,BV09260273,武警医院1,20,
89路(天河客运站总站--大沙头总站),3,武警医院,BV11687881,武警医院1,BV09260273,武警医院1,100,
901A路(华成路总站--天河智慧城核心区总站(高唐)),7,国防大厦,BV11688471,国防大厦3,BV09410279,国防大厦③,2,
901A路(华成路总站--天河智慧城核心区总站(高唐)),9,员村山顶,BV09006109,员村山顶2,BV09285359,员村山顶②,16,
901A路(华成路总站--天河智慧城核心区总站(高唐)),20,凌塘村1,BV11341513,凌塘村站1,BV09081166,凌塘村①,1,
901路(岑村总站--联和总站(惠联路)),6,凌塘村,BV11689183,凌塘村站2,BV09324145,凌塘村2,257,
903路(地铁三溪站总站--天河智慧城核心区总站(高唐)),12,科学城路口1,BV09081247,科学城路口站1,BV09343742,科学城路口①,1,
903路(天河智慧城核心区总站(高唐)--地铁三溪站总站),9,科学城路口,BV11467027,科学城路口站1,BV09343742,科学城路口①,1,
91路(南方茶叶市场总站--珠光路总站),24,江湾桥南,BV11688521,江湾桥南1,BV09359515,江湾桥南1,55,
91路(珠光路总站--南方茶叶市场总站),3,中山图书馆,BV11687849,中山图书馆2,BV09376612,中山图书馆②,13,
91路(珠光路总站--南方茶叶市场总站),7,江湾桥南,BV11688521,江湾桥南2,BV09172266,江湾桥南2,151,
91路(珠光路总站--南方茶叶市场总站),8,基立下道,BV11688513,基立下道2,BV11621853,基立下道②,7,
923路(翠竹园总站--翠竹园总站),7,同和,BV11688408,同和1,BV09399597,同和①,252,
926路(永兴庄总站--嘉禾望岗总站),23,嘉禾,BV10014476,嘉禾2,BV09226080,嘉禾2,233,
93路(广州火车站总站--赤岗总站),3,小北花圈,BV10013929,小北花圈2,BV09316767,小北花圈②,192,
93路(广州火车站总站--赤岗总站),4,仓边路,BV10013930,仓边路1,BV09317752,仓边路①,178,
93路(广州火车站总站--赤岗总站),10,江湾桥南,BV11688521,江湾桥南2,BV09172266,江湾桥南②,151,
93路(广州火车站总站--赤岗总站),11,基立下道,BV11688513,基立下道1,BV11621851,基立下道①,211,
93路(广州火车站总站--赤岗总站),14,怡乐村,BV11687959,怡乐村1,BV09317206,怡乐村①,16,
93路(广州火车站总站--赤岗总站),16,中山大学,BV11687965,中山大学2,BV09243523,中山大学②,92,
93路(广州火车站总站--赤岗总站),26,赤岗路口,BV09005990,赤岗路口2,BV09317596,赤岗路口②,346,是
93路(赤岗总站--广州火车站总站),13,中山大学,BV11687965,中山大学2,BV09243523,中山大学②,36,
93路(赤岗总站--广州火车站总站),18,基立下道,BV11688513,基立下道2,BV11621853,基立下道②,89,
93路(赤岗总站--广州火车站总站),19,江湾桥南,BV11688521,江湾桥南1,BV09359515,江湾桥南1,55,
93路(赤岗总站--广州火车站总站),28,越秀公园北门站,BV09010640,越秀公园北门1,BV09226120,越秀公园北门①,14,
942路(永和禾丰新村总站--永和禾丰新村总站),7,新丰路口2,BV09209215,新丰路口1,BV09235566,新丰路口①,212,
943路(黄埔东路总站(石化南路)--萝岗香雪总站),9,碧山村站1,BV11621196,碧山村1,BV09072664,碧山村①,20,
946路(南岗总站--广汕路总站(科景路口)),16,地铁香雪站,BV10845329,地铁香雪站2,BV09192170,地铁香雪站②,6,
946路(南岗总站--广汕路总站(科景路口)),20,地铁萝岗站,BV10845332,地铁萝岗站2,BV09192165,地铁萝岗站②,5,
968路(怡乐路总站--怡乐路总站),4,海印桥南,BV11688474,海印桥南2,BV09413050,海印桥南②,464,是
968路(怡乐路总站--怡乐路总站),19,海印桥南,BV11688474,海印桥南2,BV09413050,海印桥南②,17,
973路(兴丰村总站--太和总站(丰泰横路)),23,太和文化广场站,BV09005242,太和文化广场2,BV09319309,太和文化广场②,7,
975路(西湾路总站--云城南二路总站),13,棠下(三元里大道),BV11687942,棠下(三元里大道)2,BV09169835,棠下（三元里大道）②,385,是
9路(中山八路总站--沥滘总站),7,洪德路,BV11688508,洪德路1,BV09200956,洪德路①,3,
9路(中山八路总站--沥滘总站),18,金碧花园,BV09245151,金碧花园1,BV09407139,金碧花园①,2,
9路(沥滘总站--中山八路总站),7,金碧花园站,BV09245151,金碧花园1,BV09407139,金碧花园①,58,
9路(沥滘总站--中山八路总站),25,中山八路总站,BV10014194,中山八路2,BV09167549,中山八路②,8,
B10路(体育中心总站--地铁天河智慧城总站),1,体育中心总站,BV10018645,体育中心1,BV09375065,体育中心①,19,
B10路(地铁天河智慧城总站--体育中心总站),18,体育中心,BV11688545,体育中心1,BV09375065,体育中心①,17,
B10路(地铁天河智慧城总站--体育中心总站),19,体育中心总站,BV10018645,体育中心1,BV09375065,体育中心①,17,
B11路(员村总站--岑村总站),20,燕塘企业站,BV09002629,燕塘企业3,BV09341157,燕塘企业3,2,
B11路(员村总站--岑村总站),21,武警医院,BV11687881,武警医院2,BV09344864,武警医院②,5,
B11路(员村总站--岑村总站),23,天河客运站,BV10014277,天河客运站1,BV09086211,天河客运站①,2,
B11路(岑村总站--员村总站),2,岑村红花岗,BV11689166,岑村红花岗1,BV09370266,岑村红花岗①,2,
B11路(岑村总站--员村总站),14,天河客运站,BV10014277,天河客运站1,BV09086211,天河客运站①,399,是
B11路(岑村总站--员村总站),16,武警医院,BV11687881,武警医院1,BV09260273,武警医院1,100,
B11路(岑村总站--员村总站),23,天寿路,BV11688551,天寿路1,BV09306449,天寿路①,15,
B11路(岑村总站--员村总站),27,五山路口站,BV11062767,五山路口2,BV09366519,五山路口②,1,
B12路(天源路总站--车陂总站),11,天河客运站,BV10014277,天河客运站1,BV09086211,天河客运站①,399,是
B12路(天源路总站--车陂总站),17,广州大道中,BV10014367,广州大道中2,BV09230306,广州大道中②,4,
B12路(天源路总站--车陂总站),18,广州体院,BV09375062,广州体院1,BV09411494,广州体院①,3,
B12路(车陂总站--天源路总站),16,广州大道中,BV10014367,广州大道中1,BV09382002,广州大道中①,7,
B15路(天河儿童公园北门总站--锦城花园总站(东风东)),17,程界村,BV11688554,程界村1,BV09413159,程界村①,2,
B15路(天河儿童公园北门总站--锦城花园总站(东风东)),18,员村山顶,BV09006109,员村山顶2,BV09285359,员村山顶②,116,
B15路(天河儿童公园北门总站--锦城花园总站(东风东)),23,人民日报广东分社,BV11688536,人民日报广东分社站2,BV09313214,人民日报广东分社2,12,
B15路(锦城花园总站(东风东)--天河儿童公园北门总站),3,天河,BV11462418,天河2,BV09321905,天河②,43,
B16路(云台花园总站--黄埔体育中心总站),2,云台花园,BV11371562,云台花园2,BV09364271,云台花园②,50,
B16路(云台花园总站--黄埔体育中心总站),4,濂泉路口,BV11688393,濂泉路口2,BV09412828,濂泉路口②,438,是
B16路(云台花园总站--黄埔体育中心总站),6,广州体院,BV09375062,广州体院1,BV09411494,广州体院①,3,
B16路(黄埔体育中心总站--云台花园总站),25,广州体院,BV09375062,广州体院1,BV09411494,广州体院①,3,
B16路(黄埔体育中心总站--云台花园总站),28,濂泉路口,BV11688393,濂泉路口2,BV09412828,濂泉路口②,438,是
B16路(黄埔体育中心总站--云台花园总站),30,云台花园总站,BV10014637,云台花园2,BV09364271,云台花园②,50,
B17路(广州火车东站总站--石化路总站),6,五山路口,BV11062767,五山路口2,BV09366519,五山路口②,1,
B18路(永泰集贤路总站--汇彩路北总站),15,濂泉路口,BV11688393,濂泉路口2,BV09412828,濂泉路口②,438,是
B18路(汇彩路北总站--永泰集贤路总站),5,家家乐医院,BV11688359,家家乐医院2,BV09291510,家家乐医院②,2,
B18路(汇彩路北总站--永泰集贤路总站),16,濂泉路口,BV11688393,濂泉路口2,BV09412828,濂泉路口②,4,
B18路(汇彩路北总站--永泰集贤路总站),19,白云山管理局,BV10013651,白云山管理局2,BV09329720,白云山管理局②,9,
B18路(汇彩路北总站--永泰集贤路总站),25,黄石东路口,BV09005986,黄石东路口2,BV09167548,黄石东路口②,202,
B18路快线(永泰路口--汇彩路北总站),9,云台花园,BV11371562,云台花园2,BV09364271,云台花园②,50,
B18路快线(汇彩路北总站--永泰路口),5,家家乐医院,BV11688359,家家乐医院2,BV09291510,家家乐医院②,2,
B18路快线(汇彩路北总站--永泰路口),10,云台花园,BV11371562,云台花园2,BV09364271,云台花园②,255,
B18路快线(汇彩路北总站--永泰路口),14,黄石东路口,BV09005986,黄石东路口2,BV09167548,黄石东路口②,202,
B21路(棠德花苑总站--革新路总站),20,大沙头游船码头,BV11688483,大沙头游船码头1,BV09278983,大沙头游船码头①,5,
B21路(革新路总站--棠德花苑总站),24,体育中心,BV11688435,体育中心1,BV09375065,BRT体育中心1,133,
B22路(五羊邨总站--广州科学城总站(长安村)),6,国防大厦,BV11688471,国防大厦3,BV09410279,国防大厦③,4,
B22路(广州科学城总站(长安村)--五羊邨总站),26,员村山顶,BV09006109,员村山顶2,BV09285359,员村山顶②,117,
B22路(广州科学城总站(长安村)--五羊邨总站),27,华侨医院(潭村),BV10539406,华侨医院(潭村)1,BV09232892,华侨医院（潭村）①,1,
B26路(凌塘村总站--护林路东总站),6,科学大道口,BV11687887,科学大道口2,BV09212867,科学大道口②,1,
B26路(护林路东总站--凌塘村总站),23,科学城路口1,BV09081247,科学城路口站1,BV09343742,科学城路口①,1,
B2A路(广州火车站总站--汇彩路总站),5,动物园南门,BV11688456,动物园南门2,BV09226115,动物园南门②,3,
B2A路(广州火车站总站--汇彩路总站),6,体育中心,BV11688435,体育中心1,BV09375065,BRT体育中心①,133,
B2A路(汇彩路总站--广州火车站总站),16,体育中心,BV11688435,体育中心1,BV09375065,BRT体育中心①,42,
B2A路(汇彩路总站--广州火车站总站),17,动物园南门,BV11688456,动物园南门2,BV09226115,动物园南门②,223,
B2A路(汇彩路总站--广州火车站总站),20,电视塔,BV09239569,电视塔2,BV09226125,电视塔②,330,是
B2路(东圃总站--广州火车站总站),13,体育中心,BV11688435,体育中心1,BV09375065,BRT体育中心1,42,
B2路(东圃总站--广州火车站总站),14,动物园南门,BV11688456,动物园南门2,BV09226115,动物园南门②,236,
B2路(东圃总站--广州火车站总站),17,广东电视台,BV11009136,广东电视台2,BV09394368,广东电视台②,16,
B2路(东圃总站--广州火车站总站),18,电视塔,BV09239569,电视塔2,BV09226125,电视塔②,330,是
B2路(广州火车站总站--东圃总站),5,动物园南门,BV11688456,动物园南门2,BV09226115,动物园南门②,3,
B2路(广州火车站总站--东圃总站),6,体育中心,BV11688545,体育中心1,BV09375065,BRT体育中心1,133,
B30路(广纳院总站--南岗万达广场总站),25,丹水坑站,BV11687861,丹水坑站2,BV09192168,丹水坑②,58,
B3路(汇彩路北总站--罗冲围总站),17,天河立交,BV10013640,天河立交2,BV09226112,天河立交2,295,
B3路(汇彩路北总站--罗冲围总站),27,富力半岛花园,BV09006431,富力半岛花园1,BV10461190,富力半岛花园①,23,
B3路(罗冲围总站--汇彩路北总站),7,东风西路,BV11687925,东风西路1,BV09209214,东风西路①,2,
B3路(罗冲围总站--汇彩路北总站),9,广医,BV11688391,广医3,BV11167722,广医③,145,
B3路(罗冲围总站--汇彩路北总站),11,广东大厦,BV10016774,广东大厦1,BV09205705,广东大厦①,19,
B3路(罗冲围总站--汇彩路北总站),13,东风东路(陵园西路口),BV11278289,东风东路(陵园西路口)1,BV09230319,东风东路（陵园西路口）①,0,
B3路(罗冲围总站--汇彩路北总站),16,动物园南门,BV11688456,动物园南门2,BV09226115,动物园南门②,3,
B3路(罗冲围总站--汇彩路北总站),17,天河立交,BV10013640,天河立交2,BV09226112,天河立交2,1,
B4A路(华景新城总站--科学城(揽月路)总站),12,凌塘村1,BV11341513,凌塘村站1,BV09081166,凌塘村①,1,
B4路(天河智慧城核心区总站(高唐)--广仁路总站),6,科学大道口,BV11687887,科学大道口2,BV09212867,科学大道口②,58,
B4路(天河智慧城核心区总站(高唐)--广仁路总站),29,越秀桥,BV11688510,越秀桥2,BV09246905,越秀桥②,2,
B4路(广仁路总站--天河智慧城核心区总站(高唐)),4,正骨医院,BV11688485,正骨医院1,BV09230309,正骨医院①,10,
B4路(广仁路总站--天河智慧城核心区总站(高唐)),27,科学城路口,BV11467027,科学城路口站1,BV09343742,科学城路口①,1,
B5路(宝岗大道总站--黄埔港总站),4,基立下道站,BV11688513,基立下道1,BV11621851,基立下道1,10,
B5路(宝岗大道总站--黄埔港总站),5,江湾桥南站,BV11688521,江湾桥南2,BV09172266,江湾桥南2,18,
B5路(黄埔港总站--宝岗大道总站),18,体育中心,BV11688435,体育中心1,BV09375065,BRT体育中心1,133,
B5路(黄埔港总站--宝岗大道总站),25,江湾桥南1,BV09359515,江湾桥南2,BV09172266,江湾桥南2,18,
B5路(黄埔港总站--宝岗大道总站),26,基立下道,BV11688513,基立下道1,BV11621851,基立下道1,10,
B7路(海珠客运站总站--车陂总站),6,敦和,BV11687930,敦和3,BV09026856,敦和③,130,
B7路(车陂总站--海珠客运站总站),18,敦和,BV11687930,敦和2,BV09406264,敦和②,42,
B7路快线(海珠客运站总站--车陂总站),4,上涌,BV10014360,上涌2,BV09175488,上涌②,5,
B7路快线(海珠客运站总站--车陂总站),5,广州大道南(叠景路口)站,BV09181701,广州大道南(叠景路口)1,BV09183567,广州大道南（叠景路口）①,4,
B7路快线(海珠客运站总站--车陂总站),6,敦和3,BV09026856,敦和2,BV09406264,敦和②,42,
B7路快线(海珠客运站总站--车陂总站),11,海港花园,BV10569365,海港花园2,BV09269675,海港花园②,6,
B7路快线(车陂总站--海珠客运站总站),14,敦和,BV11687930,敦和2,BV09406264,敦和②,42,
B8路(宝岗大道总站--棠德花苑总站),16,天河,BV11462418,天河2,BV09321905,天河②,43,
B8路(宝岗大道总站--棠德花苑总站),18,石牌村,BV10018369,石牌村1,BV09256766,石牌村①,16,
B8路(宝岗大道总站--棠德花苑总站),19,国防大厦,BV11688471,国防大厦3,BV09410279,国防大厦③,4,
B8路(宝岗大道总站--棠德花苑总站),28,家家乐医院,BV11688359,家家乐医院1,BV09212869,家家乐医院①,11,
B8路(棠德花苑总站--宝岗大道总站),14,石牌村,BV10018369,石牌村1,BV09256766,石牌村①,71,
B8路(棠德花苑总站--宝岗大道总站),15,冼村,BV11086798,冼村2,BV09323877,冼村②,152,
B8路(棠德花苑总站--宝岗大道总站),16,人民日报广东分社,BV11688536,人民日报广东分社站2,BV09313214,人民日报广东分社2,12,
B8路(棠德花苑总站--宝岗大道总站),17,天河,BV11462418,天河2,BV09321905,天河②,99,
B8路(棠德花苑总站--宝岗大道总站),20,农林东,BV11688478,农林东2,BV09172267,农林东②,4,
B8路(棠德花苑总站--宝岗大道总站),25,中山图书馆,BV11687849,中山图书馆2,BV09376612,中山图书馆②,63,
B8路(棠德花苑总站--宝岗大道总站),26,文明路,BV09376614,文明路2,BV09398681,文明路②,3,
B8路(棠德花苑总站--宝岗大道总站),29,解放南路,BV11688454,解放南路2,BV09226091,解放南路②,8,
从13路(从化汽车站总站--白水寨总站),13,福上下社2,BV11352300,福上下社1,BV11352299,福上下社①,1,
从13路(从化汽车站总站--白水寨总站),21,南星汤屋社2,BV11359304,南星汤屋社1,BV11359303,南星汤屋社①,16,
从3路(上游路总站--花林湖畔总站),12,供电局,BV11492618,供电局1,BV09392864,供电局①,52,
从3路(花林湖畔总站--上游路总站),20,供电局,BV11492618,供电局1,BV09392864,供电局①,52,
从405路(民乐村委--鳌头客运站总站),5,龙星村3,BV11352898,龙星村1,BV11352902,龙星村①,428,是
从405路(民乐村委--鳌头客运站总站),6,龙星村2,BV11352903,龙星村1,BV11352902,龙星村①,428,是
从405路(民乐村委--鳌头客运站总站),15,白兔村路口2,BV11028710,白兔村路口1,BV11028709,白兔村路口①,3,
从408路(爱群村委--鳌头公交总站),3,山马塘2,BV11596288,山马塘1,BV11596289,山马塘1,2,
从408路(鳌头公交总站--爱群村委),21,山马塘1,BV11596289,山马塘2,BV11596288,山马塘2,3,
从408路(鳌头公交总站--爱群村委),23,山马塘,BV11398032,山马塘2,BV11596288,山马塘2,3,
从5路(太平小学--图书馆总站),27,从化汽车站,BV10451069,从化汽车站2,BV09223054,从化汽车站②,45,
从601路(东明墟--良口墟总站),3,坪地2,BV11489895,坪地1,BV11559829,坪地①,1,
从601路(良口墟总站--东明墟),16,坪地1,BV11559829,坪地2,BV11489895,坪地②,10,
从701路(南平村委--温泉宾馆),14,南星汤屋社2,BV11359304,南星汤屋社1,BV11359303,南星汤屋社①,5,
从8路(城建学院总站--地铁东风站总站),8,供电局,BV11492618,供电局1,BV09392864,供电局①,52,
佛276路/佛276(干)路(罗冲围客运站--东方广场北门总站),3,罗冲围客运站,BV10013779,罗冲围客运站2,BV11675544,罗冲围客运站2,29,
南沙5路(华润瑞府公交总站--邮轮母港站),19,地铁南沙客运港站1,BV09067079,地铁南沙客运港站2,BV09078984,地铁南沙客运港站②,311,是
商务专线5路(沙河横马路--大塘总站),4,上涌,BV10014360,上涌2,BV09175488,上涌②,115,
夜100路(天河客运站总站--黄埔古村南广场总站),24,科学大道口,BV11687887,科学大道口2,BV09212867,科学大道口②,58,
夜100路(黄埔古村南广场总站(落客点)--天河客运站总站),10,家家乐医院,BV11688359,家家乐医院2,BV09291510,家家乐医院②,2,
夜101路(沐陂村总站--沥滘总站),5,凌塘村站2,BV09324145,凌塘村站1,BV09081166,凌塘村1,1,
夜101路(沐陂村总站--沥滘总站),22,上涌,BV10014360,上涌2,BV09175488,上涌②,115,
夜101路(沥滘总站--沐陂村总站),8,广州大道南(叠景路口),BV09181701,广州大道南(叠景路口)1,BV09183567,广州大道南（叠景路口）①,286,
夜102路(东山总站--广州南站总站),5,基立下道,BV11688513,基立下道2,BV11621853,基立下道②,7,
夜102路(广州南站总站--东山总站(东华北路)),15,海珠客运站,BV10015271,海珠客运站2,BV11196681,海珠客运站②,9,
夜104路(黄埔东路总站(石化南路)--萝岗香雪总站),12,上堂,BV11690379,上堂1,BV09169832,上堂①,9,
夜105路(兴民路总站--南悦花苑总站),9,天河立交,BV10013640,天河立交2,BV09226112,天河立交②,295,
夜105路(兴民路总站--南悦花苑总站),13,广东电视台,BV11009136,广东电视台1,BV09226122,广东电视台①,97,
夜105路(兴民路总站--南悦花苑总站),14,小北,BV11688429,小北2,BV09226117,小北②,12,
夜105路(兴民路总站--南悦花苑总站),16,越秀公园北门站,BV09010640,越秀公园北门1,BV09226120,越秀公园北门①,14,
夜105路(兴民路总站--南悦花苑总站),17,三元里大道(桂花岗),BV11478560,三元里大道(桂花岗)1,BV11478033,三元里大道（桂花岗）①,13,
夜105路(兴民路总站--南悦花苑总站),25,棠下(三元里大道),BV11687942,棠下(三元里大道)1,BV09172231,棠下（三元里大道）①,87,
夜105路(兴民路总站--南悦花苑总站),26,三元里大道中,BV11687945,三元里大道中2,BV09164965,三元里大道中②,136,
夜105路(兴民路总站--南悦花苑总站),29,新市墟,BV11687839,新市墟3,BV09161217,新市墟③,200,
夜105路(兴民路总站--南悦花苑总站),31,联和,BV11687903,联和1,BV11637999,联和①,27,
夜105路(南悦花苑总站--兴民路总站),4,新市墟,BV11687839,新市墟2,BV09226067,新市墟②,59,
夜105路(南悦花苑总站--兴民路总站),9,棠下(三元里大道),BV11687942,棠下(三元里大道)1,BV09172231,棠下（三元里大道）①,1,
夜105路(南悦花苑总站--兴民路总站),15,电视塔,BV09239569,电视塔2,BV09226125,电视塔②,11,
夜105路(南悦花苑总站--兴民路总站),16,小北,BV11688429,小北1,BV09226129,小北①,2,
夜105路(南悦花苑总站--兴民路总站),19,动物园南门,BV11688456,动物园南门2,BV09226115,动物园南门②,3,
夜105路(南悦花苑总站--兴民路总站),20,天河立交,BV10013640,天河立交2,BV09226112,天河立交2,1,
夜107路(白云路总站--石井(红星小学)总站),2,越秀南路站,BV11687913,越秀南路2,BV09319720,越秀南路②,2,
夜107路(白云路总站--石井(红星小学)总站),8,迎宾馆站,BV11091393,迎宾馆2,BV11596048,迎宾馆②,6,
夜107路(白云路总站--石井(红星小学)总站),9,越秀公园站,BV11688125,越秀公园2,BV09226094,越秀公园②,1,
夜107路(白云路总站--石井(红星小学)总站),17,新市墟2,BV09226067,新市墟3,BV09161217,新市墟③,200,
夜107路(白云路总站--石井(红星小学)总站),20,小坪,BV11688428,小坪2,BV09209209,小坪②,249,
夜107路(石井(广东兵工厂旧址)站--白云路总站),5,小坪,BV11688428,小坪2,BV09209209,小坪②,2,
夜107路(石井(广东兵工厂旧址)站--白云路总站),7,马务,BV11688360,马务2,BV09226099,马务②,8,
夜107路(石井(广东兵工厂旧址)站--白云路总站),9,新市墟站,BV11687839,新市墟2,BV09226067,新市墟②,59,
夜107路(石井(广东兵工厂旧址)站--白云路总站),18,越秀公园站,BV11688125,越秀公园3,BV11596047,越秀公园③,70,
夜107路(石井(广东兵工厂旧址)站--白云路总站),26,越秀南路站,BV11687913,越秀南路2,BV09319720,越秀南路②,140,
夜109路(五羊邨站--万博中心总站),10,江海大道中站,BV11687940,江海大道中2,BV09316963,江海大道中2,8,
夜10路(东山口总站--龙洞总站),2,农林东,BV11688478,农林东2,BV09172267,农林东②,4,
夜10路(东山口总站--龙洞总站),8,天寿路,BV11688551,天寿路1,BV09306449,天寿路①,15,
夜10路(东山口总站--龙洞总站),17,天河客运站,BV10014277,天河客运站1,BV09086211,天河客运站①,399,是
夜10路(龙洞总站--东山口总站),18,天河客运站,BV10014277,天河客运站1,BV09086211,天河客运站①,399,是
夜113路(裕海路总站--裕海路总站),16,花地大道站,BV09001039,花地大道站1,BV09304066,花地大道①,0,
夜114路(南悦花苑总站--南悦花苑总站),2,联和站,BV11687903,联和2,BV09226063,联和②,124,
夜114路(南悦花苑总站--南悦花苑总站),3,黄石路,BV11688426,黄石路2,BV09408943,黄石路2,7,
夜11路(广州火车站总站--芳村西塱总站),8,荔湾路口,BV10016144,荔湾路口2,BV11164816,荔湾路口②,1,
夜11路(广州火车站总站--芳村西塱总站),9,石路基,BV11688484,石路基2,BV09337403,石路基②,72,
夜11路(广州火车站总站--芳村西塱总站),11,桥中1,BV11163379,桥中站1,BV09376898,桥中①,5,
夜11路(芳村西塱总站--广州火车站总站),2,鹤洞路西,BV09001134,鹤洞路西1,BV09199072,鹤洞路西①,19,
夜11路(芳村西塱总站--广州火车站总站),15,芳村大道西,BV11688499,芳村大道西1,BV09304064,芳村大道西①,7,
夜11路(芳村西塱总站--广州火车站总站),17,中山八路,BV11688465,中山八路1,BV09213747,中山八路①,225,
夜11路(芳村西塱总站--广州火车站总站),19,荔湾路口,BV10016144,荔湾路口1,BV09271782,荔湾路口①,33,
夜120路(石溪总站--西湾路总站),12,市红会医院,BV10016127,市红会医院1,BV09226102,市红会医院1,13,
夜120路(石溪总站--西湾路总站),14,解放中路站,BV11688461,解放中路2,BV09226097,解放中路②,19,
夜120路(石溪总站--西湾路总站),20,富力半岛花园站,BV09006431,富力半岛花园1,BV10461190,富力半岛花园①,4,
夜120路(西湾路总站--石溪总站),10,富力半岛花园站,BV09006431,富力半岛花园1,BV10461190,富力半岛花园①,32,
夜120路(西湾路总站--石溪总站),16,中山六路站,BV09317509,中山六路站2,BV09087077,中山六路②,1,
夜120路(西湾路总站--石溪总站),18,解放南路站,BV11688454,解放南路2,BV09226091,解放南路②,8,
夜121路(地铁白云公园站总站--泮塘总站),5,桂花岗,BV10016229,桂花岗站2,BV09394525,桂花岗②,16,
夜121路(地铁白云公园站总站--泮塘总站),8,仓边路,BV10013930,仓边路2,BV09357063,仓边路2,22,
夜121路(泮塘总站--地铁白云公园站总站),12,文德路站,BV11688482,文德路2,BV09317748,文德路2,9,
夜121路(泮塘总站--地铁白云公园站总站),18,梓元岗站,BV09364515,梓元岗1,BV09368674,梓元岗①,30,
夜128路(海珠客运站总站--大学城(广工)总站),2,海珠客运站,BV10015271,海珠客运站2,BV11196681,海珠客运站②,9,
夜12路(省荣军医院--黄石路总站),17,越秀公园,BV11688125,越秀公园2,BV09226094,越秀公园②,13,
夜12路(省荣军医院--黄石路总站),24,新市墟,BV11687839,新市墟3,BV09161217,新市墟③,200,
夜12路(黄石路总站--省荣军医院),3,新市墟,BV11687839,新市墟2,BV09226067,新市墟②,59,
夜12路(黄石路总站--省荣军医院),5,远景路站,BV11688397,远景路1,BV09168358,远景路①,1,
夜12路(黄石路总站--省荣军医院),15,文德路站,BV11688482,文德路2,BV09317748,文德路2,108,
夜12路(黄石路总站--省荣军医院),18,越秀南路,BV11687913,越秀南路2,BV09319720,越秀南路②,140,
夜13路(天河儿童公园北门总站--梅东路总站),18,程界村,BV11688554,程界村1,BV09413159,程界村①,2,
夜13路(天河儿童公园北门总站--梅东路总站),19,员村山顶,BV09006109,员村山顶2,BV09285359,员村山顶②,117,
夜13路(天河儿童公园北门总站--梅东路总站),21,国防大厦2,BV09178253,国防大厦1,BV09317153,国防大厦①,12,
夜13路(天河儿童公园北门总站--梅东路总站),22,石牌村,BV10018369,石牌村4,BV09387753,石牌村④,6,
夜13路(天河儿童公园北门总站--梅东路总站),23,冼村,BV11086798,冼村3,BV09262063,冼村③,36,
夜13路(天河儿童公园北门总站--梅东路总站),24,人民日报广东分社,BV11688536,人民日报广东分社站2,BV09313214,人民日报广东分社2,12,
夜13路(天河儿童公园北门总站--梅东路总站),25,天河2,BV09321905,天河1,BV09348371,天河①,84,
夜13路(梅东路总站--天河儿童公园北门总站),6,冼村,BV11086798,冼村2,BV09323877,冼村②,80,
夜13路(梅东路总站--天河儿童公园北门总站),8,国防大厦,BV11688471,国防大厦2,BV09178253,国防大厦②,306,是
夜14路(东莞庄总站--广州火车站总站),16,白云宾馆,BV11009137,白云宾馆2,BV09226118,白云宾馆②,9,
夜14路(东莞庄总站--广州火车站总站),17,广东电视台,BV11009136,广东电视台2,BV09394368,广东电视台②,9,
夜14路(东莞庄总站--广州火车站总站),20,越秀公园北门站,BV09010640,越秀公园北门1,BV09226120,越秀公园北门①,14,
夜14路(广州火车站总站--东莞庄总站),4,小北,BV11688429,小北1,BV09226129,小北①,2,
夜14路(广州火车站总站--东莞庄总站),5,花园酒店,BV09360551,花园酒店2,BV09226130,花园酒店②,2,
夜14路(广州火车站总站--东莞庄总站),13,沙河大街,BV10014271,沙河大街1,BV09330208,沙河大街①,2,
夜15路(同德围总站--广州火车东站总站),2,横滘,BV09000553,横滘1,BV09307684,横滘1,13,
夜15路(同德围总站--广州火车东站总站),7,西湾路,BV09000495,西湾路2,BV09356487,西湾路②,86,
夜15路(同德围总站--广州火车东站总站),10,克山,BV11102072,克山2,BV09010643,克山②,287,
夜15路(同德围总站--广州火车东站总站),14,小北,BV11688429,小北1,BV09226129,小北①,2,
夜15路(广州火车东站总站--同德围总站),2,林和西路,BV11688381,林和西路2,BV09383025,林和西路②,13,
夜15路(广州火车东站总站--同德围总站),12,广东电视台,BV11009136,广东电视台2,BV09394368,广东电视台2,9,
夜15路(广州火车东站总站--同德围总站),13,小北,BV11688429,小北2,BV09226117,小北②,12,
夜15路(广州火车东站总站--同德围总站),15,越秀公园北门,BV09010640,越秀公园北门1,BV09226120,越秀公园北门①,14,
夜15路(广州火车东站总站--同德围总站),17,克山,BV11102072,克山1,BV09377937,克山1,90,
夜15路(广州火车东站总站--同德围总站),20,西湾路,BV09000495,西湾路2,BV09356487,西湾路②,20,
夜15路(广州火车东站总站--同德围总站),21,西湾和苑,BV09006146,西湾和苑2,BV09317154,西湾和苑2,2,
夜16路(城西花园总站--门口岗总站),2,金沙洲路,BV11688450,金沙洲路1,BV09369963,金沙洲路①,25,
夜16路(城西花园总站--门口岗总站),3,金沙洲大桥西,BV10713669,金沙洲大桥西2,BV09010639,金沙洲大桥西②,10,
夜16路(城西花园总站--门口岗总站),5,富力半岛花园,BV09006431,富力半岛花园1,BV10461190,富力半岛花园①,32,
夜16路(城西花园总站--门口岗总站),8,东风西路,BV11687925,东风西路站2,BV09374493,东风西路②,40,
夜16路(城西花园总站--门口岗总站),13,大新路口,BV11688396,大新路口1,BV09340762,大新路口①,6,
夜16路(城西花园总站--门口岗总站),20,越秀南路,BV11687913,越秀南路2,BV09319720,越秀南路②,140,
夜16路(城西花园总站--门口岗总站),25,基立下道,BV11688513,基立下道2,BV11621853,基立下道②,7,
夜16路(城西花园总站--门口岗总站),27,华海大厦,BV10015713,华海大厦1,BV09317631,华海大厦①,15,
夜16路(门口岗总站--城西花园总站),7,南村,BV11688567,南村1,BV09316713,南村1,4,
夜16路(门口岗总站--城西花园总站),10,江湾桥南,BV11688521,江湾桥南2,BV09172266,江湾桥南2,18,
夜16路(门口岗总站--城西花园总站),13,白云路,BV11688476,白云路1,BV09376615,白云路①,13,
夜16路(门口岗总站--城西花园总站),22,人民南路,BV11688400,人民南路1,BV09319719,人民南路①,66,
夜16路(门口岗总站--城西花园总站),27,和平新村2,BV09238796,和平新村1,BV09238795,和平新村①,76,
夜16路(门口岗总站--城西花园总站),29,富力半岛花园,BV09006431,富力半岛花园1,BV10461190,富力半岛花园①,23,
夜16路(门口岗总站--城西花园总站),32,金沙洲路,BV11688450,金沙洲路2,BV11329134,金沙洲路②,180,
夜17路(广州火车东站总站--珠村总站),2,林和西路,BV11688381,林和西路2,BV09383025,林和西路②,13,
夜18路(员村总站--广州火车站总站),2,程界村,BV11688554,程界村1,BV09413159,程界村①,2,
夜18路(员村总站--广州火车站总站),3,员村山顶,BV09006109,员村山顶2,BV09285359,员村山顶②,117,
夜18路(员村总站--广州火车站总站),6,石牌村,BV10018369,石牌村4,BV09387753,石牌村④,6,
夜18路(员村总站--广州火车站总站),7,冼村,BV11086798,冼村3,BV09262063,冼村③,36,
夜18路(员村总站--广州火车站总站),8,人民日报广东分社,BV11688536,人民日报广东分社站2,BV09313214,人民日报广东分社2,12,
夜18路(员村总站--广州火车站总站),9,天河2,BV09321905,天河1,BV09348371,天河①,84,
夜18路(员村总站--广州火车站总站),16,正骨医院,BV11688485,正骨医院2,BV09230308,正骨医院②,23,
夜18路(员村总站--广州火车站总站),19,广医,BV11688391,广医2,BV09186856,广医②,14,
夜18路(员村总站--广州火车站总站),20,和平新村,BV11687875,和平新村1,BV09238795,和平新村①,76,
夜18路(员村总站--广州火车站总站),22,克山,BV11102072,克山2,BV09010643,克山②,287,
夜18路(广州火车站总站--员村总站),2,克山,BV11102072,克山1,BV09377937,克山1,90,
夜18路(广州火车站总站--员村总站),4,和平新村,BV11687875,和平新村1,BV09238795,和平新村①,21,
夜18路(广州火车站总站--员村总站),7,广医,BV11688391,广医2,BV09186856,广医②,26,
夜18路(广州火车站总站--员村总站),11,正骨医院,BV11688485,正骨医院1,BV09230309,正骨医院①,10,
夜18路(广州火车站总站--员村总站),12,东风东路(陵园西路口),BV11278289,东风东路(陵园西路口)2,BV09230320,东风东路（陵园西路口）2,2,
夜18路(广州火车站总站--员村总站),17,天河,BV11462418,天河2,BV09321905,天河②,43,
夜18路(广州火车站总站--员村总站),19,冼村,BV11086798,冼村2,BV09323877,冼村②,80,
夜18路(广州火车站总站--员村总站),20,石牌村,BV10018369,石牌村1,BV09256766,石牌村①,16,
夜18路(广州火车站总站--员村总站),21,国防大厦1,BV09317153,国防大厦2,BV09178253,国防大厦②,306,是
夜19路(汇彩路北总站--罗冲围总站),18,动物园南门,BV11688456,动物园南门1,BV09230318,动物园南门①,1,
夜19路(汇彩路北总站--罗冲围总站),22,越秀桥,BV11688510,越秀桥2,BV09246905,越秀桥②,2,
夜19路(汇彩路北总站--罗冲围总站),25,广医,BV11688391,广医2,BV09186856,广医②,14,
夜19路(汇彩路北总站--罗冲围总站),26,和平新村2,BV09238796,和平新村1,BV09238795,和平新村①,76,
夜19路(汇彩路北总站--罗冲围总站),28,富力半岛花园,BV09006431,富力半岛花园1,BV10461190,富力半岛花园①,23,
夜19路(罗冲围总站--汇彩路北总站),5,富力半岛花园,BV09006431,富力半岛花园1,BV10461190,富力半岛花园①,32,
夜19路(罗冲围总站--汇彩路北总站),8,东风西路,BV11687925,东风西路站2,BV09374493,东风西路②,42,
夜19路(罗冲围总站--汇彩路北总站),10,广医,BV11688391,广医2,BV09186856,广医②,26,
夜19路(罗冲围总站--汇彩路北总站),14,正骨医院,BV11688485,正骨医院1,BV09230309,正骨医院①,10,
夜19路(罗冲围总站--汇彩路北总站),19,天河立交,BV10013640,天河立交2,BV09226112,天河立交2,1,
夜1路(东山总站(署前路)--芳村花园南门总站),6,农讲所,BV11688432,农讲所2,BV09185490,农讲所②,2,
夜1路(东山总站(署前路)--芳村花园南门总站),13,六二三路,BV11688352,六二三路站1,BV09360104,六二三路①,2,
夜1路(芳村花园南门总站--东山总站(署前路)),14,南方大厦站1,BV09192173,南方大厦1,BV09169831,南方大厦①,10,
夜20路(车陂总站--广州南站总站),12,江海大道中1,BV09319409,江海大道中2,BV09316963,江海大道中2,18,
夜21路(东山龟岗(中共三大会址)总站--石井潭村总站),6,中山图书馆,BV11687849,中山图书馆2,BV09376612,中山图书馆②,63,
夜21路(东山龟岗(中共三大会址)总站--石井潭村总站),7,文明路,BV09376614,文明路2,BV09398681,文明路②,3,
夜21路(东山龟岗(中共三大会址)总站--石井潭村总站),13,广医,BV11688391,广医2,BV09186856,广医②,14,
夜21路(东山龟岗(中共三大会址)总站--石井潭村总站),14,和平新村站,BV11687875,和平新村1,BV09238795,和平新村①,76,
夜21路(东山龟岗(中共三大会址)总站--石井潭村总站),16,西湾路,BV09000494,西湾路2,BV09356487,西湾路②,20,
夜21路(东山龟岗(中共三大会址)总站--石井潭村总站),18,西湾路,BV09000495,西湾路2,BV09356487,西湾路②,20,
夜21路(石井潭村总站--东山龟岗(中共三大会址)总站),12,横滘,BV09000553,横滘1,BV09307684,横滘1,13,
夜21路(石井潭村总站--东山龟岗(中共三大会址)总站),17,西湾路,BV09000495,西湾路2,BV09356487,西湾路②,86,
夜21路(石井潭村总站--东山龟岗(中共三大会址)总站),22,东风西路,BV11687925,东风西路1,BV09209214,东风西路①,2,
夜21路(石井潭村总站--东山龟岗(中共三大会址)总站),24,广医,BV11688391,广医2,BV09186856,广医②,26,
夜21路(石井潭村总站--东山龟岗(中共三大会址)总站),29,农讲所,BV11688432,农讲所1,BV09201207,农讲所①,86,
夜22路(广州白云站公交总站--江南大道南(地铁江泰路站)总站),8,新市墟3,BV09161217,新市墟2,BV09226067,新市墟②,59,
夜22路(广州白云站公交总站--江南大道南(地铁江泰路站)总站),16,桂花岗,BV10016229,桂花岗1,BV11477575,桂花岗①,18,
夜22路(江南大道南(地铁江泰路站)总站--广州白云站公交总站),16,迎宾馆,BV11091393,迎宾馆2,BV11596048,迎宾馆2,9,
夜22路(江南大道南(地铁江泰路站)总站--广州白云站公交总站),24,新市墟2,BV09226067,新市墟3,BV09161217,新市墟③,200,
夜23路(宝岗大道总站--汇景北路总站),4,华海大厦,BV10015713,华海大厦1,BV09317631,华海大厦①,15,
夜23路(宝岗大道总站--汇景北路总站),6,怡乐村,BV11687959,怡乐村1,BV09317206,怡乐村①,16,
夜23路(宝岗大道总站--汇景北路总站),14,体育中心,BV11688435,体育中心1,BV09375065,体育中心1,19,
夜23路(汇景北路总站--宝岗大道总站),8,体育中心,BV11688435,体育中心1,BV09375065,体育中心1,19,
夜23路(汇景北路总站--宝岗大道总站),11,客村立交,BV11688553,客村立交2,BV09377599,客村立交2,51,
夜23路(汇景北路总站--宝岗大道总站),12,鹭江2,BV09335012,鹭江1,BV09160624,鹭江①,7,
夜23路(汇景北路总站--宝岗大道总站),14,中山大学2,BV09243523,中山大学1,BV09193343,中山大学①,14,
夜23路(汇景北路总站--宝岗大道总站),16,怡乐村,BV11687959,怡乐村1,BV09317206,怡乐村①,16,
夜23路(汇景北路总站--宝岗大道总站),18,华海大厦,BV10015713,华海大厦1,BV09317631,华海大厦①,15,
夜24路(白云山制药厂总站--纸厂横马路总站),11,豪景花园,BV10326995,豪景花园1,BV09097374,豪景花园①,180,
夜24路(白云山制药厂总站--纸厂横马路总站),12,广州大道中,BV10014367,广州大道中2,BV09230306,广州大道中②,4,
夜24路(白云山制药厂总站--纸厂横马路总站),13,广州体院站,BV09375062,广州体院2,BV09271785,广州体院②,40,
夜24路(白云山制药厂总站--纸厂横马路总站),17,客村立交,BV11688553,客村立交2,BV09377599,客村立交2,2,
夜24路(白云山制药厂总站--纸厂横马路总站),19,康乐村,BV11688348,康乐村1,BV09184531,康乐村①,1,
夜24路(白云山制药厂总站--纸厂横马路总站),20,中山大学,BV11687965,中山大学2,BV09243523,中山大学②,36,
夜24路(白云山制药厂总站--纸厂横马路总站),30,金碧花园,BV09245151,金碧花园2,BV09413160,金碧花园②,210,
夜24路(白云山制药厂总站--纸厂横马路总站),31,新滘西路口,BV09243519,新滘西路口2,BV09360317,新滘西路口②,8,
夜24路(白云山制药厂总站--纸厂横马路总站),32,石溪,BV10681379,石溪1,BV09203867,石溪①,3,
夜24路(纸厂横马路总站--白云山制药厂总站),5,石溪,BV10681379,石溪1,BV09203867,石溪①,265,
夜24路(纸厂横马路总站--白云山制药厂总站),7,金碧花园,BV09245151,金碧花园1,BV09407139,金碧花园①,2,
夜24路(纸厂横马路总站--白云山制药厂总站),8,嘉鸿花园,BV10021775,嘉鸿花园站2,BV09083275,嘉鸿花园②,31,
夜24路(纸厂横马路总站--白云山制药厂总站),18,中山大学,BV11687965,中山大学1,BV09193343,中山大学①,14,
夜24路(纸厂横马路总站--白云山制药厂总站),21,客村立交,BV11688553,客村立交2,BV09377599,客村立交2,51,
夜24路(纸厂横马路总站--白云山制药厂总站),24,广州大道中,BV11687847,广州大道中1,BV09382002,广州大道中①,7,
夜24路(纸厂横马路总站--白云山制药厂总站),25,广州体院站,BV09375062,广州体院2,BV09271785,广州体院②,23,
夜24路(纸厂横马路总站--白云山制药厂总站),26,广州大道中,BV10014367,广州大道中1,BV09382002,广州大道中①,7,
夜24路(纸厂横马路总站--白云山制药厂总站),34,南方医院,BV11688389,南方医院1,BV09293281,南方医院①,38,
夜24路(纸厂横马路总站--白云山制药厂总站),36,同和站,BV11688408,同和1,BV09399597,同和①,252,
夜25路(中山大道东圃站--广州火车站总站),19,广东电视台,BV11009136,广东电视台2,BV09394368,广东电视台2,9,
夜25路(中山大道东圃站--广州火车站总站),20,小北,BV11688429,小北2,BV09226117,小北②,12,
夜25路(中山大道东圃站--广州火车站总站),22,越秀公园北门,BV09010640,越秀公园北门1,BV09226120,越秀公园北门①,14,
夜25路(广州火车站总站--东圃总站),4,小北,BV11688429,小北1,BV09226129,小北①,2,
夜25路(广州火车站总站--东圃总站),5,花园酒店,BV09360551,花园酒店2,BV09226130,花园酒店2,2,
夜26路(文化公园总站--石井),2,南方大厦站1,BV09192173,南方大厦1,BV09169831,南方大厦1,10,
夜26路(文化公园总站--石井),4,大新路口,BV11688396,大新路口1,BV09340762,大新路口①,171,
夜26路(文化公园总站--石井),9,广医,BV11688391,广医2,BV09186856,广医②,26,
夜26路(文化公园总站--石井),12,越秀公园,BV11688125,越秀公园2,BV09226094,越秀公园②,2,
夜26路(文化公园总站--石井),17,棠下(三元里大道),BV11687942,棠下(三元里大道)1,BV09172231,棠下（三元里大道）①,87,
夜26路(文化公园总站--石井),18,三元里大道中,BV11687945,三元里大道中2,BV09164965,三元里大道中②,136,
夜26路(文化公园总站--石井),21,新市墟2,BV09226067,新市墟3,BV09161217,新市墟③,200,
夜26路(文化公园总站--石井),25,小坪,BV11688428,小坪2,BV09209209,小坪②,249,
夜26路(石井(广东兵工厂旧址)站--文化公园总站),8,小坪,BV11688428,小坪2,BV09209209,小坪②,2,
夜26路(石井(广东兵工厂旧址)站--文化公园总站),9,马务,BV11688360,马务2,BV09226099,马务②,8,
夜26路(石井(广东兵工厂旧址)站--文化公园总站),12,新市墟3,BV09161217,新市墟2,BV09226067,新市墟②,59,
夜26路(石井(广东兵工厂旧址)站--文化公园总站),16,棠下(三元里大道),BV11687942,棠下(三元里大道)1,BV09172231,棠下（三元里大道）①,1,
夜26路(石井(广东兵工厂旧址)站--文化公园总站),27,东升医院,BV11688394,东升医院2,BV09295166,东升医院2,0,
夜26路(石井(广东兵工厂旧址)站--文化公园总站),29,大新路口,BV11688396,大新路口1,BV09340762,大新路口①,6,
夜26路(石井(广东兵工厂旧址)站--文化公园总站),30,人民南路,BV11688400,人民南路1,BV09319719,人民南路①,6,
夜27路(滘口客运站总站--车陂总站),5,荔湾路口,BV10016144,荔湾路口1,BV09271782,荔湾路口①,33,
夜27路(滘口客运站总站--车陂总站),6,陈家祠,BV11596161,陈家祠2,BV09195327,陈家祠2,8,
夜27路(滘口客运站总站--车陂总站),11,农讲所,BV11688432,农讲所1,BV09201207,农讲所①,86,
夜27路(滘口客运站总站--车陂总站),19,天河,BV11462418,天河2,BV09321905,天河②,43,
夜27路(滘口客运站总站--车陂总站),22,石牌村,BV10018369,石牌村1,BV09256766,石牌村①,16,
夜27路(滘口客运站总站--车陂总站),23,国防大厦,BV11688471,国防大厦3,BV09410279,国防大厦③,4,
夜27路(车陂总站--滘口客运站总站),5,程界村,BV11688554,程界村1,BV09413159,程界村①,2,
夜27路(车陂总站--滘口客运站总站),6,员村山顶,BV09006109,员村山顶2,BV09285359,员村山顶②,117,
夜27路(车陂总站--滘口客运站总站),7,华侨医院(潭村)站,BV10539406,华侨医院(潭村)1,BV09232892,华侨医院（潭村）①,1,
夜27路(车陂总站--滘口客运站总站),9,石牌村,BV10018369,石牌村4,BV09387753,石牌村④,6,
夜27路(车陂总站--滘口客运站总站),10,冼村,BV11086798,冼村3,BV09262063,冼村③,36,
夜27路(车陂总站--滘口客运站总站),11,人民日报广东分社,BV11688536,人民日报广东分社站2,BV09313214,人民日报广东分社2,12,
夜27路(车陂总站--滘口客运站总站),12,天河,BV11462418,天河1,BV09348371,天河①,84,
夜27路(车陂总站--滘口客运站总站),20,农讲所,BV11688432,农讲所2,BV09185490,农讲所②,2,
夜27路(车陂总站--滘口客运站总站),28,中山八路,BV11688465,中山八路1,BV09213747,中山八路①,2,
夜27路(车陂总站--滘口客运站总站),29,桥中1,BV11163379,桥中站1,BV09376898,桥中①,5,
夜28路(丽江花园总站--广州火车东站总站),13,广州大道南(叠景路口)站,BV09181701,广州大道南(叠景路口)1,BV09183567,广州大道南（叠景路口）①,286,
夜28路(广州火车东站总站--丽江花园总站),2,林和西路,BV11688381,林和西路2,BV09383025,林和西路②,13,
夜28路(广州火车东站总站--丽江花园总站),4,广州大道中,BV11687847,广州大道中2,BV09230306,广州大道中②,4,
夜28路(广州火车东站总站--丽江花园总站),7,客村立交,BV11688553,客村立交1,BV09377600,客村立交1,481,是
夜29路(江海大道中总站--滘口客运站总站),3,赤岗路口,BV09005990,赤岗路口2,BV09317596,赤岗路口2,346,是
夜29路(江海大道中总站--滘口客运站总站),5,鹭江2,BV09335012,鹭江1,BV09160624,鹭江①,7,
夜29路(江海大道中总站--滘口客运站总站),7,中山大学,BV11687965,中山大学1,BV09193343,中山大学①,14,
夜29路(江海大道中总站--滘口客运站总站),9,怡乐村,BV11687959,怡乐村1,BV09317206,怡乐村①,16,
夜29路(江海大道中总站--滘口客运站总站),11,信和广场(昌岗中路),BV10014647,信和广场(昌岗中路)2,BV09226101,信和广场（昌岗中路）②,332,是
夜29路(滘口汽车站总站--江海大道中),16,中山大学,BV11687965,中山大学1,BV09193343,中山大学①,14,
夜29路(滘口汽车站总站--江海大道中),18,鹭江,BV11687958,鹭江1,BV09160624,鹭江①,7,
夜29路(滘口汽车站总站--江海大道中),20,赤岗路口,BV09005990,赤岗路口2,BV09317596,赤岗路口2,346,是
夜2路(石潭西路口--陈家祠总站(中山七路)),10,西湾和苑,BV09006146,西湾和苑2,BV09317154,西湾和苑2,2,
夜2路(石潭西路口--陈家祠总站(中山七路)),11,西湾路,BV09000495,西湾路2,BV09356487,西湾路②,20,
夜2路(石潭西路口--陈家祠总站(中山七路)),13,西湾路,BV09000494,西湾路2,BV09356487,西湾路②,20,
夜2路(石潭西路口--陈家祠总站(中山七路)),19,石路基,BV11688484,石路基2,BV09337403,石路基②,72,
夜2路(石潭西路口--陈家祠总站(中山七路)),20,荔湾路口,BV10016144,荔湾路口2,BV11164816,荔湾路口2,1,
夜2路(陈家祠总站(中山七路)--石潭西路口),4,石路基,BV11688484,石路基2,BV09337403,石路基②,72,
夜2路(陈家祠总站(中山七路)--石潭西路口),12,西湾路,BV09000495,西湾路2,BV09356487,西湾路②,20,
夜2路(陈家祠总站(中山七路)--石潭西路口),13,西湾和苑,BV09006146,西湾和苑2,BV09317154,西湾和苑2,2,
夜30路(沥滘路西总站--罗冲围(松南)总站),9,上涌,BV10014360,上涌2,BV09175488,上涌②,115,
夜30路(沥滘路西总站--罗冲围(松南)总站),10,广州大道南(叠景路口),BV09181701,广州大道南(叠景路口)1,BV09183567,广州大道南（叠景路口）①,286,
夜30路(沥滘路西总站--罗冲围(松南)总站),12,鹭江,BV11687958,鹭江2,BV09335012,鹭江②,1,
夜30路(沥滘路西总站--罗冲围(松南)总站),14,中山大学,BV11687965,中山大学2,BV09243523,中山大学②,36,
夜30路(沥滘路西总站--罗冲围(松南)总站),19,江南大道中,BV10015712,江南大道中1,BV09228038,江南大道中1,2,
夜30路(沥滘路西总站--罗冲围(松南)总站),20,地铁市二宫站,BV10388873,地铁市二宫站1,BV09232762,地铁市二宫站①,34,
夜30路(沥滘路西总站--罗冲围(松南)总站),23,解放中路,BV11688461,解放中路2,BV09226097,解放中路②,19,
夜30路(沥滘路西总站--罗冲围(松南)总站),26,中山七路,BV10016143,中山七路2,BV09194673,中山七路2,1,
夜30路(沥滘路西总站--罗冲围(松南)总站),27,陈家祠,BV11596161,陈家祠2,BV09195327,陈家祠2,21,
夜30路(沥滘路西总站--罗冲围(松南)总站),29,彩虹桥,BV09001152,彩虹桥1,BV09230293,彩虹桥①,5,
夜30路(沥滘路西总站--罗冲围(松南)总站),30,和平新村2,BV09238796,和平新村1,BV09238795,和平新村①,76,
夜30路(沥滘路西总站--罗冲围(松南)总站),32,富力半岛花园,BV09006431,富力半岛花园1,BV10461190,富力半岛花园①,23,
夜30路(沥滘路西总站--罗冲围(松南)总站),33,罗冲围客运站,BV10013779,罗冲围客运站2,BV11675544,罗冲围客运站②,12,
夜30路(罗冲围总站(松南路)--沥滘路西总站),2,罗冲围客运站1,BV11629687,罗冲围客运站2,BV11675544,罗冲围客运站②,141,
夜30路(罗冲围总站(松南路)--沥滘路西总站),4,富力半岛花园,BV09006431,富力半岛花园1,BV10461190,富力半岛花园①,32,
夜30路(罗冲围总站(松南路)--沥滘路西总站),6,陈家祠,BV11596161,陈家祠2,BV09195327,陈家祠2,8,
夜30路(罗冲围总站(松南路)--沥滘路西总站),9,中山六路,BV09317509,中山六路站2,BV09087077,中山六路②,1,
夜30路(罗冲围总站(松南路)--沥滘路西总站),10,解放中路,BV11688461,解放中路2,BV09226097,解放中路②,17,
夜30路(罗冲围总站(松南路)--沥滘路西总站),11,解放南路,BV11688454,解放南路2,BV09226091,解放南路②,8,
夜30路(罗冲围总站(松南路)--沥滘路西总站),22,鹭江,BV11687958,鹭江1,BV09160624,鹭江①,7,
夜30路(罗冲围总站(松南路)--沥滘路西总站),23,敦和,BV11687930,敦和3,BV09026856,敦和③,4,
夜30路(罗冲围总站(松南路)--沥滘路西总站),24,广州大道南(叠景路口)2,BV09184938,广州大道南(叠景路口)3,BV09238939,广州大道南（叠景路口）③,93,
夜31路(海印桥总站--珠岛花园总站),2,大沙头游船码头,BV11688483,大沙头游船码头1,BV09278983,大沙头游船码头①,5,
夜31路(海印桥总站--珠岛花园总站),10,人民南路,BV11688400,人民南路1,BV09319719,人民南路①,66,
夜31路(海印桥总站--珠岛花园总站),16,中山七路,BV10016143,中山七路2,BV09194673,中山七路2,1,
夜31路(珠岛花园总站--海印桥总站),5,中山八路,BV11688465,中山八路1,BV09213747,中山八路①,225,
夜31路(珠岛花园总站--海印桥总站),7,荔湾路口,BV10016144,荔湾路口1,BV09271782,荔湾路口①,33,
夜31路(珠岛花园总站--海印桥总站),8,陈家祠,BV11596161,陈家祠2,BV09195327,陈家祠2,8,
夜31路(珠岛花园总站--海印桥总站),11,东升医院,BV11688394,东升医院2,BV09295166,东升医院2,0,
夜32路(鹤洞总站--市儿童公园总站),11,江南大道中,BV10015712,江南大道中1,BV09228038,江南大道中①,2,
夜32路(鹤洞总站--市儿童公园总站),16,仓边路,BV10013930,仓边路1,BV09317752,仓边路①,14,
夜32路(鹤洞总站--市儿童公园总站),17,小北花圈,BV10013929,小北花圈2,BV09316767,小北花圈②,9,
夜32路(鹤洞总站--市儿童公园总站),23,雕塑公园,BV11554813,雕塑公园1,BV09317749,雕塑公园①,6,
夜33路(中山八路总站--石榴岗总站),16,华海大厦,BV10015713,华海大厦1,BV09317631,华海大厦①,15,
夜33路(石榴岗总站--中山八路总站),10,敦和站,BV11687930,敦和2,BV09406264,敦和②,42,
夜33路(石榴岗总站--中山八路总站),23,南村,BV11688567,南村1,BV09316713,南村1,4,
夜33路(石榴岗总站--中山八路总站),26,江南大道北,BV10016114,江南大道北1,BV09243516,江南大道北①,1,
夜33路(石榴岗总站--中山八路总站),36,如意坊,BV11357695,如意坊2,BV09382089,如意坊②,21,
夜34路(南洲路总站(小洲南路口)--黄村训练基地总站),14,上涌,BV10014360,上涌2,BV09175488,上涌②,115,
夜34路(南洲路总站(小洲南路口)--黄村训练基地总站),15,广州大道南(叠景路口),BV09181701,广州大道南(叠景路口)1,BV09183567,广州大道南（叠景路口）①,286,
夜34路(南洲路总站(小洲南路口)--黄村训练基地总站),20,天河,BV11462418,天河2,BV09321905,天河②,43,
夜34路(黄村训练基地总站--南洲路(小洲南路口)总站),19,天河南,BV10017705,天河南2,BV10405865,天河南②,5,
夜34路(黄村训练基地总站--南洲路(小洲南路口)总站),22,人民日报广东分社,BV11688536,人民日报广东分社站2,BV09313214,人民日报广东分社2,12,
夜34路(黄村训练基地总站--南洲路(小洲南路口)总站),23,天河2,BV09321905,天河1,BV09348371,天河①,84,
夜34路(黄村训练基地总站--南洲路(小洲南路口)总站),26,客村立交,BV11688553,客村立交1,BV09377600,客村立交1,481,是
夜35路(员村一横路总站--黄鹤路总站),4,员村山顶,BV09006109,员村山顶2,BV09285359,员村山顶②,117,
夜35路(员村一横路总站--黄鹤路总站),7,石牌村,BV10018369,石牌村4,BV09387753,石牌村④,6,
夜35路(员村一横路总站--黄鹤路总站),8,天河南,BV10017705,天河南1,BV11431965,天河南①,145,
夜35路(员村一横路总站--黄鹤路总站),11,广州大道中,BV11687847,广州大道中1,BV09382002,广州大道中①,7,
夜35路(员村一横路总站--黄鹤路总站),14,濂泉路口,BV11688393,濂泉路口1,BV09318948,濂泉路口①,24,
夜35路(员村一横路总站--黄鹤路总站),17,白云山管理局,BV10013651,白云山管理局2,BV09329720,白云山管理局②,9,
夜35路(员村一横路总站--黄鹤路总站),21,云城南,BV10013708,云城南1,BV09226082,云城南1,7,
夜35路(员村一横路总站--黄鹤路总站),25,新市墟,BV11687839,新市墟3,BV09161217,新市墟③,200,
夜35路(黄鹤路总站--员村一横路总站),4,联和,BV11687903,联和2,BV09226063,联和②,124,
夜35路(黄鹤路总站--员村一横路总站),7,新市墟,BV11687839,新市墟2,BV09226067,新市墟②,59,
夜35路(黄鹤路总站--员村一横路总站),11,机场立交北,BV10523474,机场立交北1,BV09226089,机场立交北①,19,
夜35路(黄鹤路总站--员村一横路总站),19,濂泉路口,BV11688393,濂泉路口2,BV09412828,濂泉路口②,438,是
夜35路(黄鹤路总站--员村一横路总站),22,广州大道中,BV11687847,广州大道中2,BV09230306,广州大道中②,4,
夜35路(黄鹤路总站--员村一横路总站),25,天河南,BV10017705,天河南2,BV10405865,天河南②,5,
夜35路(黄鹤路总站--员村一横路总站),27,国防大厦,BV11688471,国防大厦3,BV09410279,国防大厦③,4,
夜36路(棠德花苑总站--芳村西塱总站),11,员村山顶,BV09006109,员村山顶2,BV09285359,员村山顶②,117,
夜36路(棠德花苑总站--芳村西塱总站),12,华侨医院(潭村),BV10539406,华侨医院(潭村)1,BV09232892,华侨医院（潭村）①,1,
夜36路(棠德花苑总站--芳村西塱总站),14,石牌村,BV10018369,石牌村4,BV09387753,石牌村④,6,
夜36路(棠德花苑总站--芳村西塱总站),15,冼村,BV11086798,冼村3,BV09262063,冼村③,36,
夜36路(棠德花苑总站--芳村西塱总站),16,人民日报广东分社,BV11688536,人民日报广东分社站2,BV09313214,人民日报广东分社2,12,
夜36路(棠德花苑总站--芳村西塱总站),17,天河2,BV09321905,天河1,BV09348371,天河①,84,
夜36路(棠德花苑总站--芳村西塱总站),27,中山图书馆,BV11687849,中山图书馆2,BV09376612,中山图书馆②,63,
夜36路(棠德花苑总站--芳村西塱总站),28,文明路,BV09376614,文明路2,BV09398681,文明路②,3,
夜36路(棠德花苑总站--芳村西塱总站),31,解放南路,BV11688454,解放南路2,BV09226091,解放南路②,8,
夜36路(棠德花苑总站--芳村西塱总站),32,堑口,BV10885474,堑口2,BV09179585,堑口②,11,
夜36路(芳村西塱总站--棠德花苑总站),14,文明路,BV09376614,文明路1,BV09215180,文明路①,23,
夜36路(芳村西塱总站--棠德花苑总站),25,天河,BV11462418,天河2,BV09321905,天河②,43,
夜36路(芳村西塱总站--棠德花苑总站),28,石牌村,BV10018369,石牌村1,BV09256766,石牌村①,16,
夜36路(芳村西塱总站--棠德花苑总站),29,国防大厦,BV11688471,国防大厦3,BV09410279,国防大厦③,4,
夜37路(中山八路总站--江海大道中),14,华海大厦,BV10015713,华海大厦1,BV09317631,华海大厦①,15,
夜37路(中山八路总站--江海大道中),18,中山大学,BV11687965,中山大学1,BV09193343,中山大学①,14,
夜37路(中山八路总站--江海大道中),20,鹭江,BV11687958,鹭江1,BV09160624,鹭江①,7,
夜37路(中山八路总站--江海大道中),22,赤岗路口,BV09005990,赤岗路口2,BV09317596,赤岗路口②,346,是
夜37路(江海大道中总站--中山八路总站),3,赤岗路口,BV09005990,赤岗路口2,BV09317596,赤岗路口2,4,
夜37路(江海大道中总站--中山八路总站),5,鹭江,BV11687958,鹭江2,BV09335012,鹭江②,1,
夜37路(江海大道中总站--中山八路总站),6,康乐村,BV11688348,康乐村1,BV09184531,康乐村①,1,
夜37路(江海大道中总站--中山八路总站),20,六二三路,BV11688352,六二三路站1,BV09360104,六二三路①,2,
夜38路(天河智慧城核心区总站(高唐)--广卫路总站),6,科学大道口,BV11687887,科学大道口2,BV09212867,科学大道口②,58,
夜38路(天河智慧城核心区总站(高唐)--广卫路总站),36,广卫路总站,BV10013719,广卫路总站4,BV09174824,广卫路总站④,56,
夜38路(广卫路总站--天河智慧城核心区总站(高唐)),1,广卫路总站,BV10013719,广卫路总站4,BV09174824,广卫路总站④,56,
夜38路(广卫路总站--天河智慧城核心区总站(高唐)),26,科学城路口1,BV09081247,科学城路口站1,BV09343742,科学城路口①,1,
夜39路(恒宝广场总站--科韵路总站),6,东升医院,BV11688394,东升医院2,BV09295166,东升医院②,0,
夜39路(恒宝广场总站--科韵路总站),11,文明路,BV09376614,文明路2,BV09398681,文明路②,98,
夜39路(恒宝广场总站--科韵路总站),13,越秀南路站,BV11687913,越秀南路2,BV09319720,越秀南路②,140,
夜39路(恒宝广场总站--科韵路总站),22,天河,BV11462418,天河2,BV09321905,天河②,43,
夜39路(恒宝广场总站--科韵路总站),26,国防大厦,BV11688471,国防大厦3,BV09410279,国防大厦③,4,
夜39路(科韵路总站--恒宝广场总站),3,程界村,BV11688554,程界村1,BV09413159,程界村①,2,
夜39路(科韵路总站--恒宝广场总站),5,华侨医院(潭村),BV10539406,华侨医院(潭村)1,BV09232892,华侨医院（潭村）①,1,
夜39路(科韵路总站--恒宝广场总站),7,石牌村,BV10018369,石牌村4,BV09387753,石牌村④,6,
夜39路(科韵路总站--恒宝广场总站),8,冼村,BV11086798,冼村3,BV09262063,冼村③,36,
夜39路(科韵路总站--恒宝广场总站),10,天河,BV11462418,天河1,BV09348371,天河①,83,
夜39路(科韵路总站--恒宝广场总站),19,中山图书馆,BV11687849,中山图书馆2,BV09376612,中山图书馆②,63,
夜39路(科韵路总站--恒宝广场总站),20,文明路,BV09376614,文明路1,BV09215180,文明路①,142,
夜3路(凰岗总站--石溪总站),13,富力半岛花园,BV09006431,富力半岛花园1,BV10461190,富力半岛花园①,32,
夜3路(凰岗总站--石溪总站),15,东风西路,BV11687925,东风西路站2,BV09374493,东风西路②,40,
夜3路(石溪总站--凰岗总站),13,和平新村2,BV09238796,和平新村1,BV09238795,和平新村①,21,
夜3路(石溪总站--凰岗总站),14,富力半岛花园,BV09006431,富力半岛花园1,BV10461190,富力半岛花园①,32,
夜40路(广园新村总站--琶洲大桥北总站),5,桂花岗,BV10016229,桂花岗1,BV11477575,桂花岗①,19,
夜40路(广园新村总站--琶洲大桥北总站),7,迎宾馆,BV11091393,迎宾馆2,BV11596048,迎宾馆2,36,
夜40路(广园新村总站--琶洲大桥北总站),9,农讲所,BV11688432,农讲所1,BV09201207,农讲所①,86,
夜40路(广园新村总站--琶洲大桥北总站),18,冼村,BV11086798,冼村2,BV09323877,冼村②,80,
夜40路(广园新村总站--琶洲大桥北总站),19,石牌村,BV10018369,石牌村1,BV09256766,石牌村①,16,
夜40路(广园新村总站--琶洲大桥北总站),20,国防大厦,BV11688471,国防大厦3,BV09410279,国防大厦③,4,
夜40路(广园新村总站--琶洲大桥北总站),25,员村四横路口,BV11688540,员村四横路口2,BV09302573,员村四横路口②,5,
夜40路(琶洲大桥北总站--广园新村总站),4,程界村,BV11688554,程界村1,BV09413159,程界村①,2,
夜40路(琶洲大桥北总站--广园新村总站),8,石牌村,BV10018369,石牌村4,BV09387753,石牌村④,6,
夜40路(琶洲大桥北总站--广园新村总站),9,冼村,BV11086798,冼村3,BV09262063,冼村③,36,
夜40路(琶洲大桥北总站--广园新村总站),10,人民日报广东分社,BV11688536,人民日报广东分社站2,BV09313214,人民日报广东分社2,12,
夜40路(琶洲大桥北总站--广园新村总站),11,天河,BV11462418,天河1,BV09348371,天河①,84,
夜40路(琶洲大桥北总站--广园新村总站),19,农讲所,BV11688432,农讲所2,BV09185490,农讲所②,2,
夜40路(琶洲大桥北总站--广园新村总站),22,越秀公园,BV11688125,越秀公园2,BV09226094,越秀公园②,2,
夜40路(琶洲大桥北总站--广园新村总站),23,梓元岗站,BV09364515,梓元岗2,BV09368222,梓元岗②,21,
夜41路(保税区总站--广州火车站总站),50,白云宾馆,BV11009137,白云宾馆2,BV09226118,白云宾馆2,9,
夜41路(保税区总站--广州火车站总站),51,广东电视台,BV11009136,广东电视台2,BV09394368,广东电视台2,9,
夜41路(保税区总站--广州火车站总站),54,越秀公园北门,BV09010640,越秀公园北门1,BV09226120,越秀公园北门①,14,
夜41路(广州火车站总站--保税区总站),4,小北,BV11688429,小北1,BV09226129,小北①,2,
夜41路(广州火车站总站--保税区总站),7,动物园南门,BV11688456,动物园南门2,BV09226115,动物园南门②,3,
夜42路(珠江帝景苑总站--金宇花园总站),12,基立下道,BV11688513,基立下道2,BV11621853,基立下道②,7,
夜42路(金宇花园总站--珠江帝景苑总站),7,信和广场(昌岗中路),BV10014647,信和广场(昌岗中路)2,BV09226101,信和广场（昌岗中路）②,332,是
夜43路(天坤三路总站--瑞宝乡总站),20,天河南,BV10017705,天河南2,BV10405865,天河南②,5,
夜43路(天坤三路总站--瑞宝乡总站),21,猎德大道北站,BV11688556,猎德大道北2,BV09413161,猎德大道北②,16,
夜43路(天坤三路总站--瑞宝乡总站),27,客村立交,BV11688553,客村立交1,BV09377600,客村立交1,481,是
夜43路(天坤三路总站--瑞宝乡总站),30,中山大学站,BV11687965,中山大学2,BV09243523,中山大学②,36,
夜43路(瑞宝乡总站--天坤三路总站),6,怡乐村,BV11687959,怡乐村1,BV09317206,怡乐村①,16,
夜43路(瑞宝乡总站--天坤三路总站),10,鹭江,BV11687958,鹭江1,BV09160624,鹭江①,7,
夜43路(瑞宝乡总站--天坤三路总站),11,客村立交,BV11688553,客村立交2,BV09377599,客村立交2,51,
夜43路(瑞宝乡总站--天坤三路总站),18,天河南,BV10017705,天河南2,BV10405865,天河南②,110,
夜44路(桥中总站--海珠客运站总站),10,芳村客运站,BV10014060,芳村客运站1,BV09307685,芳村客运站①,2,
夜44路(海珠客运站总站--桥中总站),2,海珠客运站,BV10015271,海珠客运站2,BV11196681,海珠客运站②,9,
夜44路(海珠客运站总站--桥中总站),18,花地大道,BV09001039,花地大道2,BV09163014,花地大道②,4,
夜45路(城西花园总站--大塘总站),2,金沙洲路,BV11688450,金沙洲路1,BV09369963,金沙洲路①,25,
夜45路(城西花园总站--大塘总站),3,金沙洲大桥西,BV10713669,金沙洲大桥西2,BV09010639,金沙洲大桥西②,10,
夜45路(城西花园总站--大塘总站),5,富力半岛花园,BV09006431,富力半岛花园1,BV10461190,富力半岛花园①,32,
夜45路(城西花园总站--大塘总站),8,东风西路,BV11687925,东风西路站2,BV09374493,东风西路②,42,
夜45路(城西花园总站--大塘总站),26,鹭江,BV11687958,鹭江1,BV09160624,鹭江①,7,
夜45路(大塘总站--城西花园总站),8,鹭江,BV11687958,鹭江2,BV09335012,鹭江②,1,
夜45路(大塘总站--城西花园总站),9,康乐村,BV11688348,康乐村1,BV09184531,康乐村①,1,
夜45路(大塘总站--城西花园总站),19,革新路口站,BV09006413,革新路口1,BV09314790,革新路口①,20,
夜45路(大塘总站--城西花园总站),21,洪德路,BV11688508,洪德路1,BV09200956,洪德路①,121,
夜45路(大塘总站--城西花园总站),31,金沙洲路,BV11688450,金沙洲路2,BV11329134,金沙洲路②,180,
夜4路(恒福路总站--海珠客运站总站),5,广东电视台,BV11009136,广东电视台2,BV09394368,广东电视台2,9,
夜4路(恒福路总站--海珠客运站总站),6,小北,BV11688429,小北2,BV09226117,小北②,12,
夜4路(恒福路总站--海珠客运站总站),9,农讲所,BV11688432,农讲所1,BV09201207,农讲所①,86,
夜4路(海珠客运站总站--恒福路总站),9,海印桥南,BV11688474,海印桥南1,BV09245639,海印桥南①,14,
夜4路(海珠客运站总站--恒福路总站),10,大沙头游船码头,BV11688483,大沙头游船码头1,BV09278983,大沙头游船码头①,5,
夜4路(海珠客运站总站--恒福路总站),15,农讲所站,BV11688432,农讲所2,BV09185490,农讲所②,2,
夜4路(海珠客运站总站--恒福路总站),16,仓边路,BV10013930,仓边路1,BV09317752,仓边路1,14,
夜4路(海珠客运站总站--恒福路总站),17,小北花圈,BV10013929,小北花圈2,BV09316767,小北花圈②,9,
夜53路(体育中心--天慧路总站),1,体育中心,BV11688435,体育中心1,BV09375065,体育中心①,19,
夜53路(体育中心--天慧路总站),16,凌塘村,BV11689183,凌塘村站2,BV09324145,凌塘村②,257,
夜53路(天慧路总站--体育中心总站),8,科学大道口,BV11687887,科学大道口2,BV09212867,科学大道口②,58,
夜53路(天慧路总站--体育中心总站),11,凌塘村,BV11689183,凌塘村站2,BV09324145,凌塘村②,4,
夜55路(小洲村口总站--广州火车站总站),15,金碧花园,BV09245151,金碧花园2,BV09413160,金碧花园②,210,
夜55路(小洲村口总站--广州火车站总站),16,新滘西路口,BV09243519,新滘西路口2,BV09360317,新滘西路口②,8,
夜55路(小洲村口总站--广州火车站总站),28,市红会医院,BV10016127,市红会医院1,BV09226102,市红会医院1,13,
夜55路(小洲村口总站--广州火车站总站),30,解放中路,BV11688461,解放中路2,BV09226097,解放中路②,19,
夜55路(小洲村口总站--广州火车站总站),31,迎宾馆站,BV11091393,迎宾馆2,BV11596048,迎宾馆2,9,
夜55路(广州火车站总站--小洲村口总站),4,迎宾馆站,BV11091393,迎宾馆2,BV11596048,迎宾馆2,18,
夜55路(广州火车站总站--小洲村口总站),6,解放南路,BV11688454,解放南路2,BV09226091,解放南路②,8,
夜55路(广州火车站总站--小洲村口总站),19,石溪,BV10681379,石溪1,BV09203867,石溪①,265,
夜55路(广州火车站总站--小洲村口总站),21,金碧花园站,BV09245151,金碧花园1,BV09407139,金碧花园①,2,
夜55路(广州火车站总站--小洲村口总站),22,嘉鸿花园,BV10021775,嘉鸿花园站2,BV09083275,嘉鸿花园②,31,
夜56路(广卫路总站--赤沙总站),3,仓边路,BV10013930,仓边路1,BV09317752,仓边路1,14,
夜56路(广卫路总站--赤沙总站),4,小北花圈,BV10013929,小北花圈2,BV09316767,小北花圈②,9,
夜56路(广卫路总站--赤沙总站),5,小北,BV11688429,小北1,BV09226129,小北①,2,
夜56路(广卫路总站--赤沙总站),10,体育中心,BV11688545,体育中心1,BV09375065,体育中心1,19,
夜56路(赤沙总站--广卫路总站),18,白云宾馆,BV11009137,白云宾馆2,BV09226118,白云宾馆2,9,
夜56路(赤沙总站--广卫路总站),19,广东电视台,BV11009136,广东电视台2,BV09394368,广东电视台2,9,
夜56路(赤沙总站--广卫路总站),20,小北,BV11688429,小北2,BV09226117,小北②,12,
夜56路(赤沙总站--广卫路总站),22,仓边路,BV10013930,仓边路2,BV09357063,仓边路2,22,
夜5路(天平架总站--黄沙总站),7,黄花岗,BV10014265,黄花岗1,BV09348431,黄花岗①,2,
夜5路(天平架总站--黄沙总站),10,广东电视台,BV11009136,广东电视台2,BV09394368,广东电视台2,9,
夜5路(天平架总站--黄沙总站),11,小北,BV11688429,小北2,BV09226117,小北②,12,
夜5路(天平架总站--黄沙总站),17,东升医院,BV11688394,东升医院2,BV09295166,东升医院2,0,
夜5路(天平架总站--黄沙总站),20,市中医院2,BV09165635,市中医院站2,BV09385884,市中医院②,17,
夜5路(黄沙总站--天平架总站),14,小北,BV11688429,小北1,BV09226129,小北①,2,
夜5路(黄沙总站--天平架总站),15,花园酒店,BV09360551,花园酒店2,BV09226130,花园酒店2,2,
夜5路(黄沙总站--天平架总站),21,豪景花园,BV10326995,豪景花园2,BV09314787,豪景花园②,15,
夜60路(联和总站(惠联路)--万科里享家总站),26,新丰路口站,BV11688330,新丰路口2,BV09209215,新丰路口②,5,
夜61路(体育中心站--广州南站总站),1,体育中心站,BV11688545,体育中心1,BV09375065,体育中心1,19,
夜61路(体育中心站--广州南站总站),7,客村立交站,BV11688553,客村立交1,BV09377600,客村立交1,481,是
夜61路(体育中心站--广州南站总站),9,广州大道南(叠景路口)2,BV09184938,广州大道南(叠景路口)3,BV09238939,广州大道南（叠景路口）③,93,
夜61路(体育中心站--广州南站总站),10,上涌站,BV10014360,上涌2,BV09175488,上涌②,5,
夜61路(广州南站总站--体育中心站),13,敦和站,BV11687930,敦和2,BV09406264,敦和②,7,
夜61路(广州南站总站--体育中心站),17,体育中心站,BV11688545,体育中心1,BV09375065,体育中心1,19,
夜68路(广汕路(科景路口)总站--天河公交场总站),15,凌塘村站1,BV09081166,凌塘村1,BV11341513,凌塘村1,6,
夜69路(滘口客运站总站--鳌鱼岗大街牌坊总站),8,下芳村,BV10013605,下芳村1,BV11329135,下芳村①,20,
夜69路(滘口客运站总站--鳌鱼岗大街牌坊总站),14,基立下道,BV11688513,基立下道2,BV11621853,基立下道②,89,
夜69路(滘口客运站总站--鳌鱼岗大街牌坊总站),15,江湾桥南,BV11688521,江湾桥南1,BV09359515,江湾桥南①,49,
夜69路(滘口客运站总站--鳌鱼岗大街牌坊总站),16,东风东路(陵园西路口),BV11278289,东风东路(陵园西路口)1,BV09230319,东风东路（陵园西路口）①,0,
夜69路(滘口客运站总站--鳌鱼岗大街牌坊总站),21,沙河大街,BV10014271,沙河大街2,BV09332378,沙河大街②,1,
夜69路(滘口客运站总站--鳌鱼岗大街牌坊总站),24,燕塘企业,BV09002629,燕塘企业3,BV09341157,燕塘企业3,18,
夜69路(滘口客运站总站--鳌鱼岗大街牌坊总站),25,武警医院,BV11687881,武警医院1,BV09260273,武警医院1,4,
夜69路(鳌鱼岗大街牌坊总站--滘口客运站总站),2,武警医院,BV11687881,武警医院2,BV09344864,武警医院②,50,
夜69路(鳌鱼岗大街牌坊总站--滘口客运站总站),9,黄花岗,BV10014265,黄花岗1,BV09348431,黄花岗①,2,
夜69路(鳌鱼岗大街牌坊总站--滘口客运站总站),14,江湾桥南,BV11688521,江湾桥南2,BV09172266,江湾桥南②,151,
夜69路(鳌鱼岗大街牌坊总站--滘口客运站总站),18,南田西,BV10715984,南田西2,BV09222640,南田西②,23,
夜69路(鳌鱼岗大街牌坊总站--滘口客运站总站),19,革新路口,BV09006413,革新路口1,BV09314790,革新路口①,20,
夜69路(鳌鱼岗大街牌坊总站--滘口客运站总站),20,洪德路,BV11688508,洪德路1,BV09200956,洪德路①,2,
夜69路(鳌鱼岗大街牌坊总站--滘口客运站总站),21,芳村,BV11688439,芳村1,BV09177348,芳村①,2,
夜6路(新滘东路总站(龙潭村)--中山八路总站),9,广州大道南(叠景路口),BV09181701,广州大道南(叠景路口)1,BV09183567,广州大道南（叠景路口）①,286,
夜70路(北山村总站(新滘东路)--天河客运站总站),19,广州大道中,BV10014367,广州大道中1,BV09382002,广州大道中①,7,
夜70路(北山村总站(新滘东路)--天河客运站总站),22,燕塘企业,BV09002629,燕塘企业3,BV09341157,燕塘企业3,2,
夜70路(天河客运站总站--北山村总站(新滘东路)),7,广州大道中,BV10014367,广州大道中2,BV09230306,广州大道中②,4,
夜70路(天河客运站总站--北山村总站(新滘东路)),12,天河南,BV10017705,天河南2,BV10405865,天河南②,5,
夜71路(渔沙坦(渔中路)总站--燕塘企业),25,武警医院,BV11687881,武警医院2,BV09344864,武警医院②,5,
夜71路(燕塘企业--渔沙坦总站(渔中路)),2,武警医院,BV11687881,武警医院2,BV09344864,武警医院②,5,
夜72路(广卫路总站--芳村西塱总站),5,东升医院,BV11688394,东升医院2,BV09295166,东升医院2,0,
夜72路(广卫路总站--芳村西塱总站),8,大新路口,BV11688396,大新路口1,BV09340762,大新路口①,6,
夜72路(广卫路总站--芳村西塱总站),10,六二三路,BV11688352,六二三路站1,BV09360104,六二三路①,2,
夜72路(芳村西塱总站--广卫路总站),2,鹤洞路西,BV09001134,鹤洞路西1,BV09199072,鹤洞路西①,19,
夜72路(芳村西塱总站--广卫路总站),14,人民南路,BV11688400,人民南路1,BV09319719,人民南路①,66,
夜72路(芳村西塱总站--广卫路总站),15,大新路口,BV11688396,大新路口1,BV09340762,大新路口①,171,
夜72路(芳村西塱总站--广卫路总站),19,解放中路,BV11688461,解放中路2,BV09226097,解放中路②,19,
夜74路(太和总站(沙亭岗村)--广州火车东站总站),26,同和,BV11688408,同和1,BV09399597,同和①,4,
夜74路(广州火车东站总站--太和总站(沙亭岗村)),6,广州体院站,BV09375062,广州体院2,BV09271785,广州体院②,23,
夜74路(广州火车东站总站--太和总站(沙亭岗村)),7,广州大道中,BV10014367,广州大道中1,BV09382002,广州大道中①,7,
夜74路(广州火车东站总站--太和总站(沙亭岗村)),17,南方医院,BV11688389,南方医院1,BV09293281,南方医院①,38,
夜75路(广州白云站公交总站--广州白云站公交总站),5,新市墟5,BV09226085,新市墟2,BV09226067,新市墟②,59,
夜76路(太和总站--罗冲围总站(松南路)),30,黄石路,BV11688426,黄石路1,BV09351558,黄石路①,18,
夜76路(太和总站--罗冲围总站(松南路)),33,新市墟,BV11687839,新市墟2,BV09226067,新市墟②,59,
夜76路(罗冲围总站(松南路)--太和总站),14,新市墟2,BV09226067,新市墟3,BV09161217,新市墟③,200,
夜77路(广州火车东站总站--广州白云站公交总站),11,广东电视台1,BV09226122,广东电视台2,BV09394368,广东电视台②,9,
夜77路(广州白云站公交总站--广州火车东站总站),27,体育中心1,BV09226128,体育中心1,BV09375065,体育中心1,19,
夜79路(广州南站总站--广州火车站总站),8,洪德路,BV11688508,洪德路1,BV09200956,洪德路①,126,
夜79路(广州南站总站--广州火车站总站),14,中山六路,BV09317509,中山六路1,BV09340303,中山六路①,17,
夜79路(广州火车站总站--广州南站总站),3,迎宾馆,BV11091393,迎宾馆2,BV11596048,迎宾馆2,26,
夜7路(广州火车站总站--纸厂横马路总站),8,东升医院,BV11688394,东升医院2,BV09295166,东升医院2,0,
夜7路(广州火车站总站--纸厂横马路总站),11,人民南路,BV11688400,人民南路1,BV09319719,人民南路①,6,
夜7路(纸厂横马路总站--广州火车站总站),11,革新路口,BV09006413,革新路口1,BV09314790,革新路口1,20,
夜7路(纸厂横马路总站--广州火车站总站),13,南方大厦站1,BV09192173,南方大厦1,BV09169831,南方大厦1,10,
夜7路(纸厂横马路总站--广州火车站总站),21,广医站,BV11688391,广医2,BV09186856,广医②,14,
夜80路(地铁西村站总站--石马公交场总站),2,西湾路,BV09000494,西湾路2,BV09356487,西湾路②,20,
夜80路(地铁西村站总站--石马公交场总站),4,西湾路,BV09000495,西湾路2,BV09356487,西湾路②,20,
夜80路(地铁西村站总站--石马公交场总站),19,联和,BV11687903,联和1,BV11637999,联和①,27,
夜80路(石马公交场总站--地铁西村站总站),27,西湾路,BV09000495,西湾路2,BV09356487,西湾路②,86,
夜80路(石马公交场总站--地铁西村站总站),29,西湾路,BV09000494,西湾路2,BV09356487,西湾路②,86,
夜85路(大朗夏边总站--嘉禾望岗总站),17,市交校,BV10014469,市交校1,BV09226088,市交校①,12,
夜87路(广州北站(秀全大道)--机场路总站),33,新市墟,BV11687839,新市墟2,BV09226067,新市墟②,57,
夜87路(广州北站(秀全大道)--机场路总站),36,棠下(三元里大道),BV11687942,棠下(三元里大道)2,BV09169835,棠下（三元里大道）②,385,是
夜87路(机场路总站--广州北站(秀全大道)),2,梓元岗站,BV09364515,梓元岗3,BV09373815,梓元岗③,2,
夜87路(机场路总站--广州北站(秀全大道)),9,新市墟2,BV09226067,新市墟3,BV09161217,新市墟③,199,
夜87路(机场路总站--广州北站(秀全大道)),10,联和,BV11687903,联和1,BV11637999,联和①,27,
夜88路(北城公交总站--广州火车站总站),23,广州大道南(叠景路口),BV09181701,广州大道南(叠景路口)1,BV09183567,广州大道南（叠景路口）①,286,
夜88路(北城公交总站--广州火车站总站),28,动物园南门,BV11688456,动物园南门2,BV09226115,动物园南门②,232,
夜88路(北城公交总站--广州火车站总站),30,白云宾馆,BV11009137,白云宾馆2,BV09226118,白云宾馆2,9,
夜88路(北城公交总站--广州火车站总站),31,越秀公园北门站,BV09010640,越秀公园北门1,BV09226120,越秀公园北门①,14,
夜88路(广州火车站总站--北城公交站),8,客村立交,BV11688553,客村立交1,BV09377600,客村立交1,481,是
夜88路(广州火车站总站--北城公交站),9,敦和,BV11687930,敦和3,BV09026856,敦和③,4,
夜88路(广州火车站总站--北城公交站),10,广州大道南(叠景路口)2,BV09184938,广州大道南(叠景路口)3,BV09238939,广州大道南（叠景路口）③,93,
夜89路(华景新城总站--宝岗大道总站),13,动物园南门,BV11688456,动物园南门1,BV09230318,动物园南门①,2,
夜89路(华景新城总站--宝岗大道总站),16,广东电视台,BV11009136,广东电视台2,BV09394368,广东电视台2,9,
夜89路(华景新城总站--宝岗大道总站),17,小北,BV11688429,小北1,BV09226129,小北①,88,
夜89路(华景新城总站--宝岗大道总站),23,解放南路,BV11688454,解放南路2,BV09226091,解放南路②,8,
夜89路(华景新城总站--宝岗大道总站),24,堑口,BV10885474,堑口2,BV09179585,堑口②,11,
夜89路(宝岗大道总站--华景新城总站),5,市红会医院,BV10016127,市红会医院1,BV09226102,市红会医院1,13,
夜89路(宝岗大道总站--华景新城总站),6,解放南路,BV11688454,解放南路2,BV09226091,解放南路②,57,
夜89路(宝岗大道总站--华景新城总站),7,解放中路,BV11688461,解放中路2,BV09226097,解放中路②,19,
夜89路(宝岗大道总站--华景新城总站),10,小北花圈,BV10013929,小北花圈2,BV09316767,小北花圈②,9,
夜89路(宝岗大道总站--华景新城总站),11,小北,BV11688429,小北2,BV09226117,小北②,97,
夜89路(宝岗大道总站--华景新城总站),13,花园酒店,BV09360551,花园酒店2,BV09226130,花园酒店2,2,
夜89路(宝岗大道总站--华景新城总站),15,动物园南门,BV11688456,动物园南门2,BV09226115,动物园南门②,3,
夜89路(宝岗大道总站--华景新城总站),16,天河立交,BV10013640,天河立交2,BV09226112,天河立交2,1,
夜89路(宝岗大道总站--华景新城总站),17,体育中心,BV11688545,体育中心1,BV09375065,体育中心1,19,
夜8路(广州火车站总站--赤沙总站),7,文德路站,BV11688482,文德路2,BV09317748,文德路②,108,
夜8路(广州火车站总站--赤沙总站),16,怡乐村,BV11687959,怡乐村1,BV09317206,怡乐村①,16,
夜8路(广州火车站总站--赤沙总站),20,鹭江,BV11687958,鹭江1,BV09160624,鹭江①,7,
夜8路(广州火车站总站--赤沙总站),22,赤岗路口,BV09005990,赤岗路口2,BV09317596,赤岗路口②,346,是
夜8路(广州火车站总站--赤沙总站),24,江海大道中,BV11687940,江海大道中1,BV09319409,江海大道中①,289,
夜8路(赤沙总站--广州火车站总站),8,江海大道中,BV11687940,江海大道中2,BV09316963,江海大道中②,18,
夜8路(赤沙总站--广州火车站总站),13,康乐村,BV11688348,康乐村1,BV09184531,康乐村①,1,
夜8路(赤沙总站--广州火车站总站),14,中山大学,BV11687965,中山大学2,BV09243523,中山大学②,36,
夜8路(赤沙总站--广州火车站总站),19,江南大道中,BV10015712,江南大道中1,BV09228038,江南大道中①,2,
夜8路(赤沙总站--广州火车站总站),20,地铁市二宫站,BV10388873,地铁市二宫站1,BV09232762,地铁市二宫站①,34,
夜8路(赤沙总站--广州火车站总站),24,迎宾馆站,BV11091393,迎宾馆2,BV11596048,迎宾馆②,9,
夜90路(凰岗总站--天河客运站总站),5,石井文化广场(石丰路),BV11688403,石井文化广场(石丰路)1,BV09245150,石井文化广场（石丰路）①,2,
夜90路(凰岗总站--天河客运站总站),9,小坪,BV11688428,小坪1,BV09226064,小坪①,71,
夜90路(凰岗总站--天河客运站总站),11,黄石路,BV11688426,黄石路2,BV09408943,黄石路2,7,
夜90路(凰岗总站--天河客运站总站),15,黄石东路口,BV09005986,黄石东路口1,BV11167648,黄石东路口①,47,
夜90路(凰岗总站--天河客运站总站),24,同和,BV11688408,同和2,BV09209226,同和②,2,
夜90路(天河客运站总站--凰岗总站),7,南方医院,BV11688389,南方医院1,BV09293281,南方医院①,38,
夜90路(天河客运站总站--凰岗总站),22,黄石路,BV11688426,黄石路2,BV09408943,黄石路②,105,
夜90路(天河客运站总站--凰岗总站),24,小坪,BV11688428,小坪2,BV09209209,小坪②,249,
夜94路(人和鹤龙七路总站--广州白云站公交总站),14,鹤龙四路(龙兴西路口),BV09196447,鹤龙四路(龙兴西路口)2,BV09226081,鹤龙四路（龙兴西路口）②,236,
夜94路(人和鹤龙七路总站--广州白云站公交总站),21,清湖村口,BV11690766,清湖村口2,BV09165291,清湖村口②,14,
夜94路(人和鹤龙七路总站--广州白云站公交总站),26,平沙,BV11688453,平沙1,BV09226062,平沙①,2,
夜94路(人和鹤龙七路总站--广州白云站公交总站),34,联和,BV11687903,联和2,BV09226063,联和②,124,
夜94路(人和鹤龙七路总站--广州白云站公交总站),37,新市墟,BV11687839,新市墟2,BV09226067,新市墟②,59,
夜94路(广州白云站公交总站--人和鹤龙七路总站),12,新市墟,BV11687839,新市墟1,BV09226083,新市墟①,1,
夜94路(广州白云站公交总站--人和鹤龙七路总站),15,联和站,BV11687903,联和1,BV11637999,联和①,27,
夜94路(广州白云站公交总站--人和鹤龙七路总站),28,清湖村口,BV11690766,清湖村口1,BV09226087,清湖村口①,8,
夜94路(广州白云站公交总站--人和鹤龙七路总站),35,鹤龙四路(龙兴西路口),BV09196447,鹤龙四路(龙兴西路口)2,BV09226081,鹤龙四路（龙兴西路口）②,6,
夜94路(广州白云站公交总站--人和鹤龙七路总站),46,人和墟,BV11689355,人和墟2,BV09212864,人和墟②,5,
夜95路(南方医院总站--大坦沙总站),3,同和站,BV11688408,同和3,BV09217029,同和③,1,
夜95路(南方医院总站--大坦沙总站),12,黄石东路口,BV09005986,黄石东路口2,BV09167548,黄石东路口②,5,
夜95路(南方医院总站--大坦沙总站),17,黄石路,BV11688426,黄石路1,BV09351558,黄石路①,18,
夜95路(南方医院总站--大坦沙总站),20,新市墟,BV11687839,新市墟2,BV09226067,新市墟②,59,
夜95路(南方医院总站--大坦沙总站),24,瑶台,BV11472522,瑶台2,BV09226113,瑶台②,2,
夜95路(南方医院总站--大坦沙总站),27,克山,BV11102072,克山2,BV09010643,克山②,1,
夜95路(南方医院总站--大坦沙总站),30,和平新村,BV11687875,和平新村2,BV09238796,和平新村②,188,
夜95路(南方医院总站--大坦沙总站),31,彩虹桥1,BV09230293,彩虹桥2,BV09162064,彩虹桥②,2,
夜95路(南方医院总站--大坦沙总站),34,荔湾路口,BV10016144,荔湾路口1,BV09271782,荔湾路口1,11,
夜95路(南方医院总站--大坦沙总站),36,中山八路,BV11688465,中山八路1,BV09213747,中山八路①,2,
夜95路(大坦沙总站--南方医院总站),4,中山八路,BV11688465,中山八路1,BV09213747,中山八路①,2,
夜95路(大坦沙总站--南方医院总站),6,荔湾路口,BV10016144,荔湾路口1,BV09271782,荔湾路口1,11,
夜95路(大坦沙总站--南方医院总站),7,荔湾路,BV09374429,荔湾路1,BV09233339,荔湾路①,13,
夜95路(大坦沙总站--南方医院总站),8,彩虹桥1,BV09230293,彩虹桥2,BV09162064,彩虹桥②,2,
夜95路(大坦沙总站--南方医院总站),10,和平新村,BV11687875,和平新村2,BV09238796,和平新村②,188,
夜95路(大坦沙总站--南方医院总站),12,克山,BV11102072,克山2,BV09010643,克山②,1,
夜95路(大坦沙总站--南方医院总站),15,瑶台,BV11472522,瑶台2,BV09226113,瑶台②,2,
夜95路(大坦沙总站--南方医院总站),19,新市墟,BV11687839,新市墟2,BV09226067,新市墟②,59,
夜95路(大坦沙总站--南方医院总站),22,黄石路,BV11688426,黄石路1,BV09351558,黄石路①,18,
夜95路(大坦沙总站--南方医院总站),26,黄石东路口,BV09005986,黄石东路口2,BV09167548,黄石东路口②,5,
夜95路(大坦沙总站--南方医院总站),28,元下田,BV11687852,元下田2,BV09161363,元下田②,204,
夜95路(大坦沙总站--南方医院总站),35,同和2,BV09209226,同和3,BV09217029,同和③,1,
夜96路(广州火车站总站--金沙洲(涛乐街)总站),2,克山,BV11102072,克山2,BV09010643,克山②,1,
夜96路(广州火车站总站--金沙洲(涛乐街)总站),8,金沙洲路,BV11688450,金沙洲路2,BV11329134,金沙洲路②,180,
夜96路(金沙洲(涛乐街)总站--广州火车站总站),6,金沙洲路,BV11688450,金沙洲路2,BV11329134,金沙洲路②,12,
夜96路(金沙洲(涛乐街)总站--广州火车站总站),8,罗冲围客运站1,BV11629687,罗冲围客运站2,BV11675544,罗冲围客运站②,141,
夜96路(金沙洲(涛乐街)总站--广州火车站总站),11,和平新村,BV11687875,和平新村3,BV09010638,和平新村③,14,
夜96路(金沙洲(涛乐街)总站--广州火车站总站),13,克山,BV11102072,克山2,BV09010643,克山②,287,
夜97路(车陂总站--萝岗总站),18,碧山村站1,BV11621196,碧山村1,BV09072664,碧山村①,20,
夜99路(大坦沙总站--康王路总站),6,石路基,BV11688484,石路基2,BV09337403,石路基②,72,
夜99路(大坦沙总站--康王路总站),7,荔湾路口,BV10016144,荔湾路口1,BV09271782,荔湾路口①,11,
夜99路(大坦沙总站--康王路总站),8,陈家祠2,BV09195327,陈家祠1,BV09271075,陈家祠①,205,
夜99路(康王路总站(上下九)--大坦沙总站),4,陈家祠,BV11596161,陈家祠1,BV09271075,陈家祠①,205,
夜99路(康王路总站(上下九)--大坦沙总站),6,石路基,BV11688484,石路基2,BV09337403,石路基②,72,
夜9路(车陂公交场--黄石路总站),16,农林东,BV11688478,农林东2,BV09172267,农林东②,4,
夜9路(车陂公交场--黄石路总站),36,黄石路,BV11688426,黄石路1,BV09351558,黄石路①,18,
夜9路(车陂公交场--黄石路总站),37,黄石路总站,BV10018538,黄石路1,BV09351558,黄石路①,18,
夜9路(黄石路总站--车陂公交场),1,黄石路总站,BV10018538,黄石路1,BV09351558,黄石路①,18,
夜9路(黄石路总站--车陂公交场),2,黄石路,BV11688426,黄石路1,BV09351558,黄石路①,18,
夜9路(黄石路总站--车陂公交场),6,广外(白云山西门)2,BV09091928,广外(白云山西门)1,BV09176205,广外（白云山西门）①,7,
夜9路(黄石路总站--车陂公交场),15,仓边路2,BV09357063,仓边路1,BV09317752,仓边路1,14,
夜9路(黄石路总站--车陂公交场),16,农讲所,BV11688432,农讲所2,BV09185490,农讲所②,2,
夜9路(黄石路总站--车陂公交场),21,农林东,BV11688478,农林东2,BV09172267,农林东②,4,
广123路(半岛花园总站--革新路总站),12,如意坊站,BV11357695,如意坊2,BV09382089,如意坊②,610,是
广123路(半岛花园总站--革新路总站),15,六二三路,BV11688352,六二三路站1,BV09360104,六二三路①,263,
广123路(革新路总站--半岛花园总站),5,革新路口,BV09006413,革新路口1,BV09314790,革新路口1,20,
广123路(革新路总站--半岛花园总站),6,洪德路,BV11688508,洪德路1,BV09200956,洪德路①,121,
广123路(革新路总站--半岛花园总站),7,六二三路,BV11688352,六二三路2,BV09355408,六二三路②,106,
广123路(革新路总站--半岛花园总站),8,市中医院,BV09000996,市中医院站2,BV09385884,市中医院②,16,
广12路(万科四季花城总站--二沙岛西总站),5,地铁横沙站,BV10016979,地铁横沙站1,BV09315831,地铁横沙站①,14,
广12路(万科四季花城总站--二沙岛西总站),6,金沙洲路2,BV11329134,金沙洲路1,BV09369963,金沙洲路①,25,
广12路(万科四季花城总站--二沙岛西总站),11,东风西路站,BV11687925,东风西路1,BV09209214,东风西路①,2,
广12路(万科四季花城总站--二沙岛西总站),13,广医,BV11688391,广医2,BV09186856,广医②,26,
广12路(万科四季花城总站--二沙岛西总站),19,文明路,BV09376614,文明路1,BV09215180,文明路①,23,
广12路(万科四季花城总站--二沙岛西总站),21,越秀南路,BV11687913,越秀南路2,BV09319720,越秀南路②,140,
广12路(二沙岛西总站--万科四季花城总站),5,越秀南路,BV11687913,越秀南路2,BV09319720,越秀南路②,2,
广12路(二沙岛西总站--万科四季花城总站),7,文明路,BV09376614,文明路2,BV09398681,文明路②,3,
广12路(二沙岛西总站--万科四季花城总站),17,金沙洲路,BV11688450,金沙洲路2,BV11329134,金沙洲路②,84,
广231路(和顺车站总站--广州火车站(草暖公园)总站),25,地铁横沙站,BV10016979,地铁横沙站1,BV09315831,地铁横沙站①,14,
广231路(和顺车站总站--广州火车站(草暖公园)总站),27,金沙洲大桥西,BV10713669,金沙洲大桥西2,BV09010639,金沙洲大桥西②,10,
广231路(和顺车站总站--广州火车站(草暖公园)总站),28,克山,BV11102072,克山2,BV09010643,克山②,281,
广231路(广州火车站总站--和顺车站总站),3,金沙洲路1,BV09369963,金沙洲路2,BV11329134,金沙洲路②,84,
广260路(穗盐路总站--站南路总站),16,中山八路站,BV11688465,中山八路2,BV09167549,中山八路②,8,
广260路(穗盐路总站--站南路总站),17,荔湾路,BV09374429,荔湾路2,BV09162065,荔湾路②,0,
广260路(穗盐路总站--站南路总站),18,彩虹桥,BV09001152,彩虹桥2,BV09162064,彩虹桥②,87,
广260路(站南路总站--穗盐路总站),7,彩虹桥,BV09001152,彩虹桥2,BV09162064,彩虹桥②,2,
广260路(站南路总站--穗盐路总站),8,荔湾路,BV09374429,荔湾路2,BV09162065,荔湾路②,91,
广260路(站南路总站--穗盐路总站),9,荔湾路口,BV10016144,荔湾路口1,BV09271782,荔湾路口1,11,
广260路(站南路总站--穗盐路总站),10,石路基,BV11688484,石路基2,BV09337403,石路基②,72,
广260路(站南路总站--穗盐路总站),11,中山八路,BV11688465,中山八路1,BV09213747,中山八路①,2,
广275路(平洲总站--解放北路总站(应元路口)),18,西塱站,BV11687844,西塱1,BV09178250,西塱①,156,
广275路(平洲总站--解放北路总站(应元路口)),19,鹤洞路西站,BV09001134,鹤洞路西1,BV09199072,鹤洞路西①,19,
广275路(平洲总站--解放北路总站(应元路口)),28,如意坊,BV11357695,如意坊2,BV09382089,如意坊②,21,
广275路(平洲总站--解放北路总站(应元路口)),30,中山八路站,BV11688465,中山八路2,BV09167549,中山八路②,8,
广275路(平洲总站--解放北路总站(应元路口)),31,荔湾路,BV09374429,荔湾路2,BV09162065,荔湾路②,0,
广275路(平洲总站--解放北路总站(应元路口)),33,东风西路站,BV11687925,东风西路3,BV09230294,东风西路③,79,
广275路(解放北路总站(应元路口)--平洲总站),3,彩虹桥,BV09001152,彩虹桥2,BV09162064,彩虹桥②,2,
广275路(解放北路总站(应元路口)--平洲总站),4,荔湾路,BV09374429,荔湾路2,BV09162065,荔湾路②,91,
广275路(解放北路总站(应元路口)--平洲总站),5,中山八路,BV11688465,中山八路2,BV09167549,中山八路②,146,
广275路(解放北路总站(应元路口)--平洲总站),18,西塱,BV11687844,西塱站2,BV09041862,西塱②,11,
广276路(万科四季花城总站--南洲北路总站),7,地铁横沙站,BV10016979,地铁横沙站1,BV09315831,地铁横沙站①,14,
广276路(万科四季花城总站--南洲北路总站),8,金沙洲路2,BV11329134,金沙洲路1,BV09369963,金沙洲路①,25,
广276路(万科四季花城总站--南洲北路总站),14,东风西路,BV11687925,东风西路站2,BV09374493,东风西路②,40,
广276路(万科四季花城总站--南洲北路总站),16,广医,BV11688391,广医2,BV09186856,广医②,26,
广276路(万科四季花城总站--南洲北路总站),18,广东大厦,BV10016774,广东大厦1,BV09205705,广东大厦①,19,
广276路(万科四季花城总站--南洲北路总站),20,正骨医院,BV11688485,正骨医院1,BV09230309,正骨医院①,10,
广276路(万科四季花城总站--南洲北路总站),21,江湾桥南,BV11688521,江湾桥南1,BV09359515,江湾桥南①,3,
广276路(万科四季花城总站--南洲北路总站),22,基立下道,BV11688513,基立下道1,BV11621851,基立下道①,211,
广276路(南洲北路总站--万科四季花城总站),11,基立下道,BV11688513,基立下道1,BV11621851,基立下道1,10,
广276路(南洲北路总站--万科四季花城总站),17,和平新村2,BV09238796,和平新村1,BV09238795,和平新村①,76,
广277路(沙面新城总站--西塱社区总站),18,芳村客运站,BV10014060,芳村客运站1,BV09307685,芳村客运站①,2,
广277路(沙面新城总站--西塱社区总站),22,鹤洞路西,BV09001134,鹤洞路西1,BV09199072,鹤洞路西①,19,
广283路(万科四季花城总站--广州火车东站总站),7,地铁横沙站,BV10016979,地铁横沙站1,BV09315831,地铁横沙站①,2,
广283路(万科四季花城总站--广州火车东站总站),14,东风西路站,BV11687925,东风西路1,BV09209214,东风西路①,2,
广283路(万科四季花城总站--广州火车东站总站),16,广医,BV11688391,广医3,BV11167722,广医③,130,
广283路(万科四季花城总站--广州火车东站总站),20,东风东路(陵园西路口),BV11278289,东风东路(陵园西路口)2,BV09230320,东风东路（陵园西路口）2,2,
广283路(万科四季花城总站--广州火车东站总站),25,天河,BV11462418,天河1,BV09348371,天河①,13,
广283路(万科四季花城总站--广州火车东站总站),26,冼村,BV11086798,冼村3,BV09262063,冼村③,124,
广283路(万科四季花城总站--广州火车东站总站),27,天河南,BV10017705,天河南2,BV10405865,天河南②,110,
广283路(万科四季花城总站--广州火车东站总站),28,天河东路,BV11688544,天河东路1,BV09310405,天河东路①,14,
广283路(万科四季花城总站--广州火车东站总站),29,天寿路,BV11688551,天寿路2,BV09310406,天寿路②,2,
广283路(万科四季花城总站--广州火车东站总站),31,林和中路,BV10017488,林和中路1,BV09310407,林和中路①,2,
广283路(广州火车东站总站--万科四季花城总站),6,冼村,BV11086798,冼村2,BV09323877,冼村②,152,
广283路(广州火车东站总站--万科四季花城总站),16,和平新村2,BV09238796,和平新村1,BV09238795,和平新村①,76,
广283路班车(天河公交场总站--白沙总站),4,人民日报广东分社,BV11688536,人民日报广东分社站2,BV09313214,人民日报广东分社2,12,
广283路班车(天河公交场总站--白沙总站),14,和平新村2,BV09238796,和平新村1,BV09238795,和平新村①,79,
广283路班车(白沙(中海金沙湾)总站--天河公交场总站),6,金沙洲大桥西,BV10713669,金沙洲大桥西2,BV09010639,金沙洲大桥西②,10,
广283路班车(白沙(中海金沙湾)总站--天河公交场总站),10,和平新村2,BV09238796,和平新村1,BV09238795,和平新村①,21,
广283路班车(白沙(中海金沙湾)总站--天河公交场总站),11,东风西路站,BV11687925,东风西路1,BV09209214,东风西路①,4,
广283路班车(白沙(中海金沙湾)总站--天河公交场总站),13,广医,BV11688391,广医3,BV11167722,广医③,145,
广283路班车(白沙(中海金沙湾)总站--天河公交场总站),17,东风东路(陵园西路口),BV11278289,东风东路(陵园西路口)2,BV09230320,东风东路（陵园西路口）2,2,
广283路班车(白沙(中海金沙湾)总站--天河公交场总站),22,天河,BV11462418,天河1,BV09348371,天河①,13,
广283路班车(白沙(中海金沙湾)总站--天河公交场总站),24,天河南站,BV10017705,天河南2,BV10405865,天河南②,110,
广286路(广卫路总站--黄岐第一城总站),6,荔湾路口,BV10016144,荔湾路口1,BV09271782,荔湾路口1,11,
广286路(广卫路总站--黄岐第一城总站),7,中山八路,BV11688465,中山八路1,BV09213747,中山八路①,1,
广286路(黄岐第一城总站--广卫路总站),10,中山八路,BV11688465,中山八路1,BV09213747,中山八路①,225,
广286路(黄岐第一城总站--广卫路总站),11,石路基,BV11688484,石路基2,BV09337403,石路基②,4,
广286路(黄岐第一城总站--广卫路总站),12,陈家祠,BV11596161,陈家祠2,BV09195327,陈家祠②,8,
广369路(中大新华学院(东莞校区)总站--黄埔体育中心总站),6,华阳湖路口,BV10494263,华阳湖路口2,BV11671373,华阳湖路口②,7,
广369路(黄埔体育中心总站--中大新华学院(东莞校区)总站),29,华阳湖路口,BV10494263,华阳湖路口2,BV11671373,华阳湖路口②,85,
广424路(白云文化广场总站--白沙总站),11,远景路,BV11688397,远景路1,BV09168358,远景路①,1,
广424路(白云文化广场总站--白沙总站),12,棠下(三元里大道),BV11687942,棠下(三元里大道)2,BV09169835,棠下（三元里大道）②,2,
广424路(白云文化广场总站--白沙总站),13,三元里大道中,BV11687945,三元里大道中2,BV09164965,三元里大道中②,136,
广424路(白沙总站--白云文化广场总站),7,金沙洲大桥西,BV10713669,金沙洲大桥西2,BV09010639,金沙洲大桥西②,10,
广424路(白沙总站--白云文化广场总站),8,罗冲围客运站,BV10013779,罗冲围客运站1,BV11629687,罗冲围客运站①,7,
广424路(白沙总站--白云文化广场总站),19,三元里大道中,BV11687945,三元里大道中2,BV09164965,三元里大道中②,8,
广424路(白沙总站--白云文化广场总站),20,棠下(三元里大道),BV11687942,棠下(三元里大道)1,BV09172231,棠下（三元里大道）①,1,
广478路(富力环市西苑(西村)--白沙总站),8,富力半岛花园,BV09006431,富力半岛花园1,BV10461190,富力半岛花园①,32,
广478路(富力环市西苑(西村)--白沙总站),9,罗冲围客运站1,BV11629687,罗冲围客运站2,BV11675544,罗冲围客运站②,141,
广478路(白沙总站--富力环市西苑(西村)),8,罗冲围客运站,BV10013779,罗冲围客运站2,BV11675544,罗冲围客运站②,141,
广478路(白沙总站--富力环市西苑(西村)),9,富力半岛花园,BV09006431,富力半岛花园1,BV10461190,富力半岛花园①,32,
广565路(瑞宝乡总站--穗盐路总站),15,花地大道站,BV09001039,花地大道站1,BV09304066,花地大道①,3,
广565路(穗盐路总站--瑞宝乡总站),6,芳村合兴苑,BV11688507,芳村合兴苑2,BV09259264,芳村合兴苑②,7,
广565路(穗盐路总站--瑞宝乡总站),10,芳村客运站,BV10014060,芳村客运站1,BV09307685,芳村客运站①,60,
广565路(穗盐路总站--瑞宝乡总站),13,西塱1,BV09178250,西塱2,BV09177350,西塱②,12,
广974路班车(东秀路总站--城西花园1),15,城西花园1,BV09244061,城西花园2,BV09302293,城西花园总站②,1,
广974路班车(城西花园站--东秀路总站),1,城西花园站,BV11688445,城西花园2,BV09302293,城西花园总站②,1,
广974路班车(城西花园站--东秀路总站),2,金沙洲路1,BV09369963,金沙洲路2,BV11329134,金沙洲路②,84,
广夜54路(白沙总站(中海金沙湾)--白沙(中海金沙湾)总站),6,金沙洲路,BV11688450,金沙洲路1,BV09369963,金沙洲路①,25,
广夜54路(白沙总站(中海金沙湾)--白沙(中海金沙湾)总站),7,金沙洲大桥西,BV10713669,金沙洲大桥西2,BV09010639,金沙洲大桥西②,10,
广夜54路(白沙总站(中海金沙湾)--白沙(中海金沙湾)总站),8,罗冲围客运站1,BV11629687,罗冲围客运站2,BV11675544,罗冲围客运站②,141,
广夜54路(白沙总站(中海金沙湾)--白沙(中海金沙湾)总站),23,富力半岛花园站,BV09006431,富力半岛花园1,BV10461190,富力半岛花园①,23,
广夜54路(白沙总站(中海金沙湾)--白沙(中海金沙湾)总站),24,罗冲围客运站,BV10013779,罗冲围客运站2,BV11675544,罗冲围客运站②,17,
广夜54路(白沙总站(中海金沙湾)--白沙(中海金沙湾)总站),26,金沙洲路,BV11688450,金沙洲路1,BV09369963,金沙洲路①,4,
广夜67路(黄岐办事处总站--广卫路总站),14,六二三路,BV11688352,六二三路2,BV09355408,六二三路②,4,
广夜67路(黄岐办事处总站--广卫路总站),18,解放南路,BV11688454,解放南路2,BV09226091,解放南路②,61,
广夜67路(黄岐办事处总站--广卫路总站),19,解放中路,BV11688461,解放中路2,BV09226097,解放中路②,19,
广高峰快线30路(万科四季花城总站--体育中心),6,金沙洲路2,BV11329134,金沙洲路1,BV09369963,金沙洲路①,25,
广高峰快线30路(万科四季花城总站--体育中心),9,富力半岛花园,BV09006431,富力半岛花园1,BV10461190,富力半岛花园①,32,
广高峰快线30路(万科四季花城总站--体育中心),10,广医,BV11688391,广医3,BV11167722,广医③,145,
广高峰快线30路(万科四季花城总站--体育中心),13,东风东路(陵园西路口),BV11278289,东风东路(陵园西路口)1,BV09230319,东风东路（陵园西路口）①,0,
广高峰快线30路(万科四季花城总站--体育中心),16,天河立交,BV10013640,天河立交2,BV09226112,天河立交2,1,
旅游公交1线(中山八路总站--云台花园总站),2,荔湾路口,BV10016144,荔湾路口1,BV09271782,荔湾路口①,33,
旅游公交1线(中山八路总站--云台花园总站),3,陈家祠,BV11596161,陈家祠2,BV09195327,陈家祠2,8,
旅游公交1线(中山八路总站--云台花园总站),11,小北花圈,BV10013929,小北花圈2,BV09316767,小北花圈②,9,
旅游公交1线(云台花园总站--中山八路总站),14,荔湾路口,BV10016144,荔湾路口2,BV11164816,荔湾路口2,1,
旅游公交2线(中山八路总站--珠江帝景苑总站),2,石路基,BV11688484,石路基2,BV09337403,石路基②,4,
旅游公交2线(中山八路总站--珠江帝景苑总站),3,荔湾路口,BV10016144,荔湾路口2,BV11164816,荔湾路口2,28,
旅游公交2线(珠江帝景苑总站--中山八路总站),24,石路基,BV11688484,石路基2,BV09337403,石路基②,72,
空港2路(长线)(人和墟总站--1号航站楼),1,人和墟总站,BV10014381,人和墟2,BV09212864,人和墟②,5,
空港2路(长线)(人和墟总站--1号航站楼),2,人和墟站,BV11689355,人和墟2,BV09212864,人和墟②,5,
花80路(义山村委总站--广州北站总站),18,新华工业区2,BV11554334,新华工业区1,BV11547976,新华工业区①,30,
花80路(义山村委总站--广州北站总站),19,新华工业区,BV09206741,新华工业区1,BV11547976,新华工业区①,30,
花80路(广州北站总站--义山村委总站),15,新华工业区,BV09206741,新华工业区1,BV11547976,新华工业区①,9,
高峰快线74路(珠影--螺旋四路东),2,赤岗路口,BV09005990,赤岗路口2,BV09317596,赤岗路口2,346,是
980路(汇侨新城总站--汇侨新城总站),3,新市墟站2,BV09392281,新市墟1,BV09226083,新市墟①,372,是
广974路(城西花园总站--东秀路总站),1,城西花园总站,BV10014504,城西花园2,BV09302293,城西花园总站②,1,
广974路(城西花园总站--东秀路总站),2,金沙洲路1,BV09369963,金沙洲路2,BV11329134,金沙洲路②,84,
广974路(东秀路总站--城西花园),15,城西花园,BV11688445,城西花园2,BV09302293,城西花园总站②,1,
582路班车(海珠客运站总站--凌塘村总站),8,江海大道中总站,BV11365453,江海大道中2,BV09316963,江海大道中2,18,
964路(地铁沥滘站总站--逸景翠园总站),16,上涌,BV10014360,上涌2,BV09175488,上涌②,108,
964路(地铁沥滘站总站--逸景翠园总站),17,广州大道南(叠景路口)2,BV09184938,广州大道南(叠景路口)1,BV09183567,广州大道南（叠景路口）①,285,
964路(地铁沥滘站总站--逸景翠园总站),18,敦和2,BV09406264,敦和3,BV09026856,敦和③,127,
广205路(康王路总站(上下九)--沙面新城总站),4,陈家祠,BV11596161,陈家祠2,BV09195327,陈家祠2,28,
广205路(沙面新城总站--康王路总站(上下九)),18,中山八路总站,BV10014194,中山八路1,BV09213747,中山八路①,225,
广205路(沙面新城总站--康王路总站(上下九)),20,荔湾路口,BV10016144,荔湾路口2,BV11164816,荔湾路口2,28,
704路(两龙总站--城壕庄),23,人和墟总站,BV10014381,人和墟2,BV09212864,人和墟②,5,
夜47路(体育中心--同和1),13,南方医院,BV11688389,南方医院1,BV09293281,南方医院①,38,
夜47路(同和2--体育中心),1,同和2,BV09209226,同和1,BV09399597,同和①,4,
夜47路(同和2--体育中心),3,南方医院2,BV09199575,南方医院1,BV09293281,南方医院①,38,
夜47路(同和2--体育中心),10,豪景花园2,BV09314787,豪景花园1,BV09097374,豪景花园①,21,
夜47路(同和2--体育中心),11,广州大道中,BV10014367,广州大道中1,BV09382002,广州大道中①,7,
夜47路(同和2--体育中心),13,广州大道中2,BV09230306,广州大道中1,BV09382002,广州大道中①,7,
259路(罗冲围(松南)总站--广花一路(夏花一路口)1号分站),16,小坪,BV11688428,小坪2,BV09209209,小坪②,2,
259路(罗冲围(松南)总站--广花一路(夏花一路口)1号分站),17,马务,BV11688360,马务2,BV09226099,马务②,8,
259路(广花一路(夏花一路口)1号分站--罗冲围总站(松南路)),5,联和1,BV11637999,联和2,BV09226063,联和②,3,
259路(广花一路(夏花一路口)1号分站--罗冲围总站(松南路)),6,马务,BV11688360,马务2,BV09226099,马务②,8,
259路(广花一路(夏花一路口)1号分站--罗冲围总站(松南路)),7,小坪1,BV09226064,小坪2,BV09209209,小坪②,2,
B6路快线(体育中心(西行)--同和路总站),4,广州大道中,BV10014367,广州大道中1,BV09382002,广州大道中①,7,
B6路快线(体育中心(西行)--同和路总站),12,南方医院,BV11688389,南方医院1,BV09293281,南方医院①,38,
B6路快线(同和路总站--体育中心),8,同和2,BV09209226,同和3,BV09217029,同和③,1,
B6路快线(同和路总站--体育中心),10,南方医院2,BV09199575,南方医院1,BV09293281,南方医院①,38,
B6路快线(同和路总站--体育中心),18,广州大道中,BV10014367,广州大道中1,BV09382002,广州大道中①,7,
B6路快线(同和路总站--体育中心),19,广州体院1,BV09411494,广州体院2,BV09271785,广州体院②,23,
B6路快线(同和路总站--体育中心),20,广州大道中2,BV09230306,广州大道中1,BV09382002,广州大道中①,7,
929路(棠溪站1--石井大道北),11,小坪1,BV09226064,小坪2,BV09209209,小坪②,249,
B6路(体育中心(西行)--同和路总站),4,广州大道中,BV10014367,广州大道中1,BV09382002,广州大道中①,7,
B6路(体育中心(西行)--同和路总站),12,南方医院,BV11688389,南方医院1,BV09293281,南方医院①,38,
B6路(同和路总站--体育中心),8,同和2,BV09209226,同和3,BV09217029,同和③,1,
B6路(同和路总站--体育中心),10,南方医院2,BV09199575,南方医院1,BV09293281,南方医院①,38,
B6路(同和路总站--体育中心),18,广州大道中,BV10014367,广州大道中1,BV09382002,广州大道中①,7,
B6路(同和路总站--体育中心),19,广州体院1,BV09411494,广州体院2,BV09271785,广州体院②,23,
B6路(同和路总站--体育中心),20,广州大道中2,BV09230306,广州大道中1,BV09382002,广州大道中①,7,
550路(琶洲保利总站--东圃珠村总站),8,车陂南,BV10014565,车陂南1,BV09291511,车陂南①,17,
110路(天平架总站--文化公园总站),19,东升医院,BV11688394,东升医院2,BV09295166,东升医院②,3,
110路(文化公园总站--天平架总站),7,迎宾馆,BV11091393,迎宾馆2,BV11596048,迎宾馆②,9,
110路(文化公园总站--天平架总站),8,越秀公园2,BV09226094,越秀公园1,BV09266313,越秀公园①,201,
110路(文化公园总站--天平架总站),10,小北1,BV09226129,小北2,BV09226117,小北②,97,
101路(海印桥总站--机场路总站),6,中山图书馆,BV11687849,中山图书馆2,BV09376612,中山图书馆②,63,
101路(海印桥总站--机场路总站),7,文明路2,BV09398681,文明路1,BV09215180,文明路①,142,
101路(海印桥总站--机场路总站),10,迎宾馆,BV11091393,迎宾馆2,BV11596048,迎宾馆②,9,
101路(海印桥总站--机场路总站),11,越秀公园2,BV09226094,越秀公园1,BV09266313,越秀公园①,201,
101路(机场路总站--海印桥总站),2,梓元岗站,BV09364515,梓元岗3,BV09373815,梓元岗③,2,
101路(机场路总站--海印桥总站),8,文明路,BV09376614,文明路1,BV09215180,文明路①,23,
104路(海印桥总站--中山八路总站),6,中山图书馆,BV11687849,中山图书馆2,BV09376612,中山图书馆②,63,
104路(海印桥总站--中山八路总站),7,文明路2,BV09398681,文明路1,BV09215180,文明路①,142,
104路(海印桥总站--中山八路总站),13,陈家祠,BV11596161,陈家祠1,BV09271075,陈家祠1,205,
104路(中山八路总站--海印桥总站),2,荔湾路口,BV10016144,荔湾路口2,BV11164816,荔湾路口2,28,
104路(中山八路总站--海印桥总站),10,文明路,BV09376614,文明路1,BV09215180,文明路1,23,
106路(锦城花园(东风东)总站--茶滘路总站),8,中山图书馆,BV11687849,中山图书馆2,BV09376612,中山图书馆②,63,
106路(锦城花园(东风东)总站--茶滘路总站),9,文明路2,BV09398681,文明路1,BV09215180,文明路①,142,
106路(锦城花园(东风东)总站--茶滘路总站),13,东升医院,BV11688394,东升医院2,BV09295166,东升医院②,0,
106路(茶滘路总站--锦城花园(东风东)总站),15,文明路,BV09376614,文明路1,BV09215180,文明路1,23,
108路(东山总站--南悦花苑总站),8,迎宾馆,BV11091393,迎宾馆2,BV11596048,迎宾馆②,9,
108路(东山总站--南悦花苑总站),9,越秀公园2,BV09226094,越秀公园1,BV09266313,越秀公园①,201,
108路(东山总站--南悦花苑总站),15,三元里大道中站,BV11687945,三元里大道中2,BV09164965,三元里大道中②,136,
108路(南悦花苑总站--东山总站),4,新市墟,BV11687839,新市墟3,BV09161217,新市墟③,75,
108路(南悦花苑总站--东山总站),15,迎宾馆,BV11091393,迎宾馆2,BV11596048,迎宾馆②,26,
108路(南悦花苑总站--东山总站),17,农讲所,BV11688432,农讲所1,BV09201207,农讲所①,86,
109路(中山八路总站--中山八路总站),9,越秀公园2,BV09226094,越秀公园1,BV09266313,越秀公园①,201,
109路(中山八路总站--中山八路总站),11,小北1,BV09226129,小北2,BV09226117,小北②,97,
114路(南田路--罗冲围总站(松南路)),4,洪德路,BV11688508,洪德路1,BV09200956,洪德路①,126,
102路(东山总站--广钢新城(崇文二路)总站),11,东升医院,BV11688394,东升医院2,BV09295166,东升医院2,0,
102路(东山总站--广钢新城(崇文二路)总站),15,洪德路,BV11688508,洪德路1,BV09200956,洪德路①,48,
102路(广钢新城(崇文二路)总站--东山总站),12,洪德路,BV11688508,洪德路1,BV09200956,洪德路①,121,
102路(广钢新城(崇文二路)总站--东山总站),21,农讲所,BV11688432,农讲所1,BV09201207,农讲所①,86,
107路(花城广场西总站--中山八路总站),18,陈家祠,BV11596161,陈家祠1,BV09271075,陈家祠1,205,
107路(中山八路总站--花城广场西总站),2,荔湾路口,BV10016144,荔湾路口2,BV11164816,荔湾路口2,28,
107路(中山八路总站--花城广场西总站),4,中山七路,BV10016143,中山七路2,BV09194673,中山七路②,213,
107路(中山八路总站--花城广场西总站),8,农讲所,BV11688432,农讲所1,BV09201207,农讲所①,86,
114路(罗冲围总站(松南路)--南田路),2,罗冲围客运站,BV10013779,罗冲围客运站2,BV11675544,罗冲围客运站②,12,
114路(罗冲围总站(松南路)--南田路),5,和平新村1,BV09238795,和平新村2,BV09238796,和平新村②,5,
114路(罗冲围总站(松南路)--南田路),6,东风西路站2,BV09374493,东风西路2,BV09143805,东风西路②,6,
114路(罗冲围总站(松南路)--南田路),11,革新路口,BV09006413,革新路口1,BV09314790,革新路口①,2,
114路(罗冲围总站(松南路)--南田路),12,南田西,BV10715984,南田西2,BV09222640,南田西②,2,
105路(黄沙总站--棠安路总站②),6,中山八路总站,BV10014194,中山八路1,BV09213747,中山八路①,225,
105路(黄沙总站--棠安路总站②),7,荔湾路口,BV10016144,荔湾路口2,BV11164816,荔湾路口2,28,
105路(黄沙总站--棠安路总站②),8,荔湾路2,BV09162065,荔湾路1,BV09233339,荔湾路①,22,
105路(黄沙总站--棠安路总站②),12,广医,BV11688391,广医2,BV09186856,广医②,26,
105路(黄沙总站--棠安路总站②),14,越秀公园2,BV09226094,越秀公园1,BV09266313,越秀公园①,201,
105路(黄沙总站--棠安路总站②),20,三元里大道中站,BV11687945,三元里大道中2,BV09164965,三元里大道中②,136,
105路(棠安路总站②--黄沙总站),13,东风西路站,BV11687925,东风西路3,BV09230294,东风西路③,78,
105路(棠安路总站②--黄沙总站),15,荔湾路,BV09374429,荔湾路2,BV09162065,荔湾路②,91,
113路(南田路--棠安路总站①),8,迎宾馆,BV11091393,迎宾馆2,BV11596048,迎宾馆②,9,
113路(南田路--棠安路总站①),9,越秀公园2,BV09226094,越秀公园1,BV09266313,越秀公园①,201,
113路(南田路--棠安路总站①),15,三元里大道中站,BV11687945,三元里大道中2,BV09164965,三元里大道中②,136,
