线路号,总站数,与其他线路共线站数,共线占比(%),最大单线重叠站数,共线对手Top10(线路号:重叠站数)
655B路,64,64,100,61,655路（三达路跨线桥首末站 ⇄ 大塘汽车客运站）:61; 655A线:53; 花81路（三水大塘中心广场 ⇄ 广州北站）:3
655路（三达路跨线桥首末站 ⇄ 大塘汽车客运站）,63,63,100,61,655B路:61; 655A线:55
564路,47,47,100,47,夜100路:47; 83路:20; 345A路:18; 497路:16; 548路:13; 346路:12; 494路:12; 84A路:11; B12路:11; 夜71路:11
夜100路,47,47,100,47,564路:47; 83路:20; 345A路:18; 497路:16; 548路:13; 346路:12; 494路:12; 84A路:11; B12路:11; 夜71路:11
番93路短线,48,48,100,47,番93路:47; 番92路/番92路:33; 番29路:11; 番126路:11; 301路:10; 番160路:10; 番1路:10; 番6路:10; 番131路:10; 番99路:9
从4路快线,44,44,100,43,从4路:43; 从20路:19; 从19路:15; 从5路:15; 从夜1路:15; 从11路:13; 从12路:12; 从5路长线:12; 从702路:9; 从701路:9
从5路,44,44,100,41,从夜1路:41; 从5路长线:39; 从4路:16; 从4路快线:15; 从20路:13; 从904路:13; 从808路:12; 从807路:11; 从803路:9; 从806路:8
840路,40,40,100,38,夜94路:38; 510路:19; 807路:19; 夜80路:15; 21路:12; 837路:11; 522路:10; 706路:10; 259路:10; 756路:9
从19路,47,47,100,38,从14路:38; 从11路:19; 从12路:19; 从19路密石班车:17; 从4路:15; 从4路快线:15; 从化13路:10; 从20路:9; 从1路东线:7; 从16路:7
夜94路,50,50,100,38,840路:38; 510路:22; 807路:21; 21路:18; 夜80路:16; 522路:13; 837路:11; 259路:11; 706路:10; 58A路:10
706路,52,52,100,37,706路早间短线:37; 夜87路:17; 522路:13; 547路:11; 703路:11; 807路:10; 840路:10; 夜80路:10; 夜94路:10; 夜9路:9
706路早间短线,41,41,100,37,706路:37; 522路:11; 547路:11; 夜87路:10; 21路:9; 807路:9; 840路:9; 夜80路:9; 夜94路:9; 夜9路:8
B3路,36,36,100,36,夜19路:36; 夜38路:18; B4路:17; B2A路:15; 夜41路:15; 夜25路:14; B1路:13; B5路:13; 夜17路:13; B2路:13
夜19路,37,37,100,36,B3路:36; 夜38路:19; B4路:17; 夜41路:16; B2A路:15; 夜25路:15; 夜17路:14; 夜34路:13; B1路:13; B5路:13
126路,36,36,100,35,夜90路:35; 夜95路:15; 563路:13; 832路:13; 804路:11; 841路:10; 803路:10; 83路:9; 742路:8; 244路:8
B4路,38,38,100,35,夜38路:35; B3路:17; 夜19路:17; 497路:13; 903路:12; B22路:12; B1路:12; B5路:12; 夜17路:12; 夜25路:12
夜38路,39,39,100,35,B4路:35; 夜19路:19; B3路:18; 夜25路:14; 夜41路:14; B5路:13; 夜17路:13; 903路:12; 497路:12; B1路:12
夜90路,35,35,100,35,126路:35; 夜95路:14; 563路:12; 832路:12; 804路:11; 841路:9; 803路:9; 83路:9; 864路:8; 833路:8
番13路,50,50,100,34,番91路:34; 301路:26; 番96路:23; 番25路:23; 番97路:20; 番99路:19; 番8路:13; 番5路:13; 番5路长线:13; 番100路:13
番141路,60,60,100,34,南沙70路:34; 南沙49路:22; 番11路:20; 南沙33路:17; 番140路:15; 南48路:15; 南沙38路:15; 番143路:13; 南沙18路:13; 南沙54路:12
番17路,38,38,100,34,番17路长线:34; 番53路:22; 302A路:20; 公交地铁接驳专线8路:18; 番30路:15; 番183路:13; 番52路（地铁南村万博站 ⇄ 海大集团总站）:12; 番13路:12; 番25路:12; 番186路:11
番17路长线,37,37,100,34,番17路:34; 番53路:22; 302A路:19; 公交地铁接驳专线8路:18; 番30路:15; 番183路:13; 公交地铁接驳专线5路:12; 番13路:12; 番25路:12; 番52路（地铁南村万博站 ⇄ 海大集团总站）:11
番91路,43,43,100,34,番13路:34; 301路:28; 番96路:23; 番97路:17; 番99路:17; 番146路:15; 番25路:15; 番100路:14; 288路:12; 番夜5路:12
504路,52,52,100,33,夜74路:33; 862路:22; 246路:17; B6路快线:17; B6路:17; 560路:14; 836路:11; 夜24路:11; 夜47路:11; 833路:11
番5路,33,33,100,33,番5路长线:33; 番12路旅游专线:17; 番165路:15; 番13路:13; 番11路:10; 番91路:10; 番97路:10; 番150路:10; 番150B路:9; 番99路:9
番92路/番92路,46,46,100,33,番93路:33; 番93路短线:33; 番3路:21; 番100路:12; 番10路:11; 番126路:11; 番111路:10; 番131路:10; 番68路:9; 番148路:8
番9路长线,36,36,100,33,番9路:33; 番129路:15; 番108B路:12; 番12路旅游专线:9; 番165路:9; 番5路:9; 番5路长线:9; 番19路（傍雁路临时公交总站 ⇄ 雅居乐总站）:8; 番16路:7; 番1路:7
556路,35,35,100,32,夜26路:32; 519路:16; 555路:15; 176路:14; 528路:13; 105路:12; 21路:12; 夜107路:12; 186路:11; 108路:11
花21路夜班,32,32,100,32,花21路:32; 花22路:6; 707路:6; 花80路:6; 花19路:5; 花8路:4; 花68路:4; 花68路白坭班车:4; 花68路短线:4; 花115路:4
314路,34,34,100,31,佛314路:31; 佛349路:4; 番12路旅游专线:4; 番67路旅游专线:4; 307路/佛307路:4; 312路（沙坑牌坊站 ⇄ 顺德客运总站）:4; K314路:3
548路,44,44,100,31,夜93路:31; 夜27路:17; 562路:16; B15路:16; 夜13路:16; 541路:16; 夜39路:16; 夜40路:15; 518路:14; 243路:14
夜93路,46,46,100,31,548路:31; B22路:17; 夜13路:17; 夜27路:17; B15路:16; 53路:16; 541路:16; 夜39路:16; 夜40路:15; 299路:15
544路,33,33,100,30,夜32路:30; 190路:18; 547路:12; 546路:11; 76路:10; 180路:10; 66路:9; 76A路:9; 36路:8; 10路:8
B8路,35,35,100,30,夜36路:30; 243路:17; 541路:16; 夜39路:16; 夜93路:13; 夜27路:13; 夜40路:13; 548路:13; 299路:12; 194路:11
南沙65路,39,39,100,30,番142路:30; 南沙67路:24; 南45路:15; 南48路:15; 南沙68路:13; 番143路:10; 番150B路:10; 番150路:10; 南沙70路:9; 番141路:9
增城32路内环,30,30,100,30,增城32路外环:30; 增城35路:13; 增夜4路:13; 增城23路:11; 增城38路:10; 571A路:10; 增城28路:7; 增城45路:7; 增城46路:7; 增城31路:7
增城32路外环,31,31,100,30,增城32路内环:30; 增城35路:14; 增夜4路:14; 增城23路:12; 571A路:11; 增城38路:10; 增城28路:7; 增城46路:7; 增城31路:7; 增城45路:7
夜32路,33,33,100,30,544路:30; 190路:18; 547路:12; 76路:10; 546路:10; 66路:9; 76A路:9; 180路:9; 36路:8; 10路:8
夜36路,43,43,100,30,B8路:30; 243路:14; 541路:13; 夜39路:13; 夜93路:13; 518路:12; 542路:12; 53路:11; 562路:10; 548路:10
番142路,34,34,100,30,南沙65路:30; 南48路:18; 南沙67路:15; 南沙68路:13; 番143路:10; 番150B路:10; 番150路:10; 南沙70路:9; 番141路:9; 南47路:9
增城35路,32,32,100,29,增夜4路:29; 增城23路:14; 增城32路外环:14; 增城32路内环:13; 571A路:10; 增城11A路:9; 增城26A路:7; 增城38路:7; 增城35A路:7; 增城26路:6
增夜4路,32,32,100,29,增城35路:29; 增城32路外环:14; 增城32路内环:13; 增城23路:12; 571A路:10; 增城11A路:9; 增城35A路:7; 增城36路:7; 增城38路:7; 增城31路:6
夜21路,43,43,100,29,215路:29; 17路:16; 夜2路:15; 广12路:13; 524路:12; 80路:11; 71路:11; 238路:11; 134路:9; 832路:9
番97路,47,47,100,29,番99路:29; 301路:22; 番100路:21; 番13路:20; 番1路:20; 番91路:17; 番96路:15; 番160路:15; 番125路:14; 番夜5路:14
番99路,43,43,100,29,番97路:29; 301路:23; 番夜5路:21; 番1路:19; 番13路:19; 番91路:17; 番100路:16; 番160路:16; 番96路:15; 番6路:12
301路,44,44,100,28,番91路:28; 番13路:26; 番99路:23; 番97路:22; 番96路:20; 番1路:17; 番6路:15; 番100路:14; 288路:14; 番160路:13
527路,39,39,100,28,夜120路:28; 527路机电班车:26; 夜22路:14; 夜55路:14; 250路:13; 539路:10; 夜80路:10; 夜122路:10; 521路:10; 夜3路:10
551路,29,29,100,28,59路:28; 180路:13; 299路:10; 221路:10; 546路:10; B5路:9; 夜15路:8; 129路:8; 夜16路:8; 夜55路:8
59路,33,33,100,28,551路:28; 180路:16; 221路:14; 9路:12; 夜55路:11; 299路:10; 546路:10; B5路:9; 230路:9; 195路:8
夜120路,32,32,100,28,527路:28; 527路机电班车:26; 夜55路:14; 250路:13; 521路:10; 夜3路:10; 244A路:10; 244路:10; 夜22路:10; 530路:9
244路,38,38,100,27,夜22路:27; 244A路:23; 810路:14; 268路:14; 夜95路:14; 273路:12; 58路:12; 803路:12; 832路:12; 250路:11
246路,41,41,100,27,夜74路:27; 504路:17; 502路:11; 201路:10; 136路:10; 884路:9; 140路:9; 973路:8; 747路:8; 175路:6
521路,27,27,100,27,夜3路:27; 527路机电班车:13; 288路:12; 198路:11; 夜45路:11; 839路:10; 527路:10; 夜120路:10; 114路:10; 830路:9
563路,38,38,100,27,夜76路:27; 529路:17; 833路:14; 126路:13; 76A路:12; 夜90路:12; 803路:11; 841路:10; 244路:9; 742路:9
82路,39,39,100,27,夜33路:27; 35路:13; 3路:12; 70路:12; 5路:11; 180路:10; 9路:9; 209路:9; 6路:9; 253路:9
B15路,29,29,100,27,夜13路:27; 夜93路:16; 548路:16; 562路:15; 518路:13; 261路:13; 53路:13; 夜27路:13; B20路:12; 517路:11
夜102路,32,32,100,27,129路:27; 303路:11; 303A路:11; 5路:10; 番146路:10; 广276路:9; 287路:8; 35路:8; 70路:8; 夜4路:8
夜104路,30,30,100,27,943路:27; 339路:14; 506路:13; 324路:13; 320路:12; 夜51路:10; B24路:10; 355路:10; 459路:9; 夜97路:8
夜22路,43,43,100,27,244路:27; 244A路:23; 254路:15; 527路:14; 夜107路:14; 280路:13; 58路:13; 273路:13; 519路:12; 夜55路:12
夜30路,36,36,100,27,88路:27; 823路:15; 14路:13; 夜8路:12; 250路:11; 253路:11; 964路:10; 211路:10; 305路:9; 夜45路:9
夜33路,46,46,100,27,82路:27; 夜6路:15; 264路:11; 823路:10; 250路:9; 8路:9; 3路:9; 253路:9; 88路:8; 夜30路:8
夜3路,31,31,100,27,521路:27; 527路机电班车:13; 288路:12; 198路:11; 夜45路:11; 839路:10; 527路:10; 夜120路:10; 114路:10; 夜7路:10
夜76路,53,53,100,27,563路:27; 832路:17; 529路:14; 833路:14; 539路:14; 803路:13; 夜122路:11; 244路:10; 76A路:9; 984路:9
236路,28,28,100,26,夜69路:26; 16路:10; 夜5路:8; 206路:8; 夜29路:8; 27路:7; 19路:7; 309路:7; 312路（滘口汽车站总站 ⇄ 祈福新邨总站）:7; 52路:7
714路,27,27,100,26,夜116路:26; 650路:12; 高峰快线72路:11; 725路:9; 花84路:8; 709路:7; 979路:7; 从805路:6; 734路:6; 从5路长线:5
715路,36,36,100,26,夜92路:26; 花62路:13; 701路:10; 707路:9; 花30路:8; 花75路:8; 花9路:8; 花25路:7; 花81路（三水大塘中心广场 ⇄ 广州北站）:7; 夜129路:6
B24路,39,39,100,26,夜97路:26; 338路:19; 459路:12; 943路:11; 347路:11; 夜104路:10; 517路:9; 438路:8; 495路:7; 550路:7
里07路,26,26,100,26,里07路高峰线:26; 广231路:15; 佛里07B路:14; 佛252路:12; 里07路短线/佛里07路里广快线:12; 佛沥18路:9; 广夜91路:9; 广974路班车:9; 广974路:9; 广657路:8
夜1路,32,32,100,26,1路:26; 552路:15; 夜113路:10; 57路:9; 74路:9; 106路:8; 208路:8; 广281路:8; 广夜67路:8; 838路:8
夜31路,26,26,100,26,128路:26; 旅游公交2线:14; 208路:11; 4路:11; 186路:11; 57路:10; 131B路:8; 夜16路:8; 131A路:7; 31路:7
夜71路,26,26,100,26,84A路:26; 84路:15; 83路:13; B12路:13; 30路:12; 39路:12; 夜10路:12; 564路:11; 夜100路:11; 345A路:9
夜92路,43,43,100,26,715路:26; 花62路:21; 花81路（三水大塘中心广场 ⇄ 广州北站）:14; 花1路（人和地铁站 ⇄ 广州北站西广场）:10; 花63路:10; 花63路短线:10; 花80路:10; 花10路:9; 701路:8; 花84路:8
夜97路,38,38,100,26,B24路:26; 338路:18; 459路:12; 347路:11; 943路:9; 438路:9; 339路:8; 夜104路:8; 517路:8; 324路:7
里07路高峰线,26,26,100,26,里07路:26; 广231路:15; 佛里07B路:14; 佛252路:12; 里07路短线/佛里07路里广快线:12; 广974路班车:9; 广974路:9; 广夜91路:9; 佛沥18路:9; 里17路:8
226路,31,31,100,25,夜45路:25; 250路:17; 69路:13; 190路:12; 184路:11; 270路:10; 夜37路:10; 大学城专线3路:10; 206路:9; 夜29路:9
夜25路,26,26,100,25,夜41路:25; B2路:21; B2A路:19; 夜19路:15; B3路:14; 夜38路:14; B5路:13; 夜17路:13; B1路:12; B4路:12
夜45路,36,36,100,25,226路:25; 250路:17; 114路:13; 69路:13; 190路:12; 521路:11; 夜3路:11; 184路:11; 270路:10; 夜37路:10
夜8路,38,38,100,25,14路:25; 270路:15; 823路:14; 190路:13; 206路:13; 88路:12; 夜30路:12; 250路:11; 5路:10; 93路:10
131B路,33,33,100,24,131A路:24; 旅游公交2线:14; 121A路:10; B21路:9; 208路:9; 57路:9; 121路:9; 229路:8; 266路:8; 128路:8
311路,25,25,100,24,夜133路:24; 211路:14; 公交地铁接驳专线4路:10; 公交地铁接驳专线5路:10; 番186路:10; 310路:9; 310路高峰短线:8; 番53路:8; 番17路:8; 番17路长线:8
B1路,27,27,100,24,夜41路:24; B5路:17; B17路:16; B16路:15; B3路:13; 夜17路:13; 夜19路:13; B1短线快车:12; B4路:12; 夜25路:12
南沙67路,32,32,100,24,南沙65路:24; 南45路:15; 南48路:15; 番142路:15; 番21B路:8; 番5路:7; 番5路长线:7; 南39路:6; 南沙49路:6; 40路/南40路:5
增城15路,31,31,100,24,增城16路:24; 增城6路:12; 增城15路快线:9; 增城41路:9; 增城79路:8; 增城73路:8; 增城58路:7; 增城19路:6; 旅游专线1路:4; 增城13路:3
夜122路,34,34,100,24,广424路:24; 271路:11; 夜76路:11; 527路:10; 975路:9; 832路:8; 广夜54路:8; 529路:7; 佛276路/佛276:7; 广283路班车:7
夜133路,24,24,100,24,311路:24; 211路:14; 公交地铁接驳专线4路:10; 公交地铁接驳专线5路:10; 番186路:10; 310路:8; 310路高峰短线:8; 番53路:8; 番17路:8; 番17路长线:8
夜89路,32,32,100,24,191路:24; 233路:12; 夜56路:12; 130路:11; 810路:9; 夜77路:9; 298路:8; 280路:8; 545路:8; 夜105路:8
244A路,25,25,100,23,244路:23; 夜22路:23; 273路:12; 夜55路:11; 250路:11; 527路:10; 527路机电班车:10; 夜120路:10; 58路:9; 夜36路:9
32路,37,37,100,23,298路:23; 540路:17; 夜35路:17; 58A路:15; 58路:15; 63路:14; 810路:11; 179路:10; 46路:10; 199路:10
345A路,42,42,100,23,83路:23; 333路:23; 夜60路:20; 564路:18; 夜100路:18; 396路:18; 396A路环线:14; 346路:12; 330A路:10; 330路:10
39路,28,28,100,23,夜10路:23; 30路:16; 84路:13; 84A路:12; B12路:12; 夜71路:12; 775路:12; 83路:10; 54路:8; 564路:8
582路,23,23,100,23,582路班车:23; 夜101路:17; 304路:12; 夜20路:11; B7路快线:8; 901A路:7; 239路:7; 765路:7; B4A路:6; 夜68路:6
6路,34,34,100,23,夜5路:23; 3路:10; 209路:9; 82路:9; 191路:8; 833路:8; 217路:8; 夜72路:8; 夜89路:7; 夜14路:7
83路,40,40,100,23,345A路:23; 564路:20; 夜100路:20; 84A路:13; 夜71路:13; 346路:12; 494路:11; 84路:11; B12路:11; 30路:10
B28路,25,25,100,23,夜41路:23; 516路:11; B29路:11; 广369路:10; B1路:9; B30路:9; 363路:7; 453A路:6; B31路:6; 夜73路:6
夜10路,33,33,100,23,39路:23; 30路:16; B12路:13; 84路:13; 84A路:12; 夜71路:12; 775路:12; 54路:11; B11路:11; 89路:10
夜18路,29,29,100,23,261路:23; 518路:20; 284路:17; 广283路:17; 广283路班车:17; 62路:15; 2路:13; 204路:12; 293路:11; 305路:11
夜29路,24,24,100,23,206路:23; 270路:11; 夜37路:11; 14路:10; 夜8路:10; 69路:10; 312路（滘口汽车站总站 ⇄ 祈福新邨总站）:10; 大学城专线3路:9; 226路:9; 250路:9
夜5路,33,33,100,23,6路:23; 833路:12; 297路:10; 209路:10; 夜14路:9; 3路:9; 236路:8; 110路:8; 220路:7; 66路:7
夜7路,31,31,100,23,31路:23; 38路:13; 186路:11; 29路:10; 夜3路:10; 823路:9; 556路:9; 288路:9; 9路:9; 303路:9
广283路,37,37,100,23,广283路班车:23; 广276路:19; 广高峰快线30路:18; 261路:17; 夜18路:17; 广12路:14; 518路:14; 305路:13; 62路:13; B3路:12
广283路班车,29,29,100,23,广283路:23; 261路:17; 夜18路:17; 518路:14; 广高峰快线30路:13; 305路:13; 62路:13; 2路:12; B3路:12; 夜19路:12
番25路,29,29,100,23,番13路:23; 番91路:15; 288路:14; 番17路:12; 番17路长线:12; 番53路:12; 301路:12; 番96路:12; 番183路:11; 番186路:11
582路班车,26,26,100,23,582路:23; 夜101路:17; 304路:12; 夜20路:11; B7路快线:8; 765路:7; 239路:7; 901A路:7; 762路:6; 229路:6
17路,28,28,100,22,夜2路:22; 夜21路:16; 71路:14; 832路:12; 238路:11; 524路:9; 215路:9; 夜80路:9; 975路:8; 134路:8
182路,31,31,100,22,24路:22; 8路:14; 夜6路:11; 264路:10; 247路:10; 夜12路:9; 124路:8; 767路:8; 夜40路:7; 7路:7
24路,29,29,100,22,182路:22; 264路:10; 8路:10; 夜6路:10; 273路:9; 36路:9; 夜12路:9; 247路:9; 265路:8; 298路:7
46路,36,36,100,22,高峰快线80路:22; 179路:17; 297路:13; 257路:13; 54路:12; 高峰快线21路:11; 540路:11; 198路:11; 32路:10; B11路:9
510路,40,40,100,22,夜94路:22; 840路:19; 夜123路:15; 528路:14; 753路:13; 711路:12; 251路:10; 724路:9; 971路:8; 523路:8
夜11路,28,28,100,22,52路:22; 广275路:18; 19路:15; 广260路:11; 181路:10; 夜72路:10; 夜44路:9; 206路:9; 312路（滘口汽车站总站 ⇄ 祈福新邨总站）:9; 夜29路:9
夜63路,22,22,100,22,978路:22; 509路:5; 756路:5; 796路:5; 21路:5; 739路:4; 753路:4; 922路:4; 970路:4; 夜84路:4
高峰快线80路,23,23,100,22,46路:22; 54路:10; 297路:8; B11路:8; 高峰快线21路:8; 179路:8; 257路:7; 198路:7; 498路:6; 268路:5
180路,33,33,100,21,夜55路:21; 59路:16; 551路:13; 195路:11; 夜34路:11; 35路:11; 221路:11; 86路:10; 82路:10; 9路:10
268路,31,31,100,21,夜95路:21; 244路:14; 803路:13; 832路:11; 810路:11; 274路:10; 32路:10; 58A路:9; 58路:9; 夜76路:9
280路,35,35,100,21,810路:21; 886路:17; 夜77路:15; 254路:13; 夜22路:13; 233路:13; 夜105路:11; 244路:10; 251路:10; 58A路:10
78A路,27,27,100,21,夜53路:21; B10路:11; 78路:11; B11路:11; 高峰快线32路:10; 581路:8; 20路:7; 218路:7; 41路:7; 901A路:5
B2路,21,21,100,21,夜25路:21; 夜41路:20; B2A路:19; B3路:13; 夜19路:13; B5路:12; 夜38路:12; B1路:11; B4路:11; 夜17路:11
增城11路,46,46,100,21,增城12路:21; 增城13路:18; 增城2路:15; 增城4路:15; 增城11A路:13; 增城36路:10; 370路:8; 增城80路:6; 增城49路:6; 增城54路:6
增城22路,23,23,100,21,增城22路/增22路:21; 571路:12; 增城37路:11; 增城25路:9; 增城26路:8; 增城39路:6; 增城9路:6; 增城29路:5; 增城45路:5; 增城23路:5
增城22路/增22路,21,21,100,21,增城22路:21; 增城37路:11; 571路:11; 增城25路:9; 增城26路:7; 增城39路:6; 增城9路:5; 增城23路:5; 增城38路:4; 增城29路:4
夜106路,21,21,100,21,708路:21; 花16路:9; 花84路:6; 空港1路:4; 花17路A:4; 花85路:4; 737路:3; 高速专线2路:3; 花32路:3; 843路:2
夜119路,23,23,100,21,793路:21; 425路:6; 743路:6; 539路:6; 656路:6; 夜86路:6; 427路:6; 984路:5; 837路:5; 755路:4
夜53路,28,28,100,21,78A路:21; 78路:13; B10路:11; 高峰快线32路:10; 581路:10; 41路:8; 130路:7; 20路:7; 218路:7; B11路:7
夜60路,37,37,100,21,333路:21; 345A路:20; 396路:19; 330路:17; 330A路:15; 446路:13; 396A路环线:10; 327路:8; 夜52路:7; 345路:7
番146路,40,40,100,21,303路:21; 夜88路:19; 302路:19; 番91路:15; 番145路:15; 番10路:14; 番51路:14; 番143路:13; 番165路:13; 番13路:12
番3路,31,31,100,21,番92路/番92路:21; 番68路:16; 番100路:13; 番6路:11; 番10路:11; 番93路:9; 番93路短线:9; 番30路:7; 番15路:7; 番22B路:7
番6路,35,35,100,21,番68路:21; 301路:15; 番108路:14; 番99路:12; 番160路:11; 番29路:11; 番97路:11; 番3路:11; 番1路:10; 番93路短线:10
番夜5路,28,28,100,21,番99路:21; 番97路:14; 番96路:13; 番100路:12; 番13路:12; 番91路:12; 番108路:12; 301路:9; 番15路:9; 番1路:9
花70路短线,21,21,100,21,花70路:21; 花2路:10; 715路:6; 花112路:5; 花31B路:5; 花68路:5; 花68路短线:5; 花80路:5; 花75路:5; 花9路:5
540路,45,45,100,20,夜35路:20; 32路:17; 245路:12; 542路:12; 298路:12; 179路:11; 46路:11; 夜105路:11; 504路:10; 583路:10
增城13路,38,38,100,20,增城4路:20; 增城12路:19; 增城11路:18; 增城2路:12; 增城39路:6; 增城49路:6; 增城65路:5; 增城3路:5; 增城48路:5; 增城14路:4
夜103路,21,21,100,20,广565路:20; 222路:12; 夜44路:11; 69路:9; 70路:9; 525路:9; 91路:8; 沥17B路区间:8; 广277路:7; 沥17B路:7
夜85路,20,20,100,20,970路:20; 984路:8; 523A路:7; 831路:6; 509路:5; 739路:5; 753路:5; 756路:5; 796路:5; 夜84路:5
广565路,23,23,100,20,夜103路:20; 222路:12; 夜44路:11; 69路:9; 70路:9; 525路:9; 91路:8; 沥17B路区间:8; 广277路:7; 沥17B路:7
B6路快线,20,20,100,20,B6路:20; 504路:17; 862路:16; 560路:14; 夜74路:13; 夜47路:13; 836路:12; 夜24路:12; 179路:10; 833路:10
B6路,20,20,100,20,B6路快线:20; 504路:17; 862路:16; 560路:14; 夜74路:13; 夜47路:13; 836路:12; 夜24路:12; 179路:10; 833路:10
195路,29,29,100,19,夜34路:19; 180路:11; 230路:11; 夜28路:11; 35路:10; 86路:10; 夜55路:10; 122路:10; 836路:9; 夜61路:9
243路,36,36,100,19,夜40路:19; 夜27路:18; B8路:17; 541路:14; 548路:14; 夜39路:14; 夜93路:14; 夜36路:14; 299路:12; 53路:11
270路,33,33,100,19,夜37路:19; 250路:16; 14路:15; 夜8路:15; 252路:14; 206路:13; 大学城专线3路:13; 53路:12; 45路:11; 夜29路:11
302路,35,35,100,19,303路:19; 番146路:19; 夜88路:17; 番145路:14; 302A路:13; 987路:12; 番10路:11; 番143路:10; 番182路:9; 310路:8
338路,27,27,100,19,B24路:19; 夜97路:18; 347路:12; 459路:12; 336路:9; 943路:8; 438路:8; 324路:7; 355路:7; 夜104路:7
40路,36,36,100,19,44路:19; 548路:13; 夜93路:9; 562路:9; 764路:9; 811路:8; B15路:8; 夜13路:8; 518路:8; 夜27路:7
44路,36,36,100,19,40路:19; 夜93路:12; 299路:11; 548路:10; 293路:10; 192路:9; 222路:9; 811路:8; 夜27路:8; 夜132路:7
496路,28,28,100,19,506路:19; 774路:9; 547路:9; B4A路:8; 494路:8; B22路:8; 夜81路:7; 夜43路:7; 448路:6; 408A路:6
506路,54,54,100,19,496路:19; 夜51路:14; B22路:14; 夜104路:13; 夜81路:13; 371路:12; 571A路:12; 391路:12; B4A路:12; 夜49路:11
522路,40,40,100,19,夜87路:19; 807路:14; 夜94路:13; 706路:13; 21路:12; 706路早间短线:11; 840路:10; 夜80路:10; 722路:10; 523A路:9
739路,19,19,100,19,夜84路:19; 509路:12; 756路:12; 753路:9; 926路:7; 796路:6; 510路:6; 528路:6; 804路:6; 711路:5
76路,39,39,100,19,864路:19; 76A路:18; 66路:16; 夜9路:13; 803路:13; 190路:10; 544路:10; 夜32路:10; 798路:10; 夜4路:8
864路,35,35,100,19,76路:19; 夜9路:13; 66路:13; 76A路:12; 夜4路:11; 546路:9; 211路:9; 36路:9; 832路:9; 223路:8
夜27路,32,32,100,19,夜40路:19; 243路:18; 548路:17; 夜93路:17; 107路:16; 541路:15; 夜39路:15; B8路:13; B15路:13; 夜13路:13
夜87路,43,43,100,19,522路:19; 706路:17; 703路:15; 58A路:13; 523路:11; 21路:11; 706路早间短线:10; 夜94路:8; 528路:8; 夜105路:8
广276路,33,33,100,19,广283路:19; 广12路:14; 广高峰快线30路:12; 广283路班车:12; 229路:11; B3路:11; 夜19路:11; 夜16路:9; 129路:9; 夜102路:9
番128路,32,32,100,19,番62路:19; 番93路:8; 番59路:7; 番61路:7; 番92路/番92路:7; 番93路短线:7; 番76路:6; 番126路:6; 番132路旅游专线:5; 番162B路:5
122路,21,21,100,18,夜28路:18; 305路:12; 211路:10; 195路:10; 51路:10; 301A路:9; 562路:9; 夜88路:8; 836路:8; 125路:7
66路,37,37,100,18,夜121路:18; 76路:16; 76A路:14; 864路:13; 541路:12; 夜39路:12; 803路:10; 夜9路:10; 124路:10; 544路:9
832路,37,37,100,18,夜95路:18; 夜76路:17; 803路:15; 126路:13; 17路:12; 71路:12; 夜2路:12; 244路:12; 夜90路:12; 268路:11
924路,18,18,100,18,夜62路:18; 663路:10; 656路:7; 799路:7; 926路:6; 665路:6; 671路:5; 539路:5; 76路:4; 66路:3
B16路,31,31,100,18,夜41路:18; B17路:15; B20路:15; B1路:15; B5路:15; B2A路:11; B3路:11; 夜17路:11; 夜19路:11; 夜34路:11
B18路,32,32,100,18,B18路快线:18; 223路:11; B19路:11; 245路:10; 32路:9; 66路:8; 38路:8; 175路:8; 298路:8; 210路:8
B18路快线,19,19,100,18,B18路:18; B19路:9; 223路:7; 76路:6; 864路:6; 245路:6; 38路:6; 529路:5; 66路:5; 76A路:5
B5路,31,31,100,18,夜41路:18; B1路:17; B16路:15; 夜9路:14; B17路:14; B3路:13; 夜17路:13; 夜19路:13; 夜25路:13; 夜38路:13
佛263路短线,19,19,100,18,佛263路:18; 佛236路:16; 佛251路:16; 佛244B路:14; 佛278路:12; 沥12B路:11; 佛250路:7; 佛277路:7; 佛211路:6; 广123路:6
南沙9路团结围线,19,19,100,18,南沙9路缸瓦沙线:18; 南30路:7; 南沙16路:7; 南28路:6; 南39路:3; 南10路:3; 南25路:2; 南沙G2路:2
南沙9路缸瓦沙线,18,18,100,18,南沙9路团结围线:18; 南30路:7; 南28路:6; 南沙16路:6; 南39路:3; 南10路:3; 南25路:2; 南沙G2路:2
夜28路,22,22,100,18,122路:18; 305路:13; 195路:11; 211路:10; 51路:9; 125路:8; 301A路:8; 夜34路:8; 夜88路:8; 230路:7
夜51路,40,40,100,18,573路:18; 943路:17; 506路:14; 391路:13; 夜93路:11; 夜104路:10; 575路:10; 夜81路:10; 325路:10; B4路:10
夜62路,20,20,100,18,924路:18; 663路:10; 656路:7; 799路:7; 671路:6; 926路:6; 665路:6; 539路:5; 667路:4; 798路:4
广275路,41,41,100,18,夜11路:18; 19路:15; 52路:14; 广275路出场短线:13; 佛232路:13; 181路:12; 商务专线4路:9; 夜72路:9; 787路:8; 广260路:8
广高峰快线30路,24,24,100,18,广283路:18; 广283路班车:13; 广276路:12; 广12路:11; B3路:11; 夜19路:11; 305路:9; 261路:9; 夜18路:9; 2路:8
番186路,34,34,100,18,番53路:18; 番10路:13; 番17路:11; 番13路:11; 番25路:11; 番145路:10; 番91路:10; 311路:10; 夜133路:10; 公交地铁接驳专线9路:9
番67路旅游专线,32,32,100,18,番12路旅游专线:18; 番68路:16; K314路:8; 番108路:7; 番27路:6; 番108B路:5; 番130路:5; 番147路:5; 番6路:5; 番7路:5
250路,39,39,100,17,226路:17; 夜45路:17; 270路:16; 夜37路:13; 527路:13; 527路机电班车:13; 夜120路:13; 14路:12; 69路:12; 88路:11
284路,32,32,100,17,夜18路:17; 293路:16; 261路:16; 518路:15; 夜40路:14; 299路:12; 56路:12; 广283路:11; 广283路班车:11; 夜36路:10
523路,33,33,100,17,58A路:17; 977路:15; 夜87路:11; 843路:10; 522路:9; 523A路:9; 510路:8; 夜94路:8; 夜80路:8; 21路:7
529路,28,28,100,17,563路:17; 833路:16; 76A路:14; 夜76路:14; 66路:8; 751路:8; 夜122路:7; 76路:7; B18路:7; 984路:7
53路,37,37,100,17,218路:17; 夜93路:16; 562路:16; 261路:16; 517路:14; 夜23路:13; 548路:13; B15路:13; 夜13路:13; 270路:12
555路,33,33,100,17,105路:17; 556路:15; 夜26路:15; 528路:15; 21路:13; 519路:12; 108路:12; 夜95路:11; 803路:11; 夜105路:11
836路,31,31,100,17,夜24路:17; 夜47路:12; B6路快线:12; B6路:12; 504路:11; 179路:11; 51路:10; 833路:10; 862路:10; 195路:9
886路,33,33,100,17,夜105路:17; 280路:17; 810路:14; 58A路:13; 251路:12; 58路:12; 807路:12; 545路:12; 298路:11; 244路:10
980路环线,17,17,100,17,980路:17; 夜75路:16; 757路:7; 807A路:6; 522路:6; 662路:6; 244A路:4; 929路:4; 244路:4; 268路:4
南68路快线,17,17,100,17,南沙68路:17; 南沙65路:8; 番142路:8; 南沙70路:6; 番141路:6; 番148路:6; 番143路:6; 番150B路:6; 番150路:6; 番92路/番92路:5
南沙19路,25,25,100,17,南沙学1路:17; 南53路:16; 番143路:11; 南沙62路:11; 南沙G4路:10; 南沙24路:7; 南沙18路:5; 南沙4路:4; 南沙8路:4; 南1路B:4
南沙63路A线,19,19,100,17,南沙63路B线:17; 南沙8路:10; 南53路:6; 南34路:4; 南沙38路:4; 南沙12路:3; 南沙62路:3; 南沙4路:3; 南沙19路:3; 南沙20路:2
南沙63路B线,19,19,100,17,南沙63路A线:17; 南沙8路:11; 南53路:6; 南34路:5; 南沙31路A线:3; 南沙31路B线:3; 南沙19路:3; 南沙4路:3; 南沙12路:3; 南沙38路:3
增城10路,33,33,100,17,增夜2路:17; 增城8路:13; 增城47路:10; 增城3路:10; 增城5路:9; 增城1路:8; 增城10路快线:7; 增城64路:6; 增城18路:5; 增城76路:4
增夜2路,18,18,100,17,增城10路:17; 增城8路:13; 增城5路:8; 增城10路快线:7; 增城76路:4; 增城34路快线:2; 增城1路:2; 增城9A路/9A路快线:2; 增城34路:1; 增城55路:1
夜105路,39,39,100,17,886路:17; 278路:16; 108路:16; 21路:14; 夜77路:13; 528路:13; 58A路:13; 58路:12; 540路:11; 280路:11
夜24路,40,40,100,17,836路:17; 263路:13; 夜47路:12; B6路快线:12; B6路:12; 230路:12; 179路:11; 504路:11; 833路:10; 862路:10
广657路,18,18,100,17,广夜91路:17; 里07路:8; 广231路:8; 广974路班车:8; 里07路高峰线:8; 广974路:8; 佛252路:6; 里07路短线/佛里07路里广快线:6; 里14:6; 里14路:6
番10路,40,40,100,17,番143路:17; 番146路:14; 番186路:13; 番68路:11; 番100路:11; 番3路:11; 番92路/番92路:11; 302路:11; 番145路:11; 番148路:10
980路,18,18,100,17,980路环线:17; 夜75路:16; 757路:7; 807A路:6; 522路:6; 662路:6; 244A路:4; 929路:4; 244路:4; 268路:4
121A路,36,36,100,16,121路:16; 夜42路:10; 131A路:10; 131B路:10; 旅游公交2线:9; 11路:9; 8路:8; 夜6路:8; 812路:8; 旅游观光1线:7
121路,32,32,100,16,121A路:16; 夜42路:14; 131A路:9; 131B路:9; 广277路:9; 旅游公交2线:8; 11路:8; 995路:8; 52路:8; 64路:8
183路,39,39,100,16,10路:16; B21路:11; B8路:11; 16路:11; 夜36路:10; 222路:9; 25路:8; 1路:7; 夜1路:7; 106路:7
217路,23,23,100,16,夜72路:16; 209路:14; 106路:13; 124路:8; 6路:8; 110路:8; 夜113路:8; 71路:8; 广281路:7; 广夜67路:7
262路,19,19,100,16,夜66路:16; 137路:10; 229路:10; 762路:8; 夜70路:8; 旅游公交3线:7; 239路:7; 夜101路:7; 大学城专线3路:7; 旅游观光1线:6
278路,23,23,100,16,夜105路:16; 540路:10; 538路:9; 21路:9; 519路:9; 528路:9; 555路:9; 556路:9; 803路:9; 810路:9
301A路,35,35,100,16,夜61路:16; 夜88路:16; 562路:13; 51路:12; 夜20路:10; 288路:10; 301路:10; 番13路:10; 番25路:10; 番91路:10
545路,34,34,100,16,夜15路:16; 886路:12; 245路:12; 夜77路:10; 夜105路:10; 夜56路:10; 238路:9; 524路:9; 225路:9; 夜25路:9
70路,35,35,100,16,夜44路:16; 74路:13; 82路:12; 5路:12; 69路:11; 35路:11; 962路:9; 552路:9; 222路:9; 91路:9
712路,33,33,100,16,750路:16; 702路:8; 花10路:8; 713路:7; 花7路:7; 花81路（三水大塘中心广场 ⇄ 广州北站）:7; 701路:6; 夜92路:6; 707路:5; 花30路:5
75路,27,27,100,16,9路:16; 288路:13; 303路:12; 309路:11; 夜24路:10; 57路:9; 广281路:9; 广夜67路:9; 31路:8; 夜7路:8
772路,20,20,100,16,773路:16; B11路:10; 581路:10; 764路:5; 78路:5; 498路:5; 503路:4; 28路:4; 582路:4; 901A路:4
773路,29,29,100,16,772路:16; B11路:11; 564路:10; 夜100路:10; 581路:10; 夜81路:9; 548路:8; 774路:8; B4B路:7; 夜51路:6
7路,35,35,100,16,夜77路:16; 夜12路:14; 528路:10; 63路:10; 519路:9; 夜8路:9; 264路:8; 广12路:8; 176路:8; 182路:7
803路,38,38,100,16,夜95路:16; 832路:15; 176路:13; 268路:13; 274路:13; 夜76路:13; 76路:13; 244路:12; 21路:11; 528路:11
833路,46,46,100,16,529路:16; 563路:14; 夜76路:14; 862路:14; 76A路:12; 夜5路:12; 504路:11; 179路:10; 836路:10; 夜24路:10
86路,30,30,100,16,35路:16; 997路:14; 夜128路:14; 夜55路:11; 180路:10; 195路:10; 夜34路:10; 468路:9; 大学城专线2路:7; 361路:7
9路,28,28,100,16,75路:16; 288路:15; 303路:13; 59路:12; 广123路:11; 221路:11; 180路:10; 夜55路:10; 208路:9; 82路:9
B17路,28,28,100,16,B1路:16; B16路:15; 夜41路:15; B20路:14; B5路:14; 夜17路:13; B2A路:10; B3路:10; 夜19路:10; 夜34路:10
从夜3路,19,19,100,16,从21路长线:16; 从20路:8; 从903路:8; 从1路东线:6; 从3路夜班:5; 从4路:5; 从6路:5; 从6路支线:5; 从901路:5; 从902路:5
夜15路,31,31,100,16,545路:16; 225路:14; 夜77路:14; 524路:10; 夜25路:10; 夜41路:10; 238路:9; 夜14路:9; 280路:9; 63路:9
夜61路,20,20,100,16,301A路:16; 562路:12; 51路:10; 195路:9; 夜88路:9; 夜20路:9; 230路:8; 夜34路:8; 288路:8; 301路:8
夜72路,25,25,100,16,217路:16; 209路:14; 181路:12; 64路:11; 106路:11; 102路:11; 夜11路:10; 19路:9; 广275路:9; 124路:8
夜77路,38,38,100,16,7路:16; 280路:15; 233路:14; 810路:14; 夜15路:14; 夜105路:13; 63路:13; 夜25路:12; 夜41路:12; 夜14路:11
108路,26,26,100,16,528路:16; 夜105路:16; 21路:15; 519路:12; 555路:12; 夜12路:11; 556路:11; 夜26路:11; 58路:10; 113路:10
285路,34,34,100,15,91路:15; 285路无轨电车短线:14; 223路:10; 222路:10; 811路:10; 16路:9; 夜36路:9; 299路:9; B5路:8; 787路:8
299路,29,29,100,15,夜93路:15; 548路:14; 541路:13; 夜39路:13; 243路:12; 284路:12; B8路:12; 夜27路:12; 夜40路:12; 44路:11
347路,34,34,100,15,459路:15; 338路:12; 349路:11; B24路:11; 夜97路:11; 326路:10; 579路:8; 320路:7; 516路:5; 324路:5
358路,21,21,100,15,391A路:15; 391路:11; 365路:10; 375路:8; 夜52路:6; 948路:6; 393路:6; 366路:5; 371路:5; 367路:4
371路,39,39,100,15,366路:15; 566路:12; 506路:12; 391路:12; 946路:12; 夜52路:11; 394路:10; 571A路:9; 573路:8; B31路:7
450路,23,23,100,15,夜57路:15; 夜98路:12; 940路:9; 334路:8; 321路:7; 946路:7; 516路:6; 566路:6; 569路:6; B31路:6
459路,32,32,100,15,347路:15; 338路:12; B24路:12; 夜97路:12; 943路:10; 夜104路:9; 320路:9; 432A路:8; 517路:7; B26路:7
4路,22,22,100,15,夜16路:15; 134路:11; 128路:11; 夜31路:11; 186路:9; 823路:7; 31路:6; 38路:6; 夜7路:6; 131B路:6
517路,34,34,100,15,261路:15; 218路:14; 53路:14; 548路:11; 562路:11; B15路:11; 夜13路:11; 547路:10; 137路:10; 518路:10
552路,38,38,100,15,夜1路:15; 74路:14; 207路:12; 812路:12; 181路:11; 1路:10; 夜113路:10; 238路:10; 广419路:9; 70路:9
572路,24,24,100,15,夜73路:15; 516路:14; 夜49路:14; 569路:12; B31路:10; 571B路:9; 566路:9; 567路:8; 夜57路:8; 340路:8
5路,30,30,100,15,夜55路:15; 273路:13; 70路:12; 35路:11; 82路:11; 夜8路:10; 129路:10; 夜102路:10; 夜22路:9; 180路:8
62路,27,27,100,15,夜18路:15; 261路:14; 518路:13; 广283路:13; 广283路班车:13; 204路:12; 2路:12; 305路:11; 56路:11; B3路:11
650路,44,44,100,15,979路:15; 夜126路:15; 714路:12; 夜116路:12; 夜131路:12; 655路（广东青年职业学院总站 ⇄ 良田保税路总站）:10; 725路:8; 827路:8; 732路:6; 724路:6
742路,26,26,100,15,841路:15; 982路:9; 563路:9; 126路:8; 705路:8; 265路:7; 539路:7; 夜90路:7; 651路:6; 759路环线:6
756路,23,23,100,15,509路:15; 739路:12; 夜84路:12; 807路:9; 840路:9; 夜94路:9; 796路:8; 753路:8; 837路:7; 926路:6
759路环线,20,20,100,15,夜114路:15; 886路:6; 742路:6; 夜105路:5; 108路:5; 522路:5; 706路:5; 706路早间短线:5; 244路:5; 268路:5
B20路,29,29,100,15,B16路:15; B17路:14; 夜17路:13; B15路:12; B1路:12; B5路:12; 夜41路:12; 夜13路:11; B2A路:11; B3路:11
B7路快线,20,20,100,15,B7路:15; 夜101路:14; 夜20路:13; 239路:12; 582路:8; 582路班车:8; 夜34路:7; 229路:7; 夜66路:7; 大学城专线3路:7
佛244路,51,51,100,15,佛252路:15; 沥12路:12; 佛278路:12; 广419路:10; 广231路:9; 广260路:7; 沥17B路区间:7; 佛202路:7; 里07路:6; 里07路高峰线:6
佛252路,27,27,100,15,佛244路:15; 里07路短线/佛里07路里广快线:13; 里07路:12; 里07路高峰线:12; 佛里07B路:9; 广231路:8; 里17路:8; 广974路班车:7; 里14:7; 里14路:7
南1路B,27,27,100,15,南沙1路:15; 南沙62路:11; 南沙62路短线:10; 南沙18路:10; 南沙49路:10; 南沙4路:10; 番141路:10; 南27路:6; 南夜4路:6; 南沙54路:5
南45路,28,28,100,15,南沙65路:15; 南沙67路:15; 南44路:10; 南48路:7; 南39路:6; 南沙49路:6; 番142路:6; 南沙33路:6; 南41路:6; 南沙68路:6
夜114路,17,17,100,15,759路环线:15; 886路:6; 706路:6; 706路早间短线:6; 244路:6; 268路:6; 803路:6; 810路:6; 夜76路:6; 夜105路:5
夜48路,20,20,100,15,B25路:15; 夜25路:9; 夜38路:9; 夜41路:9; B21路:8; B5路:8; 夜17路:8; 夜19路:8; 夜9路:8; 大学城专线2路:8
大学城专线1路,34,34,100,15,大学城专线3路:15; 大学城专线2路:15; 夜50路:13; 番202路旅游专线:13; 大学城环线1路:12; 大学城专线4路:10; B25路:8; 番201路:8; 210路:7; B18路:7
大学城专线2路,26,26,100,15,大学城专线1路:15; 大学城环线1路:10; B25路:9; 夜48路:8; 大学城专线3路:8; 夜50路:8; 番201路:8; 503路:7; 大学城专线4路:7; 86路:7
番147路,25,25,100,15,番12路旅游专线:15; 番29路:14; 番130路:12; 番68路:9; 番6路:9; 番108B路:9; 番108路:8; 番165路:7; 番5路:7; 番5路长线:7
花115路,20,20,100,15,花68路白坭班车:15; 花68路短线:15; 花68路:14; 花5路:9; 花19路:5; 花39路短线:5; 花15路:5; 花21路:4; 花21路夜班:4; 花2B路:4
广974路,16,16,100,15,广974路班车:15; 广231路:10; 里07路:9; 广夜91路:9; 里07路高峰线:9; 广657路:8; 佛252路:7; 里07路短线/佛里07路里广快线:7; 里14:7; 里14路:7
南沙1路,18,18,100,15,南1路B:15; 南沙62路短线:12; 南沙62路:9; 南沙4路:8; 南沙49路:7; 南沙18路:6; 番141路:5; 南沙13路:5; 南夜6路:5; 南27路:4
703路,31,31,100,15,夜87路:15; 706路:11; 花8路:8; 705路:8; 花63路:7; 花63路短线:7; 花68路:7; 花68路白坭班车:7; 花68路短线:7; 522路:6
16路,32,32,100,14,B21路:14; 10路:12; 183路:11; 236路:10; 285路:9; 夜69路:8; 285路无轨电车短线:8; 243路:7; 25路:7; 221路:7
176路,26,26,100,14,556路:14; 夜26路:14; 803路:13; 274路:13; 524路:11; 519路:11; 538路:10; 21路:10; 528路:10; 555路:10
186路,38,38,100,14,38路:14; 29路:12; 夜16路:12; 夜22路:11; 823路:11; 夜7路:11; 31路:11; 556路:11; 128路:11; 夜31路:11
208路,29,29,100,14,57路:14; 夜37路:12; 旅游公交2线:12; 128路:11; 夜31路:11; 9路:9; 131B路:9; 209路:8; 夜1路:8; 广281路:8
209路,36,36,100,14,217路:14; 夜72路:14; 106路:12; 74路:10; 夜5路:10; 133路:10; 82路:9; 110路:9; 124路:9; 6路:9
221路,30,30,100,14,59路:14; 夜55路:13; 546路:12; 9路:11; 180路:11; 551路:10; 70路:7; 35路:7; 230路:7; 288路:7
233路,26,26,100,14,810路:14; 夜77路:14; 280路:13; 夜89路:12; 夜56路:11; 191路:10; 夜27路:10; 夜15路:8; 107路:8; 193路:8
252路,31,31,100,14,270路:14; 45路:13; 468路:11; 14路:10; 夜8路:10; 高峰快线74路:10; 37路:9; 764路:8; 189路:8; 51路:8
253路,28,28,100,14,29路:14; 夜30路:11; 180路:10; 186路:9; 夜16路:9; 82路:9; 夜33路:9; 广12路:8; 229路:8; 夜22路:7
257路,16,16,100,14,高峰快线21路:14; 46路:13; 179路:9; 32路:9; 298路:8; 540路:8; 高峰快线80路:7; 夜35路:7; 199路:7; 210路:7
274路,22,22,100,14,538路:14; 176路:13; 803路:13; 268路:10; 832路:10; 21路:10; 528路:10; 540路:10; 555路:10; 夜95路:9
27路,28,28,100,14,夜14路:14; 293路:9; 56路:9; 夜38路:9; 185路:8; 261路:8; 284路:8; 2路:8; 305路:8; 518路:8
285路无轨电车短线,14,14,100,14,285路:14; 223路:10; 16路:8; 192路:6; 247路:6; 63路:5; 221路:5; 129路:5; 299路:5; 551路:5
290路,16,16,100,14,夜96路:14; 55路:10; 42路:8; 745路:6; 885路:6; 夜16路:6; 夜45路:6; 广276路:6; 广283路:6; 广283路班车:6
29路,38,38,100,14,253路:14; 186路:12; 夜7路:10; 823路:10; 31路:9; 180路:9; 夜55路:9; 夜22路:9; 220路:8; 527路:8
339路,28,28,100,14,943路:14; 夜104路:14; 324路:10; 344路:9; 夜97路:8; 337路:8; 326路:7; 355路:7; B24路:7; 367路:7
38路,37,37,100,14,186路:14; 夜7路:13; 181路:13; 265路:12; 556路:10; 31路:10; 夜26路:9; 823路:9; 251路:9; 66路:8
391路,39,39,100,14,391A路:14; 336路:13; 夜51路:13; 371路:12; 506路:12; 573路:12; 358路:11; 365路:10; 366路:9; 355路:9
396A路环线,18,18,100,14,345A路:14; 333路:13; 396路:11; 330A路:10; 330路:10; 446路:10; 夜60路:10; 327路:8; 327A路:6; 354路:5
538路,24,24,100,14,274路:14; 176路:10; 803路:10; 105路:9; 278路:9; 556路:8; 夜26路:8; 71路:7; 832路:7; 7路:7
539路,34,34,100,14,夜76路:14; 夜80路:13; 527路:10; 832路:9; 259路:8; 265路:8; 563路:8; 841路:8; 803路:8; 524路:7
57路,23,23,100,14,208路:14; 广281路:14; 广夜67路:14; 旅游公交2线:11; 128路:10; 夜31路:10; 131B路:9; 夜1路:9; 75路:9; 131A路:8
71路,29,29,100,14,17路:14; 夜2路:14; 832路:12; 夜21路:11; 238路:9; 524路:9; 215路:9; 夜80路:8; 134路:8; 217路:8
74路,44,44,100,14,552路:14; 207路:13; 70路:13; 209路:10; 2路:9; 55路:9; 812路:9; 838路:9; 夜1路:9; 962路:9
901A路,32,32,100,14,901路:14; 夜68路:11; 541路:9; 547路:9; 28路:9; 776路:9; 夜101路:8; B22路:7; 582路:7; 582路班车:7
901路,26,26,100,14,901A路:14; 夜68路:10; 494路:10; 497路:10; 776路:9; 491路:8; 581路:7; 夜53路:7; 582路班车:5; B4A路:5
946路,36,36,100,14,569路:14; B31路:14; 夜49路:14; 566路:13; 371路:12; 516路:11; 366路:11; 375路:10; 324路:9; 340路:8
南沙12路,39,39,100,14,南沙38路:14; 南55路:13; 40路/南40路:11; 南沙49路:11; 南53路:11; 南沙G4路:9; 南沙54路:8; 南34路:8; 南10路:7; 南沙8路:7
增城64路,31,31,100,14,增城9路:14; 增城1路:12; 增城9A路/9A路快线:9; 增城47路:8; 增城18路:7; 增城34路:7; 增城4路:6; 增城10路:6; 增城3路:6; 增城17路:6
夜118路,14,14,100,14,979路:14; 738路:9; 650路:4; 714路:4; 734路:4; 夜116路:4; 655路（广东青年职业学院总站 ⇄ 良田保税路总站）:2; 709路:2; 716路:2; 725路:2
夜12路,31,31,100,14,7路:14; 519路:13; 夜107路:13; 528路:12; 108路:11; 36路:10; 555路:10; 夜26路:10; 264路:9; 182路:9
夜14路,25,25,100,14,27路:14; 夜25路:11; 夜41路:11; 夜77路:11; 夜5路:9; 夜15路:9; 833路:8; 545路:8; B2路:8; 夜105路:8
夜20路,28,28,100,14,304路:14; B7路快线:13; 582路:11; 582路班车:11; 301A路:10; B7路:10; 夜101路:10; 夜61路:9; 562路:8; 239路:8
夜96路,15,15,100,14,290路:14; 55路:10; 42路:7; 198路:6; 46路:6; 885路:6; 夜16路:6; 夜45路:6; 广276路:6; 广283路:6
夜9路,36,36,100,14,B5路:14; 76路:13; 864路:13; 36路:12; B12路:11; 夜17路:11; 夜19路:11; 夜25路:11; 夜38路:11; 夜41路:11
大学城环线1路,18,18,100,14,夜50路:14; 大学城专线3路:13; 番202路旅游专线:13; 大学城专线1路:12; 番201路:11; 大学城专线2路:10; 383路:8; B25路:8; 997路:6; 夜128路:6
广12路,29,29,100,14,广276路:14; 广283路:14; 215路:13; 夜21路:13; 广高峰快线30路:11; 80路:10; 夜16路:9; 广283路班车:9; 229路:9; 253路:8
广412路,15,15,100,14,广夜111路:14; 990路:6; 同成社区公交接驳专线:4; 同成社区接驳专线:4; 广州-肇庆（广州芳村汽车客运站 ⇄ 肇庆长途站）:4; 670路:3; 佛275路:3; 207路:3; 487路:3; 552路:3
广夜111路,14,14,100,14,广412路:14; 990路:6; 广州-肇庆（广州芳村汽车客运站 ⇄ 肇庆长途站）:4; 同成社区公交接驳专线:3; 同成社区接驳专线:3; 670路:3; 佛275路:3; 207路:3; 487路:3; 552路:3
旅游公交2线,28,28,100,14,128路:14; 夜31路:14; 131B路:14; 208路:12; 131A路:12; 57路:11; 204路:9; 121A路:9; 夜42路:9; 11路:8
番125路,20,20,100,14,番97路:14; 番109路:13; 地铁接驳10A线:11; 番109B路:8; 番100路:6; 288路:5; 303A路:4; 番52路（广州南站总站 ⇄ 石碁文化广场总站）:4; 番96路:4; 番99路:4
花10路,27,27,100,14,花81路（三水大塘中心广场 ⇄ 广州北站）:14; 花75路:12; 花9路:10; 夜92路:9; 花62路:9; 花76路:8; 花7路:8; 712路:8; 花63路:8; 花63路短线:8
高峰快线21路,15,15,100,14,257路:14; 46路:11; 高峰快线80路:8; 179路:7; 199路:7; 210路:7; 32路:7; 63路:6; 夜35路:6; 大学城专线1路:6
番108路,27,27,100,14,番6路:14; 番夜5路:12; 番108B路:11; 番15路:11; 番100路:11; 番1路:11; 番68路:10; 番130路:9; 番147路:8; 番7路:8
239路,31,31,100,13,夜101路:13; B7路快线:12; 194路:10; B7路:9; 夜20路:8; 229路:8; 夜66路:8; 大学城专线3路:8; 562路:7; 304路:7
2路,29,29,100,13,261路:13; 夜18路:13; 204路:12; 518路:12; 62路:12; 广283路:12; 广283路班车:12; 56路:11; 夜38路:11; 305路:10
305路,32,32,100,13,夜28路:13; 广283路:13; 广283路班车:13; 122路:12; 211路:11; 204路:11; 261路:11; 62路:11; 夜18路:11; 2路:10
581路,42,42,100,13,945路:13; 772路:10; 773路:10; 夜53路:10; B26路:10; 355路:10; 390路:10; 776路:9; B11路:8; 78A路:8
69路,25,25,100,13,226路:13; 夜45路:13; 190路:12; 250路:12; 夜44路:12; 184路:11; 70路:11; 206路:10; 夜29路:10; 222路:9
78路,28,28,100,13,夜53路:13; 78A路:11; B11路:11; 130路:9; B10路:9; 41路:8; 高峰快线32路:8; 20路:7; 218路:7; 191路:6
89路,27,27,100,13,54路:13; B21路:10; B11路:10; 夜10路:10; 503路:10; 781路:8; 130路:8; 194路:7; 39路:7; 263路:6
B29路,26,26,100,13,B30路:13; B28路:11; 夜41路:10; 943路:8; 320路:8; 广369路:7; B1路:7; 夜73路:7; 581路:7; 夜104路:7
南50路,28,28,100,13,番150B路:13; 南34路:10; 南沙54路:10; 番143路:10; 南36路:9; 南57路:8; 番150路:8; 南52路:6; 番5路长线:4; 南51路:3
增城8路,17,17,100,13,增夜2路:13; 增城10路:13; 增城5路:9; 增城10路快线:7; 增城1路:3; 增城9A路/9A路快线:3; 增城16路:2; 增城18路:2; 增城6路:2; 增城77路:2
夜23路,23,23,100,13,53路:13; B9路:11; 270路:9; 夜37路:9; 大学城专线3路:9; 263路:9; 夜43路:9; 夜24路:8; B10路:8; 226路:7
夜43路,40,40,100,13,B14路:13; 夜34路:10; B9路:10; 263路:10; 夜24路:10; 408路:9; 408A路:9; 547路:9; B21路:9; 夜23路:9
广275路出场短线,13,13,100,13,广275路:13; 佛232路:11; 商务专线4路:5; 桂23路:4; 19路:3; 525路:3; 桂12路:3; 桂21路:3; 桂09路:2; 285路:1
广277路,35,35,100,13,91路:13; 广281路:11; 52路:11; 夜44路:11; 广夜67路:10; 769路/769路快线:10; 19路:9; 207路:9; 222路:9; 121路:9
B14路,13,13,100,13,夜43路:13; 408A路:7; 408路:6; 496路:6; 506路:6; 547路:6; 432A路:5; 764路:5; 813路:5; 503路:5
夜47路,15,15,100,13,B6路快线:13; B6路:13; 836路:12; 夜24路:12; 504路:11; 179路:10; 833路:10; 862路:10; 560路:9; 夜74路:7
259路,22,22,100,13,夜80路:13; 夜94路:11; 840路:10; 527路:9; 广424路:8; 539路:8; 830路:7; 730路:7; 198路:6; 521路:6
106路,28,28,100,13,217路:13; 3路:12; 209路:12; 541路:11; 夜39路:11; 夜72路:11; 1路:8; 夜1路:8; B8路:7; 183路:7
114路,14,14,100,13,夜45路:13; 521路:10; 夜3路:10; 288路:7; 229路:6; 253路:6; 226路:5; 夜79路:5; 552路:5; 527路:5
124路,24,24,100,12,夜121路:12; 66路:10; 209路:9; 541路:9; 夜39路:9; 182路:8; 110路:8; 217路:8; 夜72路:8; 186路:7
18路,18,18,100,12,夜56路:12; 45路:8; 583路:7; 37路:7; 11路:6; 206路:6; 540路:5; 886路:5; 20路:5; 夜109路:5
204路,28,28,100,12,261路:12; 2路:12; 62路:12; 夜18路:12; 518路:11; 广283路:11; 广283路班车:11; 305路:11; 133路:10; 56路:10
230路,33,33,100,12,夜24路:12; 195路:11; 59路:9; 130路:8; 551路:8; 夜61路:8; 301A路:8; 51路:8; 288路:8; 303路:8
238路,25,25,100,12,524路:12; 17路:11; 夜21路:11; 552路:10; 215路:9; 545路:9; 夜15路:9; 71路:9; 夜2路:9; 530路:8
245路,37,37,100,12,540路:12; 545路:12; B18路:10; 223路:9; 542路:8; 夜35路:8; 137路:8; 大学城专线4路:8; 886路:8; 夜56路:8
303A路,32,32,100,12,夜108路:12; 夜102路:11; B7路:10; 旅游观光1线:10; 129路:9; 302A路:8; 夜109路:8; 番52路（广州南站总站 ⇄ 石碁文化广场总站）:7; 90路:7; 番30路:6
346路,33,33,100,12,345A路:12; 564路:12; 夜100路:12; 83路:12; 449路:12; 84A路:8; 夜71路:8; 节假日公交专线7路:7; 84路:7; B12路:7
355路,27,27,100,12,324路:12; 581路:10; 943路:10; 夜104路:10; 494路:9; 391路:9; 320路:9; 336路:7; 326路:7; 339路:7
432A路,35,35,100,12,B30路:12; B26路:11; 390路:9; 581路:8; 459路:8; 408路:7; 764路:7; 夜43路:7; B29路:7; 夜46路:7
479路,12,12,100,12,夜82路:12; 661路:5; 34路:3; 980路环线:3; 981路:3; 夜75路:3; 980路:3; 182路:2; 186路:1; 284路:1
51路,25,25,100,12,夜88路:12; 301A路:12; 562路:11; 夜61路:10; 122路:10; 836路:10; 夜28路:9; 195路:8; 230路:8; 305路:8
524路,26,26,100,12,238路:12; 夜21路:12; 176路:11; 夜15路:10; 夜80路:10; 545路:9; 17路:9; 71路:9; 832路:9; 夜2路:9
542路,29,29,100,12,540路:12; 夜36路:12; 夜93路:12; 548路:11; 583路:9; 261路:9; 284路:9; 299路:9; 518路:9; 541路:9
547路,47,47,100,12,544路:12; 夜32路:12; 706路:11; 706路早间短线:11; 541路:10; B22路:10; 517路:10; 548路:9; 496路:9; 506路:9
573路快线,27,27,100,12,349路:12; 575路:9; 336路:7; 388路:7; 夜49路:6; 324路:5; 339路:5; 334路:5; 453A路:5; 945路:4
782路,21,21,100,12,838路:12; 207路:8; 夜113路:8; 966路:8; 962路:6; 74路:6; 812路:6; 夜1路:6; 70路:5; 1路:5
B1短线快车,12,12,100,12,B1路:12; 夜41路:11; B5路:9; B3路:7; B4路:7; 夜17路:7; 夜19路:7; 夜25路:7; 夜38路:7; B16路:7
B4A路,31,31,100,12,506路:12; 夜81路:10; 夜68路:9; 448路:9; 496路:8; B22路:8; 901A路:7; 夜101路:7; 776路:7; 494路:7
南57路,24,24,100,12,南34路:12; 南35路:9; 南36路:8; 南50路:8; 37路/南37路:7; 南沙70路:7; 南沙38路:6; 南51路:6; 番150路:5; 番11路:4
南沙62路短线,13,13,100,12,南沙1路:12; 南1路B:10; 南沙62路:9; 南21路:4; 南沙21路支线:4; 南夜6路:2; 南沙49路:2; 南沙4路:2; 长途番禺宝安:1; 南28路:1
南沙G4路,24,24,100,12,南沙学1路:12; 番143路:11; 南55路:10; 南沙19路:10; 南沙12路:9; 南53路:9; 40路/南40路:7; 南10路:7; 南沙62路:7; 南17路:6
增城15路快线,14,14,100,12,增城16路:12; 增城15路:9; 旅游专线1路:8; 增城41路:5; 增城48路:3; 增城6路:3; 增城5路:3; 增城18路:2; 增城81路:2; 增城7路:2
增城34路快线,17,17,100,12,增城34路:12; 增城9路:7; 增城9A路/9A路快线:5; 增城64路:5; 增城39路:4; 增城30路:3; 增城29路:3; 增城36路:3; 增城65路:3; 增城38路:2
夜4路,27,27,100,12,35路:12; 864路:11; 10路:9; 546路:9; 211路:9; 76路:8; 287路:8; 129路:8; 5路:8; 70路:8
夜56路,27,27,100,12,夜89路:12; 18路:12; 233路:11; 45路:11; 191路:10; 545路:10; 886路:10; 14路:9; 夜8路:9; 夜105路:9
夜82路,12,12,100,12,479路:12; 661路:5; 34路:3; 980路环线:3; 981路:3; 夜75路:3; 980路:3; 182路:2; 186路:1; 284路:1
广260路,28,28,100,12,佛279路:12; 夜11路:11; 佛277路:10; 52路:10; 广286路:9; 广123路:8; 广275路:8; 佛244路:7; 佛250路:7; 沥12B路:7
桂21路,13,13,100,12,桂12路:12; 19路:6; 广275路:6; 525路:5; 商务专线4路:4; 285路:4; 787路:4; 770路:4; 广275路出场短线:3; 佛232路:3
番130路,20,20,100,12,番147路:12; 番12路旅游专线:10; 番108B路:9; 番108路:9; 番29路:8; 番6路:7; 番68路:6; 番129路:5; 番19路（傍雁路临时公交总站 ⇄ 雅居乐总站）:5; 番67路旅游专线:5
空港2路,18,18,100,12,空港2路公交短线:12; 空港1路:7; 737路:7; 843路:7; 985路:5; 夜班136路:5; 708路:4; 夜106路:2; 510路:2; 707路:2
花7路,22,22,100,12,花76路:12; 花30路:10; 花75路:9; 花10路:8; 花81路（三水大塘中心广场 ⇄ 广州北站）:7; 712路:7; 花9路:7; 701路:7; 花8路:6; 花23路:4
964路,23,23,100,12,997路:12; 夜128路:11; 夜30路:10; 230路:7; 991路:6; 88路:6; B7路快线:6; 836路:5; 122路:5; 195路:5
130路,24,24,100,11,夜89路:11; 191路:10; 298路:9; 78路:9; 230路:8; 89路:8; 夜53路:7; 263路:7; 195路:6; 184路:6
193路,20,20,100,11,207路:11; 广286路:9; 411路:9; 233路:8; 夜27路:8; 夜11路:8; 广277路:8; 250路:7; 74路:7; 104路:7
223路,24,24,100,11,B18路:11; 285路:10; 285路无轨电车短线:10; 245路:9; 864路:8; 38路:7; 76路:7; B18路快线:7; 192路:7; 175路:6
229路,36,36,100,11,B3路:11; 夜19路:11; 广276路:11; 旅游公交3线:10; 262路:10; 夜66路:10; 247路:10; 广283路:10; 广283路班车:10; 大学城专线3路:9
25路,29,29,100,11,夜37路:11; 10路:9; 183路:8; 16路:7; B21路:7; 208路:6; 82路:6; 9路:6; 夜33路:6; 74路:6
264路,34,34,100,11,250路:11; 夜33路:11; 夜6路:10; 夜8路:10; 182路:10; 24路:10; 761路:9; 211路:9; 184路:9; 夜12路:9
310路高峰短线,14,14,100,11,310路:11; 211路:8; 311路:8; 夜133路:8; 769路/769路快线:5; 番夜2路:3; 番187路:2; 公交地铁接驳专线8路:2; 番57路:1; 公交地铁接驳专线4路:1
321路,29,29,100,11,940路:11; 349路:9; 450路:7; 334路:6; 946路:6; 439路:5; 516路:5; 566路:5; 569路:5; 572路:5
367路,29,29,100,11,夜49路:11; 571A路:10; 948路:9; 337路:9; 506路:8; 339路:7; 391路:6; 373路:6; 569路:6; 夜97路:6
397路,28,28,100,11,B31路:11; 夜49路:11; 566路:9; 569路:9; 340路:8; 946路:8; 567路:7; 516路:5; 321路:5; 375路:5
456路环线,11,11,100,11,456路:11; 350路:4; 夜131路:3; 夜126路:3; 342路:2; 362路:2; 650路:2; 827路:2; 351路:2; 457路:1
502路,20,20,100,11,246路:11; 201路:10; 140路:10; 夜74路:9; 136路:8; 804路:6; 884路:6; 541路:5; 夜39路:5; 791路:4
579路,21,21,100,11,516路:11; 940路:10; 347路:8; 439路:8; 340路:8; 夜49路:8; 566路:7; 569路:7; 946路:7; B31路:7
774路,24,24,100,11,564路:11; 夜100路:11; 496路:9; 773路:8; 903路:8; B4路:8; 夜38路:8; 548路:7; 497路:7; 355路:6
807A路,18,18,100,11,58A路:11; 58路:11; 夜22路:10; 254路:9; 807路:9; 244路:9; 32路:9; 夜75路:9; 244A路:8; 251路:8
811路,32,32,100,11,813路:11; 285路:10; 222路:9; 40路:8; 44路:8; 91路:8; 220路:7; 583路:6; 183路:5; 225路:5
839路,31,31,100,11,198路:11; 521路:10; 夜3路:10; 830路:9; 207路:9; 夜44路:9; 527路机电班车:8; 411路:8; 990路:8; 838路:8
93路,31,31,100,11,211路:11; 夜8路:10; 14路:9; 864路:8; 184路:7; 190路:7; 76路:7; 夜4路:7; 823路:7; 88路:7
966路,19,19,100,11,838路:11; 夜113路:9; 782A路:9; 782路:8; 207路:7; 962路:7; 121A路:7; 70路:6; 74路:6; 487路:6
B26路,34,34,100,11,497路:11; B4路:11; 432A路:11; 581路:10; 夜38路:10; 夜46路:10; 903路:9; 夜93路:9; 夜51路:8; 776路:7
地铁接驳10A线,13,13,100,11,番125路:11; 番109路:9; 番109B路:7; 番25路:6; 番97路:5; 303A路:4; 番52路（广州南站总站 ⇄ 石碁文化广场总站）:4; 番100路:4; 夜102路:3; 288路:3
增城9A路/9A路快线,15,15,100,11,增城9路:11; 增城64路:9; 增城34路:6; 增城39路:6; 增城34路快线:5; 增城36路:4; 增城65路:4; 增城14路:4; 增城9路快线:4; 增城5路:4
夜68路,29,29,100,11,901A路:11; 901路:10; B4A路:9; 776路:9; 夜38路:8; B4路:7; 夜17路:7; 夜19路:7; 夜25路:7; 夜41路:7
夜99路,11,11,100,11,广205路:11; 555路:6; 夜95路:6; 17路:6; 旅游公交2线:6; 25路:5; 261路:4; 128路:4; 193路:4; 204路:4
广夜58路,11,11,100,11,广132路:11; 广277路:8; 广286路:7; 广281路:7; 广260路:6; 广夜67路:6; 佛沥18路:6; 佛279路:5; 广123路:5; 广969路:4
番162B路,23,23,100,11,番93路:11; 番160路:9; 番151路:8; 番夜4路:8; 番162路:7; 番111路:5; 番128路:5; 番149路:4; 番夜3路:4; 番92路/番92路:4
番163A路,16,16,100,11,番163B路:11; 番89路:10; 番52路（广州南站总站 ⇄ 石碁文化广场总站）:9; 302路:6; 303路:6; 310路:6; 987路:6; 番10路:6; 番145路:6; 番146路:6
番16路,31,31,100,11,番19路（傍雁路临时公交总站 ⇄ 雅居乐总站）:11; 番23路:9; 番108B路:7; 番129路:7; 番9路:7; 番9路长线:7; 番1路:6; 番68路:6; 番4B路:6; 番7路:6
番56路,15,15,100,11,番17路:11; 302A路:11; 番17路长线:10; 番58路:7; 番182路:6; 302路:6; 夜102路:6; 公交地铁接驳专线8路:6; 番30路:6; 番53路:6
高峰快线24路,19,19,100,11,214路:11; 363路:11; 438路:8; B19路:7; 210路:7; 夜97路:6; 508路:5; B29路:5; 338路:5; B24路:5
110路,26,26,100,11,297路:11; 109路:9; 209路:9; 夜5路:8; 124路:8; 217路:8; 夜72路:8; 862路:7; 6路:7; 夜121路:7
11路,27,27,100,10,夜42路:10; 45路:10; 121A路:9; 121路:8; 旅游公交2线:8; 旅游观光1线:8; 195路:7; 131A路:6; 131B路:6; 182路:6
137路,30,30,100,10,243路:10; 夜40路:10; 517路:10; 262路:10; 140路:9; 261路:9; 53路:9; 541路:9; 548路:9; 562路:9
140路,26,26,100,10,502路:10; 夜18路:10; 136路:9; 246路:9; 夜74路:9; 大学城专线4路:9; 137路:9; 261路:9; 53路:9; 541路:9
175路,27,27,100,10,841路:10; 757路:9; 广424路:8; B18路:8; 298路:7; 32路:7; 540路:7; 271路:6; 夜122路:6; 夜35路:6
210路,25,25,100,10,214路:10; 363路:10; B18路:8; 257路:7; 高峰快线21路:7; 大学城专线1路:7; 高峰快线24路:7; 24路:6; 32路:6; 夜35路:6
247路,28,28,100,10,夜6路:10; 182路:10; 229路:10; 24路:9; 8路:9; 211路:8; 旅游公交2线:7; 239路:6; 301A路:6; 夜88路:6
326路,19,19,100,10,347路:10; 320路:8; 324路:7; 339路:7; 344路:7; 355路:7; 943路:7; 夜104路:7; B29路:5; 338路:5
340路,31,31,100,10,439路:10; 516路:10; 579路:8; 397路:8; 946路:8; 夜49路:8; 572路:8; 夜73路:8; 566路:7; 569路:7
411路,18,18,100,10,207路:10; 193路:9; 552路:9; 812路:9; 839路:8; 75路:7; 990路:7; 广277路:7; 74路:7; 夜1路:6
439路,23,23,100,10,340路:10; 579路:8; 323路:6; 572路:5; 夜73路:5; 321路:5; 450路:5; 946路:5; 516路:4; 566路:4
503路,32,32,100,10,89路:10; 813路:10; 54路:9; B11路:9; 夜10路:9; 218路:8; 53路:8; B19路:7; 大学城专线2路:7; B12路:6
658A路,13,13,100,10,658B路:10; 广746路:5; 429路循环线:4; 745路:3; 金沙洲2号线:3; 广231路:3; 广657路:3; 广974路班车:3; 广夜91路:3; 广974路:3
658B路,10,10,100,10,658A路:10; 广746路:4; 429路循环线:3; 金沙洲2号线:3; 广231路:3; 广657路:3; 广974路班车:3; 广夜91路:3; 广974路:3; 佛252路:2
769路/769路快线,18,18,100,10,广277路:10; 181路:8; 417路:6; 445路环线:6; 222路:6; 69路:6; 70路:6; 91路:6; 夜103路:6; 夜44路:6
增城9路快线,11,11,100,10,增城9路:10; 增城14路:6; 增城16路:5; 增城64路:5; 增城1路:4; 增城78路:4; 增城9A路/9A路快线:4; 增城82路:4; 增城17路:3; 增城3路:3
夜46路,22,22,100,10,B26路:10; 348路:8; 夜41路:8; 517路:8; B29路:7; 432A路:7; 320路:5; 903路:5; B24路:5; B16路:5
大学城专线4路,36,36,100,10,大学城专线1路:10; 夜40路:10; B25路:9; 夜50路:9; 137路:9; 243路:9; 140路:9; 261路:9; 53路:9; 541路:9
旅游专线1路,11,11,100,10,增城16路:10; 增城15路快线:8; 增城15路:4; 增城48路:3; 增城81路:3; 增城7路:3; 增城5路:3; 增城61路:3; 增城18路:2; 增城6路:2
番187路,13,13,100,10,番夜2路:10; 番145路:6; 番185路:5; 304路:5; 番182路:4; 番13路:4; 番25路:4; 番53路:4; 番91路:4; 番96路:4
番191路,10,10,100,10,公交地铁接驳专线4路:10; 番182路:9; 番185路:9; 90路:8; 302路:5; 番56路:3; 番181路:2; 番183路:2; 129路:2; 303路:2
番89路,16,16,100,10,番163A路:10; 番52路（广州南站总站 ⇄ 石碁文化广场总站）:10; 302路:7; 303路:7; 番10路:7; 番145路:7; 番146路:7; 番163B路:6; 310路:6; 987路:6
番夜2路,14,14,100,10,番187路:10; 番145路:8; 番182路:5; 番185路:5; 番53路:4; 304路:4; 310路高峰短线:3; 番13路:3; 番186路:3; 番25路:3
高峰快线32路,23,23,100,10,78A路:10; 夜53路:10; B10路:9; 78路:8; 775路:6; 773路:6; 20路:5; 218路:5; 41路:5; B11路:5
旅游公交3线,16,16,100,10,229路:10; 262路:7; 夜66路:6; 582路班车:5; 137路:4; 762路:4; 774路:4; 239路:4; 304路:4; 582路:4
701路,30,30,100,10,715路:10; 花75路:10; 707路:9; 花76路:9; 花30路:9; 花9路:9; 夜92路:8; 花10路:7; 花81路（三水大塘中心广场 ⇄ 广州北站）:7; 花7路:7
101路,16,16,100,10,104路:10; 519路:9; 夜107路:9; 35路:6; 541路:6; 夜39路:6; 夜12路:5; 113路:5; 91路:4; 182路:4
104路,18,18,100,10,101路:10; 250路:8; 193路:7; 233路:7; 夜27路:7; 广286路:7; 107路:7; 128路:6; 夜31路:6; 35路:6
185路,22,22,100,9,2路:9; 278路:8; 夜105路:8; 261路:8; 27路:8; 518路:8; 56路:8; B4路:8; 夜18路:8; 夜38路:8
192路,26,26,100,9,44路:9; 16路:7; 223路:7; 221路:7; 285路:6; 285路无轨电车短线:6; 247路:6; 299路:6; 夜16路:6; 186路:6
20路,22,22,100,9,218路:9; 41路:9; 583路:7; 78A路:7; 78路:7; 夜53路:7; 302A路:6; 130路:5; 18路:5; 45路:5
28路,19,19,100,9,901A路:9; 夜132路:8; 541路:6; 547路:6; 495路:6; 582路:5; 夜101路:5; 582路班车:5; 137路:5; 218路:5
408A路,11,11,100,9,夜43路:9; B14路:7; 496路:6; 506路:6; 813路:6; 40路:5; 547路:5; 408路:4; 432A路:4; 764路:4
41路,13,13,100,9,20路:9; B17路:8; 78路:8; 夜53路:8; 218路:7; 78A路:7; 130路:5; 191路:5; 775路:5; 高峰快线32路:5
42路,17,17,100,9,885路:9; 广283路班车:8; 广夜54路:8; 290路:8; 夜96路:7; 广424路:6; 佛276路/佛276:6; 夜122路:6; 广478路:5; 7路:5
729路,13,13,100,9,夜120路:9; 731路环线:7; 198路:6; 527路:6; 夜80路:5; 134路:5; 17路:5; 215路:5; 71路:5; 80路:5
780路,34,34,100,9,812路:9; 夜44路:8; 夜33路:7; 967路:7; 70路:6; 夜103路:6; 广565路:6; 414路:6; 525路:6; 206路:5
792A路,19,19,100,9,504路:9; 862路:9; 夜74路:9; B6路快线:7; B6路:7; 126路:7; 832路:7; 夜90路:7; 夜95路:7; 560路:6
884路,24,24,100,9,246路:9; 498路:8; 83路:8; 804路:7; 30路:7; 84A路:7; B12路:7; 502路:6; 84路:6; 夜70路:6
885路,20,20,100,9,42路:9; 广283路班车:8; 广424路:6; 佛276路/佛276:6; 广夜54路:6; 290路:6; 55路:6; 夜96路:6; 夜16路:6; 夜45路:6
90路,17,17,100,9,番182路:9; 公交地铁接驳专线4路:8; 番185路:8; 番191路:8; 45路:7; 583路:7; 303A路:7; 779路:6; 夜109路:5; 304路:5
962路,15,15,100,9,70路:9; 74路:9; 207路:8; 838路:8; 966路:7; 夜113路:7; 552路:7; 夜1路:7; 782路:6; 广419路:6
985路,31,31,100,9,夜班136路:9; 724路:9; 976路:9; 843路:8; 737路:7; 471路:7; 797路:7; 夜86路:6; 空港2路:5; 828路:5
南沙61路短线（万科海上明月 ⇄ 黄阁中学）,9,9,100,9,南61路:9; 南夜1路:7; 南沙夜1路:6; 南14路:5; 南沙15路:2; 南55路:2; 南沙38路:2; 南沙61路短线（黄阁公交总站 ⇄ 黄阁公交总站）:2; 南沙70路:1
增城75路,15,15,100,9,莞609路:9; 莞615路:6; 莞75路:5; 莞G7路:4; 增城27路:3; 增城36路:3; 增城9路:3; 增城24路:2; 增城40路:2; 增城44路:2
广夜54路,17,17,100,9,广478路:9; 佛276路/佛276:8; 夜122路:8; 广283路班车:8; 42路:8; 广424路:7; 885路:6; 290路:5; 夜96路:5; 里07路:4
番微公交3路,10,10,100,9,番97路:9; 301路:7; 番160路:7; 番1路:7; 番29路:7; 番6路:7; 番93路:7; 番99路:7; 番93路短线:7; 南沙54路:6
空港快线2线,10,10,100,9,空港快线2号线:9; 空港快线2号线夜班:5; 空港快线3线:4; 夜105路:3; B2A路:3; B2路:3; 夜25路:3; 夜41路:3; 机场快线7B线:2; 机场快线7号C线:2
109路,19,19,100,9,110路:9; 297路:8; 旅游公交1线:7; 105路:7; 128路:6; 204路:6; 233路:6; 555路:6; 夜31路:6; 186路:6
125路,28,28,100,8,夜28路:8; 公交地铁接驳专线5路:8; 广12路:8; 122路:7; 夜4路:7; 184路:7; 211路:6; 305路:6; 35路:6; 36路:6
287路,16,16,100,8,129路:8; 夜102路:8; 35路:8; 夜4路:8; 273路:7; 5路:7; 70路:7; 542路:6; 82路:6; 夜24路:6
426路环线,12,12,100,8,929路:8; 夜22路:7; 126路:4; 254路:4; 524路:4; 539路:4; 730路:4; 830路:4; 831路:4; 840路:4
469路,13,13,100,8,夜24路:8; 583路:6; 230路:5; 29路:5; 31路:5; 夜7路:5; 288路:4; 303路:4; 309路:4; 75路:4
495路,25,25,100,8,550路:8; 403路:7; B24路:7; 944路:6; 261路:6; 28路:6; 581路:5; 945路:5; 390路:5; 517路:5
882路快线,15,15,100,8,560路:8; B6路快线:8; B6路:8; 504路:7; 862路:7; 夜74路:7; 836路:7; 792路环线:6; 夜24路:6; 792A路:5
991路,15,15,100,8,960路:8; 836路:7; 964路:6; 997路:5; 766路环线:5; 夜128路:4; 765路:4; 35路:4; 5路:4; 70路:4
南14路,23,23,100,8,南55路:8; 南沙12路:6; 番141路:6; 南61路:5; 南夜1路:5; 南沙15路:5; 南沙61路短线（万科海上明月 ⇄ 黄阁中学）:5; 南沙夜1路:5; 南沙38路:5; 南沙70路:5
南夜4路,12,12,100,8,南沙4路:8; 南1路B:6; 南沙49路:6; 番141路:6; 南沙18路:5; 南27路:4; 南沙13路:4; 南沙54路:4; 南61路:2; 南沙1路:2
南沙夜1路,9,9,100,8,南61路:8; 南夜1路:6; 南沙61路短线（万科海上明月 ⇄ 黄阁中学）:6; 南14路:5; 南沙15路:3; 南55路:3; 南沙61路短线（黄阁公交总站 ⇄ 黄阁公交总站）:3; 南沙70路:3; 番141路:2; 南沙38路:2
夜109路,18,18,100,8,303A路:8; 302A路:7; 40路:7; 129路:5; 番146路:5; 90路:5; 18路:5; 45路:5; 583路:5; 夜56路:5
夜132路,15,15,100,8,28路:8; 40路:7; 44路:7; 541路:6; 901A路:6; 547路:6; 771路:5; 582路:4; 夜101路:4; 582路班车:4
夜79路,21,21,100,8,288路:8; 夜7路:8; 521路:7; 夜3路:7; 995路:6; 夜45路:6; 181路:6; 10路:5; 16路:5; 31路:5
番162路,9,9,100,8,番151路:8; 番夜4路:8; 番162B路:7; 番160路:6; 番149路:1; 番93路:1
番夜3路,10,10,100,8,番93路:8; 番132路旅游专线:7; 番126路:5; 番131路:5; 番92路/番92路:5; 番93路短线:5; 番111路:4; 番162B路:4; 番148路:2; 番160路:2
B4B路,11,11,100,8,B22路:8; B4路:8; 夜51路:8; 夜93路:8; 773路:7; 夜38路:7; 497路:6; B26路:6; 325路:4; 564A路:4
929路,26,26,100,8,426路环线:8; 519路:7; 176路:6; 556路:6; 夜26路:6; 254路:6; 夜22路:6; 271路:6; 722路:6; 夜107路:5
256路,17,17,100,7,261路:7; 181路:6; 555路:5; 105路:5; 186路:5; 38路:5; 7路:5; 夜8路:5; 128路:4; 夜31路:4
329路,12,12,100,7,432路:7; 432A路:5; B30路:5; B28路:4; 夜46路:4; 360路:3; 364路:3; 390路:3; 344路:3; 434路:3
490路,12,12,100,7,320路:7; 448路:4; 508路:4; 573路:4; 944路:3; 344路:3; 326路:2; 403路:2; 548路:2; 390路:2
61路,15,15,100,7,530路:7; 124路:6; 233路:5; 夜27路:5; 207路:5; 15路:5; 193路:4; 夜11路:4; 夜127路:4; 广260路:4
665路,22,22,100,7,76路:7; 743路:6; 656路:6; 663路:6; 799路:6; 924路:6; 夜62路:6; 夜76路:6; 804路:6; 425路:5
730路,9,9,100,7,840路:7; 夜80路:7; 259路:7; 夜94路:5; 539路:5; 夜22路:5; 759路环线:4; 886路:4; 夜105路:4; 夜114路:4
南沙24路,22,22,100,7,南53路:7; 南沙19路:7; 南沙5路:6; 九王庙临时接驳线外环:6; 南沙学1路:6; 九王庙临时接驳线内环:5; 南沙54路:4; 南沙62路:4; 南沙18路:3; 南夜5路:3
增城31路,22,22,100,7,增城32路内环:7; 增城32路外环:7; 增城45路:6; 增城35路:6; 增夜4路:6; 增城35A路:6; 增城30路:5; 增城43路:4; 增城11A路:4; 增城44路:3
增城35A路,13,13,100,7,增城35路:7; 增夜4路:7; 增城31路:6; 增城11A路:5; 增城36路:4; 增城51路:2; 增城52路:2; 增城54路:2; 370路:1; 增城11路:1
增城48路,23,23,100,7,增城5路:7; 增城6路:6; 增城3路:6; 增城4路:6; 增城13路:5; 增城77路:4; 增城80路:4; 增城15路快线:3; 增城16路:3; 旅游专线1路:3
夜127路,13,13,100,7,990路:7; 广969路:7; 193路:7; 夜11路:6; 207路:5; 52路:5; 233路:5; 夜27路:5; 广286路:5; 34路:4
夜59路,12,12,100,7,486路:7; 夜95路:7; 17路:6; 夜2路:6; 225路:5; 62路:5; 133路:5; 夜11路:5; 广260路:5; 105路:5
新龙镇02线上午,7,7,100,7,新龙镇02线下午:7; 345路:1; 442路:1; 443路:1; 534路:1; 365A路:1; 365路:1
新龙镇02线下午,7,7,100,7,新龙镇02线上午:7; 365A路:1; 365路:1; 345路:1; 442路:1; 443路:1; 534路:1
旅游公交1线,18,18,100,7,233路:7; 109路:7; 193路:5; 250路:5; 夜27路:5; 广286路:5; 104路:5; 107路:5; 128路:4; 夜31路:4
番58路,16,16,100,7,番86路:7; 番56路:7; 129路:7; 夜102路:7; 番163B路:6; 302路:6; 303A路:6; 303路:6; 番146路:6; 番182路:6
科教城2路,8,8,100,7,370路:7; 增城71路:5; 增城2路:3; 科教城1路:1
188路,13,13,100,6,236路:6; 夜69路:6; 夜45路:5; 226路:4; 114路:4; 270路:3; 121A路:3; 243路:3; 113路:3; 285路:3
323路,19,19,100,6,439路:6; 340路:6; 572路:6; 夜73路:6; 324路:5; 355路:5; 349路:4; 358路:3; 579路:3; 581路:3
374路,13,13,100,6,372路:6; 572路:4; 214路:4; 571B路:4; 579路:4; 940路:4; 321路:3; 439路:3; 450路:3; 516路:3
377路,14,14,100,6,432路:6; 210路:5; 581路:4; 943路:4; B29路:4; 夜104路:4; 434路:4; 364路:3; 459路:3; 431路:3
387路,13,13,100,6,86路:6; 夜50路:6; 番201路:5; 332路:5; 番202路旅游专线:5; 大学城专线1路:4; 大学城专线2路:4; 大学城专线3路:4; 大学城环线1路:4; 361路:4
745路,9,9,100,6,290路:6; 55路:6; 夜96路:6; 658A路:3; 佛里07B路:3; 830路:3; 885路:3; 429路循环线:2; 广746路:2; 广657路:2
从化921路,13,13,100,6,从3路:6; 从1路西线:6; 从402路:5; 从401路:5; 从化922路:4; 从903路:3; 从9路:3; 从7路:2; 从3路夜班:2; 从16路:1
增夜6路,9,9,100,6,增城21路:6; 增城32路内环:6; 增城32路外环:6; 增城46路:4; 增城31路:3; 增城45路:3; 新塘万达1路:3; 增城30路:2; 增城43路:2; 增城20路:2
夜130路,7,7,100,6,352A路:6; 370路:3; 534路:3; 345路:2; 365路:2; 新龙镇-03线:2; 351路:1; 352路:1; 650路:1; 827路:1
番190路,13,13,100,6,番182路:6; 番163B路:4; 公交地铁接驳专线5路:3; 129路:3; 302路:3; 303A路:3; 303路:3; 987路:3; 夜102路:3; 番146路:3
花都113路,13,13,100,6,花2路:6; 花80路:6; 花22路:5; 花68路:4; 花68路白坭班车:4; 花68路短线:4; 花105路:3; 715路:3; 花75路:3; 花30路:2
长洲岛1号线,6,6,100,6,430路:6; 长洲岛2号线:5; 383路:5; 夜65路:5
79路,13,13,100,6,445路环线:6; 995路:5; 221路:5; 夜55路:5; 417路:4; 769路/769路快线:4; 121路:4; 夜42路:4; 29路:4; 527路:4
393路,12,12,100,6,358路:6; 365路:5; 375路:5; B24路:5; 388路:5; 367路:5; 391A路:4; 391路:4; 327A路:4; 575路:4
138路,18,18,100,5,302路:5; 547路:5; 545路:5; 669路:5; 44路:5; 218路:4; 504路:4; 517路:4; 194路:4; 499路:4
428路,10,10,100,5,176路:5; 夜21路:4; 830路:3; 524路:3; 198路:2; 280路:2; 757路:2; 834路:2; 271路:2; 17路:1
488路,8,8,100,5,767路:5; 182路:4; 239路:4; B7路:4; B7路快线:4; 夜101路:4; 786路:3; 823路:3; 8路:3; 122路:2
523路快线,10,10,100,5,837路:5; 176路:4; 523A路:4; 夜77路:4; 522路:4; 夜87路:4; 977路:4; 803路:3; 530路:3; 7路:3
784路,7,7,100,5,791路:5; 140路:4; 126路:4; 83路:4; 夜90路:4; 241路:4; 136路:3; 804路:3; 498路:2; 884路:2
996路,7,7,100,5,962路:5; 966路:3; 990路:1; 广412路:1; 广夜111路:1; 广州-肇庆（广州芳村汽车客运站 ⇄ 肇庆长途站）:1; 207路:1; 782路:1; 838路:1; 夜113路:1
增城78路,8,8,100,5,增城14路:5; 增城9路:5; 增城65路:4; 增城82路:4; 增城9路快线:4; 增城16路:4; 增城18路:4; 增城6路:4; 增城77路:4; 增城81路:4
番28B路快线,5,5,100,5,番28B路:5; 番28路:3; 番81路:2
花112路,6,6,100,5,花70路:5; 花70路短线:5; 703路:4; 705路:3; 花31B路:2; 花115路:1; 花19路:1; 花21路:1; 花21路夜班:1; 花5路:1
12A路环线,4,4,100,4,广12路:4; 广276路:4; 广283路:4; 广高峰快线30路:4; 790路:2; 429路循环线:1; 658A路:1; 658B路:1; 佛252路:1; 佛沥18路:1
356路,12,12,100,4,夜46路:4; 550路:3; B16路:3; 夜41路:3; 348路:3; 432A路:3; 581路:3; 945路:3; 339路:3; B2A路:2
788路,8,8,100,4,987路:4; 582路:4; 762路:4; 86路:4; 582路班车:4; 夜109路:3; 180路:3; 195路:3; 221路:3; 301路:3
南沙K5路,7,7,100,4,南沙70路:4; 番141路:3; 301路:2; 南68路快线:2; 南沙65路:2; 南沙68路:2; 番11路:2; 番142路:2; 番148路:2; 番6路:2
增城87路,5,5,100,4,增城54路:4; 增城11A路:2; 增城70路:1
大学城环线2路,8,8,100,4,361路:4; 383路:3; 801路:3; B25路:3; 夜48路:3; 大学城专线2路:3; 大学城环线1路:3; 番201路:3; 387路:3; 35路:2
花15B路,5,5,100,4,花15路:4; 花24路:2; 713路:1; 花115路:1; 花39路短线:1; 花5路:1; 花68路:1; 花68路白坭班车:1; 花68路短线:1; 花5B路:1
花都111路,7,7,100,4,花76路:4; 花70路:3; 花106路:2; 706路:1; 夜87路:1; 花63路:1; 花63路短线:1; 花68路:1; 花68路白坭班车:1; 花68路短线:1
高峰快线35路,5,5,100,4,51路:4; 122路:3; 195路:3; 211路:3; 230路:3; 239路:3; 247路:3; 264路:3; 301A路:3; 305路:3
高峰快线42路,10,10,100,4,公交地铁接驳专线7路:4; 517路:3; 245路:3; 137路:2; 540路:2; 545路:2; 番188路:2; 番58路:2; 番86路:2; 番56路:2
19路直达快线,11,11,100,3,花10路:3; 花25路:3; 712路:2; 花30路:2; 花76路:2; 花7路:2; 花31路:2; 花75A路:2; 花31B路:1; 花81路（三水大塘中心广场 ⇄ 广州北站）:1
397路短线快线,3,3,100,3,397路:3; 214路:1; 321路:1; 340路:1; 372路:1; 388路:1; 516路:1; 566路:1; 567路:1; 569路:1
南沙G5路,4,4,100,3,南沙G1路:3; 南沙G4路:3; 南沙G3路:2; 南沙G2路:2; 南34路:2; 南14路:1; 南沙24路:1; 南39路:1; 南55路:1; 南沙13路:1
商务专线5路,6,6,100,3,264路:3; 夜33路:3; 夜6路:3; 122路:2; 195路:2; 211路:2; 230路:2; 239路:2; 247路:2; 301A路:2
南沙K2路,3,3,100,2,南沙K1路:2; 南沙K8路:2; 217路:1; 583路:1; 71路:1; 770路:1; 811路:1; 夜11路:1; 夜36路:1; 夜72路:1
南沙K7路,5,5,100,2,南45路:2; 南46路:2; 南47路:2; 南48路:2; 40路/南40路:1; 南39路:1; 南42路:1; 南沙40路短线:1; 南沙49路:1; 南沙65路:1
南沙K8路,6,6,100,2,215路:2; 7路:2; 夜21路:2; 广12路:2; 南沙K1路:2; 南沙K2路:2; 264路:1; B4路:1; 6路:1; 夜5路:1
机场快线7A线,3,3,100,2,机场快线7B线:2; 机场快线7号C线:2; 番10路:1; 番143路:1; 番23路:1; 番4B路:1; 空港快线2号线:1; 空港快线2线:1; 空港快线3线:1
番125路高峰直达短线,2,2,100,2,番125路:2; 129路:1; 303A路:1; 公交地铁接驳专线9路:1; 地铁接驳10A线:1; 夜102路:1; 番109B路:1; 番109路:1; 番163A路:1; 番163B路:1
番133路高峰短线,2,2,100,2,番77路:2; 番60路:1; 番61路:1; 番62路:1; 番66路:1; 番77路高峰快线:1; 番87路:1; 番禺85路:1; 番131路:1
番77路高峰快线,2,2,100,2,番77路:2; 番133路高峰短线:1; 番60路:1; 番61路:1; 番62路:1; 番66路:1; 番87路:1; 番禺85路:1; 番131路:1; 番31路:1
番微公交7路,4,4,100,2,番201路:2; 361路:2; 86路:2; 夜48路:2; 夜50路:2; 384路/384路旅游专线:2; 大学城专线2路:1; 383路:1; 387路:1; 大学城专线4路:1
S02路航线短线,2,2,100,1,S11海心沙-中大航线:1; 128路:1; 131A路:1; 131B路:1; 208路:1; 4路:1; 57路:1; 夜16路:1; 夜31路:1; 旅游公交2线:1
高峰快线81路,2,2,100,1,705路:1; 742路:1; 834路:1; 841路:1; 夜117路:1; 花24路:1
番93路,58,57,98.3,47,番93路短线:47; 番92路/番92路:33; 番160路:13; 番29路:11; 番111路:11; 番126路:11; 番162B路:11; 番99路:10; 番131路:10; 301路:9
夜41路,58,57,98.3,25,夜25路:25; B1路:24; B28路:23; B2A路:20; B2路:20; B16路:18; B5路:18; 夜19路:16; B17路:15; 夜17路:15
番143路,54,53,98.1,20,南沙54路:20; 番150B路:19; 番10路:17; 番146路:13; 番141路:13; 南沙G4路:11; 南沙学1路:11; 南沙19路:11; 番165路:10; 302路:10
夜74路,49,48,98,33,504路:33; 246路:27; 862路:16; 136路:16; B6路快线:13; B6路:13; 792A路:9; 140路:9; 502路:9; 560路:8
南沙49路,50,49,98,22,番141路:22; 南沙4路:15; 南沙18路:15; 南39路:15; 南沙54路:13; 南沙12路:11; 南1路B:10; 40路/南40路:9; 南夜6路:7; 南沙1路:7
番53路,49,48,98,22,番17路:22; 番17路长线:22; 公交地铁接驳专线8路:19; 番186路:18; 302A路:16; 番51路:15; 番30路:15; 番13路:12; 番25路:12; 番52路（地铁南村万博站 ⇄ 海大集团总站）:11
B11路,47,46,97.9,15,54路:15; 78A路:11; 78路:11; 夜10路:11; 773路:11; 89路:10; 772路:10; 218路:9; 503路:9; 297路:9
211路,47,46,97.9,14,311路:14; 夜133路:14; 305路:11; 93路:11; 122路:10; 夜28路:10; 88路:10; 夜30路:10; 264路:9; 864路:9
夜49路,46,45,97.8,29,569路:29; B31路:20; 566路:19; 516路:18; 571A路:14; 946路:14; 572路:14; 506路:11; 367路:11; 397路:11
番12路旅游专线,45,44,97.8,18,番67路旅游专线:18; 番165路:17; 番5路:17; 番5路长线:17; 番68路:17; 番147路:15; 番160路:13; 番150路:11; 番13路:11; 番6路:10
番51路,45,44,97.8,15,番53路:15; 番146路:14; 番4路:10; 番33路:9; 番12路旅游专线:8; 番13路:8; 番165路:8; 番5路:8; 番5路长线:8; 番91路:8
B21路,45,44,97.8,14,16路:14; 10路:12; 183路:11; 194路:11; 131A路:11; B8路:10; B5路:10; 夜25路:10; 夜38路:10; 夜41路:10
194路,45,44,97.8,11,B8路:11; B21路:11; 239路:10; 夜36路:10; 243路:8; 53路:8; 夜16路:8; 781路:7; 89路:7; 36路:7
813路,45,44,97.8,11,夜93路:11; 811路:11; 503路:10; 243路:9; 363路:7; B19路:7; 230路:7; B8路:7; 226路:7; 489路:7
南沙70路,43,42,97.7,34,番141路:34; 番11路:23; 南沙38路:16; 番140路:14; 南35路:14; 南48路:13; 南沙33路:10; 南沙65路:9; 南沙68路:9; 番142路:9
261路,43,42,97.7,24,518路:24; 夜18路:23; 广283路:17; 广283路班车:17; 284路:16; 53路:16; 517路:15; 62路:14; 2路:13; 548路:13
303路,42,41,97.6,21,番146路:21; 302路:19; 夜88路:18; 288路:15; 9路:13; 987路:13; 番145路:13; 75路:12; 129路:12; 夜102路:11
夜34路,41,40,97.6,19,195路:19; 夜17路:13; 夜19路:13; 夜41路:13; B2A路:12; B3路:12; 180路:11; B16路:11; B1路:11; B20路:11
288路,42,41,97.6,15,303路:15; 9路:15; 番25路:14; 301路:14; 309路:14; 75路:13; 番13路:12; 番91路:12; 521路:12; 夜3路:12
从18路,40,39,97.5,37,从901路:37; 从902路:35; 从6路支线:18; 从6路:17; 从3路夜班:6; 从4路:6; 从4路快线:5; 从5路:5; 从5路长线:5; 从9路:5
997路,38,37,97.4,36,夜128路:36; 35路:16; 86路:14; 964路:12; 夜55路:9; 180路:8; 夜50路:7; 大学城专线3路:7; 番202路旅游专线:7; 468路:7
夜128路,38,37,97.4,36,997路:36; 35路:16; 86路:14; 964路:11; 夜55路:9; 180路:8; 夜50路:7; 大学城专线3路:7; 番202路旅游专线:7; 468路:7
541路,39,38,97.4,34,夜39路:34; B8路:16; 548路:16; 夜93路:16; 夜27路:15; 夜40路:15; 243路:14; 夜36路:13; 299路:13; 66路:12
夜6路,39,38,97.4,31,8路:31; 夜33路:15; 182路:11; 823路:10; 24路:10; 247路:10; 264路:10; 66路:8; 夜121路:8; 121A路:8
夜55路,39,38,97.4,21,180路:21; 5路:15; 527路:14; 527路机电班车:14; 夜120路:14; 221路:13; 35路:12; 夜22路:12; 86路:11; 59路:11
夜95路,38,37,97.4,21,268路:21; 832路:18; 803路:16; 126路:15; 夜90路:14; 244路:14; 810路:11; 555路:11; 274路:9; 804路:8
54路,39,38,97.4,15,B11路:15; 89路:13; 46路:12; 广283路:11; 夜10路:11; 297路:10; 293路:10; 高峰快线80路:10; 284路:9; 503路:9
297路,39,38,97.4,13,46路:13; 110路:11; 54路:10; 夜5路:10; 251路:10; B11路:9; 高峰快线80路:8; 109路:8; 181路:8; 498路:7
广424路,37,36,97.3,24,夜122路:24; 271路:12; 830路:9; 175路:8; 259路:8; 198路:7; 521路:7; 527路机电班车:7; 839路:7; 夜3路:7
571A路,37,36,97.3,14,夜49路:14; 506路:12; 566路:11; 增城32路外环:11; 367路:10; 379路:10; 增城23路:10; 增城32路内环:10; 增城35路:10; 增夜4路:10
南34路,37,36,97.3,12,南57路:12; 南沙38路:10; 南50路:10; 番143路:10; 南沙54路:9; 南沙12路:8; 南沙8路:7; 南36路:6; 南53路:5; 南沙63路B线:5
583路,37,36,97.3,10,540路:10; 45路:10; 542路:9; 779路:9; 504路:8; 夜36路:8; 761路:8; 245路:7; 夜35路:7; B22路:7
夜39路,36,35,97.2,34,541路:34; B8路:16; 548路:16; 夜93路:16; 夜27路:15; 夜40路:15; 243路:14; 夜36路:13; 299路:13; 66路:12
298路,36,35,97.2,23,32路:23; 夜35路:17; 540路:12; 58A路:12; 807路:11; 886路:11; 810路:10; 251路:10; 58路:10; 130路:9
810路,36,35,97.2,21,280路:21; 233路:14; 夜77路:14; 886路:14; 244路:14; 32路:11; 268路:11; 夜95路:11; 夜105路:10; 189路:10
南48路,36,35,97.2,18,番142路:18; 南沙65路:15; 南沙67路:15; 番141路:15; 南沙33路:14; 南沙70路:13; 番11路:13; 番140路:11; 南35路:9; 南45路:7
711路,36,35,97.2,15,夜129路:15; 704路:13; 花84路:13; 510路:12; 花16路:11; 753路:10; 花85路:9; 花1路（白蟮塘 ⇄ 西岭村东）:8; 840路:7; 夜94路:7
546路,36,35,97.2,12,221路:12; 544路:11; 180路:10; 551路:10; 59路:10; 夜32路:10; 864路:9; 夜4路:9; 76路:8; 189路:8
番5路长线,35,34,97.1,33,番5路:33; 番12路旅游专线:17; 番165路:15; 番13路:13; 番11路:10; 番91路:10; 番97路:10; 番150路:10; 番150B路:9; 番99路:9
番9路,35,34,97.1,33,番9路长线:33; 番129路:12; 番108B路:9; 番12路旅游专线:9; 番165路:9; 番5路:9; 番5路长线:9; 番19路（傍雁路临时公交总站 ⇄ 雅居乐总站）:8; 番4B路:7; 番16路:7
从11路,34,33,97.1,32,从12路:32; 从19路:19; 从4路:13; 从4路快线:13; 从14路:13; 从607路:8; 从化13路:7; 从20路:6; 从19路密石班车:6; 从701路:5
夜26路,35,34,97.1,32,556路:32; 519路:17; 555路:15; 528路:14; 176路:14; 21路:12; 夜107路:12; 105路:11; 108路:11; 803路:11
花21路,34,33,97.1,32,花21路夜班:32; 花22路:6; 707路:6; 花80路:6; 花19路:5; 花8路:4; 702路:4; 花68路:4; 花68路白坭班车:4; 花68路短线:4
8路,35,34,97.1,31,夜6路:31; 182路:14; 823路:13; 24路:10; 夜33路:9; 247路:9; 66路:8; 夜121路:8; 121A路:8; 131A路:8
佛314路,34,33,97.1,31,314路:31; 佛349路:5; 307路/佛307路:5; K314路:4; 312路（沙坑牌坊站 ⇄ 顺德客运总站）:4; 番12路旅游专线:2; 番67路旅游专线:2
569路,34,33,97.1,29,夜49路:29; B31路:16; 516路:15; 566路:14; 946路:14; 572路:12; 夜73路:10; 388路:9; 夜57路:9; 397路:9
862路,35,34,97.1,22,504路:22; 夜74路:16; B6路快线:16; B6路:16; 833路:14; 560路:14; 179路:12; 836路:10; 夜24路:10; 夜47路:10
58A路,35,34,97.1,20,58路:20; 523路:17; 32路:15; 21路:14; 807路:14; 夜87路:13; 886路:13; 夜105路:13; 523A路:12; 298路:12
B31路,34,33,97.1,20,566路:20; 夜49路:20; 569路:16; 夜73路:16; 946路:14; 516路:13; B30路:12; 397路:11; 夜57路:10; 572路:10
夜35路,35,34,97.1,20,540路:20; 298路:17; 32路:17; 251路:11; 58路:11; 504路:10; 199路:9; 810路:9; 58A路:9; 886路:9
21路,34,33,97.1,18,夜94路:18; 108路:15; 528路:15; 807路:14; 58A路:14; 夜105路:14; 555路:13; 840路:12; 522路:12; 556路:12
179路,34,33,97.1,17,46路:17; 862路:12; 540路:11; 241路:11; 836路:11; 夜24路:11; 32路:10; 504路:10; 833路:10; 夜47路:10
494路,35,34,97.1,17,497路:17; 564路:12; 夜100路:12; 83路:11; 491路:10; 901路:10; 345A路:9; 355路:9; 496路:8; 581路:7
10路,35,34,97.1,16,183路:16; 16路:12; B21路:12; 220路:10; 夜4路:9; 25路:9; 191路:8; 夜89路:8; 190路:8; 544路:8
293路,35,34,97.1,16,284路:16; 夜18路:11; 44路:10; 261路:10; 54路:10; 56路:10; 62路:10; 广283路:9; 广283路班车:9; 518路:9
南沙38路,35,34,97.1,16,南沙70路:16; 番141路:15; 南沙12路:14; 南34路:10; 37路/南37路:7; 南55路:7; 南沙8路:7; 南53路:7; 南35路:6; 南36路:6
837路,34,33,97.1,15,509路:15; 840路:11; 夜94路:11; 807路:9; 977路:9; 522路:8; 736路:7; 652路:7; 756路:7; 夜87路:7
390路,35,34,97.1,11,360路:11; 432路:11; 364路:11; 581路:10; 944路:10; 432A路:9; 517路:8; 945路:8; 320路:7; 434路:6
番150B路,33,32,97,19,番143路:19; 番11路:13; 番150路:13; 南沙54路:13; 南50路:13; 番100路:12; 番91路:12; 301路:11; 番13路:11; 番97路:11
562路,33,32,97,17,518路:17; 548路:16; 53路:16; B15路:15; 夜13路:15; 夜93路:14; 261路:13; 301A路:13; 夜27路:12; 夜61路:12
528路,33,32,97,16,108路:16; 58路:15; 21路:15; 555路:15; 夜26路:14; 510路:14; 519路:13; 556路:13; 夜105路:13; 夜12路:12
夜44路,33,32,97,16,70路:16; 69路:12; 19路:11; 广277路:11; 222路:11; 夜103路:11; 广565路:11; 839路:9; 夜11路:9; 91路:9
花80路,33,32,97,13,花68路:13; 花68路短线:13; 花68路白坭班车:12; 夜92路:10; 花62路:9; 花81路（三水大塘中心广场 ⇄ 广州北站）:9; 花63路:8; 花63路短线:8; 花22路:7; 花10路:7
271路,33,32,97,12,广424路:12; 夜122路:11; 757路:11; 176路:7; 524路:7; 夜117路:7; 175路:6; 929路:6; 32路:5; 475路:5
349路,33,32,97,12,573路快线:12; 347路:11; 940路:10; 321路:9; 夜98路:8; 336路:8; 946路:6; 450路:6; 324路:6; 579路:5
804路,33,32,97,11,126路:11; 夜90路:11; 926路:8; 833路:8; 夜95路:8; 136路:8; 510路:7; 528路:7; 753路:7; 884路:7
花63路短线,32,31,96.9,30,花63路:30; 花68路:14; 花68路白坭班车:14; 花68路短线:14; 花23路:13; 花62路:11; 夜92路:10; 花81路（三水大塘中心广场 ⇄ 广州北站）:9; 花80路:8; 花10路:8
84A路,32,31,96.9,26,夜71路:26; 84路:16; B12路:15; 30路:14; 83路:13; 39路:12; 夜10路:12; 564路:11; 夜100路:11; 345A路:9
夜80路,32,31,96.9,16,夜94路:16; 840路:15; 539路:13; 259路:13; 524路:10; 527路:10; 522路:10; 706路:10; 807路:10; 17路:9
327A路,32,31,96.9,12,373路:12; 夜49路:10; 333路:8; 330路:8; 365路:7; 569路:7; 388路:7; 455路:6; 345A路:6; 396A路环线:6
番19路（傍雁路临时公交总站 ⇄ 雅居乐总站）,32,31,96.9,11,番16路:11; 番29路:8; 番9路:8; 番9路长线:8; 番68路:6; 番93路短线:6; 番19路（君华香柏华府 ⇄ 竹山总站）:6; 番93路:5; 番28路:5; 番22路:5
189路,32,31,96.9,10,63路:10; 810路:10; 546路:8; 278路:8; 252路:8; 37路:8; 36路:7; 225路:7; 204路:7; 206路:7
344路,32,31,96.9,9,339路:9; 320路:8; 324路:7; 326路:7; 355路:7; 943路:7; 夜104路:7; 夜97路:7; 390路:6; 338路:6
215路,31,30,96.8,29,夜21路:29; 广12路:13; 80路:11; 238路:9; 134路:9; 17路:9; 71路:9; 832路:9; 夜2路:9; 62路:8
88路,31,30,96.8,27,夜30路:27; 823路:15; 14路:13; 夜8路:12; 250路:11; 211路:10; 夜33路:8; 264路:8; 190路:8; 208路:7
206路,31,30,96.8,23,夜29路:23; 14路:13; 270路:13; 夜8路:13; 夜37路:11; 250路:10; 37路:10; 264A路:10; 69路:10; 大学城专线3路:9
52路,31,30,96.8,22,夜11路:22; 广275路:14; 64路:13; 广277路:11; 312路（滘口汽车站总站 ⇄ 祈福新邨总站）:11; 19路:11; 广260路:10; 206路:9; 夜29路:9; 121路:8
396路,31,30,96.8,19,夜60路:19; 345A路:18; 333路:18; 330A路:12; 330路:12; 446路:12; 396A路环线:11; 345路:11; 327路:8; 夜81路:8
公交地铁接驳专线8路,31,30,96.8,19,番53路:19; 番17路:18; 番17路长线:18; 302A路:16; 番30路:15; 番52路（地铁南村万博站 ⇄ 海大集团总站）:11; 番71路:8; 番75路:7; 番186路:6; 番56路:6
336路,31,30,96.8,13,391路:13; 338路:9; 349路:8; 573路快线:7; 355路:7; 367路:5; 321路:5; 339路:5; 科学城3号交通专线/K3路:5; 325路:5
南55路,31,30,96.8,13,南沙12路:13; 南沙G4路:10; 南14路:8; 40路/南40路:7; 南10路:7; 南沙38路:7; 南17路:6; 南沙10路短线:6; 南沙49路:6; 南沙54路:6
夜13路,30,29,96.7,27,B15路:27; 夜93路:17; 548路:16; 562路:15; 518路:13; 261路:13; 53路:13; 夜27路:13; B20路:11; 517路:11
527路机电班车,30,29,96.7,26,527路:26; 夜120路:26; 夜55路:14; 521路:13; 夜3路:13; 250路:13; 244A路:10; 244路:10; 夜22路:10; 198路:9
南沙54路,61,59,96.7,20,番143路:20; 南61路:15; 南27路:14; 南沙49路:13; 番150B路:13; 番141路:12; 南沙4路:11; 南沙13路:10; 南50路:10; 南34路:9
番1路,30,29,96.7,20,番97路:20; 番99路:19; 301路:17; 番100路:12; 番13路:11; 番108路:11; 番6路:10; 番93路短线:10; 番160路:10; 番93路:9
夜40路,30,29,96.7,19,243路:19; 夜27路:19; 541路:15; 548路:15; 夜39路:15; 夜93路:15; 284路:14; B8路:13; 299路:12; B15路:11
夜101路,30,29,96.7,17,582路:17; 582路班车:17; B7路快线:14; 239路:13; B7路:11; 夜20路:10; 304路:9; 901A路:8; 229路:8; 夜66路:8
30路,30,29,96.7,16,B12路:16; 39路:16; 夜10路:16; 84A路:14; 84路:13; 夜71路:12; 83路:10; 夜70路:8; 564路:8; 夜100路:8
B12路,30,29,96.7,16,30路:16; 84A路:15; 84路:14; 夜71路:13; 夜10路:13; 39路:12; 564路:11; 83路:11; 夜100路:11; 夜9路:11
91路,30,29,96.7,15,285路:15; 222路:14; 广277路:13; 夜44路:9; 69路:9; 70路:9; 夜36路:9; 夜103路:8; 广565路:8; 811路:8
388路,30,29,96.7,12,575路:12; 569路:9; 夜49路:9; 夜124路:9; 943路:8; 573路快线:7; 327A路:7; B24路:7; 391A路:7; 夜51路:7
102路,30,29,96.7,11,夜72路:11; 19路:10; 107路:9; 108路:8; 夜27路:8; 31路:8; 夜7路:8; 243路:7; 181路:7; 夜11路:7
夜69路,29,28,96.6,26,236路:26; 206路:8; 夜29路:8; 16路:8; 309路:7; 19路:7; 312路（滘口汽车站总站 ⇄ 祈福新邨总站）:7; 52路:7; 990路:7; 夜11路:7
夜37路,29,28,96.6,19,270路:19; 250路:13; 大学城专线3路:13; 208路:12; 53路:12; 25路:11; 206路:11; 夜29路:11; 226路:10; 夜45路:10
573路,29,28,96.6,18,夜51路:18; 391路:12; 325路:8; 506路:8; 科学城3号交通专线/K3路:8; 371路:8; 548路:7; 508路:6; 448路:6; 夜81路:6
704路,29,28,96.6,18,夜129路:18; 711路:13; 707路:6; 701路:6; 花1路（白蟮塘 ⇄ 西岭村东）:6; 843路:5; 750路:5; 715路:5; 夜92路:5; 花84路:5
南沙4路,29,28,96.6,15,南沙49路:15; 南沙18路:12; 南沙54路:11; 番141路:11; 南1路B:10; 南夜6路:9; 南沙1路:8; 南夜4路:8; 南27路:7; 南沙W2路:5
夜81路,29,28,96.6,13,506路:13; 325路:11; B22路:11; 夜51路:10; B4A路:10; 448路:10; 564路:10; 夜100路:10; 773路:9; 396路:8
713路,29,28,96.6,10,花68路:10; 花68路白坭班车:10; 花68路短线:10; 花22路:7; 712路:7; 花2路:6; 花80路:6; 706路早间短线:6; 837路:6; 花10路:5
夜70路,29,28,96.6,10,大学城专线3路:10; B12路:10; 262路:8; 30路:8; 229路:7; 239路:7; 夜101路:7; 夜66路:7; 461路:6; 304路:6
34路,29,28,96.6,6,661路:6; 182路:6; 124路:6; 839路:6; 38路:5; 538路:5; 832路:5; 175路:4; 544路:4; 547路:4
14路,28,27,96.4,25,夜8路:25; 270路:15; 823路:13; 88路:13; 夜30路:13; 206路:13; 250路:12; 190路:10; 夜29路:10; 夜37路:10
191路,28,27,96.4,24,夜89路:24; 130路:10; 233路:10; 夜56路:10; 298路:9; 6路:8; 10路:8; 833路:8; 133路:7; 545路:7
333路,28,27,96.4,23,345A路:23; 夜60路:21; 396路:18; 396A路环线:13; 330A路:11; 330路:11; 446路:11; 327A路:8; 327路:8; 345路:7
花70路,28,27,96.4,21,花70路短线:21; 花2路:10; 715路:6; 花75路:5; 花9路:5; 花68路:5; 花68路短线:5; 花80路:5; 花31B路:5; 花112路:5
B7路,28,27,96.4,15,B7路快线:15; 夜108路:12; 夜101路:11; 夜20路:10; 303A路:10; 239路:9; 夜34路:7; 旅游观光1线:7; 562路:6; 582路:5
夜126路,28,27,96.4,15,650路:15; 夜131路:12; 370路:11; 345路:10; 365路:10; 827路:7; 457路:6; 350路:3; 456路:3; 456路环线:3
225路,28,27,96.4,14,夜15路:14; 545路:9; 63路:8; 夜77路:7; 301A路:7; 189路:7; 夜14路:6; 夜25路:6; 夜41路:6; 夜88路:6
184路,28,27,96.4,13,190路:13; 226路:11; 69路:11; 夜45路:11; 250路:10; 264路:9; 208路:8; 14路:7; 206路:7; 270路:7
834路,28,27,96.4,10,977路:10; 夜117路:6; 705路:6; 742路:6; 841路:6; 556路:6; 563路:5; 夜26路:5; 523路:4; 831路:4
830路,28,27,96.4,9,831路:9; 198路:9; 521路:9; 839路:9; 夜3路:9; 广424路:9; 527路机电班车:7; 259路:7; 524路:6; 280路:6
128路,27,26,96.3,26,夜31路:26; 旅游公交2线:14; 208路:11; 4路:11; 186路:11; 57路:10; 131B路:8; 夜16路:8; 131A路:7; 31路:7
1路,27,26,96.3,26,夜1路:26; 552路:10; 106路:8; 57路:8; 183路:7; 208路:7; 广281路:7; 广夜67路:7; 64路:6; 217路:6
夜116路,27,26,96.3,26,714路:26; 650路:12; 高峰快线72路:10; 725路:9; 709路:7; 花84路:7; 979路:7; 从805路:6; 734路:6; 从5路长线:5
夜121路,27,26,96.3,18,66路:18; 124路:12; 541路:12; 夜39路:12; 3路:8; 8路:8; 夜6路:8; 110路:7; 6路:7; 夜5路:7
136路,27,26,96.3,16,夜74路:16; 246路:10; 504路:9; 140路:9; 126路:8; 804路:8; 夜90路:8; 502路:8; 833路:7; 201路:7
838路,27,26,96.3,15,207路:15; 夜113路:15; 782路:12; 966路:11; 74路:9; 839路:8; 夜1路:8; 962路:8; 552路:7; 70路:7
364路,27,26,96.3,14,432路:14; 390路:11; 945路:7; 431路:6; B16路:6; 581路:5; B24路:5; 夜97路:5; 338路:4; 438路:4
199路,27,26,96.3,10,32路:10; 298路:9; 夜35路:9; 63路:9; 179路:8; 46路:8; 257路:7; 540路:7; 高峰快线21路:7; 24路:6
广夜67路,26,25,96.2,25,广281路:25; 57路:14; 64路:11; 广277路:10; 75路:9; 208路:8; 夜1路:8; 217路:7; 1路:7; 552路:7
652路,26,25,96.2,16,843路:16; 夜129路:7; 837路:7; 986路:6; 977路:6; 509路:5; 522路:5; 713路:5; 夜87路:5; 427路:4
番108B路,26,25,96.2,15,番129路:15; 番9路长线:12; 番108路:11; 番130路:9; 番147路:9; 番68路:9; 番6路:9; 番9路:9; 番16路:7; 番12路旅游专线:6
560路,26,25,96.2,14,504路:14; 862路:14; B6路快线:14; B6路:14; 179路:9; 833路:9; 836路:9; 夜24路:9; 夜47路:9; 882路快线:8
公交地铁接驳专线5路,26,25,96.2,14,公交地铁接驳专线4路:14; 番17路长线:12; 番146路:11; 311路:10; 夜133路:10; 番17路:10; 番186路:9; 番183路:8; 125路:8; 129路:8
南27路,26,25,96.2,14,南沙54路:14; 南沙13路:9; 南21路:8; 南沙4路:7; 南61路:7; 南1路B:6; 南沙32路:6; 南沙1路:4; 南沙18路:4; 南夜4路:4
45路,26,25,96.2,13,252路:13; 270路:11; 夜56路:11; 583路:10; 11路:10; 18路:8; 764路:7; 14路:7; 夜8路:7; 高峰快线74路:7
花30路,26,25,96.2,11,花75路:11; 花7路:10; 花9路:9; 701路:9; 花76路:9; 715路:8; 花22路:7; 花10路:7; 花81路（三水大塘中心广场 ⇄ 广州北站）:6; 712路:5
广205路,26,25,96.2,11,夜99路:11; 17路:6; 旅游公交2线:6; 555路:6; 夜95路:6; 653路:6; 夜112路:6; 25路:5; 佛276路/佛276:5; 128路:4
B2A路,25,24,96,20,夜41路:20; B2路:19; 夜25路:19; B3路:15; 夜19路:15; B5路:13; 夜38路:12; B1路:12; 夜17路:12; 夜34路:12
198路,25,24,96,11,46路:11; 839路:11; 521路:11; 夜3路:11; 527路机电班车:9; 830路:9; 高峰快线80路:7; B3路:7; 夜19路:7; 广424路:7
55路,25,24,96,10,290路:10; 夜96路:10; 74路:9; 15路:7; 52路:6; 839路:6; 夜11路:6; 885路:6; 745路:6; 207路:5
旅游观光1线,25,24,96,10,303A路:10; 11路:8; 夜108路:8; 121A路:7; 夜42路:7; 旅游公交2线:7; B7路:7; 121路:6; 229路:6; 夜66路:6
705路,25,24,96,8,703路:8; 742路:8; 834路:6; 841路:6; 花31B路:5; 花31路:5; 夜117路:5; 花19路:4; 17路:4; 花21路:3
105路,24,23,95.8,17,555路:17; 556路:12; 夜26路:11; 528路:10; 538路:9; 21路:9; 519路:9; 108路:9; 113路:9; 133路:8
309路,24,23,95.8,14,288路:14; 75路:11; 303路:10; 206路:9; 夜29路:9; 9路:8; 19路:8; 312路（滘口汽车站总站 ⇄ 祈福新邨总站）:8; 52路:8; 夜11路:8
增城46路,24,23,95.8,13,增城21路:13; 增城32路内环:7; 增城32路外环:7; 增城38路:6; 增城25路:5; 增城44路:5; 增城20路:5; 571路:4; 增城27路:4; 增城9路:4
312路（滘口汽车站总站 ⇄ 祈福新邨总站）,24,23,95.8,11,52路:11; 夜29路:10; 19路:9; 206路:9; 夜11路:9; 309路:8; 990路:8; 236路:7; 夜69路:7; 广277路:6
448路,24,23,95.8,11,506路:11; B22路:10; 夜81路:10; B4A路:9; 320路:7; 944路:6; 548路:6; 573路:6; 496路:6; 903路:5
B9路,24,23,95.8,11,夜23路:11; 夜43路:10; 53路:9; 263路:8; 夜24路:8; B21路:6; 190路:6; 206路:6; 226路:6; 250路:6
广123路,24,23,95.8,11,9路:11; 广281路:8; 广260路:8; 佛279路:7; 沥12B路:7; 广夜67路:7; 208路:7; 沥12路:6; 佛沥18路:6; 佛236路:6
801路,24,23,95.8,9,B25路:9; 高峰快线74路:9; 264路:8; 大学城专线3路:8; 250路:7; 夜56路:6; 14路:6; 252路:6; 264A路:6; 270路:6
508路,24,23,95.8,8,363路:8; 214路:7; B18路:7; B19路:7; 573路:6; 841路:6; 夜74路:6; 548路:5; 210路:5; 813路:5
从4路,47,45,95.7,43,从4路快线:43; 从20路:20; 从5路:16; 从夜1路:16; 从19路:15; 从11路:13; 从5路长线:13; 从12路:12; 从701路:9; 从702路:9
从夜1路,47,45,95.7,41,从5路:41; 从5路长线:40; 从4路:16; 从4路快线:15; 从20路:13; 从904路:13; 从808路:12; 从807路:11; 从803路:10; 从901路:7
978路,23,22,95.7,22,夜63路:22; 509路:5; 756路:5; 796路:5; 21路:5; 739路:4; 753路:4; 922路:4; 970路:4; 夜84路:4
夜2路,23,22,95.7,22,17路:22; 夜21路:15; 71路:14; 832路:12; 238路:9; 524路:9; 215路:9; 夜80路:9; 975路:8; 134路:8
793路,23,22,95.7,21,夜119路:21; 427路:7; 743路:6; 539路:6; 656路:6; 837路:6; 984路:5; 425路:5; 夜86路:5; 755路:4
南沙学1路,23,22,95.7,17,南沙19路:17; 南53路:14; 南沙G4路:12; 番143路:11; 南沙62路:11; 南沙18路:6; 南沙24路:6; 南沙5路:4; 南沙49路:4; 番141路:4
656路,23,22,95.7,15,799路:15; 663路:9; 539路:7; 924路:7; 夜62路:7; 793路:6; 夜119路:6; 665路:6; 529路:6; 563路:6
夜113路,23,22,95.7,15,838路:15; 207路:13; 552路:10; 夜1路:10; 966路:9; 782路:8; 217路:8; 962路:7; 74路:7; 106路:7
263路,23,22,95.7,13,夜24路:13; 夜43路:10; 195路:9; 夜23路:9; 53路:8; B9路:8; 130路:7; 广276路:7; 233路:6; 280路:6
番80路,23,22,95.7,13,番81路:13; 番夜1路:8; 番111路:7; 番23路:7; 番52路（广州南站总站 ⇄ 石碁文化广场总站）:7; 番83路:5; 番160路:4; 番126路:4; 番92路/番92路:4; 番93路:4
56路,23,22,95.7,12,284路:12; 261路:11; 2路:11; 62路:11; 夜18路:11; 夜38路:11; 204路:10; 305路:10; 518路:10; 广283路:10
133路,23,22,95.7,11,B3路:11; 夜19路:11; 204路:10; 209路:10; 62路:9; 105路:8; 261路:8; 518路:8; 夜18路:8; 广283路:8
80路,23,22,95.7,11,215路:11; 夜21路:11; 62路:10; 广12路:10; 229路:9; 夜18路:8; 134路:7; 261路:7; B3路:7; 夜19路:7
花1路（人和地铁站 ⇄ 广州北站西广场）,23,22,95.7,10,夜92路:10; 花1路（白蟮塘 ⇄ 西岭村东）:8; 花84路:8; 花17路联民村:7; 夜129路:6; 711路:6; 704路:4; 花6路:4; 花76路:3; 花37路:3
35路,44,42,95.5,16,997路:16; 夜128路:16; 86路:16; 82路:13; 夜55路:12; 夜4路:12; 180路:11; 5路:11; 70路:11; 195路:10
从21路长线,22,21,95.5,16,从夜3路:16; 从20路:7; 从5路:7; 从903路:7; 从夜1路:6; 从4路:5; 从5路长线:5; 从6路:5; 从6路支线:5; 从901路:5
夜66路,22,21,95.5,16,262路:16; 229路:10; 137路:9; 239路:8; 夜101路:8; 大学城专线3路:8; 762路:7; B7路快线:7; 夜70路:7; 旅游观光1线:6
107路,22,21,95.5,16,夜27路:16; 243路:10; 夜40路:9; 102路:9; 夜9路:8; 233路:8; 108路:7; 193路:7; 250路:7; 广286路:7
夜17路,22,21,95.5,15,夜41路:15; 夜19路:14; B17路:13; B20路:13; B1路:13; B3路:13; B5路:13; 夜25路:13; 夜38路:13; 夜34路:13
夜57路,22,21,95.5,15,450路:15; B31路:10; 516路:9; 569路:9; 夜49路:9; 夜73路:9; 572路:8; 566路:8; 946路:7; 334路:7
975路,22,21,95.5,9,夜122路:9; 832路:9; 夜77路:8; 17路:8; 夜21路:8; 夜2路:8; 夜80路:8; 215路:7; 238路:7; 524路:7
348路,22,21,95.5,8,夜46路:8; 432A路:6; 403路:5; 344路:5; 944路:4; B15路:4; B20路:4; 夜13路:4; 431路:4; 360路:4
335路,22,21,95.5,7,946路:7; 941路:6; 夜98路:6; 375路:6; 340路:5; 夜52路:5; 371路:5; 349路:4; 569路:4; 夜49路:4
967路,22,21,95.5,7,780路:7; 995路:7; 303路:6; 489路:6; 864路:5; 968路:5; 813路:5; 963路:5; 812路:4; 992路:4
从14路,42,40,95.2,38,从19路:38; 从19路密石班车:17; 从11路:13; 从12路:13; 从化13路:10; 从1路东线:7; 从4路:7; 从4路快线:7; 从16路:7; 从7路:7
970路,21,20,95.2,20,夜85路:20; 984路:8; 523A路:7; 831路:6; 509路:5; 739路:5; 753路:5; 756路:5; 796路:5; 夜84路:5
夜75路,21,20,95.2,16,980路环线:16; 980路:16; 662路:9; 807A路:9; 757路:7; 522路:6; 510路:5; 523路:5; 夜22路:5; 981路:5
391A路,21,20,95.2,15,358路:15; 391路:14; 365路:10; 夜52路:7; 366路:7; 948路:7; 375路:7; 388路:7; 327A路:6; 371路:6
夜50路,21,20,95.2,14,大学城专线3路:14; 大学城环线1路:14; 番202路旅游专线:14; 大学城专线1路:13; 番201路:10; 大学城专线4路:9; 大学城专线2路:8; 383路:7; 997路:7; 夜128路:7
779路,21,20,95.2,9,583路:9; 765路:8; 239路:7; 夜33路:6; 夜20路:6; 303A路:6; 45路:6; 90路:6; B7路:5; 247路:4
从902路,40,38,95,37,从901路:37; 从18路:35; 从6路:17; 从6路支线:17; 从3路夜班:6; 从4路:6; 从夜3路:5; 从4路快线:5; 从5路:5; 从5路长线:5
从9路,40,38,95,26,从10路:26; 从3路:11; 从3路夜班:9; 从化922路:9; 从903路:8; 从18路:5; 从6路:5; 从6路支线:5; 从901路:5; 从902路:5
518路,40,38,95,24,261路:24; 夜18路:20; 562路:17; 284路:15; 548路:14; 广283路:14; 广283路班车:14; B15路:13; 夜13路:13; 62路:13
夜84路,20,19,95,19,739路:19; 509路:12; 756路:12; 753路:9; 926路:7; 796路:6; 510路:6; 528路:6; 804路:6; 711路:5
沥17B路,20,19,95,19,沥17B路区间:19; 佛202路:8; 佛278路:8; 夜103路:7; 广565路:7; 佛244路:6; 广419路:5; 525路:5; 222路:3; 佛277路:2
番145路,40,38,95,18,番185路:18; 番146路:15; 310路:15; 302路:14; 303路:13; 夜88路:12; 番10路:11; 番143路:10; 番186路:10; 番96路:9
九王庙临时接驳线外环,20,19,95,17,九王庙临时接驳线内环:17; 南沙5路:8; 南沙62路:6; 南沙24路:6; 南夜5路:5; 南沙18路:4; 南沙W2路:3; 南1路B:2; 南27路:2; 南沙54路:2
夜16路,40,38,95,15,4路:15; 186路:12; 广12路:9; 广276路:9; 253路:9; 夜45路:8; 134路:8; 128路:8; 夜31路:8; 194路:8
大学城专线3路,40,38,95,15,大学城专线1路:15; 夜50路:14; 番202路旅游专线:14; 大学城环线1路:13; 270路:13; 夜37路:13; 夜70路:10; 190路:10; 226路:10; 250路:10
134路,20,19,95,11,4路:11; 215路:9; 夜21路:9; 夜16路:8; 238路:8; 17路:8; 71路:8; 832路:8; 夜2路:8; 545路:8
113路,20,19,95,11,519路:11; 528路:10; 108路:10; 243路:9; 21路:9; 555路:9; 556路:9; 夜26路:9; 105路:9; 244A路:8
花5路,20,19,95,9,花115路:9; 花15路:8; 花19路:6; 花68路:5; 花68路白坭班车:5; 花68路短线:5; 花21路:4; 花21路夜班:4; 713路:3; 花39路短线:3
765路,20,19,95,8,779路:8; 582路:7; 582路班车:7; 468路:6; 夜135路:6; 夜101路:5; 14路:5; 252路:5; 270路:5; 303A路:5
942路,20,19,95,7,327路:7; 944路:6; 455路:4; 327A路:4; 571A路:4; 夜49路:4; 367路:4; 330A路:3; 夜52路:3; 夜60路:3
南沙G3路,20,19,95,7,南沙G2路:7; 南沙12路:6; 南44路:5; 南45路:5; 南沙33路:5; 南53路:5; 南60路:4; 南沙49路:4; 南68路快线:3; 南沙68路:3
B22路,39,37,94.9,17,夜93路:17; 506路:14; B4路:12; 548路:11; 夜38路:11; 夜81路:11; 541路:10; 夜13路:10; 547路:10; 448路:10
63路,38,36,94.7,14,32路:14; 夜77路:13; 7路:10; 189路:10; 夜105路:9; 199路:9; 夜15路:9; 540路:8; 298路:8; 夜35路:8
181路,38,36,94.7,13,251路:13; 38路:13; 广275路:12; 夜72路:12; 552路:11; 19路:10; 夜11路:10; 769路/769路快线:8; 64路:8; 297路:8
903路,19,18,94.7,12,B4路:12; 夜38路:12; 497路:11; B26路:9; 774路:8; 564A路:7; 564路:7; 夜100路:7; 夜93路:7; 325路:6
B19路,19,18,94.7,12,363路:12; 214路:11; B18路:11; B20路:9; B18路快线:9; 508路:7; 高峰快线24路:7; 503路:7; 813路:7; B17路:6
夜131路,19,18,94.7,12,650路:12; 夜126路:12; 457路:7; 343路:5; 827路:4; 826路:4; 350路:3; 456路:3; 456路环线:3; 342路:2
B10路,19,18,94.7,11,夜53路:11; 78A路:11; 78路:9; 高峰快线32路:9; 夜23路:8; B11路:7; 581路:6; 夜68路:5; 218路:5; B21路:4
241路,19,18,94.7,11,179路:11; 862路:9; 791路:8; 504路:7; 833路:7; 836路:7; 夜24路:7; 夜47路:7; B6路快线:7; B6路:7
37路,19,18,94.7,10,206路:10; 252路:9; 189路:8; 14路:8; 264A路:8; 夜8路:8; 夜135路:7; 18路:7; 270路:6; 高峰快线74路:6
番79路,19,18,94.7,8,番72路:8; 番83路:8; 番59路:5; 番81路:5; 番52路（广州南站总站 ⇄ 石碁文化广场总站）:5; 番23路:4; 番80路:4; 番111路:3; 番4路:2; 番89路:2
15路,19,18,94.7,7,74路:7; 55路:7; 530路:7; 105路:5; 61路:5; 1路:4; 552路:4; 夜1路:4; 广275路:4; 268路:4
番28B路,19,18,94.7,7,番148路:7; 番28路:7; 番81路:6; 番160路:6; 番28B路快线:5; 南沙54路:5; 301路:4; 番1路:4; 番29路:4; 番6路:4
高速专线2路,19,18,94.7,7,251路:7; 298路:7; 58A路:7; 58路:7; 807路:7; 886路:7; 夜35路:7; 523A路:6; 244路:6; 254路:6
943路,37,35,94.6,27,夜104路:27; 夜51路:17; 339路:14; 320路:12; B24路:11; 324路:11; 506路:10; 575路:10; 355路:10; 459路:10
214路,37,35,94.6,16,363路:16; 571B路:14; B19路:11; 高峰快线24路:11; 210路:10; 372路:10; 571路:10; 508路:7; 813路:6; B18路:6
番52路（广州南站总站 ⇄ 石碁文化广场总站）,37,35,94.6,15,番23路:15; 番111路:11; 番89路:10; 番163A路:9; 303A路:7; 302路:7; 303路:7; 番10路:7; 番145路:7; 番146路:7
129路,36,34,94.4,27,夜102路:27; 303路:12; 番146路:12; 5路:10; 303A路:9; 夜88路:9; 广276路:9; 302路:8; 987路:8; 公交地铁接驳专线5路:8
花75路,36,34,94.4,22,花9路:22; 花76路:12; 花10路:12; 花30路:11; 701路:10; 花7路:9; 花81路（三水大塘中心广场 ⇄ 广州北站）:9; 715路:8; 花63路:6; 花63路短线:6
夜88路,36,34,94.4,19,番146路:19; 303路:18; 302路:17; 301A路:16; 番145路:12; 51路:12; 番10路:10; 987路:10; 番143路:9; 129路:9
497路,36,34,94.4,17,494路:17; 564路:16; 夜100路:16; B4路:13; 夜38路:12; 491路:12; B26路:11; 903路:11; 901路:10; 夜93路:9
夜65路,18,17,94.4,14,383路:14; 430路:8; 361路:7; 长洲岛1号线:5; 夜50路:4; 大学城专线1路:4; 大学城专线3路:4; 大学城环线1路:4; 番201路:4; 番202路旅游专线:4
番202路旅游专线,18,17,94.4,14,夜50路:14; 大学城专线3路:14; 大学城专线1路:13; 大学城环线1路:13; 番201路:8; 997路:7; 夜128路:7; 801路:6; 大学城专线2路:6; 大学城专线4路:6
987路,18,17,94.4,13,303路:13; 302路:12; 番146路:12; 夜88路:10; 310路:8; 番145路:8; 129路:8; 夜102路:7; 番10路:6; 番163A路:6
南沙13路,18,17,94.4,10,南沙54路:10; 南27路:9; 南61路:5; 南沙4路:5; 南沙1路:5; 南55路:4; 南沙20路:4; 南夜4路:4; 南沙18路:4; 南夜6路:4
高峰快线74路,18,17,94.4,10,14路:10; 252路:10; 270路:10; 夜8路:10; 801路:9; 250路:8; 206路:7; 264A路:7; 468路:7; 45路:7
公交地铁接驳专线9路,18,17,94.4,9,番10路:9; 番186路:9; 番72路:6; 番163A路:5; 番163B路:5; 番89路:5; 番30路:5; 129路:4; 番52路（广州南站总站 ⇄ 石碁文化广场总站）:4; 公交地铁接驳专线8路:4
广286路,18,17,94.4,9,193路:9; 夜27路:9; 广260路:9; 233路:8; 250路:7; 104路:7; 107路:7; 广132路:7; 广夜58路:7; 沥12路:7
增城65路,18,17,94.4,8,增城9路:8; 增城64路:6; 增城14路:5; 增城82路:5; 增城13路:5; 增城78路:4; 增城9A路/9A路快线:4; 增城12路:4; 增城9路快线:3; 增城34路快线:3
190路,35,33,94.3,18,544路:18; 夜32路:18; 184路:13; 夜8路:13; 226路:12; 69路:12; 夜45路:12; 250路:11; 14路:10; 大学城专线3路:10
南沙33路,35,33,94.3,17,番141路:17; 南48路:14; 南沙70路:10; 南沙8路:8; 番11路:7; 南沙54路:6; 南45路:6; 南61路:5; 南沙38路:5; 南沙G3路:5
番165路,35,33,94.3,17,番12路旅游专线:17; 番5路:15; 番5路长线:15; 番146路:13; 番30路:12; 番20B路:12; 番143路:10; 番9路:9; 番9路长线:9; 番13路:9
979路,35,33,94.3,15,650路:15; 夜118路:14; 655路（广东青年职业学院总站 ⇄ 良田保税路总站）:12; 738路:10; 724路:8; 714路:7; 夜116路:7; 734路:5; 976路:4; 709路:4
36路,35,33,94.3,13,265路:13; 夜9路:12; 841路:11; 夜12路:10; 810路:10; 864路:9; 24路:9; 544路:8; 66路:8; 夜32路:8
番11路,34,32,94.1,23,南沙70路:23; 番141路:20; 番140路:14; 番150B路:13; 南48路:13; 301路:12; 番91路:11; 番97路:11; 番99路:11; 南35路:11
增城9路,51,48,94.1,18,增城34路:18; 增城39路:16; 增城64路:14; 增城14路:14; 增城9A路/9A路快线:11; 增城9路快线:10; 增城36路:10; 增城29路:9; 增城65路:8; 增城38路:8
南35路,17,16,94.1,14,南沙70路:14; 番11路:11; 南57路:9; 南48路:9; 番141路:9; 番140路:8; 37路/南37路:7; 南沙35路支线:7; 南沙38路:6; 南52路:6
从3路夜班,17,16,94.1,13,从3路:13; 从9路:9; 从903路:7; 从18路:6; 从6路:6; 从6路支线:6; 从901路:6; 从902路:6; 从4路:5; 从夜3路:5
番15路,34,32,94.1,13,番100路:13; 番108路:11; 番97路:10; 番7路:9; 番68路:9; 番夜5路:9; 番13路:8; 番91路:8; 番96路:8; 番99路:8
番163B路,17,16,94.1,11,番163A路:11; 番89路:6; 129路:6; 番58路:6; 公交地铁接驳专线9路:5; 303A路:5; 番30路:5; 番52路（广州南站总站 ⇄ 石碁文化广场总站）:5; 番86路:5; 番88路:5
201路,17,16,94.1,10,246路:10; 502路:10; 140路:8; 136路:7; 夜74路:7; 236路:6; 夜69路:5; 16路:5; 833路:5; 夜5路:5
328路,17,16,94.1,8,328路支线:8; 345A路:5; 396路:5; 夜60路:5; 333路:5; 327路:5; 330A路:4; 330路:3; 396A路环线:3; 446路:3
651路,17,16,94.1,7,982路:7; 742路:6; 420路:6; 759路环线:5; 981路:5; 夜114路:5; 199路:4; 36路:4; 841路:4; 529路:3
花17路A,17,16,94.1,7,花17路联民村:7; 花83B路:5; 708路:4; 夜106路:4; 空港1路:4; 711路:4; 花16路:4; 花84路:4; 花85路:4; 花32路:3
519路,33,31,93.9,25,夜107路:25; 夜26路:17; 556路:16; 夜12路:13; 528路:13; 夜22路:12; 108路:12; 555路:12; 113路:11; 21路:11
218路,33,31,93.9,17,53路:17; 517路:14; 261路:13; 548路:10; 562路:10; B15路:10; 夜13路:10; B11路:9; 20路:9; 518路:9
增城39路,33,31,93.9,16,增城34路:16; 增城9路:16; 增城29路:12; 增城36路:11; 增城37路:7; 增城13路:6; 增城64路:6; 增城9A路/9A路快线:6; 增城28路:6; 增城45路:6
夜73路,33,31,93.9,16,B31路:16; B30路:15; 572路:15; 516路:11; 夜49路:11; 569路:10; 夜57路:9; 566路:9; 夜41路:8; 340路:8
222路,33,31,93.9,14,91路:14; 夜103路:12; 广565路:12; 夜44路:11; 285路:10; 299路:10; 183路:9; 44路:9; 811路:9; 69路:9
764路,33,31,93.9,10,408路:10; 40路:9; 270路:9; 夜43路:8; 252路:8; 432A路:7; 548路:7; 762路:7; 45路:7; 518路:6
番96路,32,30,93.8,23,番13路:23; 番91路:23; 301路:20; 番97路:15; 番99路:15; 番夜5路:13; 番25路:12; 番100路:12; 288路:11; 番145路:9
977路,32,30,93.8,15,523路:15; 509路:13; 843路:13; 834路:10; 837路:9; 522路:8; 654路:8; 夜87路:7; 652路:6; 472路:6
707路,32,30,93.8,9,715路:9; 701路:9; 750路:9; 夜92路:7; 夜129路:6; 704路:6; 花22路:6; 花21路:6; 花21路夜班:6; 522路:6
960路,16,15,93.8,9,836路:9; 991路:8; 35路:6; 180路:5; 86路:5; 夜55路:5; 5路:5; 70路:5; 82路:5; 195路:4
增城30路,16,15,93.8,8,增城38路:8; 增城45路:8; 增城34路:6; 增城44路:6; 增城43路:6; 增城9路:5; 增城32路内环:5; 增城32路外环:5; 增城31路:5; 增城29路:4
夜135路,16,15,93.8,7,206路:7; 37路:7; 250路:7; 264A路:6; 189路:6; 14路:6; 252路:6; 270路:6; 468路:6; 夜8路:6
743路,16,15,93.8,7,539路:7; 665路:6; 793路:6; 夜119路:6; 425路:5; 667路:5; 671路:5; 76路:3; 656路:3; 798路:3
777路,16,15,93.8,6,886路:6; 499路:5; 40路:5; 293路:5; 545路:4; 夜109路:4; 138路:4; 669路:4; 62路:4; 901A路:3
968路,16,15,93.8,6,B21路:6; 864路:5; 967路:5; 16路:5; 11路:4; 10路:4; 183路:4; 194路:4; 夜22路:4; 264路:3
花31B路,16,15,93.8,5,705路:5; 703路:5; 花70路:5; 花70路短线:5; 花81路（三水大塘中心广场 ⇄ 广州北站）:5; 花7路:3; 花31路:3; 花112路:2; 花68路:2; 花68路短线:2
530路,47,44,93.6,9,夜37路:9; 527路:9; 527路机电班车:9; 夜120路:9; 238路:8; 29路:8; 52路:8; 552路:8; 夜11路:8; 广275路:8
花68路白坭班车,46,43,93.5,42,花68路:42; 花68路短线:38; 花115路:15; 花63路:14; 花63路短线:14; 花22路:13; 花80路:12; 花2路:11; 713路:10; 夜92路:8
131A路,31,29,93.5,24,131B路:24; 旅游公交2线:12; B21路:11; 121A路:10; 121路:9; 8路:8; 夜6路:8; 57路:8; 229路:7; 266路:7
708路,31,29,93.5,21,夜106路:21; 花16路:15; 花84路:7; 737路:5; 空港2路:4; 高速专线2路:4; 空港1路:4; 花17路A:4; 花85路:4; 843路:3
花62路,31,29,93.5,21,夜92路:21; 花81路（三水大塘中心广场 ⇄ 广州北站）:19; 715路:13; 花63路:11; 花63路短线:11; 花10路:9; 花80路:9; 花25路:9; 花68路:8; 花68路白坭班车:8
番30路,46,43,93.5,15,302A路:15; 公交地铁接驳专线8路:15; 番17路:15; 番17路长线:15; 番53路:15; 番165路:12; 番52路（地铁南村万博站 ⇄ 海大集团总站）:11; 番20B路:11; 番71路:9; 番108路:8
432路,31,29,93.5,14,364路:14; 390路:11; 329路:7; 432A路:7; B30路:7; 945路:6; 377路:6; 581路:6; 431路:5; 459路:5
夜52路,31,29,93.5,12,566路:12; 371路:11; 365路:10; 948路:9; 571A路:8; 394路:8; 341路:8; 366路:7; 391A路:7; 391路:7
花88路,45,42,93.3,28,花88路短线:28; 花89路:12; 花23路:11; 花86路:11; 花2B路:9; 花2路:9; 花83路:7; 花25路:6; 花80路:6; 花15路:6
363路,30,28,93.3,16,214路:16; B19路:12; 高峰快线24路:11; 210路:10; 508路:8; 813路:7; 516路:7; B28路:7; 夜41路:7; 302A路:6
增城3路,30,28,93.3,16,增城47路:16; 增城4路:13; 增城10路:10; 增城1路:7; 增城48路:6; 增城64路:6; 增城13路:5; 增城18路:5; 增城77路:4; 增城14路:4
273路,30,28,93.3,13,5路:13; 夜22路:13; 244A路:12; 244路:12; 250路:9; 夜55路:9; 24路:9; 265路:9; 186路:8; 527路:8
里07路短线/佛里07路里广快线,15,14,93.3,13,佛252路:13; 里07路:12; 里07路高峰线:12; 佛里07B路:10; 广231路:8; 里17路:8; 广974路班车:7; 里14:7; 里14路:7; 广974路:7
564A路,15,14,93.3,11,564路:11; 夜100路:11; 夜93路:8; 325路:7; 497路:7; 903路:7; B26路:7; B4路:7; 夜38路:7; 391路:7
791路,15,14,93.3,8,241路:8; 498路:7; 804路:6; 246路:5; 884路:5; 784路:5; 201路:4; 502路:4; 京溪2线:4; 140路:4
夜117路,15,14,93.3,7,271路:7; 834路:6; 705路:5; 742路:5; 841路:5; 929路:5; 831路:3; 757路:2; 476路:2; 722路:1
812路,29,27,93.1,12,552路:12; 411路:9; 74路:9; 780路:9; 121A路:8; 207路:8; 70路:8; 206路:8; 夜29路:8; 夜44路:8
南53路,43,40,93,16,南沙19路:16; 南沙学1路:14; 南沙62路:12; 南沙12路:11; 南沙G4路:9; 番143路:9; 南沙38路:7; 南沙24路:7; 南沙63路A线:6; 南沙63路B线:6
花68路短线,42,39,92.9,38,花68路:38; 花68路白坭班车:38; 花115路:15; 花63路:14; 花63路短线:14; 花80路:13; 花22路:13; 花2路:11; 713路:10; 夜92路:8
843路,42,39,92.9,16,652路:16; 977路:13; 夜129路:10; 509路:10; 523路:10; 737路:9; 985路:8; 夜班136路:8; 654路:8; 空港2路:7
19路,28,26,92.9,15,广275路:15; 夜11路:15; 夜44路:11; 52路:11; 787路:10; 181路:10; 102路:10; 广277路:9; 夜72路:9; 206路:9
251路,42,39,92.9,15,58路:15; 181路:13; 58A路:12; 886路:12; 528路:11; 夜35路:11; 807路:11; 510路:10; 298路:10; 244路:10
310路,28,26,92.9,15,番145路:15; 310路高峰短线:11; 311路:9; 211路:8; 夜133路:8; 302路:8; 303路:8; 987路:8; 番146路:8; 番185路:7
823路,42,39,92.9,15,88路:15; 夜30路:15; 夜8路:14; 8路:13; 14路:13; 186路:11; 29路:10; 夜33路:10; 夜6路:10; 38路:9
南61路,28,26,92.9,15,南沙54路:15; 南夜1路:9; 南沙61路短线（万科海上明月 ⇄ 黄阁中学）:9; 南沙夜1路:8; 番141路:7; 南27路:7; 南沙32路:7; 南沙70路:6; 南沙49路:6; 南14路:5
304路,28,26,92.9,14,夜20路:14; 582路:12; 582路班车:12; 夜101路:9; 239路:7; B7路快线:7; 229路:6; 262路:6; 夜66路:6; 夜70路:6
945路,28,26,92.9,13,581路:13; 390路:8; 364路:7; 432A路:6; 432路:6; 324路:6; 夜81路:6; 495路:5; 345路:5; 506路:5
575路,42,39,92.9,12,388路:12; 943路:10; 夜51路:10; 573路快线:9; 337路:9; 夜49路:7; 夜98路:7; 广369路:6; 459路:6; 367路:6
653路,14,13,92.9,12,夜112路:12; 佛276路/佛276:6; 广205路:6; 沥20路:5; 广789路:4; 佛沥18路:2; 夜122路:2; 广424路:2; 广夜54路:2; 广746路:2
花75A路,28,26,92.9,11,花8路:11; 花6路:7; 花85路:7; 花75路:6; 花19路:5; 花31路:5; 706路:5; 花63路:5; 花63路短线:5; 花68路:5
782A路,14,13,92.9,10,487路:10; 966路:9; 839路:7; 838路:6; 782路:5; 552路:5; 121A路:5; 夜113路:4; 207路:4; 990路:4
增城69路,14,13,92.9,10,增城19路:10; 增城41路:7; 增城70路:5; 增城58路:3; 增城15路:1; 增城15路快线:1; 增城16路:1; 旅游专线1路:1
438路,14,13,92.9,9,夜97路:9; 338路:8; B24路:8; 高峰快线24路:8; 431路:7; 344路:6; 943路:6; 517路:6; 324路:5; 355路:5
963路,14,13,92.9,9,夜7路:9; 31路:9; 303路:8; 夜3路:7; 813路:6; 489路:6; 995路:6; 220路:6; 29路:6; 243路:5
984路,28,26,92.9,9,夜76路:9; 970路:8; 夜85路:8; 831路:7; 755路:7; 529路:7; 563路:7; 76A路:7; 833路:7; 799路:6
659路,14,13,92.9,9,471路:9; 985路:5; 797路:5; 728路:5; 735路:4; 976路:4; 504路:3; 758路:3; 夜74路:2; 724路:1
番夜1路,14,13,92.9,8,番80路:8; 番160路:8; 番148路:6; 番81路:3; 番28B路:2; 番83路:2; 番126路:1
669路,14,13,92.9,7,499路:7; 545路:6; 138路:5; 583路:4; 777路:4; 293路:4; 901A路:3; 18路:3; 20路:3; 194路:2
桂11路,14,13,92.9,7,桂12路:7; 佛211路:5; K201路:3; 桂21路:2; 301A路:1; 303A路:1; 312路（滘口汽车站总站 ⇄ 祈福新邨总站）:1; 佛K330路/K330路快线:1; 南64路快线:1; 南沙K7路:1
夜129路,41,38,92.7,18,704路:18; 711路:15; 843路:10; 花1路（白蟮塘 ⇄ 西岭村东）:8; 652路:7; 花1路（人和地铁站 ⇄ 广州北站西广场）:6; 夜92路:6; 707路:6; 715路:6; 花4路:5
841路,41,38,92.7,15,742路:15; 265路:12; 36路:11; 175路:10; 563路:10; 126路:10; 982路:9; 夜90路:9; 810路:8; 540路:8
365路,41,38,92.7,12,948路:12; 345路:11; 370路:10; 夜126路:10; 366路:10; 夜52路:10; 391A路:10; 391路:10; 358路:10; 375路:8
番23路,27,25,92.6,15,番52路（广州南站总站 ⇄ 石碁文化广场总站）:15; 番111路:11; 番16路:9; 番80路:7; 番81路:7; 番72路:5; 番22B路:4; 番79路:4; 番83路:4; 番19路（傍雁路临时公交总站 ⇄ 雅居乐总站）:3
571B路,27,25,92.6,14,214路:14; 372路:12; 夜49路:11; 516路:10; 567路:9; 572路:9; 569路:8; 571路:8; 增城28路:7; B30路:6
公交地铁接驳专线4路,27,25,92.6,14,公交地铁接驳专线5路:14; 番191路:10; 311路:10; 夜133路:10; 番182路:9; 番185路:9; 番17路:9; 番17路长线:9; 番183路:9; 90路:8
增城11A路,27,25,92.6,13,增城11路:13; 增城36路:13; 增城35路:9; 增夜4路:9; 增城54路:7; 增城51路:5; 增城35A路:5; 增城52路:4; 增城31路:4; 增城87路:2
571路,27,25,92.6,12,增城22路:12; 增城22路/增22路:11; 372路:10; 214路:10; 增城25路:10; 增城37路:10; 571B路:8; B30路:7; B31路:7; 夜73路:7
番22B路,27,25,92.6,11,番22路:11; 番2路:7; 番3路:7; 番6路:7; 番68路:6; 番20B路:5; 番100路:5; 番165路:4; 番23路:4; 番4路:4
446路,26,24,92.3,14,330路:14; 330A路:13; 夜60路:13; 396路:12; 333路:11; 345A路:10; 396A路环线:10; 566路:9; 327路:8; 394路:7
3路,26,24,92.3,12,106路:12; 82路:12; 541路:10; 夜39路:10; 6路:10; 夜33路:9; 夜5路:9; 66路:8; 夜121路:8; 215路:7
里14,13,12,92.3,12,里14路:12; 佛252路:7; 里07路:7; 广231路:7; 广974路班车:7; 里07路短线/佛里07路里广快线:7; 里17路:7; 里07路高峰线:7; 广974路:7; 广657路:6
里14路,13,12,92.3,12,里14:12; 佛252路:7; 里07路:7; 广231路:7; 广974路班车:7; 里07路短线/佛里07路里广快线:7; 里17路:7; 里07路高峰线:7; 广974路:7; 广657路:6
940路,26,24,92.3,11,321路:11; 579路:10; 349路:10; 450路:9; 夜57路:6; 夜98路:6; 367路:6; 516路:5; 572路:5; 夜49路:5
增城7路,13,12,92.3,11,增城18路:11; 增城1路:9; 增城16路:5; 增城81路:5; 增城74路:5; 增城6路:4; 增城77路:4; 增城78路:4; 旅游专线1路:3; 增城10路快线:2
403路,13,12,92.3,9,944路:9; 495路:7; 348路:5; 390路:5; 432A路:4; 432路:4; 581路:4; 945路:4; 326路:3; 347路:3
489路,13,12,92.3,8,303路:8; 995路:8; 813路:7; 220路:7; 967路:6; 963路:6; 夜3路:5; 夜7路:5; 811路:5; 989路:4
376路,13,12,92.3,6,214路:6; 388路:4; 575路:4; 397路:3; 372路:3; 571路:3; B30路:3; B31路:3; 夜57路:3; 夜73路:3
453A路,13,12,92.3,6,广369路:6; B28路:6; 夜41路:6; 569路:5; 516路:5; 573路快线:5; 567路:4; 571B路:4; 575路:4; B29路:4
公交地铁接驳专线7路,13,12,92.3,6,番188路:6; 高峰快线42路:4; 番58路:3; 番187路:2; 番185路:2; 番190路:2; 番86路:2; 310路高峰短线:1; 公交地铁接驳专线8路:1; 304路:1
南沙G1路,13,12,92.3,5,南25路:5; 南沙G2路:5; 南沙G4路:4; 南沙旅游1路:3; 南沙5路:3; 南沙G5路:3; K981路:2; 南39路:2; 南55路:2; 南56路:2
从5路长线,51,47,92.2,40,从夜1路:40; 从5路:39; 从4路:13; 从904路:13; 从4路快线:12; 从808路:12; 从20路:10; 从807路:10; 从803路:8; 从806路:7
番100路,51,47,92.2,21,番97路:21; 番99路:16; 301路:14; 番91路:14; 番13路:13; 番15路:13; 番3路:13; 番夜5路:12; 番96路:12; 番1路:12
花17路联民村,38,35,92.1,19,花84路:19; 花17路A:7; 花16路:7; 花1路（人和地铁站 ⇄ 广州北站西广场）:7; 夜92路:7; 花83B路:6; 花10路:6; 花83路:5; 704路:5; 711路:5
增城16路,50,46,92,24,增城15路:24; 增城6路:13; 增城15路快线:12; 旅游专线1路:10; 增城61路:9; 增城73路:8; 增城41路:8; 增城58路:7; 增城60路:7; 增城18路:6
花16路,50,46,92,20,花84路:20; 708路:15; 花85路:13; 711路:11; 夜106路:9; 花32路:7; 花17路联民村:7; 花18路:6; 花19路:6; 花25路:5
B25路,25,23,92,15,夜48路:15; 801路:9; 大学城专线2路:9; 大学城专线4路:9; B21路:8; B5路:8; 夜25路:8; 夜38路:8; 夜41路:8; 大学城专线1路:8
花63路,37,34,91.9,30,花63路短线:30; 花68路:14; 花68路白坭班车:14; 花68路短线:14; 花23路:13; 花62路:11; 夜92路:10; 花81路（三水大塘中心广场 ⇄ 广州北站）:9; 花80路:8; 花10路:8
207路,37,34,91.9,15,838路:15; 夜113路:13; 74路:13; 552路:12; 193路:11; 411路:10; 839路:9; 广277路:9; 990路:8; 782路:8
番160路,49,45,91.8,20,番148路:20; 番99路:16; 番97路:15; 番12路旅游专线:13; 301路:13; 番93路:13; 番150路:11; 番6路:11; 番68路:10; 番1路:10
566路,36,33,91.7,20,B31路:20; 夜49路:19; 516路:14; 569路:14; 946路:13; 371路:12; 夜52路:12; 571A路:11; 446路:9; 397路:9
沥17B路区间,24,22,91.7,19,沥17B路:19; 佛202路:9; 佛278路:8; 夜103路:8; 广565路:8; 佛244路:7; 广419路:6; 525路:5; 佛277路:3; 佛279路:3
775路,24,22,91.7,12,39路:12; 夜10路:12; 218路:8; 30路:8; 492路:7; 高峰快线32路:6; 84路:6; 20路:5; 41路:5; 78A路:5
456路,12,11,91.7,11,456路环线:11; 350路:4; 夜131路:3; 夜126路:3; 342路:2; 362路:2; 650路:2; 827路:2; 351路:2; 457路:1
番151路,12,11,91.7,11,番夜4路:11; 番162路:8; 番162B路:8; 番160路:7; 番162B路高峰快线:2; 番149路:1; 番93路:1
增城26路,24,22,91.7,10,增城23路:10; 增城26A路:8; 增城25路:8; 增城22路:8; 增城27路:8; 增城22路/增22路:7; 增城35路:6; 增城37路:6; 增城9路:6; 379路:5
762路,24,22,91.7,9,137路:9; 262路:8; 764路:7; 夜66路:7; 582路:6; 582路班车:6; 250路:6; 264路:6; 761路:6; 801路:6
南夜1路,12,11,91.7,9,南61路:9; 南沙61路短线（万科海上明月 ⇄ 黄阁中学）:7; 南沙夜1路:6; 南14路:5; 南沙70路:4; 南沙15路:3; 番141路:3; 南沙61路短线（黄阁公交总站 ⇄ 黄阁公交总站）:3; 南沙33路:2; 南沙8路:2
增城81路,12,11,91.7,7,增城2路:7; 增城4路:5; 增城16路:5; 增城7路:5; 增城11路:4; 增城13路:4; 增城49路:4; 增城18路:4; 增城6路:4; 增城77路:4
766路环线,12,11,91.7,5,991路:5; 夜30路:4; 997路:4; 夜128路:4; 964路:4; 836路:3; 960路:3; 75路:2; 462路:2; 263路:2
番101路,12,11,91.7,4,番99路:4; 番97路:4; 番109路:3; 番125路:3; 番129路:3; 番101短线:1; 番夜5路:1; 佛K330路/K330路快线:1
番129路,35,32,91.4,15,番108B路:15; 番9路长线:15; 番9路:12; 番30路:8; 番16路:7; 番4B路:6; 番27路:6; 番130路:5; 番165路:5; 番20B路:5
324路,35,32,91.4,13,夜104路:13; 355路:12; 943路:11; 339路:10; 946路:9; 320路:9; 391路:8; 326路:7; 344路:7; 338路:7
799路,23,21,91.3,15,656路:15; 663路:9; 539路:7; 924路:7; 夜62路:7; 665路:6; 529路:6; 833路:6; 984路:6; 671路:5
增城6路,23,21,91.3,13,增城16路:13; 增城15路:12; 增城79路:7; 增城48路:6; 增城18路:5; 增城2路:5; 增城77路:4; 增城78路:4; 增城81路:4; 增城7路:4
夜86路,23,21,91.3,13,751路:13; 736路:8; 427路:7; 529路:7; 563路:7; 833路:7; 夜76路:7; 夜119路:6; 985路:6; 793路:5
增城25路,23,21,91.3,10,571路:10; 增城22路:9; 增城22路/增22路:9; 增城23路:8; 增城26路:8; 增城37路:8; 增城38路:7; 增城45路:7; 增城29路:6; 增城46路:5
番72路,23,21,91.3,8,番79路:8; 番83路:8; 番75路:7; 公交地铁接驳专线9路:6; 番23路:5; 公交地铁接驳专线8路:4; 番17路:4; 番10路:4; 番186路:4; 番52路（地铁南村万博站 ⇄ 海大集团总站）:4
807路,34,31,91.2,21,夜94路:21; 840路:19; 21路:14; 522路:14; 58A路:14; 886路:12; 523A路:11; 298路:11; 251路:11; 58路:11
夜107路,33,30,90.9,25,519路:25; 夜22路:14; 夜12路:13; 556路:12; 夜26路:12; 254路:11; 101路:9; 244路:9; 528路:8; 58路:8
夜42路,22,20,90.9,14,121路:14; 121A路:10; 11路:10; 旅游公交2线:9; 旅游观光1线:7; 93路:6; 131A路:6; 131B路:6; 182路:6; 222路:6
南沙62路,33,30,90.9,12,南53路:12; 南1路B:11; 南沙19路:11; 南沙学1路:11; 南沙62路短线:9; 南沙1路:9; 南沙5路:7; 南沙G4路:7; 番143路:7; 九王庙临时接驳线内环:6
番20B路,33,30,90.9,12,番165路:12; 番30路:11; 番1路:6; 番27路:6; 番9路:6; 番9路长线:6; 番12路旅游专线:5; 番2路:5; 番5路:5; 番5路长线:5
776路,22,20,90.9,9,901A路:9; 夜68路:9; 901路:9; 581路:9; B4A路:7; 夜53路:7; B26路:7; B18路:6; 503路:6; 813路:6
831路,33,30,90.9,9,830路:9; 984路:7; 841路:7; 970路:6; 夜85路:6; 254路:6; 742路:6; 126路:5; 519路:5; 夜107路:5
空港快线2号线,11,10,90.9,9,空港快线2线:9; 空港快线3线:4; 夜105路:4; 空港快线2号线夜班:4; 278路:3; 280路:3; 810路:3; 886路:3; 机场快线7B线:2; 机场快线7号C线:2
花93路,11,10,90.9,9,花81路（三水大塘中心广场 ⇄ 广州北站）:9; 花25路:4; 花23路:2; 花62路:2; 花39路短线:1; 花68路:1
431路,22,20,90.9,8,517路:8; 438路:7; 夜97路:7; B26路:6; 360路:6; 390路:6; 364路:6; B16路:6; 432A路:5; 广369路:5
731路环线,11,10,90.9,8,夜120路:8; 729路:7; 975路:5; 527路:5; 夜122路:5; 夜76路:5; 62路:3; 134路:3; 179路:3; 17路:3
南沙5路,22,20,90.9,8,九王庙临时接驳线内环:8; 九王庙临时接驳线外环:8; 南沙62路:7; 南沙24路:6; 南夜5路:5; 南沙学1路:4; 南沙23B路:4; 南沙32路:3; 南沙G1路:3; 南沙19路:3
增城26A路,11,10,90.9,8,增城26路:8; 增城35路:7; 增城23路:6; 379路:4; 增城32路外环:4; 增夜4路:4; 增城25路:4; 372路:3; 增城32路内环:3; 571A路:3
771路,11,10,90.9,6,293路:6; 44路:5; 夜132路:5; 284路:4; 299路:4; 40路:4; 194路:2; 239路:2; B11路:2; B8路:2
南沙21路支线,11,10,90.9,4,南25路:4; 南1路B:4; 南21路:4; 南沙62路短线:4; 南沙1路:4; 南沙62路:3; 南沙2路支线:2; 南10路:1; 南30路:1; 南沙旅游1路:1
366路,32,29,90.6,15,371路:15; 946路:11; 365路:10; 391路:9; 948路:8; 391A路:7; 夜52路:7; 575路:5; 506路:5; 358路:5
509路,32,29,90.6,15,756路:15; 837路:15; 977路:13; 739路:12; 夜84路:12; 796路:10; 843路:10; 753路:8; 522路:8; 807路:7
南沙31路A线,21,19,90.5,17,南沙31路B线:17; 南沙20路:8; 南沙W1A路:4; 南沙32路:4; 南53路:4; 南沙12路:4; 南27路:3; 南沙G2路:3; 南沙W1B路:3; 南沙学1路:3
375路,21,19,90.5,10,946路:10; 569路:8; 夜49路:8; 358路:8; 365路:8; B31路:7; 391A路:7; 391路:7; 566路:6; 335路:6
从903路,21,19,90.5,8,从夜3路:8; 从10路:8; 从3路:8; 从9路:8; 从3路夜班:7; 从21路长线:7; 从1路东线:5; 从1路西线:5; 从7路:5; 从807路:4
增城44路,21,19,90.5,7,增城45路:7; 增城40路:6; 增城30路:6; 增城64路:6; 增城37路:6; 增城46路:5; 增城20路:5; 增城38路:4; 增城21路:4; 增城36路:3
948路,31,28,90.3,12,365路:12; 夜52路:9; 367路:9; 506路:8; 366路:8; 571A路:8; 夜49路:8; 373路:7; 371路:7; 391A路:7
981路,31,28,90.3,6,夜76路:6; 470路:5; 803路:5; 夜75路:5; 651路:5; 742路:5; 夜87路:4; 101路:4; 661路:4; 980路环线:4
58路,41,37,90.2,20,58A路:20; 528路:15; 251路:15; 32路:15; 夜22路:13; 244路:12; 886路:12; 夜105路:12; 807A路:11; 807路:11
广夜91路,20,18,90,17,广657路:17; 里07路:9; 广231路:9; 广974路班车:9; 里07路高峰线:9; 广974路:9; 佛252路:6; 里07路短线/佛里07路里广快线:6; 里14:6; 里14路:6
增城2路,40,36,90,15,增城11路:15; 增城4路:13; 增城13路:12; 增城12路:11; 增城71路:8; 增城81路:7; 科教城1路:7; 增城16路:6; 增城49路:6; 增城6路:5
增城38路,30,27,90,11,增城23路:11; 增城32路内环:10; 增城32路外环:10; 增城9路:8; 增城30路:8; 571A路:8; 增城25路:7; 增城35路:7; 增夜4路:7; 增城46路:6
220路,30,27,90,10,10路:10; 29路:8; 31路:8; 夜7路:8; 6路:7; 833路:7; 夜5路:7; 811路:7; 489路:7; 288路:7
南夜6路,10,9,90,9,南沙4路:9; 南沙49路:7; 南沙1路:5; 南沙54路:4; 南沙18路:4; 南沙13路:4; 南沙W2路:3; 番141路:3; 南沙24路:2; 南沙62路:2
夜班136路,10,9,90,9,985路:9; 843路:8; 737路:7; 空港2路:5; 708路:3; 高速专线2路:3; 510路:2; 707路:2; 715路:2; 724路:2
37路/南37路,10,9,90,7,南35路:7; 南57路:7; 南沙38路:7; 南沙70路:6; 南36路:6; 南48路:4; 番141路:4; 南52路:4; 南沙35路支线:4; 南沙33路:3
增城10路快线,10,9,90,7,增城10路:7; 增夜2路:7; 增城8路:7; 增城5路:4; 增城34路快线:2; 增城16路:2; 增城18路:2; 增城6路:2; 增城77路:2; 增城78路:2
夜64路,10,9,90,7,404路:7; B22路:3; B4路:3; 夜51路:3; 夜93路:3; B4B路:3; 497路:2; B16路:2; B17路:2; B18路:2
花109路,10,9,90,4,花75路:4; 花9路:4; 花18路:4; 花19路:3; 花6路:3; 花22路:3; 花23路:3; 花2路:3; 花70路:3; 花70路短线:3
365A路,10,9,90,3,365路:3; 366路:3; 942路:3; 夜126路:2; 571A路:2; 夜49路:2; 370路:1; 345路:1; 441路:1; 443路:1
825路,39,35,89.7,27,472路:27; 829路:9; 723路:7; 522路:5; 750路:5; 713路:4; 707路:4; 花73路:4; 722路:3; 837路:3
302A路,39,35,89.7,20,番17路:20; 番17路长线:19; 公交地铁接驳专线8路:16; 番53路:16; 番30路:15; 302路:13; 番56路:11; 番52路（地铁南村万博站 ⇄ 海大集团总站）:11; 广283路:8; 303A路:8
从19路密石班车,29,26,89.7,17,从14路:17; 从19路:17; 从化13路:16; 从906路:9; 从1路东线:7; 从905路:6; 从11路:6; 从12路:6; 从3路:6; 从16路:5
944路,39,35,89.7,10,390路:10; 403路:9; 327路:7; 448路:6; 495路:6; 942路:6; 943路:5; 夜104路:5; 夜51路:5; 392路:5
516路,48,43,89.6,18,夜49路:18; 569路:15; 572路:14; 566路:14; B31路:13; B28路:11; 夜41路:11; 夜73路:11; 946路:11; 579路:11
番150路,38,34,89.5,13,番150B路:13; 南36路:12; 番12路旅游专线:11; 番160路:11; 番5路:10; 番5路长线:10; 番11路:10; 南沙65路:10; 南沙68路:10; 番142路:10
夜108路,19,17,89.5,12,B7路:12; 303A路:12; 旅游观光1线:8; 189路:5; 夜66路:5; 130路:4; 252路:4; 37路:4; 夜135路:4; 225路:3
567路,19,17,89.5,11,夜49路:11; 516路:9; 571B路:9; 572路:8; 569路:7; 340路:7; 397路:7; 388路:6; 575路:5; 214路:5
番126路,19,17,89.5,11,番92路/番92路:11; 番93路:11; 番93路短线:11; 番131路:8; 番128路:6; 番132路旅游专线:6; 番111路:6; 番夜3路:5; 番80路:4; 番81路:3
增城76路,19,17,89.5,10,莞76路:10; 增城55路:8; 增城57路:6; 增城18路:4; 增城56路:4; 增城10路:4; 增夜2路:4; 增城34路快线:2; 增城10路快线:1; 增城8路:1
84路,28,25,89.3,16,84A路:16; 夜71路:15; B12路:14; 30路:13; 39路:13; 夜10路:13; 83路:11; 564路:9; 夜100路:9; 345A路:8
从7路,28,25,89.3,11,从16路:11; 从4路:8; 从4路快线:8; 从1路西线:7; 从3路:7; 从1路东线:7; 从20路:7; 从14路:7; 从19路:7; 从10路:6
广281路,37,33,89.2,25,广夜67路:25; 57路:14; 64路:11; 广277路:11; 沥12路:11; 75路:9; 208路:8; 夜1路:8; 广123路:8; 佛沥12高峰线:8
番185路,36,32,88.9,21,番182路:21; 番145路:18; 公交地铁接驳专线4路:9; 番191路:9; 90路:8; 302路:8; 番181路:7; 310路:7; 129路:5; 303路:5
383路,27,24,88.9,14,夜65路:14; 大学城环线1路:8; 430路:8; 夜50路:7; 大学城专线4路:7; 361路:7; 801路:6; B25路:6; 大学城专线3路:5; 番202路旅游专线:5
夜112路,18,16,88.9,12,653路:12; 广789路:6; 广205路:6; 佛276路/佛276:5; 沥20路:5; 429路循环线:3; 42路:2; 885路:2; 广746路:2; 广478路:1
264A路,18,16,88.9,10,206路:10; 37路:8; 高峰快线74路:7; 264路:6; 801路:6; 14路:6; 夜8路:6; 夜135路:6; 189路:6; 250路:5
487路,18,16,88.9,10,782A路:10; 839路:7; 16路:6; 838路:6; 966路:6; 31路:5; 121A路:5; 782路:5; 552路:5; 303路:4
702路,18,16,88.9,8,712路:8; 706路:5; 夜87路:5; 花10路:4; 713路:4; 花21路:4; 706路早间短线:4; 花17路联民村:3; 花19路:3; 花6路:3
792路环线,9,8,88.9,8,504路:8; 560路:8; 862路:8; 夜74路:8; B6路快线:8; B6路:8; 792A路:6; 882路快线:6; 126路:3; 136路:3
457路,9,8,88.9,7,夜131路:7; 650路:6; 夜126路:6; 342路:1; 350路:1; 362路:1; 456路:1; 456路环线:1; 827路:1; 826路:1
番86路,18,16,88.9,7,番58路:7; 番30路:7; 303A路:6; 番163B路:5; 129路:5; 夜102路:4; 番52路（广州南站总站 ⇄ 石碁文化广场总站）:4; 公交地铁接驳专线9路:3; 番163A路:3; 番89路:3
花18路,18,16,88.9,6,夜92路:6; 花16路:6; 花62路:6; 花63路:6; 花63路短线:6; 花68路:6; 花68路白坭班车:6; 花68路短线:6; 花80路:6; 花81路（三水大塘中心广场 ⇄ 广州北站）:5
474路,18,16,88.9,5,509路:5; 523路:5; 654路:5; 843路:5; 977路:5; 522路:5; 829路:5; 夜87路:5; 703路:5; 472路:4
南夜5路,9,8,88.9,5,九王庙临时接驳线内环:5; 九王庙临时接驳线外环:5; 南沙5路:5; 南沙62路:5; 南沙19路:4; 南沙学1路:4; 南沙24路:3; 南53路:3; 南沙18路:1; 南沙旅游1路:1
夜134路,9,8,88.9,5,214路:5; 372路:5; 571B路:5; 571路:5; B30路:4; 516路:3; 566路:3; 569路:3; 572路:3; 946路:3
465路,9,8,88.9,4,347路:4; 326路:3; 348路:3; 403路:3; 448路:3; 944路:3; B29路:3; 夜46路:3; 432A路:3; 432路:3
花106路,9,8,88.9,4,花76路:4; 花17路联民村:3; 702路:2; 花10路:2; 花84路:2; 花8路:2; 花21路:2; 花都111路:2; 花70路:2; 花115路:1
增城47路,35,31,88.6,16,增城3路:16; 增城4路:12; 增城10路:10; 增城64路:8; 增城18路:8; 增城1路:8; 增城77路:6; 增城5路:6; 增城74路:5; 增城13路:4
724路,35,31,88.6,9,510路:9; 夜123路:9; 985路:9; 971路:8; 979路:8; 976路:7; 733路:6; 650路:6; 707路:5; 715路:5
330路,26,23,88.5,17,夜60路:17; 446路:14; 330A路:14; 396路:12; 333路:11; 345A路:10; 396A路环线:10; 327A路:8; 327路:8; B31路:3
从1路西线,26,23,88.5,12,从1路东线:12; 从3路:11; 从5路:7; 从夜1路:7; 从7路:7; 从5路长线:6; 从20路:6; 从4路:6; 从4路快线:6; 从化921路:6
798路,26,23,88.5,10,76路:10; 667路:9; 803路:8; 38路:6; 792A路:5; 663路:4; 656路:4; 799路:4; 夜62路:4; 981路:4
番21B路,26,23,88.5,9,番150B路:9; 南沙67路:8; 番91路:8; 番5路:8; 番5路长线:8; 番11路:6; 番100路:6; 番13路:6; 番1路:6; 番96路:6
266路,26,23,88.5,8,131B路:8; 夜34路:7; 131A路:7; 813路:6; 广283路:6; 53路:6; 214路:5; 363路:5; B19路:5; 548路:5
455路,26,23,88.5,6,永和便民01线:6; 327A路:6; 330A路:5; 948路:4; 341路:4; 942路:4; 333路:4; 366路:3; 夜60路:3; 345A路:3
花23路,43,38,88.4,13,花63路:13; 花63路短线:13; 花86路:11; 花88路:11; 花88路短线:11; 花62路:7; 花75路:6; 花9路:6; 花81路（三水大塘中心广场 ⇄ 广州北站）:6; 花105路:5
B30路,34,30,88.2,15,夜73路:15; B29路:13; B31路:12; 432A路:12; B28路:9; 夜41路:8; 372路:7; 571路:7; B1路:7; 432路:7
广974路班车,17,15,88.2,15,广974路:15; 广231路:10; 里07路:9; 里07路高峰线:9; 广夜91路:9; 广657路:8; 佛252路:7; 里07路短线/佛里07路里广快线:7; 里14:7; 里14路:7
从905路,17,15,88.2,13,从1路东线:13; 从3路:7; 从化13路:6; 从19路密石班车:6; 从14路:5; 从19路:5; 从901路:4; 从11路:4; 从906路:4; 从5路:3
番201路,17,15,88.2,11,大学城环线1路:11; 夜50路:10; 大学城专线1路:8; 大学城专线2路:8; 大学城专线3路:8; 番202路旅游专线:8; 387路:5; 86路:5; 夜48路:5; 383路:4
471路,17,15,88.2,9,659路:9; 985路:7; 976路:6; 夜74路:5; 246路:4; 504路:4; 758路:4; 973路:4; 夜86路:4; 563路:4
广478路,17,15,88.2,9,广夜54路:9; 42路:5; 广746路:5; 274路:4; 885路:4; 429路循环线:4; 198路:3; 290路:3; 46路:3; 729路:3
沥12路,25,22,88,12,佛244路:12; 广281路:11; 佛沥12高峰线:10; 广286路:7; 广969路:6; 沥12B路:6; 广123路:6; 广277路:5; 广夜67路:5; 广260路:5
花84路,58,51,87.9,20,花16路:20; 花17路联民村:19; 711路:13; 花85路:12; 714路:8; 花1路（人和地铁站 ⇄ 广州北站西广场）:8; 夜92路:8; 夜116路:7; 708路:7; 花10路:7
40路/南40路,33,29,87.9,13,南39路:13; 南沙40路短线:12; 南沙12路:11; 南59路:10; 南沙49路:9; 南10路:7; 南55路:7; 南沙G4路:7; 南沙10路短线:6; 南45路:5
从901路,48,42,87.5,37,从18路:37; 从902路:37; 从6路:18; 从6路支线:18; 从4路:7; 从5路:7; 从夜1路:7; 从3路夜班:6; 从4路快线:6; 从5路长线:6
64路,32,28,87.5,13,52路:13; 夜72路:11; 广281路:11; 广夜67路:11; 121路:8; 181路:8; 广277路:7; 208路:7; 57路:7; 夜1路:7
增城21路,32,28,87.5,13,增城46路:13; 增城32路内环:6; 增城32路外环:6; 增夜6路:6; 增城35路:5; 增夜4路:5; 增城20路:5; 增城44路:4; 增城64路:4; 增城37路:4
449路,16,14,87.5,12,346路:12; 333A路:6; 324路:4; 夜60路:4; 391路:3; 564A路:2; 345A路:2; 83路:2; 夜68路:2; 333路:2
夜98路,24,21,87.5,12,450路:12; 349路:8; 575路:7; 335路:6; 337路:6; 940路:6; 夜57路:6; 941路:5; 367路:4; 459路:4
468路,32,28,87.5,11,252路:11; 270路:10; 86路:9; 35路:8; 夜55路:8; 361路:7; 997路:7; 夜128路:7; 180路:7; 195路:7
394路,24,21,87.5,10,371路:10; 夜52路:8; 566路:8; 446路:7; 365路:6; 571A路:6; 341路:5; 增城38路:4; 夜60路:3; 379路:3
787路,16,14,87.5,10,19路:10; 285路:8; 广275路:8; 410路:7; 445路环线:6; 商务专线4路:5; 181路:5; 769路/769路快线:5; 广277路:5; 102路:5
761路,24,21,87.5,9,264路:9; 583路:8; 夜33路:8; 75路:6; 夜6路:6; 250路:6; 762路:6; 764路:6; 801路:6; 高峰快线74路:5
番132路旅游专线,16,14,87.5,9,番93路:9; 番夜3路:7; 番111路:6; 番126路:6; 番131路:6; 番92路/番92路:6; 番93路短线:6; 番128路:5; 番162B路:3; 番148路:2
327路,24,21,87.5,8,392路:8; 330A路:8; 330路:8; 345A路:8; 396A路环线:8; 396路:8; 446路:8; 夜60路:8; 333路:8; 944路:7
增城55路,16,14,87.5,8,增城76路:8; 莞76路:7; 增城57路:7; 增城18路:5; 增城56路:5; 增城10路:1; 增城10路快线:1; 增城34路:1; 增城34路快线:1; 增夜2路:1
夜83路,8,7,87.5,7,976路:7; 727路:6; 473路:4; 732路:4; 650路:3; 724路:3; 979路:3; 733路:2; 655路（广东青年职业学院总站 ⇄ 良田保税路总站）:2
节假日公交专线7路,8,7,87.5,7,346路:7; 973路:3; 345A路:2; 564路:2; 夜100路:2; 126路:1; 257路:1; 503路:1; 89路:1; 夜70路:1
南沙32路,16,14,87.5,7,南61路:7; 南沙54路:7; 南27路:6; 南沙31路A线:4; 南沙31路B线:4; 南沙33路:4; 南沙4路:4; 南沙W1A路:4; 南56路:3; 南沙5路:3
永和便民01线,8,7,87.5,6,455路:6; 330A路:4; 942路:3; 夜60路:3; 341路:3; 夜52路:2; 948路:2; 327A路:1; 330路:1; 396路:1
南沙W2路,8,7,87.5,5,南沙4路:5; 南沙54路:4; 南夜6路:3; 九王庙临时接驳线外环:3; 南沙24路:2; 九王庙临时接驳线内环:2; 南沙旅游1路:1; 南沙49路:1
660路环线,8,7,87.5,4,广424路:4; 420路:3; 大学城专线1路:2; 265路:2; 706路:2; 夜9路:2; 36路:2; 651路:2; 841路:2; 982路:2
655A线,63,55,87.3,55,655路（三达路跨线桥首末站 ⇄ 大塘汽车客运站）:55; 655B路:53
31路,31,27,87.1,23,夜7路:23; 186路:11; 38路:10; 556路:10; 29路:9; 963路:9; 288路:9; 9路:9; 夜26路:9; 220路:8
花9路,31,27,87.1,22,花75路:22; 花10路:10; 花30路:9; 701路:9; 715路:8; 花76路:7; 花7路:7; 花81路（三水大塘中心广场 ⇄ 广州北站）:7; 花105路:6; 花23路:6
番4路,31,27,87.1,10,番68路:10; 番51路:10; 番160路:8; 番99路:8; 番165路:7; 番97路:7; 番100路:6; 番6路:6; 番146路:6; 番1路:5
976路,23,20,87,9,985路:9; 724路:7; 夜83路:7; 727路:7; 471路:6; 650路:6; 732路:6; 夜86路:5; 504路:5; 758路:5
76A路,30,26,86.7,18,76路:18; 66路:14; 529路:14; 833路:12; 864路:12; 563路:12; 190路:9; 544路:9; 夜32路:9; 夜9路:9
莞619路,30,26,86.7,17,莞616路:17; 莞86路:13; 莞618路:9; 广369路:8; 363路:5; 440路:4; 516路:3; B28路:3; 夜41路:3; 453A路:3
265路,30,26,86.7,13,36路:13; 38路:12; 841路:12; 244路:10; 273路:9; 24路:8; 706路:8; 夜9路:8; 539路:8; 563路:8
南44路,15,13,86.7,10,南45路:10; 南60路:8; 南沙33路:5; 南沙G3路:5; 南沙68路:5; 南41路:4; 南68路快线:4; 南43路:4; 南沙K7路:1; 307路/佛307路:1
商务专线4路,15,13,86.7,9,广275路:9; 佛232路:7; 19路:6; 广275路出场短线:5; 285路:5; 787路:5; 525路:4; 桂09路:4; 桂12路:4; 桂21路:4
320路,37,32,86.5,12,943路:12; 夜104路:12; 324路:9; 355路:9; 459路:9; 326路:8; B29路:8; 344路:8; 347路:7; 448路:7
330A路,22,19,86.4,15,夜60路:15; 330路:14; 446路:13; 396路:12; 333路:11; 345A路:10; 396A路环线:10; 327路:8; 327A路:6; 455路:5
增城29路,22,19,86.4,12,增城39路:12; 增城45路:10; 增城34路:9; 增城9路:9; 增城36路:9; 571路:6; 增城25路:6; 增城22路:5; 增城28路:5; 增城22路/增22路:4
661路,22,19,86.4,6,34路:6; 479路:5; 夜82路:5; 981路:4; 480路:4; 商务专线3路:4; 662路:3; 742路:3; 752路:3; 795路:3
番182路,36,31,86.1,21,番185路:21; 302路:9; 90路:9; 公交地铁接驳专线4路:9; 番191路:9; 番145路:8; 番181路:8; 番190路:6; 公交地铁接驳专线5路:6; 番56路:6
南沙31路B线,21,18,85.7,17,南沙31路A线:17; 南沙20路:7; 南沙W1A路:4; 南沙32路:4; 南27路:3; 南沙G2路:3; 南沙W1B路:3; 南61路:3; 南沙54路:3; 南沙学1路:3
番109路,21,18,85.7,13,番125路:13; 地铁接驳10A线:9; 番100路:8; 番97路:8; 288路:7; 番109B路:6; 番25路:6; 303A路:4; 番52路（广州南站总站 ⇄ 石碁文化广场总站）:4; 番96路:4
空港2路公交短线,14,12,85.7,12,空港2路:12; 空港1路:6; 737路:3; 843路:2; 985路:2; 夜班136路:2; 708路:2; 夜106路:1
从16路,14,12,85.7,11,从7路:11; 从14路:7; 从19路:7; 从11路:5; 从12路:5; 从化13路:5; 从19路密石班车:5; 从8路:4; 从1路东线:3; 从3路:3
番夜4路,14,12,85.7,11,番151路:11; 番162B路:8; 番162路:8; 番160路:7; 番93路:2; 番162B路高峰快线:2; 番149路:1; 番111路:1
379路,28,24,85.7,10,571A路:10; 516路:8; 571B路:6; 增城32路外环:6; 增城26路:5; 增城28路:5; 莞615路:5; 增城32路内环:5; 增城23路:5; 增城35路:5
408路,14,12,85.7,10,764路:10; 夜43路:9; 432A路:7; B14路:6; 408A路:4; 40路:4; 28路:4; 772路:3; 496路:3; 506路:3
夜124路,14,12,85.7,9,388路:9; 943路:5; 夜51路:5; 575路:4; 366路:4; 327A路:3; 391A路:3; 391路:3; 506路:3; 944路:3
361路,28,24,85.7,7,468路:7; 252路:7; 86路:7; 383路:7; 夜65路:7; 夜50路:6; 35路:5; 997路:5; 夜128路:5; 大学城环线2路:4
427路,14,12,85.7,7,夜86路:7; 793路:7; 751路:6; 夜119路:6; 753路:5; 510路:4; 652路:4; 840路:4; 986路:4; 夜94路:4
广969路,14,12,85.7,7,990路:7; 夜127路:7; 沥12B路:6; 沥12路:6; 广277路:6; 广281路:6; 广夜67路:6; 广123路:5; 广260路:5; 广286路:5
461路,7,6,85.7,6,夜70路:6; 461路班车:4; 大学城专线3路:4; 229路:2; 239路:2; 262路:2; 304路:2; 582路:2; 夜101路:2; 夜20路:2
增城50A路,7,6,85.7,6,增城50路:6; 增城81路:1; 增城11路:1; 增城12路:1; 增城13路:1; 增城2路:1
795路,14,12,85.7,5,982路:5; 175路:5; 36路:5; 544路:4; 547路:4; 841路:4; 夜32路:4; 265路:4; 38路:4; 661路:3
989路,14,12,85.7,5,303路:5; 995路:5; 131B路:5; 489路:4; 967路:3; 963路:2; 夜3路:2; 夜7路:2; 188路:2; 131A路:2
南沙61路短线（黄阁公交总站 ⇄ 黄阁公交总站）,7,6,85.7,5,南55路:5; 南夜1路:3; 南61路:3; 南沙夜1路:3; 南沙54路:3; 南沙38路:2; 南沙61路短线（万科海上明月 ⇄ 黄阁中学）:2; 南沙70路:2; 南沙49路:2; 南沙12路:2
405路,7,6,85.7,3,266路:3; 大学城专线2路:3; 210路:2; 214路:2; 363路:2; 503路:2; 508路:2; 776路:2; 813路:2; B18路:2
南沙18路,27,23,85.2,15,南沙49路:15; 番141路:13; 南沙4路:12; 南1路B:10; 南53路:6; 南沙学1路:6; 南沙1路:6; 南沙19路:5; 南夜4路:5; 南沙G4路:5
982路,27,23,85.2,9,742路:9; 841路:9; 36路:8; 651路:7; 265路:7; 539路:6; 563路:6; 夜9路:6; 795路:5; 244路:5
334路,27,23,85.2,8,450路:8; 946路:7; 夜57路:7; 321路:6; 340路:6; 569路:5; 夜49路:5; 349路:5; 573路快线:5; 324路:5
增城4路,40,34,85,20,增城13路:20; 增城11路:15; 增城12路:14; 增城3路:13; 增城2路:13; 增城47路:12; 增城18路:7; 增城64路:6; 增城1路:6; 增城48路:6
九王庙临时接驳线内环,20,17,85,17,九王庙临时接驳线外环:17; 南沙5路:8; 南沙62路:6; 南夜5路:5; 南沙24路:5; 南沙18路:3; 南沙19路:2; 南沙学1路:2; 南53路:2; 南沙W2路:2
南沙68路,40,34,85,17,南68路快线:17; 南沙65路:13; 番142路:13; 南41路:11; 番143路:10; 番150B路:10; 番150路:10; 南沙70路:9; 番141路:9; 南60路:9
番29路,33,28,84.8,14,番147路:14; 番6路:11; 番93路:11; 番93路短线:11; 番12路旅游专线:10; 番160路:9; 301路:8; 番19路（傍雁路临时公交总站 ⇄ 雅居乐总站）:8; 番1路:8; 番97路:8
番27路,33,28,84.8,9,番7路:9; 番16路:6; 番20B路:6; 番30路:6; 番67路旅游专线:6; 番129路:6; 番89路:5; 番146路:5; 番108路:5; 番夜5路:5
从6路支线,26,22,84.6,21,从6路:21; 从18路:18; 从901路:18; 从902路:17; 从3路夜班:6; 从4路:6; 从夜3路:5; 从4路快线:5; 从5路:5; 从5路长线:5
增城34路,39,33,84.6,18,增城9路:18; 增城39路:16; 增城34路快线:12; 增城29路:9; 增城36路:8; 增城64路:7; 增城30路:6; 增城38路:6; 增城9A路/9A路快线:6; 增城14路:5
从911路,13,11,84.6,11,从10路:11; 从407路:8; 从408路:4; 从908路:2; 从907路:1; 从909路:1
广132路,13,11,84.6,11,广夜58路:11; 广277路:8; 广286路:7; 广281路:7; 广260路:6; 广夜67路:6; 佛沥18路:6; 佛279路:5; 广123路:5; 广969路:4
广419路,26,22,84.6,10,佛244路:10; 552路:9; 夜1路:8; 佛278路:8; 74路:7; 佛202路:7; 207路:6; 70路:6; 962路:6; 812路:6
328路支线,13,11,84.6,8,328路:8; 388路:2; 391A路:2; 506路:2; 575路:2; 943路:2; 夜104路:2; 夜51路:2; 330A路:1; 330路:1
670路,13,11,84.6,6,838路:6; 207路:5; 夜113路:4; 广412路:3; 广夜111路:3; 990路:2; 广州-肇庆（广州芳村汽车客运站 ⇄ 肇庆长途站）:2; 同成社区公交接驳专线:2; 同成社区接驳专线:2; 782路:1
671路,13,11,84.6,6,夜62路:6; 924路:5; 539路:5; 656路:5; 663路:5; 799路:5; 743路:5; 667路:3; 798路:3; 665路:3
增城77路,13,11,84.6,6,增城47路:6; 增城16路:4; 增城18路:4; 增城48路:4; 增城6路:4; 增城78路:4; 增城81路:4; 增城7路:4; 增城3路:4; 增城4路:4
增城14路,32,27,84.4,14,增城9路:14; 增城64路:6; 增城9路快线:6; 增城82路:6; 增城16路:5; 增城78路:5; 增城65路:5; 增城34路:5; 增城13路:4; 增城1路:4
南沙G2路,19,16,84.2,7,南沙G3路:7; 南53路:6; 南沙12路:6; 南沙G1路:5; 南沙W1A路:5; 南沙W1B路:5; 南39路:4; 南沙20路:4; 南10路:3; 南55路:3
从10路,50,42,84,26,从9路:26; 从911路:11; 从407路:9; 从903路:8; 从7路:6; 从化922路:6; 从1路西线:5; 从21路长线:5; 从3路:5; 从夜3路:5
751路,25,21,84,13,夜86路:13; 529路:8; 833路:7; 563路:7; 夜76路:7; 510路:7; 840路:7; 夜94路:7; 837路:6; 736路:6
增城5路,25,21,84,9,增城10路:9; 增城8路:9; 增夜2路:8; 增城48路:7; 增城16路:6; 增城47路:6; 增城10路快线:4; 增城9A路/9A路快线:4; 增城6路:4; 增城1路:3
广231路,31,26,83.9,15,里07路:15; 里07路高峰线:15; 广974路班车:10; 广974路:10; 佛244路:9; 广夜91路:9; 佛252路:8; 里07路短线/佛里07路里广快线:8; 里17路:8; 广657路:8
增城12路,43,36,83.7,21,增城11路:21; 增城13路:19; 增城4路:14; 增城2路:11; 增城80路:6; 增城49路:5; 增城36路:5; 增城65路:4; 增城40路:4; 增城14路:3
夜123路,24,20,83.3,15,510路:15; 724路:9; 夜94路:9; 971路:8; 840路:8; 828路:6; 707路:5; 715路:5; 夜129路:5; 701路:5
从3路,36,30,83.3,13,从3路夜班:13; 从1路东线:11; 从1路西线:11; 从9路:11; 从903路:8; 从化13路:7; 从7路:7; 从905路:7; 从14路:6; 从19路:6
373路,30,25,83.3,12,327A路:12; 夜49路:10; 569路:8; 571A路:7; 948路:7; 566路:6; 365路:6; 367路:6; 337路:6; 371路:5
花76路,36,30,83.3,12,花7路:12; 花75路:12; 花30路:9; 701路:9; 花10路:8; 花9路:7; 花81路（三水大塘中心广场 ⇄ 广州北站）:7; 712路:5; 花70路:4; 花106路:4
花6路,30,25,83.3,11,花19路:11; 花75A路:7; 花86路:6; 夜92路:5; 花1路（人和地铁站 ⇄ 广州北站西广场）:4; 花80路:4; 花18路:3; 花62路:3; 花63路:3; 花63路短线:3
429路循环线,18,15,83.3,10,广746路:10; 658A路:4; 790路:4; 佛沥18路:4; 里07路:4; 里07路高峰线:4; 42路:4; 885路:4; 广478路:4; 658B路:3
番31路,12,10,83.3,8,番77路:8; 番75路:5; 番131路:2; 番61路:2; 番128路:2; 番62路:2; 番77路高峰快线:1
332路,12,10,83.3,5,387路:5; 383路:4; 361路:3; 夜65路:3; 86路:3; 夜50路:3; 大学城专线1路:3; 大学城专线2路:3; 大学城专线3路:3; 大学城环线1路:3
南沙23B路,6,5,83.3,4,南沙5路:4; 南39路:3; 南55路:2; 南沙13路:2; 南沙20路:2; 南沙23路A线:2; 南沙G1路:2; 南沙G2路:2; 南沙G4路:2; 南沙32路:2
新塘万达1路,12,10,83.3,4,增城37路:4; 增城43路:3; 增城30路:3; 增城31路:3; 增城44路:3; 增城45路:3; 增城64路:3; 增城21路:3; 增夜6路:3; 增城38路:2
机场快线7号C线,6,5,83.3,4,机场快线7B线:4; 机场快线7A线:2; 空港快线2号线:2; 空港快线2线:2; 空港快线3线:2; K981路:1; 南27路:1; 南56路:1; 南64路快线:1; 南沙31路A线:1
754路,6,5,83.3,3,804路:3; 502路:2; 884路:2; 747路:2; 201路:1; 126路:1; 136路:1; 179路:1; 504路:1; 560路:1
花68路,59,49,83.1,42,花68路白坭班车:42; 花68路短线:38; 花115路:14; 花63路:14; 花63路短线:14; 花22路:13; 花80路:13; 花81路（三水大塘中心广场 ⇄ 广州北站）:10; 花39路短线:10; 花2路:10
花88路短线,35,29,82.9,28,花88路:28; 花23路:11; 花86路:11; 花89路:10; 花80路:6; 花83路:6; 花81A路:5; 花25路:5; 花2B路:3; 花25B路:3
花22路,41,34,82.9,13,花68路:13; 花68路白坭班车:13; 花68路短线:13; 713路:7; 花80路:7; 花30路:7; 花21路:6; 花21路夜班:6; 花2路:6; 707路:6
佛202路,29,24,82.8,9,沥17B路区间:9; 佛278路:8; 沥17B路:8; 佛244路:7; 广419路:7; 佛276路/佛276:6; 佛279路:5; 106路:5; 夜103路:4; 广565路:4
523A路,23,19,82.6,12,58A路:12; 807路:11; 523路:9; 522路:9; 298路:9; 886路:8; 268路:8; 夜95路:8; 970路:7; 夜85路:7
花2B路,23,19,82.6,9,花88路:9; 花115路:4; 花68路:4; 花68路白坭班车:4; 花68路短线:4; 花2C路:4; 花88路短线:3; 花2路:3; 花24路:3; 713路:2
番111路,40,33,82.5,11,番93路:11; 番23路:11; 番52路（广州南站总站 ⇄ 石碁文化广场总站）:11; 番92路/番92路:10; 番80路:7; 番81路:7; 番132路旅游专线:6; 番126路:6; 番93路短线:6; 番162B路:5
番62路,34,28,82.4,19,番128路:19; 番61路:14; 番77路:8; 番59路:7; 番76路:6; 番66路:5; 番60路:4; 番禺85路:3; 番51路:3; 番53路:3
花2路,34,28,82.4,11,花68路白坭班车:11; 花68路短线:11; 花68路:10; 花70路:10; 花70路短线:10; 花88路:9; 花15路:6; 713路:6; 花都113路:6; 花22路:6
K314路,17,14,82.4,8,番67路旅游专线:8; 佛314路:4; 佛349路:4; 番12路旅游专线:4; 307路/佛307路:3; 314路:3; 番68路:3; 番96路:2; 番108B路:1; 番130路:1
755路,17,14,82.4,7,984路:7; 666路:5; 978路:4; 夜63路:4; 58路:4; 793路:4; 夜119路:4; 38路:3; 667路:3; 798路:3
472路,39,32,82.1,27,825路:27; 829路:7; 509路:6; 523路:6; 843路:6; 977路:6; 723路:5; 522路:4; 722路:4; 713路:4
番68路,56,46,82.1,21,番6路:21; 番12路旅游专线:17; 番3路:16; 番67路旅游专线:16; 番100路:11; 番99路:11; 番10路:11; 番160路:10; 番4路:10; 番108路:10
增城45路,28,23,82.1,10,增城29路:10; 增城30路:8; 增城32路内环:7; 增城32路外环:7; 增城44路:7; 增城25路:7; 增城31路:6; 增城39路:6; 增城24路:6; 571路:6
番7路,39,32,82.1,9,番6路:9; 番15路:9; 番27路:9; 番108路:8; 番68路:7; 番145路:7; 番146路:7; 番108B路:6; 番16路:6; 302路:6
254路,22,18,81.8,15,夜22路:15; 280路:13; 夜107路:11; 807路:10; 244路:10; 251路:10; 58A路:10; 58路:10; 886路:10; 807A路:9
增城23路,22,18,81.8,14,增城35路:14; 增城32路外环:12; 增夜4路:12; 增城38路:11; 增城32路内环:11; 增城26路:10; 571A路:10; 增城25路:8; 增城26A路:6; 571路:5
桂12路,22,18,81.8,12,桂21路:12; 桂11路:7; 19路:6; 广275路:6; 525路:5; 商务专线4路:4; 285路:4; 787路:4; 770路:4; 广275路出场短线:3
995路,22,18,81.8,10,303路:10; 489路:8; 121路:8; 967路:7; 963路:6; 夜7路:6; 夜79路:6; 52路:6; 64路:6; 989路:5
南沙10路短线,11,9,81.8,8,南10路:8; 40路/南40路:6; 南55路:6; 南沙12路:6; 南沙G4路:6; 南17路:5; 南28路:1; 南56路:1
里17路,11,9,81.8,8,佛252路:8; 里07路:8; 广231路:8; 里07路短线/佛里07路里广快线:8; 里07路高峰线:8; 广974路班车:7; 里14:7; 里14路:7; 广974路:7; 广657路:6
550路,22,18,81.8,8,495路:8; 261路:7; 517路:7; B24路:7; 218路:6; 53路:6; 764路:5; B15路:5; 夜13路:5; 28路:4
752路,11,9,81.8,5,32路:5; 58A路:5; 58路:5; 807A路:5; 268路:4; 63路:4; 夜105路:4; 661路:3; 475路:3; 981路:3
370路,38,31,81.6,11,夜126路:11; 345路:10; 365路:10; 增城11路:8; 科教城2路:7; 352A路:5; 增城71路:5; 增城89路:4; 夜130路:3; 343路:3
325路,27,22,81.5,11,夜81路:11; 夜51路:10; 345路:9; 573路:8; 564A路:7; B22路:7; 396路:7; 497路:6; 564路:6; 903路:6
990路,27,22,81.5,8,19路:8; 206路:8; 207路:8; 312路（滘口汽车站总站 ⇄ 祈福新邨总站）:8; 52路:8; 839路:8; 夜11路:8; 夜29路:8; 夜127路:7; 广969路:7
莞616路,32,26,81.3,17,莞619路:17; 莞86路:13; 莞618路:9; 广369路:8; 363路:4; 440路:4; 516路:3; B28路:3; 夜41路:3; 453A路:3
750路,32,26,81.3,16,712路:16; 707路:9; 704路:5; 522路:5; 825路:5; 843路:4; 474路:4; 722路:4; 510路:3; 711路:3
增城27路,16,13,81.3,8,增城26路:8; 增城38路:4; 增城46路:4; 增城75路:3; 增城9路:3; 571路:3; 增城22路:3; 增城22路/增22路:3; 增城25路:3; 增城36路:2
番109B路,16,13,81.3,8,番125路:8; 地铁接驳10A线:7; 番109路:6; 番96路:6; 番97路:6; 番99路:6; 番夜5路:6; 番13路:5; 番91路:5; 288路:4
941路,16,13,81.3,6,335路:6; 569路:6; 夜49路:6; 388路:6; 327A路:6; 夜98路:5; 337路:5; 373路:5; B24路:5; 340路:3
增城18路,42,34,81,18,增城1路:18; 增城7路:11; 增城74路:11; 增城47路:8; 增城4路:7; 增城64路:7; 增城16路:6; 增城6路:5; 增城10路:5; 增城3路:5
360路,21,17,81,11,390路:11; 517路:8; 320路:7; 431路:6; 432A路:6; 459路:6; B30路:6; 344路:5; 夜46路:5; 943路:5
525路,21,17,81,9,夜103路:9; 广565路:9; 222路:7; 夜44路:6; 780路:6; 19路:5; 广275路:5; 桂12路:5; 桂21路:5; 佛232路:5
727路,21,17,81,7,732路:7; 976路:7; 夜83路:6; 473路:5; 726路:4; 650路:3; 655路（广东青年职业学院总站 ⇄ 良田保税路总站）:3; 724路:3; 979路:3; 733路:2
434路,21,17,81,6,390路:6; B30路:6; 夜73路:5; 360路:4; 377路:4; B26路:4; 夜41路:4; 广369路:3; 943路:3; B29路:3
商务专线3路,21,17,81,6,530路:6; 301A路:5; 518路:5; 661路:4; 夜77路:4; 470路:4; 52路:4; 夜11路:4; 238路:4; 广275路:4
南25路,21,17,81,5,南沙G1路:5; 南沙16路:5; 南沙旅游1路:4; 南沙21路支线:4; 南30路:3; 南沙G2路:2; 南10路:2; 南39路:2; 南沙9路团结围线:2; 南沙9路缸瓦沙线:2
797路,26,21,80.8,9,735路:9; 985路:7; 828路:6; 659路:5; 471路:4; 563路:4; 夜76路:4; 728路:3; 724路:2; 976路:2
南沙8路,30,24,80,11,南沙63路B线:11; 南沙63路A线:10; 番141路:9; 南沙33路:8; 南34路:7; 南沙12路:7; 南沙38路:7; 南沙49路:5; 南沙4路:5; 南沙54路:5
667路,15,12,80,9,798路:9; 539路:5; 743路:5; 793路:4; 981路:4; 夜119路:4; 夜76路:4; 夜62路:4; 38路:3; 755路:3
增城70路,15,12,80,8,增城41路:8; 增城19路:6; 增城69路:5; 增城58路:3; 增城6路:1; 增城73路:1; 增城53路:1; 增城87路:1
728路,30,24,80,7,827路:7; 735路:6; 659路:5; 夜123路:4; 976路:4; 985路:4; 797路:3; 504路:3; 758路:3; 979路:3
番2路,25,20,80,7,番22B路:7; 番51路:7; 番97路:6; 番12路旅游专线:6; 番150路:6; 番160路:6; 番5路:6; 番5路长线:6; 番33路:6; 番15路:5
花73路,15,12,80,7,706路:7; 花8路:7; 夜87路:6; 花63路:6; 花63路短线:6; 花68路:6; 花68路白坭班车:6; 花68路短线:6; 703路:6; 花75A路:5
726路,20,16,80,6,827路:6; 727路:4; 732路:4; 826路:3; 655路（广东青年职业学院总站 ⇄ 良田保税路总站）:3; 709路:2; 716路:2; 725路:2; 650路:1; 714路:1
沥20路,10,8,80,5,653路:5; 夜112路:5; 佛276路/佛276:2; 25路:2; 261路:2; 555路:2; 783路:2; 夜95路:2; 夜99路:2; 广205路:2
384路/384路旅游专线,10,8,80,3,86路:3; 387路:3; 332路:2; 番微公交7路:2; 383路:2; 大学城专线4路:2; 361路:2; 夜50路:2; 997路:1; 夜128路:1
南沙W1路支线,5,4,80,3,南53路:3; 南沙12路:2; 南沙G2路:2; 南沙G3路:2; 南沙18路:2; 番143路:1; 南34路:1; 南沙38路:1; 南沙G1路:1; 南沙G4路:1
南沙K1路支线,5,4,80,2,303A路:2; B7路:2; 夜108路:2; 旅游观光1线:2; 121A路:1; 121路:1; 204路:1; 262路:1; 夜42路:1; 夜66路:1
花8路,39,31,79.5,11,花75A路:11; 706路:9; 花85路:9; 703路:8; 夜87路:7; 花73路:7; 花19路:7; 花63路:6; 花63路短线:6; 花68路:6
增城19路,24,19,79.2,10,增城69路:10; 增城41路:9; 增城58路:9; 增城73路:7; 增城70路:6; 增城15路:6; 增城16路:6; 增城15路快线:1; 旅游专线1路:1; 增城6路:1
498路,24,19,79.2,8,884路:8; B11路:8; 791路:7; 83路:7; 297路:7; 46路:7; 54路:7; 高峰快线80路:6; 581路:5; 772路:5
番188路,24,19,79.2,8,番186路:8; 311路:7; 公交地铁接驳专线4路:7; 夜133路:7; 番91路:7; 公交地铁接驳专线7路:6; 公交地铁接驳专线5路:6; 番13路:6; 番146路:6; 番25路:6
783路,19,15,78.9,7,839路:7; 夜44路:7; 19路:6; 52路:6; 夜11路:6; 206路:5; 236路:5; 312路（滘口汽车站总站 ⇄ 祈福新邨总站）:5; 411路:5; 57路:5
花81路（三水大塘中心广场 ⇄ 广州北站）,61,48,78.7,19,花62路:19; 夜92路:14; 花10路:14; 花68路:10; 花93路:9; 花75路:9; 花63路:9; 花63路短线:9; 花80路:9; 花25路:7
番140路,28,22,78.6,15,番141路:15; 南沙70路:14; 番11路:14; 南48路:11; 南35路:8; 番93路:8; 番93路短线:8; 番5路:6; 番5路长线:6; 番147路:6
372路,28,22,78.6,12,571B路:12; 571路:10; 214路:10; B30路:7; B31路:7; 夜73路:7; 572路:7; 516路:6; 569路:6; 夜49路:6
757路,28,22,78.6,11,271路:11; 175路:9; 980路环线:7; 夜75路:7; 980路:7; 广424路:6; 夜21路:5; 524路:5; 夜122路:5; 522路:4
从906路,14,11,78.6,11,从化13路:11; 从19路密石班车:9; 从14路:4; 从19路:4; 从1路东线:4; 从905路:4; 从11路:3; 从12路:3; 从3路:3; 从18路:2
从化922路,14,11,78.6,9,从9路:9; 从10路:6; 从化921路:4; 从3路:3; 从903路:3; 从7路:2; 从3路夜班:2; 从405路:2; 从16路:1; 从20路:1
从603路,14,11,78.6,7,从604路:7; 从608路:4; 从12路:1; 从607路:1
420路,14,11,78.6,6,651路:6; 夜114路:5; 199路:4; 759路环线:3; 36路:3; 841路:3; 982路:3; 660路环线:3; 126路:2; 244路:2
925路,14,11,78.6,6,421路:6; 夜94路:4; 510路:3; 523路:3; 662路:3; 807A路:3; 夜75路:3; 夜77路:3; 832路:3; 夜76路:3
花31路,28,22,78.6,6,花8路:6; 花75A路:5; 花85路:5; 705路:5; 703路:5; 花25路:5; 花105路:4; 701路:4; 花19路:3; 花75路:3
722路,37,29,78.4,10,522路:10; 829路:9; 929路:6; 977路:5; 706路早间短线:5; 夜87路:5; 472路:4; 713路:4; 654路:4; 706路:4
番77路,23,18,78.3,10,番61路:10; 番62路:8; 番31路:8; 番66路:5; 番75路:5; 番60路:3; 番禺85路:3; 番52路（地铁南村万博站 ⇄ 海大集团总站）:3; 番131路:3; 番133路高峰短线:2
增城1路,32,25,78.1,18,增城18路:18; 增城64路:12; 增城74路:9; 增城7路:9; 增城47路:8; 增城10路:8; 增城3路:7; 增城4路:6; 增城17路:5; 增城14路:4
番81路,32,25,78.1,13,番80路:13; 番111路:7; 番23路:7; 番52路（广州南站总站 ⇄ 石碁文化广场总站）:7; 番28B路:6; 番83路:6; 番79路:5; 番92路/番92路:4; 番93路:4; 番93路短线:4
增城36路,45,35,77.8,13,增城11A路:13; 增城39路:11; 增城11路:10; 增城9路:10; 增城29路:9; 增城34路:8; 增夜4路:7; 增城28路:6; 增城54路:5; 增城12路:5
南21路,18,14,77.8,8,南27路:8; 南1路B:4; 南沙21路支线:4; 南沙62路短线:4; 南沙1路:4; 南沙62路:3; 南25路:1; 南沙G1路:1; 南沙旅游1路:1
486路,9,7,77.8,7,夜59路:7; 225路:5; 62路:5; 134路:4; 215路:4; 80路:4; 夜21路:4; 17路:3; 71路:3; 729路:3
732路,18,14,77.8,7,473路:7; 727路:7; 650路:6; 976路:6; 724路:5; 夜83路:4; 726路:4; 979路:3; 733路:2; 655路（广东青年职业学院总站 ⇄ 良田保税路总站）:2
同成社区接驳专线,9,7,77.8,7,同成社区公交接驳专线:7; 广412路:4; 广夜111路:3; 670路:2; 佛275路:1; 广州-肇庆（广州芳村汽车客运站 ⇄ 肇庆长途站）:1
增城24路,9,7,77.8,6,增城45路:6; 增夜4路:5; 增城25路:3; 增城36路:3; 增城29路:2; 379路:2; 571A路:2; 571B路:2; 增城23路:2; 增城26路:2
345路,49,38,77.6,11,396路:11; 365路:11; 370路:10; 夜126路:10; 325路:9; 345A路:7; 夜60路:7; 333路:7; 夜81路:6; 945路:5
花19路,40,31,77.5,11,花6路:11; 花8路:7; 花85路:6; 花16路:6; 花5路:6; 花75A路:5; 花86路:5; 花21路:5; 花21路夜班:5; 花115路:5
753路,22,17,77.3,13,510路:13; 711路:10; 739路:9; 夜84路:9; 509路:8; 756路:8; 926路:7; 528路:7; 804路:7; 840路:7
广746路,22,17,77.3,10,429路循环线:10; 658A路:5; 佛沥18路:5; 里07路:5; 里07路高峰线:5; 790路:5; 广478路:5; 658B路:4; 广424路:4; 广205路:4
499路,22,17,77.3,8,545路:8; 669路:7; 777路:5; 901A路:4; 138路:4; 886路:3; 20路:3; 583路:3; 夜43路:3; 40路:2
增城43路,22,17,77.3,6,516路:6; 增城30路:6; 增城32路内环:5; 增城32路外环:5; 增城38路:5; 373路:4; 增城31路:4; 增城45路:4; 379路:3; 571A路:3
番22路,35,27,77.1,11,番22B路:11; 番20B路:5; 番19路（傍雁路临时公交总站 ⇄ 雅居乐总站）:5; 番3路:4; 番81路:4; 南沙65路:3; 南沙68路:3; 番100路:3; 番10路:3; 番142路:3
广369路,39,30,76.9,10,B28路:10; 夜41路:10; 莞86路:9; 莞616路:8; 莞619路:8; 516路:7; B29路:7; 夜73路:7; 453A路:6; 575路:6
从702路,13,10,76.9,9,从4路:9; 从4路快线:9; 从701路:3; 从11路:1; 从12路:1
番181路,13,10,76.9,8,番182路:8; 番185路:7; 番145路:6; 番96路:4; 公交地铁接驳专线4路:2; 番183路:2; 番191路:2; 番56路:2; 304路:2; 129路:1
花1路（白蟮塘 ⇄ 西岭村东）,13,10,76.9,8,夜129路:8; 花1路（人和地铁站 ⇄ 广州北站西广场）:8; 711路:8; 704路:6; 花11路:2; 花84路:2; 夜92路:1; 花17路联民村:1
增城28路,26,20,76.9,7,571B路:7; 增城32路内环:7; 增城32路外环:7; 增城36路:6; 增城39路:6; 增城25路:5; 379路:5; 571A路:5; 增城29路:5; 莞615路:5
南56路,13,10,76.9,5,40路/南40路:5; 南39路:5; 南沙12路:5; 南14路:4; 南沙32路:3; 南55路:3; 南沙G4路:3; 南46路:2; 南沙13路:2; 南沙20路:2
南沙旅游1路,13,10,76.9,4,南25路:4; 南沙G1路:3; 南沙24路:2; 南沙5路:2; 九王庙临时接驳线外环:2; 480路:1; 广974路:1; 南沙4路:1; 南沙54路:1; 南沙W2路:1
花86路,38,29,76.3,11,花23路:11; 花88路:11; 花88路短线:11; 花6路:6; 花19路:5; 花63路:5; 花63路短线:5; 花18路:5; 花89路:5; 花62路:4
番61路,21,16,76.2,14,番62路:14; 番77路:10; 番128路:7; 番59路:7; 番76路:6; 番66路:5; 番60路:4; 番禺85路:3; 番51路:3; 番53路:3
从807路,29,22,75.9,17,从808路:17; 从803路:16; 从夜1路:11; 从5路:11; 从5路长线:10; 从806路:7; 从802路:4; 从903路:4; 从804路:3; 从809路:3
从808路,28,21,75,17,从803路:17; 从807路:17; 从5路:12; 从5路长线:12; 从夜1路:12; 从806路:8; 从802路:5; 从804路:4; 从809路:4; 花84路:3
从化13路,40,30,75,16,从19路密石班车:16; 从906路:11; 从701路:11; 从14路:10; 从19路:10; 从1路东线:8; 从11路:7; 从12路:7; 从3路:7; 从905路:6
南39路,36,27,75,15,南沙49路:15; 40路/南40路:13; 南45路:6; 南沙65路:6; 南沙67路:6; 南56路:5; 南42路:5; 南沙G2路:4; 南沙40路短线:4; 南沙58路:4
番8路,20,15,75,13,番13路:13; 番91路:12; 番11路:10; 301路:9; 番150B路:9; 番5路:8; 番5路长线:8; 番97路:8; 番99路:8; 番12路旅游专线:7
从809路,20,15,75,11,从804路:11; 从805路:11; 从5路:4; 从5路长线:4; 从806路:4; 从808路:4; 从803路:3; 从807路:3; 从夜1路:3; 花84路:3
725路,20,15,75,10,709路:10; 714路:9; 夜116路:9; 650路:8; 716路:7; 738路:4; 655路（广东青年职业学院总站 ⇄ 良田保税路总站）:4; 734路:4; 979路:4; 从5路长线:2
662路,20,15,75,9,夜75路:9; 980路环线:6; 980路:6; 32路:5; 58A路:5; 58路:5; 176路:5; 21路:5; 274路:5; 278路:5
南沙W1B路,12,9,75,9,南沙W1A路:9; 南沙12路:6; 南沙G2路:5; 南53路:5; 南沙31路A线:3; 南沙31路B线:3; 南沙38路:3; 南沙G3路:3; 南27路:2; 南沙4路:2
736路,16,12,75,8,夜86路:8; 837路:7; 751路:6; 427路:4; 夜119路:3; 652路:3; 656路:2; 793路:2; 510路:2; 753路:2
767路,16,12,75,8,182路:8; 8路:7; 247路:5; 24路:5; 夜6路:5; 823路:5; 488路:5; 964路:5; 93路:3; 229路:3
南沙20路,24,18,75,8,南沙31路A线:8; 南沙31路B线:7; 南沙12路:5; 南沙38路:5; 南55路:4; 南沙13路:4; 南沙G4路:4; 南沙G2路:4; 南53路:4; 南39路:3
莞615路,20,15,75,8,莞609路:8; 增城75路:6; 379路:5; 571A路:5; 571B路:5; 增城28路:5; 增城26路:4; 莞75路:3; 莞G7路:3; 增城32路内环:3
492路,16,12,75,7,84路:7; 775路:7; 39路:6; 夜10路:6; 30路:5; 84A路:3; 夜71路:3; 345A路:2; 346路:2; 564路:2
716路,24,18,75,7,709路:7; 725路:7; 734路:6; 714路:5; 夜116路:5; 花16路:4; 708路:3; 花84路:3; 650路:3; 655路（广东青年职业学院总站 ⇄ 良田保税路总站）:3
番60路,12,9,75,7,番51路:7; 番53路:7; 番61路:4; 番62路:4; 番禺85路:4; 番66路:3; 番77路:3; 番63路:2; 番128路:1; 番59路:1
南17路,8,6,75,6,南55路:6; 南沙G4路:6; 40路/南40路:5; 南10路:5; 南沙10路短线:5; 南沙12路:5; K981路:1; 南39路:1; 南56路:1; 南沙13路:1
番76路,8,6,75,6,番128路:6; 番59路:6; 番61路:6; 番62路:6; 番51路:1; 番53路:1; 番60路:1; 番63路:1
永和便民02线,8,6,75,5,夜60路:5; 330路:3; 341路:2; 夜52路:2; 365路:1; 394路:1; B31路:1; 327A路:1; 330A路:1; 396路:1
番88路,8,6,75,5,番163A路:5; 番163B路:5; 公交地铁接驳专线9路:3; 番10路:2; 番186路:2; 129路:2; 番52路（广州南站总站 ⇄ 石碁文化广场总站）:2; 番89路:2; 303A路:1; 地铁接驳10A线:1
从912路,4,3,75,3,从502路:3; 从501路:1; 从503路:1; 从504路:1; 从505路:1; 从506路:1; 从913路:1
从913路,4,3,75,3,从503路:3; 从501路:2; 从502路:1; 从504路:1; 从505路:1; 从506路:1; 从912路:1
夜125路,4,3,75,3,353路:3
番162B路高峰快线,4,3,75,3,番162B路:3; 番151路:2; 番夜4路:2; 番111路:1; 番93路:1; 番微公交8线:1
花103路,8,6,75,3,花25路:3; 花6路:2; 花85路:2; 715路:1; 夜92路:1; 花31B路:1; 花62路:1; 花81路（三水大塘中心广场 ⇄ 广州北站）:1; 19路直达快线:1; 花109路:1
金沙洲2号线,4,3,75,3,658A路:3; 658B路:3; 广746路:1
南沙K1路,4,3,75,2,南沙K2路:2; 南沙K8路:2; 136路:1; 311路:1; 39路:1; 517路:1; 夜133路:1; 夜68路:1; 广283路班车:1; 高峰快线42路:1
337路,27,20,74.1,9,569路:9; 367路:9; 夜49路:9; 575路:9; 339路:8; 948路:7; 571A路:6; 373路:6; B24路:6; 夜98路:6
佛276路/佛276,46,34,73.9,8,广夜54路:8; 佛279路:7; 佛沥18路:7; 夜122路:7; 广424路:7; 广283路班车:7; 佛202路:6; 653路:6; 42路:6; 885路:6
花37路,23,17,73.9,5,花10路:5; 703路:5; 花75路:4; 花84路:4; 花1路（人和地铁站 ⇄ 广州北站西广场）:3; 705路:3; 花19路:3; 花18路:3; 花17路联民村:2; 花75A路:2
735路,19,14,73.7,9,797路:9; 728路:6; 471路:4; 659路:4; 563路:3; 夜76路:3; 828路:3; 夜123路:2; 246路:1; 504路:1
从701路,34,25,73.5,11,从化13路:11; 从4路:9; 从4路快线:9; 从19路:7; 从11路:5; 从12路:5; 从20路:5; 从14路:4; 从19路密石班车:3; 从702路:3
增城61路,15,11,73.3,9,增城16路:9; 增城60路:8; 增城62路:7; 旅游专线1路:3; 增城15路:2; 增城15路快线:2; 增城41路:2; 增城59路:2; 增城83路:2; 增城42路:1
747路,15,11,73.3,8,246路:8; 504路:3; 862路:3; 夜74路:3; 792A路:2; 754路:2; 126路:1; 136路:1; 179路:1; 560路:1
475路,15,11,73.3,6,32路:6; 58A路:6; 58路:6; 975路:6; 271路:5; 夜122路:5; 广424路:5; 夜105路:5; 夜77路:5; 268路:4
增城20路,15,11,73.3,5,增城21路:5; 增城46路:5; 增城44路:5; 增城32路内环:3; 增城32路外环:3; 增城64路:3; 增城22路:3; 增城22路/增22路:3; 增夜6路:2; 新塘万达1路:2
花89路,26,19,73.1,12,花88路:12; 花88路短线:10; 花25路:7; 花62路:5; 花86路:5; 715路:4; 夜92路:4; 花23路:3; 花80路:3; 花83路:3
392路,26,19,73.1,8,327路:8; 944路:5; 943路:4; 夜104路:4; 327A路:4; 345路:4; 354路:4; 396A路环线:4; 夜51路:3; 942路:3
828路,26,19,73.1,6,797路:6; 510路:6; 夜123路:6; 985路:5; 724路:5; 707路:5; 711路:5; 715路:5; 夜129路:5; 529路:4
增城37路,37,27,73,11,增城22路:11; 增城22路/增22路:11; 571路:10; 增城25路:8; 增城39路:7; 增城44路:6; 增城26路:6; 增城9路:5; 增城23路:5; 增城29路:4
花25路,37,27,73,9,花62路:9; 715路:7; 花81路（三水大塘中心广场 ⇄ 广州北站）:7; 花89路:7; 花8路:6; 花88路:6; 花16路:5; 花31路:5; 夜92路:5; 花88路短线:5
番183路,22,16,72.7,13,番17路:13; 番17路长线:13; 番13路:11; 番25路:11; 公交地铁接驳专线4路:9; 311路:8; 公交地铁接驳专线5路:8; 夜133路:8; 番186路:7; 番53路:7
南36路,33,24,72.7,12,番150路:12; 南50路:9; 南57路:8; 南沙70路:7; 37路/南37路:6; 南34路:6; 南52路:6; 南沙38路:6; 南35路:5; 南沙35路支线:4
473路,22,16,72.7,7,732路:7; 733路:5; 727路:5; 976路:4; 夜83路:4; 734路:4; 650路:3; 724路:3; 979路:3; 655路（广东青年职业学院总站 ⇄ 良田保税路总站）:2
480路,11,8,72.7,4,530路:4; 661路:4; 夜77路:4; 176路:3; 179路:3; 198路:3; 268路:3; 274路:3; 46路:3; 523A路:3
992路,11,8,72.7,4,967路:4; 812路:4; 469路:2; 221路:2; 527路:2; 527路机电班车:2; 夜120路:2; 夜55路:2; 79路:2; 夜43路:2
786路,11,8,72.7,3,488路:3; 767路:3; 182路:2; 462路:2; 469路:2; 583路:2; 761路:2; 208路:1; 24路:1; 463路:1
926路,29,21,72.4,8,804路:8; 739路:7; 753路:7; 夜84路:7; 509路:6; 756路:6; 924路:6; 夜62路:6; 510路:6; 528路:6
从904路,18,13,72.2,13,从5路:13; 从5路长线:13; 从夜1路:13; 从301路:3; 从1路西线:2; 从3路:2; 从901路:2; 从905路:2; 从302路:1; 从10路:1
广789路,18,13,72.2,8,佛沥18路:8; 夜112路:6; 653路:4; 佛276路/佛276:2; 里07路:2; 里07路高峰线:2; 广205路:2; 429路循环线:1; 42路:1; 885路:1
南沙16路,18,13,72.2,7,南沙9路团结围线:7; 南沙9路缸瓦沙线:6; 南25路:5; 南沙2路支线:1; 南沙G1路:1
497A路,18,13,72.2,4,30路:4; 345A路:4; 494路:4; 564路:4; 83路:4; 夜100路:4; 84路:3; 346路:3; 491路:3; 497路:3
番52路（地铁南村万博站 ⇄ 海大集团总站）,25,18,72,12,番17路:12; 302A路:11; 公交地铁接驳专线8路:11; 番17路长线:11; 番30路:11; 番53路:11; 番71路:7; 番75路:7; 番10路:4; 番186路:4
佛279路,32,23,71.9,12,广260路:12; 佛277路:12; 广123路:7; 佛276路/佛276:7; 广286路:6; 沥12B路:6; 佛250路:6; 广132路:5; 广夜58路:5; 佛236路:5
佛277路,35,25,71.4,19,佛250路:19; 佛279路:12; 广260路:10; 佛236路:7; 佛251路:7; 佛263路:7; 佛263路短线:7; 广123路:6; 沥12B路:6; 佛276路/佛276:5
南10路,21,15,71.4,8,南沙10路短线:8; 40路/南40路:7; 南55路:7; 南沙12路:7; 南沙G4路:7; 南17路:5; 南28路:4; 南沙G2路:3; 南沙9路团结围线:3; 南沙9路缸瓦沙线:3
增城79路,14,10,71.4,8,增城15路:8; 增城6路:7; 增城80路:4; 增城2路:4; 增城48路:3; 增城16路:3; 增城5路:2; 增城11路:2; 增城12路:2; 增城13路:2
445路环线,21,15,71.4,6,79路:6; 769路/769路快线:6; 787路:6; 19路:6; 770路:6; 广277路:5; 417路:4; 995路:4; 285路:4; 410路:4
770路,14,10,71.4,6,445路环线:6; 19路:5; 285路:4; 410路:4; 787路:4; 广275路:4; 桂12路:4; 桂21路:4; 71路:4; 广277路:3
增城49路,14,10,71.4,6,增城11路:6; 增城13路:6; 增城2路:6; 增城4路:6; 增城12路:5; 增城50路:4; 增城81路:4
增城50路,14,10,71.4,6,增城50A路:6; 增城49路:4; 增城11路:1; 增城12路:1; 增城13路:1; 增城2路:1; 增城81路:1
花105路,14,10,71.4,6,花75路:6; 花9路:6; 花23路:5; 花31路:4; 715路:4; 花都113路:3; 701路:3; 花10路:3; 花62路:3; 花63路:3
453路环线,14,10,71.4,5,516路:5; 567路:4; 571B路:4; 572路:4; 夜49路:4; B28路:4; 夜41路:4; 广369路:4; 440路:4; 569路:3
454路环线,14,10,71.4,5,321路:5; 579路:3; 940路:3; 334路:2; 340路:2; 374路:2; 439路:2; 450路:2; 516路:2; 566路:2
534路,14,10,71.4,5,442路:5; 443路:5; 345路:5; 352A路:3; 夜130路:3; 441路:2; 444路:2; 458路:2; 新龙镇02线上午:1; 新龙镇02线下午:1
从401路,7,5,71.4,5,从化921路:5; 从402路:2; 从3路:1; 从1路西线:1
番86路高峰直达短线,7,5,71.4,3,番86路:3; 番150B路:2; 番21B路:2; 129路:1; 303A路:1; 公交地铁接驳专线9路:1; 地铁接驳10A线:1; 夜102路:1; 番109B路:1; 番109路:1
花都116路,7,5,71.4,3,花30路:3; 707路:3; 花22路:2; 花11路:2; 花21路:1; 花21路夜班:1; 701路:1
709路,17,12,70.6,10,725路:10; 714路:7; 夜116路:7; 716路:7; 650路:4; 655路（广东青年职业学院总站 ⇄ 良田保税路总站）:4; 734路:4; 979路:4; 高峰快线72路:2; 726路:2
南47路,17,12,70.6,9,番142路:9; 南沙65路:8; 南46路:6; 南48路:5; 312路（沙坑牌坊站 ⇄ 顺德客运总站）:4; 40路/南40路:3; 南39路:3; 南42路:3; 南45路:3; 南沙40路短线:3
南沙W1A路,17,12,70.6,9,南沙W1B路:9; 南53路:6; 南沙12路:6; 南沙G2路:5; 南27路:4; 南沙31路A线:4; 南沙31路B线:4; 南沙4路:4; 南沙32路:4; 南34路:4
增城73路,17,12,70.6,8,增城15路:8; 增城16路:8; 增城19路:7; 增城58路:7; 增城51路:3; 增城15路快线:2; 增城41路:2; 旅游专线1路:1; 增城6路:1; 增城70路:1
491路,27,19,70.4,12,497路:12; 494路:10; 564路:10; 夜100路:10; 901路:8; 83路:8; 345A路:7; 夜53路:4; 夜68路:4; B26路:3
827路,47,33,70.2,8,650路:8; 728路:7; 夜126路:7; 758路:6; 726路:6; 夜131路:4; 342路:3; 350路:3; 351路:3; 751路:2
341路,20,14,70,8,夜52路:8; 夜60路:5; 394路:5; 455路:4; 330A路:4; 379路:3; 永和便民01线:3; B31路:3; 446路:3; 948路:2
781路,20,14,70,8,89路:8; B21路:8; 194路:7; 131A路:5; 131B路:4; 225路:4; 811路:4; 57路:3; 广12路:3; 44路:3
404路,10,7,70,7,夜64路:7; 497路:2; B22路:1; B26路:1; B4路:1; 夜51路:1; 夜93路:1; B4B路:1
南沙35路支线,10,7,70,7,南35路:7; 南沙70路:7; 37路/南37路:4; 南36路:4; 南57路:4; 南沙38路:4; 番11路:4; 南48路:3; 番140路:3; 番141路:3
734路,20,14,70,6,716路:6; 714路:6; 夜116路:6; 650路:5; 979路:5; 473路:4; 709路:4; 725路:4; 夜118路:4; 655路（广东青年职业学院总站 ⇄ 良田保税路总站）:3
470路,10,7,70,5,981路:5; 198路:4; 夜87路:4; 101路:4; 商务专线3路:4; 278路:3; 夜105路:3; 124路:2; 181路:2; 182路:2
增城83路,10,7,70,5,增城42路:5; 增城59路:3; 增城15路:2; 增城15路快线:2; 增城41路:2; 增城60路:2; 增城61路:2; 增城62路:2; 旅游专线1路:2; 增城16路:1
空港快线2号线夜班,10,7,70,5,空港快线2线:5; 空港快线2号线:4; B2A路:4; B2路:4; 夜25路:4; 夜41路:4; 280路:3; 810路:3; 886路:3; 夜105路:3
增城41路,33,23,69.7,9,增城15路:9; 增城19路:9; 增城16路:8; 增城70路:8; 增城69路:7; 增城15路快线:5; 增城58路:3; 增城59路:2; 增城60路:2; 增城61路:2
番71路,13,9,69.2,9,番30路:9; 302A路:8; 公交地铁接驳专线8路:8; 番17路:8; 番17路长线:8; 番53路:8; 番52路（地铁南村万博站 ⇄ 海大集团总站）:7; 番75路:6; 公交地铁接驳专线9路:2; 番10路:2
430路,13,9,69.2,8,383路:8; 夜65路:8; 长洲岛1号线:6; 长洲岛2号线:5; 361路:1
番59路,26,18,69.2,7,番128路:7; 番61路:7; 番62路:7; 番76路:6; 番79路:5; 番51路:3; 公交地铁接驳专线8路:3; 番17路长线:2; 番53路:1; 番60路:1
番57路,13,9,69.2,6,番183路:6; 番13路:5; 番17路:5; 番17路长线:5; 番25路:5; 211路:3; 311路:3; 夜133路:3; 番53路:3; 305路:2
花4路,13,9,69.2,5,夜129路:5; 704路:5; 花83路:4; 花16路:4; 花17路联民村:4; 花84路:4; 711路:3; 花85路:2; 花17路C:1; 花32路:1
番75路,29,20,69,8,番53路:8; 番72路:7; 302A路:7; 公交地铁接驳专线8路:7; 番17路:7; 番52路（地铁南村万博站 ⇄ 海大集团总站）:7; 番17路长线:6; 番30路:6; 番71路:6; 番51路:5
花85路,45,31,68.9,13,花16路:13; 花84路:12; 711路:9; 花8路:9; 花75A路:7; 花32路:6; 花19路:6; 花31路:5; 708路:4; 夜106路:4
沥12B路,19,13,68.4,11,佛236路:11; 佛251路:11; 佛263路:11; 佛263路短线:11; 佛244B路:7; 广123路:7; 广260路:7; 佛250路:6; 佛277路:6; 佛279路:6
南60路,19,13,68.4,9,南沙68路:9; 南44路:8; 南41路:5; 南45路:5; 南43路:5; 南沙G3路:4; 南68路快线:4; 南沙33路:3; 番6路:1; 番7路:1
增城71路,19,13,68.4,8,增城2路:8; 科教城1路:6; 370路:5; 科教城2路:5; 增城11路:2
826路,19,13,68.4,5,650路:5; 343路:4; 夜131路:4; 726路:3; 725路:1; 高峰快线72路:1; 夜126路:1; 457路:1
番148路,44,30,68.2,20,番160路:20; 番10路:10; 301路:9; 番6路:9; 南沙65路:8; 南沙68路:8; 番142路:8; 番92路/番92路:8; 番97路:8; 番99路:8
从12路,50,34,68,32,从11路:32; 从19路:19; 从14路:13; 从4路:12; 从4路快线:12; 从607路:9; 从化13路:7; 从20路:6; 从19路密石班车:6; 从701路:5
663路,28,19,67.9,10,924路:10; 夜62路:10; 656路:9; 799路:9; 665路:6; 539路:6; 嘉禾望岗地铁站便民车3线:5; 671路:5; 76路:4; 798路:4
增城17路,28,19,67.9,9,增城63路:9; 增城64路:6; 增城1路:5; 增城3路:4; 增城47路:4; 增城9路:4; 增城67路:3; 增城18路:3; 增城9路快线:3; 增城72B路:2
增城74路,21,14,66.7,11,增城18路:11; 增城1路:9; 增城47路:5; 增城4路:5; 增城7路:5; 增城64路:3; 增城10路:2; 增城3路:2
高峰快线72路,21,14,66.7,11,714路:11; 夜116路:10; 花84路:6; 从805路:3; 从806路:3; 从5路长线:2; 花85路:2; 709路:2; 725路:1; 826路:1
417路,12,8,66.7,6,769路/769路快线:6; 广277路:5; 995路:5; 121路:4; 445路环线:4; 52路:4; 64路:4; 夜42路:4; 79路:4; 410路:3
425路,27,18,66.7,6,夜119路:6; 665路:5; 743路:5; 539路:5; 793路:5; 126路:5; 夜90路:5; 831路:4; 夜35路:4; 251路:4
增城80路,15,10,66.7,6,增城11路:6; 增城12路:6; 增城79路:4; 增城48路:4; 增城5路:3; 增城13路:3; 增城18路:3; 增城47路:3; 增城2路:2; 增城14路:2
增城82路,9,6,66.7,6,增城14路:6; 增城9路:6; 增城65路:5; 增城64路:4; 增城9路快线:4; 增城78路:4; 增城9A路/9A路快线:3; 增城15路快线:1; 增城16路:1; 增城17路:1
番19路（君华香柏华府 ⇄ 竹山总站）,15,10,66.7,6,番19路（傍雁路临时公交总站 ⇄ 雅居乐总站）:6; 番9路:4; 番9路长线:4; 番140路:4; 番93路:4; 番93路短线:4; 番147路:4; 番146路:3; 番21B路:3; 番51路:3
768路,12,8,66.7,4,192路:4; 14路:4; 823路:4; 88路:4; 夜30路:4; 夜8路:4; 25路:4; 44路:3; 5路:3; 93路:3
从914路,6,4,66.7,4,从601路:4; 从602路:1; 从604路:1; 从605路:1; 从606路:1; 从608路:1
南沙31路支线,9,6,66.7,4,南53路:4; 南沙70路:3; 南61路:2; 南沙12路:2; 番141路:2; 南沙8路:2; K981路:1; 南27路:1; 南56路:1; 南64路快线:1
番禺85路,6,4,66.7,4,番60路:4; 番61路:3; 番62路:3; 番66路:3; 番77路:3; 番51路:3; 番53路:3; 番133路高峰短线:1; 番77路高峰快线:1; 番87路:1
花11路,12,8,66.7,4,704路:4; 707路:3; 701路:3; 711路:2; 夜129路:2; 花1路（人和地铁站 ⇄ 广州北站西广场）:2; 花1路（白蟮塘 ⇄ 西岭村东）:2; 715路:2; 夜92路:2; 花都116路:2
花81路（珊瑚 ⇄ 赤坭）,12,8,66.7,4,花81路（三水大塘中心广场 ⇄ 广州北站）:4; 花68路:4; 花68路白坭班车:4; 花39路短线:3; 花15路:2; 花2路:2; 花68路短线:2; 花88路:2; 花115路:1
460A路,6,4,66.7,3,11路:3; 460路:2; 968路:2; 121A路:1; 121路:1; 131A路:1; 131B路:1; 182路:1; 24路:1; 8路:1
南22路,6,4,66.7,3,南14路:3; 南57路:2; 南48路:1
番87路,6,4,66.7,3,番51路:3; 番53路:3; 番133路高峰短线:1; 番60路:1; 番61路:1; 番62路:1; 番66路:1; 番77路:1; 番77路高峰快线:1; 番禺85路:1
409路,3,2,66.7,2,257路:2; 297路:2; 30路:2; 39路:2; 46路:2; 503路:2; 54路:2; 84A路:2; 84路:2; 884路:2
462路,9,6,66.7,2,75路:2; 766路环线:2; 991路:2; 786路:2; 761路:1; 129路:1; 273路:1; 287路:1; 35路:1; 5路:1
785路,9,6,66.7,2,136路:2; 140路:2; 201路:2; 246路:2; 502路:2; 夜74路:2; 179路:2; 504路:2; 560路:2; 833路:2
南64路快线,3,2,66.7,1,301A路:1; 303A路:1; 312路（滘口汽车站总站 ⇄ 祈福新邨总站）:1; K201路:1; 佛211路:1; 佛K330路/K330路快线:1; 南沙K7路:1; 夜102路:1; 夜20路:1; 夜61路:1
从20路,38,25,65.8,20,从4路:20; 从4路快线:19; 从5路:13; 从夜1路:13; 从5路长线:10; 从19路:9; 从夜3路:8; 从1路东线:7; 从21路长线:7; 从7路:7
佛沥18路,38,25,65.8,9,里07路:9; 里07路高峰线:9; 广789路:8; 佛276路/佛276:7; 广132路:6; 广夜58路:6; 广123路:6; 佛里07B路:5; 广746路:5; 广277路:5
从805路,26,17,65.4,11,从809路:11; 从804路:7; 714路:6; 夜116路:6; 从5路长线:5; 高峰快线72路:3; 650路:3; 738路:3; 从802路:2; 725路:2
莞618路,26,17,65.4,9,莞619路:9; 莞616路:9; 莞86路:8; 363路:4; 440路:4; 516路:3; B28路:3; 夜41路:3; 广369路:3; 453A路:3
从1路东线,40,26,65,13,从905路:13; 从1路西线:12; 从3路:11; 从化13路:8; 从14路:7; 从19路:7; 从19路密石班车:7; 从7路:7; 从20路:7; 从4路:7
科学城3号交通专线/K3路,20,13,65,9,夜51路:9; 573路:8; 391路:6; 336路:5; 325路:4; 355路:4; 494路:4; 581路:4; 324路:3; 371路:3
从405路,17,11,64.7,5,从10路:5; 从9路:5; 从18路:4; 从901路:4; 从902路:2; 从化922路:2; 从403路:1; 从404路:1; 从406路:1; 从908路:1
440路,17,11,64.7,4,453路环线:4; 363路:4; 广369路:4; 莞616路:4; 莞618路:4; 莞619路:4; 莞86路:4; 572路:3; B29路:3; 516路:3
增城63路,14,9,64.3,9,增城17路:9; 增城67路:3; 增城72B路:2; 增城42路:1; 增城66路:1; 增城68路:1; 增城72A路:1
971路,14,9,64.3,8,510路:8; 724路:8; 夜123路:8; 707路:5; 715路:5; 夜129路:5; 711路:4; 828路:4; 夜92路:4; 704路:4
增城52路,14,9,64.3,6,增城51路:6; 增城54路:6; 增城11A路:4; 增城11路:4; 增城35A路:2; 增城35路:2; 增夜4路:2; 增城36路:2; 370路:1; 增城89路:1
桂09路,14,9,64.3,6,广275路:6; 桂23路:6; 佛232路:5; 19路:4; 商务专线4路:4; 525路:3; 桂12路:3; 桂21路:3; 285路:3; 787路:3
番66路,14,9,64.3,5,番61路:5; 番62路:5; 番77路:5; 番72路:3; 番60路:3; 番禺85路:3; 番51路:2; 番53路:2; 番75路:1; 番133路高峰短线:1
花2C路,14,9,64.3,4,花2B路:4; 花24路:4; 花15路:3; 花2路:2; 花5路:2; 花19路:1; 花37路:1; 花15B路:1
番33路,22,14,63.6,9,番51路:9; 番2路:6; 301路:4; 番11路:4; 番13路:4; 番150B路:4; 番8路:4; 番91路:4; 番96路:4; 番97路:4
增城57路,11,7,63.6,7,增城55路:7; 增城76路:6; 莞76路:6; 增城56路:5; 增城10路:1; 增城10路快线:1; 增城34路:1; 增城34路快线:1; 增夜2路:1
番28路,22,14,63.6,7,番28B路:7; 番19路（傍雁路临时公交总站 ⇄ 雅居乐总站）:5; 番21B路:5; 番16路:4; 番23路:3; 番52路（广州南站总站 ⇄ 石碁文化广场总站）:3; 南沙54路:3; 南沙65路:3; 南沙68路:3; 番142路:3
333A路,11,7,63.6,6,346路:6; 449路:6; 391路:3; 324路:2; 夜60路:2; 节假日公交专线7路:1; 564A路:1; 901路:1
花83B路,22,14,63.6,6,花17路联民村:6; 花63路:6; 花17路A:5; 花83路:2; 花63路短线:2; 704路:1; 花23路:1; 花25B路:1; 花86路:1; 花88路:1
350路,11,7,63.6,4,456路:4; 456路环线:4; 夜131路:3; 650路:3; 827路:3; 夜126路:3; 351路:3; 342路:2; 362路:2; 457路:1
空港快线3线,11,7,63.6,4,空港快线2号线:4; 空港快线2线:4; 5路:3; 夜22路:3; 机场快线7B线:2; 机场快线7号C线:2; 180路:2; 244A路:2; 244路:2; 253路:2
973路,30,19,63.3,8,246路:8; 346路:7; 夜74路:7; 帽峰山旅游专线1线:6; 504路:6; 471路:4; 758路:4; 976路:4; 985路:4; 夜86路:4
654路,19,12,63.2,8,843路:8; 977路:8; 509路:7; 706路早间短线:6; 474路:5; 523路:5; 837路:4; 713路:4; 706路:4; 722路:4
番83路,19,12,63.2,8,番72路:8; 番79路:8; 番81路:6; 番80路:5; 番23路:4; 番52路（广州南站总站 ⇄ 石碁文化广场总站）:4; 番111路:3; 番148路:2; 番160路:2; 番28B路:2
南28路,19,12,63.2,6,南沙9路团结围线:6; 南沙9路缸瓦沙线:6; 南10路:4; 南30路:3; 南39路:2; 南沙G2路:2; 南沙24路:2; 南沙10路短线:1; 南25路:1; 南沙5路:1
从6路,35,22,62.9,21,从6路支线:21; 从901路:18; 从18路:17; 从902路:17; 从3路夜班:6; 从4路:6; 从夜3路:5; 从4路快线:5; 从5路:5; 从5路长线:5
佛275路,24,15,62.5,9,佛263路:9; 佛278路:5; 佛211路:3; 佛244B路:3; 佛263路短线:3; 广412路:3; 广夜111路:3; 990路:2; 552路:2; 佛244路:2
增城60路,16,10,62.5,8,增城62路:8; 增城61路:8; 增城16路:7; 增城15路:2; 增城15路快线:2; 增城41路:2; 增城59路:2; 增城83路:2; 旅游专线1路:2; 增城42路:1
K201路,16,10,62.5,6,佛211路:6; 桂23路:3; 桂11路:3; 佛232路:1; 广275路:1; 广275路出场短线:1; 301A路:1; 303A路:1; 312路（滘口汽车站总站 ⇄ 祈福新邨总站）:1; 佛K330路/K330路快线:1
87路,16,10,62.5,6,583路:6; 530路:4; 19路:4; 787路:4; 220路:3; 288路:3; 29路:3; 303路:3; 309路:3; 31路:3
460路,16,10,62.5,5,211路:5; 11路:4; 夜12路:4; 121A路:3; 121路:3; 131A路:3; 131B路:3; 182路:3; 24路:3; 8路:3
花81A路,8,5,62.5,5,花88路:5; 花88路短线:5; 花80路:4; 花23路:1; 花89路:1; 花2B路:1
458路,13,8,61.5,5,443路:5; 444路:5; 365路:3; 441路:2; 442路:2; 534路:2
965路,13,8,61.5,5,782路:5; 812路:5; 838路:4; 780路:4; 966路:3; 414路:3; 552路:3; 74路:3; 19路:3; 206路:3
增城58路,18,11,61.1,9,增城19路:9; 增城73路:7; 增城15路:7; 增城16路:7; 增城70路:3; 增城69路:3; 增城41路:3; 增城15路快线:2; 旅游专线1路:2; 增城6路:1
从8路,18,11,61.1,5,从20路:5; 从16路:4; 从21路长线:4; 从7路:4; 从5路:4; 从1路东线:4; 从3路:4; 从夜3路:3; 从4路:3; 从901路:3
655路（广东青年职业学院总站 ⇄ 良田保税路总站）,23,14,60.9,12,979路:12; 650路:10; 724路:5; 709路:4; 725路:4; 726路:3; 714路:3; 716路:3; 734路:3; 夜116路:3
南59路,23,14,60.9,10,40路/南40路:10; 南沙40路短线:10; 南沙65路:6; 南沙58路:4; 番142路:4; 南45路:4; 南沙67路:4; 南47路:3; 南46路:2; 南48路:2
佛211路,28,17,60.7,6,佛244B路:6; 佛263路短线:6; 佛278路:6; K201路:6; 佛263路:5; 桂11路:5; 佛275路:3; 佛236路:3; 佛251路:3; 佛202路:2
佛232路,33,20,60.6,13,广275路:13; 广275路出场短线:11; 桂23路:9; 商务专线4路:7; 525路:5; 桂09路:5; 19路:4; 181路:4; 222路:4; 69路:4
佛263路,40,24,60,18,佛263路短线:18; 佛236路:16; 佛251路:16; 佛244B路:13; 佛278路:11; 沥12B路:11; 佛275路:9; 佛250路:7; 佛277路:7; 广123路:6
南41路,20,12,60,11,南沙68路:11; 南45路:6; 南60路:5; 南44路:4; 南43路:3; 南68路快线:3; 南沙33路:3; 南沙G3路:2; 307路/佛307路:1; 番6路:1
738路,25,15,60,10,979路:10; 夜118路:9; 650路:5; 714路:5; 夜116路:5; 725路:4; 从5路长线:3; 从805路:3
佛沥12高峰线,20,12,60,10,沥12路:10; 广281路:8; 佛244路:6; 广277路:3; 广969路:3; 广夜67路:3; 沥12B路:3; 佛200路:2; 佛279路:2; 广123路:2
从605路,5,3,60,2,从11路:2; 从12路:2; 从607路:2; 从606路:2; 从608路:2; 从601路:1; 从602路:1; 从604路:1; 从914路:1
从908路,5,3,60,2,从10路:2; 从911路:2; 从407路:1; 从403路:1; 从404路:1; 从405路:1; 从406路:1; 从909路:1
南沙2路支线,5,3,60,2,南沙21路支线:2; 南沙16路:1; 南25路:1
佛244B路,32,19,59.4,15,佛278路:15; 佛263路短线:14; 佛263路:13; 佛236路:11; 佛251路:11; 沥12B路:7; 佛211路:6; 佛275路:3; 佛250路:3; 佛277路:3
南沙15路,22,13,59.1,7,番141路:7; 南14路:5; 南55路:5; 南沙8路:5; 南沙49路:4; 南沙33路:4; 南61路:3; 南夜1路:3; 南沙夜1路:3; 南沙12路:3
佛278路,51,30,58.8,15,佛244B路:15; 佛263路短线:12; 佛244路:12; 佛263路:11; 佛236路:9; 佛251路:9; 广419路:8; 佛202路:8; 沥17B路:8; 沥17B路区间:8
南30路,17,10,58.8,7,南沙9路团结围线:7; 南沙9路缸瓦沙线:7; 南28路:3; 南25路:3; 南10路:3; 南39路:2; 南沙G2路:1; 南沙21路支线:1; 南沙旅游1路:1
增城51路,17,10,58.8,6,增城52路:6; 增城11A路:5; 增城11路:5; 增城54路:3; 增城36路:3; 增城73路:3; 增城35A路:2; 增城35路:2; 增夜4路:2; 370路:1
嘉禾望岗地铁站便民车3线,17,10,58.8,5,嘉禾5线:5; 663路:5; 804路:3; 986路:3; 807路:2; 656路:1; 799路:1; 793路:1; 夜119路:1; 509路:1
花15路,29,17,58.6,8,花5路:8; 花2路:6; 花68路白坭班车:6; 花68路短线:6; 花88路:6; 花68路:5; 花115路:5; 花15B路:4; 花39路短线:3; 花2C路:3
同成社区公交接驳专线,12,7,58.3,7,同成社区接驳专线:7; 广412路:4; 广夜111路:3; 670路:2; 佛275路:1; 广州-肇庆（广州芳村汽车客运站 ⇄ 肇庆长途站）:1
科教城1路,12,7,58.3,7,增城2路:7; 增城71路:6; 增城11路:1; 370路:1; 科教城2路:1
南52路,24,14,58.3,6,南35路:6; 南36路:6; 南沙70路:6; 番11路:6; 南50路:6; 南48路:5; 番141路:5; 37路/南37路:4; 南沙38路:4; 番140路:4
帽峰山旅游专线1线,12,7,58.3,6,973路:6; 太和1线便民车专线:2; 246路:2; 504路:2; 夜74路:2; 471路:1; 529路:1; 563路:1; 751路:1; 758路:1
477路,12,7,58.3,5,广424路:5; 259路:4; 17路:3; 夜21路:3; 夜2路:3; 175路:3; 925路:3; 198路:2; 521路:2; 527路机电班车:2
番4B路,38,22,57.9,7,番9路:7; 番13路:6; 番8路:6; 番10路:6; 番143路:6; 番16路:6; 番108B路:6; 番129路:6; 番9路长线:6; 番97路:5
从504路,14,8,57.1,7,从506路:7; 从601路:1; 从501路:1; 从502路:1; 从503路:1; 从505路:1; 从912路:1; 从913路:1
机场快线7B线,7,4,57.1,4,机场快线7号C线:4; 机场快线7A线:2; 空港快线2号线:2; 空港快线2线:2; 空港快线3线:2
从907路,7,4,57.1,3,从403路:3; 从404路:3; 从407路:3; 从408路:3; 从10路:1; 从909路:1; 从911路:1
南沙23路A线,7,4,57.1,3,南沙23路:3; 南39路:2; 南55路:2; 南沙13路:2; 南沙20路:2; 南沙23B路:2; 南沙5路:2; 南沙G1路:2; 南沙G2路:2; 南沙G4路:2
增城90路,7,4,57.1,3,增城14路:3; 增城13路:2; 增城39路:2; 增城37路:2; 增城34路:1
番131路,23,13,56.5,10,番92路/番92路:10; 番93路:10; 番93路短线:10; 番126路:8; 番132路旅游专线:6; 番夜3路:5; 番111路:3; 番128路:3; 番77路:3; 番31路:2
829路,32,18,56.3,9,825路:9; 522路:9; 722路:9; 472路:7; 夜87路:7; 474路:5; 703路:5; 723路:4; 750路:3; 707路:2
从607路,16,9,56.3,9,从12路:9; 从11路:8; 从605路:2; 从606路:1; 从608路:1; 从603路:1
414路,16,9,56.3,6,780路:6; 193路:4; 207路:4; 411路:4; 552路:4; 74路:4; 812路:4; 91路:4; 广277路:4; 965路:3
723路,25,14,56,7,825路:7; 837路:5; 472路:5; 713路:5; 721路:4; 523路:4; 843路:4; 977路:4; 829路:4; 652路:3
桂23路,36,20,55.6,9,佛232路:9; 广275路:6; 桂09路:6; 525路:5; 广275路出场短线:4; 19路:4; 商务专线4路:4; 181路:4; 222路:4; 69路:4
花83路,27,15,55.6,7,花88路:7; 花88路短线:6; 花17路联民村:5; 花4路:4; 花23路:4; 花86路:4; 715路:4; 夜92路:4; 花62路:4; 花81路（三水大塘中心广场 ⇄ 广州北站）:4
986路,18,10,55.6,6,652路:6; 510路:5; 753路:5; 840路:5; 夜94路:5; 427路:4; 751路:4; 663路:3; 嘉禾望岗地铁站便民车3线:3; 711路:3
442路,9,5,55.6,5,443路:5; 534路:5; 345路:3; 441路:2; 444路:2; 458路:2; 新龙镇02线上午:1; 新龙镇02线下午:1
666路,9,5,55.6,5,755路:5; 984路:4; 793路:3; 夜119路:3; 38路:2; 667路:2; 798路:2; 981路:2; 58路:2; 夜76路:1
增城56路,9,5,55.6,5,增城55路:5; 增城57路:5; 增城76路:4; 莞76路:4; 增城10路:1; 增城10路快线:1; 增城34路:1; 增城34路快线:1; 增夜2路:1
长洲岛2号线,9,5,55.6,5,430路:5; 长洲岛1号线:5; 383路:4; 夜65路:4
佛236路,64,35,54.7,30,佛251路:30; 佛263路:16; 佛263路短线:16; 佛244B路:11; 沥12B路:11; 佛278路:9; 佛250路:7; 佛277路:7; 广123路:6; 广260路:6
737路,22,12,54.5,9,843路:9; 985路:7; 夜班136路:7; 空港2路:7; 708路:5; 高速专线2路:4; 夜129路:3; 夜106路:3; 空港2路公交短线:3; 750路:2
番101短线,11,6,54.5,4,番99路:4; 番夜5路:2; 番101路:1; 番100路:1; 番129路:1; 番145路:1; 番185路:1
353路,11,6,54.5,3,夜125路:3; 高峰快线74路:3
758路,24,13,54.2,6,827路:6; 504路:5; 976路:5; 985路:5; 246路:4; 973路:4; 471路:4; 夜74路:4; 751路:4; 728路:3
从803路,37,20,54.1,17,从808路:17; 从807路:16; 从夜1路:10; 从5路:9; 从5路长线:8; 从806路:6; 从804路:3; 从809路:3; 从802路:3; 花84路:2
从506路,15,8,53.3,7,从504路:7; 从505路:2; 从501路:1; 从502路:1; 从503路:1; 从912路:1; 从913路:1
佛250路,49,26,53.1,19,佛277路:19; 佛200路:8; 广260路:7; 佛236路:7; 佛251路:7; 佛263路:7; 佛263路短线:7; 佛279路:6; 广123路:6; 沥12B路:6
443路,17,9,52.9,5,442路:5; 534路:5; 444路:5; 458路:5; 345路:4; 441路:3; 新龙镇02线上午:1; 新龙镇02线下午:1; 365A路:1
佛里07B路,40,21,52.5,14,里07路:14; 里07路高峰线:14; 里07路短线/佛里07路里广快线:10; 佛252路:9; 广231路:7; 里17路:5; 广657路:5; 广夜91路:5; 佛沥18路:5; 广974路班车:4
南沙40路短线,23,12,52.2,12,40路/南40路:12; 南59路:10; 南45路:5; 南沙65路:5; 南沙67路:5; 南39路:4; 南沙49路:4; 南47路:3; 南48路:3; 南46路:2
莞609路,37,19,51.4,9,增城75路:9; 莞615路:8; 莞75路:4; 莞G7路:3; 莞618路:2; 增城22路:2; 增城22路/增22路:2; 增城27路:1; 增城20路:1; 莞86路:1
莞86路,46,23,50,13,莞619路:13; 莞616路:13; 广369路:9; 莞618路:8; 363路:4; 440路:4; 516路:3; B28路:3; 夜41路:3; 453A路:3
从407路,24,12,50,9,从10路:9; 从911路:8; 从408路:8; 从907路:3; 从403路:3; 从404路:3; 从908路:1; 从909路:1; 从406路:1
从806路,22,11,50,8,从5路:8; 从808路:8; 从807路:7; 从夜1路:7; 从5路长线:7; 从803路:6; 花84路:6; 从804路:4; 从809路:4; 714路:3
增城54路,28,14,50,7,增城11A路:7; 增城52路:6; 增城11路:6; 增城36路:5; 增城87路:4; 增城51路:3; 增城35A路:2; 增城35路:2; 增夜4路:2; 370路:2
416路,18,9,50,5,783路:5; 128路:3; 256路:3; 夜31路:3; 广205路:3; 209路:2; 25路:2; 261路:2; 555路:2; 夜99路:2
794路,12,6,50,5,539路:5; 夜76路:5; 706路:4; 706路早间短线:4; 夜114路:4; 126路:3; 244路:3; 265路:3; 268路:3; 36路:3
721路,12,6,50,4,723路:4; 522路:1; 707路:1; 722路:1; 花73路:1; 472路:1; 825路:1
922路,8,4,50,4,509路:4; 739路:4; 753路:4; 756路:4; 796路:4; 970路:4; 978路:4; 夜63路:4; 夜84路:4; 夜85路:4
京溪2线,8,4,50,4,791路:4; 804路:4; 241路:4; 201路:2; 246路:2; 502路:2; 884路:2; 126路:2; 136路:2; 784路:2
花24路,22,11,50,4,花2C路:4; 花22路:3; 花2B路:3; 佛里07B路:2; 花5B路:2; 花15B路:2; 高峰快线81路:1; 花15路:1; 花37路:1; 花19路:1
南沙23路,6,3,50,3,南沙23路A线:3; 南39路:1; 南55路:1; 南沙13路:1; 南沙20路:1; 南沙23B路:1; 南沙5路:1; 南沙G1路:1; 南沙G2路:1; 南沙G3路:1
新龙镇-03线,6,3,50,3,370路:3; 345路:2; 365路:2; 夜126路:2; 夜130路:2; 456路:1; 456路环线:1; 534路:1; 343路:1; 352A路:1
466路,8,4,50,2,779路:2; 960路:2; 239路:1; 766路环线:1; 780路:1; 991路:1
番微公交8线,4,2,50,2,番111路:2; 番162B路:2; 番93路:2; 番149路:1; 番162B路高峰快线:1
S10航线,2,1,50,1,261路:1; 344路:1; 348路:1; 360路:1; 夜97路:1
S11海心沙-中大航线,2,1,50,1,S02路航线短线:1
S6A黄沙-芳村航线,2,1,50,1,181路:1; 1路:1; 208路:1; 209路:1; 217路:1; 25路:1; 538路:1; 552路:1; 57路:1; 64路:1
南沙K6路,2,1,50,1,K981路:1; 南27路:1; 南56路:1; 南64路快线:1; 南沙31路A线:1; 南沙31路B线:1; 南沙31路支线:1; 南沙4路:1; 南沙70路:1; 南沙G1路:1
大学城班线4,2,1,50,1,大学城专线4路:1
花39路短线,23,11,47.8,10,花68路:10; 花68路白坭班车:7; 花68路短线:6; 花115路:5; 花81路（珊瑚 ⇄ 赤坭）:3; 花15路:3; 花5路:3; 花2路:2; 花88路:2; 花2B路:2
421路,21,10,47.6,6,925路:6; 510路:4; 523路:4; 807A路:4; 夜75路:4; 555路:3; 759路环线:3; 夜114路:3; 662路:2; 夜22路:2
莞75路,19,9,47.4,8,莞G7路:8; 增城75路:5; 莞609路:4; 莞615路:3; 增夜4路:2; 372路:1; 379路:1; 571A路:1; 增城23路:1; 增城26路:1
410路,19,9,47.4,7,19路:7; 787路:7; 广275路:7; 285路:6; 181路:5; 769路/769路快线:5; 广277路:5; 445路环线:4; 770路:4; 商务专线4路:4
南46路,19,9,47.4,6,南47路:6; 南48路:5; 312路（沙坑牌坊站 ⇄ 顺德客运总站）:4; 番142路:4; 南39路:3; 南42路:3; 南45路:3; 南沙49路:3; 南沙65路:3; 南沙67路:3
从604路,17,8,47.1,7,从603路:7; 从608路:2; 从601路:1; 从602路:1; 从605路:1; 从606路:1; 从914路:1
351路,17,8,47.1,3,650路:3; 827路:3; 350路:3; 352路:2; 夜126路:2; 456路:2; 456路环线:2; 345路:1; 352A路:1; 365路:1
354路,15,7,46.7,5,396A路环线:5; 345路:4; 392路:4; 346路:2; 973路:1; 节假日公交专线7路:1; 328路:1; 328路支线:1; 330A路:1; 330路:1
796路,28,13,46.4,10,509路:10; 756路:8; 739路:6; 夜84路:6; 753路:5; 970路:5; 978路:5; 夜63路:5; 夜85路:5; 837路:5
增城40路,26,12,46.2,6,增城44路:6; 增城36路:5; 增城45路:5; 增城30路:4; 增城38路:4; 增城46路:4; 增城12路:4; 增城9A路/9A路快线:3; 增城24路:2; 增城75路:2
佛200路,24,11,45.8,8,佛250路:8; 佛236路:3; 佛251路:3; 佛263路:3; 佛263路短线:3; 佛277路:3; 广123路:3; 广132路:3; 广260路:3; 广277路:3
476路,24,11,45.8,4,831路:4; 271路:4; 425路:2; 夜117路:2; 722路:2; 126路:1; 17路:1; 280路:1; 521路:1; 夜3路:1
352A路,22,10,45.5,6,夜130路:6; 370路:5; 345路:3; 365路:3; 534路:3; 夜126路:2; 351路:1; 352路:1; 650路:1; 827路:1
733路,22,10,45.5,6,724路:6; 473路:5; 727路:2; 650路:2; 732路:2; 976路:2; 979路:2; 夜83路:2; 655路（广东青年职业学院总站 ⇄ 良田保税路总站）:1; 797路:1
461路班车,11,5,45.5,4,461路:4; 夜70路:4; 大学城专线3路:3; 229路:2; 239路:2; 262路:2; 304路:2; 582路:2; 夜101路:2; 夜20路:2
从301路,11,5,45.5,4,从5路:4; 从5路长线:4; 从夜1路:4; 从904路:3; 从21路长线:2; 从1路西线:1; 从302路:1; 从3路:1; 从901路:1; 从905路:1
增城67路,11,5,45.5,4,增城72B路:4; 增城17路:3; 增城63路:3; 增城42路:1; 增城66路:1; 增城68路:1; 增城72A路:1
增城62路,20,9,45,8,增城60路:8; 增城61路:7; 增城16路:5; 增城15路:2; 增城15路快线:2; 增城41路:2; 增城59路:2; 增城83路:2; 旅游专线1路:2; 增城42路:1
南沙58路,20,9,45,6,南沙65路:6; 南59路:4; 番142路:4; 南39路:4; 南沙49路:4; 南47路:3; 南45路:2; 南沙67路:2; 40路/南40路:2; 南沙40路短线:2
佛251路,67,30,44.8,30,佛236路:30; 佛263路:16; 佛263路短线:16; 佛244B路:11; 沥12B路:11; 佛278路:9; 佛250路:7; 佛277路:7; 广123路:6; 广260路:6
从804路,25,11,44,11,从809路:11; 从805路:7; 从5路:4; 从5路长线:4; 从806路:4; 从808路:4; 花84路:3; 从803路:3; 从807路:3; 从夜1路:3
空港1路,25,11,44,7,空港2路:7; 空港2路公交短线:6; 708路:4; 夜106路:4; 花17路A:4
482路,14,6,42.9,4,220路:4; 6路:3; 833路:3; 夜5路:3; 10路:3; 夜4路:3; 63路:3; 287路:2; 74路:2; 862路:2
740路,7,3,42.9,3,475路:3; 975路:3; 夜77路:3; 商务专线3路:2; 176路:1; 185路:1; 21路:1; 274路:1; 278路:1; 519路:1
423路环线,7,3,42.9,2,519路:2; 841路:2; 夜107路:2; 271路:2; 929路:2; 556路:1; 夜26路:1; 126路:1; 254路:1; 425路:1
463路,7,3,42.9,2,130路:2; 131A路:2; 131B路:2; 14路:2; 184路:2; 189路:2; 190路:2; 206路:2; 226路:2; 229路:2
467路,7,3,42.9,2,761路:2; 582路班车:1; 旅游公交3线:1; 206路:1; 264A路:1; 14路:1; 18路:1; 37路:1; 夜56路:1; 夜8路:1
莞76路,26,11,42.3,10,增城76路:10; 增城55路:7; 增城57路:6; 增城18路:4; 增城56路:4; 增城10路:1; 增城10路快线:1; 增城34路:1; 增城34路快线:1; 增夜2路:1
从408路,24,10,41.7,8,从407路:8; 从10路:5; 从911路:4; 从403路:4; 从404路:4; 从907路:3; 从406路:1; 从9路:1
400路,12,5,41.7,4,B11路:4; 297路:2; 46路:2; 498路:2; 54路:2; 581路:2; 772路:2; 773路:2; 高峰快线80路:2; 138路:1
乐平01B路,12,5,41.7,4,花5B路:4; 花115路:2; 花68路:2; 花68路白坭班车:2; 花68路短线:2; 713路:1; 花22路:1; 花39路短线:1; 花5路:1
花5B路,22,9,40.9,4,乐平01B路:4; 花22路:4; 花5路:2; 花24路:2; 花115路:2; 花68路:2; 花68路白坭班车:2; 花68路短线:2; 花24A路:1; 713路:1
790路,20,8,40,5,广746路:5; 429路循环线:4; 广276路:4; 广283路:4; 佛沥18路:3; 里07路:3; 里07路高峰线:3; 广12路:3; 广高峰快线30路:3; 广478路:2
嘉禾5线,15,6,40,5,嘉禾望岗地铁站便民车3线:5; 656路:2; 799路:2; 926路:2; 663路:1; 798路:1; 793路:1; 夜119路:1; 509路:1; 510路:1
从608路,15,6,40,4,从603路:4; 从604路:2; 从605路:2; 从606路:2; 从11路:1; 从12路:1; 从607路:1; 从601路:1; 从602路:1; 从914路:1
花24A路,5,2,40,2,花5路:2; 花15路:1; 花5B路:1
从909路,5,2,40,1,从403路:1; 从404路:1; 从405路:1; 从406路:1; 从908路:1; 从10路:1; 从407路:1; 从907路:1; 从911路:1
413路,13,5,38.5,4,17路:4; 夜2路:4; 885路:3; 128路:2; 133路:2; 193路:2; 204路:2; 233路:2; 250路:2; 52路:2
从403路,21,8,38.1,8,从404路:8; 从408路:4; 从407路:3; 从907路:3; 从406路:2; 从405路:1; 从908路:1; 从909路:1
花32路,21,8,38.1,7,花16路:7; 花84路:6; 花85路:6; 711路:5; 花17路A:3; 708路:3; 夜106路:3; 花17路C:1; 花4路:1
406路环线,8,3,37.5,2,32路:2; 133路:1; 560路:1; 78A路:1; B11路:1; B10路:1; B12路:1; B16路:1; B1短线快车:1; B1路:1
343路,27,10,37,5,夜131路:5; 826路:4; 370路:3; 650路:2; 352A路:1; 夜130路:1; 新龙镇-03线:1; 345路:1; 365路:1; 夜126路:1
广州-肇庆（广州芳村汽车客运站 ⇄ 肇庆长途站）,22,8,36.4,4,广412路:4; 广夜111路:4; 佛250路:4; 佛277路:3; 990路:2; 670路:2; 962路:1; 996路:1; 同成社区公交接驳专线:1; 同成社区接驳专线:1
483路,11,4,36.4,3,236路:3; 27路:3; 284路:3; 293路:3; 305路:3; 54路:3; 56路:3; 62路:3; 夜69路:3; 133路:2
太和1线便民车专线,11,4,36.4,2,758路:2; 827路:2; 帽峰山旅游专线1线:2; 246路:1; 471路:1; 504路:1; 529路:1; 563路:1; 751路:1; 828路:1
444路,14,5,35.7,5,443路:5; 458路:5; 441路:2; 442路:2; 534路:2
南43路,14,5,35.7,5,南60路:5; 南44路:4; 南41路:3; 南45路:3; 南沙68路:3; 南68路快线:2; 南沙33路:2; 南沙G3路:2; 307路/佛307路:1
从503路,17,6,35.3,5,从501路:5; 从913路:3; 从502路:1; 从504路:1; 从505路:1; 从506路:1; 从912路:1
增城42路,17,6,35.3,5,增城83路:5; 增城17路:1; 增城63路:1; 增城66路:1; 增城67路:1; 增城68路:1; 增城72A路:1; 增城72B路:1; 增城15路:1; 增城15路快线:1
从802路,20,7,35,5,从5路长线:5; 从808路:5; 从5路:4; 从807路:4; 从夜1路:4; 从803路:3; 从804路:2; 从805路:2; 从809路:2
从404路,23,8,34.8,8,从403路:8; 从408路:4; 从407路:3; 从907路:3; 从406路:2; 从405路:1; 从908路:1; 从909路:1
从402路,24,8,33.3,5,从1路西线:5; 从化921路:5; 从3路:3; 从9路:2; 从401路:2; 从10路:1; 从化922路:1
从501路,15,5,33.3,5,从503路:5; 从913路:2; 从502路:1; 从504路:1; 从505路:1; 从506路:1; 从912路:1
增城72B路,12,4,33.3,4,增城67路:4; 增城17路:2; 增城63路:2; 增城42路:1; 增城66路:1; 增城68路:1; 增城72A路:1
花17路王子山班车,9,3,33.3,3,花17路联民村:3
花25B路,9,3,33.3,3,花23路:3; 花86路:3; 花88路:3; 花88路短线:3; 花83路:2; 花83B路:1
362路,9,3,33.3,2,342路:2; 350路:2; 456路:2; 456路环线:2; 夜131路:2; 457路:1; 650路:1; 827路:1; 夜126路:1; 351路:1
广州塔1号线,6,2,33.3,2,303A路:2; B7路:2; 夜108路:2; 旅游观光1线:2; 南沙K1路支线:1
402路/402路快车,6,2,33.3,1,497路:1; B2路:1; 夜25路:1; 261路:1; 495路:1; 517路:1; B24路:1; 夜97路:1; 550路:1
484路西胜街循环线,3,1,33.3,1,10路:1; 184路:1; 189路:1; 190路:1; 191路:1; 220路:1; 233路:1; 278路:1; 280路:1; 297路:1
海龙便民巴士,3,1,33.3,1,便民巴士4号线:1
增城89路,13,4,30.8,4,370路:4; 增城11路:4; 增城11A路:1; 增城35A路:1; 增城35路:1; 增城36路:1; 增城51路:1; 增城52路:1; 增城54路:1; 增夜4路:1
342路,13,4,30.8,3,827路:3; 350路:2; 362路:2; 456路:2; 456路环线:2; 夜131路:2; 457路:1; 650路:1; 夜126路:1
441路,13,4,30.8,3,443路:3; 345路:2; 442路:2; 444路:2; 458路:2; 534路:2; 365路:1; 370路:1; 夜126路:1; 365A路:1
南51路,20,6,30,6,南57路:6; 南34路:3; 南50路:3; 番150B路:3; 番150路:1
佛K330路/K330路快线,31,9,29,5,佛236路:5; 番129路:3; 312路（滘口汽车站总站 ⇄ 祈福新邨总站）:2; 301A路:1; 303A路:1; K201路:1; 佛211路:1; 南64路快线:1; 南沙K7路:1; 夜102路:1
307路/佛307路,35,10,28.6,5,312路（沙坑牌坊站 ⇄ 顺德客运总站）:5; 佛314路:5; 314路:4; K314路:3; 南41路:1; 南43路:1; 南44路:1; 南45路:1; 南60路:1; 南68路快线:1
番149路,14,4,28.6,4,番162B路:4; 番93路:3; 番111路:2; 番151路:1; 番160路:1; 番162路:1; 番夜4路:1; 番微公交8线:1
401路,7,2,28.6,2,540路:2; 542路:2; 504路:1; 583路:1; 夜35路:1
481路环线,7,2,28.6,2,189路:2; 36路:2; 179路:1; 181路:1; 199路:1; 210路:1; 24路:1; 257路:1; 265路:1; 273路:1
穗东街便民车01线,7,2,28.6,2,B1路:2; B28路:2; B29路:2; B30路:2; B31路:2; 夜41路:2; 夜73路:2; 372路:1; 376路:1; 453A路:1
464路,7,2,28.6,1,208路:1; 24路:1; 463路:1; 786路:1; 130路:1; 184路:1; 190路:1; 226路:1; 250路:1; 69路:1
龙归3线,7,2,28.6,1,427路:1; 736路:1
从601路,18,5,27.8,4,从914路:4; 从504路:1; 从602路:1; 从604路:1; 从605路:1; 从606路:1; 从608路:1
南42路,20,5,25,5,南39路:5; 南45路:5; 南沙49路:5; 南沙65路:5; 南沙67路:5; 南46路:3; 南47路:3; 南48路:3; 312路（沙坑牌坊站 ⇄ 顺德客运总站）:2; 番142路:2
352路,8,2,25,2,351路:2; 650路:2; 827路:2; 345路:1; 352A路:1; 365路:1; 夜130路:1; 夜126路:1
436路,8,2,25,2,340路:2; 388路:2; 946路:2; 321路:1; 334路:1; 376路:1; 439路:1; 450路:1; 214路:1; 372路:1
增城72A路,8,2,25,2,增城68路:2; 增城17路:1; 增城42路:1; 增城63路:1; 增城66路:1; 增城67路:1; 增城72B路:1
番63路,8,2,25,2,番60路:2; 番128路:1; 番51路:1; 番53路:1; 番59路:1; 番61路:1; 番62路:1; 番76路:1
312路（沙坑牌坊站 ⇄ 顺德客运总站）,37,9,24.3,5,307路/佛307路:5; 南46路:4; 南47路:4; 南48路:4; 番142路:4; 314路:4; 佛314路:4; 南39路:2; 南42路:2; 南45路:2
增城59路,13,3,23.1,3,增城83路:3; 增城15路:2; 增城15路快线:2; 增城41路:2; 增城60路:2; 增城61路:2; 增城62路:2; 旅游专线1路:2; 增城16路:1; 增城42路:1
番155路,13,3,23.1,3,番148路:3
K981路,13,3,23.1,2,南56路:2; 南沙G1路:2; 南沙G2路:2; 南沙5路:2; 南27路:1; 南64路快线:1; 南沙31路A线:1; 南沙31路B线:1; 南沙31路支线:1; 南沙4路:1
增城68路,9,2,22.2,2,增城72A路:2; 增城17路:1; 增城42路:1; 增城63路:1; 增城66路:1; 增城67路:1; 增城72B路:1
452路,9,2,22.2,1,962路:1; 410路:1
便民巴士4号线,9,2,22.2,1,海龙便民巴士:1; 207路:1; 670路:1; 838路:1; 夜113路:1
从502路,14,3,21.4,3,从912路:3; 从501路:1; 从503路:1; 从504路:1; 从505路:1; 从506路:1; 从913路:1
增城53路,14,3,21.4,2,增城11路:2; 增城41路:2; 增城11A路:1; 增城51路:1; 增城52路:1; 增城36路:1; 增城54路:1; 增城70路:1
莞G7路,40,8,20,8,莞75路:8; 增城75路:4; 莞615路:3; 莞609路:3; 增夜4路:2; 增城24路:1; 增城27路:1; 增城36路:1; 增城40路:1; 增城44路:1
花17路C,5,1,20,1,花32路:1; 花4路:1
从505路,11,2,18.2,2,从506路:2; 从501路:1; 从502路:1; 从503路:1; 从504路:1; 从912路:1; 从913路:1
923路,6,1,16.7,1,126路:1; 136路:1; 179路:1; 504路:1; 560路:1; 747路:1; 754路:1; 792A路:1; 792路环线:1; 804路:1
文冲1号线便民车,6,1,16.7,1,431路:1; 广369路:1
长途番禺宝安,13,2,15.4,1,南沙62路短线:1; 南沙33路:1
从801路,14,2,14.3,2,从5路:2; 从5路长线:2; 从803路:2; 从804路:2; 从806路:2; 从807路:2; 从808路:2; 从809路:2; 从夜1路:2; 花84路:1
鹤龙2线,7,1,14.3,1,58路:1; 755路:1; 793路:1; 984路:1; 夜119路:1
佛349路,38,5,13.2,5,佛314路:5; 314路:4; K314路:4; 番12路旅游专线:2; 番67路旅游专线:2
从406路,16,2,12.5,2,从403路:2; 从404路:2; 从407路:1; 从408路:1; 从405路:1; 从908路:1; 从909路:1
从606路,18,2,11.1,2,从605路:2; 从608路:2; 从11路:1; 从12路:1; 从607路:1; 从601路:1; 从602路:1; 从604路:1; 从914路:1
从602路,19,2,10.5,1,从601路:1; 从604路:1; 从605路:1; 从606路:1; 从608路:1; 从914路:1; 从12路:1
从302路,10,1,10,1,从1路西线:1; 从301路:1; 从3路:1; 从5路:1; 从5路长线:1; 从901路:1; 从904路:1; 从905路:1; 从夜1路:1
增城66路,10,1,10,1,增城17路:1; 增城42路:1; 增城63路:1; 增城67路:1; 增城68路:1; 增城72A路:1; 增城72B路:1
S9白蚬壳-白鹤洞航线,2,0,0,0,
云山红色研学巴士1号线,7,0,0,0,
增城88路,13,0,0,0,
广州-肇庆（滘口地铁站 ⇄ 肇庆体育中心西门）,6,0,0,0,
联和街便民02环线,4,0,0,0,
鹤龙4线,10,0,0,0,
