namesakeStId,组内车来了站名,涉及合并站,BV站数,站名变体数,合并站数
97deecec64e2fc513e57c7bfeae69e5b,陈家祠 / 陈家祠1 / 陈家祠（停东行） / 陈家祠（停西行） / 陈家祠①,陈家祠 / 陈家祠总站(中山七路),6,5,2
ee86f4f55a638fed3f26ab7235282399,同和③,同和,5,1,1
2c8bf8eaa2f3cc7bbc14be4426f84c38,西湾路②,西湾路,5,1,1
59056892fdafcd4fb8a0f2c31c689e2a,松北,松北,5,1,1
c59c04f7c8c9d06f7e0495bc0848cafa,康乃馨花园,康乃馨花园,5,1,1
07e119d116df72629fce03fe7096a712,新市墟①,新市墟,5,1,1
91bede0b3a68704eec4a537194db8a7b,太和（谢家庄）,太和(谢家庄) / 太和总站(丰泰横路) / 太和(丰泰横路)总 / 太和#2,5,1,4
4a213f48c0080da4fe15e00bfc881ee5,新市墟②,新市墟,5,1,1
14e67e69480f9d71f1165b2655800aac,江高,江高(广技师白云校区)#1 / 江高 / 江高总#1 / 江高总#2 / 江高(广技师白云校区)总,5,1,5
b6b552802627b96abf3b0c459af5f72a,中山大道东圃 / 中山大道东圃②,中山大道东圃,5,2,1
9e504b0b8fe6a173a4a936206d0a5167,梓元岗①,梓元岗,4,1,1
b5da95100faa6d9568293e1a10c79b76,五洲装饰城（地铁厦滘站）,五洲装饰城(地铁厦滘站) / 五洲装饰城,4,1,2
3614aaac28f9c66f8ff1c4eed3cbefe4,五山路口,五山路口,4,1,1
b89286463d7ca7ab0a8b4230f19b09fc,体育中心① / 体育中心1,体育中心,4,2,1
26e13b8b371104c67410b3dc300027ca,同和①,同和,4,1,1
99e525a24497ddd493fe49dc4c5e18f8,广州大道中①,广州大道中#1 / 广州大道中#2,4,1,2
cc01492af2f75aefdd4a9ee8049f21e6,江海大道中2,江海大道中 / 江海大道中总,4,1,2
acced089c415137c740c6d78d91db81e,豪景花园① / 濂泉路口,豪景花园 / 濂泉路口,4,2,2
71b7eb5365cced96ec118c26496e2fae,金贵村② / 云台花园总站 / 云台花园,金贵村 / 云台花园总 / 云台花园,4,3,3
a4fb540c0c04f8a4d32f9bc93253cda3,中山八路②,中山八路 / 中山八路总 / 中山八路2,4,1,3
3f92276f857e4a986eb5eebb3b5b7e86,江南新村（骨伤科医院）,江南新村(骨伤科医院)#1 / 江南新村,4,1,2
d9295c0140c570a1c4f9e2a73722c392,海印桥南②,海印桥南,4,1,1
fc558b4ccca9b33e3db823500e4eee46,桥中1 / 桥中总站 / 桥中①,桥中 / 桥中总,4,3,2
f0172c1b23aca1182e9e7193d9b9b42f,西塱① / 芳村西塱总站,西塱 / 芳村西塱总,4,2,2
85bf2e581f070f41b15ad4efa54cd9c1,丹水坑②,丹水坑,4,1,1
f6f89ac380fd70341beff6f5edd75a91,西塱② / 西塱,西塱,4,2,1
afd15e7667a126192f229093031fb396,体育中心②,体育中心 / 体育中心总,4,1,2
32e519ce825ca37b456a163182d1ae42,地铁沙溪站,地铁沙溪 / 地铁沙溪站(E1出口),4,1,2
fecdacc60bf6fc3aa632965c4ca2c75c,开萝大道（地铁香雪站）,开萝大道(地铁香雪站) / 开萝大道站(地铁香雪站) / 开萝大道总,4,1,3
5752f88d58523ada001ec8f8cafa8515,鹤龙四路（龙兴西路口）①,鹤龙四路(龙兴西路口),4,1,1
2157f351e6122bbf3db6b256cab3d7b2,科学城路口① / 科学城路口总站,科学城路口 / 科学城路口总,4,2,2
0385396e014c85a04f6b916e790a52f8,石井（红星小学）总站,石井总站(红星村) / 石井总#2 / 石井(红星小学)总 / 石井(广东兵工厂旧址)#3,4,1,4
f4d827cd4ad13ae3bb0575b55aa44baf,逸翠庄园,逸翠庄园,4,1,1
6838b0ecba570671ce8eefcb95f72356,锦绣香江 / 锦绣香江分站,锦绣香江#1,4,2,1
bfe1aa5c52046384c90742413bfd64df,体育中心,体育中心 / 体育中心总,4,1,2
1113e4373718ab4b19c881307ff9e5be,白沙（中海金沙湾）,白沙 / 白沙总 / 白沙总站(中海金沙湾) / 白沙(中海金沙湾)总,4,1,4
bd8458b4a5c2b3b0dd910e9b0db2f4cf,浣花东路,浣花东路,3,1,1
fc78d2ac6109907c0b2f9101e3720955,广州大道南（叠景路口）①,广州大道南(叠景路口),3,1,1
ce745685cf6a6c7c4d858eb515f4ae48,广州大道中②,广州大道中#1 / 广州大道中#2,3,1,2
edd77436a8f8c9dd35e35b93b406941b,敦和③ / 敦和②,敦和,3,2,1
d816c71e2f5fa152c646931ed8dd845e,中山八路①,中山八路 / 中山八路总,3,1,2
51ba34d46824ed036d3f809ff4ef48b6,梓元岗②,梓元岗,3,1,1
6bdae584b877df21d5583606348f09c9,广东电视台2 / 广东电视台②,广东电视台,3,2,1
9ba36efff15da6c4897f6ba0dfacc7ef,黄石路 / 黄石路②,黄石路,3,2,1
6c5e44b01f5806e49b60dadc4dd71899,陈田村 / 陈田村②,陈田村,3,2,1
7946fdade6f08e3e20d7b93149d8b5fd,南方医院①,南方医院,3,1,1
8470d39ba9ad01082a64c32e0bab234f,元下田①,元下田,3,1,1
bd30aa83eeaef90f8eb36a8f4e6ce67e,陈田村,陈田村,3,1,1
01fd81f587ff1e0b22767a8eb61252c9,黄石路①,黄石路 / 黄石路总,3,1,2
10677e5d6b22a6ed2f426e510a3a9a52,小坪②,小坪,3,1,1
33b9a4371913a5167b8dd48c1db9ba55,华南碧桂园,华南碧桂园,3,1,1
bb0a4094b63a49ac8c5922c064b628f7,江湾桥南2,江湾桥南,3,1,1
40f123a0de17ab3d19f739f2ef89ee3a,广州大桥北（五羊邨）②,广州大桥北站(五羊邨) / 广州大桥北(五羊邨),3,1,2
4bc4ef73b1351b06156aec6269be4882,中山八路总站,中山八路总 / 中山八路,3,1,2
194c8ec690647ed79d4b4f5b6430f7d2,广东工大（地铁区庄站）1 / 广东工大（地铁区庄站）①,广东工大(地铁区庄站),3,2,1
2e7ca290f8ea8abe58afe5afec1d4eb6,正骨医院② / 正骨医院①,正骨医院,3,2,1
dce4224b4ff65654e43f19059fa689d7,彩虹桥②,彩虹桥#1,3,1,1
7ae0b47d73d274b825f93b8cf963194a,南方医院2,南方医院,3,1,1
b91b712058040c789817bfc3a92941c7,国防大厦②,国防大厦,3,1,1
13898aeedcfe567ddded0e453e8c78c0,广州体院②,广州体院,3,1,1
a9227a173a3eb0e4dd2c0c64e1ed9090,华侨医院（潭村）① / 华侨医院（谭村）①,华侨医院(潭村),3,2,1
48b70a5f7ddf49e984c82c6df4ea7f89,江海大道中1 / 江海大道中,江海大道中 / 江海大道中总,3,2,2
a59440e6306d65e48d3336e952d4b8b1,赤岗,赤岗(江海大道)#1 / 赤岗总,3,1,2
6db0e6a4913c5bd419fb1f41402a06a2,中山大学①,中山大学,3,1,1
3380a10052e63d6db970f12cdb3a98c8,地铁市二宫站①,地铁市二宫,3,1,1
334b18448d20b2d178a01f8f3f598e57,花地大道北（花地湾）,花地大道北(花地湾),3,1,1
04b77342a7ee504a44a79b4ddd6b9450,黄花岗②,黄花岗,3,1,1
8fe1eb3f669e1ba3f4ee23eb11765c01,动物园 / 动物园1,动物园,3,2,1
b37b4a1026b39936218c8b846a63fdc4,云台花园②,云台花园 / 云台花园总,3,1,2
0a2197553c305f341df4f2f5f821e188,濂泉路口① / 金贵村 / 濂泉路口,濂泉路口 / 金贵村,3,3,2
b02d1f22a555280093f26d3feed30a88,棠溪,棠溪,3,1,1
041c229241a2ba12a987545a6167129f,黄石路口（地铁马务站） / 黄石路口（地铁马务站）②,黄石路口,3,2,1
3cc21930ec85640ce20c7637fa02a805,云台花园①,云台花园,3,1,1
10218f9ebcc9707add754fa76e50e368,克山1 / 克山②,克山,3,2,1
02083dea692ef6d4a13ab30fe02409d5,西湾路①,西湾路,3,1,1
7cc3bdd5e51a3f37d3ad992313e5e0cd,文明路①,文明路,3,1,1
2f014c1b74263c8c43d2609a439cb1c6,东风东路（陵园西路口）2,东风东路(陵园西路口) / 东风东路(广东工大),3,1,2
2845b7d9d27c26db3043781e85301483,鹭江①,鹭江,3,1,1
d872d72cdcfe87b64aece2d37affc2d0,省荣军医院（荣校）②,省荣军医院(荣校),3,1,1
cf6fd1a80dc2c2a050998b9a786992bb,仓边路① / 仓边路1,仓边路,3,2,1
9cd72e60a31dca929f7e59d427263536,山村（地铁石围塘站）①,山村#1,3,1,1
0c5017db8c8bafe928cd353a77a0ca75,机场立交北①,机场立交北,3,1,1
1da86fbca48e62fd515da0f0f5366525,市中医院②,市中医院,3,1,1
efd07b76b8ee0201f953da3a592f741e,丹水坑,丹水坑,3,1,1
494a2ddc25a14c5adffc084b2cf33b90,东风西路①,东风西路,3,1,1
7a92f0e698fb0cbfbe05e38f7f7abb4b,和平新村②,和平新村,3,1,1
a6b412be963a6d3218c48d61d0694f11,清湖村口②,清湖村口,3,1,1
782ebdd6f1963ef405d148f9500dee41,罗冲围客运站②,罗冲围客运,3,1,1
675829c5cb0a2ab3a444bf837e3e6814,和平新村①,和平新村,3,1,1
1b0129526fc723bcb8144f0735028d76,程界村③,程界村,3,1,1
3e8dc60de0150d406f8faa445dc1c81b,机场路岗贝路口（省二医民航院区）①,机场路岗贝路口(省二医民航院区),3,1,1
580293331fcc77dbd3390a6dba2a0b12,白云区政务中心（地铁乐嘉路站）②,白云区政务中心,3,1,1
5233e69b65163b7fdbca87ff8343f6b4,云城南①,云城南,3,1,1
ddb17a015e8f4e3554de5a532b8d3d92,天河①,天河,3,1,1
7cb1493720849cd688359fc1288833c7,嘉禾② / 嘉禾2,嘉禾 / 嘉禾总,3,2,2
67deea29c81e18db6361daa8ea097c8d,联和②,联和,3,1,1
1e22b097b3beb660a42955eb0af8f314,江南大道南（地铁江泰路站） / 江南大道南（地铁江泰路站）总站,江南大道南(地铁江泰路站) / 江南大道南总,3,2,2
6849a943dcc014d4099a67f2d45ff120,广外（白云山西门）①,广外(白云山西门)#1,3,1,1
2ac595ff93c8a49499312a690fcb2d6f,棠下（三元里大道）②,棠下(三元里大道),3,1,1
2c66653847b123778bab5d96bee20c9d,东湖路,东湖路,3,1,1
a341fe46d6785388f707039a34b069ec,岑村小学,岑村小学,3,1,1
e9e5e2de93fa23ee7a24c1b58ee53b30,金沙洲路②,金沙洲路,3,1,1
d25da8bedce3b816a44d5b826709c19c,天河客运站①,天河客运,3,1,1
f45a1a9868a5974e96451e353b0ea748,官堂万达,官堂万达,3,1,1
50e5e2988eb7df872b47f95173737680,地铁员岗站,地铁员岗,3,1,1
40c7b0fbd6b7c996ec38add9e68164f6,冼庄立交,冼庄立交,3,1,1
7fac47365a003f6029725eb9df89a422,地铁萝岗站,地铁萝岗,3,1,1
bc84f7be7a441279e829dc04047e9dae,碧山村①,碧山村,3,1,1
416d63b9bafb4a0e9772e745c74cc4d9,科学大道（广东质检院）,科学大道 / 科学大道(映日路口) / 科学大道(揽月路路口),3,1,3
6703c43d521d36b18e4158364c0c272a,广汕路（科景路口）,广汕路(科景路口) / 广汕路(科景路口)总 / 广汕路总站(科景路口),3,1,3
207815ee19f8c80bf902535a8590d132,新丰路口②,新丰路口站(永顺大道),3,1,1
9956ae68ec0f79e28efebc572c7b5001,开泰大道（东荟城）,开泰大道(开源路口) / 开泰大道(东荟城)#1,3,1,2
3d509ab4312fb3facea8fbdb01da98ab,长岭居小学（岭南林语）,长岭居小学,3,1,1
0a809d26558fd42d98023577a156a499,开创大道（时代天境）,开创大道(时代天境) / 开创大道#2 / 开创大道#1,3,1,3
fe1250fc416633f713cd621396a2577e,开泰大道（新阳路口）,开泰大道(新阳路口)#1 / 开泰大道(新阳路口)#2 / 开泰大道(科丰路口),3,1,3
dab977f848600767cfd70cb0c8675a1f,知新路（龙马路口）,知新路(龙马路口) / 知新路(含英一路口),3,1,2
be944c8c4fee0c5835015a0228627454,知识城南总站（地铁何棠下站） / 知识城南（地铁何棠下站）总站,知识城南总 / 知识城南(凤湖四路) / 知识城南(地铁何棠下站)总,3,2,3
264ae601909f91d6ef48a9d8ff37535c,科学大道（揽月路路口）,科学大道(揽月路路口) / 科学大道 / 科学大道(揽月路口),3,1,3
6cddd7ba84ea25b878cb11d2ce301882,永和大道（斗塘路口）,永和大道(常春藤) / 永和大道(斗塘路口) / 永和大道(常春藤)总,3,1,3
097046337c28f6309aed4c20e28c453a,南湾总站 / BRT南湾1 / 南湾,南湾总 / 南湾,3,3,2
7231b97709a998a0600a3ccb623d73ee,夏园 / 夏园总站,夏园 / 夏园总,3,2,2
627c3a3e8d60f19d4cd91788b6a2286e,龙归墟,龙归墟,3,1,1
7634c84b6dfec1d37c04ccb8681f6b24,江高（大松岗）总站 / 江高（大松岗）,江高(大松岗)总 / 江高(大松岗) / 江高总站(大松岗),3,2,3
13e8d0857048d32c0cba340d1da2ac5e,清湖村口①,清湖村口,3,1,1
398848f8ca81e3e91fb496e016598f92,鹤龙四路（龙兴西路口）② / 鹤龙四路（龙兴西路口）,鹤龙四路(龙兴西路口) / 鹤龙四路(龙兴西路口)1站(原行知学院站),3,2,2
9a7c59761d495a362bb755482af03615,人和墟②,人和墟(万家福广场) / 人和墟总,3,1,2
1f82214c827e419b2ee29b896b75e3e6,保盈大道,保盈大道,3,1,1
22e2a467a6d9b62df40dc8962478bc9a,站前路（西郊大厦）总站,站前路总 / 站前路(西郊大厦)总 / 站前路#1,3,1,3
228e002e52f93134f1eeb67f7963da9a,三元里大道（桂花岗）①,三元里大道(桂花岗),3,1,1
0f09174feca9fbd3a8c98be1a9ccb8e3,石井（庆丰纺织服装城）总站,石井总#3 / 石井(广东兵工厂旧址)#2 / 石井#2,3,1,3
4fdde5b2aefbf07b9bf5b5c233f48cac,金沙洲路①,金沙洲路,3,1,1
a826a87f1b5010caba14003d4c316d91,凌塘村① / 凌塘村 / 凌塘村1,凌塘村,3,3,1
d41762fd5f76bb909b33bbc5a1a3fdc8,飞粤大道中,飞粤大道中(九一村东) / 飞粤大道中(九一村西),3,1,2
f4fa1e795bab87098343603f44b9e34e,新和 / 新和地铁站 / 地铁新和站总站,新和 / 新和地铁 / 地铁新和站总,3,3,3
4bc9917bc9337f9a1b0aa8f8112d1d75,荔勤南路总站,荔勤南路(崇文四路口) / 荔勤南路总 / 荔勤南路,3,1,3
28fe052e51f10a7a70dd5135856bbfc6,空港大道 / 空港大道（永和西街口）,空港大道(永和西街口) / 空港大道#1,3,2,2
2fc7dfc7a5703c9855a2b2f2880aceca,BRT体育中心1 / BRT体育中心①,体育中心,3,2,1
5cd0cc9fa63ddc3f16c15d2eae1ecfb8,BRT上社1 / BRT上社N1 / BRT上社S1,上社,3,3,1
ec50d7f22b09ff094f7549b403408831,良口公交总站 / 良口墟 / 良口墟总站,良口公交总 / 良口墟 / 良口墟总,3,3,3
7f3ecd9d11a2cbba11d30527eafdd5d4,大江路口,大江路口,3,1,1
77896c7c4849a0a20543f64195574597,龙星村①,龙星村#1 / 龙星村#2,3,1,2
fee93b98bd42b41280e25b33c791a615,山马塘2,山马塘,3,1,1
111ca270c7036bb13c579d6c45008e7c,西塱,西塱,3,1,1
b4d49a5824627a67daecdddd3b082635,蕉门地铁站（区政府） / 蕉门地铁（区政府）站 / 蕉门公交总站,蕉门地铁 / 蕉门地铁(区政府) / 蕉门公交总,3,3,3
686d4588ca7a98d7853b23c8bca21268,万科海上明月站①,万科海上明月 / 万科海上明月总,3,1,2
53cdce0a0b782c95f095d77cf3e5ed2a,虎门渡口（上湾小区）,虎门渡口总 / 虎门渡口(上湾小区) / 虎门渡口,3,1,3
a5ad9290812089d1471d0f6f7939196a,区政府东门（永旺梦乐城）,区政府东门 / 区政府东门(永旺梦乐城) / 区政府东门总,3,1,3
24248611a17c71228766f51198276d65,城西花园总站 / 城西花园总站②,城西花园总 / 城西花园,3,2,2
c6c52bc50e1dd4f9c213ebb51231b011,地铁浔峰岗站,地铁浔峰岗,3,1,1
31ce6f6512cff39e5668d55802b921f4,地铁横沙站,地铁横沙,3,1,1
68e644a40dda1a9c119866758e210dd3,白沙（中海金沙湾）总站,白沙总 / 白沙(中海金沙湾)总 / 白沙总站(中海金沙湾),3,1,3
eca3e95aa931346d2ebe3014da878c92,沙湾珠宝产业园总站 / 威乐工业区,沙湾珠宝产业园总 / 沙湾珠宝产业园 / 威乐工业区,3,2,3
c6fc5562cf779b2130b905635729d01a,地铁南村万博站,地铁南村万博,3,1,1
48777eb65e6492a2c5e0f1948cad25e4,君华香柏华府总站 / 君华香柏华府,君华香柏华府,3,2,1
3123c3f796a82c194b610c923c5f9a04,新华工业区,新华工业区,3,1,1
1b37f3715afe424ed41fb630a91c5a13,新华工业区①,新华工业区,3,1,1
e22c43f6bdd6b54e300da8cb9d534480,广东电视台1 / 广东电视台①,广东电视台,2,2,1
69bb6df6174d09283d2f755978e7f2e3,小北①,小北,2,1,1
a88c32e54ce9cc1ea75b12045d5c82a7,小北花圈②,小北花圈,2,1,1
e23df6075c868d8b266df3d4c0bce1d9,仓边路2 / 仓边路②,仓边路,2,2,1
5ba8c99f291c141c86bad6fd2f8d8207,文德路2,文德路,2,1,1
ae7f9cb4b8ef6a63e21c09dedad0fda6,堑口②,堑口,2,1,1
8abc6f4177b840c10e47774298d2ec21,洪德路,洪德路,2,1,1
82716974a30e15a4b1563d30510a9aa2,南泰路西 / 珠江医院总站1,南泰路西 / 珠江医院总,2,2,2
a752e51257bed570f463648d2ca62d62,凤凰新村（宝业路口）,凤凰新村(宝业路口),2,1,1
5460dd60f7e3b380beec8199ca9a1636,洪德路②,洪德路,2,1,1
0f1798e052b1ccb0fb9e97277d8de4c6,珠江广场② / 滨江东路总站,珠江广场 / 滨江东路总,2,2,2
c6e49d8e09c1cd35903a53618e8737f3,体育中心东门①,体育中心东门#1,2,1,1
bbe78d97ef2362f561f9e7957a4117ba,林和中路①,林和中路,2,1,1
f64651eaaaf1bc26a6dcd13f2ef6752b,林和西路①,林和西路,2,1,1
36a08b5845b28a28441337bede11fff4,珠江广场 / 滨江东路总站,珠江广场 / 滨江东路总,2,2,2
dbc992d4ea3d644a04b5468ef6462a12,江湾桥南1,江湾桥南,2,1,1
5c7fcb65e91e76fed0bf097f1fa7fad8,堑口码头（一劳大旧址）,堑口码头(一劳大旧址),2,1,1
c1f4d479a02c9fa2ea76ceca68aee3f7,龙溪大道东,龙溪大道东(教师新村),2,1,1
6423dbd36e389ba60910cf8e7e4e61f1,金宇花园 / 金宇花园总站,金宇花园 / 金宇花园总,2,2,2
247534dfe0b6a6b168cbe0f531dfb60d,丽江花园总站,丽江花园总 / 丽江花园,2,1,2
1101baad6f0cf45b6578e48b6983c980,地铁洛溪站,地铁洛溪站(新浦路),2,1,1
9862516c41618a6e220f35d16c515020,上涌②,上涌,2,1,1
0a443f579621e14356064eb5c55d7d18,敦和②,敦和,2,1,1
7ee21bd26627b75989b72999b6806761,客村立交3 / 客村立交,客村立交,2,2,1
d8e10de221269b2490e75ea37ca92e11,广州大桥北（五羊邨）①,广州大桥北(五羊邨) / 广州大桥北站(五羊邨),2,1,2
2a7d3a18c88c1d976e678577bb88d9e2,南方报社（杨箕东）②,南方报社,2,1,1
958415ed1aef33b0a21fff68f6945bd7,林和西路③,林和西路,2,1,1
320bad742bb7ccd423cf74d6227413e7,时代广场2,时代广场#1,2,1,1
f841b97a6f6aae840a506722ade35d03,南方报社（杨箕东）③,南方报社,2,1,1
cfa8d8bdce18025deb38e638a4046007,广州大桥北（五羊邨）③,广州大桥北(五羊邨) / 广州大桥北站(五羊邨),2,1,2
cc3cff232fb4160ac7cc94846c379ac2,广州大道南（叠景路口）②,广州大道南(叠景路口),2,1,1
82e4b1d31ba1fdc3f364d5a6fa2ad004,云苑新村总站 / 云苑新村,云苑新村总 / 云苑新村,2,2,2
8a44f8f0c1ec0211de772c668d7e97f7,越秀公园②,越秀公园,2,1,1
f79d00140fa86db18a5acc180b7f1bce,迎宾馆①,迎宾馆,2,1,1
6801b80aeab7055b7f0c7d074e482187,荔湾路口1,荔湾路口,2,1,1
991ab33dbe7c2ddbee9d0e8d6e3e4444,桥中②,桥中,2,1,1
4b21e2d09dd62e8e81e6fd2032122e84,桥中站2 / 桥中,桥中,2,2,1
609f4990af3f56fa9183ccc2498a886e,迎宾馆2 / 迎宾馆②,迎宾馆,2,2,1
df9c38c46bdc5d03808c449c37fe64bf,越秀公园③,越秀公园,2,1,1
c5a0ab3da01fe04cd975566efc9d1e02,海珠客运站②,海珠客运,2,1,1
931a411b27834ba4c8460c7580b82abc,海印桥南①,海印桥南,2,1,1
c4675f070dd5813f31265a5c45829ad8,中山图书馆②,中山图书馆,2,1,1
50e41725c38c6cbfbdd8461340b2d8ea,农讲所②,农讲所,2,1,1
dbc8de45a94d0d169ab364567055c11a,白云宾馆2,白云宾馆,2,1,1
af006682712a217c0801bcb3ab39a4b9,越秀桥②,越秀桥,2,1,1
189b90165fbff9d107f2d00a159e835a,文明路2,文明路,2,1,1
4e55b7d425ff4c92178adc473d192970,越秀南路②,越秀南路,2,1,1
f559d47f258b67703473525e588be0ef,海珠客运站① / 海珠客运站②,海珠客运,2,2,1
02f75bd26d3bdf876bfcbc34bce1f17f,石井文化广场（石丰路） / 石井文化广场（石丰路）①,石井文化广场(石丰路),2,2,1
e9f363941b81fb1caeffdea5d5271fda,小坪①,小坪,2,1,1
29f842f33899befa11e9f92ae197cc22,黄石东路口①,黄石东路口,2,1,1
817b89d93181b3fa51037eddcd7ea1ff,元下田②,元下田,2,1,1
da4aa7e12fc3e3b4dc3266bcadff55db,白云山制药厂,白云山制药厂(后山宿舍) / 白云山制药厂总,2,1,2
9db8ca7c04779059aadeaede15fa125c,同和②,同和,2,1,1
3acd534b3f9ff1d72152e6249234c809,京溪路 / 一五七医院（地铁京溪南方医院站）,京溪路 / 一五七医院,2,2,2
adbe58c0b3690889472fd77381832733,云景花园 / 京溪路,云景花园 / 京溪路,2,2,2
0dc93759ab133facd25db4865515f4d8,元岗路（南兴花园）,元岗路(南兴花园),2,1,1
0360db29526d140628ed5de69d5949b2,黄石东路口②,黄石东路口,2,1,1
edd443a875f55826d958d3437f4e9b8c,马务,马务,2,1,1
1574b0a065e6205016d5eef0ba73b468,石井（广东兵工厂旧址）,石井(广东兵工厂旧址)#1 / 石井#1,2,1,2
957908dcbd594bcf61b9b329c910a362,大沙头游船码头①,大沙头游船码头,2,1,1
59f8509ade95813ea610d0f7de3ce9f7,长堤（民间金融街）,长堤(民间金融街),2,1,1
c657c27f90f63e679ca6718fdfcfec21,人民南路①,人民南路,2,1,1
c8291efa66128042b758f2c16430ef6e,大新路口①,大新路口,2,1,1
85c6aed4b986080999e1c19967275270,珠岛花园,珠岛花园 / 珠岛花园总,2,1,2
278c91dfc71e31d49f94795471eb3c2d,石路基②,石路基,2,1,1
a6adace59ba35ad011d35df83acc8c5c,陈家祠2,陈家祠,2,1,1
50b596c51fbf39b4887db6aa7c61331d,晓港湾,晓港湾 / 晓港湾总,2,1,2
7f68aa66dd80d4df256047184321822e,基立下道1,基立下道,2,1,1
3dc7e6a915cb16f640a97622c7d6a9d1,锦城花园（东风东）总站,锦城花园(东风东)总 / 锦城花园,2,1,2
17e415ad865aadee460acf135c7f1b62,东山口（东华北路） / 东山口（东华北路）②,东山口站(东华北路) / 东山口(东华北路),2,2,2
272b38e6c51ff06fabf7fada22ff3204,客村立交② / 客村立交2,客村立交,2,2,1
c71aa5a372fc60d73ae4898e49c44b2c,珠影（地铁客村站）②,珠影(地铁客村站),2,1,1
18b58fccdb4af481ee6b9a0d4496cf3c,赤岗路口① / 赤岗路口1,赤岗路口,2,2,1
cf7ea94d6f080c8487b6dfc9d57394aa,赤岗路口② / 赤岗路口2,赤岗路口,2,2,1
bfbe56c77666c568c536131eb4670c21,客村立交① / 客村立交1,客村立交,2,2,1
e33a7c227190accf92d4f21aecd83e3a,体育中心东门②,体育中心东门#1,2,1,1
4397c96ab4c9aa47e68ea555837d7c15,师大后门,师大后门,2,1,1
1d8e6019d8f93f78b7a402f20542a2b0,大江苑 / 大江苑总站,大江苑 / 大江苑总,2,2,2
9675f632bcbcc83887947e82c97e6f9f,珠影（地铁客村站）①,珠影(地铁客村站),2,1,1
8b558bb20cec7e1401182cbe7600b0c0,荔湾路口2 / 荔湾路口②,荔湾路口,2,2,1
ad21b5d0d79c4537c57bc238e0dc1961,荔湾路① / 荔湾路②,荔湾路,2,2,1
e2fc58264fd23d7ed4218f250f0f842d,彩虹桥①,彩虹桥#1,2,1,1
3e77be15cd750921885852a8c77ad349,东风西路②,东风西路,2,1,1
780891747dd675557519a19921d6a952,市少年宫①,市少年宫,2,1,1
b0b5fa839d776be63eccc8f8451a6843,广医③,广医,2,1,1
9d1e0db18e0655b404d008a871713dff,中山纪念堂（市总工会）④,中山纪念堂(市总工会),2,1,1
50c1f8bb199187ff0bdf0782fc686126,广东大厦①,广东大厦,2,1,1
348a5b6802ff7c2fe819b113a357dcbf,正骨医院①,正骨医院,2,1,1
ebd684290f0e2c10cac0e3f32a966411,东风东路（陵园西路口）①,东风东路(陵园西路口),2,1,1
dd64cafe1f37f30f3e44fe648228b620,广东工大（地铁区庄站）①,广东工大(地铁区庄站),2,1,1
55534a7f3d289d8414565ac1a804e440,动物园南门①,动物园南门,2,1,1
c2d30945b934a854df43d5132a0fc5a0,广州大道中③,广州大道中#1 / 广州大道中#2,2,1,2
1b2d9e8a0e3bf419d99848b108d2ad7e,越秀桥①,越秀桥,2,1,1
c31906e6809dd69bc13b0de676a65ca6,中山纪念堂（市总工会）②,中山纪念堂(市总工会),2,1,1
ed63c00160e2b15e452ed03e3fd99a38,广医②,广医,2,1,1
ceba057aae27fa7d080486c7f5e96dee,东风西路③,东风西路,2,1,1
97b4db16e4aed3f9e66445cb2646c1ef,荔湾路①,荔湾路,2,1,1
4b2372e5686ee24e890da80d85c33424,和平新村③,和平新村,2,1,1
3cbb5a0b3ed52f53771720a039ba84f8,富力环市西苑（西村）①,富力环市西苑(西村),2,1,1
9eb5c0c809b7622e1cca97b73dc9f158,西湾和苑2,西湾和苑,2,1,1
55629d1db9bc617eb2877a9a77ece274,横滘2,横滘,2,1,1
09701d021d55a11ca86e76dafe07a2a0,豪景花园②,豪景花园,2,1,1
8aea5e1fdd9e08a214b0ec804187633a,广州体院①,广州体院,2,1,1
371f0ac703e18a515db92594e4a78b1c,天河东路,天河东路,2,1,1
33bec7591adcfe7f78999f54e6eded1b,天河公交场总站,天河公交场总,2,1,1
d3911de29fb0f89240fe3313738dfc4a,兴华路（地铁天平架站） / 天平架总站,兴华路 / 天平架总,2,2,2
24e32e52b6d66083dcfcd557404f898a,林和西路 / 林和西路②,林和西路,2,2,1
4eea13a1e4543f304cbca31c1d52f5b7,天河②,天河,2,1,1
7157a05e9f1fed3297920f0cf2bbe728,冼村③,冼村,2,1,1
4c7a3635e761be9dd225273f41cbb2c6,石牌村②,石牌村#1,2,1,1
4e85aafaea5fd062d23236880a890259,国防大厦③,国防大厦,2,1,1
e7dceb5210dfc9eaee8ed59ea4a04f8b,华侨医院（潭村）,华侨医院(潭村),2,1,1
4c9dbca8e87197e520f966261881ba0a,员村山顶② / 员村山顶①,员村山顶,2,2,1
59e047c48689a0058f4c08b670eb341a,员村① / 员村,员村#1 / 员村总#2,2,2,2
52d37bf89a204dd49fea21acd66a3176,员村四横路口② / 员村四横路口,员村四横路口,2,2,1
52ea02594b2e1e8c55ba3d92b40cd612,琶洲大桥北,琶洲大桥北 / 琶洲大桥北总,2,1,2
402fa95ee1782cc235f6bcbfacd492df,万胜围,万胜围 / 万胜围总,2,1,2
8052c6b837e7aa86bb2e6c11f7f0a713,琶洲大桥南,琶洲大桥南,2,1,1
b642e1f79a624fd20b17fdd02e86deb3,程界村①,程界村,2,1,1
7fa0726b9eb58a0c5dc52d8b8e286563,员村山顶②,员村山顶,2,1,1
495d6a84bf7aaad73100a5b62534c7b8,石牌村④,石牌村#1,2,1,1
8fa64e2993893e57c7fc1ad0a932516e,冼村②,冼村,2,1,1
6ba2105b411709d7b2f53a57edd04a25,天寿路①,天寿路,2,1,1
0986174e96f6c4a7ac1d9cf7c6d41692,天河南②,天河南,2,1,1
100080d1f2bd192262980837cbfa2bcc,花城大道,花城大道(华穗路口)#1 / 花城大道(华穗路口)#2,2,1,2
a420c49ea0fd3ffbdbb52ff9bb977e7d,天河南①,天河南,2,1,1
ad40481d3f43e3648a5ab616418ddcd8,天河东路①,天河东路,2,1,1
fd2de2ce1918a306d1698a6105e20e0f,京溪路口 / 云景花园,京溪路口 / 云景花园,2,2,2
111f76076c19c15483131866e4eb8257,员村山顶③,员村山顶,2,1,1
dfbf0588ff508ff684ce4d03a1ce04e4,国防大厦①,国防大厦,2,1,1
85024a0d0a18906efdbf28e9f2aede99,人民日报广东分社3 / 人民日报广东分社2,人民日报广东分社,2,2,1
2c3dc01e3a4c3a12432b905a05111257,海珠广场（一德东）,海珠广场(一德东),2,1,1
ecbb08be538b0d5f417d0bf16c390930,江南大道北,江南大道北,2,1,1
0cf3cb4a22ac167c7de1f6c6e43668f8,怡乐村①,怡乐村,2,1,1
ef020f5c62bd34de5dd6fb5dea64bcde,省荣军医院（荣校）①,省荣军医院(荣校),2,1,1
138c75a080306b2950795a0e04876ee8,中山大学②,中山大学,2,1,1
ed4479d28cac251f0bf7851262f681f5,康乐村①,康乐村,2,1,1
231e85028ef59cba06e520323724de83,鹭江②,鹭江,2,1,1
965622e4018dfa9d783e2fa2cd782ca3,赤岗（江海大道）,赤岗(江海大道)#1,2,1,1
69f60503f00b2c901f09f30504e368de,大塘（江海大道）,大塘(江海大道),2,1,1
23368e8e52cf42832be5ff1c83926d46,新滘中路（地铁龙潭站）,新滘中路(地铁龙潭站),2,1,1
3bc6ac0bd1fcfa7a9ec70b1940a96557,赤沙（广东财经大学）总站,赤沙总 / 赤沙(广东财经大学)总,2,1,2
39f98dfa1cbe1e7ae548767ecf61bdee,康乐村②,康乐村,2,1,1
1d320d6c9d7792355a467e8aa2c1ac0b,江南大道中1 / 江南大道中①,江南大道中,2,2,1
625b7d364392e7f1cea2c5ef512a6370,江南大道北①,江南大道北,2,1,1
1314b7ba7a75aa671758f3657e83795c,汾水小区总站 / 汾水小区,汾水小区总 / 汾水小区,2,2,2
5aa738652d154b0342c6b91c172673d2,基立下道2 / 基立下道②,基立下道,2,2,1
4251090cc824eb590f3331af64488395,沙河大街①,沙河大街,2,1,1
3289c6996fa7c2043be52576aa43359f,豪景花园③ / 豪景花园,豪景花园,2,2,1
02de59470dfcfaab9ca1aeb35327ed87,动物园 / 动物园1,动物园,2,2,1
b274e80cc331a37e9873cfcd628f979f,黄花岗①,黄花岗,2,1,1
b81518d95467d64b6603e0ccbc44dd46,同德围,同德围总#1 / 同德围,2,1,2
1984ad040313f8f3fb4d0867c2843c5b,岗贝路 / 岗贝路总站,岗贝路 / 岗贝路总,2,2,2
017d129608459fd41af39047017f2352,机场路岗贝路口（省二医民航院区）②,机场路岗贝路口(省二医民航院区),2,1,1
ec13e9f85448f40a0bbaeadf0ec4a169,地铁白云公园站 / 地铁白云公园站总站,地铁白云公园 / 地铁白云公园站总,2,2,2
a98d1654a693a1493539cff191005949,白云山管理局,白云山管理局,2,1,1
9b90a65a3513071c25f4451ba4b9b530,沙河②,沙河,2,1,1
c07146cf78f46b1cf331aeaf027093ba,大金钟路,大金钟路,2,1,1
35597b4710cb115b42280201771476b4,广州火车站（草暖公园）总站,广州火车站总 / 广州火车站(草暖公园)总,2,1,2
ed23f4857fa6fe61a7d7d0dd9e1c217c,瑶台①,瑶台,2,1,1
5bc23ab3d02b5e1f256cb2c72b15be6e,北站（三元里大道）①,北,2,1,1
0afd84be2539d5641d31fede6f724280,沙涌（三元里大道）① / 沙涌（三元里大道）②,沙涌#1,2,2,1
90bdb2870ce7eabf5a1ea72ad7a9a10c,棠下（三元里大道）①,棠下(三元里大道),2,1,1
44d4c26a353c8ac0aafdc592d59e36cc,新市墟③,新市墟,2,1,1
bc1d68b65965d9e669ed4dc14fad0811,黄石路口（地铁马务站）①,黄石路口,2,1,1
26b7cadce721ff2f7fc5961bd4e8a661,马务②,马务,2,1,1
94e0cfee0320230d2fd64acb2609d1de,棠溪①,棠溪,2,1,1
8e9f631543cfe9e6ea6e3dd4bd293460,北站（三元里大道）②,北,2,1,1
9c415cff216acacb1740de1270e029fe,克山1,克山,2,1,1
4edfdf60fc6ccb2eb8f40b1ea90b743c,云台花园③,云台花园,2,1,1
6d3ae746472c33645575c01a67f424ff,兴华路口2 / 豪景花园,兴华路口 / 豪景花园,2,2,2
04b12b1971b9ca8e808ba6e2bcf0f845,伍仙桥1 / 兴华路口,伍仙桥 / 兴华路口,2,2,2
f87f7927feb185e638299c42acea82b9,鸡颈坑 / 鸡颈坑2 / 伍仙桥,鸡颈坑 / 伍仙桥,2,3,2
2486422c2c697f17a72b26316b513432,梅园新村（地铁梅花园站）② / 鸡颈坑,梅园新村 / 鸡颈坑,2,2,2
1166e0455b5f24ba6a43db28dbe78551,梅花园② / 梅园新村（地铁梅花园站）,梅花园 / 梅园新村,2,2,2
35f0e2d159eb4784bd05fdcbc254cb07,一五七医院（地铁京溪南方医院站） / 梅花园,一五七医院 / 梅花园,2,2,2
a0b102d54de4c168f7aae7694f8eae2c,瑶台②,瑶台,2,1,1
916ddfdd937c159dcc50cc3f5606a6a7,富力环市西苑（西村）,富力环市西苑(西村),2,1,1
d4e3b93d2b9565d65c2c8e15b8b1b644,南洲路（盛景家园）,南洲路总站(小洲南路口) / 南洲路,2,1,2
ec01714cf8f9450927b87bd5cffef8cd,沥滘,沥滘 / 沥滘总,2,1,2
7f832c1bb682e646c95415c8202b6c95,金碧花园①,金碧花园,2,1,1
91d66325e410baee0561679802643e7b,新滘西路口②,新滘西路口,2,1,1
bd2b5804f91bce4a479a1748d9c70f9d,江燕花园（地铁江泰路站）,江燕花园(地铁江泰路站),2,1,1
b1412dc6e163d15b5dc15cb66c3489a9,南村2,南村#1,2,1,1
98924fe21c96772e08c98a0278102097,解放中路②,解放中路,2,1,1
93054cf79130084ea6c59e9246157d1d,解放北路（应元路口）总站 / 解放北路（应元路口）,解放北路总站(应元路口) / 解放北路(应元路口),2,2,2
eb0ca6f43e9d40391ee27ba52e223c33,嘉鸿花园②,嘉鸿花园,2,1,1
a4461de4431fa23721a2c874122cb752,南洲路（小洲南路口）总站,南洲路总站(小洲南路口) / 南洲路(小洲南路口)总,2,1,2
ce00fea7fe584c2ce1a7cb6d74a97399,敦和①,敦和,2,1,1
d952ca6aa133586ed546420edd85248d,农林东②,农林东,2,1,1
4f777c30c2bf4955e089c10777f564de,芳村合兴苑,芳村合兴苑,2,1,1
44ebd0affb4ba747653f044db0b6a436,横枝岗,横枝岗#1 / 横枝岗总,2,1,2
26e652b6e9ef0b66218d572d4e3f6c8d,三元里大道（桂花岗）,三元里大道(桂花岗),2,1,1
6930f8958b2beba969b941f7d777c503,电视塔①,电视塔,2,1,1
618032f50369518074c67b90b6db2c09,锦城花园（四五八医院） / 锦城花园（四五八医院）②,锦城花园,2,2,1
3a82a153391b81e571f647a54974d42e,越秀公园北门①,越秀公园北门,2,1,1
9173559dbabc810f30f25163ed69a2db,三元里大道（桂花岗）②,三元里大道(桂花岗),2,1,1
656d085af5a4dab21a582fe565137e3f,市少年宫②,市少年宫,2,1,1
0c13ce106933aa9b30fd71eba12c0b40,南村1 / 南村①,南村#1,2,2,1
86411bbe0d8a09410e3ccd7f3793cc54,珠江医院总站,珠江医院总,2,1,1
cb77b551b1e024e3031c2a255aa59d97,信和广场（昌岗中路）②,信和广场(昌岗中路),2,1,1
8cd32d2b83df79ef648b4b790137799c,江南西路 / 江南西路总站,江南西路 / 江南西路总,2,2,2
179bface83bac3fb37a5b0ded81cc0db,洪德路①,洪德路,2,1,1
ccd0505d14c4a32d5588e0b07112636e,华海大厦①,华海大厦,2,1,1
1320b236adfd92bae5de8ce2ed2341cd,广医二院① / 广医二院1,广医二院,2,2,1
dbd0926cf2296f45f9418c48109b74ef,广医二院② / 广医二院2,广医二院,2,2,1
f46e03a1f3859e8f7ae8d7d0b8619a7f,南田西② / 南田西2,南田西,2,2,1
aa79ae848d73d2a23473008ad49398fc,革新路口①,革新路口,2,1,1
f1febf4fda2f09ae922f7c7856d820e0,东风东路（广东工大）1 / 东风东路（广东工大）①,东风东路(广东工大),2,2,1
ed7b4f207f07115a87adf0eb6cd140d9,锦城花园（四五八医院）①,锦城花园,2,1,1
6dbd206aff50788a89353da7d1d13d70,石榴岗（海珠行政服务中心）总站 / 台涌,石榴岗总#1 / 台涌,2,2,2
4cb3b042ae039d9d50af64b952b6ab0d,东风东路（广东工大）1 / 东风东路（广东工大）①,东风东路(广东工大),2,2,1
3d42926c972d8d8de1d75d6eaa4824cc,小北②,小北,2,1,1
75320a31344ebeb0287cdf3e297f1e7b,景泰坑2,景泰坑,2,1,1
cf7de2f4b96013643727cc7a083c5968,雕塑公园① / 雕塑公园1,雕塑公园,2,2,1
32160f8132104b522bcf759ccd006261,柯子岭,柯子岭总 / 柯子岭,2,1,2
268ca84b55e99acb809f14040a59c7a3,海珠广场（侨光西）②,海珠广场(侨光西) / 海珠广场总站(侨光西),2,1,2
811ca2f82b8ed4561b1f2cd008efb3e5,动物园南门②,动物园南门,2,1,1
ceffcefadd1ca79876891ef2c7d43180,解放南路②,解放南路,2,1,1
b905fb4a86e80226815324bd0f6a9de3,中山五路②,中山五路,2,1,1
f23c087f3fe5a79967f55b560e82d46c,水荫路,水荫路 / 水荫路总,2,1,2
dadd1e101dbe9a0d8503ec1c5a033f42,动物园2 / 动物园,动物园,2,2,1
b4037247b271239b610b355f631bb485,礼岗（省口腔医院）①,礼岗,2,1,1
37fcab0a0f183ec0be91f4056f81601a,白云路,白云路,2,1,1
6e5a49928e5589849f8c49779d8cbd82,芳村大道西,芳村大道西,2,1,1
695bfdc5ba8c4ec9074e1dedae9bef09,芳村大道西1 / 桥东小区总站,芳村大道西 / 桥东小区总,2,2,2
bd4b86d43d5ec08a29e8d999c756bd17,中山六路②,中山六路,2,1,1
19a5085908f1c32225f250bd43853bec,华景新城（翰景路）总站,华景新城(翰景路)总 / 华景新城总站(翰景路),2,1,2
d8c60d58a59ddf987c6165de0efa09fa,市红会医院 / 市红会医院①,市红会医院,2,2,1
a136e162e8722b9ed8c55969d680192b,广州大桥北（五羊邨）3,广州大桥北(五羊邨) / 广州大桥北站(五羊邨),2,1,2
082af2ef79a1c47982cc89b474924925,石牌村①,石牌村#1,2,1,1
7e7e9a7d83a1592a51ba004fbe8515ba,富力半岛花园①,富力半岛花园,2,1,1
402309e5f61bd88b23f783aeee13f547,槎头①,槎头,2,1,1
7e3c73b06394e0f265dc806a85c110e3,富力环市西苑（西村）②,富力环市西苑(西村),2,1,1
d21e22c5c432b834d4b9902ca625722c,西坑（益民服装城）,西坑(益民服装城),2,1,1
559cbb0e4eb7069a4672180aecd7c43f,芳村①,芳村,2,1,1
69003896f571027eef7eeee72a475d7b,山村（地铁石围塘站）②,山村#1,2,1,1
a6d1c22ed191655a6a3cae308fd2a599,芳村,芳村,2,1,1
e88875e26aabf91d0def70259c61b8a7,东山（署前路）总站,东山总站(署前路) / 东山(署前路)总,2,1,2
788e828918fc95d80c346f934b80998e,农讲所①,农讲所,2,1,1
d56118df1af6e921afb57c3487abf9e1,六二三路①,六二三路,2,1,1
5c9aa791fc1738beb94b1b4cabb80d0d,中山纪念堂（市总工会）③,中山纪念堂(市总工会),2,1,1
a6df5d64510cdd5a8506bc52c45bd508,东风东路（广东工大）③,东风东路(广东工大),2,1,1
104cc518184f3393b88dbcd93f585724,信和广场（昌岗中路）①,信和广场(昌岗中路),2,1,1
daced6b930c33c1e4f2f111b66e13fd8,裕海路 / 裕海路总站,裕海路 / 裕海路总,2,2,2
cb1017351f973e4f47722ccfabbe83c0,裕海路 / 裕海路总站,裕海路 / 裕海路总,2,2,2
6bb4a9ede92af5dd21ec9d74e64f4840,六二三路②,六二三路,2,1,1
92975ba6485075ef253121c1e4f3f73c,广州大道南（叠景路口）③,广州大道南(叠景路口),2,1,1
5e9b47b4158b002a425d9f796d8265d4,如意坊① / 如意坊,如意坊,2,2,1
0c76cb972207cec73f85db10312d7862,华工大,华工大 / 华工大总,2,1,2
afd891b29f275f91718404db54517e7e,汇景北路总站,汇景北路总,2,1,1
f460ecf7c4fa15a051a521eff8d5cb8e,猎德大道北②,猎德大道北,2,1,1
7355c2aa5e51194bb22ad1b3e56170fe,南浦岛（锦绣半岛）总站,南浦岛总 / 南浦岛(锦绣半岛)总,2,1,2
aa449e04d62e60f894a91febe909dc80,越秀公园①,越秀公园,2,1,1
4c203a9693bbdc877d681c45529ba00b,南岗,南岗 / 南岗总,2,1,2
2080594acb3630097def86e8c34ff3f0,东山龟岗（中共三大会址）总站,东山龟岗(中共三大会址)总 / 东山龟岗总,2,1,2
aebf6f505536b9ca8ff71c2566a4d668,芳村客运站①,芳村客运,2,1,1
a4f837706858aa621ce94b870c347b36,南方大厦1,南方大厦,2,1,1
8a944f351766a7ee2dec509c7d6af56c,员村②,员村#1 / 员村总#2,2,1,2
859e9c3b8940af069a5d92603a668f63,车陂南①,车陂南,2,1,1
73c3e93aa8180b0f7b6f8acdffaa6eb1,车陂南,车陂南,2,1,1
40393410ff88440d5bd58bdf8d96ec7c,华侨医院（潭村）②,华侨医院(潭村),2,1,1
2d1c8e7cfa28fcd9f7d78ed4daf103c2,平沙①,平沙,2,1,1
1168d3cb8b16e33f3408bf340ec62879,夏茅,夏茅 / 夏茅总#2,2,1,2
47eae4ec14d7db6631d9519112ddd680,鹤南,鹤南(兵房街),2,1,1
9d453cbf3e08a130a5df3b3e0281670d,联和①,联和,2,1,1
45b0f1e7362ed030a64bda6d901acb52,棠溪②,棠溪,2,1,1
9d8ae84fc891e62099eba94597c3d482,纸厂（地铁燕岗站）,纸厂 / 纸厂总,2,1,2
a32ba65832418053ab73fbc04bcf1046,沥滘总站,沥滘总 / 沥滘,2,1,2
b4b0cf006186ec57e7b77487faf16aca,石溪①,石溪,2,1,1
8e2ff1304867b2d989be88a411563a1c,芳村合兴苑②,芳村合兴苑,2,1,1
4d1e14fde5ba8259ea8efcd78492133c,鹤洞路西②,鹤洞路西,2,1,1
fa10ea1b96f82d8a27027b137eb0d221,广外（白云山西门）②,广外(白云山西门)#1,2,1,1
43a040b3467c27b936a3c899823c1d71,东山口1 / 东山口①,东山口(东华北路) / 东山口(中山大学附属第一医院),2,2,2
4e3c94b1f00ab2b3b28e85141f5ad870,白云山管理局②,白云山管理局,2,1,1
f35c7c4e91b6786ea2e230a14f440198,电视塔②,电视塔,2,1,1
b88d45098b3301eff38c53c749d17bd3,海港花园②,海港花园,2,1,1
25a5c664dc656d1574d0b7ada0d15aaa,罗冲围（松南路）总站,罗冲围总站(松南路) / 罗冲围(松南)总,2,1,2
30a3f4ba614688d1425faf6242963837,海港花园,海港花园,2,1,1
55409826b833f43a49acb75d514c8b7e,纸厂（地铁燕岗站）②,纸厂 / 纸厂总,2,1,2
d630b79701330de02ca560a31fa5f203,纸厂横马路,纸厂横马路 / 纸厂横马路总,2,1,2
839bb372cb4a7b26f5bb21842ea9410c,广东工大（地铁区庄站）②,广东工大(地铁区庄站),2,1,1
1f652dbb7ebedcf9c40ecf33448b31a6,下芳村①,下芳村,2,1,1
630e4278e3acdc9864a98d356b3cce0d,南洲北路 / 南洲北路总站,南洲北路 / 南洲北路总,2,2,2
3d0feb1944272b18a5965b2686c7d68e,盈丰路 / 盈丰路总站,盈丰路 / 盈丰路总,2,2,2
7b8f6e79bb4f366c6b77056263a66a47,光大花园 / 革新路总站,光大花园 / 革新路总,2,2,2
cf4691c7df0886c67e5df0534338878a,海珠区妇幼①,海珠区妇幼,2,1,1
c2a7b1f7918c4ccda30a7f0c24bf66e5,黄石路口（地铁马务站）②,黄石路口,2,1,1
8fe73f0a35b0999b601494aece121a06,黄石东（白云尚城）总站,黄石东(白云尚城)总 / 黄石东总,2,1,2
75c0ee5892cbac67831806b4d894e91a,天河立交②,天河立交,2,1,1
cd51b87a9010f22c9d076ccf2f72e90b,员村一横路,员村一横路 / 员村一横路总,2,1,2
bbb0ebb9507a72495f1444697f98f62b,太和文化广场②,太和文化广场,2,1,1
6cd5112b0430c1c528b49c3af0c16209,茶山庄 / 沙太路北总站,茶山庄 / 沙太路北总,2,2,2
04db65e9b6281e94a620a90719274b4a,白云农批市场 / 南方医科大学,白云农批市场 / 南方医科大学,2,2,2
c868caf531ad83f3bbc01c93802d9ae6,南方医科大学 / 京溪路口,南方医科大学 / 京溪路口,2,2,2
56f1912de43c87e57ff499d8a0e708cc,东山口（东华北路）①,东山口(东华北路),2,1,1
d8fc5788727f6aaa080134cf2d33602e,七星岗,七星岗总 / 七星岗#1,2,1,2
65ef9f94a89e5a40deac6403f7a216ac,市交校,市交校,2,1,1
555c4c1953a61c3912bb0122b94310a8,机场立交北②,机场立交北,2,1,1
c266ffbe39207bdb4acef00cf388cb25,梓元岗③,梓元岗,2,1,1
471ba0afc5b6a4ca4ecae18009e0ad8f,桂花岗①,桂花岗,2,1,1
79c263c777bef7b07a3388769730e829,站南路② / 站南路总站,站南路 / 站南路总,2,2,2
ec3d847a18c3ae9056b6fd659f646ab4,康王南路②,康王南路,2,1,1
e574407aefc9a829e263d2d420bcb8bb,流花（南部战区总医院）,流花(南部战区总医院),2,1,1
c809048ab23a2549f4c96a95da0045a7,新市墟④,新市墟,2,1,1
f262690184b7b50643452ac827f98bdd,市交校①,市交校,2,1,1
daa63b96e2ad7a1c5b1302c115b7b9c6,外环西路（青创汇）总站,外环西路总站(青创汇),2,1,1
cb744ab4c9725b25d594add4212132a6,瀛洲生态公园,瀛洲生态公园 / 瀛洲生态公园总,2,1,2
b14b1aec0edca2152550727acc3043b4,小洲村口 / 小洲村口总站,小洲村口 / 小洲村口总,2,2,2
4e8de21ddec3277c699008078baa0457,小洲 / 小洲总站,小洲 / 小洲总,2,2,2
efe1a863b54b3f4aeab7f99d56f4c300,土华,土华 / 土华总,2,1,2
f75e573577feeec062dbee4aaa979770,罗冲围客运站①,罗冲围客运,2,1,1
f15309dce9af1e0454aaaf9a8c4edcdc,广州老年大学（九十七中学）,广州老年大学(九十七中学),2,1,1
76bb3dcd5bc4d285b5a4791a57bc81d8,小坪立交桥① / 小坪立交桥1,小坪立交桥,2,2,1
f3549e6c56de6a6fec3d49a6fdb7e119,桥中中路南,桥中中路南,2,1,1
f3fc04fdda8595e586b878267b4bcb38,多宝路（广医三院）,多宝路(广医三院),2,1,1
74ee0c7d7ae4ee0fd364a64fe3a37004,鱼珠码头,鱼珠码头 / 鱼珠码头总,2,1,2
a31f1cdd27b96619bcf2822bb71731d9,赤岗北路,赤岗北路(艺洲路口),2,1,1
7379a0187a1eeee58435cbadff45ee21,北山村（新滘东路） / 北山村（新滘东路）总站,北山村(新滘东路) / 北山村总站(新滘东路),2,2,2
35527bfef15b02492c5406daea36d525,白云路①,白云路,2,1,1
29ae0e2c64e437164489f00650f435a5,大金钟路②,大金钟路,2,1,1
32a2e43f71a1d7b5352592f201b7e922,盘福路①,盘福路,2,1,1
1af77ddca1284284130e20208f3dbcc3,珠江泳场（海印公园）总站,珠江泳场 / 珠江泳场总,2,1,2
2096c2aab7684c38d892309da0dfca96,泮塘总站,泮塘总 / 泮塘,2,1,2
492d30feeee5760f515cbc905cba403c,远景路①,远景路,2,1,1
2d8e35c0253f23de3d5bd18223c469f3,土华总站 / 土华路西,土华总 / 土华路西,2,2,2
15d50e9a4e3c1717f49ac219e4044fb2,石井大道（红星村）,石井大道(红星村) / 石井大道(白云湖公园)#1,2,1,2
6b33efec626da10875099edfdf480518,滘心路口 / 石井（滘心村）总站,滘心路口 / 石井总站(滘心村),2,2,2
9bec0d279f75d7917fa1f3b621c27229,石井大道（白云湖公园）,石井大道(白云湖公园)#1,2,1,1
5548ebc6e2cc4f293ba9f37edc5e4de2,晓港湾总站,晓港湾总 / 晓港湾,2,1,2
c8e11fc33701073977cd1713ffade06e,富力桃园（增埗村）总站,富力桃园(增埗村)总 / 富力桃园总站(增埗村),2,1,2
6c2721cd0d65e8a554a6ba4f50c2ed03,三元里大道中③,三元里大道中,2,1,1
f5e0c490d35a9e08da46d342c9818c11,三元里大道中②,三元里大道中,2,1,1
ee44c9f412d1df50bd38e0430563b848,沙河大街②,沙河大街,2,1,1
385152a7898b1aad632be26f11c1d235,石壁路口,石壁路口(汉溪大道中),2,1,1
a9ad7c7d3f9df3b50aa91a1ac068d4ff,嘉鸿花园①,嘉鸿花园,2,1,1
de8a2adfa3d89511e7e2fe46d91066d1,城西花园 / 城西花园①,城西花园,2,2,1
cce60f9a36f62341fb45c98976759c14,金沙洲大桥西②,金沙洲大桥西,2,1,1
b78dccbd90bf341b71da0d3c836213f8,富力环市西苑（西村）③,富力环市西苑(西村),2,1,1
b2a5c33fd4cb3e680e04cd1dec8ef420,金沙洲路② / 金沙洲路③,金沙洲路,2,2,1
0395bd3542cdc8771d9574751e61f14c,临江大道（员村二横路口） / 员村（绢麻厂）总站,临江大道(员村二横路口) / 员村总#2,2,2,2
33c80c7b190af881b4ae92b0874d2b75,武警医院②,武警医院#1,2,1,1
c8b3456cd4242a00ad31bf5cbf2dccc4,燕塘企业①,燕塘企业,2,1,1
903e8201007baf7dfd125442aa3bcb24,燕塘企业③ / 燕塘企业3,燕塘企业,2,2,1
2ddacbf08cf07dec8f91856acf238d60,武警医院① / 武警医院1,武警医院#1,2,2,1
9eaba989228b7bad1af62e969cd776d3,长兴路口,长兴路口,2,1,1
f35f36ec7845f331bd09f6ed1b1e69bf,东升医院②,东升医院,2,1,1
de7283ec10626ddb9085a9e797c483d1,左边村（珠宝名镇） / 大罗塘珠宝小镇,左边村 / 大罗塘珠宝小镇,2,2,2
31ad6372f9ca434d3ed3256cc186667d,兴南大道（南草堂）,兴南大道(南草堂),2,1,1
c307f338b454309115d1687616340f8e,市头村,市头村,2,1,1
2972c62bcfbe085f22e85853df403bf0,雅居乐（剑桥郡）,雅居乐总#1 / 雅居乐#1,2,1,2
4cc991636840f7b280dfb8f32649305a,天寿路②,天寿路,2,1,1
624c856bc93e1de377588b02a973b38e,龙美牌坊,龙美牌坊,2,1,1
23463a6075fc987a783a46092a553735,节能科技园,节能科技园 / 节能科技园总,2,1,2
c570650c2b371fa90e41b6d152fb9f68,长隆旅游度假区总站 / 香江野生动物世界总站,长隆旅游度假区总 / 香江野生动物世界总,2,2,2
6ec1cc2ccf054655524762c928990011,大石地铁站总站 / 地铁大石站,大石地铁站总 / 地铁大石(新光快速),2,2,2
7ea9f7aaa6f0d87e6f2dea68a00cae5c,迎龙路（石门禅院）,迎龙路(石门禅院) / 迎龙路#2,2,1,2
d81055ec9297c271715b950459b4d357,火村（法雨寺）,火村(法雨寺),2,1,1
bd97f962fa2eacfaa1337895e43aaebe,科学城（揽月路）总站 / 科学城（揽月路）总站①,科学城(揽月路)总 / 科学城总站(揽月路),2,2,2
08dbe77fdfaf574f02b1dab7ce46407e,开创大道（科翔路口）,开创大道(科翔路口) / 开创大道总,2,1,2
1362c74f1a1c7636fa30dbc827ca03dd,地铁苏元站（暹岗圣贤）,地铁苏元站(暹岗圣贤),2,1,1
ca4c66d3f2670da528d3ae3579386ac9,开创大道（香雪山南）,开创大道#1 / 开创大道(香雪山南),2,1,2
a2b9f62c9f2cbd069f148c8019247f0c,科丰路（科林路口）,科丰路(科林路口) / 科丰路（科林路口）,2,1,2
46f36c3949f552a017b843a1b77acb2a,上堂,上堂,2,1,1
2e60f8a26d9ca4c6f41f2e33130a7b9b,科学城路口,科学城路口,2,1,1
a64b881ff2a80425bf1db80fe5fed323,广汕路（科景路口）总站,广汕路(科景路口)总 / 广汕路总站(科景路口),2,1,2
c2c98638b00073fb92a45736a9d6c554,奥体南路,奥体南路 / 奥体南路总,2,1,2
27dc4c4078cf70500cbdda070c9ec77e,上堂①,上堂,2,1,1
11e738b7af208f1af872d886428c1727,碧山村,碧山村,2,1,1
d6906633ea8a8bc054c3556ba7fdf9f3,开源大道（云信路口）,开源大道 / 开源大道(云信路口),2,1,2
ed5dbcb682e9a38a3c336848caedc2d8,开泰大道（瑞和路口）,开泰大道(瑞和路口) / 开泰大道站(瑞和路口),2,1,2
1a945db964d114b609139367ed456dd7,香雪公寓（广州国际人才城）,香雪公寓(广州国际人才城),2,1,1
bb9145f0e17acd0fb11d6fb9c26d8995,萝岗香雪（梅花世界）总站,萝岗香雪总 / 萝岗香雪(梅花世界)总,2,1,2
19a241e3498964ba4c9f5e012c4aa326,华峰路口总站 / 华峰路口,华峰路口总 / 华峰路口,2,2,2
8c5c9788c85f93ec58c29dbd52b76264,新丰路中（禾丰新村）,新丰路中(禾丰新村),2,1,1
663384e51af43fdfb8e5e35179bceb08,永和（万科里享家）总站,永和总#1 / 永和(万科里享家)总,2,1,2
eb309092ae6e3c14203e710319d84a70,永顺大道,永顺大道 / 永顺大道(新业路口),2,1,2
9bfa858aa8125b5a3452f1b4eaaae5ec,新丰路口1 / 新丰路口,新丰路口站(永顺大道),2,2,1
32c4b3809aa7cfa103858b6f90117d43,开创大道中（南方物流）,开创大道中(南方物流),2,1,1
7fea887a222bc93579291f2a5deafc88,开泰大道（开源路口）,开泰大道(开源路口) / 开泰大道(东荟城)#1,2,1,2
906f71fa97322eb13f6c933e6dffadd6,地铁萝岗站②,地铁萝岗,2,1,1
fc127484ea62d92067c946fbc731ee1c,云埔一路（中一药业）总站,云埔一路总 / 云埔一路(中一药业)总,2,1,2
eaca447f992002fb77863eb7654d12b0,科学大道口,科学大道口,2,1,1
f9e3b10725d5af421ae7be5e2b53a144,荔红路（萝岗中医院） / 萝岗总站,荔红路 / 萝岗总,2,2,2
a216948d4b2ee95c2612531974fec34e,火村东 / 火村东总站,火村东 / 火村东总,2,2,2
864d1157fed8b48f9dd2e845b5e29109,南岗总站,南岗总 / 南岗(总站),2,1,2
5979aeeeec2371d5537769cc3afd8586,永和开发区 / 永和开发区总站,永和开发区 / 永和开发区总,2,2,2
bd60a4de631636e9cc096f334d383564,莲塘村总站 / 莲塘村,莲塘村总 / 莲塘村#2,2,2,2
e4d860824b6c964e8ad1e334d2557f3e,凤凰五路,凤凰五路(粤芯路口) / 凤凰五路,2,1,2
2cc2b069a280cfcf03757824dbde7493,知识城南（凤湖四路）,知识城南(凤湖四路) / 知识城南总,2,1,2
21b12c759f9263aea09694077b5b39ea,地铁红卫站 / 地铁红卫站总站,地铁红卫 / 地铁红卫站总,2,2,2
d5852da239ca7eccbf52f0f8484eeb82,联和墟 / 联和墟总站,联和墟 / 联和墟总,2,2,2
c9635dfcb533c639925f5d82867f3599,穗丰村（兴太三路）总站,穗丰村总站(兴太三路) / 穗丰村(兴太三路)总,2,1,2
28289e68d66e1f12774f97fb5ff76919,云埔一路,云埔一路 / 云埔一路总,2,1,2
59ff1940cd0f256f5a166f219d6abdaa,裕丰围总站 / 地铁裕丰围站,裕丰围总 / 地铁裕丰围,2,2,2
5cc62f6b51ceee1390c16ef7637cf0df,知明路（何棠下）,知明路(何棠下) / 知明路(建设新街路口),2,1,2
f7ce7dd6896b1e82ad9ca3129c1177a7,洋田村（文娱广场）总站 / 洋田村,洋田村总 / 洋田村,2,2,2
ffd14a126dfe145cf1a0f349268f1bc8,汇彩路,汇彩路 / 汇彩路总,2,1,2
4c415e525b00e1ffb6772845e7ab10b1,珠村 / 珠村1,珠村 / 珠村总,2,2,2
0d6d6ac3d110f2309b210ed817e7031e,黄埔区青少年宫（萝岗宫）,黄埔区青少年宫(萝岗宫),2,1,1
7860ec6dabdb42e7bb07aaca35fc15b9,黄埔低空经济创新中心总站,黄埔低空经济创新中心总 / 黄埔低空经济创新中心,2,1,2
30654468656560ae7a3ca37aa6e056b0,华坑生态村 / 华坑生态村总站,华坑生态村 / 华坑生态村总,2,2,2
7cf4c6c9c49c0bcb12f459ab5c2f33f6,大沙东（黄埔海关）,大沙东(黄埔海关) / 大沙东,2,1,2
2856226972dd5e80c096370502680e72,小洲 / 小洲总站,小洲 / 小洲总,2,2,2
3ff5456872404b43f90df04f7d630156,档案馆路（中部枢纽）,档案馆路(中部枢纽),2,1,1
42ac826105af1167141d4f23bd96c242,综合商业北区,综合商业北区(临时站),2,1,1
da915c28154834bf1a045bf9eb90f868,珠江村,珠江村,2,1,1
f3a11652280060f1b454d8e60f158f1f,吉山新路街（吉山村委）,吉山新路街 / 吉山新路街(吉山村委),2,1,2
17660c60d51890f648e2c39b7f01a8e7,永和大道（常春藤）,永和大道(常春藤),2,1,1
13fe2da4163038605f7fba98af9badb8,二中（科学城校区）,二中(科学城校区),2,1,1
43e4c3b951e6fcd6e296866aac15b3bd,地铁香雪站②,地铁香雪,2,1,1
6a801f435bb82d7eed3f587a72265b54,启学路（玉岩路路口）,启学路(玉岩路路口) / 启学路站(玉岩路路口),2,1,2
96deb575d59f80162a13ad44f74ef114,凤岗地铁站D出口,凤岗地铁站D出口,2,1,1
cbdebd3732552b9716c26ce77b7e3102,新庄二路（新安路口）,新庄二路(新安路口) / 新庄二路站(新安路口),2,1,2
d5f454d01662834814b83c98946c424b,暨华医院（南安村） / 暨华医院,暨华医院(南安村),2,2,1
abedfd14821dc48b818dcb1f670fccd5,创盈路中总站 / 创盈路中,创盈路中 / 创盈路中总,2,2,2
c0477dc46f8af5d411cd7347944c07f6,永和（崇和花园） / 永和（崇和花园）总站,永和 / 永和总#3,2,2,2
d6b519d9cc1573b8bf9c59aa0e2b37d5,凤凰城（凤馨苑）总站,凤凰城总 / 凤凰城,2,1,2
f05c278e8c87a438f562891f83704dd0,凤凰城东门商业街 / 东门商业街,凤凰城东门商业街 / 东门商业街,2,2,2
d4a3a7ed0ff4873268490ec35e25786f,广州海关车检场 / 开创大道中,广州海关车检场 / 开创大道中(南方物流),2,2,2
c870a5955358bd458f2b504f93af47dd,乌冲,乌冲,2,1,1
22018c6d9956e381ece23b2711ec851b,凤凰城四环岛 / 四环岛,凤凰城四环岛 / 四环岛,2,2,2
238e2c4283dd5d77581100a8a323d910,凤凰城五环岛 / 五环岛,凤凰城五环岛 / 五环岛,2,2,2
e4b761dc2d24c099becede1eb83866c9,杨箕村②,杨箕村,2,1,1
86c617476f99efb819f8ee7c09d35028,黄埔低空经济创新中心,黄埔低空经济创新中心 / 黄埔低空经济创新中心总,2,1,2
c6b7bc8f860e7106a292878bab595b32,地铁萝岗站①,地铁萝岗,2,1,1
902942c1660c3d57335d6a3cd031c15c,长贤路（岭南林语南门）,长贤路#2 / 长贤路#1,2,1,2
6ecd71591a0515d59ef3b7f8924ec4f3,禾丰新村西门 / 永和禾丰新村总站,禾丰新村西门 / 永和禾丰新村总,2,2,2
4cadf38613beb9f67a4fb1f83c002509,燕塘企业②,燕塘企业,2,1,1
03d9e2b9b194928f8a38463be1883d20,广东外贸学校,广东外贸学校,2,1,1
84c4dc56d39c624acc88885b8f12a8f3,长兴路口①,长兴路口,2,1,1
9e24904f28539cafe6ca573c033fe1de,东圃大马路 / 东圃总站,东圃大马路 / 东圃总,2,2,2
ecab8e59b770df4c5057262c5dcb2066,黄村路（王园路口）,黄村路(大观南路口) / 黄村路(王园路口),2,1,2
b92a18929bc25a5de76c6b3b7be5b139,天坤三路,天坤三路总 / 天坤三路,2,1,2
510beca57321e0b255be6a0dd83f5c0e,家家乐医院②,家家乐医院,2,1,1
e8d9985706958153d22babbfc08dc2d9,鹤洞路西①,鹤洞路西,2,1,1
85ed8e49def2819ca02fa6d40810018c,百顺北路（岭南新世界）总站,百顺北路总 / 百顺北路(岭南新世界)总,2,1,2
3344240f8e47240bca499b3d656bfd19,司法学校,司法学校 / 司法学校总,2,1,2
a1ffa2b8d0bfb19261a63f710e15bf9f,深井码头总站 / 安新路北,深井码头总 / 安新路北,2,2,2
6bd897b259dab4f3c52fc75c5d0e63c9,黄埔图书馆（大沙馆）,黄埔图书馆(大沙馆),2,1,1
0102f223af457b07ef74bedbeec28a7c,吉岐路 / 天河儿童公园北门总站,吉岐路 / 天河儿童公园北门总,2,2,2
117069993ee21c743cab0b71e3d20977,柯岭路 / 镇龙水厂,柯岭路站(原镇龙水厂站) / 镇龙水厂,2,2,2
296791667eb76e25d8159b6db10d9f1c,新新大道中 / 永和医院,新新大道中 / 永和医院,2,2,2
4f2e0244426cb5c62abdc4d0f06cf223,小塱总站 / 小塱,小塱总 / 小塱,2,2,2
9b8309b1801efb9a408a2e20fc0dfa0b,海中村总站,海中村 / 海中村总,2,1,2
9a91ea92afeac09889280108f8f30677,知明路南,知明路南 / 知明路南(广州泰和肿瘤医院),2,1,2
72092e9ba10ee21a8ce75bd6bda544b6,北山,北山 / 北山总,2,1,2
974a6c49b89a040f6aff67503a384066,仑头,仑头 / 仑头总,2,1,2
8456b40272d075a64a061f4870fd8829,地铁东晓南站总站 / 地铁东晓南站,地铁东晓南站总 / 地铁东晓南,2,2,2
ccafbf818a6e1b162d9783f1a1a3dabe,神山,神山 / 神山总,2,1,2
1e27b74326931188cdebd9d67da22bf3,白沙村,白沙村 / 白沙村总,2,1,2
87ddf8a281224d4988fa1109baf470e8,淘金路口 / 淘金北路总站,淘金路口 / 淘金北路总,2,2,2
48fcae216488e0534de40d8e4cdce816,加庄②,加庄,2,1,1
f670fe69bcf59dcfaa447a3a8825f18b,渔沙坦（渔中路）总站,渔沙坦总站(渔中路) / 渔沙坦(渔中路)总,2,1,2
da14aaffe3dcea12814ab97e1b56a20c,渔沙坦（中山村）总站,渔沙坦(中山村)总 / 渔沙坦,2,1,2
12467ee22ff93f8a7d763376e843820c,地铁植物园站（世纪绿洲） / 天源路（华南国家植物园）总站,地铁植物园 / 天源路总,2,2,2
5e29ca143052c648d249d68da7f739c1,广汕一路,广汕一路总站(林机街) / 广汕一路,2,1,2
a3a85197bd6de8bf2b6a779c21e5f994,光谱西路（神舟路路口）,光谱西路(神舟路路口) / 光谱西路,2,1,2
12e1e9384e28de6398610d14e139322b,科学城（揽月路）总站 / 科学城（揽月路）总站②,科学城(揽月路)总 / 科学城总站(揽月路),2,2,2
713bb0f0722cff95077a8dfc31800a22,泰安花园,泰安花园,2,1,1
c48a5a451b8543598b34f0727f71e936,东圃总站 / 东圃大马路,东圃总 / 东圃大马路,2,2,2
cb4332d433570b15c9cfd923c6665483,渔沙坦（渔东路）总站,渔沙坦总站(渔东路) / 渔沙坦(渔东路)总,2,1,2
169ecdc7669d135288563828b3cc1b8e,科学大道口②,科学大道口,2,1,1
91ac2f439e281c662c619e82bf868a4e,家家乐医院①,家家乐医院,2,1,1
a69189d49c15cd758baa4c439fc3e341,嘉禾望岗,嘉禾望岗总 / 嘉禾望岗,2,1,2
fab0ffef2a0ba14bf020cff1ac66f825,嘉禾望岗总站,嘉禾望岗 / 嘉禾望岗总,2,1,2
75516daa0164c42d5a4536f0be37f087,人和墟 / 人和墟总站,人和墟(万家福广场) / 人和墟总,2,2,2
27726f52909bbd3c7296af3843a50b65,保税区（酒博城）总站,保税区(酒博城)总 / 保税区总,2,1,2
539abcef2c4ebaa2c2b9129365f07f11,开发区路口,开发区路口,2,1,1
41be148df4314442e1a96e6f0ce060b4,星荟,星荟(B),2,1,1
b7075912ae984b1a8c6d47cb7d5598af,开发区路口1 / 开发区路口①,开发区路口,2,2,1
3d52dd3cdd2e1f39cfa44071eae91318,沙涌（三元里大道）①,沙涌#1,2,1,1
91a370c388271fd47eb12cb0269da3cb,起义路口① / 起义路口,起义路口,2,2,1
be5cbfcc9a4554a0818ccdf4c48cc556,郭塘货场,郭塘货场#1 / 郭塘货场#2,2,1,2
33b099ab71c263c9536f2c4cc7907714,外语外贸大学（公开学院）,外语外贸大学(公开学院),2,1,1
4d214efde39b11c837f54ce1cf3a68cb,唐阁 / 唐阁村总站,唐阁 / 唐阁村总,2,2,2
ae94f46411facccb2fbd0e1bfa3609bd,江高小塘 / 江高小塘总站,江高小塘 / 江高小塘总,2,2,2
b29d15d5bcd3d9fbdfea7c46a7f695a6,横滘①,横滘,2,1,1
535388861d9de55bae564a4e5236b4fc,石槎路中 / 桥东,石槎路中 / 桥东,2,2,2
57d9c91773916015d6e2d070a1028362,石槎路（地铁聚龙站）②,石槎路(地铁聚龙站),2,1,1
c7b9547c088fabe0fdc49a3a157d1412,石槎路（地铁聚龙站）,石槎路(地铁聚龙站),2,1,1
eb57e9121eeebaeaed5342f642bc3b74,太和总站③,太和总#1,2,1,1
5730d8e70671277585184a8f0f8a6c1a,太和总站①,太和总#1,2,1,1
82c261db48e237d5558ae4c862c6ab34,石岗路（绿地滨江汇）,石岗路(绿地滨江汇)总 / 石岗路(绿地滨江汇),2,1,2
f48815225b07f74f22d512156253a56b,知新路（博华六路）,知新路(汤村) / 知新路(博华六路),2,1,2
07717fe6e87c1a4f3acc637411cdc73d,百顺北路,百顺北路 / 百顺北路总,2,1,2
6a6cbf68afc6dab4141a68d2cf5d9d18,东华南路（江湾桥脚）总站,东华南路总站(江湾桥脚),2,1,1
2b378540e47a846462dcf85745c7c89b,太和（民营科技园）总站,太和总#2 / 太和(民营科技园)总,2,1,2
c180e43f586434196f675fdd2a177986,黄埔古村南广场总站,黄埔古村南广场总站(落客点),2,1,1
c85b5d140804dc2947ed2749bbc28a76,黄埔新城（沙步一横路）总站,黄埔新城(沙步一横路)总 / 黄埔新城总站(沙步一横路),2,1,2
33fe0d6b233719fec4826a2e9992ac1e,华观路（火炉山森林公园）,华观路(火炉山森林公园) / 华观路,2,1,2
d2ea0211fafebaf3a015f285d3322799,护林路西 / 护林路总站,护林路西 / 护林路(茅岗路口),2,2,2
8662a083a43abc65e3cccdbd53d4f388,岑村红花岗②,岑村红花岗,2,1,1
4353afb6ee32930e2a2b8793fea71b00,中山六路①,中山六路,2,1,1
e30c4b020c43938f6fbdc5f60c6578c3,体育中心①,体育中心 / 体育中心总,2,1,2
86b9736b37607b37a8382e08e80cfe6a,大罗村,大罗村总#1 / 大罗村,2,1,2
306f4e5a13acc11a93dbcc16cfba0d3d,钟落潭（大钟）,钟落潭(大钟) / 钟落潭总,2,1,2
d170a8e641e1c43a5d7efa0c4e0aa555,新和 / 地铁新和站总站,新和 / 地铁新和站总,2,2,2
02defb0d2025af4c0aa3d95c8767c726,广州市第八医院 / 地铁嘉禾望岗站（市八医院）总站,广州市第八医院 / 地铁嘉禾望岗站总,2,2,2
db409f4fe27561ada1e6da6e2f2483fe,东镜路口,东镜路口,2,1,1
fc33f9b72d3667bea5e7b4b3829146e1,广州北站（秀全大道）总站,广州北站(秀全大道) / 广州北站总站(秀全大道),2,1,2
b37cd97cac921fcf7a41e5a29a155120,人和（恒充充电站）总站,人和总 / 人和(恒充充电站)总,2,1,2
31ebcbb711ab537ac59d7a3ca557715b,高增一村（方华公路）,高增一村(方华公路),2,1,1
17c7a5b75ece9c33f647e38b23abfc0c,飞粤大道北 / 飞粤大道北（三凤村）,飞粤大道北(三凤村),2,2,1
4db18ad3d0d4a7c8e3966adce9266d3a,花东镇政府,花东镇政府(小太阳幼儿园),2,1,1
825d8f5cd7aa4f911c623ec04d0cc67b,人和墟（万家福广场）总站 / 人和墟（万家福广场）,人和墟(万家福广场)总 / 人和墟(万家福广场),2,2,2
9a5f37d95b847d5516512cc3db70175d,人和墟①,人和墟(万家福广场),2,1,1
48f698c67ae563a503d7f2b0cd045778,上水,上水 / 上水(广州老人院),2,1,2
f3992f6f362b5ef4f20f087775d1f31a,钟落潭（白云星汇城）总站,钟落潭总 / 钟落潭(白云星汇城)总,2,1,2
eb46915c7a5883b4b855bed573294890,皮革城 / 皮具文化园,皮革城 / 皮具文化园,2,2,2
6e7bbc6fbedbe313fa8dcb47f4608ba9,钟落潭文化广场（钟升东路）,钟落潭文化广场(钟升东路),2,1,1
e0e8b4cf895dffb33a290c35ddc4876e,花地大道②,花地大道,2,1,1
1dc67841565b44e721064a1cc35c0daf,峡石村,峡石村 / 峡石村总,2,1,2
e5d50344d5c73d0938937f4f749557a1,虎塘村 / 虎塘村委总站,虎塘村 / 虎塘村委总,2,2,2
02cd0551b5c05493065c7d05c285956c,沙田村,沙田村 / 沙田村总,2,1,2
e6bb9b620f86abdd43db1a13eba5963c,陈洞村 / 陈洞村总站,陈洞村 / 陈洞村总,2,2,2
f383522ebc45dd7d008fd8c8466f0296,竹料墟①,竹料墟,2,1,1
33dfc010d3d99a95f98a5d464532dfef,竹料墟,竹料墟,2,1,1
4a22899d32d50486598075906e9508d1,民汇一路（政务中心）,民汇一路(政务中心),2,1,1
a6a09996c364b731591d2bab81992c01,南悦花苑,南悦花苑 / 南悦花苑总,2,1,2
6af56045b394d84e8e4ae5a87fb93bb6,清湖村（苏元庄）总站,清湖村总站(苏元庄),2,1,1
da1eacec8f62975f1ca32b02681fa255,金沙洲码头 / 金沙洲码头总站,金沙洲码头 / 金沙洲码头总,2,2,2
6b1745c86784aa65ea0d9e8103b6eac7,星汇云城 / 星汇云城总站,星汇云城 / 星汇云城总,2,2,2
301fc40a79c75d7a94a48e45d9c7130a,龙兴西路,龙兴西路#2 / 龙兴西路#1,2,1,2
852f8d38c3870c177240f10e70383255,柏塘工业区总站 / 柏塘中心公园,柏塘工业区总 / 柏塘中心公园,2,2,2
41bc30684549b55731883bc68803b1c5,太和总站 / 太和总站②,太和总#1,2,2,1
40c56343fd2ddf3a1ef608fed1f0c29b,同和,同和,2,1,1
daf6c19ec954bb8e69994134d5114f57,帽峰山（铜锣湾水库）,帽峰山 / 帽峰山总站(高屋村),2,1,2
11b4273728fec5c4bc836dedbe3827b9,叁悦广场 / 宸悦路总站,叁悦广场 / 宸悦路总,2,2,2
e60e5547f295db6f72b28f2916d40061,阅江路（珠江啤酒厂）总站,阅江路总站(珠江啤酒厂),2,1,1
be702c485d516a2e82c4dd462fee38bd,农讲所总站,农讲所总 / 农讲所,2,1,2
03b3f53021b70c5938eb7951c65afa04,东山（东华北路）总站,东山总站(东华北路),2,1,1
31b7e321fde4bc04c93ae49529c9d438,广州圆总站 / 广州圆,广州圆总 / 广州圆,2,2,2
f418583a1d69186e74a990a0b4b2f3a6,岑村红花岗①,岑村红花岗,2,1,1
7033924a0a97680955408cf75d3938ed,凌塘村② / 凌塘村,凌塘村,2,2,1
6189ac5c259656f56eddcc3efb04eba7,茶滘路总站,茶滘路总 / 茶滘路,2,1,2
b7959947520c9f6e660faa8e572c5b49,荔勤南路,荔勤南路 / 荔勤南路(崇文四路口),2,1,2
5c63ceece38bc2b5e7f02e34084fc8b4,汇侨路,汇侨路 / 汇侨路总,2,1,2
d4c5e33ec6616f3ac48e0d48a2368c4e,兴民路（天汇广场）总站,兴民路总 / 兴民路(天汇广场)总,2,1,2
ad1518ed4d1174dbb168cf031e939d70,金沙洲码头总站①,金沙洲码头总 / 金沙洲码头,2,1,2
196d53cc7e587e13fa50c027be681cc6,龙湖煤气站 / 龙湖煤气,龙湖煤气,2,2,1
a81ff8e69b54f71c8de1b4d3cab3bfef,渔沙坦,渔沙坦 / 渔沙坦总站(渔中路),2,1,2
a679470994963800fb9ebe2827c1cae8,渔沙坦（旺岗）总站,渔沙坦(旺岗)总 / 渔沙坦总站(旺岗),2,1,2
c17f1561730b242adfd5f180c610d97c,文明路1 / 文明路①,文明路,2,2,1
8ec1205d0aea6895a2bc6898b76b080f,东平北路,东平北路(横岗村口),2,1,1
06ed2dc15ffbe0a639c6f1196dffcfde,东平横岗东街口 / 东平北路（横岗村口）,东平横岗东街口 / 东平北路(横岗村口),2,2,2
b5ed393a69f2a6a9dc7b48a86df5b099,水秀二路,水秀二路总 / 水秀二路,2,1,2
57ac2927d5f6cb16d5369995561f95b1,云城南二路总站 / 云城南二路,云城南二路总 / 云城南二路,2,2,2
c1b1caea9a75553b9d795c94a2b27ad9,水秀二路（隽泷湾）总站,水秀二路总 / 水秀二路,2,1,2
1417f9deacd6ff4af980e3788e4f6ff0,BRT石牌桥1 / BRT石牌桥2 / BRT石牌桥3,石牌桥,2,3,1
0ff14575307690bdd44e94ce0e5733a6,师大暨大,师大暨大,2,1,1
011b63bc79f65b4b514d48496e5f36d8,BRT体育中心3,体育中心,2,1,1
746ed63af08eb7f24db6d3b503af7c5b,BRT师大暨大2,师大暨大,2,1,1
1c9882c4ae3cb3d2c061e0aa7795ff2f,BRT岗顶2,岗顶,2,1,1
962716b842a2e135411deeae7b15c9fb,BRT体育中心3 / BRT体育中心2,体育中心,2,2,1
e091e520cf0ee9959f50598eea81b586,BRT珠村2,珠村,2,1,1
92f2d67967f2d18a92ca89dbb50b4b30,BRT师大暨大1,师大暨大,2,1,1
407871c5bf673f18505d858b323a8c31,BRT棠东1,棠东,2,1,1
6651f8ef2d84278daff728df08164d73,BRT莲溪1 / 莲溪①,莲溪,2,2,1
6a99ba8c274a6c0173cbf5d8946593b5,茅岗①,茅岗,2,1,1
a460a42f8d75c3cb79919e93f7898e02,BRT师大暨大4,师大暨大,2,1,1
b3b79c49c37178019e9bc78f46046483,BRT棠东3,棠东,2,1,1
2c066a668d101f9e612ae32a41c66c54,BRT莲溪2,莲溪,2,1,1
48bbbae263d4a28e9da0f329e0ef3d72,BRT棠东1 / BRT棠东① / 棠东BRT站3 / 棠东,棠东,2,4,1
e0ac25db62ec6809f4497d7b25692f28,五羊邨总站,五羊邨总 / 五羊邨,2,1,2
c2a169847c5b36d6c007701d2c13eebc,BRT天朗明居2 / 天朗明居,天朗明居,2,2,1
c0eb9afacbea610b8e36048a453cf66d,花园酒店②,花园酒店,2,1,1
aaf8e959f0c03632ed0b8782d8d29b71,BRT师大暨大③,师大暨大,2,1,1
7c841637fed87cf0677a0615c00c57f9,黄埔东路（石化南路）总站,黄埔东路(石化南路)总 / 黄埔东路总站(石化南路),2,1,2
a44b165d9f2c36d4454e9c223efd2bce,BRT华景新城3 / 华景新城,华景新城#1,2,2,1
d9552212af944d0d351ef985b660b70b,莱茵汇,莱茵汇总 / 莱茵汇(广百),2,1,2
27b492638389cf70272a814027d308ab,地铁从化客运站②,地铁从化客运站(姓钟围),2,1,1
692998d255e3bc216ed609eee175da0d,团星村（风云岭）,团星村(风云岭),2,1,1
f2c2121359baabebfc66e815fda092ad,华夏学院 / 华夏学院总站,华夏学院 / 华夏学院总,2,2,2
40f4a205b61f1e66b3b0d7092ca189dd,白兔村路口①,白兔村路口,2,1,1
cba9842235f817cac4d2f1873611dbde,象新村路口,象新村路口#1 / 象新村路口#2,2,1,2
b8c84e06c9c2fa7158661cfb316ae534,地铁从化客运站（姓钟围）,地铁从化客运站(姓钟围),2,1,1
0e56460b6d0768922ff4e2174f3230d6,塘尾,塘尾#1 / 塘尾#2,2,1,2
873f7c5b0538d4430a88e59032ab1379,米埗,米埗(从都),2,1,1
b624a7d16c4b1436b43ee29a8afd3220,地铁从化客运站①,地铁从化客运站(姓钟围),2,1,1
c29e2b894cb3814a35322fefc194150e,宣星路口② / 宣星路口②（北行）,宣星路口(星光五金水电商场),2,2,1
c2452f37945a7d5d62889ab872dd27b4,从化汽车站总站 / 从化汽车站,从化汽车站总 / 从化汽车,2,2,2
a60bc1f3040f8d6d5d4b5a5a388bbc0b,福上下社①,福上下社,2,1,1
b967b78bc3c92fb2f5d28dfd6b9b36cc,南星汤屋社①,南星汤屋社,2,1,1
366d51320eb2e84317010e519269031d,高坣总站,高坣 / 高坣总,2,1,2
7fcae443d9256c1a4a27e4f54063c2fb,玲洲总站,玲洲总 / 玲洲,2,1,2
c95f0c97e8dc242f4bfacfabe8fcf5f4,府前路南 / 府前路中,府前路南 / 府前路中,2,2,2
c94ffab422a6b37cf1a8a59f95d8397a,地铁东风站 / 地铁东风站总站,地铁东风 / 地铁东风站总,2,2,2
c53fc3d1dfb975e01a2f25a885746f52,明珠管委会 / 明珠管委会总站,明珠管委会 / 明珠管委会总,2,2,2
339ebf641d4d7dc4aef5f597f98dc896,花林湖畔总站 / 花林湖畔,花林湖畔总 / 花林湖畔,2,2,2
b1f49f372e7ba8779865287522c8daf3,旧黄茅,旧黄茅#1 / 旧黄茅#2,2,1,2
b6885bca03a7f6063b66e741873db9de,五丰新村,五丰新村#1 / 五丰新村#2,2,1,2
305f990c25b853218b59265f7fb02cdb,珊瑚村委总站,珊瑚村委 / 珊瑚村委总,2,1,2
86b3f69afae0bf10725825dde3e29bb0,山马塘1,山马塘,2,1,1
a848f7668f9c6238223e5f3871dd38f1,红联站,红联#1 / 红联#2,2,1,2
105705615fe1859032bb719054772875,图书馆,图书馆#1 / 图书馆总,2,1,2
329b43cb536aac2de9cf4441006f7256,佛岗村委（八号仓东）站,佛岗村委(八号仓东) / 佛岗村委,2,1,2
4a88af47cfd36c947348ecaea0b01568,太平小学,太平小学 / 太平小学总,2,1,2
9d2c2eb7701151d1703dcac0ad8851e8,坪地①,坪地,2,1,1
9780d6d64d947eaff093c82b37f01b3e,坪地②,坪地,2,1,1
1f20c876f9dfd1d8650f3186763ad684,合群村委总站,合群村委 / 合群村委总,2,1,2
855e578ac5874200924be75c7470758a,碧水新村,碧水新村总 / 碧水新村,2,1,2
e88afcedd532247d91cf49cadb222df2,田心村（农家乐）,田心村#2 / 田心村(农家乐),2,1,2
dc0d95a5021bdb52b0ab4674dea3eeb3,三百洞村委,三百洞村委总 / 三百洞村委,2,1,2
338c5a1ec5905f89eb7900eb071bb50e,芳村大道西（滘口客运站）总站,芳村大道西总 / 芳村大道西(滘口汽车站)总,2,1,2
a032c05443c6c78650795d5cb5f7bc7d,穗盐路,穗盐路 / 穗盐路总,2,1,2
0e96ef32a13efb6684abbcf3de2985c2,大沥汽车客运站,大沥汽车客运站(松岗大道南),2,1,1
436d24160d81347eb50a93452ccbd2c6,太行站,太行站(临时站),2,1,1
08de3e29a39a623d5d1bc8186f9ec61a,东方广场北门总站,东方广场北门 / 东方广场北门总,2,1,2
a17230d5baea9eddcab75cfb728a5129,建设大道中,建设大道中(国昌广场),2,1,1
b42f316878a454627698b90ad996dcf9,金沙洲路,金沙洲路,2,1,1
b94ff73d3b8fbdee423406fdc1248031,罗冲围客运站,罗冲围客运,2,1,1
ec14de2584e721f5ec191b8b8cd75537,中山八路,中山八路总 / 中山八路,2,1,2
cb1b91845fe48dafaf76a838bbc924ad,南沙疾控中心（启慧学校）,南沙疾控中心 / 南沙疾控中心(启慧学校),2,1,2
9c77988fcef517d44d6a4da76de53317,祈丰路（金洲地铁站）,祈丰路 / 祈丰路(金洲地铁),2,1,2
fe9fb80efcfda04a61a591e344d23fb4,塘坑村,塘坑村,2,1,1
98ede8645aacfcce6b43546f10084cf9,团结围总站,团结围总 / 团结围,2,1,2
7cfdd45b69438b7ea74b572a0358231d,地铁万顷沙站,地铁万顷沙,2,1,1
8dad0a036802cbe86a2cc68f1bbc59d9,地铁横沥站 / 横沥地铁站公交总站,地铁横沥 / 横沥地铁站公交总,2,2,2
5494238ef4dd59e1eade2e420c42e50c,庙南路中 / 明珠湾小学,庙南路中 / 明珠湾小学,2,2,2
9e597f796bd5c93b2c967c8c3194e76d,医谷（视联科创）,医谷 / 医谷(视联科创),2,1,2
03810cefc877dfced5ad289cd6e05cb2,莹湖公园 / 海滨路,莹湖公园 / 海滨路,2,2,2
b843db846af38e6fbf03f0b04a227964,南沙儿童公园,南沙儿童公园,2,1,1
1fd71e41930cf5b5a3fb71c1f1352c8b,南沙中心医院西门站 / 滨海半岛,南沙中心医院西门 / 滨海半岛,2,2,2
516282de7b942361dcff925e85b22e93,石基村（市南路）,石基村站(市南路) / 石基村(市南路),2,1,2
bbc1b42806937f3f87b944b59272649f,东涌湖公交总站 / 东涌万兴路总站,东涌湖公交总 / 东涌万兴路,2,2,2
b63c486886eff23e673a77decfb8d176,高新沙路口,高新沙路口,2,1,1
83494f5c4bf18c837279a164ed97c372,二湾路口（大岗供电所）,二湾路口(大岗供电所) / 二湾路口,2,1,2
4d9dff1f81d811f13e986c1ac1313dad,番禺大道南（东怡新区）,番禺大道南(东怡新区),2,1,1
c6ee6ed0f82c93e3d66b3c3caa5c5cd9,清河市场,清河市场,2,1,1
3506817623dfcf10e707497b385078fa,石岗村（亚运大道）,石岗村(亚运大道) / 石岗村#1,2,1,2
63f115e2cb5eb30496133e40b651cdf4,雁洲村总站,雁洲村总 / 雁洲村,2,1,2
4f6e48b27d37f2fc9e6e3489aa907d60,翡翠蓝湾社区总站,翡翠蓝湾社区总 / 翡翠蓝湾社区,2,1,2
208f0db961722c18663ddc54ed354144,北斗渡口,北斗渡口,2,1,1
ad7d2908f904e3b21f236c3b0ffefe80,新垦,新垦 / 新垦总,2,1,2
1fa9c57e2d45cb72f31520dd88c9622f,利迳村委,利迳村委(招呼站),2,1,1
422e22ce19ca57de3beedb30629aac32,置业花园（1978南门）,置业花园(1978南门),2,1,1
a47b83b400072a64cdb2247983a37afb,华立学院,华立学院 / 华立学院总,2,1,2
8674d823887578da885efef4040e34c8,金兰寺村 / 三江车站,金兰寺村 / 三江车,2,2,2
55dfd00064174748f08dfacfcef80284,华立学院总站,华立学院总 / 华立学院,2,1,2
9f7a83ee5ca57a5681485d462ae1736e,土冚村 / 打顶围,土冚村 / 打顶围,2,2,2
d5ba6073a64cfb1bf2d087ef5eac2c08,新塘牛仔城（A）,新塘牛仔城(A),2,1,1
3802cbf29accba9030030a1a5c3ab8f0,新塘牛仔城 / 牛仔城,新塘牛仔城(A) / 牛仔城,2,2,2
4e70bb4e8cb7c88c8588524aa2c80755,荔新路口（新塘）,荔新路口(新塘),2,1,1
b362fb10dd433a3beb095f536b5a3c05,新塘汽车客运总站,新塘汽车客运总 / 新塘汽车客运,2,1,2
c0e63849d33e1d2be156bf695d7de62a,誉山国际五区总站,誉山国际五区总 / 誉山国际五区,2,1,2
f1a06182cc6e4a3f998bdae1a42feea0,香山湖,香山湖 / 香山湖总,2,1,2
4a5a7f2ca6e0448fff284a03bc9e5f33,荔城三中（A站）,荔城三中(A站),2,1,1
89ba5dc3e3a05539e486633841474c24,叠溪花园,叠溪花园 / 叠溪花园总,2,1,2
2cb24e18ba3f1e993d84332b5191df0f,和平村,和平村 / 和平村(招呼站),2,1,2
bdfa1880ff726ebe06d09614c28dff8b,西境村,西境村,2,1,1
041ee3d093d86a67b8fdb302154b6e05,银场村,银场村(招呼站),2,1,1
8b8518c1a66c10a6efb30230ccd07f49,联安村,联安村(村委),2,1,1
1d46ecb240878c2bfd83e6849e6a8498,沐陂村总站,沐陂村总 / 沐陂村,2,1,2
ed10ef78a104eb2db5112f1012cd92cf,沥滘大埗头,沥滘大埗头 / 沥滘大埗头总,2,1,2
7e7c50f35fae764dd7592e4e2ede7bd7,车陂,车陂,2,1,1
369d3888dcbe9d9068f1ee01a5d60668,岗顶,岗顶,2,1,1
12152c05c996451cfcf6b9d643888599,广师大,广师大,2,1,1
410aa34dcb7b8e6bac950e7a926156f9,棠下村,棠下村,2,1,1
f4f14df643684941b9d6c3d4f2d35bf1,中山七路2,中山七路,2,1,1
9a9d22578d0198afc36314279508f062,广佛路口（滘口客运站） / 广佛路口（滘口客运站）②,广佛路口(滘口客运站),2,2,1
a7d8af1ac01c79fa243be9c8c916b2ed,广卫路总站④,广卫路总,2,1,1
0bf1dd7ea541426df150d48b1d5cfb09,南海神庙,南海神庙,2,1,1
11538d3c681977973f5386986de759f1,双岗,双岗,2,1,1
c4f1fa2e697e05e8b74a0b925be34e83,汇侨新城 / 汇侨新城总站②,汇侨新城 / 汇侨新城总,2,2,2
b0c4596560ce36e6a5ead8b8d16ab44c,南方医院总站,南方医院总 / 南方医院,2,1,2
02822fc3a9d90ca3698af5a60b043e8b,康王路（上下九）总站,康王路总站(上下九),2,1,1
d3f823f8b3143ee7138122bc87d8d104,广州市档案馆南（大学城） / 广州市档案馆南（大学城）总站,广州市档案馆南 / 广州市档案馆南总,2,2,2
a2e89b3bbf509b9122c86c617be27535,万科四季花城总站,万科四季花城总,2,1,1
3bda4851fb000e292f752ab87a6affb8,地铁横沙站①,地铁横沙,2,1,1
5d08204482dfc4d70a7fb67924ab7d26,黄岐办事处 / 黄岐办事处总站,黄岐办事处 / 黄岐办事处总,2,2,2
ec7bd7d628d0690ff315331d3103c179,沙面新城总站,沙面新城总 / 沙面新城,2,1,2
7e4506bc3a21558ede38b2955da4c6d0,融通路中（滨江1号）,融通路中(滨江1号),2,1,1
932b2501cb337e37690bebc59437ab08,沙凤一路西,沙凤一路西 / 沙凤一路西总,2,1,2
f8f8a214d7aa77fdee124bf93bb8b963,谢石公路（汉溪大道东路口）,谢石公路(汉溪大道东路口),2,1,1
7180f58a3b835170f0d16a80379d9c82,交通大厦 / 交通大厦站,交通大厦,2,2,1
04fe9370c7f79ddcc6a0e3aefdaacbd0,傍雁路,傍雁路(亚运大道路口),2,1,1
8afc0938040e16439bb272bde78aa927,新世界大厦B / 新世界大厦,新世界大厦B / 新世界大厦,2,2,2
53998fff1467e5320ae3d1abf02911a4,石壁中学总站 / 石壁中学,石壁中学总 / 石壁中学,2,2,2
d2e3435a37e38ab7d01badab1fb71a42,石壁中学,石壁中学 / 石壁中学总,2,1,2
387072138eda5ea65b8b838b0614c6fd,地铁傍江站（政务服务中心）,地铁傍江站(政务服务中心),2,1,1
58c0420a84f00b9f0cbcf210c6b007c5,海涌路口,海涌路口(市莲路),2,1,1
2481e4f2708ff653f21eda0a3b6af3f2,大岭村,大岭村 / 大岭村总#2,2,1,2
20c7ffde848f5178c02328b41dca52db,地铁海涌路站（海傍村）,地铁海涌路站(海傍村) / 地铁海涌路,2,1,2
fa4b420b5c91624812ecadffeae70544,莲港大道西,莲港大道西,2,1,1
79463b2e96dfd4a06a29a41645becba6,儿童公园总站 / 儿童公园,儿童公园总 / 儿童公园#3,2,2,2
0cfd740fbc24c50eac3401e6540dd545,星海青少宫 / 星海青少年宫,星海青少宫 / 星海青少年宫,2,2,2
847b97445a2060edeb5fa0ecc9ce8d81,中华大道（德贤路口）,中华大道(德贤路口),2,1,1
f6d55952bc298c499bf1f10eaa043a3e,山海连城 / 山海连城总站,山海连城 / 山海连城总,2,2,2
34d8d65a85ee1ded4a44d15d8c85cd52,洛溪南浦总站 / 南浦车站,洛溪南浦总 / 南浦车,2,2,2
267416f4022c38da68d56d7fe875789d,广医二院南门（番禺院区）,广医二院南门(番禺院区) / 广医二院(番禺院区)南门,2,1,2
c4f5cdbf8de04fa512266911dbd6ef68,雄峰商城总站,雄峰商城总 / 雄峰商城(105国道),2,1,2
eb6072262ede8f24d5a773cdb4d26351,华景新城,华景新城(南华路) / 华景新城#2,2,1,2
75978b13373b71d528d88c984e82231a,钻汇广场南门（地铁市桥站）,钻汇广场南门(地铁市桥站),2,1,1
bde9243c28c717ea3220bb7dd65805d2,地铁大石站（新光辅道）,地铁大石(新光快速) / 地铁大石总,2,1,2
ef74dbebcc048af02a64d0dbc557e9d6,北环路（渔人码头）,北环路 / 北环路(圃结街路口),2,1,2
61813fc6cd9d8929ae000548aad5aecb,雅居乐（城南源著）总站,雅居乐总#2 / 雅居乐(城南源著)总,2,1,2
da7d84c6920a05ac935856d4a5a3f50e,竹山总站 / 竹山村（番禺大道）,竹山总 / 竹山村(番禺大道),2,2,2
707339f0831e374b10628fda6ec703ea,石碁文化广场,石碁文化广场 / 石碁文化广场总,2,1,2
186273ea5f6784ca2487f3ac4eb20b74,蔡边村总站 / 蔡边村,蔡边村总 / 蔡边村,2,2,2
26c7ed9b65fcd275858965f1818490d0,南大干线（汽车小镇） / 南大干线（汽车小镇）站,南大干线(汽车小镇)#1,2,2,1
dd1e3115fa7e983d1f52664d4a836675,南大干线（金轩二路口）,南大干线(金轩二路口) / 南大干线(汽车小镇)#1,2,1,2
9cc013f8dc080f5fda1fa7e6840dd7f4,地铁新造总站,地铁新造 / 地铁新造总,2,1,2
3d2f736c1b707f8b1e7f5986d7a9c288,复甦 / 复甦B,复甦 / 复甦B,2,2,2
62980a60fe1b05483b4bd8b6fe26d55b,石碁文化广场总站,石碁文化广场 / 石碁文化广场总,2,1,2
0f574d7bea083b8333ab43860425ac07,德贤路,德贤路(时代雅苑) / 德贤路,2,1,2
ba4ea0cff094e36466bd4ca6a9572b35,金轩三路（祺盛动力）,金轩三路(祺盛动力),2,1,1
f85958f31c2473927563a14da8385446,金轩三路（广汽爱信）,金轩三路(广汽爱信) / 金轩三路(祺盛动力),2,1,2
0991cc561a3e6f3baf4518c864b2d305,南大干线（金轩一路）站 / 南大干线（金轩一路）,南大干线(金轩一路口) / 南大干线(金轩一路),2,2,2
65738e494196123fdabf2c30e30079d3,华工广州国际校区北门②,华工广州国际校区北门,2,1,1
5cfb0f9df852788f8e5280aa1c2148fd,广东国防教育基地,广东国防教育基地 / 广东国防教育基地总,2,1,2
eed70ceb6de20cf7f413c6a367c9e8a5,人和墟（地铁人和站）,人和墟(万家福广场) / 人和墟总,2,1,2
2a4b7b4397d5b7635ffd94b70eb517bf,赤坭医院,赤坭医院 / 赤坭医院总,2,1,2
5bef36d34898e2aded19917b41707ae8,炭步总站,炭步总 / 炭步,2,1,2
8705b56c6785d4c29dd6a2b4dcacf2b3,东莞庄（x264） / 东莞庄（广花路）,东莞庄(广花路)#1,2,2,1
d3dc45470f6cd78854583cc96e5ef423,东莞庄（x264） / 东莞庄,东莞庄(广花路)#1,2,2,1
94d036bb7ca48164bf75e5267a5fcbb3,飞鹅岭地铁口总站 / 飞鹅岭地铁口总站（短线）,飞鹅岭地铁口总 / 飞鹅岭地铁口,2,2,2
3cb88bd4b71f8af3bc9eb512cc48f475,人爱医院（龙珠路） / 人爱医院,人爱医院(龙珠路),2,2,1
2e1a9296e29dabec5b5606a4f424ab2e,狮岭汽车站总站 / 狮岭汽车站,狮岭汽车站总 / 狮岭汽车,2,2,2
7d3b1a29f359f159ab629ae9e1306298,赤坭工业区,赤坭工业区,2,1,1
f6633e03d354f2f84fe601307ef60a34,广州北站（秀全大道）,广州北站(秀全大道),2,1,1
42c7ef347177f41fdce2e8f5aa255f63,永乐村,永乐村(水渭路口) / 永乐村,2,1,2
203db997f779c80edd66a5dbe229144f,两龙市场,两龙市场(106国道) / 两龙市场,2,1,2
c84160d87b138f3b8b0f31216305dcf7,中堂路口 / 中堂路口②,中堂路口,2,2,1
18f20ee62871c6d3846123c1ee873c06,碧桂园（漾翠苑）,碧桂园(会所) / 碧桂园#3,2,1,2
8ddcc59df2616e2e46fadd1adf430cd7,荔勤南路（崇文四路口）,荔勤南路(崇文四路口),2,1,1
8f9a31cef1e837f655fec97face29dd7,白云农批市场 / 金湖雅苑总站,白云农批市场 / 金湖雅苑总,2,2,2
a6939f837f81570c5a1c939a7a1ea792,体育中心BRT总站3,体育中心,2,1,1
1d5f41bbcc200ddabb932fb429986733,石井大道（工业园）,石井大道(工业园),2,1,1
f81198196e310fd81a88462fada60628,恒福路总站,恒福路总,1,1,1
45454f9c30692e88e0088bfb6be9ced9,省第二中医院,省第二中医院,1,1,1
46db90039374cda73221ad7c4150be7e,淘金北路,淘金北路,1,1,1
166b81fc4bec8387434793468a0b6a82,白云宾馆4,白云宾馆,1,1,1
58745daab2120424216cfbfe3d937253,万福西,万福西,1,1,1
32d1177067965ea0dadc4dac3f9f513f,南关,南关,1,1,1
7d72dac342088b21cd32428f22db67a1,海珠广场（侨光西）①,海珠广场(侨光西),1,1,1
1265e7d57dbf1f61772c21030c4cb7cd,南华中,南华中,1,1,1
cfb8427c69eaa961ca2f9e0ffbb6c842,海幢寺,海幢寺,1,1,1
af9f8c0c264c82580ca4396967404497,大基头（木偶艺术剧院）,大基头,1,1,1
f71670a0a7370cd7644144d6364bf63e,革新路口,革新路口,1,1,1
66209f98e3d32f8b30201fc7f7505cbf,梅园西（地铁凤凰新村站）,梅园西,1,1,1
3c21d1424198977596a28c9511490428,凤凰新村（宝业路口）①,凤凰新村(宝业路口),1,1,1
8cb283e39701e8bbc088f9f359e358b4,沙园1,沙园,1,1,1
a557445d5d85d9fb1a61a865b0d06b09,昌岗西路,昌岗西路,1,1,1
b02b0694182d5fa9b9e6594fbdc79adc,昌岗路总站,昌岗路总,1,1,1
24d442a5cb8811a5849ed3a0dd839151,昌岗路口,昌岗路口,1,1,1
f7b5b64ce9b1e05fc842c4fd290bfd40,基建新村1,基建新村,1,1,1
f1e1c0c0250b982a3506151d2853959e,沙园2,沙园,1,1,1
ef76ebb126a1536874d6f1a942a2cd52,梅园西（地铁凤凰新村站）②,梅园西,1,1,1
50fef3fdcb475a5c8b8ceb03034c9579,革新路口②,革新路口,1,1,1
7bb85694fe655086833c670098464f44,同福西,同福西,1,1,1
8cfd5594e8b0e7c6a031fdc57e4520dd,同福中,同福中,1,1,1
65650fe3b645398d267e80869d51da93,市红会医院2,市红会医院,1,1,1
615dd92cf6cd1b72e737de7a2c24ae9f,市二宫,市二宫,1,1,1
38c84921948e1bde905b6389e044f4b6,江南大道北②,江南大道北,1,1,1
c2a751b14f68f231e2df69b2d1f35cd1,海珠广场,海珠广场(一德东),1,1,1
107c03039fc251d02d18ec0b2b9a6b0b,大南路,大南路,1,1,1
4cdd8557a1224d03c889e3e458f13505,花园酒店①,花园酒店,1,1,1
10935cbda9c1fcf0dfdcf9e168130163,区庄立交西,区庄立交西,1,1,1
b07af786311df97e60e343cd48b6b458,大元帅府总站,大元帅府总,1,1,1
450713e4cca68307eae1f923c1ecaa7d,石涌口,石涌口,1,1,1
88666689271c733f9618b56af7246d2f,滨江东路,滨江东路,1,1,1
4014fd692c1728378ccb7275284b002e,中大北门西,中大北门西,1,1,1
8d0976770043509d2e686c0d705df777,中大北门,中大北门,1,1,1
d9d07e757f957b6520705c067a60618b,广州大桥底,广州大桥底,1,1,1
4e2937df4ae4f3c06e3268e2c905501a,新鸿花园,新鸿花园,1,1,1
45ce018780e91297c06c8285cd26fa47,赤岗塔,赤岗塔,1,1,1
58727f09cb6fde191562679ccdf3c43b,艺洲路东,艺洲路东,1,1,1
935d18dcd98c22398333e2fdb012d2be,芳园路口,芳园路口,1,1,1
b085b07e9e1e99819e40620779a70a46,猎德,猎德,1,1,1
5a107a7a495a08191453b94fe9f8a079,冼村路中,冼村路中,1,1,1
e4b1fecfaff6b794ca8ee71577e77258,冼村路北（地铁冼村站）,冼村路北,1,1,1
2a26d046c0896eaf6e267b1d3bf914eb,天河邮局,天河邮局,1,1,1
541b49fb8d41f876c1620efa081caaec,体育东路,体育东路,1,1,1
56a5510f92a31be714b16c0b774498ec,广州火车东站总站,广州火车东站总,1,1,1
b2a5423accf659046c4d3f9c820b1d46,体育中心东门,体育中心东门#1,1,1,1
145421f16dbecf1ca1b824199d850c92,猎德东,猎德东,1,1,1
7d8dac9bf2721158ed444be8f66723a5,广州塔西,广州塔西,1,1,1
04197ff899cd89524c9d26fd64dec659,东晓路（天园路口）,东晓路(天园路口),1,1,1
fb30cb93fffc5e8a2e82f4792cea3a20,仲恺路,仲恺路,1,1,1
49b675497e98544f9da6c451e16cd357,怡安花园朗晴居（素社）,怡安花园朗晴居(素社),1,1,1
3bdc4236402702ab1ae4d2e4a6e1fd16,珠江帝景苑总站,珠江帝景苑总,1,1,1
d91227c408767dccc7bdc96dd18d71d1,大元帅府,大元帅府,1,1,1
68170ad2ca7a73100f056638b78b7d67,草芳围,草芳围,1,1,1
f8a96deb61902b7cdb305b58b4395f5a,海珠桥底,海珠桥底,1,1,1
03affec09396159df309cc93d2eed941,宝岗大道北,宝岗大道北,1,1,1
5f42c4fedba29da4701e89094236c664,宝岗大道中,宝岗大道中,1,1,1
a22ee3537d62eb016f6946c1df072e0b,南田西1,南田西,1,1,1
fca5d697fb1943023765032228a658c6,鹤洞新村,鹤洞新村,1,1,1
7664e53d4fd2eec49f16e138f8622128,大冲口,大冲口,1,1,1
a6fe607b18a3cfaf2dcb1c784819ff21,芳村小学,芳村小学,1,1,1
c9c1082fdc1ec53541f951e22087c748,花溪路口,花溪路口,1,1,1
11f255132d2512898f8916b96ca8c646,浣花路,浣花路,1,1,1
a84d4c918c6bd303cec5da8616ae418b,东漖街,东漖街,1,1,1
300da73bd20e398e13df5395e228d5b2,东漖怀宁坊,东漖怀宁坊,1,1,1
d83a30676e9ffb29faeaa3a4d8ad1136,东漖镇,东漖镇,1,1,1
a92addf4a8805e5f369786fa22865d98,芳和花园总站,芳和花园总,1,1,1
6cf8faafa99f171068e95c2b91030826,芳村花园,芳村花园,1,1,1
3116e96b64115ba45a79a4510b1690ce,东漖南路,东漖南路,1,1,1
def646bbd9ed80dd345a1c9937e4b104,基建新村2,基建新村,1,1,1
ce13f0cfe9367ae2a291e596482c9e22,南田西,南田西,1,1,1
1fcd803d6dd914ab0a77aa85c1e240e6,南田路,南田路,1,1,1
38a4ea7081b0edb509f81d57f48db037,广东药学院②,广东药学院,1,1,1
95c8cdefc0d0499cfa793b889fcf7c18,海珠区妇幼,海珠区妇幼,1,1,1
5dab06b627045a69571481a5b9dab0a5,江南新村,江南新村(骨伤科医院)#1,1,1,1
f3b3dc5825ccda3763ed049ce52d103f,西基东,西基东,1,1,1
f068785ae07b36c297c755b857d3b2f4,橡胶新村 / 橡胶新村②,橡胶新村,1,2,1
c878c6d4933fe105a3d0d938a96c3e1a,广船,广船,1,1,1
4da010c0825aaf1f588a07d12d2e62fe,东塱,东塱,1,1,1
75eecf8322c26e38a0cccdab6bd8f747,紫荆道,紫荆道,1,1,1
c8d1ad8af48a4da87ceeb4932dfb1c1a,荷景路中,荷景路中,1,1,1
8331c9370ef52ea8cc4e1f5da32d3117,荷景路西,荷景路西,1,1,1
eda8dd8b5f3f762079e596b1253df4e0,西塱社区总站,西塱社区总,1,1,1
d90b992ae1fe158195e502f970db8555,鹤洞东,鹤洞东,1,1,1
c89185b5e8b125866d31c5089ca4ab39,基建新村②,基建新村,1,1,1
7a737fb4b3af67241ec23f343af3a9fa,宝岗大道南,宝岗大道南,1,1,1
8e305fa1e97e716c9657d8a063d923b2,海珠区妇幼②,海珠区妇幼,1,1,1
a824d506d17704f027fb3bd63ce74a76,吉祥道,吉祥道,1,1,1
9e38e82f9d328de104083073ebf9deac,洛涛居,洛涛居,1,1,1
1aa246a005cb359f2ee27ff60f4ada76,洛城中学,洛城中学,1,1,1
c825351529febdad327d457c789f1bed,如意路,如意路#1,1,1,1
77f03a6deeb55005c59759338a81cf27,洛溪桥脚②,洛溪桥脚,1,1,1
a13e264f09723ecde481cf1143f11205,上涌南①,上涌南,1,1,1
fabbd13abe2c07474520d290752627da,时代广场,时代广场#1,1,1,1
3ae35b4fd5fff6eee0949d19aab8826c,林和中路②,林和中路,1,1,1
c088fa14dc098a24858ba25fec300d9d,客村立交1,客村立交,1,1,1
492315f91a0b410b19599676c720621c,上涌①,上涌,1,1,1
ef45d5898ec09aff3b8ed7c299bd149a,上涌南②,上涌南,1,1,1
088cb3d38d698c108bbdc31a8eb3ee69,洛溪新城分站,洛溪新城,1,1,1
bc595e0991c4cc1a8a03648fdd3a7724,丽江花园正门,丽江花园正门,1,1,1
82996a10d0471f92b6e88002bcf93bff,松柏东街,松柏东街,1,1,1
fb39b2df6609d28c57cf744eb9c87d3c,交电新村,交电新村,1,1,1
6441ebf983719c155083c54b30998642,桂花岗②,桂花岗,1,1,1
73e31ce7980135899db3ab42c50faff0,解放中路3,解放中路,1,1,1
5f4232d6b470fa5b7bb125441e91c3f3,惠福路（省医门诊部）,惠福路,1,1,1
b24e49b2765130cc44eef6e95940cb86,惠福西,惠福西,1,1,1
ff9f817e1ae2ee53c9c4cf9180dcd8df,龙津东路,龙津东路,1,1,1
aee962fe074d84c98d0379ffca312d87,龙津中路,龙津中路,1,1,1
1bf30caef5ed114b84ecb8fa659d8aba,华贵路口,华贵路口,1,1,1
265b836cbec3a67d445a25e955700573,滘口客运站总站,滘口客运站总,1,1,1
c6568440bfe95db10e7ec60bbc891529,石路基①,石路基,1,1,1
aafc7149e4ad6dd74ca81654e6d88779,东升医院1,东升医院,1,1,1
6e3c19210ac870e7165042d7cc7e1ad8,上九东,上九东,1,1,1
9bfae2e8d3afc51de302a4c2bf4470f0,大德路,大德路,1,1,1
67a51511290469b82b9b2a94e48b1143,省中医院,省中医院,1,1,1
9cba702f5fb36dd6a186ad596e0d5d62,解放南路口,解放南路口,1,1,1
984981feeb3e6c820ec869b1b66160d2,解放中路1,解放中路,1,1,1
2004af8654ab05e65d96a1600615577c,兴泰路,兴泰路,1,1,1
e32a22b93faf7d3e9709d3503be5e368,云苑新村总站,云苑新村总,1,1,1
e06145fbb6dd38bc28b47b3a82b62ba2,丽江花园,丽江花园,1,1,1
f3b53985eb7b74ace3a8fdfa5995f6ae,新园路,新园路,1,1,1
46d83d1145a536b487a1ff89824e0335,丽江路口,丽江路口,1,1,1
e4fb45a3fde5ee402f4b77d0c1131f66,如意三马路,如意三马路,1,1,1
4cd1da033a6057a375cb3419fe251b5b,大沙头游船码头②,大沙头游船码头,1,1,1
2595efb20b1633f03fb4d59c2dd76074,大沙头（海港城）,大沙头,1,1,1
e4cbc38dda9d3badda71e5d7a117a1f9,江湾桥脚②,江湾桥脚,1,1,1
3a8a46f6856ac5e17f90b75c7be37e00,越秀南路①,越秀南路,1,1,1
cc93809fcfe1ffa41808b41bb250d827,文明路②,文明路,1,1,1
65a6a008ce37872e0f2d31e53fb35dba,建设大马路,建设大马路,1,1,1
f12725877bfd835167e47c197a586ef0,大东门（越秀北路）,大东门(越秀北路),1,1,1
55da7b75274a2266da67e252a8c54436,文德路1,文德路,1,1,1
395c10802a9d503b8ad4007cb47abd8d,中山图书馆①,中山图书馆,1,1,1
735a958ef4e76e5e68574d37bdc83f59,白云路②,白云路,1,1,1
1e2e864859c0b7bc72e3aa1d23af9df4,大沙头游船码头,大沙头游船码头,1,1,1
2687fbc5800bd63bcf9a9055ce537124,凰岗总站,凰岗总,1,1,1
7594c42ee1698734826cc0b1ac690d25,市医药职业学校,市医药职业学校,1,1,1
25a2b16f724fa11e9156348501869b85,凰岗凤凰大道东,凰岗凤凰大道东,1,1,1
0e208ee4a7fe710ff0c645ade1172874,石丰路口,石丰路口,1,1,1
a093db5e1ffc352c8db0439f257c98da,庆丰广场,庆丰广场,1,1,1
e1d5d76b767c8c4f84cfe45038821083,石井中学,石井中学,1,1,1
9a74000dff188eb2829aa7bfe9db33d3,小坪立交桥②,小坪立交桥,1,1,1
f65d2e53c9e91b31ec1996eabc571d48,马务①,马务,1,1,1
7c142de59b8dd79665b3b2f72e175694,祥景花园,祥景花园,1,1,1
b7d594c34a05228e32dbc74609c0c23e,江夏（黄石东路中）,江夏(黄石东路中),1,1,1
03c80e9b0038e428f16a455e81885810,黄石东路（云城西路口）①,黄石东路(云城西路口),1,1,1
ffaac59c7c9d9e97a2e103346b136d80,永泰路口,永泰路口,1,1,1
d1dbfe7b1002cc77a04abbb9f7bad8d4,永泰新村,永泰新村,1,1,1
3aa1a2aeb8fe683b73aac24babade6af,颐和山庄,颐和山庄,1,1,1
711bcb96ad7d19f24f34cee0443dab3f,省旅游学校,省旅游学校,1,1,1
cd9fdab96f4a1f5cc9562fd2c9539436,东坑2,东坑,1,1,1
1926d1e563f2a67c1a5ad74bfa47b948,元岗横路,元岗横路,1,1,1
f1f5813652bf22233ae0ab4add346b70,元岗横路（景晖苑）,元岗横路(景晖苑),1,1,1
adc6b7ce253739e2d5add451b9ec4ea1,元岗路,元岗路(南兴花园),1,1,1
3668af27f5ba5d13c91cb159adae9156,元岗村,元岗村#1,1,1,1
608cf82f578955352683bc64a837db15,天河客运站总站,天河客运站总,1,1,1
37301bf4c8640e0930fb2aea38db9e31,东坑,东坑,1,1,1
6f5dd37803f31e63cd756e7972be012e,白云山制药厂（后山宿舍）,白云山制药厂(后山宿舍),1,1,1
567d5632ba18b62b60ec15ac6ec22e88,颐和山庄1,颐和山庄,1,1,1
09c9a293515157bf3f431c6d59d85738,黄石东路（云城西路口）②,黄石东路(云城西路口),1,1,1
9f13fc453a8f261c39e7bbbf9fdf31c9,榕溪,榕溪,1,1,1
93b345ccae6e45a141dfbf153a65ba81,庆丰财智广场,庆丰财智广场,1,1,1
643f31435a0dc4958ef0661cc8a94333,海印桥总站,海印桥总,1,1,1
f01b67f04caeaeaecfebf507fe9c6648,东堤,东堤,1,1,1
ba55174e064208ddb4c29ad36f41e3fa,文德南,文德南,1,1,1
bc0c18a71b82efd0e9784eeb852e0d2a,天字码头,天字码头,1,1,1
a9cfd3ee56ab144642759ab6cc6ba2c7,海珠广场（侨光东）,海珠广场(侨光东),1,1,1
53373d2daf824e23f4b2b12e02358015,爱群大厦,爱群大厦,1,1,1
340e9724f160d0eb4d15dc32e5e6b069,上九东1,上九东,1,1,1
9a2121be92d783ce4f4e756c7a31f0f7,东升医院,东升医院,1,1,1
24063cb84afc88647617efc94db7d18c,人民中路,人民中路,1,1,1
850caa1207d12235222fb644f6a614be,人民北路,人民北路,1,1,1
93bae669e90f24fb31ce91aa77ec0015,中山七路1,中山七路,1,1,1
d0dac606e906d82c7534c05a7679ebe1,坦尾路,坦尾路,1,1,1
77b16b22cef080e333f3ea5b191fb1db,海角红楼②,海角红楼,1,1,1
b603b20ac1825cccf097fbcdec718871,珠岛花园总站,珠岛花园总,1,1,1
ba817bb52d53ecbf87223ddcc5e88f45,海角红楼,海角红楼,1,1,1
179c2bd9d1e7bd1b1edae50a43e5903a,双桥公园,双桥公园,1,1,1
bffeb27af9128bd429af822ba101cb8e,中山七路,中山七路,1,1,1
a6d212e12dd07ecfa80a2859162ea649,人民南路②,人民南路,1,1,1
0fd32fb8932faa5fc925a9cdbce8bd37,南方大厦2,南方大厦,1,1,1
300c698ab57a974253a08d563f658d60,靖海路口,靖海路口,1,1,1
6585ef8f58a3b6894071699124c16cc7,南国奥林匹克花园总站,南国奥林匹克花园总,1,1,1
79b8ccff4ac9193d8c79102dcfbc817f,地铁汉溪长隆B站,地铁汉溪长隆,1,1,1
3baf106e29d69f864d89dc71e6214b17,锦绣香江北门,锦绣香江北门,1,1,1
2a059cf292caf2acf23b619ad59ca106,锦绣香江,锦绣香江#1,1,1,1
4e53b03bf3804ec305db7ba98df0c0a3,万博中心,万博中心,1,1,1
0628378f5833026878c353ac58556786,南大路口,南大路口,1,1,1
7e03d7dd585fc2eb47b5e68c01cc0354,塘埗西,塘埗西,1,1,1
7e1c732b16a27ded03b9889ce98f0d70,涌口村牌坊,涌口村牌坊,1,1,1
b64a9fee306aaf7bbb64853f9d8b9003,沙溪村,沙溪村#1,1,1,1
64fb3c210d5c07909425168790b3f3b1,上漖,上漖,1,1,1
1c6dcc90c51a393cfbccac012fb8302c,洛溪新城,洛溪新城,1,1,1
3e2b1fe6f80fc1416831e54936ef3267,南洲路口,南洲路口,1,1,1
2f894a1d65ae472094a0d57dab90d9c7,瑞南新村,瑞南新村,1,1,1
bb3a1cdf6a064a4be4c6310006ab61b6,五凤乡,五凤乡,1,1,1
04a1db4712ea661a8adaedb72943044d,东晓南路,东晓南路,1,1,1
070286a038f7fbc15c03e758a7f699c0,晓港新村,晓港新村,1,1,1
241e27b22d9b9f112183575ef3aeaa2e,云桂村,云桂村,1,1,1
aaec759da0fef24d76e89486f9bf5190,江湾桥脚,江湾桥脚,1,1,1
71d203b1d4c2b8ca307f55a857bb03dc,东华南路,东华南路,1,1,1
d8842c6be6d8076e3ddc52d0a1944596,东山口（东华北路）,东山口(东华北路),1,1,1
bf2f98db87e828bb375a48f2a1f2ce54,农林东,农林东,1,1,1
be90f0cdcd15be01bd0496a204f15e34,梅花村1,梅花村,1,1,1
a5f8f8a0000cbf781febd52858f56416,梅花村,梅花村,1,1,1
eaf32acc27115598f3059d0af28c9ff6,农林东①,农林东,1,1,1
c76e51d14df22d36725bfcbe1ab3fc8b,江湾桥脚①,江湾桥脚,1,1,1
da2337a875a426e4d0b839320917f6d1,基立下道①,基立下道,1,1,1
44285756b290caf7c38f3a098b69cfc8,前进路,前进路,1,1,1
7c053d32a4f2151e30c34343e6ab197c,南洲名苑北,南洲名苑北,1,1,1
7288f6b072830b068d06703888a0ca20,大石桥北,大石桥北,1,1,1
e1778933b91532b41960ceabdef060bb,涌口村,涌口村,1,1,1
fd1e9fde2e6e98750c8d45fd0d80bb5c,地铁汉溪长隆C站,地铁汉溪长隆,1,1,1
afbbcfbd1e6f83897f92f945aeb31dd3,华景新城总站,华景新城总,1,1,1
130d05353a1f9fa0d33a052ada6c1b51,华景北路,华景北路,1,1,1
4d5ed5ee10f449ac924bf8cbf56252d7,华景新城西,华景新城西,1,1,1
2fc437971974ec72abdcb56f76506219,科技东街北门,科技东街北门,1,1,1
4fca3d61b83fedab627fe0b0a03a5391,翰景路,翰景路,1,1,1
32409d75d9c79aff44f6bd144eeccda4,龙口东,龙口东,1,1,1
33d741fd811be8705954237ea11fedad,龙口西,龙口西,1,1,1
c1c784cea74b6b95f5bfafdc5be07752,天河北路②,天河北路,1,1,1
0d5bd28c5acd03bf739d802c0cc644d6,体育西路,体育西路,1,1,1
80639c6d80bf1ab3ee52159f931b99d6,维多利广场,维多利广场,1,1,1
3a041649ab3abfc08bb314a183961b9a,赤岗路,赤岗路,1,1,1
928a4f0b77773175ff3755a3c0ce1a9c,卷烟一厂,卷烟一厂,1,1,1
cc71e6ca0fd81a4b1f9a043fd79bcde3,大塘路口,大塘路口,1,1,1
3e1b22707ec60d75a6fd44d50f4e595e,大塘总站,大塘总,1,1,1
848c4a0020dbf34ad868f74cb31951dd,天河北路,天河北路,1,1,1
72eed32d2f3249866b0c688a940d04d9,赤岗总站,赤岗总,1,1,1
91d4fffc6e0aec8d6602a2ee3f9c979c,赤岗路口①,赤岗路口,1,1,1
51993bcf3d4907fb21295adf9a5aeabf,大江直街南,大江直街南,1,1,1
091b52c2727c1d582389af09a8596ae6,大江直街北,大江直街北,1,1,1
13464d69d55f75ae39e98e1cdc1f0bda,海幢码头,海幢码头,1,1,1
6f0391b39b535de1b1a4065b042faf31,沿江东路,沿江东路,1,1,1
961ba55aed49cf7f76cdea8978a3d49f,二沙西,二沙西,1,1,1
7cbc23b89fdc312b28dd63af416a6cfb,星海音乐厅,星海音乐厅,1,1,1
5f84d4745fd772f39fdd541aed330ea4,二沙东（传祺公园）,二沙东,1,1,1
240dd43ffc11e30b7cde5f3c252310c6,文化公园,文化公园#1,1,1,1
581c811079a9d0e04bbb7de5c544ddb8,同福西路,同福西路,1,1,1
4fedbd58fe93223a98603f6cab49683a,洲头咀公园,洲头咀公园,1,1,1
00122ca4ed24be44b886406247573896,滨江西路（洲咀大街）,滨江西路(洲咀大街),1,1,1
479b1b1512d041d8310d594dfd4d3b98,滨江西路,滨江西路,1,1,1
9f2b08fc8b5c9459c71d79e638ce2c67,珠江广场①,珠江广场,1,1,1
b9f62c18dea6802ecdffcdedf5ee845a,广州大桥南,广州大桥南,1,1,1
01eaf6f1e782ef284ec471d52f610b34,先烈南路,先烈南路,1,1,1
87d779c189281fc26b6caab2207a0f69,龙口西（穗园小区）总站,龙口西(穗园小区)总,1,1,1
4d9c3c149b012f1af773a16abdafff70,天润路,天润路,1,1,1
5ead7b6593b523b0eb0ed620533e92e8,时代广场1,时代广场#1,1,1,1
659274cbf87f95d5c9b274e44855ba8e,先烈南路2,先烈南路,1,1,1
497e8b5a9000f00fe655c17adebf9a57,东风东路（陵园西路口）,东风东路(陵园西路口),1,1,1
2d9544861fa9d65fab27a9675d320814,一德西总站,一德西总,1,1,1
96ddaff739713370a0b98a90b36f7466,西门口（人民北路）,西门口(人民北路),1,1,1
a7f5ce8ef48f571aee7e08ae3acf14a7,西华路,西华路,1,1,1
7212d5915c2ce4ef0bdda712ff0547c4,彩虹戏院,彩虹戏院,1,1,1
38e5f06c69ae5b4c5d11daaaf9123b8d,黑山②,黑山,1,1,1
d9b7c27e62d6630e93dcfd2d0a62c474,鹅掌坦②,鹅掌坦,1,1,1
689da02ddc91446c2f56f6aab50c8b4c,同德乡（地铁同德站）①,同德乡,1,1,1
f35256d592136b407360d5a07aff1f52,上步村（地铁上步站）,上步村,1,1,1
8ef312406e0d7c739608ac8fb94e82ab,泽德花苑（市中医院同德围分院）总站,泽德花苑总,1,1,1
2e17f3050ac9505c2feab5e8da133257,南湖（大河马水上世界）总站,南湖总,1,1,1
055541f5ac254726e5d2c71dea9ebae0,东坑1,东坑,1,1,1
02e4da2f28d47fd58da7aaad1153f0a4,三九脑科医院,三九脑科医院,1,1,1
d95056c24f4c7b11d96182261da41e92,沙太南路,沙太南路,1,1,1
b7d432b771effdfde1a06c416c23339e,沙太南路（省妇幼天河院区）,沙太南路(省妇幼天河院区),1,1,1
efe138cae382cebda4c2860632e8bfc1,南华工商学院,南华工商学院,1,1,1
caf417518eba31146b0756f45c09f854,侨乐新村,侨乐新村,1,1,1
536864d31ef16294d1e56b89f54e268f,天平架,天平架,1,1,1
7d86d563ce93d27a938cd68b0fde939b,广州大道中（地铁沙河站）①,广州大道中#2,1,1,1
d20d93b77e044a9b06b1eeffbb524dd0,天河东路口,天河东路口,1,1,1
dda0bec3c77d3d9fc5c013f0a3d18d8e,军体院①,军体院,1,1,1
e21d3f678da7bf30fe0f889579d0eb05,省军区,省军区,1,1,1
503f487b84496502efa04d93d9328a8b,体育西路南,体育西路南,1,1,1
82c9a8da4ad4918b52ce07ab0914eb28,程界村,程界村,1,1,1
c4879d56a1d6c9bd666b161308018310,琶洲塔公园,琶洲塔公园,1,1,1
c18742bca91ccb9323e7ee2e579eb0dc,琶洲大道东（保利广场·香格里拉酒店）,琶洲大道东,1,1,1
ffe851415da9faf8167d5366baf385f7,琶洲塔,琶洲塔,1,1,1
dac1ef8798596b17b067df403fda4ec4,琶洲村,琶洲村,1,1,1
45ef745b9e592b6cf8e297699d63bb89,杨青村,杨青村,1,1,1
a0696dcef18a7ea9dac4fae9ef4e3ffc,黄埔村,黄埔村,1,1,1
13bf902d5d041919e6923be1cc095cca,新港东路东,新港东路东,1,1,1
1905276a49b8ecce1ff0112ef599b335,新洲科技园,新洲科技园,1,1,1
31e6d379c17d0e166281e8d127049590,新洲前,新洲前,1,1,1
e9457c78e24c6a049808444215ddcef1,新洲码头总站,新洲码头总,1,1,1
b6d5dbf84851ea7ddacc8ec8a1cb41c8,万胜围②,万胜围,1,1,1
3250483123ab8b187d6c30bb9816dff1,林和东路,林和东路,1,1,1
2a1a3e633012b0494d87348739babf5a,东莞庄总站,东莞庄总,1,1,1
466f57ccc01246670c629fe497f74066,电子五所社区,电子五所社区,1,1,1
29a78a93ed1193758e9648b9d5a53f09,东莞庄一横路口,东莞庄一横路口,1,1,1
b4bb8f08ae56fbbc053dfacfb7206858,兴盛路口,兴盛路口,1,1,1
262df64d9f32ba6536d25e9454c91225,红线女中心,红线女中心,1,1,1
d704c6f689bbcd566a27ffadfdc086b8,马场路中,马场路中,1,1,1
327d9818fb8cf0378db3bf70793e9f00,马场路南（南国花园）,马场路南,1,1,1
7bf00dc3c7cf15553b61f61e143e6ce5,临江大道东,临江大道东,1,1,1
71682d655d12006e9a6dcc11573128a4,临江大道（猎德牌坊）,临江大道,1,1,1
3a9b2e1db3bc800e62d139681c1a6533,临江大道中,临江大道中,1,1,1
27a2a709b43d1e7fc98f5b5a6aaa1e9a,华穗路,华穗路,1,1,1
bd9388d2cdcf80a241ccb023bc8c37d3,华成路（高德置地广场）总站,华成路总,1,1,1
ae4d2651783ec187d02cdc438fa5fa4e,天寿路,天寿路,1,1,1
cedb91074dfa1ae3134d8474f1b6120c,元岗（远洋天骄）总站,元岗总,1,1,1
3cf5807e9239fe1f444df263a0e28ef3,元岗路（元辉街口）,元岗路(元辉街口),1,1,1
efa6d9d57689acbbe42e1c300613503f,员村二横路,员村二横路,1,1,1
7e54e03ad27fc14162826bf0b0009062,员村总站②,员村总#1,1,1,1
de4ee7ad08597d739a31f3f8c80b1486,员村四横路口①,员村四横路口,1,1,1
2f5e606e7d47b0962876396908a26c79,石牌村③,石牌村#1,1,1,1
101410b22b98316707425181a52ae96f,广卫路总站① / 广卫路总站3,广卫路总,1,2,1
29ee88b28144a3cc39dca4fe1ceac553,教育路南,教育路南,1,1,1
a48d659a8b5916d2967543b4e94facee,解放南路①,解放南路,1,1,1
2bd723772c9190ef47e6d82ce0eb3125,地铁市二宫站,地铁市二宫,1,1,1
ae1b28d91a2bd317d859765713b3c931,基立村,基立村,1,1,1
ec0e9d1cf7cefd89e111c229a5826bc4,龙潭村①,龙潭村,1,1,1
ea0590435f7d2fcb160030bef2f19333,龙潭村牌坊,龙潭村牌坊,1,1,1
fc8fc7288a2fefc0c8b8387a7ef720c7,新滘东路中,新滘东路中,1,1,1
0003552e3974b7c10581e8ea3443fe8f,赤沙路西,赤沙路西,1,1,1
9b8bbec70849592c5213f32e85ae6b5a,龙潭村,龙潭村,1,1,1
5e36053da8d4d3edc91d8175e4e0b6b7,鹭江③,鹭江,1,1,1
07cb9fdacce8c5948e556d0b6d1f736d,怡乐村②,怡乐村,1,1,1
a5cd10e74aa9e48abdbdf0f0113470ac,起义路,起义路,1,1,1
090c0e7fbe000a73bb7a17f516f0359f,汾水,汾水,1,1,1
7ef945972d8195d223e8a2146eec4057,芳村合兴苑①,芳村合兴苑,1,1,1
e1374918e7301993c1c36adc48053221,芳村隧道口,芳村隧道口,1,1,1
b1aa774c616d4278b60a3371d244dbb0,黄沙大道（广医口腔医院）②,黄沙大道,1,1,1
d6172cd781f3dcc1e94c340e5f2ccf7f,多宝路（广医三院）①,多宝路(广医三院),1,1,1
e682764177c4bb663c0db8cda3c1f9af,多宝路（粤剧艺术博物馆）,多宝路(广医三院),1,1,1
5a480dd0fd02fa67de84bfcf24bde167,逢源路,逢源路,1,1,1
abc39a0a9c8914200dcb99710f7aed2d,西华路尾总站,西华路尾总,1,1,1
d73242f6291c714c4ee877710df53de7,华贵路,华贵路,1,1,1
039e8994c7f0f0218ee475a7f66d3f48,地铁长寿路站,地铁长寿路,1,1,1
939b6983d39b172ab0e5d8954bdd81f7,宝华路,宝华路,1,1,1
ba4a231d5ff59ed071ca9c13bb080371,恩宁路（永庆坊）,恩宁路,1,1,1
70becf82b10859dd1d2617b2c81ce26a,黄沙大道（广医口腔医院）,黄沙大道,1,1,1
57a55ed86be56aedf869c62a66c960fb,荣兴路,荣兴路,1,1,1
5c2e859318eb6ca63544a19c9d7d54a3,茶漖小区,茶漖小区,1,1,1
4e063f616a7127c0d5bf1438519498d9,凤凰岗总站,凤凰岗总,1,1,1
af3e7dcd6475ca151e266c4fc5d4f2b5,金沙路,金沙路,1,1,1
fa1df45467c5d7cb49245cca758c9959,农林下路（广药附属一院）②,农林下路,1,1,1
3cc6d32657731f116207b27baeff3be6,执信中学,执信中学#1,1,1,1
2cf583d3b339cd84fe6b689347d024e3,沙河顶,沙河顶,1,1,1
9f5529ffc22c98e482fddedba7751616,天平架总站,天平架总,1,1,1
9d3f552dfc2c94adcb082d5ea1d158c3,沙河大街,沙河大街,1,1,1
f9f635477d5e137768d991b6a4a8e1e5,犀牛路口2,犀牛路口,1,1,1
f51b88c6dc7259759a5d11ea99e9eba5,农林下路（广药附属一院）①,农林下路,1,1,1
354d5148e9de588b05cfa99a55b53de2,东山口,东山口(东华北路),1,1,1
92366e11ed698a5e7f97a7a6ce886847,中山医②,中山医,1,1,1
24ae32303cee9da012bfef86681d23d9,东川路,东川路,1,1,1
f455b670da37139d21b58367191c0baa,聚龙工业区,聚龙工业区,1,1,1
ccc565ae36986224df219291d1f8e461,德康路,德康路,1,1,1
f42cdc1d2e43f463467eba8ec678e59a,岗贝路东,岗贝路东,1,1,1
5d8b26cb2476ebc9ae8a016ebc79bc29,云霄路,云霄路,1,1,1
8911217ece83fda52e51f170b35badcb,广州体育馆南门,广州体育馆南门,1,1,1
a920b79ec5cc3b4d68ddc11a04c6f7fc,白云大道南（金信路口）,白云大道南(金信路口),1,1,1
69f338da5a681c9218f7db56b53a462e,盈翠华庭②,盈翠华庭,1,1,1
921a88387e6c1a588ae1e2c25b3f08d5,柯子岭牌坊①,柯子岭牌坊,1,1,1
d033c0bef4c93cb120d32a08332a1b1a,大金钟路①,大金钟路,1,1,1
f2461817cab4d7b52f5ddf514e91704f,金贵村①,金贵村,1,1,1
81cff6aaeb37e72e6db2133651f5de1a,濂泉路口②,濂泉路口,1,1,1
196e013c4d9b7929048597cdd90e8dfd,林和西横路,林和西横路,1,1,1
18c7674b8c1fb449ed49c565d19f75db,林和西路口,林和西路口,1,1,1
af6f9b04f795e935a4af079f6d648348,广州大道中（地铁沙河站）②,广州大道中#2,1,1,1
265ff2f17ccd7f77e50ab5dbbd77d651,白云山管理局①,白云山管理局,1,1,1
c96f1c536e6794855e47b93143653c2a,柯子岭牌坊,柯子岭牌坊,1,1,1
72d902f7be3468d7bfd0a3ca629968d6,盈翠华庭②,盈翠华庭,1,1,1
5ebea0589c801ca269476a85df1871e6,新市（地铁云霄路站）,新市,1,1,1
65e5dc02c52bae206c0403bf0aa89af0,岗贝路,岗贝路,1,1,1
95bdac21390a9a07dde0806cf64a0608,德康路②,德康路,1,1,1
2a74f3a05ecf6df2caa87f1769e12174,槎头（西槎路）,槎头(西槎路),1,1,1
ae72c35c4281d210e2d65f1af1ec8fa8,省妇幼,省妇幼,1,1,1
b7159b2c6ee0ce7c899cd02fae0aa6bb,王圣堂,王圣堂,1,1,1
ed840171ca39c7d2ebad2f4d3492a496,三元里大道中①,三元里大道中,1,1,1
2b235002e2233db469dd50ea576f75e7,三元里大道北,三元里大道北,1,1,1
96c56f57c074cd8697b3b45ebc580a5e,机场路（黄石南收费站）,机场路,1,1,1
4b7936e6c284dd7dedf849301057a165,小坪立交桥,小坪立交桥,1,1,1
8ca54493547dddd6a7400b1b0b98c765,张村,张村,1,1,1
8a47319aabc4ff20a942f620052a0f5a,风度路口,风度路口,1,1,1
028b72a80d0f1a4b8721a91c71ffff9d,少管所,少管所,1,1,1
6b017afa21adb86930b5161478510c86,宝鸭北路,宝鸭北路,1,1,1
662a47adb603fd0a91260924521e875e,潭村总站,潭村总,1,1,1
0f4839d16f0a87af712e694e16610153,风度路,风度路,1,1,1
2273d3a58c2130b443efc2afff884613,张村（石潭西路）,张村(石潭西路),1,1,1
3504cf69b929f8f1ee3772bc8a55b170,石潭西路北,石潭西路北,1,1,1
264c940907d0b6c3e851beefb1dafcf4,三元里大道口,三元里大道口,1,1,1
f8c94fc975be84bd35540fc607b70b10,环市西路（广园西路口）,环市西路(广园西路口),1,1,1
3f7a9efc07891040bb3337b8a72e56ec,上步总站,上步总,1,1,1
612aa5d6fe8d39294f411879f1a3510b,上步村（地铁上步站）②,上步村,1,1,1
7c508369fdc74c6d19172fedc7060fa6,同德乡（地铁同德站）②,同德乡,1,1,1
1da8caff2eef3a7ff84da8255d2fc399,西湾和苑,西湾和苑,1,1,1
e0831132e50af4115a83f7bf64e0bb71,广园西路,广园西路,1,1,1
5ba0a3aab8db0ae5b2c1ec46830d5827,三元里古庙,三元里古庙,1,1,1
f043d5d7f6a00d6281e257bc09db674b,中医药大学,中医药大学,1,1,1
f99ab08f6f64bacd0ee32ceadfda5148,广园客运站②,广园客运,1,1,1
36550745366364b746f2fb1305f185a4,广园中路②,广园中路,1,1,1
0ef92448cd2f75c3ec3cbb7ea9688c2c,景泰坑,景泰坑,1,1,1
95caa1136da376f1343978c49013cd85,白云山制药厂总站,白云山制药厂总,1,1,1
a6cbbb729dbbdd257e38aa0e09f055de,一五七医院（地铁京溪南方医院站）②,一五七医院,1,1,1
16320b7875678cab3da9b4537f38cc23,梅花园①,梅花园,1,1,1
e5b9865b39c0dc39c9fecef6e1397a76,兴华路口①,兴华路口,1,1,1
d596445ef9fa14d4006b5c782d7d0cb7,景泰坑1,景泰坑,1,1,1
c09ea70b222000c6122a7a97143537fe,广园客运站,广园客运,1,1,1
e09b18f046e1915b9b134e65f60030ea,黑山①,黑山,1,1,1
6a5372a41c2a968649d674194eac433d,西湾和苑1,西湾和苑,1,1,1
1401e6df62cfb580f520c69000d0a069,凰岗（锦东服装城）总站,凰岗总,1,1,1
624a04f945fc6058845769d6dc39ad21,石潭西路口,石潭西路口,1,1,1
86bfec82af48f004a945ea5c9d79e4cf,凰岗路口,凰岗路口,1,1,1
76bed5f5f4151070d78706ca1a379dcb,湖天货运站,湖天货运,1,1,1
ae8e63b71984ba2b66111c4baf0e193f,泽德花苑②,泽德花苑,1,1,1
49f429d11db56ec701a446c2d46984ce,鹅掌坦①,鹅掌坦,1,1,1
48ca9c89d078562ed86ef73829240b6b,西场立交2,西场立交,1,1,1
84a7c4104be548f86a389badb78a6a6b,南岸路,南岸路,1,1,1
420fb1cf98dbc8b8b4eca6eba09f8f44,珠江桥脚,珠江桥脚,1,1,1
c58b2c99c7c816912e4fc74fd70b176a,康王中路② / 康王中路2,康王中路,1,2,1
530517d2e129c7e4ecb58d8c747bf776,华林寺,华林寺,1,1,1
c97ebff3209e4fa149cdec9ce10b24df,德星路（上下九步行街）总站,德星路总,1,1,1
8e6204462025f2c7d03b1079122c68ae,康王中路1,康王中路,1,1,1
4b5a5ba370eebf6e5b4171ce8bc0f500,西场立交,西场立交,1,1,1
cbb3c120a5ee0d9e01f10d9550d95d0e,泽德花苑②,泽德花苑,1,1,1
f1267d70ba81588780647b9298143b3d,槎头②,槎头,1,1,1
7aca755f15332e8b29b4421911998d86,瀛洲路口,瀛洲路口,1,1,1
dd854437f516bed56257c713fd843ec2,救捞局,救捞局,1,1,1
87c6790a38f807ada398c49e61fa0eae,大沙村东,大沙村东,1,1,1
cea5e851e2c3357e0920d08e1989f30b,大沙新村东街口,大沙新村东街口,1,1,1
038517872981fadffb8d187e8fc40183,大沙村,大沙村,1,1,1
6e1a204b488f944f545492a7ec9c35c3,客轮船厂,客轮船厂,1,1,1
4763dd1ab8ed929adc1596dbad3a6b80,后滘村,后滘村,1,1,1
81dcb0749ca917d46f98eecaaddff164,三滘村,三滘村,1,1,1
3ee440b7aae89010164fc240ae1f01ac,南洲名苑（瑞宝花园）①,南洲名苑,1,1,1
18793a1dd8f75e365f97ac7c58c215d6,石溪②,石溪,1,1,1
110bd339a629f85c3994cf417f260226,保利花园（南石头）①,保利花园(南石头),1,1,1
58b2266a52dee18e08b9e3932d8bdfc3,保利红棉花园,保利红棉花园,1,1,1
87b7e193e89263c628c5fa0551f3d2c9,燕子岗,燕子岗,1,1,1
976a8f8148e5dc652aa58740f9c945f5,礼岗（省口腔医院）,礼岗,1,1,1
3beb7ee05401c65a74e584cbaf61094f,华海大厦②,华海大厦,1,1,1
05a8cab414bdb9b06f93d7aa137ea1fb,江南大道中,江南大道中,1,1,1
b310045c07d085cff7eeb2bc32ea24e8,盘福路,盘福路,1,1,1
a1cd5f7bf7da9517fa21f2a622d40d5d,松柏东街北,松柏东街北,1,1,1
040ef31426cd956d0943f94cdf3a6bf3,中山五路①,中山五路,1,1,1
c1db0ebc81c8291022f5b8dfbfbee196,万福路,万福路,1,1,1
e0fa4fff8dca445a5ad80b38caabd0bd,万福东,万福东,1,1,1
6f53c7814136efd7fe2d33d0edaf4653,中信乐涛苑,中信乐涛苑,1,1,1
dcf98f89b2fbe9e30b6fa837b133017e,下渡路口,下渡路口,1,1,1
7e38f1a8805dd5b653a040675028e48c,逸景路东,逸景路东,1,1,1
f7fb38b4c9aa1fa388e80a8a7b5912e2,逸景翠园总站,逸景翠园总,1,1,1
16f1b050ee4d0192c7e0340f78321cc6,华盛南路,华盛南路,1,1,1
26736cb0c010dcd96c30ea0b6ec24ca1,中山五路,中山五路,1,1,1
87b4a746545a73ffec561ebf6b40fb01,五羊邨,五羊邨,1,1,1
e7f43b4efced11538a6ac665e4d70328,长城大厦,长城大厦,1,1,1
297f0b357136ecc6b20948e233ab1a72,达道路,达道路,1,1,1
73af3d05ecd9aeb715314f8d8757f46b,中山医①,中山医,1,1,1
ad21c70cdb25ee628a586b17c2f29bb2,烈士陵园② / 烈士陵园,烈士陵园,1,2,1
89c91f104d1b590683ecb6c049237c69,较场西路,较场西路,1,1,1
21c65e32270931decfddc3ee3b76d748,三角市,三角市,1,1,1
5c972ab0374f2465fc2271c1604ec74a,接龙里,接龙里,1,1,1
9f4e4604102fdf64794860f3344f7eaa,花蕾路,花蕾路,1,1,1
d124c82317f6d1543ce5c890787fb9b5,东山口2,东山口(东华北路),1,1,1
a027b25d1d171479c3d712989f7c45ed,五羊邨①,五羊邨,1,1,1
739294ccbefc17c4fb872e79b37992d2,越秀中路（鲁迅纪念馆）,越秀中路,1,1,1
4eb92fdb56d766a5b0a789c2c126475a,越秀桥（越秀北路）,越秀桥(越秀北路),1,1,1
deaf77e2cea3b0d5963f7a318d12ebe5,越秀北路,越秀北路,1,1,1
e20604634a43cb9697f4a1c8043f8896,市胸科医院,市胸科医院,1,1,1
f82093e262f22ad65831dc67c6c606f7,省银行医院,省银行医院,1,1,1
ce63e316f1cb4f66315544a2a0abb384,小北花圈①,小北花圈,1,1,1
834793741e5e0d6653566a4cd2ecf5e3,富康路,富康路,1,1,1
936a05f5ab5ccbef99e6a97069e8fc3f,三元里①,三元里,1,1,1
65b3d950767b6d1a836f07377b4ee01a,越华路,越华路,1,1,1
772bc47cf48b642cd307cb02b04e1860,执信路①,执信路,1,1,1
9ff981d79953617bbd525e4d85a8525a,东峻广场①,东峻广场,1,1,1
db0847c496605b7376e4499982f24925,东峻广场②,东峻广场,1,1,1
3a92816e15bc4a059b5e6d19bd9e7987,东风东路（广东工大）②,东风东路(广东工大),1,1,1
6d49cd1c17fe8c1e132f3ae82bb57b0a,肿瘤医院,肿瘤医院,1,1,1
5c53ef8a0b54871fb5effd8b758fa5c1,三元里,三元里,1,1,1
3bbca4c4b7a7a28326e262515b243525,广园新村总站,广园新村总,1,1,1
c48e1970570dabcc0eeee28a7203a6d8,景泰直街,景泰直街,1,1,1
3d3e8aaed9c1ea43793cf9557fed5cc7,解放北路口,解放北路口,1,1,1
490453cf338c58009fc0b226f3fdaea1,流花公园,流花公园,1,1,1
2183872e5ef920f6035df6f742aaea25,南泰路,南泰路,1,1,1
ccf035f9b08625c204cc42881145a4cd,礼岗（省口腔医院）②,礼岗,1,1,1
1680a6a6fa36bf70c9a37579212075c8,人民北路①,人民北路,1,1,1
18dce651d285ecb2eaffd99aa7205174,盘福路,盘福路,1,1,1
d8302ac460b3fafbbdf20b1f7f070d48,大基头（木偶艺术剧院）总站,大基头总,1,1,1
2ed4afc9eadb2be460d191c7f122cd4a,广东药学院,广东药学院,1,1,1
96565c7dc4770617295fd7862f43252c,江南大道口,江南大道口,1,1,1
965b38f1b075343431f362f1e724bf0b,广东药学院①,广东药学院,1,1,1
d0f897c76355bed22cfd302acae9c3c4,机场路总站,机场路总,1,1,1
f94bb9aa623cdba84780e91902d62427,雕塑公园,雕塑公园,1,1,1
238e05f65383850d53ff2ad93e023268,老干大学,老干大学,1,1,1
beb7c18dd6aeb55f83dbed8b83123e75,下塘西路,下塘西路,1,1,1
86891b803caab0659a02b9f65779b185,童心南（广东老年大学）,童心南,1,1,1
8c995ed344919b9da27f1e31519b4606,广东电视台,广东电视台,1,1,1
630f5e466493e199439be797f19f7570,犀牛路口1,犀牛路口,1,1,1
b322080f44cffd319ccf722785828f61,南方报社（杨箕东）①,南方报社,1,1,1
b531f8e14c8ecdac5cbb1f92530721cb,石榴岗路西（中西医结合医院）,石榴岗路西,1,1,1
fa508ebd7cf3d38d1bf731d794ae103f,石榴岗（海珠行政服务中心）总站,石榴岗总#1,1,1,1
df8d3370b0d3716b02b6d2252bfb656d,执信路,执信路,1,1,1
9d191f10807aace7346fdfa256252153,白云宾馆3,白云宾馆,1,1,1
8bd4ce5da70af379dd9adc357658546e,雕塑公园②,雕塑公园,1,1,1
d9a1f410c1e3e50718cf1a3a2f5abf94,环市中路口,环市中路口,1,1,1
1955e333ca444d66853cfd45a67ad2c6,麓景路,麓景路,1,1,1
9263eead892300138eab4b0a4f5ca28c,广州电大麓湖校区,广州电大麓湖校区,1,1,1
d2495ac5dc1ccb5071cc4947d655548a,柯子岭（地铁大金钟路站）总站,柯子岭总,1,1,1
d1cdc96fb4409ea6a8683582a20d3b09,河田西路,河田西路,1,1,1
387d9e589edc9914d28e3afc37e2f55a,景云路②,景云路,1,1,1
5715502ee8e4e749acb1ab5185baf625,泰康路,泰康路,1,1,1
ff15f99459df1cc181aa1da24c0a6a4c,天河立交,天河立交,1,1,1
f78c9554858fe3178fa8988aa5ef6536,财厅,财厅,1,1,1
4aa260d8178f839440f91143e675ca10,解放中路1,解放中路,1,1,1
9dff74cc8bb595403d0dcb9e52b9d31a,堑口1,堑口,1,1,1
b25ad9e1ac3ddefa94e5452faa5531b5,市红会医院北门总站,市红会医院北门总,1,1,1
ff4b3722275992e2b7865adc2cce3c6b,花园酒店3,花园酒店,1,1,1
bfcb2b155e30f0e0397dd813c2f54d40,天河立交1,天河立交,1,1,1
084fb2391b3146fa76f1c3008383a5ab,水荫路总站,水荫路总,1,1,1
b931184d9f0d5fb8f2c96f02491df84a,十九路军陵园,十九路军陵园,1,1,1
a696e0e71ccdb50ad6855ea75aae30a8,白云路东,白云路东,1,1,1
02d8b4000819074ba78820d063d0c481,江南大道中2,江南大道中,1,1,1
a40995c68652e6e480dbd1755066c394,广州大道中路口,广州大道中路口,1,1,1
a230873684d63e439823dd861b2fa431,广卫路总站,广卫路总,1,1,1
bea2d8eac2135e28e7457dfadae4d8f4,中山六路,中山六路,1,1,1
ba1d21a4cc52dd03311c544d01207b5f,西门口（中山六路）,西门口(中山六路),1,1,1
a509cb753c30ebc7c8794c2149093eb9,桥东小区1,桥东小区,1,1,1
5be8fd4e9039d1379ee138917d8a652f,石围塘,石围塘,1,1,1
453b57ad1ddf0ec2936a59be38fbd743,联桂北,联桂北,1,1,1
57c03aacdadd62d7fe756d02b11a50db,市慈善医院,市慈善医院,1,1,1
434047d98d9a74bfe222cf0cc461cdad,百花路,百花路,1,1,1
336028f8e2ecacba66765daf7b8528bb,大策,大策,1,1,1
35c3ea211626bbc316e569575198ef36,桥东小区2,桥东小区,1,1,1
6b67d538093ed81df793d8837f8f3a1c,华景北路东,华景北路东,1,1,1
a2fe2326368bbdeedad3768bf4803d20,枫叶路,枫叶路,1,1,1
1a67a84853c29dfe2ee7eaa1f34ef3ff,枫叶路口,枫叶路口,1,1,1
f6b7e205d4eba6a004be16bb1e4ea1b4,天河公园,天河公园,1,1,1
a366e79b390d153a3c72e9500136f812,天府路（地铁天河公园站）,天府路,1,1,1
1d4188619bea3e1538006bd4de8d26bd,猎德大道北①,猎德大道北,1,1,1
2773729ebbad8526b4d8018f19e48503,花城大道（华穗路口）,花城大道(华穗路口)#1,1,1,1
8521b4e1dc50541745bd35b0a8a5b8db,宝岗大道总站,宝岗大道总,1,1,1
f67ce19516b2f4da4640027e87704389,花城广场（友谊国金店）,花城广场,1,1,1
bc2ba30f1c438498a01eb15075d0e2c1,猎德大道北,猎德大道北,1,1,1
91805b440d9d9d6e562dca5f98fb05a4,华景路口,华景路口,1,1,1
490c0cd429b99772f3944641b50abeff,华景新村,华景新村,1,1,1
e3d7d0af18a3ec927739cdc42886069d,华景北路口,华景北路口,1,1,1
cf9275133147f2144bfd87fe9ad2988f,洛溪桥脚①,洛溪桥脚,1,1,1
68acfc9285192f086037e4c366ece58a,星汇园,星汇园,1,1,1
a33f1da2afca7a6b810258614613eeaf,西场电器城,西场电器城,1,1,1
76ff744cceadbec56aaf59b5fb0111e6,松南路口,松南路口,1,1,1
b723ec5e23ce16621337310601a7eab7,松南街口,松南街口,1,1,1
b2250df1ca924bc224a2b35c851b3dc3,东旺市场,东旺市场,1,1,1
fd2e452cc52c68514944fb55571404eb,增槎路北,增槎路北,1,1,1
1838e5ece1f9316a58c8ddc99fcfada0,槎头,槎头,1,1,1
8f2618a08a9b4a3ab7997d2f03f278c2,罗冲围客运站③,罗冲围客运,1,1,1
9b9ae5e3eb4327a1763fba7cffe2503d,永福路,永福路,1,1,1
e54b78ece020a0b03ea435418e735cc1,云城南2,云城南,1,1,1
d26a18847ec81c279dca3aea8aa759a6,云城西路南,云城西路南,1,1,1
05090c039cdb26c92926ef129c0c3e53,云城西路（云城南四路口）,云城西路(云城南四路口),1,1,1
05350b00daec12db7dec4282d0349e98,云城西路中,云城西路中,1,1,1
5aba8ab196cb89f34ad26e25ac43aef7,齐富路东,齐富路东,1,1,1
6a8f7b7f5a9ee34389e667f214f86943,润云路口,润云路口,1,1,1
f48a58ce214e21d1fdb47e52f7c293e7,齐富路中,齐富路中,1,1,1
d2979792d992e780e65f7f032739cad7,萧岗齐富二横路,萧岗齐富二横路,1,1,1
0d0ef968c560b53785ba8782d860d2b5,悦云路口,悦云路口,1,1,1
0022028c671e8c4ee215eeb4d24ce917,齐富路总站,齐富路总,1,1,1
435e52c5acb22282559e5e7a122b6091,西坑,西坑(益民服装城),1,1,1
d24851313ff9dc070768dd8e3db046d8,岭南V谷总站,岭南V谷总,1,1,1
81fd50cd0a4827dd6992439438994caa,观海路,观海路,1,1,1
8aa072dc6fd2cfbc6e36cf7c709224b9,沙尾桥,沙尾桥,1,1,1
a84cc8328afca0999c3b659954576611,花地大道南,花地大道南,1,1,1
36b095b2e3d136ff600c8d4ec00cbdac,花地大道（海南村）,花地大道(海南村),1,1,1
546f8f3f288fc884cd994378ac8e4e30,渔尾大桥东,渔尾大桥东,1,1,1
57fd80dfec8a5e8289997e04b322e7f7,麦村,麦村#1,1,1,1
124f9ebfc7ec342495bcc3bf5df7ba4f,荔勤北路（崇文四路口）,荔勤北路(崇文四路口),1,1,1
f39dddea4d9510cc1fc47be1a43e536e,荔勤北路中,荔勤北路中,1,1,1
6f4a00190a8b12d9c6b6ea27d18bd006,崇文二路（荔勤北路口）,崇文二路(荔勤北路口),1,1,1
e50015e6c92e81373686d5272dfe58d9,崇文二路北站,崇文二路北,1,1,1
5f2e6bf7994289bcdfc0829d601b57c7,广州市培英中学②,广州市培英中学,1,1,1
a0d6d6505ffecd70d3293004f222d1e3,真光中学（福盛花园）,真光中学,1,1,1
c1a07bdbc8638530dc84635d270876e6,广中码头,广中码头,1,1,1
96147c900955594304d67627ab52bbde,下芳村,下芳村,1,1,1
c27d894033d07b236d562aab5d453baf,花地,花地,1,1,1
f993bfb6af00f0d355ea8ee6913f974a,下芳村②,下芳村,1,1,1
d51cd7a314573881fd20318ceb6fbec2,广州市培英中学,广州市培英中学,1,1,1
2fd82f8523157a6ab305796f271103e6,白鹤洞,白鹤洞,1,1,1
82639c2f778df56228d7d8f2ab0ebc32,鹤洞路西,鹤洞路西,1,1,1
0c48095228a76381e3823bd9ade62b10,大东门（中山三路）,大东门(中山三路),1,1,1
a9f45a8a3d2a6fdf1fc1a9abd6bdd57f,市中医院①,市中医院,1,1,1
b379b40bbe5df6b482c8d21d861f2ff6,东漖北路,东漖北路,1,1,1
b4178ef6f8a6edc67212bd4f369d6759,芳村花园（东漖北路）,芳村花园(花园东街),1,1,1
f8c7586e5ca0135b9c6d8ad393ba8cbf,芳村花园南门总站,芳村花园南门总,1,1,1
5164726befbb80d807365c029cdae1a6,黄沙码头,黄沙码头,1,1,1
43a4cf4a9c7b3c75106e7ec9ceb2dd3f,珠光路,珠光路,1,1,1
0aa320463ea891f4494172c213a72b04,大东门（中山三路）②,大东门(中山三路),1,1,1
f669344b18bba1008c861b2cceb9be46,康王北路,康王北路(东风路口),1,1,1
ecb68dbd6c62bfcadf7a16c5e5e99603,广东大厦②,广东大厦,1,1,1
aed07aa3b43daa50c942634f6d40c606,东风中路,东风中路#1,1,1,1
3cc2233f45e483f2d3329607bd24bccd,杨箕村,杨箕村,1,1,1
be77bf5a62efb846f39c396d29d2ff34,东风中路①,东风中路#1,1,1,1
95e3bfc82b3fcbc39fe226e8499b6e1b,康王北路（东风路口）,康王北路(东风路口),1,1,1
adc87c6f5781ad7ab2cf840544cfb6af,石榴岗,石榴岗,1,1,1
b839e3aeeaf01e0e580fde9501510ac1,芳村大道西②,芳村大道西,1,1,1
52202dd1a037dcab758cf5c87a9259d6,赤沙公园,赤沙公园,1,1,1
1954d4b438ff637a1e0c7cdabf348370,广州花卉博览园（东西部扶贫协作交易市场）总站,广州花卉博览园总,1,1,1
84587ec2c6daf49788820990a4f9839e,花博大道,花博大道,1,1,1
02d11a0da25830ef2dc2a1fd81546831,龙溪西路2,龙溪西路,1,1,1
022b66dbc5e0223342af74df6c250db5,龙溪中路,龙溪中路,1,1,1
3d0a79cccbe5c8908200dcbf4f577b98,东石牌坊,东石牌坊,1,1,1
2c1f43fc84e545c6ae6f740324746be8,龙溪中路（江北路口）,龙溪中路(江北路口),1,1,1
21a7e22906b04933b9eb656494563696,安南大街,安南大街,1,1,1
f36ebfe4cddb377c3c0ef27d287f7844,增滘村,增滘村,1,1,1
0613d49f2ea267e2a2db9264600c62db,增南路口,增南路口,1,1,1
6e49deabacc1604e0258127245c9482b,步漖村,步漖村,1,1,1
1dfbabb712bf7e9194fd91fdaf9052ca,芳村花园北门,芳村花园北门,1,1,1
58a467be4a32bfe17e7ea6890b9996ac,东漖教师新村,东漖教师新村,1,1,1
871e69ab092b83c8fa4e8d0621f1d0f1,坑口地铁站（芳村客运站）,坑口地铁,1,1,1
8ae0a33e8b89cd3da4c4a63e3b95b2b8,恒宝广场总站,恒宝广场总,1,1,1
96221110767b7c4e5b0b2ccc780864a6,市三宫,市三宫,1,1,1
23b5d2b8ca137c67c1c8223d03fe0fce,泮塘,泮塘,1,1,1
981d9ee5d0b774bfca34ef0799e9e95a,仁威庙,仁威庙,1,1,1
0d8e1e2f14fa22edc7db76e568180473,增南路口,增南路口,1,1,1
9d36d307c66aeac50683b87d55dca2a1,龙溪西路,龙溪西路,1,1,1
8170e5339071d376ea8c4e6afb94cc15,荔湾湖公园西门,荔湾湖公园西门,1,1,1
537e5324f25b679d475f892b01c69f73,如意坊②,如意坊,1,1,1
6a7a894cbde6ab9794b74fec3274e2c4,大塘西（敦和）总站,大塘西总站(敦和),1,1,1
39117ee16fe88ac6e6e151627d33031b,黄沙后道,黄沙后道,1,1,1
e74ea2d474c2f0a1fd1923850614dc20,聚德路,聚德路,1,1,1
c5b7cdb5c6c3bb8d1230eaedc5c36af7,金穗路2,金穗路,1,1,1
089f369e2be7eee0d4d6384be4fded9b,天河东路②,天河东路,1,1,1
d45621e702550e2028f9678c45c07109,五山路口①,五山路口,1,1,1
85253dfe3fdedcfa7bd4586492cd3f94,华农大正门,华农大正门,1,1,1
357cd2cd5335d3465f457208493e9296,华农大东北门,华农大东北门,1,1,1
fe2163c39ebebd03fc1f0c55529eaef1,五山学生公寓,五山学生公寓,1,1,1
cec43fb3e6bba142c88837a089896dd8,金穗路,金穗路,1,1,1
9b0b6368ed3da99edf719032f400c9ab,广园天寿路口东,广园天寿路口东,1,1,1
ea81f975956556d083b2d153add3aa44,农科院,农科院,1,1,1
4673e2b8c3f4f437143c27822203db6c,省农干科干院,省农干科干院,1,1,1
64732a841d65596053e6d91bd8ff9ced,科学院地化所,科学院地化所,1,1,1
0ae2195260c132082af62cfefd128e19,棠德花苑北,棠德花苑北,1,1,1
32a178aaeaf29d0c74887a3b0b95a3b5,车陂高架桥侧,车陂高架桥侧,1,1,1
c937254abcf305a7018f9a38d5539b41,黄村立交,黄村立交,1,1,1
2b9b5c2cac28d1594429754e6c31a9ca,茅岗路口,茅岗路口,1,1,1
46a563586c9d7afe759278e2a7bc01fe,黄埔体育馆南门,黄埔体育馆南门,1,1,1
75ba47db414b7aa2971bfe44c22f2245,护林路（镇东路口）,护林路(镇东路口),1,1,1
a857da4cbb17746feb1aa4bd1775511a,瑞东花园,瑞东花园,1,1,1
6d6465234e1e3b59997a2449d67079e7,黄埔广附实验学校,黄埔广附实验学校,1,1,1
1c8920cf3d53729ca8034dc86cb55185,文冲幸福里,文冲幸福里,1,1,1
586cdb38566a280665cbbb5e9b3b2baa,石化生活区,石化生活区,1,1,1
864d9d280a78c1d0b6073c162e3724e4,石化路总站,石化路总,1,1,1
0715ee0d057ac605fd9779c99d5fb119,广州本田公司,广州本田公司,1,1,1
f913bb15d7b0044aa5f6b1e1f7e44627,消防总队,消防总队,1,1,1
56fee08a8b9ce603428fd8c9db10ea94,锦绣半岛西区,锦绣半岛西区,1,1,1
0f267f01be5c4d56d24bdb49a00c5632,南浦敏捷金月湾,南浦敏捷金月湾,1,1,1
b4ac98db6e666b9400eec697c036b83a,浦华路西,浦华路西,1,1,1
94fb7781a01d380077af39a64bb97c9d,西二村口,西二村口,1,1,1
3580a7a35e2c049194482848131e9a1a,东乡村西,东乡村西,1,1,1
e5f6e286e5ab50941cfc1012c67f6e66,东乡村东,东乡村东,1,1,1
9cadb7b1b90ce58d21ca6c49233cc0df,广州碧桂园,广州碧桂园,1,1,1
baacf3b42bf4d5be398e9aa3f3349d8c,地铁南浦站,地铁南浦,1,1,1
cc67f85c49d991c96ee736f9360ed1fb,南浦大桥南,南浦大桥南(沿沙路),1,1,1
930d0e8028828964e4f53b9e084919e3,地铁洛溪站（新浦路）,地铁洛溪站(新浦路),1,1,1
e809739b66fe5f3b69a0658528627767,上涌③,上涌,1,1,1
af333ba440bea80d8326229a3b98900d,怡乐路南,怡乐路南,1,1,1
67589bb30ff2df01d9f14e7370ed92b8,祈乐苑,祈乐苑,1,1,1
49d0627b3ee19742e03c132610069250,凤凰村,凤凰村#1,1,1,1
31acc34b242b6de6b6384994fa6d4264,怡乐路,怡乐路,1,1,1
5416729353b720740cfbf25f89dd3c93,星之光电器城,星之光电器城,1,1,1
f4048a6456b386745a2c074549e36ec8,东华西路①,东华西路,1,1,1
955bd9b40e6e50b9c9f1a8a0c1a9c28c,应元路,应元路,1,1,1
81ccf74d6bbeb6a0ef1578a450c14126,三元宫,三元宫,1,1,1
7646719956ed83d8358a6bd5804039e8,大东门（中山三路）①,大东门(中山三路),1,1,1
9cf1dd108dee1aa38e43d372a7930b64,东湖新村,东湖新村,1,1,1
ba4992d9c05940301e180045fdbb434c,远安路,远安路,1,1,1
f98e64dda909acb659b6cceae7d1d56e,海联路,海联路,1,1,1
79c43c257b309e5f36a1c2a854e1d52d,中山大学③,中山大学,1,1,1
1856eb52d54faf7b74d05420baf3f578,洛溪新城总站,洛溪新城总,1,1,1
3c240acd83be9a7a5ce8a38c0a7db4dc,林乐路,林乐路,1,1,1
f9ed39703688ae0f4928f7240ae4ad66,笔村立交南,笔村立交南,1,1,1
f5338b902580c6ef97e76f6120b61d5c,黄埔水库,黄埔水库,1,1,1
25d5640e4da858f45897018e8e18db82,储运公司,储运公司,1,1,1
1104224b4ba60fcca060e888cc8de8e5,开发区立交桥北,开发区立交桥北,1,1,1
ab9f7abdf937c29e2b3a4faa0cdc89a8,开发大道立交东,开发大道立交东,1,1,1
e9c597538ca17338429578bac0518678,塘头②,塘头,1,1,1
e17230c33fa14c44950678ab5a4259df,南岗化工厂,南岗化工厂,1,1,1
82ae69e8e547476f3bc280a4d315d55f,东区路口,东区路口,1,1,1
c7d364c52ab4bf7d3ab7c1a80877a41b,东兴市场,东兴市场,1,1,1
251ea6375cdc76b1e659628d9db76058,康南路口,康南路口,1,1,1
90ef8eefaf1820881657d0e6f7dc7061,东华东路西,东华东路西,1,1,1
df936f40b5e9f53048e3907e24e379ab,六榕路,六榕路,1,1,1
96540e7024c58499fdc4c57b34841333,市一医院,市一医院,1,1,1
47f5a8251a57e7e2ff7e73a8d2f94bdd,黑山③,黑山,1,1,1
c9e1c18076a549edce1ba5b5d1f301fb,同德围（丽康居）总站,同德围总#2,1,1,1
834b22738c6336fdeed2fa734e4134f1,横滘小区,横滘小区,1,1,1
26fae5202ae6cc42a9b3abbad1838c22,中山纪念堂（市总工会）①,中山纪念堂(市总工会),1,1,1
fa2871506c3dbb5f8d5a2277e933647e,吉祥路,吉祥路#1,1,1,1
6ced5f0c915c01fcb43bec7e827dada4,公园前,公园前,1,1,1
f8651363e949f132128baf2d69d47656,德政中路,德政中路,1,1,1
5f57a74c3b6e499ed8bf086a75ac22ff,东华西路,东华西路,1,1,1
c8b1eb633adbe98e8774bd4405e2cafb,东华东路,东华东路,1,1,1
7201cc18e8ca33b9e3b2cd957a2b5180,花地大道,花地大道,1,1,1
70bea14c76338bc015f0bece31d73cbe,翠竹苑,翠竹苑,1,1,1
789c59d27f5e94b1ca73d15632bb4780,龙溪立交南（坑口牌坊）,龙溪立交南(坑口牌坊),1,1,1
0a8b1cc487f712b9015762ff1b375cdf,花地大道中,花地大道中,1,1,1
594fd044ca76e57af1c13951a097ba0f,芳村西塱总站,芳村西塱总,1,1,1
c27bd85f4473391dc3747f6abad0cbef,芳村客运站,芳村客运,1,1,1
bc4a3c33424ea014a6acf55ff5bcef41,花地大道①,花地大道,1,1,1
11bd095740be653c6df5fc5aa1acb9cf,大新路口②,大新路口,1,1,1
20d58fb1a1d6f33575d85aa524e6179f,中科院化学所总站,中科院化学所总,1,1,1
97ba84ed65721abae2660344283c9098,兴科路,兴科路,1,1,1
960ebb7932449b639d8abb1e3f712110,乐意居,乐意居,1,1,1
1d0810f5ec5667f6b286a72dc80cc9fb,长兴路东,长兴路东,1,1,1
c19b60f1007bc3db520b42e9d32f0e1a,天河科技街,天河科技街,1,1,1
398a8b357bec40340243f9dd4818e566,石牌东路北,石牌东路北,1,1,1
fb2c3a372011983e0c22cfdc8951a9f2,石牌东路南,石牌东路南,1,1,1
a138afc81a9e6b7050d4502f1a9a91c6,员村东,员村东,1,1,1
ff730cda448cda8314c2b164d459719c,黄埔大道（羊城创意园）,黄埔大道,1,1,1
045b5ebf23c63dbfa1c7c285e6bbd192,明珠新村,明珠新村,1,1,1
6be6534e21b8ff3bb113a3b9c0a136a8,东圃,东圃,1,1,1
06665dce4cc9f7afba647476e3d23b84,东圃石溪村,东圃石溪村,1,1,1
ec09b689b11bff1aa2e53eb5a69b381b,桃园西路,桃园西路,1,1,1
ec0bb5e7fde57aea03bd998c953d5cd3,桃园西路口,桃园西路口,1,1,1
67fd88176a93d74b9b8249f95d5732b1,杨桃公园（美林湖畔）总站,杨桃公园总,1,1,1
3c1492bbafb245e03199d7f90d219a4a,黄埔大道（羊城创意园）②,黄埔大道,1,1,1
70a4cecd44111153410f17c8ea555dcb,员村东②,员村东,1,1,1
0fbb2a5b76a776fbdb63a4d79d7dda81,程界村②,程界村,1,1,1
7d18fcf97c4901accedd6fd074a43bec,均禾工业区（清湖村）总站,均禾工业区总站(清湖村),1,1,1
78bebcdfc282699fbca5a307080ad28c,大布路,大布路,1,1,1
91e4a04db339d075164f780f79c0b5f6,清湖马田街,清湖马田街,1,1,1
c7d9b25db2133d46f4d2f47f83bc155f,清湖村委,清湖村委,1,1,1
4aa9ac41ea225680ba22fb52e1196921,均和东,均和东,1,1,1
25f18ddcd85803c121baf1b3cc63f4b9,均和墟,均和墟,1,1,1
805a5be9c45b48048e26698692b2f723,松园街北,松园街北,1,1,1
4db258b292727d09771b095193520f7a,松园街中,松园街中,1,1,1
0cb0d432d5307c1d2b63d60f3b9f9c5e,平沙公园,平沙公园,1,1,1
03066565e34e051096a8f58dc708c44a,平沙南街,平沙南街,1,1,1
2c776738313fc4abdc2bfbb433d220d1,广外附设外语学校,广外附设外语学校,1,1,1
3f0507d7bad2aed559e4b26cb7654f33,白沙湖,白沙湖,1,1,1
fa9b1d549759815dec7c8e596f5e650b,大塱,大塱,1,1,1
d479fdba4a3351cd57ee8ba22f5fe9a9,广花一路（夏花一路口）,广花一路(夏花一路口),1,1,1
c45fb0b37fa4cfb4f681a671799cd18f,冶金技校,冶金技校,1,1,1
23abee7a133a78c270823fc923f13842,动物园（先烈中路）总站,动物园总站(先烈中路),1,1,1
1f53b3d96c03a1cc155d81768ae72813,法政路,法政路,1,1,1
f0a02d60d1780966b24015d28de20b83,宝业路口,宝业路口,1,1,1
69da697ecf2902b9943ca61343b14d4f,宝业路,宝业路,1,1,1
22ef181a4edd6010eac2dfbe7b89d109,工业大道口,工业大道口,1,1,1
16b4ddbdda70f6f722607dda2b7ed465,凤凰新村（宝业路口）②,凤凰新村(宝业路口),1,1,1
34bb5a28abd0ef4fffac9ebad2c5de0f,珠江医院,珠江医院,1,1,1
b3460c471a709c752ea917d8c2b10d3e,广纸路,广纸路,1,1,1
ede7b1eea0a0b4cf3894df15cca20bbb,纸厂市场,纸厂市场,1,1,1
b04658b057f769167ed9f30936553de0,邓岗小区,邓岗小区,1,1,1
e873d90b4bd94a8eec423c14207c0d44,南箕路总站,南箕路总,1,1,1
020ba6df5cbb536467ac1c49dfd9c198,纸厂（地铁燕岗站）①,纸厂,1,1,1
f24062f3bc0cf97cac21b3d4f85fab7c,花园酒店4,花园酒店,1,1,1
65751afb9fa735acfd3a4809c2cf7098,南洲名苑（瑞宝花园）②,南洲名苑,1,1,1
9738941011b0067e65dd43e8bcbef551,金碧花园②,金碧花园,1,1,1
1504f82fb24304cd92ee5954299a5e36,保利花园（南石头）②,保利花园(南石头),1,1,1
f9b225df8515752cbf6b221932f2959a,燕翔路,燕翔路,1,1,1
374dedce6e6db539d10a051b4ed8326b,农林下路（广药附属一院）1,农林下路,1,1,1
58b5f10d9d14aa9b5498db4bae5b84b2,地铁五羊邨站总站,地铁五羊邨站总,1,1,1
40970358ef2128799feb2a5647bd66f4,芳村丰年路（黄大仙祠）总站,芳村丰年路总,1,1,1
fba52766efe18126d5faac13d29fbceb,广州市培英中学①,广州市培英中学,1,1,1
a80171d1b7daa82b119e40a4f48e1195,白云花园总站,白云花园总,1,1,1
6a4ba5c1c265a44dbc8fbbd500588483,广州体育馆①,广州体育馆,1,1,1
941725b298620089eee49b67edac35f4,柯子岭牌坊②,柯子岭牌坊,1,1,1
c48cdf67f1ba9ab59b2995f0b1caf272,白云路总站③,白云路总,1,1,1
af189cce62c0513be027345c839c4ac8,广州体育馆,广州体育馆,1,1,1
681bb0d299a9d4f26468253808d90aad,机务段总站,机务段总,1,1,1
02e8699b9775b52e63e9d2a2b33b9d6c,机务大街,机务大街,1,1,1
3d662e2292552f828f738ea6eeb31863,机务段路口,机务段路口,1,1,1
dcc88b0ebf21d3eed462baa2f9b1e55e,五羊邨②,五羊邨,1,1,1
554882ab4713d4c437c1cd8790badceb,白云宾馆①,白云宾馆,1,1,1
09bd0ddcbed8d23a86a62890af598d10,大塘（坚真花园）总站②,大塘总,1,1,1
da78a9995ad88924b3e0f157f228e436,梅园西（地铁凤凰新村站）①,梅园西,1,1,1
3661b99180ec96538fe2957dab870a5c,康王南路,康王南路,1,1,1
3ba54577fae989b58c9cf75cbb6335dd,康王南路①,康王南路,1,1,1
0cd9a2145d40c39d5862bfc93bda5576,琶洲石基村（黄埔古港）总站,琶洲石基村总,1,1,1
87fdd99c695dde25e9e6dd14a027d9e4,黄埔村南村口,黄埔村南村口,1,1,1
6b64a3eab30b16f8d1edc28f7c088d30,石基村口,石基村口,1,1,1
4129dcaa53d77cbd8c6f6895474fd416,琶洲,琶洲,1,1,1
7e2c7855bcb8699071e2ede2de40f808,广交会展馆,广交会展馆,1,1,1
6c53667053f996b2a42970599163bdbc,磨碟沙,磨碟沙,1,1,1
744bb2fb81ab411ecbe90d688427338e,东风中路2,东风中路#1,1,1,1
2bd9e9474d9953f91a2006e30d5b0975,广医①,广医,1,1,1
6c4bbe350c36c8e06fee05f3fc1054a9,富力半岛花园2,富力半岛花园,1,1,1
444df9a72fa2c08d62ffd2dbdd3cabe0,西场电器城1,西场电器城,1,1,1
50aaed27a5b18241a9ec1268db33097b,赤岗路口3,赤岗路口,1,1,1
51f2b31a8fa3d4edc0c9f887705a19bf,琶洲1,琶洲,1,1,1
ad9762f7e39bd14ed7856c3c9389ec84,琶洲大桥南①,琶洲大桥南,1,1,1
01a66f85b03cb27bacb84740a0f3237e,华工大总站,华工大总,1,1,1
a9d7eccf9e5c88896d2a09466cabf9e5,新滘西路口①,新滘西路口,1,1,1
8cd41f0f81a68301666956561589ecc9,纸厂邮局,纸厂邮局,1,1,1
bbd6abd4f3794294e4ad218ad5c73a82,棣园站,棣园,1,1,1
87dc5e90924e27ef9a4fd5fd8790e0af,南边路总站,南边路总,1,1,1
f1b9d207190d1a5d53d2591ebce97cef,省军区1,省军区,1,1,1
6eb6612c3e44a3499f2a0472e011e5d8,军体院,军体院,1,1,1
c33bddf7e585f27d449e7aa2317e2ff4,先烈南路1,先烈南路,1,1,1
3ed9c04d719cb2ed7c8dbc797a0cf44b,先烈南路口,先烈南路口,1,1,1
4c5c88cf01843bb3de77f85d5097b705,江湾桥南,江湾桥南,1,1,1
a7b8ed4e14c1379d6881b74a096aa32c,基立下道③,基立下道,1,1,1
f626e8486fb2cafc9828933b0224e423,南洲花园,南洲花园,1,1,1
98f052e6852e9d1ef090e48065a062bc,南洲北路总站②,南洲北路总,1,1,1
ae3df9c1b4572ecae428bf03efe3ae13,瑞宝小学,瑞宝小学,1,1,1
37eb01b314f8bf0e66daa3f48cb0c055,琶洲2,琶洲,1,1,1
042bc440046e2e82e5e436e67b534393,员村四横路口③,员村四横路口,1,1,1
e95e8cc97875ba4139a257017dbdb8c4,员村（美林花园）总站,员村总#2,1,1,1
c5c8ea09dc5fbcabcdf665d2a17479ab,员村四横路,员村四横路,1,1,1
61c92c8436bb57d66c7c6ed13147faf5,杨箕村1,杨箕村,1,1,1
806b08976612cca47126849a03c6e8eb,革新路（光大花园）总站,革新路总,1,1,1
6c34787ec6658ee5dddbfb118d511cd5,梅花村2,梅花村,1,1,1
9c7c4ce8580db14fcf5d4bc700d6a5fe,汇侨新城总站① / 汇侨新城总站,汇侨新城总,1,2,1
d64971b13d68dfc7dc1ea8be3bf9aab5,江南大道南（地铁江泰路站）总站①,江南大道南(地铁江泰路站)总,1,1,1
d9df8d07ea53dc4a65a09ee6c73c95a0,江燕路口,江燕路口,1,1,1
427cd8be52ed3ec184dec093ed27206b,汇侨南路,汇侨南路,1,1,1
cd72ef5b4022cfc5ddf271a46a160d2a,桂花岗,桂花岗,1,1,1
0f367b3479c89c410366ca60e0a42d2a,黄石北路口,黄石北路口,1,1,1
68380f4d62f9713e25d9e2da2486ecc0,黄石东（广外）,黄石东,1,1,1
7ca17629af056378d08440f48974a8ca,黄石东路（云城西路口）①,黄石东路(云城西路口),1,1,1
c57fb2799e83a91428cc2d13a5f7b1e1,员村一横路总站,员村一横路总,1,1,1
e0fac4dee49f20d93e16f6468bd852f8,麓湖公园（艺博院）,麓湖公园,1,1,1
bf47300083b971ae8994bcd26a126361,白云仙馆,白云仙馆,1,1,1
c55c91e8fcdffa0e869634b0ea470fc8,白云索道,白云索道,1,1,1
e7deb376e94d23438f6b31fea10ef500,平云路北,平云路北,1,1,1
6a024141c847e79185db19eda4e92210,平云路中,平云路中,1,1,1
b36cfceb144cb79a33a3b0be74a7d4e9,太和（丰泰横路）总站,太和(丰泰横路)总,1,1,1
2c06e3120300a4b5750aa00a3ebdb22a,太和中路,太和中路,1,1,1
bab41d04eb722a80a5cf36ae0d22f0b2,太和南路（米龙村）,太和南路(米龙村),1,1,1
3dd5065d168f7abcaa4e3fcd6cf94eab,一一五中学,一一五中学,1,1,1
67cd63055170f7e82f77613245cd6ab5,上南村,上南村,1,1,1
39752899aa85e54c6a95244c29f6cfce,大源路北,大源路北,1,1,1
524be8c32679cd09a329962f2ffca77d,百足桥,百足桥,1,1,1
4b00bdb198abec8e60ac94ce497b9041,大源北（广州涉外学院）,大源北,1,1,1
027003b5a1e9455b987054743cdfcbfe,大源,大源,1,1,1
e62d6fa235ad1bbfb136f448e55d7d2e,友好医院,友好医院,1,1,1
4263d3124456cc912ca9f1ff82f0519e,寿星大厦,寿星大厦,1,1,1
bf0be7ec2b7985b7713c717a27207174,友好老年公寓,友好老年公寓,1,1,1
2632476f657c4aad7d49d013082884ad,市交通技工学校,市交通技工学校,1,1,1
ea58a73dc09fe8060d23fca71e869f44,公用事业技校,公用事业技校,1,1,1
f5871a203fdee8ef6595b9a9e6dd0c8f,金盘岭教练场,金盘岭教练场,1,1,1
e2ccf8167a1a4f4a06969c1fa004d5a8,金湖住宅区,金湖住宅区,1,1,1
d918dfc3cb930ef72e16b5dcae67f537,白云山中药厂,白云山中药厂,1,1,1
6451ee8a0b34368532543a8306608ef3,罗洞村口,罗洞村口,1,1,1
80c207c58d9eaf14260cdabcacb909f2,米龙村,米龙村,1,1,1
9abd8c616b0667dd2ca90c77cf8db4ab,太和文化广场,太和文化广场,1,1,1
96ac2d8e3beff6b4d6ab5a9e81595150,地铁太和站,地铁太和,1,1,1
855978bf8e9e0aac1f19fdc12a7912c6,云台花园总站,云台花园总,1,1,1
761015327354b64849331ecf706d2246,石榴岗总站,石榴岗总#2,1,1,1
90c8b878b8a94e5658d5abe475c1a5f3,新滘东立交站,新滘东立交,1,1,1
5ae0dd65816ee737c91f42b06419793f,新滘东路东,新滘东路东,1,1,1
e78d663782caed6434a39d8b24298d01,赤沙牌坊,赤沙牌坊,1,1,1
df875994537cd300281d703802d81d48,聚德西路,聚德西路,1,1,1
3adaf865c5e1bded4544c8adeb117ea1,罗岗村委,罗岗村委#1,1,1,1
9bb09990fb7740eedb208fbd6db7dfba,罗岗市场,罗岗市场#1,1,1,1
cfa0013113db73fa7d5697b71b4c1db5,罗岗村,罗岗村,1,1,1
0bd67e3d2435abe8c4c83146896a642f,七星岗路,七星岗路,1,1,1
fc1b6eeab88948d83d14d377b21b6765,七星岗路东,七星岗路东,1,1,1
7367df61e7b83efeb20e30f3e4065dcc,望岗,望岗,1,1,1
467b293289b8cf35a301618b19c7b1eb,省戒毒基地,省戒毒基地,1,1,1
318bc583fe8e9f7417a28c39a53c651b,鹤边,鹤边,1,1,1
d59ab2034934dc828ae4b5cc91297032,鹤南（兵房街）,鹤南(兵房街),1,1,1
a98ff625fbe49873c85693ec55c02399,黄沙总站,黄沙总,1,1,1
742dee9abe1708b574229c21e282398a,和平西,和平西,1,1,1
76814dd93d12dd1393e5d2bfaf845a6c,和平中,和平中,1,1,1
56ca447f1af0cf1dd451a2eae6e38433,人民北路（站南路口）,人民北路(站南路口),1,1,1
989cc26f2e7cf5b5d4ded488ad3382f6,草暖公园,草暖公园#1,1,1,1
e2e8eb89cb70f7b88a627d7a234435aa,小洲路东,小洲路东,1,1,1
c25ff23c4b0e63a88743a0393b644369,小洲村,小洲村,1,1,1
ba533ab8888d2900986c62c7c417cac4,榕树头,榕树头#1,1,1,1
9ae17834caff07adf774a3be009d4fa2,华洲路中,华洲路中,1,1,1
300c45a173ad6e1b2e1d83147d92fe65,华洲路（华泰西街路口）,华洲路(华泰西街路口),1,1,1
69a8d58d9e45d77e0a9098cc9c472dec,华洲路口,华洲路口,1,1,1
56f0791e77fb19e0a2af9fb49d569186,华洲路,华洲路,1,1,1
e7a71ac1c3951c6b534ff65efbea8373,广州体院③,广州体院,1,1,1
2f050a10418d9661bce8802d59364f73,省军区,省军区,1,1,1
a9596a93d3b815ec6fdfcfe00c6eedbb,瑞宝乡总站,瑞宝乡总,1,1,1
26f99bba05cadc0c773cbbe891f10fc8,江泰路,江泰路,1,1,1
224e476eec195e81a729a4f22bb7f84a,晓港中马路,晓港中马路,1,1,1
344983bb7dcb2ce9d9d3c01225bf783c,江泰路口,江泰路口,1,1,1
aab296a89c42f0eb33af450a3622b705,庆丰,庆丰,1,1,1
12f7f38ea8c51391e5d2a774517ec1f4,红星工业路南,红星工业路南,1,1,1
e204922b9c36bfaa925441fde43ba89f,红星工业路北,红星工业路北,1,1,1
b4409b8900c6a82ca98cf50b4e90b730,浮山大街口,浮山大街口,1,1,1
dd4ef4920e1fee9c9fe7045dffbb773f,石井红星村总站,石井红星村总,1,1,1
1097ba311033e10d34d4b8e2e4d50eca,大坦沙（市1中）总站,大坦沙总,1,1,1
9eb40f0cba1f6c4c6ccf89d0c37547f3,育贤路口（广医一院大坦沙院区）,育贤路口,1,1,1
00695922934d1f8d9f304713d68577f3,桥中中路,桥中中路,1,1,1
62b6d0b30c1c642039efa29dd6d9422b,多宝路口,多宝路口,1,1,1
0eff99d3c86b01df314adad4fbc1fe7a,执信路②,执信路,1,1,1
009946f77879613023a116fb247f5cff,石溪村口,石溪村口,1,1,1
735fb0c0dfa96f2e3b6655ce5e4a0a66,汇彩路口,汇彩路口,1,1,1
d4e175a1075efa565c2fd5b9143010de,黄埔大道东,黄埔大道东,1,1,1
0fac83d6ce1f27fc81586ab0bb062c80,鱼珠总站,鱼珠总,1,1,1
6630c3003935b971a2f1cefaa54e0f9b,黄埔大道（羊城创意园）①,黄埔大道,1,1,1
a8420e0b8d84d68fb49e51a06cd7ea6e,员村东①,员村东,1,1,1
c9da7183d1aed854564b42013355cada,西场立交1,西场立交,1,1,1
0544e71d41b59ea3bec3f454d9cfde38,晓港湾（盈丰路）,晓港湾(盈丰路),1,1,1
030ce4e584c104760f2f73f18450a38e,北山村,北山村,1,1,1
564030b610383bf7003cd3eca5b09a41,赤沙村口,赤沙村口,1,1,1
dae3d2800b5299b5ee23e85ce57c9671,珠影总站,珠影(地铁客村站),1,1,1
48b9e570c2cc0106d248509812aaf40e,龙潭立交西,龙潭立交西,1,1,1
b2d3e91bb65d88e54bf66e798081d83e,广州大道南路口,广州大道南路口,1,1,1
49f4f351e7549a27362d79d80d3f1d3b,广仁路总站②,广仁路总,1,1,1
40424e63843c0626820084bb20665ef4,广卫路总站,广卫路总,1,1,1
ea0587b2954460f6a7dc27be7d8a730a,广园客运站①,广园客运,1,1,1
d15b23b9c31ba0cb3d8af44d48a760be,小坪桥口①,小坪桥口,1,1,1
150411e1d13e2d44152d1abd4a664f76,环滘工业区,环滘工业区,1,1,1
f9f3bdc17cf5082023b2a46a8c2f42e3,环滘村路口,环滘村路口,1,1,1
eef4eda8d6613d0140d9886bbe00d8f4,环滘村总站,环滘村总,1,1,1
15a7a6901522ed176bcb23bf3c89388a,环滘旧桥头,环滘旧桥头,1,1,1
52b21cc758617073cd28e527a4c621e1,小坪桥口②,小坪桥口,1,1,1
d1076279ab8fa9fa2516d8595e3ad758,四十七中汇景实验学校北门,四十七中汇景实验学校北门,1,1,1
d6dd1ba07f8a07dd3083344ee1a9c849,天河南③,天河南,1,1,1
20fda428b8a86cda5668c948e4cbfa3a,科华路,科华路,1,1,1
929310616c8b78485ce099605aaa10dd,农科院兽医研究所,农科院兽医研究所,1,1,1
e581de3371169be58470e02d3f485008,四十七中汇景实验学校,四十七中汇景实验学校,1,1,1
dfb8c27b5cce0d15df4a42e520843853,心谊路,心谊路,1,1,1
757b5f805d9d4339f226828a6462d1fa,乐嘉路,乐嘉路,1,1,1
a37df976ec48b1470452b1e3178359ad,土华路东,土华路东,1,1,1
e58af911fe73024e313d3350559df947,土华村,土华村,1,1,1
1402ae6f46ebe8e1b4159e4dfc13d98a,土华总站,土华总,1,1,1
245a3979953ceb77aeb796b08381c2ec,广州市儿童公园北门总站,广州市儿童公园北门总,1,1,1
b32cf0044e129c308b690b19e996455b,体育花园,体育花园,1,1,1
b3ec5cf21422a490eaee77c1fcdbae86,远景路②,远景路,1,1,1
b5ab911bbeb0ca9f992ffc7b47a143c8,石潭路,石潭路,1,1,1
c4c71d102e9b622648e1e285295ceb45,石潭路（南新大街）,石潭路(南新大街),1,1,1
7a4ae6d63563efd599e1c19110cd456f,石井大道（石沙路口）,石井大道(石沙路口),1,1,1
0c6ed8b69204df7215ba65a892b2b10f,石井大道南,石井大道南,1,1,1
ec16d28828d1ed5c9e16a9a7202e6f70,石井大道（滘心大道口）,石井大道(滘心大道口),1,1,1
caa25e2a2914bd07c1ae7ac3287097ed,滘心东路,滘心东路,1,1,1
1c5403681281d597b3e14260f7136919,滘心小学,滘心小学,1,1,1
4afa33a1680d92f6361bd797863725ca,滘心市场,滘心市场,1,1,1
f485d46f5a6872f9f4ecb01bb7bc3d06,滘心大道,滘心大道,1,1,1
0f873300a549481bd3ea6e744e4521f4,朝阳开发区,朝阳开发区,1,1,1
85a998fe943f66a48efd4f4f51ce91e9,鸦岗路口,鸦岗路口,1,1,1
9add07ae822f81990a3881b82f382c5c,石井鸦岗总站,石井鸦岗总,1,1,1
5845e56f515702fb475b47155116d30a,滘心路口,滘心路口,1,1,1
d64fb9018fbab371ef5aef0d870cdf50,远景路,远景路,1,1,1
0d7cbdc2d5eb5d42de02ed9045cf3091,富园路,富园路,1,1,1
837d14ace8d62fe1f2650d477508244a,南京路小区,南京路小区,1,1,1
39465f13bc26023a47b1c8a23ef5c81c,西增路,西增路,1,1,1
b35f607f5bf135de402cd4c566b1e382,黄石路总站,黄石路总,1,1,1
2d0ca2a4bb46bab464ed99982bbdd69f,瘦狗岭,瘦狗岭,1,1,1
c339828448993ab568ae0054a3d5bf8f,东站汽车客运站,东站汽车客运,1,1,1
d92ff43d61716c0ed82e707293b723ff,水荫路南,水荫路南,1,1,1
7b562b66dac05af4b4eb6fe3d3936022,水荫横路口,水荫横路口,1,1,1
cbd1f1ad5ebd13e339f74f53a6493021,警察学校,警察学校,1,1,1
513e59f4bb9f2015143b8b3c5d345e3b,健乐医院,健乐医院,1,1,1
0b7a7758200d124da74e6b771cd3b222,白云区政务中心（地铁乐嘉路站）,白云区政务中心,1,1,1
5b995f7e84a808d6711c91a23a26d775,解放北路（南越王博物馆）,解放北路,1,1,1
1c3f96e802d78ee263740e977754ba71,花地大道南（鹅公村）总站,花地大道南总站(鹅公村),1,1,1
f91a89ee193ee6f19c9973e54338a181,动物园总站,动物园总站(先烈中路),1,1,1
d1af24ce3b386d5512fd1ce5f0617c22,祈福医院,祈福医院,1,1,1
7eb206ce7df901d3142292818332573a,大夫山北门,大夫山北门,1,1,1
ef1384228009b69f7c136c77fbc96ab7,锦绣生态园,锦绣生态园,1,1,1
e94137d5d3dd78edd1f3dda8deaa31ab,钟村市场,钟村市场,1,1,1
a268af8eae67a4f22f0d82f7e070fb5b,锦绣文化中心,锦绣文化中心,1,1,1
beed213ef9bdda930fade30805eb7f62,谢村,谢村,1,1,1
b62b100afa393150a63e5a626754fdd5,万宝工业基地,万宝工业基地,1,1,1
02a9430e8be6360e9da9eb1bad7b67ce,飘峰（御峰国际）,飘峰,1,1,1
afb1f5484b4c0e62f67b176851eeffbe,猛涌,猛涌,1,1,1
f42fe9f3acbc6f87d3e3910533660096,长隆野生动物园,长隆野生动物园,1,1,1
a5dffe6d00aab437d68087fce1a3f6a7,礼村,礼村,1,1,1
f56e400d5a3dbc5880317a8c3e8ea70f,大石,大石,1,1,1
cc03a79e4cfcdcb1696905be658bd79e,大石桥南,大石桥南,1,1,1
de1471ec7411e572ba68499f6d73c08a,沙园①,沙园,1,1,1
db78b0f5d8807f5f6f5939a6902c363f,西华路尾总站①,西华路尾总,1,1,1
6916970203bf7a898e11057ab8362595,富石路（群贤路口）,富石路(群贤路口),1,1,1
15a572742c9b6b8050cee003c02fa4a6,珑翠花园,珑翠花园,1,1,1
e643eb00b924681178bb652973079764,地铁钟村站,地铁钟村,1,1,1
a8db9fabf6075a5ed7de6dd9e63551fc,祈福新邨总站,祈福新邨总,1,1,1
41d0314bf8b7074f17a365ee19775fa7,珠江嘉苑总站,珠江嘉苑总,1,1,1
3c78212cbd40c47a26ac683b60849451,沐陂西,沐陂西,1,1,1
99d4f24b60054035c71c859d0461f14e,岑村红花岗,岑村红花岗,1,1,1
19c32f4c17d88bc032e581e3d1f6143b,科韵路中,科韵路中,1,1,1
320160190b1bd5490dd08fa8de931978,科韵路棠安路口,科韵路棠安路口,1,1,1
a1aaf1cf74b7d402f78cc517d6dbd6e9,科韵路②,科韵路,1,1,1
766a915bb625279c43136bc7787e4a74,科韵路公交场,科韵路公交场,1,1,1
3e5063ec53ba1267a7352ae61624029d,琶洲塔公交总站,琶洲塔公交总,1,1,1
084ca7abde43a7fcf828b4239be5a989,星悦路（车陂南隧道口）,星悦路(车陂南隧道口),1,1,1
19ffed4c7928ba24dce4b7920d951b85,地铁科韵路站,地铁科韵路,1,1,1
693af19fdf59f02d004e728f089efef5,科韵路,科韵路,1,1,1
68d3fe3ed29a6722c0c83acde76d5cd3,金沙洲（涛乐街）总站,金沙洲(涛乐街)总,1,1,1
536b2d1b8511c91430aff60761d62d71,彩滨北路（西海岸）,彩滨北路(西海岸),1,1,1
39101d59897d3b2195c91eb7b418b0aa,横沙村,横沙村#1,1,1,1
4358bb27fbc40f38e19b76378067b83d,环洲三路东,环洲三路东,1,1,1
a973193887a23c4144b5fe5f05446c1f,金沙洲大桥西,金沙洲大桥西,1,1,1
a63aae4aa316c937f12bf0619909bb05,员村生活区（中山六院）,员村生活区(中山六院),1,1,1
1c553881bd253cecb2cc1dfd75bb2709,程界西（地铁员村站）,程界西(地铁员村站),1,1,1
71d4146192f14c969c1e2a62cbcb73bd,员村二横路南,员村二横路南,1,1,1
a919e596d027232fcb0c51d77c1aff07,临江大道（员村南街口）,临江大道(员村南街口),1,1,1
2b69f80f65c948b0238708bbaeef4164,猎德污水处理厂,猎德污水处理厂,1,1,1
152a7fa41b1e1119066a305b75e2e1bb,冼村路南,冼村路南,1,1,1
ece25cf3dfaa2033dc6dc1a20101de1a,中山纪念堂（连新路）,中山纪念堂(连新路),1,1,1
7a9b225ce0bd327f55c5ac8d7673c5c3,海心沙公园,海心沙公园,1,1,1
790aec071183548b7d7293e6b1513fd3,乐意居花园总站①,乐意居花园总,1,1,1
16a9e0d3fe981db0dfe732a86c6ff1f1,伟伦体校,伟伦体校,1,1,1
2b1f3e095ab66753fd341cc83905a93d,长湴市场,长湴市场#1,1,1,1
33b47f67c8b859955671d4e63c6355d0,天鹅花园,天鹅花园,1,1,1
169613776e189fca2f4691be56de87ab,长兴路口②,长兴路口,1,1,1
b097fd280bd2b9829ca27c7c822d4f2b,上元岗②,上元岗,1,1,1
c950ae350dd66bcc77857352a06c048d,天河客运站 / 天河客运站②,天河客运,1,2,1
7affcff74999cbb9546ba0cf6d5959ea,银河园,银河园,1,1,1
855432d6638336b106d07409e7fd629d,沙河①,沙河,1,1,1
bdc36b70be58e292901e30996188e939,恒福路,恒福路,1,1,1
f78939cd222734b25c1a40ec0d4c4f69,横枝岗路口（广医肿瘤医院）,横枝岗路口,1,1,1
deadaed1c3fde4229d2390e5ee4c3d5e,豪贤路,豪贤路,1,1,1
e68eeb3ea2a11075305e6f7aeec4a7ba,广视宾馆,广视宾馆,1,1,1
760d6cca5fc52db60c409212bffd1ea9,西坑②,西坑(益民服装城),1,1,1
29b695e4f7cf4ce6b895b631d0a7125d,银河园①,银河园,1,1,1
257f26851afa616dc6d8112c2f083fa8,夏茅总站,夏茅总#1,1,1,1
bf537dafbbc0d299527baef71d8bfe41,西苑,西苑,1,1,1
7df279d36ee5eb28f06c2f15c98809b7,流花路,流花路,1,1,1
17821ab80783dee6a12cd6d839380dfc,站前横路,站前横路,1,1,1
6b1d4c961f092b011621ba83fbc85f10,站前路北,站前路北,1,1,1
c303c75096d1962f2a2725e64ca285bd,庄头公园,庄头公园,1,1,1
7ad809ba7726d8d218c317f64dbbc1e7,上九路,上九路,1,1,1
0a53d6c81ec1a6e731d6d3ce005d42bd,人民北路,人民北路,1,1,1
8444f39ce3a82b28a63ee2b780fc8688,长寿西康王路口,长寿西康王路口,1,1,1
47fc4517f37c3415a25207e4ed3ee733,宝华路口,宝华路口,1,1,1
911dbfedc2efe24b7fe7269d76338080,广州南站总站,广州南站总,1,1,1
37dc8ca4fd1cd9bcad360ddc0f8cefe3,地铁谢村站,地铁谢村,1,1,1
3e1a95e29b7bfa4469bd8139ff1244fe,白马服装市场（站前路）,白马服装市场(站前路),1,1,1
4a35e6e17e7386195a5dc6f92ccf25d1,站前路中,站前路中,1,1,1
28f900927781c3fab575c7fc83e69a68,站前路（西郊大厦）,站前路总,1,1,1
bce58a6da5279bc6d759fb3c43fdf588,广州富力国际医院,广州富力国际医院,1,1,1
69222008fc03100e6d0edbc8e05453c0,钻汇广场东门（地铁市桥站）,钻汇广场东门,1,1,1
b89372ec33ebfa990a9196adeafd7e2f,丹山桥,丹山桥,1,1,1
7797fcbfc26031810205c803fd17ed11,丹山村（桥兴大道）,丹山村(桥兴大道),1,1,1
d9a8dd30cefbfb9a954f753ab594bc43,富豪山庄,富豪山庄#1,1,1,1
1d2eb15627d84d2e967d74bc1ab1db7f,金山谷花园,金山谷花园,1,1,1
2500102e42bf1f22ff9220ee791d4cfe,地铁市广路站,地铁市广路,1,1,1
24b97ea40ecbe670cd43a8c3ef385176,敏捷集团,敏捷集团,1,1,1
45811ae9d082e2a8f947b90438f5c5d4,钟村,钟村,1,1,1
8037ec05400271dee3d117fcb785daee,小罗村（市广路）,小罗村(市广路),1,1,1
3e5df4415f7fc3173ff14b16bc2dfd5f,龙潭村2,龙潭村,1,1,1
0b8542f0fb56ee82c01e509d33679605,南大干线（塘埗西）,南大干线(塘埗西),1,1,1
63b50ada39fda55afb508f878d463972,华南新城,华南新城,1,1,1
1e3592ead856504ee776ac5a0846f997,官堂东,官堂东,1,1,1
0a1c77cf7c209af73104c42e591e6fbf,广州雅居乐,广州雅居乐,1,1,1
482ddbe435749ff11de2f20024ffa227,员岗,员岗,1,1,1
b1b8fa297882a3867dd810f9d55e8dc9,陈边村,陈边村,1,1,1
42fb6e7d42fae98cfb9f64b28bdd6b72,利口福,利口福,1,1,1
1c6aecae6e01e2734bc2d747940cb925,南草堂,南草堂,1,1,1
8f9d2d2f29fbe7d8189660d016078c73,南村综合市场,南村综合市场,1,1,1
b9703940e0aa87deab36c15082c14783,南村医院,南村医院,1,1,1
08c5b4f6819ab96c5ba66205edb594f3,南山公园,南山公园#1,1,1,1
71b94d9c9b86c76a46761818defa94c3,剑桥郡医院,剑桥郡医院,1,1,1
59ea53b7141bab028fa7dd1fa7a7e126,国际文化中心,国际文化中心,1,1,1
8e879c2c3fc9c5d689d86dfff7f8c6ba,板桥东,板桥东,1,1,1
2349a1310fdde40f7650479c33343604,塘步东,塘步东,1,1,1
1dc37bc2844130571bbf526d993af0bd,市桥街道办,市桥街道办,1,1,1
62c1188deb0d87c5d1fe5adf5990c559,黄编牌坊,黄编牌坊,1,1,1
3b4dd8dda339a5812a062483e009d92a,云星村,云星村#1,1,1,1
fa1c57c1be00855aaa8380a01c7a6a39,体育公园,体育公园,1,1,1
e53defa2a243fe502dbf3bfc201214e9,龙美村,龙美村(迎新路),1,1,1
9561b0e0722141650e09d8fa3cafed63,万博翠湖花园,万博翠湖花园,1,1,1
0cf7f743388485763680abda60e2ddc0,里仁洞,里仁洞,1,1,1
ec0856d72f3b9188e9be8b9570629849,沙溪村牌坊,沙溪村牌坊,1,1,1
1fd0dc61cb53502fc8a93722c1e4d3e8,沙溪商贸城,沙溪商贸城,1,1,1
54160e37fb563c9a375021b62de4f1c1,地铁沙溪站（E1出口）,地铁沙溪站(E1出口),1,1,1
29cf0ea1164f8e4f6145d5ee79d97ef9,市桥汽车站东门（番禺人才市场）,市桥汽车站东门,1,1,1
6b2c26a8125f32dccdc06f0cde8cacf2,太古仓路总站,太古仓路总,1,1,1
404890831f46a6ada87d39551028199c,革新路,革新路,1,1,1
a8d021c78ef6bb9c63071e49a310454c,太古仓,太古仓,1,1,1
5673d846948b0fa95aeee8b1553f599b,太古仓码头,太古仓码头,1,1,1
4b7c6e00f6f4a901dfd43fe89f8a4516,棠德花苑总站④,棠德花苑总,1,1,1
ed3796ad57a236aa977bb8f5b2db0923,棠德东路,棠德东路,1,1,1
825e3873db9a62c3b7b112b67f97b37f,棠东牌坊,棠东牌坊,1,1,1
a76a90c65a4cd31c69b96c851fd227dd,棠德南路,棠德南路,1,1,1
cf34a2dddbbc72c8eb234d5ecadcf1b5,棠安路（棠德西路口）②,棠安路(棠德西路口),1,1,1
573caf98d15e47f0f1b3ee856748d700,朝阳东路,朝阳东路,1,1,1
0ef9c5e04d3da8fa252342773a297b36,祥和路口,祥和路口,1,1,1
bb123882bea7446c9c3c216156933dc3,富丽,富丽,1,1,1
9005e3a47b17ba3d93bc64b5b3ffac51,长隆旅游度假区总站,长隆旅游度假区总,1,1,1
b40bf0dbea572c412929f0ccb4b0ae7b,棠安路（棠德西路口）,棠安路(棠德西路口),1,1,1
84484345cbc1df0877c58ea60b509028,棠德花苑总站,棠德花苑总,1,1,1
0082d3956bc00265128fb36d62dfef7c,广州碧桂园总站,广州碧桂园总,1,1,1
98a0e1f2c0e68f70bd72e1723a2c787d,南浦海滨花园,南浦海滨花园,1,1,1
03c78cde6a2ea529f6fbf3e90bb13ec6,东风东路（广东工大）②,东风东路(广东工大),1,1,1
714c38375faa1f4538cb08a1de659733,东山广场总站,东山广场总,1,1,1
9746f9e0a959cd1d60bac04979e79ee2,天源路中,天源路中,1,1,1
5583e77b470582de25d5a79750fac32e,科学院,科学院,1,1,1
b634cd332f74a54cf27d346f8d2c9031,三宝墟,三宝墟,1,1,1
178fed418ef7a7badfcee3a9642ac210,植物园正门,植物园正门,1,1,1
25479b9c5d2584f0f47696510a6f64b1,地铁植物园站（世纪绿洲）,地铁植物园,1,1,1
aaa586fa592f8908b7752acb435a115c,龙洞路口,龙洞路口,1,1,1
d648c16db7e4a2cae696ab37d146b2de,迎龙路,迎龙路#1,1,1,1
d6617fd1ed46d3ba3a167e78f66e1bee,迎龙路（迎新路口）,迎龙路(迎新路口),1,1,1
0bba1352271ff5086539a3d3ef16ebf3,龙眼洞森林公园,龙眼洞森林公园,1,1,1
aa7d8862c620ac1319bd1435d4a990fe,龙眼洞森林公园东,龙眼洞森林公园东,1,1,1
b2655269509b1e8f3473ed95b620f3f4,迎龙路北,迎龙路北,1,1,1
fa12b03984f63f875af52f742f109eed,迎龙路（华快桥底）,迎龙路(华快桥底),1,1,1
343bcaa8622499f0eade4c443eaa0575,龙洞（民族文化村）总站,龙洞总#1,1,1,1
076bf147a0afb8e0b4205c87ce95b635,南浦三桥北,南浦三桥北,1,1,1
7ce8d7030c8ff1020ff273fc6e5c1661,南浦三桥南,南浦三桥南,1,1,1
a23fac1df385fe61888ffe766306a811,大石中心小学,大石中心小学,1,1,1
5f3e8a45afe5e17731732e9448c81ed5,新月明珠花园,新月明珠花园,1,1,1
6400a1808b3e97d49ba19bb7da7abc3f,礼村东,礼村东,1,1,1
448cc3c4a7355963f9bd84685f6b6344,植村,植村,1,1,1
9ee1de0f824e6c48e2ddcae70eef0822,河村,河村,1,1,1
85c3be62296e4fb18c7d545d20674dea,植村西,植村西,1,1,1
d5bd1b0822c006c316e20cfbee5a8f34,洛涛南区,洛涛南区,1,1,1
748d27806bd27b813445976844adf565,石兴大道南,石兴大道南,1,1,1
caa9ba1b3ef919b73433918cc6b92308,兴业大道西,兴业大道西#1,1,1,1
e18a9eb7ba279799fb7d9894dff5705e,锦绣趣园,锦绣趣园,1,1,1
bd62589ddd18167eb79b0b6ed36b880f,锦绣趣园东,锦绣趣园东,1,1,1
ce04bd156c7dd695578757ad0ad250c2,钟村小学,钟村小学,1,1,1
0333e89c83026f43a4922b03269a1840,南石西（地铁棣园站）总站,南石西(地铁棣园站)总,1,1,1
3f29f21da2f38ab7cfd35fa27eef8f2b,南石路（地铁棣园站）,南石路,1,1,1
ab01250d420f89664d68f535a15cf4ae,南泰路（南石路口）,南泰路(南石路口),1,1,1
809637841174b27acde7eb497986c0b4,南泰路（南边路口）,南泰路(南边路口),1,1,1
0b188f9cb5d73739fbc9202dd1408a6d,凤凰岗,凤凰岗,1,1,1
664e9db7dba7b0fc9f541a6dd5e0ddf1,宏光路口,宏光路口,1,1,1
2c3b02ffb97724aef4ee9bc1e967b28b,严田村,严田村,1,1,1
e5fa09f708e6c602d181bf6ced75cf9c,宏明路中,宏明路中,1,1,1
84413e113fe79bb69f61508a146b1ddd,出口加工区,出口加工区#1,1,1,1
b60c7fa525d1d15f75a7de63f86a79f5,笔岗村口,笔岗村口,1,1,1
85e05eb3953607fef3624d2108f587fa,笔岗村,笔岗村,1,1,1
f585100f49ea4814c9c749bf723bb0ce,东鹏大道（宏景路口）,东鹏大道(宏景路口),1,1,1
d4324fec1e4c1d47a514b8627e1da2ee,东鹏大道中,东鹏大道中,1,1,1
baf2b27b00ef6870214583e34d889301,骏功路（连云路口）,骏功路(连云路口),1,1,1
71fdd55a0859b5c08de1fdfe3312ab0f,勒竹新村,勒竹新村,1,1,1
0b8f785e51bd1a962e4793bd03de71f2,火村路口,火村路口,1,1,1
f3e1dffa1b2e62172342190b079e08d6,小坑村,小坑村,1,1,1
bb4705dc2773700e9900059470e1c594,东捷路,东捷路,1,1,1
5abc2b18461ef0e0046a83e5a90eeb9d,开发区加速器产业园区,开发区加速器产业园区,1,1,1
945619db2fba756e5faee76be57b0f0d,瑞和路北,瑞和路北,1,1,1
5b89f967017dcaf7941d6d21eebea345,瑞和路北（开泰大道口）,瑞和路北(开泰大道口),1,1,1
a3c1c6397ec0ed082a383c5a2dd22381,石桥新村,石桥新村,1,1,1
8c6ea5db0b59af4d9eeb690d8aaf6cd6,开泰大道中,开泰大道中,1,1,1
3c3c874d92f6bf67238a5066a3d5dead,开泰大道（开达路口）,开泰大道(新阳路口)#2,1,1,1
77ac5f54958a46b32fe5abb52016c7cd,新乐路口,新乐路口,1,1,1
d8adaac43fae4591c0d78c51021a4b0e,新乐路,新乐路,1,1,1
1e5a85b2ebeb9cbfce9295fe418f154a,天丰路口,天丰路口,1,1,1
ca99b822b690a334579795d9476e9282,天泰二路,天泰二路,1,1,1
fc83f8b02258a21f873cb65588bc285a,开创大道口,开创大道口,1,1,1
1e9b605afa4d7471c43d6ad928b20f13,天生路,天生路,1,1,1
c0826bebe433732f168ba6b1faf3abd5,双井村口,双井村口,1,1,1
0300d25cc137de15efc314b1840c0a82,东达路（永达路口）,东达路(永达路口),1,1,1
f8cf939c42a568f49fe50b859bca8dfe,东达路,东达路,1,1,1
b037e9249a6382dac3a52265d7b8f049,埔南路东,埔南路东,1,1,1
5a1f26c3aa153569912ba27883ffe9a5,埔南路中,埔南路中,1,1,1
a709b8940061a324dd44699846aea3e2,埔南路,埔南路,1,1,1
5a87dbd4a71be1cc46e8039b4ff42b02,开创大道（连云路口）,开创大道(连云路口),1,1,1
8d13c8f25388fc2692b3f4dbf101457e,开创大道立交,开创大道立交,1,1,1
826b3e1a74e4e240e57d2229085fc44b,黄埔体育馆,黄埔体育馆,1,1,1
0209246ee8c58a1fab761bdc7b60291b,丰乐北路,丰乐北路,1,1,1
cb7fc71773561e05fa44ef5f36e444f1,黄埔区少年宫,黄埔区少年宫#1,1,1,1
038bfb4cc084b8a908ad69e549a080bc,三多路口,三多路口,1,1,1
517a11d44df8bda61136062ce6e4178d,黄埔体育中心总站,黄埔体育中心总,1,1,1
8b3ffbb7e6d66e20ae3edff4aaa72be1,联和（惠联路）总站①,联和总站(惠联路),1,1,1
0a4f6309d452cd1f2020dfb42b54863c,华扬路,华扬路,1,1,1
50b54cfe2b231c4e4ad3e26f0e50a1ee,天鹿小区,天鹿小区,1,1,1
6ec7e077df5f46dfdcfcd2cf716c5aa5,联和路口,联和路口,1,1,1
261d484cfb171d43d36c3e470a97338c,华沙村,华沙村,1,1,1
4767b3209121f18a1cd839eff5e934c8,地铁黄陂站（一一七中学）,地铁黄陂,1,1,1
e27ed319afedec4c36907d751669066b,长安,长安,1,1,1
d2c9e3a678748606dbb617063cc21ccb,开创大道（广汕路口）①,开创大道(广汕路口),1,1,1
799feabb431e32273940088da5478183,地铁金峰站（保利林语山庄）,地铁金峰,1,1,1
e74af9ec635d5e67513da264e726f8b9,暹岗村西,暹岗村西,1,1,1
c25f2fe640cea79dff52eedf5a4266f4,地铁暹岗站②,地铁暹岗,1,1,1
556be4fed68bb41eb18dd72a38cf96ad,开达路北,开达路北,1,1,1
ec362724cfeb86c2c3b6d4532343e0e6,开达路中,开达路中,1,1,1
e416b9e476bdc415745905c96e381612,开达路南,开达路南,1,1,1
1fa06c588679e7788a806d8cc6716f34,翠山路,翠山路,1,1,1
f9e038952468d1acbb19f45441011606,加庄,加庄,1,1,1
19db831ba705fbc0db8ae8645326ff2e,科丰路南,科丰路南,1,1,1
d81b6b054e94edc7960245550c830c30,姬堂,姬堂,1,1,1
52b4297638e154da429a69a2ed223b0f,丰乐北横路口,丰乐北横路口,1,1,1
1501c8e20f280eab56a464389b9adf6c,开创大道（中大岭南医院）,开创大道#1,1,1,1
3b935ebe034a8b9d0a60183b20f0422e,奥林匹克体育中心总站,奥林匹克体育中心总,1,1,1
71b274aafa24422e64332b1a59b6eb2a,奥林匹克中心西门（地铁黄村站）,奥林匹克中心西门,1,1,1
eea64b4c816922b7f99200e773b809c5,地铁大观南路站,地铁大观南路,1,1,1
6d0203ec2cea01bc9bc8bc5411e61bcb,大观中路（新塘大街）,大观中路(新塘大街),1,1,1
50668bf84eb01ce7c6cf0e8f25772741,大观中路南,大观中路南,1,1,1
10266636bd4c58978ed126a5bc65497b,小新塘,小新塘,1,1,1
152d7aa5fdf052b40d59d51d04223fc3,岭南学院,岭南学院,1,1,1
104898fd9731269e58b8fb66c36e607b,科学大道西（地铁神舟路站）,科学大道西,1,1,1
79b4665077ddd4befc8d6041a3650d4a,科学大道中,科学大道中,1,1,1
1ea5c161c8810b5536830bd47b0122ed,香山路南,香山路南,1,1,1
5a5c7ab9b8a9164ffa27d2322018720c,莲花砚路,莲花砚路,1,1,1
27f5159b2645ada3fef7bb43a85c4031,神舟路员工楼,神舟路员工楼,1,1,1
4d6093de9eca2e56e16a50f5bf83f5c4,崖鹰石路,崖鹰石路,1,1,1
466bea6678d3779710aec89d1d28a172,崖鹰石路北,崖鹰石路北,1,1,1
41aac719487bd33973ab4b954946f412,长安村口,长安村口,1,1,1
b9071f3209c4e0045c91fd5b66ae63b8,香山路,香山路,1,1,1
ee41d7ac7bd317f22c4ec060ddd9867d,金峰园路,金峰园路,1,1,1
fa810824ce1679a80e3848719308b2ad,开创大道（广汕路口）,开创大道(广汕路口),1,1,1
92d2e6710b27a9af45fe7456b4656bfd,班岭村,班岭村,1,1,1
e3a476eb0ffb60e6c80e96b192198390,黄埔军校小学,黄埔军校小学,1,1,1
7700bf8636f1be4daaf535b9c3f7d728,科珠路北,科珠路北,1,1,1
ffef13d0cf1d79d0ba79e40ddb7a881c,广州科技创新基地,广州科技创新基地,1,1,1
e7225d0d15597bb028fb377a6d8fc5ce,揽月路,揽月路,1,1,1
8d485dfbbde2850b2af97cca3d47348c,天丰路,天丰路,1,1,1
3ee8ab335b63c8c8a427c19b5e49cb22,光谱中路东,光谱中路东,1,1,1
6003cd363b35dc24d0c3a0beff65bc6c,光谱中路（创新路口）,光谱中路(创新路口),1,1,1
5a72518b954cd7d43d6d24aa7de87039,加庄①,加庄,1,1,1
b8df9a184a7d979ec770078af90892a5,永和贤江公交总站,永和贤江公交总,1,1,1
8701072d3450a41525ae2912d69db54e,布岭路口,布岭路口,1,1,1
c9c58493155cfca6035502b8a4540704,黄旗山路,黄旗山路,1,1,1
0f4ce80ce720306187cefa4458fd4116,黄旗山路南,黄旗山路南,1,1,1
6a6ef1a2d8ecbbc1220816b49ce54076,长岭路（山景城）,长岭路,1,1,1
7002fd885800891fe0fbe98598e0faf1,贤江西,贤江西,1,1,1
25d1e28200f3e31ee5810026eabdde89,贤江公园,贤江公园,1,1,1
2d19ac45830b14a221046b38ea811eb2,贤江,贤江,1,1,1
6b832e76564b3c06cbee01187a440418,江东村,江东村,1,1,1
f7b54234720361716b54b4e9c0b24a59,永和大道中,永和大道中,1,1,1
508acb93d49db758c6e83256cd06cb40,永和隧道南,永和隧道南,1,1,1
4b6d06707b6cfec5074d2d09dd9940dc,萝岗村口,萝岗村口,1,1,1
fa2550cb172c2c57b87f1ceb6ef6cca2,生物研究院,生物研究院,1,1,1
224c34d5a4554ec47f69cf463fadf131,开源大道中,开源大道中,1,1,1
536feb46789e573ea2def7a26686db57,荔红二路,荔红二路,1,1,1
66d962f0c6603164ffd411b4896300e8,萝岗香雪牌坊,萝岗香雪牌坊,1,1,1
747f5d6d11d2bbb61f4b82501fdb1891,香雪八路南,香雪八路南,1,1,1
774dcec2b5a6d76ad3143224895e8c3a,香雪八路中,香雪八路中,1,1,1
4325f582f5e542e45584a9545ba4b870,元贝,元贝,1,1,1
e4e9ce5fe89f531eb93dd9017a145544,峻祥路（峻泰路路口）,峻祥路(峻泰路路口),1,1,1
60af9e4750e5fad3a57d9d8d83fd8959,峻福路南,峻福路南,1,1,1
c39ab0936604c9563453d490f424d72c,科城山庄总站,科城山庄总,1,1,1
da1681a68c4c8ac47251065d46739552,开源大道（岭南雅筑）,开源大道,1,1,1
3135762abf7ad8fbd06bc4a81ecf9d71,孟田村,孟田村,1,1,1
baf609209bced13b744e97ff6e01733e,香雪大道（下中路口）,香雪大道(下中路口),1,1,1
f0c3e2892db6c4528cc6f2eb1a34075d,开萝大道,开萝大道(地铁香雪站),1,1,1
a4e6ef0745d0ecdc6f85b97d0ce9a498,元贝桥,元贝桥,1,1,1
637b4acf5e279835c8d9b28b9a8f1d5e,水元东路,水元东路,1,1,1
0738e2aecf00a722c527fbbb01a7e77d,水元东路（水东街口）,水元东路(水东街口),1,1,1
02669e04eeed4ddb3cef7174ddbc7ea3,长贤路（北师大实验学校）,长贤路#1,1,1,1
a63f59a88f4273500ea3a671320c679e,黄埔区萝岗福利院,黄埔区萝岗福利院,1,1,1
3ddfb51b008bdd471edb6fee87b88a61,萝岭路（永顺大道口）,萝岭路(永顺大道口),1,1,1
b36f427ca53b750522eb394fa08eeb04,羌洞,羌洞,1,1,1
b8658d3e7edba22b560fbb6b6622c047,岭头新村,岭头新村,1,1,1
5ae6b511e4037f87f3ea900e5d03cd4e,岭头,岭头#1,1,1,1
7d8d337b218ed240a21c2c0439bb6e50,市干部健康管理中心,市干部健康管理中心,1,1,1
e6e0c278fba8c0c0c436f17cb2096de5,岭头东,岭头东,1,1,1
5d2a7d176ad46d460b155f58923ad825,长岭路（贤江西）总站,长岭路总站(贤江西),1,1,1
c8686d289d6cfc248474893f973a3de2,天鹅谷（鹅山经济社）总站,天鹅谷(峨山经济社)总,1,1,1
39132a20f2947243af05f6f65dbd3bdd,八哥村,八哥村,1,1,1
eeb509b75ffe69600cd73980fb8c021f,黄麻路,黄麻路,1,1,1
bd3961c2b5df53a1f44e9096a43087c6,黄麻村经济合作社,黄麻村经济合作社,1,1,1
68568e113dddc6395a0f2fdee7ce4a1e,沙挞路口,沙挞路口,1,1,1
bdce84784c8ab84b0aec3fa37990d1be,黄麻村口（黄麻社区居民委员会）,黄麻村口,1,1,1
c4fd1933d8f95ef212bef5d7c0dbc5fc,长龙村西,长龙村西,1,1,1
415696d133b0a4698fa0a74e3dcabeae,长龙村,长龙村,1,1,1
ba1d00ae67d0029f92b5dd193c8adec1,长平路口,长平路口,1,1,1
009d5197c36b77c2b2dcf9fe95c40ade,地铁长平站,地铁长平,1,1,1
d286c5ef7a8c479b289ffff629479bad,地铁鱼珠站总站,地铁鱼珠站总,1,1,1
ccf56449657075a7ec91541ea7f440cd,茅岗路南,茅岗路南,1,1,1
7eec7a4c5a4a5d75f33eb68809a05071,坑田,坑田,1,1,1
c39dc2fd3715efe22531ca70924c1e05,坑头,坑头,1,1,1
f12c77cc6a41f0435eb7ab856acae8c7,东苑小区,东苑小区,1,1,1
7bcfe18eecc1f63655b3dd9e09d98e09,港湾市场（广医五院）,港湾市场,1,1,1
427d14d1e7a750e790d3c27a8fc34715,港湾路口,港湾路口,1,1,1
0aff0a307895d89f05ec1c4bd97208ab,大沙西,大沙西,1,1,1
983db79456d19cd2e574aeee325ec452,大沙东,大沙东,1,1,1
795fd0ebd8a206892e52595b8eb129f3,丰乐路,丰乐路,1,1,1
bbed776258302b81564689f10b3e7cb3,怡港花园,怡港花园,1,1,1
2d384411f4535977250be229e7dfbaef,地铁裕丰围站,地铁裕丰围,1,1,1
9aaaaba528e9d8bbfb9a0f3cf79cddcb,华峰路（红旗村）,华峰路(红旗村),1,1,1
131b69a9e9351b16f4fdddd5a4ed0c44,红旗路（开元学校）,红旗路#1,1,1,1
b4f98223c919b158bd8ac6208d4ae2be,新丰路（布岭村）,新丰路(布岭村),1,1,1
29a87862d8eab37e51188fd1b7d0efab,屋角,屋角,1,1,1
b6f30f8127722b18308745746d8202e1,北师大实验学校西门,北师大实验学校西门,1,1,1
91fb9d673f83589cf71ef1205da2379b,长贝二路（恒兆广场）总站,长贝二路(恒兆广场)总,1,1,1
41d1f942c1a08244926f3219031450da,华峰路口总站,华峰路口总,1,1,1
50c16f3014fbccf3ecc9dadd02abb699,永顺大道（新业路口）,永顺大道(新业路口),1,1,1
876d85f4c8e8a3fbcfc002ce0eb5a1d7,永顺大道（新安路口）,永顺大道(新安路口),1,1,1
5b6e01fc178c103ae7e33076a2c211fa,孖塘,孖塘,1,1,1
82e6cd64ebaa6c7fb8a47bb3ee2253cf,水西村,水西村,1,1,1
ff8ecfe230082f42f93d21c391459c7f,水西村委,水西村委,1,1,1
6427d9455cab6cdd885a5ea09762ec02,新安路（摇田河大街口）,新安路(摇田河大街口),1,1,1
b51bfd28017f9bdaaf236069c8e06d94,甘竹村口,甘竹村口,1,1,1
8ad9f712ba998688eae4ff06f29f5c33,布岭路,布岭路(新业路口),1,1,1
3306bccd7b07a31e61d6fdbda1e68f32,布岭路（新业路口）,布岭路(新业路口),1,1,1
1a90ee3940035f5933c69e682236009c,南岗（国际玩具礼品城）总站,南岗总,1,1,1
813bd08fee9d836f06cd4cb348101e1c,东区中学,东区中学,1,1,1
fb0e32043e1f133fd7335e58809edf7c,宏明路口,宏明路口,1,1,1
805490e8bd20e51e3e3a812a7d9803fc,宏光路中,宏光路中,1,1,1
571daf49f92a6fa5a87b1ec3a1b54774,骏业路东（佳大时代公寓）,骏业路东,1,1,1
8af106cd08e0f2d7a957e45f56feb042,骏业路中,骏业路中,1,1,1
0be980433b82e372ddfbd6f21bf3cf10,东鹏大道,东鹏大道,1,1,1
3b060e62e7e1f8af58d7ce64fed02a2a,骏达路中,骏达路中,1,1,1
ce8a77df845e62bcdc113b0a45a7b997,伴河路（瑞祥路口）,伴河路(瑞祥路口),1,1,1
0e72f3810cbf4591498fce5885e80178,伴河路,伴河路,1,1,1
806c043d8848cde3b177448b4f38cea3,广州区块链国际创新中心,广州区块链国际创新中心,1,1,1
bf5177e24880b550e915e033d6dacc5b,萝岗万达广场总站,萝岗万达广场总,1,1,1
148ab42017bbbee98ef29b9bfefdb37e,云骏路中,云骏路中,1,1,1
3ae6968664bbbd28d04336cbca6dc218,云埔二路,云埔二路,1,1,1
2b04c812758b4a3043095dfafb5f20e5,岗贝村,岗贝村,1,1,1
18fe3706634163d0569931eb07252953,云埔工业区口,云埔工业区口,1,1,1
634cd814d661eb8077b7ca884b86ba16,云埔工业区,云埔工业区,1,1,1
729659b0914be6fc4d1bc32e61e65541,京广协同创新中心,京广协同创新中心,1,1,1
9869e1cda27450b7951e4753501199f4,萝格路口,萝格路口,1,1,1
abe97d382de22c14e4724d71b602a9ee,华甫村,华甫村,1,1,1
ed262bb7b696fc0bc402ffcca37a47f4,萝坎村,萝坎村,1,1,1
b86aa1e47c1a0b0dbfbf8d3f60af6af1,新桂路,新桂路,1,1,1
0b1f34be0dee1a53a31d8e7782c0ff03,新桂路南,新桂路南,1,1,1
1d158ba2f62f26d51995ed616d42125b,光谱东路,光谱东路(新乐路口),1,1,1
953790f2899242806a33dd01483660df,光谱中路,光谱中路,1,1,1
cbedd3286cb8cfc8a4d74d5a1122ce85,玉树新村口,玉树新村口,1,1,1
cf178766e512b659bdd2f890f5f351c9,科学城彩频路总站,科学城彩频路总,1,1,1
f61813636330d42c35d740d9e3eedf7d,中海誉城总站③ / 中海誉城总站,中海誉城总,1,2,1
c7dae4cb78de84ec1d0ea623c52afeb5,云信路（玉泉学校）,云信路,1,1,1
36cf2da6cea1abe9c909423f8f4e8beb,云信路北,云信路北,1,1,1
82dfc9be4153cc4b31d1201c253f415d,瑞和路口,瑞和路口,1,1,1
9c5c96723f7f1c6cc9195daa400533fc,源祥路,源祥路,1,1,1
4a6010a26b63df15606cce442137c32d,开泰大道（科丰路口）,开泰大道(科丰路口),1,1,1
be43ef777d9231ef05163f32a85486f9,开泰大道（天泰二路口）,开泰大道(天泰二路口),1,1,1
7fe9c572a3f060d6865c0b490b178a4c,聆雨路路口,聆雨路路口,1,1,1
36595b0327e53d8907d2470f60667915,地铁科学城站,地铁科学城,1,1,1
972d0433c12678b03d11d7f39a8229d4,开泰大道（科学城体育公园）,开泰大道(东荟城)#2,1,1,1
b8829f204a3cdde489cb67a0992ab36e,科翔路（尖塔山路口）,科翔路(尖塔山路口),1,1,1
444d7daa1d2f16d01f00b3b0f0ffaa9d,科翔路（香山路口）,科翔路(香山路口),1,1,1
60f8042cd33bd71bd59f2148de48e16c,大观路,大观路,1,1,1
0b0b3746a6a08520c62e3c9ca09bcbfd,大观路北（大观湿地公园）总站,大观路北总,1,1,1
3d747027b5ada29544f251491e29b5da,启学路,启学路,1,1,1
9be36aec9b9de66facf377fcdd3112c2,萝峰村口,萝峰村口,1,1,1
e9e047ee3965b7c3840fd46bee4811ba,萝峰小学,萝峰小学,1,1,1
c4be126993e9f0be69b2fa7becf6fa90,荔红中路,荔红中路#1,1,1,1
53e8e8228bfcd47b5b89fe0d355c1cb0,瑞和路,瑞和路,1,1,1
cbfbfc69a690a32409c2f7677e1b47dd,瑞和路南,瑞和路南,1,1,1
b09442607945dce48798c3e65d67c35a,东明二路,东明二路,1,1,1
149d79f711c8477e0469d1838da915f9,赵溪路口,赵溪路口,1,1,1
1b4d45a4c72bf4a704b29960f19a7dec,乌石村北,乌石村北,1,1,1
c8de967adc6da2b7cfe011d5c7fc12bf,联广路东,联广路东,1,1,1
afd6ee81f740e17d7b8ad5bafa5e066d,联广路中,联广路中,1,1,1
4f4eb2af1429e58665d60e1e0406905e,联广路西,联广路西,1,1,1
f6e0ceedc1c108fd2f1b7836c090dd64,东众路,东众路,1,1,1
f275fac783c389bec806cae630e41930,东乐路西,东乐路西,1,1,1
bedfc0d0e3a8012a95c02d7ab76e84a7,东乐路东,东乐路东,1,1,1
73f05fbd08691b8b81fcb56ec2fedc6c,岗头,岗头,1,1,1
2be03127e136d3a5ab7a68d3cade66a2,枝山村,枝山村,1,1,1
7a39da8894a3c183fb3938958f461d16,旧围村,旧围村,1,1,1
574dc113f77300e764baca3912956b4f,石化路（东勤路口）,石化路(东勤路口),1,1,1
f485ac876e0a282e87172aa209fef51d,姬堂商业街,姬堂商业街,1,1,1
9c5b3950cbef02ee343f93a0a48f2cbf,丰乐北路（莲塘）,丰乐北路(莲塘),1,1,1
a95a020ca104a9668457586d30a67621,上堂②,上堂,1,1,1
e3614fe48b60b8a132c4764730346379,大沙地,大沙地,1,1,1
dc8333042d47183199bc1992b376a4e1,黄埔港总站②,黄埔港总,1,1,1
ad966ea5d4ac60e3dd8ca67f84115910,茅岗口,茅岗口,1,1,1
759d3c1f95861029ac8a2d16dea47e08,茅岗村,茅岗村,1,1,1
1f42fa80906981c77fd2aecee44c7388,护林路（茅岗路口）,护林路(茅岗路口),1,1,1
61de0c3f02d15b719e03058d4bab4917,护林路中,护林路中,1,1,1
fdc3655e9ec997e305f4cce6fe450740,护林路（横沙村口）,护林路(横沙村口),1,1,1
916898b4a52b928b0681b450a0c007f0,荷村,荷村#1,1,1,1
16c6d8c2b42eee7550899ab9071d7cf0,骏业路口（佳大时代公寓）,骏业路口,1,1,1
3cc67fb02609b39b88aea9ec885fdedb,沧头桥,沧头桥,1,1,1
78c8a632ebb1780652d5b1ce0ca633cd,东达路南,东达路南,1,1,1
f538f80aac75857bd26c14b9b1ac944a,沧联二路,沧联二路,1,1,1
50352f5ef06a3270a262a7419ab56558,小迳路口,小迳路口,1,1,1
29da7f53dd059df2d2bb667319dd557c,沧联小学,沧联小学,1,1,1
b3b6502b0bce2513666930d596ca1b6d,沧联社区,沧联社区,1,1,1
9339a50dc438a677f4cafff555fbffa7,印象黄埔文化创意园,印象黄埔文化创意园,1,1,1
84b3e5a6af300aad2ac8a8a62d481c32,沧联市场,沧联市场,1,1,1
37c447672ebd135301677e5e1903279a,三保工业区,三保工业区,1,1,1
04b4c22e98b148f1e68f0495c4506914,笔岗路,笔岗路,1,1,1
66c4db25a377490b89cd644987c9c61d,华峰寺总站①,华峰寺总,1,1,1
580b1f9653a0b6c33c8cb116c0a0ad66,来安三街,来安三街,1,1,1
859fa1f1a555d393399bc737dcde60b8,来安四街,来安四街(珠江嘉园),1,1,1
52c4d52d6b9a9ac6c32827eec293ff97,甘竹村,甘竹村,1,1,1
04155fc21cc359064d07be78fcc2c4a4,新庄村委,新庄村委,1,1,1
3fc4a6cb5a2809253d4543a2515b2556,新庄二路,新庄二路,1,1,1
2c61dad7aff1727e46feb15e1791bb2c,树吓村,树吓村,1,1,1
409feaa3d9e1c2831cf4915bcfda6aab,香荔二路,香荔二路,1,1,1
57a8ad071b372637f0b64d700b7addd0,香荔路,香荔路,1,1,1
f7ab6dd9729f46ad0a862947997d75c2,香荔路北,香荔路北,1,1,1
872b57e809da7181c81e31fef374ad6c,斗塘路东,斗塘路东,1,1,1
daa0e75e7ae56665d60315ff63f58fc4,春分路总站,春分路总,1,1,1
5ba337c3afe0c8764b98e4e86c0030d8,永丰路（华峰路口）,永丰路(华峰路口),1,1,1
52f974824f19588dfd6bc4db3ca470d5,山龙村委,山龙村委,1,1,1
07dd2bdba05cf9baeadd376afe007026,驳塘街,驳塘街,1,1,1
9554ef08d17fe0c208213cc4f683d622,新村一巷,新村一巷,1,1,1
646cd93af12a27aae650d54baa95b87d,重岗村,重岗村,1,1,1
a6575888bd413a40e8d1ef7b57194b24,岗埔街,岗埔街,1,1,1
b22a4853bec47b28f3a85df186eba3f3,燕塘村,燕塘村,1,1,1
cdee65534d69f6831c67155b59f915b6,九太路,九太路,1,1,1
a83497feaead06c761b04a290cea5bbc,凤尾村委,凤尾村委总,1,1,1
009a4b33e2c9a6008ee98837f99e0b02,佛公路（九龙大道口）,佛公路(九龙大道口),1,1,1
faac8405c47557a97ad9e52390e2cebc,知识城政务中心,知识城政务中心,1,1,1
1250572f70f757de5f5d9c022099c985,凤凰一横路,凤凰一横路,1,1,1
427348044f30ac0cf6b8f653011f879a,凤凰四路东,凤凰四路东,1,1,1
235cc2f093669f2fc2c10c7a90dd7df7,凤凰三横路南,凤凰三横路南,1,1,1
1bd24c1288fe3e72eb16d929f51ea5f0,凤凰五路中,凤凰五路中,1,1,1
788dca2af6893986bd176362f6c93913,知识城北安置区（凤凰五路）,知识城北安置区(凤凰五路),1,1,1
267e764ff849f24d0e0340907bb59992,康耀大道东,康耀大道东,1,1,1
69b2d6a2c0d8967956cd18fa11708220,禾堂岭,禾堂岭,1,1,1
9581b2ef12a2367ecaebc98fe969574f,枫下村西,枫下村西,1,1,1
d62f64af14e47f98d7ab55e6c52f4f91,知新路（玉兰大道口）,知新路(玉兰大道口),1,1,1
c6e86f49a755d46eb8a12b4f77ab535a,知新路（九太路口）,知新路(九太路口),1,1,1
0358c22e85606cea4d8842e591237373,山龙村北,山龙村北,1,1,1
01d1254384b81adac66769bdc9377379,九龙湖公园南门,九龙湖公园南门,1,1,1
12954e96893072c8975d0327306c18d1,会元学校,会元学校,1,1,1
c4b4c8c55469648b62b5bea062fe4b47,长庚村,长庚村,1,1,1
f757aad5c5fa5721704c9784a6b05742,知识城南（审协中心）,知识城南,1,1,1
098bc97b2fa45fdf16af7cfbca62d1e9,知新路（凤凰湖三路口）,知新路(凤凰湖三路口),1,1,1
4cd1d23915d7262ea3ae4995b0aa168d,地铁何棠下站（知识城南）,地铁何棠下站(知识城南),1,1,1
262a492e2237e689c7066731b62142c1,凤凰五路（粤芯路口站）,凤凰五路(粤芯路口),1,1,1
b412009580f107e5b4b63bc4a2da3e3c,玉树新村总站,玉树新村总,1,1,1
bdefa1977af7288124074b34302ac55f,玉树新村路口,玉树新村路口,1,1,1
a42ab253125055f35b8312de3a139af4,南翔二路,南翔二路,1,1,1
ad92936eb4f055a9cc216d12092e4017,南翔二路中,南翔二路中,1,1,1
3fa0c4f1a074e8241d07670b197b05d3,南翔二路东,南翔二路东,1,1,1
bfddd22119fb47fed9201908b24ceaa2,南云四路,南云四路,1,1,1
92da6a9eeab5f91012a541307d206fd6,南云四路（南翔三路口）,南云四路(南翔三路口),1,1,1
100ea80e493c3eef5715cd89c2a76dbb,南翔三路,南翔三路,1,1,1
d48365620e631e28ef830aa0359a9a76,南云三路南,南云三路南,1,1,1
af08b43a23cbf908b2aeb7ccbb7b5bd5,南云五路,南云五路,1,1,1
66a7b21952cecd2d252eec68d2924665,南云五路东,南云五路东,1,1,1
0277d30913136ccc4b4b0bf2c963bbaa,茅岗新村,茅岗新村,1,1,1
b9c0ca2b4d62f3abc40d1ffa9932ef92,茅岗公寓,茅岗公寓,1,1,1
ef4a63484eb9b23bd578cbfab1091b51,黄埔港,黄埔港,1,1,1
afcce8b760f735bd46bf0715f1583395,海员路,海员路,1,1,1
dd0aa10ada63c76080f84995c2b1faa2,中码头,中码头,1,1,1
96400adb4842d173fc904b13371c7043,蟹山,蟹山,1,1,1
07393229e848985fef8bebf7d8d4bcd4,长平村,长平村,1,1,1
85d5c0d0fd58559e243e9f6a6dac7ffd,木摾水库,木摾水库,1,1,1
bdf98ae6d11fd2493f03025f087be92e,芳一社,芳一社,1,1,1
5552b3393d0fe56f2d0f1ef11434b64c,黄登村口,黄登村口,1,1,1
76a2e16d98f8ba905158c8e211818651,芳二社,芳二社,1,1,1
b8b8513cca647ecfff8c49d6e0b79416,李伯坳,李伯坳,1,1,1
1ddfbb627659af9cc4ad6c45918a38fd,地铁金坑站,地铁金坑,1,1,1
04f09e028563cb65157f7720c3d01ce3,澳洲山庄,澳洲山庄,1,1,1
0bd500d40597aa3838a259481ddf2e37,金坑,金坑,1,1,1
56f6fbdebaa9556ce76915c0898bc927,邓屋村,邓屋村,1,1,1
c777c1f238e85aed3e3cb2c35c542279,朱屋,朱屋#1,1,1,1
632b32b8287b3cf43d856cdfbf154e4b,旗冚村,旗冚村,1,1,1
b9146fd0f3a9ed97550825aba306304b,均和村,均和村,1,1,1
fc3909bbc35f09b4483d9901b45a0bee,福洞村路口,福洞村路口,1,1,1
66e883d89f9eb118b9c7e4d29dd0a9ef,镇龙一中,镇龙一中,1,1,1
f023237eae10aa69603ca37c5abf8bcf,镇龙医院,镇龙医院,1,1,1
fe4ee71934610c78145c95c3b5dd6e1e,地铁镇龙西站,地铁镇龙西,1,1,1
e38a532cbbc86bf59b87c5d5fac4c48c,镇龙墟,镇龙墟,1,1,1
4996dc3915f1d0a0de9f19a3c5108857,向西村口,向西村口,1,1,1
cc7757f69503a1158a8346d4fa78764a,地铁镇龙北站（洋田村）,地铁镇龙北站(洋田村),1,1,1
d422185bb96b6f2d1da095cf8b1a71cf,五福堂,五福堂,1,1,1
067e28710c4ef258e20eae42cd929714,石沥村口,石沥村口,1,1,1
273422553092d6377a128a3a1aec959f,广州商学院,广州商学院,1,1,1
4cbac88abd70db27e93db8b94618c99e,地铁汤村站,地铁汤村,1,1,1
c9bf4d63d7a93b93787d779a10cdc84c,业田村,业田村,1,1,1
6b8c59b83c41b8a83ea70856f1ecd7c3,坳岗,坳岗,1,1,1
c24be7b5865981b474e78ff593107ebd,地铁旺村站,地铁旺村,1,1,1
a560c3789703a6d2dad7b75c84251033,广汕公路（邓屋路口）,广汕公路(邓屋路口),1,1,1
20275710403f25fa22d35f67a82e603a,上元岗1,上元岗,1,1,1
ca3344ee0933fac61cfee83b0c37681c,龙洞牌坊,龙洞牌坊,1,1,1
42c3c1b747df6c24ecb7f8315f34fd2a,地铁龙洞站（林校）,地铁龙洞,1,1,1
6548825e1c4bf12adc96469cc193d882,地铁柯木塱站,地铁柯木塱,1,1,1
cf7ed3a374fc8b2e7906fe77c53a4047,地铁高塘石站①,地铁高塘石,1,1,1
7d739d134b3a6fc0e7ee0c7174c29528,高塘工业区,高塘工业区,1,1,1
5f6ec7f4e11806882b5b8b3db70f155f,田心村,田心村#1,1,1,1
bd3bd301772d0e4b3778f7e6912ae17c,联和北,联和北,1,1,1
911ff71c7083898a6f53b5ed69e28839,天鹿湖郊野公园,天鹿湖郊野公园,1,1,1
c6d44961b58bca0d670e0159b6cf2834,天鹿湖隧道北,天鹿湖隧道北,1,1,1
27c0762c4d332b2b42a2ff29ffc946ad,天鹿湖森林公园北门,天鹿湖森林公园北门,1,1,1
c78357a2a798d04565cd5c87241f244a,慕园村,慕园村,1,1,1
1cf5c850c620ec1978131a182ac0cfd0,八斗立交北,八斗立交北,1,1,1
472b12289f8389cc6f93f6a4d555acf7,天鹿北路中,天鹿北路中,1,1,1
0f9ea9fd2efe1b859482a9c8aff104fe,天鹿北路（兴太路口）,天鹿北路(兴太路口),1,1,1
f672af8b07c9057214ea7f97ba634147,八斗村,八斗村,1,1,1
a84bb4c646f2807fa607b1cd0a4fc230,茶山下,茶山下,1,1,1
07385734c45167cf866fe2ac1b23cb8f,兴太三路,兴太三路,1,1,1
15b02dea145ddb71a59b8eb64954cdc7,梅田村路口,梅田村路口,1,1,1
e26539983c22d7ec4671c53c1108bacc,穗丰村,穗丰村,1,1,1
14f436958c4abfb3cff8bd29394b6d0d,穗丰村委,穗丰村委,1,1,1
aebddd7cde093f9b1b39d1a93d9692d1,大水村,大水村,1,1,1
600c1339489ac62f5974b7f0dcc10c6c,地铁高塘石站,地铁高塘石,1,1,1
6fbe87173a022bcc9607fd1aef3ae48e,柯木塱,柯木塱,1,1,1
63ad5526cbd9ca5141d557ef4f638d2e,中海誉城南门,中海誉城南门,1,1,1
b778e400d6a4318197b8f3f19e30cabb,观达路北,观达路北,1,1,1
78ea623cd6201f2b6740108821c3770e,观达路中,观达路中,1,1,1
7724225da776e4773fd75dc3a68f37dc,骏业路西,骏业路西,1,1,1
2bef43d5cd44bbb67aae758f477029d1,开发大道（骏成路口）,开发大道(骏成路口),1,1,1
9ee07cc51bd0edb8c5aa8df8ffdb56c5,灵山东路西,灵山东路西,1,1,1
59fc3a87d0f73b18042b92973aa12dfa,灵山东路,灵山东路,1,1,1
3c062a892a00e11bb917c39134911873,珠吉公路,珠吉公路,1,1,1
42cd4809c3dbeac1f86817294b4b0fac,珠村小学,珠村小学,1,1,1
ad794c41cee65d04cc8fc53e3a05c8a1,护林路（珠村）,护林路(珠村),1,1,1
0d033b32e3b3fee6e58337696d59fede,莲溪,莲溪,1,1,1
3e122e70368e739d70e5058063935185,塘口,塘口#1,1,1,1
b10fd2b685f6fd57742c0c4c1f270e17,地铁鱼珠站,地铁鱼珠,1,1,1
4247e39453218c3ba4ae7e1bb26da911,鱼茅路,鱼茅路,1,1,1
7d9f9061cb5d729f37bbeccb69ee1a1f,下沙,下沙,1,1,1
4ee06f3e630df2d22f71037d50419648,珠吉路口,珠吉路口,1,1,1
70c63770440f9d33d88b7ba084e19fc1,保利爱特城总站,保利爱特城总,1,1,1
50eae7c0edd53dfce5a69dbc70d99d5c,云埔二路东,云埔二路东,1,1,1
ae6d9ad209be10a564d985c424650bd9,赵溪村,赵溪村,1,1,1
79bcc4e4eaab4f968df9a07cc571a03c,捷普电子厂,捷普电子厂,1,1,1
8cd699a4058752222fbaa312f464caa4,科学广场,科学广场,1,1,1
4807eba73dd5c7645b2f022efe88a7e7,开创大道（万科城）总站,开创大道总,1,1,1
017d6eb3ca92ddfaee5ab75fb11f6e80,金信路,金信路,1,1,1
7bf752665cc3cd89295a798368ea300c,云龙路,云龙路,1,1,1
beb2bb928dd48f571348c7481b5e7e73,云龙路南,云龙路南,1,1,1
372051042dfba61fba9ecbebc31ed4b7,兴东路,兴东路,1,1,1
e71afc275d2b8bc827b960d946e3fb15,芳信路（郭村小区）总站,芳信路总,1,1,1
3125ad56d2932434b0473c6b4197fb9c,庄埔路口,庄埔路口,1,1,1
d4c94eb92b3d0766fcf27794c01e9b56,埔心村口,埔心村口,1,1,1
ab0e01e15325af10ca32f7ce6d3dfea9,地铁知识城站（九佛医院）,地铁知识城,1,1,1
e71fa790bf8fa8e1fb6251b759772430,棠下村口,棠下村口,1,1,1
738af8202c6172fc065965237d63acfe,长棠路口,长棠路口,1,1,1
b1066e514ab71079db563b59fc68a8b2,庄埔路中,庄埔路中,1,1,1
c0fb48f5cf7132f355fbe54901344521,上埔庄路口,上埔庄路口,1,1,1
e1a00dd516deb0d8b1d1d3b9033777fd,中山六院知识城院区,中山六院知识城院区,1,1,1
95d2eec0036fb77063f601eb8e9e1c9a,知明路中,知明路中,1,1,1
37588636cde91d15d963f00a77d59058,知明路（建设街路口）,知明路(建设新街路口),1,1,1
b22d9df41cf5546854489ddf8d98c43f,下南路口2,下南路口,1,1,1
955ba96561584412e7ff4d08ed6d1575,下佰坑村,下佰坑村,1,1,1
bb8ed480ca7b9b9cf7a1a4e8409772d2,九腌地路口,九腌地路口,1,1,1
1cf466bdb46290912f520f4c4e2249f9,窖吓村,窖吓村,1,1,1
2ceaddae55d57e1dea586e64a78258d3,洋田塘口,洋田塘口,1,1,1
446a3ddb6e057bd76b1c3e76b7c83c49,佛子庄,佛子庄,1,1,1
7be4687d451991c70aa24c61ef62e01d,美荔公园,美荔公园,1,1,1
e3f8cbfd4530e0322a359c2ee70ecd2a,丫塘路,丫塘路,1,1,1
376bdbba102173d9e8c79ed1ca16d1b6,山边,山边#1,1,1,1
f735a56e7cf2077553ed42fc79c87edb,旺村北,旺村北,1,1,1
c7c6c539cac3355528fb03f156d872a9,旺村东,旺村东,1,1,1
fad936e4cdd8b73a6658fe4e172911d5,旺村文体广场,旺村文体广场,1,1,1
7166843049be912823640e211f28feef,开发区技工学校,开发区技工学校,1,1,1
ee10dca9875ecb921ff170874fffa0b7,凤湖中路,凤湖中路,1,1,1
0c77f9d63ba9d8836460af6c22724bfe,凤湖二路东,凤湖二路东,1,1,1
24a998e3cdd3bb0769ed813ead1f7fbe,凤湖中路（凤湖三路口）,凤湖中路(凤湖三路口),1,1,1
c1356c9b01e12d031481e6af88643301,凤湖四路西,凤湖四路西,1,1,1
c97effcbed7f257497be8be1fcdff8fc,凤湖四路,凤湖四路,1,1,1
74bfc73cc19231e069575976df5757d4,金水里东,金水里东,1,1,1
cefcb7c4848fc05174bd6be6afb6a95f,竹山村,竹山村#1,1,1,1
27abbe0d510a231b724b75df3bca1b55,螺旋大道西,螺旋大道西,1,1,1
9f5f1166149fedbc9cc083aa77280dd9,星岛环北路（螺旋二路路口）,星岛环北路(螺旋二路路口),1,1,1
26aefa812a58acda72f9be89a83f658b,螺旋四路西,螺旋四路西,1,1,1
3e798c7ae74e2a3651a38bc29ce75668,螺旋四路东,螺旋四路东,1,1,1
bfbef9fad2b62dc1fc954195b52e2a6d,星岛环南路（星汉二路路口）,星岛环南路(星汉二路路口),1,1,1
789315acc84231702d763485961da820,星汉大道,星汉大道,1,1,1
5a6d91964db1f93a7c951006bad2048e,星汉大道北,星汉大道北,1,1,1
30e99a22778ddf638dfea8a23c204ab7,生物岛叠翠园,生物岛叠翠园,1,1,1
3e56816a101bf7972b9ccf73334d7248,星岛环南路北,星岛环南路北,1,1,1
cc6cedff7644fcb4533a35f6a9fd509e,生物岛水墨园,生物岛水墨园,1,1,1
1d765ebf0b08e76f48d56d718050b144,地铁长平站总站,地铁长平站总,1,1,1
c3b34d34dabcec3d79df66998536466e,黄登村,黄登村,1,1,1
046c7d22cb01a210858bc6044871491a,黄登村北,黄登村北,1,1,1
7fc4b6eab8caa734096862b06becf4d4,水均田村,水均田村,1,1,1
1291cbf3a35782ed7bfec3df0e8eb933,水均田路（东华学院）,水均田路,1,1,1
226a238338362117637973cbe4d81329,水均田路中,水均田路中,1,1,1
22b9093b41747e7d5fbe9266884b5e56,水均田路北,水均田路北,1,1,1
520cd2303c93fcb44ca1ae1deb4e3998,广州理工学院,广州理工学院,1,1,1
2bbf13ecb3f16ed76c9e7ea8255180d3,天河智慧城核心区（高唐）总站,天河智慧城核心区总站(高唐),1,1,1
77642f1da3271b55d7207d2dea07bd21,高普路天盈路口,高普路天盈路口,1,1,1
f0aec3604fd48b2a3046b6aea0e722a9,高普路软件路口,高普路软件路口,1,1,1
dbe08a017ba7e7f771a6da257b1cf2b4,天河软件园管委会,天河软件园管委会,1,1,1
b29846d417b2072bd80aedfd8d87e76a,科学大道口①,科学大道口,1,1,1
29bcd7d503293fa6dc6021105e63377d,科学信息大厦,科学信息大厦,1,1,1
a1426df516bd12dd25ab17fa54d196dd,汇彩路总站③,汇彩路总,1,1,1
850bed46650156b8977a4fd4f3dada16,护林路西,护林路西,1,1,1
a69be360e941e3d9cae1915d9ffb5898,翡翠绿洲南门,翡翠绿洲南门,1,1,1
6424ec36631264b18c0e811bb3400d74,大学城科学中心总站,大学城科学中心总,1,1,1
ec8ef92c52a99bd95be02beac02fb635,广大公寓,广大公寓,1,1,1
c95d744d68bc33be5b15f5b486a5b098,广大生活区,广大生活区,1,1,1
aa91a18208401df076d77c7731a89528,广大,广大,1,1,1
5cfdb967cd7ed9856635f86f8c175efc,中部枢纽,中部枢纽,1,1,1
833ff0e769b9d4688d6675735d448dd2,北亭村大街,北亭村大街,1,1,1
7e62e19ae9373b9f0a12d283d08afc1d,瀛洲路,瀛洲路,1,1,1
04dda97b51f19d7d229e4b110b91a83d,沙溪,沙溪,1,1,1
4d703363f9043a17be0f5a9acef9bf77,晓港中马路2 / 晓港中马路②,晓港中马路,1,2,1
e2e210fddbd91e8197a12ea4ea919a32,文德路总站,文德路总,1,1,1
fe2cd19e25d41f120048c5f1e7e23bf8,蟹山西,蟹山西,1,1,1
ca8989c6400f2aa61bf7b7b210ddd3c6,黄埔区儿童公园,黄埔区儿童公园,1,1,1
8c2c0c61f522809fa4005b7719d261bc,地铁文冲站,地铁文冲,1,1,1
ba0a0b363628647deafdaf5ad30eead5,石化生活区南,石化生活区南,1,1,1
6851802d7e02ac83bcfaca42856ec2d7,航海学院正门,航海学院正门,1,1,1
07f9a29e198cd78ae42c8e5d06264daf,大沙东延长线,大沙东延长线,1,1,1
89a3464dc183a7bd102def5d7d2b8a1b,华坑路,华坑路,1,1,1
2974384ea1a4797a0e9a8cb1d52c562a,开拓路口,开拓路口,1,1,1
d21545e43b976a01f0c3519662b1dcd0,笔岗新村总站,笔岗新村总,1,1,1
7140882c02153a3a1d39e03214a34070,国医东路,国医东路,1,1,1
7c02f257bbb15cf0197705009fce1725,省中医院大学城医院,省中医院大学城医院,1,1,1
9677d5d1de469987b013b3746ce2d59f,内环西路,内环西路,1,1,1
27a64815c0d2ce4f3882fb6e57f82776,广大附小,广大附小,1,1,1
43741924fe481d50d179bef8a1a74dbd,中大,中大,1,1,1
63a1d9300398612c879fa021eda39fb2,中环东路（高高新天地）,中环东路,1,1,1
9c57368a6ae1464453964b1666840f5f,广外正门,广外正门,1,1,1
9651c67e6de9ab283d1805490488d6f9,深井,深井,1,1,1
f619af3661e0b178a30569b66881b043,深井文塔公园,深井文塔公园,1,1,1
0dc855676e40b008f3af5ab7a0c1ad88,长江路口,长江路口#1,1,1,1
732b325aec5625ae1deb3ab37af669ff,三角亭,三角亭,1,1,1
a591e3b3d3766f1cf94ea3f6175fe8f9,黄船二街口,黄船二街口,1,1,1
da0d96324a13593c6cc5a6da532bd0a1,黄船集体宿舍,黄船集体宿舍,1,1,1
6e8e9df8b7b036725b6c5a9609f53ff9,黄船文化中心总站,黄船文化中心总,1,1,1
b1f685da2d42457f73c1aba914c78306,荷棠下村,荷棠下村,1,1,1
cb6e3f1e8beb80fcb4d8363423af1a14,凤凰下街,凤凰下街,1,1,1
0f7825e62f0f399c17fbe1c6c7052778,建设新街,建设新街,1,1,1
2d212ead2e08172dc6f6ee5aa6012fdc,下南路口①,下南路口,1,1,1
434620f76ca9a0cffb942873055bd41f,下南路,下南路,1,1,1
d8b9215fed0481f1a3a84582408cbe70,芒林街,芒林街,1,1,1
dd0280c521572acd56dad35673ef0408,埔心路口,埔心路口,1,1,1
718e0bd4e0476cdec0429313d3f2f6c2,瑞东花园总站,瑞东花园总,1,1,1
f435999901a2399a90cce8177f4ac76d,大沙北路,大沙北路,1,1,1
68b4ce75ee9057a13c6ffd096711cb80,地铁大沙地站,地铁大沙地,1,1,1
cc62bf944ba5ef8f20a88102b6941917,市八十六中,市八十六中,1,1,1
1f69618218705d20709115ac376f391c,茅岗市场,茅岗市场,1,1,1
a8b273063c74d8742d29f3d68c1b05fc,吉山新路街,吉山新路街,1,1,1
bf10165b5bfaa78cbcb2d12c44d35375,吉山村委,吉山村委,1,1,1
6e03ac43c9ca2f0a4d0548b694e142ba,吉山坑尾路,吉山坑尾路,1,1,1
8b87c2ab02762b3d72d5bcd4d27550d0,吉山坑尾路口,吉山坑尾路口,1,1,1
734220580855030447d8bb6892d6921b,大淋岗村,大淋岗村,1,1,1
33a847f3b16430a91682610df8aee524,科珠路南,科珠路南,1,1,1
74ba46ebdbce6f309359b83db1ce42fb,玉树新村,玉树新村,1,1,1
d95a78e5ddcc40cc97bf203a6bf35333,广东软件园,广东软件园,1,1,1
5b04e89256c9ad1d503c1380959e211c,彩频路,彩频路,1,1,1
bcef2870b7ef251d8e6aca78441136b9,岐山路口,岐山路口,1,1,1
e9b758a55dd576d4bc55d4d13180c87c,瑞东花园西,瑞东花园西,1,1,1
e6d2d80f27bc5923ee12e51a4156ed13,地铁镇龙站总站,地铁镇龙站总,1,1,1
a98d857f69ae404f2ce895344cb2c55b,广州市第二老人院（城际镇龙站）,广州市第二老人院,1,1,1
815edc91ab6dc6a29c15ef6fa651a2c6,航空轮胎大科学中心,航空轮胎大科学中心,1,1,1
f88615322780417846fcab7929d1220e,禾丰村,禾丰村,1,1,1
3a1aabfbc7bbffc3918b141c92ac0aa5,玉岩路南,玉岩路南,1,1,1
5f92dd293d1ea53c1eb9f994b915235c,九龙大道南,九龙大道南,1,1,1
b670aec1c09cefc70a2eaef112c7b082,兴龙大道,兴龙大道,1,1,1
adbad84fd94425f7f0c9cd1e57a2c275,兴龙大道（迳头三社）,兴龙大道(迳头三社),1,1,1
bf33eb134562ae30dbb98c8acc7d7865,永龙大道中,永龙大道中,1,1,1
32a7e808618b74cb51cacade3c57924c,永龙大道（七木桥村）,永龙大道(七木桥村),1,1,1
db22f3b037a8cd22c62848970cfa2e1a,永龙大道南,永龙大道南,1,1,1
081a3932625e75e9c85f140fafe104e8,禾丰路中,禾丰路中,1,1,1
f77582c29032f090a5e40b7dc43e594d,斗塘路西,斗塘路西,1,1,1
fd7fdc7f0bcaa62a81063af4b3fadda4,新安路,新安路,1,1,1
05d05792c37cc9535feae5d0c126a8d6,新安路南,新安路南,1,1,1
21ff5d8711f712addcd9f5b8f6832903,田园路,田园路,1,1,1
f103134b3c0cc6c29b8be7fa955868f4,水西路北,水西路北,1,1,1
bc1058c18c7cc4c0f0eb50bad0ed3e5e,水西,水西,1,1,1
ce5ca11c8e08f064bf92a74af5bfcf99,创业公园,创业公园,1,1,1
4398fefafd292f301551b98615c6732e,水西路中,水西路中,1,1,1
fc7805709e98682dcaf5673f5cdb9021,水西路南,水西路南,1,1,1
607a07a8d564c23202dc96887bec8afc,演艺中心南门,演艺中心南门,1,1,1
12e92397ceb817712d96e691e8c1bead,萝岗大塱村,萝岗大塱村,1,1,1
7a0c06fd814e874eb05ddabe69c5d761,开创大道（香雪八路路口）,开创大道(香雪八路路口),1,1,1
c70641d4ea3250d48c73e13ffbdf933e,永和（木古村）,永和(木古村),1,1,1
c54728a24964d17b80d5128ba79bb222,永安大道中,永安大道中,1,1,1
2644d402507fbe5708dc07779cb4e348,永安大道东,永安大道东,1,1,1
58543666df874d14a22723c0d8d28740,翟洞村路口,翟洞村路口,1,1,1
dd0b2c40841d47bc27a19acc0423e2b6,公安村,公安村,1,1,1
ddf21b5520c1e48a106c5cebfad344ed,荔湖城总站,荔湖城总,1,1,1
becd32a5bc1ba02114f691aac49897ca,荔湖城总站,荔湖城总,1,1,1
9c454e0aab659d80ac61c35985bcaae3,地铁香雪站,地铁香雪,1,1,1
cced916a1fbe74956fde061ca376b3f2,隧南路西,隧南路西,1,1,1
d4f26d65fa27bedd17bf6848454668eb,隧南路,隧南路,1,1,1
32d170c2f5bb32bf4ac540c459255b94,玉岩路中,玉岩路中,1,1,1
735cfa595b5da45708b7c1d9dd1a036d,瑞发路中,瑞发路中,1,1,1
d0cf83c5bb75fc9c8a3d466b43525962,瑞发路南,瑞发路南,1,1,1
c98990760a077a63bfefc97e211e4fcd,小塱村（开源大道口）,小塱村(开源大道口),1,1,1
2465000a00514630d134be7e570a8279,火村东总站,火村东总,1,1,1
2e1e6ef7fbd1fbf5500668c945e1e15d,云城东路中,云城东路中,1,1,1
a3c0f44e8c9260d9332dd179bffb2e38,城市规划展览中心,城市规划展览中心,1,1,1
f0b19e84b7b1efb40b3ac3f939fd022b,云城东路北,云城东路北,1,1,1
fd93042e395cc27d9a21ef4ccfa2637c,黄石路②,黄石路,1,1,1
0d22c2cf9fa9264b1699874b0f0050f6,知新路（万科幸福荟）总站,知新路总站(万科幸福荟),1,1,1
1c8af243e7941decaee9c8c038a34374,黄埔区天誉小学,黄埔区天誉小学,1,1,1
a232a6db9257c286996475e1772a4930,凤湖四路西,凤湖四路西,1,1,1
194ab9513d8fe9aefcee9c0c54f3b63e,康大路口,康大路口,1,1,1
1a8808732b2c87cf149e6b34a5a85cbf,新福大道中,新福大道中,1,1,1
c8aa4c83c700ff4dc555ed17d6e4cc68,小学北路东,小学北路东,1,1,1
08283e2912461cb79f8f25dad0ade00f,恒大山水城,恒大山水城,1,1,1
30806923df08052df784d954264c507e,中新地铁站,中新地铁,1,1,1
c970864e30910f91f189c10b88be3b0f,中新圩,中新圩,1,1,1
b47005baa6c75901ea4cdebc833ebff1,景新国际,景新国际,1,1,1
cc843b0bde87687e072fcd3fb28db69c,坑贝地铁站,坑贝地铁,1,1,1
3bb12a117e2e59ac110886ff5f7dab68,坑贝村,坑贝村,1,1,1
e9634ccb66df74405903f11684db16fa,莲塘村,莲塘村#1,1,1,1
6cbeb5a2f5647f7fbafede4ec669a83a,燕岗桥,燕岗桥,1,1,1
eb47784cc7b1595dcfba3eac7de9c106,凤秀家园,凤秀家园,1,1,1
66cb91f64caae3cd118f4614de2b319f,育山一路中,育山一路中,1,1,1
536c933ad1b12515aeeae714c1920c16,广州交校,广州交校,1,1,1
8674533fe6bced6a81374d8308041239,交通学院,交通学院,1,1,1
28159d384ea6334d7a9ae2fa6ad26b96,广州城职院,广州城职院,1,1,1
4f523ec116479b603ffa3abcc67323e2,育山四路中,育山四路中,1,1,1
a10f8219025f5c4f8d103aac0faa7974,广州城建校,广州城建校,1,1,1
54e38815c089a0af5577914c21aa1b99,交通学院,交通学院,1,1,1
13e5a9534faa4656cac70da3e91c497b,广州交校,广州交校,1,1,1
4352f2a2a96a4857bb6635d8c533f942,育山一路中,育山一路中,1,1,1
d757a89ca705e6edc5aa60c0ed2ceae0,凤秀家园,凤秀家园,1,1,1
5f4fd28decb132a86bb3c932787506fa,知新路（含英一路口）,知新路总站(万科幸福荟),1,1,1
b321f6e86403e22eee07ce69dc61069f,创盈路西总站,创盈路西总,1,1,1
ee5687e08c32a165d5c217a49c99d4e1,钧明欢乐世界,钧明欢乐世界,1,1,1
814a80b72aeeb3ebac9036f821a573c8,永和中学,永和中学,1,1,1
193b2be5e0d5cd2516b7735d69bc0469,顺龙厂,顺龙厂,1,1,1
7d71ad6b3cf5e70cab00d38a2dff8935,永顺大道（民兵路口）,永顺大道(民兵路口),1,1,1
b2be1a8ba146472051b980975a2ac5ca,井泉四路,井泉四路,1,1,1
a6bb38fac9827a1e1c407555a955d6eb,井泉一路,井泉一路,1,1,1
e7b41475137f5424f1c0cc65b4adeaea,横迳广场,横迳广场,1,1,1
3f266b744b8107198b51bdda7dd2c1dd,永和综合楼,永和综合楼,1,1,1
9020c70f57bb67a2fd94e774354269e5,地铁暹岗站①,地铁暹岗,1,1,1
d97783411992016b87241a810c3931e5,科学大道（映日路口）,科学大道(映日路口),1,1,1
13b0f068f17657b089e636331df56850,地铁暹岗站,地铁暹岗,1,1,1
50c7895361964339342169639a0834cf,小迳村,小迳村#1,1,1,1
2a9a616290bc073a4b0dac25fa2572d7,南岗沧头,南岗沧头,1,1,1
b695557c2654a8abc22daa15a95da7a2,南安村,南安村,1,1,1
6b8d779586bd73f5282050bff4d578b5,凤盈苑南门,凤盈苑南门,1,1,1
12b052701381c46e3ae949475af16868,合生湖山国际峰景,合生湖山国际峰景,1,1,1
45877404d2f46c9a4fd4df86a0ac45ac,凤荔苑,凤荔苑,1,1,1
fe3432a3969412197f33d37db60ed7bf,凤凰苑南门,凤凰苑南门,1,1,1
506341a76254f482ddf2028c28390f5f,东方名都,东方名都,1,1,1
732a3d04df407e0e2ad995675f783fd3,白江地铁站,白江地铁,1,1,1
f991128e6811696ab383bd5e901620ab,新塘盛世名门总站,新塘盛世名门总,1,1,1
fccd4fefa930d0055e61f0159012d00b,凤馨苑① / 凤馨苑,凤馨苑,1,2,1
4426ae649d9db81398add1a4964a1895,凤凰城大道南,凤凰城大道南,1,1,1
36bef8774bc9716f0b5032552f9613a5,凤盈苑西门,凤盈苑西门,1,1,1
a7fbce0fc8bd8733b9ee2e42e285468d,暨华医院（南安村）,暨华医院(南安村),1,1,1
9e187f94bfa91a6fd5767736a004ea2c,开发区二小,开发区二小,1,1,1
e49a168211a887f584e19af715e9751c,新耀北路中,新耀北路中,1,1,1
417020166731c82142b49fc27de65975,钟陂头村,钟陂头村,1,1,1
4f3a18320fc119fb4f00d712c722d35f,誉山国际五区,誉山国际五区,1,1,1
2cd3649a79813a97a5ea7aee5cb00e1f,奥园誉峰,奥园誉峰,1,1,1
15d5fba909ab0b29d102699c829a80b4,海伦春天,海伦春天,1,1,1
9e6ab8ebd0a9604f832d04ffab9e8313,永顺大道东,永顺大道东,1,1,1
7f1f8de755a8e33f3ff984757fb1ec3b,旺旺食品有限公司,旺旺食品有限公司,1,1,1
c7775480075302815b6c1bc614b75134,田园路（新元路口）,田园路(新元路口),1,1,1
e2c13e01af99410db0696c0cb117db26,田园路中,田园路中,1,1,1
575eb33fefbf8c3b2b5bff12f1f91564,萝岗总站,萝岗总,1,1,1
11bf82524457b8f3a375ea374ee145d8,崇和花园,崇和花园,1,1,1
9c9a7a66ded18e75f456ec7c4c91a726,丹水坑路口,丹水坑路口,1,1,1
1d4bcb6a573997ee8f758f7a1677c2ff,丹水坑路中,丹水坑路中,1,1,1
75706eee86dc88195e4742c42fc0c3cc,丹水坑路南,丹水坑路南,1,1,1
142204164d254f6daf6eca93a66ec8b5,中南路北,中南路北,1,1,1
4dbf4bfa617f769be0cda631fe2075c3,富力悦禧花园总站,富力悦禧花园总,1,1,1
c55b26ac36d75e020600c7fdf526cb87,文冲（石化路南）,文冲(石化路南),1,1,1
25f81f0f57cd6ff684f54e2b0fc3d169,广新路（石化路口）,广新路(石化路口),1,1,1
2d1aaec3d86d715676fadde1a20e8e3a,文冲社区,文冲社区,1,1,1
4003794a742eee354f195251a522b069,新塘（四望岗公园）总站,新塘总#2,1,1,1
557c63bb8c8eaeca57c8ec3e07949ae6,锦绣新天地,锦绣新天地,1,1,1
5ee30d0f275612a64f061c3330a973b3,新聚福,新聚福,1,1,1
72698d53ff05379de5a948ac61159759,太阳城,太阳城,1,1,1
dc69da1723b32ae1137eb24590a26963,新好景,新好景,1,1,1
495dfa525383bca412d8bad525413ac8,岗丰大道,岗丰大道,1,1,1
8004cafe47f402ac7bbb1ba1e202b4d8,广惠高速路口,广惠高速路口,1,1,1
9b412d8e8cba8cc75e0b1478dda4456a,新业路（摇田河大街）,新业路(摇田河大街),1,1,1
5411db4a51f517d9b14801cc6d7e8516,禾丰路（永和大道口）,禾丰路(永和大道口),1,1,1
7c1535ae401cc0b8aa07966d5c06ac63,永和（常春藤）总站,永和总#2,1,1,1
77e1c5db09c8cb774d47609bedd2b9da,东山口总站,东山口总,1,1,1
525bc136a80c580a47741faf788bdd0e,大学城星光下道总站,大学城星光下道总,1,1,1
6bf4c3fee8b166e876126fd52061c540,华师,华师#1,1,1,1
a25db85a1a3fd603f20aea9bd2036ff6,星海学院,星海学院,1,1,1
6d491847e88675d46cc13c863ecb50ba,中心南大街,中心南大街,1,1,1
42d849a7a1d8626bc9b41aca376f5fec,综合商业南区,综合商业南区,1,1,1
0ede73c4ec756f05371d22866ce6af33,内环东路,内环东路,1,1,1
7cd37f1f0530f0fc9b0076e260023ec6,广药生活区,广药生活区,1,1,1
a90e69d0f6637622ad868acf966cc6fe,广中医路,广中医路,1,1,1
1f3cef8617824703074b30f75f9475ce,广中医路路口,广中医路路口,1,1,1
25a783aea283b641b68c0a9da5793008,长洲街办,长洲街办,1,1,1
2223a754a52ede1d976254338d638517,上庄,上庄,1,1,1
681c2c29d66483ad3c7e8ac8dab36f9a,黄埔军校纪念中学,黄埔军校纪念中学,1,1,1
bbfdc78332e5481b30835cc58d26653d,长洲,长洲#1,1,1,1
f1fcb9d5406a68e67d97ec22ee099224,长洲岛小学,长洲岛小学,1,1,1
f8678cfafd1dd09451d0041a3de42a44,福南坊,福南坊,1,1,1
add6a8f9ec281d0f2ab3d1b2158bf2a0,金洲北路,金洲北路,1,1,1
11c356061c9272ad80dc3ee3d1a6e221,长洲码头总站,长洲码头总,1,1,1
a0b155363c28158bea9a4ea42a69b94f,大学城南亭村总站,大学城南亭村总,1,1,1
fae3346b637be3769816ac7b618bd3cf,广工正门,广工正门,1,1,1
a4ecbb0739a699225b96c5baca34ea20,广工一路南,广工一路南,1,1,1
e534d111f1918435b2755f6355cfa21e,广工一路,广工一路,1,1,1
f2a9d2876572379e44abdc01c7bd4e15,地铁大学城南站,地铁大学城南,1,1,1
f38aac347f613e42ab1fd51d011f4237,广大附中,广大附中,1,1,1
86d0ecb46cfeda7cc5ca983bd93077f4,地铁大学城南站,地铁大学城南,1,1,1
29f743b3645d99f5e13e7224e774746e,大学城穗石村总站,大学城穗石村总,1,1,1
98ef7074028cd5e614769ccf1ccd03f6,华工北路（南国会国际会议中心）,华工北路,1,1,1
2c3588c0e6ceda8ad86d84551ec5ee25,华工北路东,华工北路东,1,1,1
1bc6f9c1d813ccc5ccf4faad9f4d69c4,华工生活区,华工生活区,1,1,1
c0c8be381db015813b2536bc93be1447,华工,华工,1,1,1
a64241038df1e6d7f478ec3218dac659,广工一路北,广工一路北,1,1,1
ed1248823c9d4a496ace79c715008a55,华师附属大学城小学,华师附属大学城小学,1,1,1
567683f4c0431d61bab97eeb8b81363c,笔村立交北,笔村立交北,1,1,1
c2eaa87b0465a8a93aa42c648878dee1,乌石村,乌石村#1,1,1,1
2220c72145d5015c4bc723955ad0d224,开泰大道（东明三路口）,开泰大道(东明三路口),1,1,1
8e314a8b476e419e4a1f1c74e24c0def,演艺中心北门,演艺中心北门,1,1,1
f052534e4a754d9fc2d93b426faff1ff,萝岗市民广场,萝岗市民广场,1,1,1
1aa5939036a56eeb2ba057132f58ffc9,萝岗会议中心,萝岗会议中心,1,1,1
092a7080f14f5f2638bfec1858ab5b02,萝岗会议中心西,萝岗会议中心西,1,1,1
2a976c16157d1bcd19f4748eb3f5b290,丹水坑①,丹水坑,1,1,1
bd29723d1bce0a9b21eb0e1fb782cab4,文化公园（粤海关博物馆）总站,文化公园总,1,1,1
9d8537a98dc2ea5f4f992b6442833de8,黄边北路口,黄边北路口,1,1,1
8b17ec2c77321e280f18eede593d11a6,云山诗意,云山诗意#1,1,1,1
556f56d8372224a0cada70baf8a32a27,黄边北路,黄边北路,1,1,1
07a615f0e9813ca947ac17e47ecd71a7,时代玫瑰园总站,时代玫瑰园总,1,1,1
33d8a16ddc299108c96177361b263909,广州体育馆②,广州体育馆,1,1,1
9763d7d6917fdf18e58058323abeaea3,大观路北,大观路北,1,1,1
5dc6ccddeb1c48cff560dc1d3e1f034c,中华永久墓园,中华永久墓园,1,1,1
770f2454871b21fa7a1fe43840c819dc,大观北路（广汕路口）,大观北路(广汕路口),1,1,1
7084d7a7b82e8bf48dcc2a1c462b1b50,新阳西路口,新阳西路口,1,1,1
cb74d6af0503430bc04c0a191ae26932,坑围村,坑围村,1,1,1
61a558244cf29403169b8b1d2532c556,萝峰村,萝峰村,1,1,1
81f36c77cfb20d595effb63d2d5a24f1,开发区电大,开发区电大,1,1,1
e7628973a776ff1d8140d25d08cef193,萝岭路南,萝岭路南,1,1,1
b3888d2331606d08c791b81d328b6fdd,长贤路东,长贤路东,1,1,1
ac82966f2b2b18c3fcc6b3f020fb46a5,登穗路口,登穗路口,1,1,1
93a98fd4fd6871b3cd1ffc1c53c6be91,杉山巷路口,杉山巷路口,1,1,1
7eda3c13deee0d8e91a6cfa602dd0eb0,黄登村总站,黄登村总,1,1,1
9ba0297965c2e0fa965d7c24010984fd,九岭路,九岭路,1,1,1
0636cbf056a1efd09fd2a75e69df0f21,禾丰环路南,禾丰环路南,1,1,1
c68ba2756f776e2e0a4c8d5d0e8b650c,禾丰新村东门,禾丰新村东门,1,1,1
0be9dfd110ca77a0396197f5fa9ec26f,班岭村口,班岭村口,1,1,1
add8ec845ee5456cb086b720b0e607f5,科翔路,科翔路,1,1,1
2213418510fcce30527cdf9ab06b2e2e,开创大道（广汕路口）②,开创大道(广汕路口),1,1,1
42034a043fd713a240694df752239f39,丹水坑风景区总站,丹水坑风景区总,1,1,1
6921562358232b25cb76f2e04916d897,市十二人民医院（黄埔院区）,市十二人民医院(黄埔院区),1,1,1
7538f2788092f51ac5e0bcc6934f0315,银河园②,银河园,1,1,1
0dcf6f9619f608b7dc0a34ce6130b242,龙洞北,龙洞北,1,1,1
0e50ef34d6a4689db3f521a043b9ce0f,迎福路（食品药品学院）,迎福路,1,1,1
10134b14bce0970494a5b9936f1f1368,龙洞（广东金融学院）总站,龙洞总#2,1,1,1
60d93284777064a2cdd289d25b514567,东华西路②,东华西路,1,1,1
b75b60266a35e79b141539233d1c0a27,北京路口,北京路口,1,1,1
1ae9eb1521f4b3af2542fa1ce60a8339,如意坊总站,如意坊总,1,1,1
c3a3f1ae611a2783972d09b0802efcb5,多宝路（广医三院）②,多宝路(广医三院),1,1,1
ed3c404cea511afa6a6034fdde99195a,起义路口1,起义路口,1,1,1
6eadbed8be4c4eab0eba4a0a399b27ca,东莞庄路南,东莞庄路南,1,1,1
d65c0440c29ac50ebd53d3e31b477615,东莞庄路中,东莞庄路中,1,1,1
fb34faeb7ddb58647f02f530f2466f08,东莞庄路,东莞庄路,1,1,1
c56b050ea4c1c538518332ebb6bea5ac,能源路,能源路,1,1,1
6ce32e3da0bd08cc0a24a01c555754f7,长福路中,长福路中,1,1,1
45be2f5d84879f5e8b95dc05ac84c385,长福路东,长福路东,1,1,1
fc50e81f5c30e11bc4d56eae3b6f1708,长湴中路（长湴市场）,长湴中路,1,1,1
5e7ce7b6fa99fdcec5321ee69ddcc268,长源路,长源路,1,1,1
c8c30756953e630be66f5c85bda83089,轻工中专,轻工中专,1,1,1
dfd341f0ab19dfc36f386722404c7e80,东圃（兰亭盛荟）总站,东圃总,1,1,1
cb7b8abebe752e42be9b3f360f62193d,桃园西路北,桃园西路北,1,1,1
12c2f252e325d28503dcdf0a02a3030c,桃园中路,桃园中路,1,1,1
cb1fef935ad6b294babefec9fd3f37b8,杨桃公园,杨桃公园,1,1,1
d691a0512b8e4f0db50991e810c8ecc6,地铁三溪站,地铁三溪,1,1,1
78683cdb10a6e847625a314e71043803,吉山幼儿园,吉山幼儿园,1,1,1
667d82710c68fae253ee42786520c71d,吉山小学,吉山小学,1,1,1
1fc377d98eab6e41ac68407dc78ebd5c,天河儿童公园,天河儿童公园,1,1,1
48b156bdd8f768371b9e68100588c6ae,悦景路东,悦景路东,1,1,1
6aab0d97bbc2e87705b971fe0e337f80,家和天曜总站,家和天曜总,1,1,1
82b464c152e8062b570f217f28bf1c94,珠吉路北,珠吉路北,1,1,1
e2e2c2f159d91beb0278b394c4fd9570,东圃二马路,东圃二马路,1,1,1
035b68a2d150b959bbc87de728bf9987,东圃大马路北,东圃大马路北,1,1,1
a7c65096fd892584702290403df961c2,黄村西路,黄村西路,1,1,1
b75c70de1524394fd33662a604ed7676,育英路,育英路,1,1,1
2c5cd907b6644097f39f547d0cabc0c6,乐天创意园总站,乐天创意园总,1,1,1
ce8083c79060d17e8a46c0cf4b218477,五山路（广园快速路口）,五山路(广园快速路口),1,1,1
c8d33873da4cdc87562b3ac143abe4c6,广氮花园南,广氮花园南,1,1,1
c4ba4de92ca43538bc17bc879051a25f,广园路（科韵路口）,广园路(科韵路口),1,1,1
9ed30b806a0f0e5473c10b8265f9dbf8,科新路,科新路,1,1,1
8427aa82a43c9cc53bf049527432b772,科新路口,科新路口,1,1,1
447cb80a22b26f3329c5ab3b497bb0a7,车陂路北,车陂路北,1,1,1
149fbc4749374a63591aa0cd7c8e6472,鳌鱼岗（华新健康城）总站,鳌鱼岗总,1,1,1
9fde307a6c8dd72d6a6a383ed6d684ba,珠江公园南门,珠江公园南门,1,1,1
b35de774a58db8e74a7f93a9c4d0c098,花城大道东,花城大道东,1,1,1
e5e8ff5697d45500b2c2308ffce9022d,车陂公交场,车陂公交场,1,1,1
3c18ee86130cf85180a7dfe11d5383d8,车陂路,车陂路,1,1,1
e9354d313d8a5f48db36101ff5f3e1b7,车陂路口,车陂路口,1,1,1
7d42d8878c4a38f5dc47c58b6f30216e,广氮花园,广氮花园,1,1,1
bf58d8b8d83e7b2809cad83e6a0dd3af,广医附属中医院总站,广医附属中医院总,1,1,1
7b9aecbe5405673e7fece32a93b6223f,家家乐医院,家家乐医院,1,1,1
785ff25ade3db696f4e796d6d2318c03,车陂公交场②,车陂公交场,1,1,1
31aaaa05b756e2fdaf2fb0d1b78fa793,地铁菊树站,地铁菊树,1,1,1
357c2744c02596b1e9cc0d6bad9f7268,水口坊,水口坊,1,1,1
d561b1cc61360e1f714c19faf81fb524,棉村,棉村,1,1,1
f6dc92a5ffacf3938788741fe864ea8c,棉村市场,棉村市场,1,1,1
fbcf570fde754282b5cdd1398c500ac9,香凝学校,香凝学校,1,1,1
fb02b38373eb6ba6b4083bafffd09523,海南南丫西,海南南丫西,1,1,1
cdfe72cccfcedd7227374663b8f476d9,海南南丫东,海南南丫东,1,1,1
d85a06be21ea6a3cdf5c6680db73bb98,生南,生南,1,1,1
7f3e31aacb314f20fbbc045f2c663035,海南生北坊,海南生北坊,1,1,1
006e4f03fdd793845bc13351351a85b9,海南连生坊,海南连生坊,1,1,1
dbea87b590dfb352ce69405d2d222f10,海南南丫村口,海南南丫村口,1,1,1
a4e2a8fca3eb252fde5f6bb16a721fc2,鹤洞总站,鹤洞总,1,1,1
f31d8ab723427405faef6db4578acb38,芳村大道西3,芳村大道西,1,1,1
ba88c1af0729c6acde5a7a042ef7366a,南岸路口,南岸路口,1,1,1
740c02b3e01b2e9da584946f257cfaf0,南源街,南源街,1,1,1
ac678dff7534ef5f54d5f785ec77ecb4,隔塘大街,隔塘大街,1,1,1
4c427d4f7c71d930cd9b261ff732ca4f,河柳街,河柳街,1,1,1
bde29dee4c82500e4ee12c7b53a9bf59,周门街,周门街,1,1,1
8f778877662bc4e10d6c0df1e24b08c4,彩虹社区,彩虹社区,1,1,1
6a46103651ea504ad2eb63cf41123fb1,荔湾图书馆,荔湾图书馆,1,1,1
0d72cc499f115911c75012919ad151a9,周门（西关外国语学校）,周门,1,1,1
f2f6622c8dbba860395478a536110b41,芳村合兴苑总站,芳村合兴苑总,1,1,1
4de20b027b58f14864e3417cc5cc6b51,茶叶市场,茶叶市场,1,1,1
68dda5af4c58c3dcb104bec993df6504,洞企石路,洞企石路,1,1,1
dc936795cbfe3275a27cd0862645c4da,葵蓬一队,葵蓬一队,1,1,1
ee2cf3a486fe8eb9fee51dec07d3f371,葵蓬小学,葵蓬小学,1,1,1
dca42971f68b644af563dfac53b2d909,葵蓬西滘市场,葵蓬西滘市场,1,1,1
aca9ed966874af3fdb2666d667a1ac2d,芳村葵蓬总站,芳村葵蓬总,1,1,1
0c9c95ec7e9e9f4857cde953d9f31bec,坦尾总站,坦尾总,1,1,1
fbbf95615c983e1e878721ae436aed58,桥中南路,桥中南路,1,1,1
585f00e0081d2dc02f019610ecc5338c,柏悦湾,柏悦湾,1,1,1
58c5b2347aa14539e3e73dd111ea052f,大坦沙污水处理厂,大坦沙污水处理厂,1,1,1
e0b133e3c686181c2d503b5fef4f6337,海角红楼①,海角红楼,1,1,1
7d910d5776d97930b56d374c35fdf84e,桥中北路,桥中北路,1,1,1
083095b4703d2413cbdea853aa3807aa,河沙中路,河沙中路,1,1,1
106831b76c680dbbec7aa4a2b00d0c1e,东海北路中,东海北路中,1,1,1
e60eb3417df0863030bf047f7b2ddcc8,珠岛花园公交场,珠岛花园公交场,1,1,1
8d1b33056656ab7a0f2bfeedbdc75d54,坦尾西路,坦尾西路,1,1,1
a26e5674b991aaf9e5d14ce0c20a9f7a,坦尾牌坊,坦尾牌坊,1,1,1
ae51ba56a8e79b3feddc2bf206ce78a4,沙洛工业园,沙洛工业园,1,1,1
04c6d8e6c0c8582e0b1a9826e849e477,沙洛市场,沙洛市场,1,1,1
46f48b758ed25df05139826c95ace54d,沙洛村委,沙洛村委,1,1,1
d68225b0862c89029b971ae009352378,沙洛村,沙洛村,1,1,1
a8c88809686002610962604ae1ae9782,东沙大道南,东沙大道南,1,1,1
503616a2af2aef87990a33c8dac65c96,广州白云站公交总站,广州白云站公交总,1,1,1
a159f466f2f4062e58a5b1b2978c4e83,新市新街西,新市新街西,1,1,1
52c900746198d91cd217bf51e56e96f3,新市新街中,新市新街中,1,1,1
94c946aa0ff234dbcb1b7015337df634,新市新街口,新市新街口,1,1,1
7f236ac6fb5e023a8338322c063bc424,云城中三路（地铁白云文化广场站）,云城中三路,1,1,1
fd4a1623a8c31b6ab739fa4b532dac76,云城中二路（地铁白云文化广场站）,云城中二路,1,1,1
655e6adf52881ae33d73d1352028a604,市动物卫生监督所,市动物卫生监督所,1,1,1
a8da5671bfd1b66202b29c1cc6eac074,鹤龙东路（市残运中心）,鹤龙东路,1,1,1
e7737ae7cf8108c3d81302fd10fc02ca,庆丰一路,庆丰一路,1,1,1
5e8ceb42a61a57e84b319ac2826f0afd,庆丰一路口,庆丰一路口,1,1,1
e318a51c2fd1907ec9bbdc05254553c2,庆丰二路口,庆丰二路口,1,1,1
cc1ea24f2c2cf77ec81ba3d58eba10f7,石庆路北,石庆路北,1,1,1
7b48c3e689470f647248a4bd5cd94eb4,庆槎路北,庆槎路北,1,1,1
71201ed2bdff593ebbb40f11e8dd793a,庆隆路口,庆隆路口,1,1,1
323e020b0adb73c48b135aacca347283,庆隆路中,庆隆路中,1,1,1
5830c1ac607fb579b5a2e5b1bbb88c60,兴隆东路口,兴隆东路口,1,1,1
277fea1c6f6869adbb3511334001d051,石井（铁路学校）总站,石井总#1,1,1,1
140f8f937c00cb19207f98cf7f6dad34,云启路,云启路,1,1,1
e8b7ea322352e93b32f085f68f67c1bd,嘉翠苑,嘉翠苑,1,1,1
61bb8786deb35b9bdaafceaf8fb6f178,园夏村总站,园夏村总,1,1,1
b2a02484f32663e4e8060ce82083c584,园夏村南,园夏村南,1,1,1
94d4f1cfe63e99025f53a3e61a186b7b,官海街口,官海街口,1,1,1
ee00fee8512d8330e01ae52ca914845a,北村桥,北村桥,1,1,1
4ae3d3b565e1f7bda0ec967f089b67d6,龙归华侨医院,龙归华侨医院,1,1,1
234a29f846bad19451181e02bb41af9a,龙河路口,龙河路口,1,1,1
c1be8104f7180c3aff94aaaa63190d38,龙兴西路西,龙兴西路西,1,1,1
006eacb8e53eb4d6b2d06e960ab27233,龙兴西路（云翔学校）,龙兴西路#1,1,1,1
3f94821b69c01e501e0ece06ee23902c,钟永路（龙归中学）,钟永路,1,1,1
d8c02e3474614feccc4e7f7bef0daa3f,龙归城南,龙归城南,1,1,1
c1e16fb0f27b4392efe63f30e9e26e8b,龙归城北,龙归城北,1,1,1
e0953e11a4fff6736eab00c964371504,龙归城（地铁夏良站）总站,龙归城总,1,1,1
8952e105d74cae31e1d0e6b23b0932a9,兆丰路,兆丰路,1,1,1
e9d58f2ba58da4df1d8b5d57c960c9e4,安新路,安新路,1,1,1
5f8b928e2218d4a5c149a61c73b72300,安新路南,安新路南,1,1,1
d0469f0ccc9e98d24b24b80c2cd0f254,黄埔军校总站,黄埔军校总,1,1,1
dcc49c80dce7d4337b49b057b5c371b4,护林路东总站,护林路东总,1,1,1
828f493d9fa3571df381045fb9649aa1,护林路（敬业路口）,护林路(敬业路口),1,1,1
a7e031cd2209476f883baa129852dc70,石化南一街,石化南一街,1,1,1
5dc4fb21c5cf3f994bb3aff66428a3d3,石化小学,石化小学,1,1,1
80a362eced0c723c1d762747a8136dfb,瑞东花园南门,瑞东花园南门,1,1,1
43d32ed771c2993f17de0079554808b1,鱼珠码头总站,鱼珠码头总,1,1,1
e393d5a0b0e7a9b3592879067c98bc61,荔香路南,荔香路南,1,1,1
9bc1d2ff2277ee09e125d063c7241d31,天坤三路总站,天坤三路总,1,1,1
1e8ac0caffe585635c7b2c89b9538542,健明六路,健明六路,1,1,1
cc84a9048a8dde99cde87e521611e8e7,天坤二路,天坤二路,1,1,1
91e5f11703be0b03cf899e58874cad54,黄村康体路,黄村康体路,1,1,1
85b9ec70537159f9e43775a8fe3f4698,奥林匹克中心南门,奥林匹克中心南门,1,1,1
578850d2c19772e0dad3986c835294d1,广州亿仁医院,广州亿仁医院,1,1,1
686f4814301ced961a79a0b5c134decd,护林路（江东村北）,护林路(江东村北),1,1,1
00b6cc374e1171951ba518da4274cce5,珠江花城总站,珠江花城总,1,1,1
c05713a94f5aa9798a9c945f0501cd18,岐山村,岐山村#1,1,1,1
0641fb02038cad469f5b35f50ab7653c,双沙（信华路）,双沙(信华路),1,1,1
b44d1d4bc94a4d1aabb28166eac52444,信华路口,信华路口,1,1,1
a8618f5c91bfa2f2d06568cecbf9a4cf,广新路,广新路,1,1,1
5230056a4232d86b3a1a9374147baf0e,海安社区,海安社区,1,1,1
44d0f5ec7c9cbcb138937bc15028446e,广新路中,广新路中,1,1,1
f83e094c03055f6d77ea31701912774a,大沙地西（中山大道路口）,大沙地西(中山大道路口),1,1,1
8a4696a3785c4388461e03e8f9043285,广新路口（地铁大沙东站）,广新路口,1,1,1
e8d0d5075dc4d655df3f6de4416bec92,红山,红山,1,1,1
24e62796c4ae8c488f0e09e42d9673fc,双沙（黄埔东路）,双沙(黄埔东路),1,1,1
b52fb3374b6d9820eca33b52e06cfc12,南岗西路口,南岗西路口,1,1,1
b40394513480ed28cee16d20e1c69f97,荔枝园西,荔枝园西,1,1,1
c0dd09bd5040e83990401b6168d3bfed,南山公园,南山公园#2,1,1,1
b38882b52d59d20caa79e35793e7eedc,南园花园大街,南园花园大街,1,1,1
eb05ec4eb9d9ffe203dc5415d80e4f73,南山西路南,南山西路南,1,1,1
b5237477a5e23bd58007a38feca34727,南岗码头总站,南岗码头,1,1,1
3d972b1c89a751f48e00b82094437018,碧山村总站,碧山村总,1,1,1
c52a26483d8e97dc21b7c1089d48c4f5,荔香路,荔香路,1,1,1
8b99a801ad6ff73ec16dfb7a715f1d05,港湾一村,港湾一村,1,1,1
cf8005951a46a14c64cc913f8df28ced,碧山村②,碧山村,1,1,1
7aff419467777f82de38fe8785b2e6f7,博汇商业区总站,博汇商业区总,1,1,1
c5d1e6b5a91a41538a5caca87eaa0b15,西基,西基,1,1,1
e95d972a163bc6d3cc44e88bdf7e5cfb,东基,东基,1,1,1
f04a87896bf6de0fa8169ad7a7fb7bec,蕉园路口,蕉园路口,1,1,1
2495e1dbd1b9b071321f4b11d51e6896,滨河路西,滨河路西,1,1,1
c51eb74b1e7946d5a9e882196bb3a626,滨河路,滨河路,1,1,1
2bf5477069c59a3b8cc36b1f5e8c4085,沙湾一街,沙湾一街,1,1,1
91da36bbdb636aaf9a62a85abab8b0be,青年路中,青年路中,1,1,1
456a16eb8c1ed4fd6a92626064dac729,青年路东,青年路东,1,1,1
2ccb1cc2b9b6e5da7a376b51edd83993,友谊路,友谊路,1,1,1
30f34a0466123a9f1a8f95786c914d3f,开发区医院,开发区医院,1,1,1
3b809386b398170cad07f50e7b48b4b4,创业路东,创业路东#1,1,1,1
ae815cf9045599b5e0a28bfced534c59,创业路,创业路,1,1,1
13f5f0d17d34ffe7ddb9519785e52ce3,黄埔新港,黄埔新港,1,1,1
948652a6bcee0b34a6057edc7db16647,金碧路总站,金碧路总,1,1,1
f9857bca75d55f6a520cd16df9e963f0,沙湾五街,沙湾五街,1,1,1
9dcb6c311fba1038c15b907b8447b798,沙湾三街,沙湾三街,1,1,1
c11ae70fbd27f9c165e5eb8874932ab6,上屋,上屋,1,1,1
ea44586d92b9c9f47c469e9989210016,新田村,新田村#1,1,1,1
700741e5a51cd351a659b731a1d6f983,新田居委会,新田居委会,1,1,1
4223b61157f482b44e1d3c288632760a,灯布社,灯布社,1,1,1
897f635f95fafc16caa4983d0c263642,江新路（镇龙）,江新路(镇龙),1,1,1
2b411a47481301fc378b92131a024aaf,新田村口,新田村口,1,1,1
b7d218a2b798fd5f2021f8d1218ef624,新围村路口,新围村路口,1,1,1
26a9a6ee3fb552e422040e2e987d71d1,镇龙新总站,镇龙新总,1,1,1
b80d515c65e214705c9c9f918b7344b6,洋田白石岗总站,洋田白石岗总,1,1,1
c90eeafff2600ff4b1437820358b3c0d,知新路南,知新路南,1,1,1
d66034e884de70e135438b68ff873a31,学富路口,学富路口,1,1,1
d15d998b47fa3956e8329e807bbea614,玉麟一路,玉麟一路,1,1,1
fafa770d4f2690c560c3b34aac9b25ed,生物产业园人才公寓,生物产业园人才公寓,1,1,1
7d584e97b041aa2c2d8ceffda4bbc732,旧福山村委总站,旧福山村委总,1,1,1
0fe49fee2dfd9b0505c76ad70ee53ea5,福洞村尾,福洞村尾,1,1,1
9590768131e4368f0a597904da444f6f,福洞村,福洞村,1,1,1
e8750bdf261347613bcfe9bfc2c57c46,福洞小学,福洞小学,1,1,1
514b6048b67b422f0cbdc0dcc04b4356,潘屋,潘屋#1,1,1,1
6511ac73abe8bc12234e20e310abed59,大汾田公路口,大汾田公路口,1,1,1
0ccc2a9c5bb092f0e49be7f54259aaba,中泰天境花园,中泰天境花园,1,1,1
a9a871bffce1064b861752b204ca2244,九龙二小九楼分校,九龙二小九楼分校,1,1,1
0b1602eae51fca1002d792e28ec22f91,镇龙邮局,镇龙邮局,1,1,1
c61dde778eec83478c66cd188b252561,新屋,新屋#1,1,1,1
7e1492010c440a807b7fed3ffff1eccd,大坦居委,大坦居委,1,1,1
d9ca4d734b8d7530d334652ef07cf225,陈塘社,陈塘社,1,1,1
4efe2c270483e3340cd881d4e3cc27d2,九龙二小大坦分校,九龙二小大坦分校,1,1,1
2bca0b82f598d782cc760552187d8ba7,边潭村,边潭村,1,1,1
53ca994930a44ceeb355f81b08fc1674,麦村村委,麦村村委#1,1,1,1
87d9cdfb74ac891e45afb97623047ed1,大心田村,大心田村,1,1,1
77e16a6beb9d0ee6741c87952d90dffa,果园村,果园村,1,1,1
1ff184fd78eb64a87fcedb934d4dad64,龙江村,龙江村总,1,1,1
8fdad121e43cac0f3acd44ad92771aeb,长平村总站,长平村总,1,1,1
b62da940f8d546cc3033d7e2f9efe794,新新大道中,新新大道中,1,1,1
3984e37d92eaf6bbb70fcc11bb202a2a,八斗村（天鹿湖社区服务站）总站,八斗村总,1,1,1
e44f9f16bb471306fde0c9df316f620b,黄陂社区总站,黄陂社区总,1,1,1
16209bd5bac9e341f228439745ece677,车陂总站,车陂总,1,1,1
8052d943e368e2e6f1c1ae02e690b315,骏成路东,骏成路东,1,1,1
87cc84c2d8e6e30d9037d93bb6728b10,小塱村口,小塱村口,1,1,1
f490c46e7936ba0332a0e098a110c358,龙溪大道（广中医三院）总站,龙溪大道总,1,1,1
596b25c48f3ce2ad9f0e5254eb7b3ad0,高岗路,高岗路,1,1,1
edabe7d0b2fc177b300474377de84bb1,东西部扶贫市场,东西部扶贫市场,1,1,1
7fbb7b7fdf67ab1dcdf658de4f64c433,海中北路,海中北路,1,1,1
1dbc1cdb0f2b78d62f16cabbb4d120aa,百亩园,百亩园,1,1,1
42899ec8e6655f021844253779b9e33b,海中八路,海中八路,1,1,1
e99542d321dc5c442b02bd5d429422ae,海中小学,海中小学,1,1,1
b32e58feeebf079a49e3607438b02499,新惠路中,新惠路中,1,1,1
4056c498bbd8e2fe89f04342480139ce,南山丰景花园,南山丰景花园,1,1,1
e46879f30357e49a29ab521763519311,五羊本田,五羊本田,1,1,1
e6565c67b6cd201fcda281fff45eb416,禾丰四街,禾丰四街,1,1,1
53c292282ff56e70c124a16482f8aea9,永盛路东,永盛路东,1,1,1
440e236b6786c00db8d6e4b12cc09d77,永盛路,永盛路,1,1,1
20ae05e47a3991ab0aeb9e7b0d46a7eb,永华路,永华路,1,1,1
4c1d3e773650bd56c36d36ab2ad8f1cd,华峰寺,华峰寺,1,1,1
3f0f70e1293a52678dad48198e3acd6d,禾岭路中,禾岭路中,1,1,1
8420438501521fe8284bd0414e361d9f,禾岭路南,禾岭路南,1,1,1
2f83ced6eaf3e487129bc78432d9eab9,永安大道西,永安大道西,1,1,1
1ab4c57d2dcf30335c212109da479766,腾龙大道,腾龙大道,1,1,1
39d35eb297bf21143b1526e25e48cd1e,凤湖二路（开放一路口）,凤湖二路(开放一路口),1,1,1
a86571b9da6db1d9660c953cdb10ec7d,九太路口,九太路口,1,1,1
67fdbe6301b988473a8ae13b3d0afde4,七星庄,七星庄,1,1,1
8739b767484e5909dc70fd18fca2596a,地铁枫下站,地铁枫下,1,1,1
91ced340ceb73312f81f6c1f681196d9,枫下村,枫下村,1,1,1
2d610f2d027b084400ae34e321d68d7f,枫下村北,枫下村北,1,1,1
f4e90fdfbec86aca41b01845c0e875e2,蟹庄村口,蟹庄村口,1,1,1
011b933475ec97730f00c76149f5e5da,枫下二社,枫下二社,1,1,1
e02c93f05ff8c8f49871f1efdaba9468,蟹庄村总站,蟹庄村总,1,1,1
6e266cbc508c9daad2a8c40d0b8d4e63,迳头九社总站,迳头九社总,1,1,1
ba5890d657d5e3eb3e67aad9fc2dc9c1,迳头六社,迳头六社,1,1,1
704208fdf12e5e638e2497051da22bd8,迳头二社,迳头二社,1,1,1
d0724b90a0ad814962469de67dfc0db2,迳头二小分校,迳头二小分校,1,1,1
687db410a29447b723a238b36e548b48,磨碟沙路,磨碟沙路,1,1,1
9516432709c24960e77a95abd1ace213,远安路南,远安路南,1,1,1
32dfe3b20093f681b3e3c86e835ac831,天园路,天园路,1,1,1
66998d407b96df7d230211de2638678d,怡趣路,怡趣路,1,1,1
08e70a0871c67452a2206a5dcff10d06,江怡路,江怡路,1,1,1
75eeaf2e6e209c0eaf0729fade92fd86,晓港中马路1,晓港中马路,1,1,1
3d86f0b176431797f2c0d4ed3b346855,晓港西马路,晓港西马路,1,1,1
d6ef2d305b7cd6847178db8b9a13918b,地铁晓港站,地铁晓港,1,1,1
8a6ed557241d9b6ec384b62a3cfa1128,金禧路西,金禧路西,1,1,1
59c0bbc8e1b2539c6fc0370f661b0701,江怡路口,江怡路口,1,1,1
142686eec04fa6619620082c47ffb2f4,北山公园,北山公园,1,1,1
5ba9ddb8fa4719e90bdfb64a50a3bf6e,仑头路口,仑头路口,1,1,1
5a552505f297d3c9693322a50d8785c7,仑头村②,仑头村,1,1,1
6f2d1ce14337654438e1001dfe8883dd,环村南路②,环村南路,1,1,1
944c012451783ed9488b555df221198e,中华姓名博物馆,中华姓名博物馆,1,1,1
155dc3f6c13c2b329abc2463ece77a89,仑头公园,仑头公园,1,1,1
0e06bb2d9a136ec4e119855cb3f0957f,穗华中学,穗华中学,1,1,1
b372dac944b8f0d8a9f487e3b3ce7e0a,乐敦路口,乐敦路口,1,1,1
3581541d52e19cc279760841e7290c42,赤岗西（珠江消防器材厂）,赤岗西,1,1,1
08779210b0d8e302cca8b7925929cd85,碧映路西,碧映路西,1,1,1
89f153a0fa87d54a3ef795239a8aeda4,碧映路东,碧映路东,1,1,1
da929e0bf2d7542974ccd155b22a9bdb,后滘西大街,后滘西大街,1,1,1
73573e50b6bd843f35c2569bab845350,森语大街路口,森语大街路口,1,1,1
e5ebbb8feb49dfa00eb7bacfa27583bb,后滘村口,后滘村口,1,1,1
00381c470aaa682ff2e44453f6fefbae,上涌果树公园南门,上涌果树公园南门,1,1,1
2590ab7170a7d9c488268da05ee17487,南燕路,南燕路,1,1,1
9bfb013b279440a6e5ae75a7898fc398,南洲北（好又多）,南洲北,1,1,1
be07c4b416020243ef7661b438ae6760,南丰汇（地铁新港东站）总站,南丰汇总,1,1,1
b0eb662973768f4cfb92101433ba4156,广东财经大学北门,广东财经大学北门,1,1,1
dc88fc741ed1d65e8a3d04c423412615,石伦里,石伦里,1,1,1
793b2016fedf006af7352075d2240498,赤沙茅园岗大街,赤沙茅园岗大街,1,1,1
c20605e0bc652ece71d8a13cda5aaf67,赤沙路,赤沙路,1,1,1
c541dea50e5efe77c8f87e43a46bc4f7,小洲南路,小洲南路,1,1,1
6405bf3de1b1e691fe334880213753c7,南洲路中,南洲路中,1,1,1
53a8526d8f93b2d948eed37c5a6acb4d,海珠湿地公园南门,海珠湿地公园南门,1,1,1
9a70beb3430aa6be9f0aa7c95e98fe9e,新市头路,新市头路,1,1,1
e82954cc9e177a14a4c61788649d9864,海琴湾（下渡路）总站,海琴湾总站(下渡路),1,1,1
13b70824b9dac815c28ee332f9274ef2,新市头路南,新市头路南,1,1,1
3f66fc8820a11079f1dfd6d4db56cdde,新滘西路西,新滘西路西,1,1,1
351949bbf559646c42770949a2c7471e,沙溪村口,沙溪村口,1,1,1
53ae8d62c3da8aa0b09caf02b59a9895,泰宁大街,泰宁大街,1,1,1
eb518a27ebd06cdcc211a50e2bf9c70f,地铁江泰路站总站,地铁江泰路站总,1,1,1
ff2ee68d6a954d5a1dc431a4e58d36c8,大岭村总站,大岭村总#1,1,1,1
799939395a0d808538f873af1acd98a7,东昌社,东昌社,1,1,1
4dcf6e10255789f2005c30fe23b725c9,南昌社,南昌社,1,1,1
8210d8e2f4b15965b46ea2d3be04c3a1,松园社,松园社,1,1,1
a2516dce801d0ff3e665eaf96c980f99,大岭南路,大岭南路,1,1,1
a4220f7247c57ad0483c48ae7730cea3,神山商贸城,神山商贸城,1,1,1
f49be06735a2df0b88e11d4bab866f5b,神山大道西,神山大道西,1,1,1
8c5bc245608bc82b869a35883e1a727a,雄丰街口,雄丰街口,1,1,1
9c38d53b4fc53f1756452116eee3f3b7,中八小学,中八小学,1,1,1
c0901043f326bc1b3ac6cee779ebe06e,五丰村,五丰村#1,1,1,1
51ecf31485dd1417100c431b18a0993b,五丰工业区,五丰工业区,1,1,1
801ca8992b502141c873f906cda51346,两潭路口,两潭路口,1,1,1
4ea1458c309782efe0c3933d46fd9f72,朗头中街口,朗头中街口,1,1,1
845f996c1248e14f4eb9b3d9c2bb90fd,朗头村,朗头村,1,1,1
4924fb10626be08d9ac7ed37d9066394,石龙,石龙,1,1,1
68956d84776c59e49f14c3d747d69221,石龙档铺街,石龙档铺街,1,1,1
c109d7ed1b5a9b93f9fc243017008c25,大石岗,大石岗,1,1,1
efb0cb23dabc834b7548763e5a276a8d,上社路口,上社路口,1,1,1
9815f9b6f4579d53053edad4d0482ab5,田心花园,田心花园,1,1,1
6a8162de89fe8ce6a40aeb2edc90ce61,田心路口,田心路口#1,1,1,1
c17f25664630707ccf4e2f2c9fb8d2e8,刘家路口,刘家路口,1,1,1
524bb4473d778b84123a1eef9297f618,茅山新庄口,茅山新庄口,1,1,1
5ee2b9d0d9eedb1c887b9f3a6a2f6e1e,茅山村委会,茅山村委会,1,1,1
d63bd7bd5f5c8e22c525bf60ddece079,茅山,茅山,1,1,1
47b0c575c1d4692c479705b07ac9133b,朱家庄,朱家庄,1,1,1
e48000d89d190b9ae0f960f6854ddec3,何布村工业区,何布村工业区,1,1,1
b4db3e71dc0ea80f2e535b752878a654,何布村,何布村,1,1,1
3b9f4409305599ef012be9f6dac91889,环镇路口,环镇路口,1,1,1
0c989a64a48c07d1f30a02ca659678b5,金沙小区,金沙小区,1,1,1
c92a137d1d18d83019bb33d06952d7a5,江城路,江城路,1,1,1
8681320725f1eaead140fd3787cc431e,秋鹿路,秋鹿路,1,1,1
6bce51bbb8e5f0e7cbd9a740367f7426,金沙南路,金沙南路,1,1,1
25753654ba5b2d3494db692c65c2f65a,刘家沙,刘家沙,1,1,1
b10acbc1e2a6172c800d3ee9fb3d13a1,江同路,江同路,1,1,1
c230f117ac0b04fd967aa492943e2f59,江高路口,江高路口,1,1,1
5e28d4055dd77360958ce0e9ed34873e,乌溪村总站,乌溪村总,1,1,1
737caa2dd47a4804bc0c7a062607dcfa,乌溪路,乌溪路,1,1,1
b3f955062134912ca8cc12b3ae1f4e31,地铁竹料站,地铁竹料,1,1,1
05f4caa12ab08293ca503c1c822792b6,良田路口,良田路口,1,1,1
382fe000c11dfd311097e6294c18f254,竹料大道,竹料大道,1,1,1
616f38b714604a1120828180d1332b5f,红旗路南,红旗路南,1,1,1
32649fa5fd1e8f55b80df07b3e2c8678,红旗路,红旗路#2,1,1,1
5e24c23211bb6b79fe2410b0bebc745a,红旗路北,红旗路北,1,1,1
f3827849f6ff11c91f77ef484c85fe94,红旗童庄中心街路口,红旗童庄中心街路口,1,1,1
9991b15e83dbb7b1a1ba25e4c8e70e0b,红旗中心路口,红旗中心路口,1,1,1
d2966452a275fccf975a917a87edaff1,米岗牌坊,米岗牌坊,1,1,1
3d9d281b423e11389ebfc18eeb2d4607,寮采村口,寮采村口,1,1,1
14e40615f6f78d9c5e248c0b97f6d427,寮采路,寮采路,1,1,1
e3c317558cf97473075ae7ca84c184e4,寮竹（新兴街口）,寮竹,1,1,1
b3ef7cd25266974b348af43643670968,寮采南路口,寮采南路口,1,1,1
e30e6dbb0202e36f55a84dbde3bcf389,寮采中路口,寮采中路口,1,1,1
5338a0a77ea22b79e12e038a03d6f42e,花田路口,花田路口,1,1,1
c843ae30c5e238e8dd2ad858f03af486,北向庄,北向庄,1,1,1
c7711f3a62b2c6e758d295895cd1fc8a,寮采北路,寮采北路,1,1,1
be3c4c3a7f610f78497be94078e45aba,寮采（世外桃源）总站,寮采总,1,1,1
3a51bf677251504d94379c0197bebeaf,乐嘉路中,乐嘉路中,1,1,1
6e861d3f5f3f26c9717553363900de14,乐嘉路西,乐嘉路西,1,1,1
f11e28f37d030df8e735cdb0f9bb05d7,地铁三元里站（C2出口）,地铁三元里站(C2出口),1,1,1
802e420f7b72389da42d5965135e41ce,地铁三元里站（B出口）,地铁三元里站(B出口),1,1,1
8324c539977e6ba2a95d8ee8d0d3cb3b,地铁三元里站（C1出口）,地铁三元里站(C1出口),1,1,1
cc1b1d915dc2b1997b1b2593f59d3b78,凤鸣路,凤鸣路,1,1,1
f1396622ee47415e6d8897ebd8f2350d,庆槎路（锦东服装城）,庆槎路,1,1,1
d064f80c5e3a3e814a238cfb30398cf2,兴隆中路,兴隆中路,1,1,1
9d8eb1c6128ee3850708865b4b60b30e,亭石南路口,亭石南路口,1,1,1
5e58b603f0006d766027a2a29bf31b24,亭石南路南,亭石南路南,1,1,1
a54540f719b714d9be4fa309a0ac9a20,石门街,石门街,1,1,1
5b62bf57cefdfdc43d006c04d6f9deca,亭石南路中,亭石南路中,1,1,1
ba482b95f4fa2500305516cd6f1fad45,亭石南路,亭石南路,1,1,1
6a5608d6b7fa1410b90d30364c9c1b34,亭石南路北,亭石南路北,1,1,1
85f51cc122d3d3418519c11a3091f62e,杨梅岗,杨梅岗,1,1,1
f2c22fbb35468a86c11236890af4f7e8,石井（朝阳村）,石井(朝阳村),1,1,1
06c2d2e223aa242604a47b6cf201561f,亭石北路口,亭石北路口,1,1,1
1c4eb68fac0490b346e8e35b435ec589,湖滨南路,湖滨南路,1,1,1
8240e606999a538c250afa6988e9ab38,秀亭二路南（白云湖西湖）,秀亭二路南(白云湖西湖),1,1,1
a3af19e06f3854cc9747427cf2526d8f,秀亭二路中,秀亭二路中,1,1,1
ca61072dffb74f34fa84038b160ed16a,秀亭二路北,秀亭二路北,1,1,1
2c5253359a54f9e830909983bae35a8a,滘心村总站,滘心村总,1,1,1
291913abfd82f26f3eb5844bc6dc461b,西洲北路尾总站,西洲北路尾总,1,1,1
1bd6d90d0a1aaa5e1babf43673ec2054,机电技工学校,机电技工学校,1,1,1
3f336e1f7f238bb390a070436de0d262,邮政物流中心,邮政物流中心,1,1,1
ba2c00c44aafe9b02baa86d3597a056a,华海街口,华海街口,1,1,1
90d483ae7c938d19e7b8ef823ebadfcc,德棠路,德棠路,1,1,1
c7db6b093f74960df1e1473685d7cc04,西洲北路（增槎路口）,西洲北路(增槎路口),1,1,1
4f695d54bcab590eb426837438583a76,机电技工学校,机电技工学校,1,1,1
bd89ebccdd9fe81eebae783ceedf6322,景泰直街总站,景泰直街总,1,1,1
cb796e377415ccc049a5cc4e842ecd24,白兰花园,白兰花园,1,1,1
0d439a7a31ad44d17fb52712ebb7f924,云龙路口,云龙路口,1,1,1
32ed2085396d4608dda7a3c6be83e4b7,民航子弟学校,民航子弟学校,1,1,1
19d747a0609338e9d18e48e13937cce6,云城东路（云城南三路口）,云城东路(云城南三路口),1,1,1
85b930c88440c38ff7b41fdc48d6c818,地铁飞翔公园站,地铁飞翔公园,1,1,1
8eb1b599a1830ffba2607d4aa85d01f4,云城南二路,云城南二路,1,1,1
03d213c408320029790967e8a222358d,北站（三元里大道）总站,北站总,1,1,1
427d8d7d52a2b9cd873eda2027e75b63,瑶华街,瑶华街,1,1,1
fff1cf003e262a184180afbfd2397e95,向阳大街口,向阳大街口,1,1,1
1de182d892dab1e5d61246b29decdf02,瑶台西街,瑶台西街,1,1,1
9403fa306e8150904133cf8ef8dc6cf8,王圣堂牌坊,王圣堂牌坊,1,1,1
3f88bce265118eb040b853ddcfffd378,太和岗路,太和岗路,1,1,1
7ce5f9cc6734217ad68fccb546ff2f8e,太和岗路口,太和岗路口,1,1,1
2b8b9705619086215e0aacae96f6c60a,淘金东路,淘金东路,1,1,1
c98ab4ac31bd6bb8ede13d48e1466b4b,淘金路,淘金路,1,1,1
934199da2f877c3c0c1362983b96ce7f,广州血液中心,广州血液中心,1,1,1
8cb32d5be524d873a5a276f26354bff1,淘金街,淘金街,1,1,1
692cf9253989cd75ddf4949b2218a2c0,华乐大厦,华乐大厦,1,1,1
3cdf5f464acb49d27e429f23a5943890,黄华路口,黄华路口,1,1,1
97dd311db69beec1f24c889ada135fe6,黄华路,黄华路,1,1,1
f152f6772fa7be3968071fa03e92c6cc,北较场路,北较场路,1,1,1
8bf6dc14dd3d56713a7b7a34beb544dd,北较场横路,北较场横路,1,1,1
d6de82cc13e45916bb9e768312e8d3cb,建设横马路,建设横马路,1,1,1
c9f6f33a47ee31dccccb4adec1f47782,广雅路,广雅路,1,1,1
0d60281e0ea36865cbc595fe8a9532b3,西村,西村#1,1,1,1
cd5591e8a4a6b034333d39b408957fd5,花地湾地铁站,花地湾地铁,1,1,1
ea2abe29815600fad53a08205c8dd5fb,白鹤沙路,白鹤沙路,1,1,1
dbaade49ac638e43a8cb8f82a382b371,白鹤沙总站,白鹤沙总,1,1,1
c7b7aa551efddcf20db2956b92ba75fb,逸景西路（珠江国际纺织城）总站,逸景西路总,1,1,1
be85c3322659e8fc6d23a80c3df15347,逸景路,逸景路,1,1,1
fa8fb8c35946c76d5207d4fdb4cc93bb,奥体南路口,奥体南路口,1,1,1
84aff04611e751501a8f7254e63e3146,黄村训练基地,黄村训练基地,1,1,1
ad27f2896b8541cdf15443fd1d8ead05,广东体育职业学院,广东体育职业学院,1,1,1
bb25831e05f37c5cd990d0d008fa28fd,悦景路西,悦景路西,1,1,1
a85f3922e496cd7dbd12248a7da3ab29,悦景路中,悦景路中,1,1,1
eaf05277d8e38748ee96c841c004b0f2,科珠路口,科珠路口,1,1,1
ca87c60f0023d518e21bb16c6666725e,科林路中,科林路中,1,1,1
d9e97c53edb007f86d530347c571dd25,广东体育职业学院,广东体育职业学院,1,1,1
f5563ac2d5fc92a0d95cf0ab0e07d2bc,凌塘村总站,凌塘村总,1,1,1
d0946954fb2aa9953504e0366a14adc0,地铁天河智慧城站,地铁天河智慧城,1,1,1
42e6a3b1797039e56d236f3d42bfeac9,新岑四路,新岑四路,1,1,1
e02c9cf73a7a4f945cb3ee3505961753,华观路中,华观路中,1,1,1
1243ad4df792dd58a5ec8a78334ccd03,天顺路（思蕴路口）,天顺路(思蕴路口),1,1,1
42582a1906e6e8f2eb99b1e8b35847b8,天顺路,天顺路,1,1,1
bec217df1dab897bf8f2c6e626d23a20,思成路北,思成路北,1,1,1
74859013ef005bf853091ea1785e573e,广汕二路,广汕二路,1,1,1
0cca458465e0501eaea6ce2972dc443c,高塘石东,高塘石东,1,1,1
f8f8e4e53a0cba5640f3056fb402379b,省电校,省电校,1,1,1
0d4318f0941aff37cc3b8c4a182374b8,广汕一路东,广汕一路东,1,1,1
4fe16ac1276d812ac90faeefcae7b9c9,元新街,元新街,1,1,1
4851018e694aa27d9b6fb65286b151cb,凤凰中学,凤凰中学,1,1,1
6181daefa694baab1a251128a81489b6,柯木塱大坪街,柯木塱大坪街,1,1,1
ef320669ef50a56b352c902a0e1c4efe,柯木塱西路,柯木塱西路,1,1,1
b88b48bb44e1e54d941fef4ce8acebc3,沙东新村,沙东新村,1,1,1
1e5a926a52a5ef76408b46f49436c68e,凤凰公司,凤凰公司,1,1,1
0c002c28c9f814157946c2af762fc2ff,渔中路,渔中路,1,1,1
8e2b95a3db0c7f4ef9bf439b7622b06e,榄元村,榄元村,1,1,1
3b9291a6f540014a0523e49378b6fc5a,黄屋村,黄屋村#1,1,1,1
9cecea72f26c4ade24d6105a3d00c7b2,水口村,水口村#1,1,1,1
c78ed32bfa05f8bf7b12916b409059e5,菠萝山,菠萝山,1,1,1
867d867963617285e310125858663fc6,渔中路口,渔中路口,1,1,1
5e731630ee191974caf845c0f567bfa4,渔兴路,渔兴路,1,1,1
1e15005e1474b7fc5ef1b0c6482e1782,渔兴路口,渔兴路口,1,1,1
da742b63bc9051c0c4ebb0fd05b94d26,龙洞北路东,龙洞北路东,1,1,1
0c3f85f02bed9f15ee8cfd14e3d12201,高普路北,高普路北,1,1,1
fe4da0a3af0ffb4cd7fa20a4e84d53cb,高普路高科路口,高普路高科路口,1,1,1
b4fbcb3a94205f0c621746619eb769e1,高普路中,高普路中,1,1,1
71b6fcaee77a1f29d6217f120a42385c,光宝路,光宝路,1,1,1
f85f3e7c69e6c257ab92fa7a4d4630a8,光宝路口,光宝路口,1,1,1
13f6fc30517209b273b9fd1d8d799583,光谱西路（省食品药品学校）,光谱西路,1,1,1
a31bfb7a84643975344b527640e194f4,光谱西路中,光谱西路中,1,1,1
ea249679fadfa4cd741b55d859992533,广汕一路（林机街）总站,广汕一路总站(林机街),1,1,1
9216398ab48e81608db1118edd358e0c,黄村立交南,黄村立交南,1,1,1
96723367753abff6b60bea312fd8c374,珠村路,珠村路,1,1,1
28ac44ab52caa972bf679f0c0f62f314,莲溪路口,莲溪路口,1,1,1
ff145fc38c84c32287f072d65a844cd4,车陂南②,车陂南,1,1,1
f0ea958b7efc8f436f60900d47c2fe79,合景路东,合景路东,1,1,1
71d278fa510510238e7443153012a9e3,合景路,合景路,1,1,1
183a8f5c4d67c00675a1486c960cf967,沐陂村,沐陂村,1,1,1
221d9a5f15c95af2cc3df680f99bef36,沐陂村口,沐陂村口,1,1,1
501f00b0446ebfbd643c659a25734253,沐陂南路口,沐陂南路口,1,1,1
d281756de62df4bef8e283cd73495b74,车陂北路,车陂北路,1,1,1
d0c9b4c3c3ddfbe46196c50f2e59810b,沐陂路,沐陂路,1,1,1
5c431ef77a27a2a8538825d02f4518d3,地铁棠东站,地铁棠东,1,1,1
3b305bbbbebac4cad3526a3bb05637fd,科韵路总站,科韵路总,1,1,1
f2823edc50cf3a136acf16e7e8251810,科学城路口②,科学城路口,1,1,1
ce003123185694fff895b5538afb4809,龙洞东路中,龙洞东路中,1,1,1
fa8573f7f42fa6d9477a9dccf5989a5e,龙洞东路,龙洞东路(天源路口),1,1,1
adf6ffcceb2f64d6284d703f5be43169,柯木塱南路北,柯木塱南路北,1,1,1
696c1a4b96e0cf525aaa1c6d339b3ff7,柯木塱南路（国家农科中心）,柯木塱南路,1,1,1
4ffba2b3679ef343cf0ef3a7d5851714,柯木塱南路南,柯木塱南路南,1,1,1
4a3eb48b906774923f090f78a0b95531,高唐路中,高唐路中,1,1,1
c60bed52a6ead554433056f6e65ec4ff,龙洞东路（天源路口）,龙洞东路(天源路口),1,1,1
b1086103198b68a7cb607c43afe0d5b2,黄村路口,黄村路口,1,1,1
76e98a64b98fd7fa470624d71348454a,大观中路（新塘大街）②,大观中路(新塘大街),1,1,1
78552d895bf09f4843e72473c60517e5,华美路（广汕路口）,华美路(广汕路口),1,1,1
52bfe4172d3060b2b31ed57d52803c42,华美学校,华美学校,1,1,1
61e3ec165fb2ce0a99ebc661cd8ec322,欧岗村（省交通运输技师学院）,欧岗村,1,1,1
6bfee2b03b2d5a13fa0826d34c81f146,楼阁村,楼阁村,1,1,1
a130a31a815d1df3414a3883e744eddf,渔东路,渔东路,1,1,1
0f3e76f84ad851b431dd5e4871f74a41,梅园路总站,梅园路总,1,1,1
bcbd9fbeedc0420106edeafcd2f4b8b7,梅园路西,梅园路西,1,1,1
4b15e8f7e9d6722d7207ff697caea08c,梅园路中,梅园路中,1,1,1
12139667a44569e3079e4a6888416f0a,梅园路东,梅园路东,1,1,1
ad3d8ee38a8084148dae513a46b4fcfa,地铁梅花园站,地铁梅花园,1,1,1
3a942449d20e10ac38810482f07f6e09,怡新路,怡新路,1,1,1
3ecda878a0cb1332a5e3b3927f198582,怡新路口,怡新路口,1,1,1
48b230afe2be75bc2720db5acb502e33,元岗横路中,元岗横路中,1,1,1
c2c193a53d6cea61e5e0da937b6bd690,元岗横路东,元岗横路东,1,1,1
9ebc9e9e8bb729df717dc445a0c103f5,元岗横路中,元岗横路中,1,1,1
5803856ec15e6a9f8822a9c72eb6e79f,珠江新城总站,珠江新城总,1,1,1
761ef948a674bff9f9707186a77638da,花城大道（地铁潭村站）,花城大道(华穗路口)#2,1,1,1
94c17de7e6d03623db16d93f0c4dd642,骏逸苑,骏逸苑,1,1,1
6ad6b764340bb0317262ebe432e5a144,跑马地花园,跑马地花园,1,1,1
c23a8be74c95ed054d597b14e0131246,花城大道（平云路口）,花城大道(平云路口),1,1,1
0026d266b49ec11f20809d547a8d51e8,海安路,海安路,1,1,1
84add17e647499234f3aa689a3e40fad,石牌村牌坊,石牌村牌坊,1,1,1
9295f1ab01c2999c8cddc0b1120c3db0,海安路西,海安路西,1,1,1
2cda9caa96240a49c2de0510d83cd4f1,华成路口,华成路口,1,1,1
7af76f41d83e132dafe2283b6dab6b9b,市政务服务中心,市政务服务中心#1,1,1,1
d4e5109584b3335890d1fe00d1f433af,广州大剧院西门,广州大剧院西门,1,1,1
a11b49f0731c30f9bf5916bc1f2e4a49,华夏路北,华夏路北,1,1,1
281dbf4095cb9ac76bf4363b85bfa336,金穗路①,金穗路,1,1,1
747f160e4a8123663bf89baba5491a57,一德西,一德西,1,1,1
d5b4112149e9db94c99fce958f053759,一德中,一德中,1,1,1
fec93e4d9e48e76b498ab478ae14ff02,一德东,一德东,1,1,1
1cd511bbcbc8e5f438e8302cc1a526a6,白云路总站④,白云路总,1,1,1
420c3ad3c229fe99b40c4698bd97bf0b,天健创意园总站,天健创意园总,1,1,1
02f80a2af2ab2677b2fd65c727d78741,天健创意园②,天健创意园,1,1,1
3216873a9f41fc6e14ea90825443737e,天健装饰材料城,天健装饰材料城,1,1,1
aba3f02c0cfb044a8c2e02c83ac9dd07,白云路总站①,白云路总,1,1,1
ba1e2706abf35243d3f3223ebcc9e05e,天健创意园,天健创意园,1,1,1
ab55e0535814c39b05059c45e293ad87,燕岭大厦,燕岭大厦,1,1,1
69338f2b49cb4ff679050da40ef2b279,金燕生活区,金燕生活区,1,1,1
ad692e44df620147d6dd24fdb9c4c09b,粤垦路瑞心苑,粤垦路瑞心苑,1,1,1
4928dca3d21084abdfea07103423a9af,农垦总局,农垦总局,1,1,1
9779ce79ef33eea65fe8cd865fce467b,春晖苑,春晖苑,1,1,1
59dee80e11db01c5271db7f663117f43,科韵立交西,科韵立交西,1,1,1
39d03a0e6485d98eb5c12d4fb0f84a6b,车陂公交场①,车陂公交场,1,1,1
fc11f1100cd1d48455dd30312fd09f4f,棠安路（棠德西路口）①,棠安路(棠德西路口),1,1,1
f8ac86164248db6f99c6636a8187163b,同和榕树头,同和榕树头,1,1,1
96db9a90d54544ca487f82b2befd1d62,斯文井,斯文井,1,1,1
80e94921e41ada82638f80c55e4ff973,南湖乐园,南湖乐园,1,1,1
e8e8dba64b19ec7d62c8004f568bf911,南湖半山,南湖半山,1,1,1
0dce32289e736c57931c843e961a6294,老庄,老庄,1,1,1
c18dfac6d182a81f11aaec18ddb3525f,林科所,林科所,1,1,1
155c957a21ad948a255313ad33876462,黄庄,黄庄,1,1,1
0d33bd6b1770ff9429f8fead26773eb5,沙太货运站,沙太货运站(临时站),1,1,1
1c0f9eff46f8ea1c87ffb7342a59c104,丰泰小区路口,丰泰小区路口,1,1,1
fb60c4fd9d5dd9248df0f9b611b7c63b,太和路口,太和路口,1,1,1
dfd173cc76d84205a2a3dd59bc7119e2,建业北路西,建业北路西,1,1,1
8950546e89fc8b6af89ef51312bbf999,沙亭南路,沙亭南路,1,1,1
8831e315de9894fc5a03a9cd5193acbe,太和（沙亭岗村）总站,太和总站(沙亭岗村),1,1,1
57d239a03a2f440c68b3ad54dc1bbf9d,太和路口①,太和路口,1,1,1
bdf3f8b22540c782f488167c0e4eff55,太和文化广场①,太和文化广场,1,1,1
1f012bf34209b6fa9c9b2e26420002ca,伍仙桥2,伍仙桥,1,1,1
6765401ce32f77b38a4af349107fa18e,揽月路西,揽月路西,1,1,1
003935f87cfeb54665dc0c6c65ad90e1,神舟路（绿地智慧广场）,神舟路,1,1,1
543bef9e97685891d05fb4b4a173b2eb,大观中路（新塘大街）①,大观中路(新塘大街),1,1,1
5825535323168eb4cd01fa308581ba62,广东体育职业学院②,广东体育职业学院,1,1,1
842713c189531da66fe75fdc3b36920e,奥体路,奥体路,1,1,1
bf7cfa748b1ed2e0ec8dc637c6a308bc,车陂西路（广氮大道口）,车陂西路(广氮大道口),1,1,1
c82abaebca1313e39b802963bfde0419,望岗大道,望岗大道,1,1,1
49f97ff4d0d08911edfb8da5567dbdac,七星岗路口,七星岗路口,1,1,1
ae30a845d990e256b2ec09e089bfdde5,新科工业区,新科工业区,1,1,1
41cd44ce6a0207752b0a5ff48a7d4c02,科甲水,科甲水,1,1,1
cbb9e6a1deb877d262e2a38bb6ec61b4,新科,新科,1,1,1
ab07b60c1fe033276d89d72df5dae10a,均禾大道中,均禾大道中,1,1,1
07bca852f6253f2e0d3b2189b722c0f3,大布路口,大布路口,1,1,1
36456e3e5e3f4980b23cdeb6ed977dd9,石马村口,石马村口,1,1,1
7abe5ea462bffff627234b88bb986303,桃源,桃源,1,1,1
5c57adcdad6df97ef70c1ac62498e6c5,江村大桥南,江村大桥南,1,1,1
7c027dd52c869c5242a9f9beca024b74,江村大桥北,江村大桥北,1,1,1
8975d5a184b0b0001a807cd1eb0bc341,江人路,江人路,1,1,1
fafdd6b981d9cedcc784ea0f12fc4b42,大松岗,大松岗,1,1,1
b6c2cf938810c397c7215c0d4a0af172,江村墟,江村墟,1,1,1
0331d714d3f2308e53b36b8ac9e261f8,高塘市场,高塘市场,1,1,1
31ccd4176863c53f93f3dff81cc5f5b5,凤翔中路,凤翔中路,1,1,1
cbdc2353b871b4bca791696500c37fa9,江高南岗村总站,江高南岗村总,1,1,1
5a0be46ec6a038426c495be5f5feedcb,南贤路口,南贤路口,1,1,1
f0a14ea0369ddf0e1bc7be5aac1e6f40,市交校②,市交校,1,1,1
3fcdeec74f0e3f89ccdb1fb933aefcda,和瑞路总站,和瑞路总,1,1,1
0ef26867618e58805c3f4544597a8883,和瑞路西,和瑞路西,1,1,1
643dbe14b471bf1755b0466c126d30cb,和瑞路口,和瑞路口,1,1,1
2610959e7d4b306005c0ef845c3e417c,太成村,太成村,1,1,1
50c604b397b96077a8e6d1bb8fdb8655,凤和庄,凤和庄,1,1,1
59b12de44392201c705d016a46dd46f1,人和华侨医院,人和华侨医院,1,1,1
0ebafb8bdfd2b3f7b0c0e3f23aae0dbf,人和车站,人和车,1,1,1
ccdeee0cbe9ffbe76761e40bb9f67e45,鹤亭,鹤亭,1,1,1
39d336a90c164722027cb8b948152e5a,秀水塘,秀水塘,1,1,1
ecdf0337431d97b4f586f6321d3a8b8f,白米布,白米布,1,1,1
146359bb7ededf33645720b194950df6,蒲鱼庄,蒲鱼庄,1,1,1
ae875af3b6c58bab112e613944081e18,柏塘,柏塘,1,1,1
a3bd981f4adc9e10b38ec1c341feab72,北村,北村#1,1,1,1
275ed4b25ec46520f0713f91b79ab842,南方村,南方村,1,1,1
3c6c732c08f1f0c9be2f6f21546e2ddd,竹仔园,竹仔园,1,1,1
9a14c3710cb23bf1d97f4f870626b6bc,长红,长红,1,1,1
2e2f422fa86b5cb35dd1ac4a15f2570a,嘉禾长湴,嘉禾长湴,1,1,1
dc72fdac4cd106232ff03089ac1fe4bd,棠乐路,棠乐路,1,1,1
404946b3076c117caa43743de3ef2863,广保大道北,广保大道北,1,1,1
c7ed69df00c9cf709774310bd89942de,广保大道南（黄埔海关）,广保大道南,1,1,1
426b15d207526c19ed38d6e4a582196d,保税区南门,保税区南门,1,1,1
d723a87fe1e92677a1a06660950b6dcf,创业路口,创业路口,1,1,1
06aa752cd41f56c4677f2f0135b08ef4,夏港②,夏港,1,1,1
566c223c74a67632796e14f506cc1ea3,宁埔大道西（明珞公司）,宁埔大道西,1,1,1
acefd19262e8fc6a8c7bc7abe4af382a,宁埔大道（陈家林路口）,宁埔大道(陈家林路口),1,1,1
e400bc95456630a065883068d318c6f1,宁埔大道（创学路口）,宁埔大道(创学路口),1,1,1
65bb45db693a58e1fdf9148c8649f2fd,增城应元高中,增城应元高中,1,1,1
f9d2aa67c9f335be74a2eabab2aa0f0c,云顶,云顶,1,1,1
036186d7c1ca66b9fd7a30e565cfe8f8,宁埔大道北,宁埔大道北,1,1,1
3d933bf316d42c644996ad34157ee63c,永顺大道东（新元路口）,永顺大道东(新元路口),1,1,1
7a65ba458f668d57033137f382b85173,永顺大道东（摇田河大街）,永顺大道东(摇田河大街),1,1,1
82929db701cf4c759829d7d82b1f76f1,新业路,新业路,1,1,1
4b9d9fa938bd666ffdc32a89b8793aeb,新业路中（娃哈哈）,新业路中,1,1,1
a88f52388c8c4223db8d2e0bb71e5067,夏港,夏港,1,1,1
420406178731f621b529a8488ec3b494,站前横路口①,站前横路口,1,1,1
f899f47ca0186b7e50d21e8fcbe5276e,西站,西,1,1,1
7c931652ec68d4458de3806a68e6a761,白云路总站②,白云路总,1,1,1
500ca561f18f3c136f8f55c9cac4311b,棠下（三元里大道）③,棠下(三元里大道),1,1,1
ed85df2e6b4d7822b0548e237b871cd1,三元里2,三元里,1,1,1
b3afe21a3115832e97e341f6180dc4bd,万博中心总站,万博中心总,1,1,1
423e0c7e31c0a0e20c022563fed12b0f,石溪总站,石溪总,1,1,1
b8e8175a258360ebaa7a69a98061492e,白云文化广场总站,白云文化广场总,1,1,1
7ffbc567b421b14b96ee60d09c7a6664,广花一路（夏花一路口）②,广花一路(夏花一路口),1,1,1
53537d09c4f1e98aa5a43d94de43711a,平沙,平沙,1,1,1
8eb6e29ab3693136937e2741b2b49a04,石马南,石马南,1,1,1
83ed07d2636b2f24335bea4ae8d94958,南方医院江高院区,南方医院江高院区,1,1,1
ea244445ffeedc1d3f6c3bd5c346e979,夏花三路,夏花三路,1,1,1
1243b7601f7d0c9408f323c8940aaa53,泉溪,泉溪,1,1,1
f3b4e2405bad71bc706e269b3e0a1258,塘贝,塘贝,1,1,1
6b08dae6dc763e9183e0a7ae2beafd69,水沥,水沥,1,1,1
85438eeb2f3d74ce02c131a2f40acd61,双岗村,双岗村,1,1,1
6cf03d961d5dc1236172edf5e576f98d,郭塘路口,郭塘路口,1,1,1
a42b00a4b7fdf85674f5da8ac6b6a640,郭塘,郭塘#1,1,1,1
75989b61c321ae7e9072a9eeccafa65f,大岭路口,大岭路口,1,1,1
6e62ce69eaf807dff04fbbd39e598441,大朗总站,大朗总,1,1,1
04fc50458656f951a15c05db174e8bb4,大朗火车站,大朗火车,1,1,1
f647e6ca1a49d3c61ec948effc5e36f9,大朗村,大朗村,1,1,1
09e67758b8f2b2adf1bab25282d254d9,大朗中学,大朗中学,1,1,1
aadf75113c4917a5b832c963229b5dd7,陆祖庙,陆祖庙,1,1,1
27a7d1d9a40f0a42fd395f00a8c2f001,大朗中路,大朗中路,1,1,1
35624ed14c1031d7a705148145f6a5e8,夏花一路,夏花一路,1,1,1
64052818f688cd5de570c073d1b0ca15,广花一路（夏花一路口）①,广花一路(夏花一路口),1,1,1
b5a497241d3ee12a283d49ba733195eb,大朗中路口,大朗中路口,1,1,1
11e9470a4b507d1b03bb39dc358fc23c,大朗北路口,大朗北路口,1,1,1
fd1aa7aaade11af359a71652a8aeb379,平沙路口,平沙路口,1,1,1
057b5c207f09b0b8bede4e1744950e14,石马,石马,1,1,1
fe95a8e05bc78ca66f13c0002cb783d5,小石马,小石马,1,1,1
e572905e51a1f90ca6dc50dbabed8322,夏花二路,夏花二路,1,1,1
f918f9ac9dcbcc09127b202ae1560dca,市汽技校,市汽技校,1,1,1
9e70b9f75a77b2daa457a62c628362e7,旧江村桥头,旧江村桥头,1,1,1
6dc158621c799dd6bc94124042064133,白云学院,白云学院,1,1,1
0e658e1233de7aaa65eb5251c0f72a70,上步村（地铁上步站）①,上步村,1,1,1
d2bac94bf5dab4ab77d851e88e4f0279,沙尾水闸,沙尾水闸,1,1,1
7e6dae573c915dbcf0a32fab46330bdb,海中高得,海中高得,1,1,1
595d2af00682fcee4cdfad83228906cb,沙尾桥底,沙尾桥底,1,1,1
5258a81be4cc55eee09c1f92801111a1,茶滘路,茶滘路,1,1,1
7387d78141a57e66d0b02252a0ee1998,葵蓬西滘村,葵蓬西滘村,1,1,1
b03e56d8f1d11e2fd5fda1ba2b00dfe2,嵘都花园（西门）,嵘都花园(西门),1,1,1
db6424ac6ec4125ee71a748f8fe8664e,芳村葵蓬（嵘都花园）总站,芳村葵蓬总,1,1,1
7de1df1376236114ef5ee7468bf67ff8,广州白云站西广场,广州白云站西广场,1,1,1
09f2ef05b4b1e09c91e3f8975dacb5df,地铁石潭站,地铁石潭,1,1,1
5026571e200a9d8433503522fbd1bd59,同康路东,同康路东,1,1,1
04cbdc598146c6fc7dac9df46d6d3d81,同康路,同康路#1,1,1,1
bc37234dcb501b0c296d3c15d2b5c8a8,长红村（长湴街口）总站,长红村总站(长湴街口),1,1,1
93a463497c0e6029c99a9ec7f0050c14,地铁飞翔公园站总站,地铁飞翔公园站总,1,1,1
a205b910bc552a2e809dfc8aa821f09a,永泰新村口,永泰新村口,1,1,1
725e558981532151c0f257740d4e349c,永泰广场,永泰广场,1,1,1
e01ac6c6815bfe42b4326d399fd1aa41,广从一路（荟贤路口）,广从一路(荟贤路口),1,1,1
72fa1f84862ef7d20280c71fba8900ec,广从路（均禾大道口）,广从路(均禾大道口),1,1,1
85bce6cd0485255e0a7461ae8491443c,地铁白云东平站,地铁白云东平,1,1,1
037a998e457c9a528bb3f9f2f4735c5c,东平路口（白云区心理医院）,东平路口,1,1,1
9664be226f525ce353e95fe354b5183c,龙归路口,龙归路口,1,1,1
37de3df596978fddcb8bb335ea3a7aee,永兴村口②,永兴村口,1,1,1
a8fcd31d34aa3761c671ddda3054e7a1,广从路（夏良村口）,广从路(夏良村口),1,1,1
504556f796884881addd80e1157485a5,石湖村口,石湖村口,1,1,1
b506a56b61f2a368a3e58edd38316b7d,营溪村,营溪村,1,1,1
d06f058aeba7cc841272cbb0698238b0,太营路（广从三路口）,太营路(广从三路口),1,1,1
4448d0f1f3c3a41704effb9207a3f00d,太营路,太营路,1,1,1
30c8ee20557e4b9a877164f236c08309,永兴村口,永兴村口,1,1,1
f66f9afe829e3386de0aa79239c1772f,南漖（立白科技园）总站,南漖(立白科技园)总,1,1,1
16045092689a196c34e751265ca90cfc,西华路尾,西华路尾,1,1,1
840accd060a799a023fb8df4fcc57bf4,石岗路口,石岗路口,1,1,1
1103606a65b7b6e46fb9ee2f05916f6c,石岗路,石岗路,1,1,1
93faa694e25f676a1a7f2bd2147ae4f0,上下九步行街,上下九步行街,1,1,1
d010d145c02122fdbd297e5736e6fa9c,文昌南路,文昌南路,1,1,1
ebadf7b477ab3b4a11da8addb38a77f7,文昌北路,文昌北路,1,1,1
d7308de4886641a05f86dc3f49e7fea3,凤湖一路西,凤湖一路西,1,1,1
51c25a29c17c91e7c5f45f7c467ccc40,凤湖一路,凤湖一路,1,1,1
c173f5236a92c8f251438057cbd1fe37,黄沙大道（广医口腔医院）①,黄沙大道,1,1,1
f2784e34880c4390b479688840c31c89,同德围（金德苑）总站,同德围总#3,1,1,1
580ae3c3bd732e7971ca66884854a69e,横滘1,横滘,1,1,1
ae3c06eb1d0432b055a5db2c926170ff,地铁江夏站,地铁江夏,1,1,1
8629ace59613ccdb1fda050a0c84d735,华师附中新世界学校,华师附中新世界学校,1,1,1
c1a278e12e7d35756d60d7954c0f0b06,百顺南路,百顺南路,1,1,1
5dafa392ed43974966af76b0e0ade505,集贤苑教师新村,集贤苑教师新村,1,1,1
c913a018b27b01ab2ed47e8232cf20e1,集贤苑路口,集贤苑路口,1,1,1
839a050767d3590c749883199d628fa0,永泰集贤路总站,永泰集贤路总,1,1,1
bddab738a843e5896b18aa2fa42915f2,嘉禾望岗公交枢纽站,嘉禾望岗公交枢纽,1,1,1
04fcba9535c8a6b77e9a8e69ef5ff727,员村西街中,员村西街中,1,1,1
5581b827dad368a729e0cad08ff88ce2,旭日雅苑,旭日雅苑,1,1,1
148093bb4dd7c620cd2e30be7e0582b6,员村西街,员村西街,1,1,1
0262c5c4b15673a2dc3f8fa6cc8f3cf9,冼村①,冼村,1,1,1
4f815e442e4c2bf22e3a82cad02c4b7d,二棉厂（旭日雅苑）,二棉厂,1,1,1
dcf6387f49b4d97abf25e889b2c2cac6,员村（怡景花园）,员村#2,1,1,1
249852cd4e73259b7f52272e76be0810,汇景新城东总站,汇景新城东总,1,1,1
0cb6dd47f5963bfcbc52fe4f671fdf49,市儿童公园总站①,市儿童公园总,1,1,1
1a38c0cef8a706adf060c21c0db872ee,金信路口,金信路口,1,1,1
187d0ba7ca090831da70cf2a5ead669c,南洲花园总站①,南洲花园总,1,1,1
7140b1bcd51833fed32ca9e9a728cdcc,陵园西路,陵园西路,1,1,1
9bc9a1a16921eae0aa6e97d96c65f6f3,坑口地铁站总站,坑口地铁站总,1,1,1
c2c54aa7202cdebac4e04c3af90f0d90,新市云霄楼,新市云霄楼,1,1,1
37226ee0797fcfe10a23919fab727023,庆丰纺织一路,庆丰纺织一路,1,1,1
c5b0dbb3630b075f8183be41955f47e0,石井文化广场（石丰路）②,石井文化广场(石丰路),1,1,1
31a42ea7bce088938b453534879213f3,桥东小区总站,桥东小区总,1,1,1
7c1ad828bbb3e306b906b4e114c89b6d,龙怡路,龙怡路,1,1,1
a345f55669da54e31f9110106bb1190f,穗园小区,穗园小区,1,1,1
f7ae09232af34779a268b5a6d96b8b8a,天润路口,天润路口,1,1,1
67604882f020658770c285a0915a4621,一五七医院（地铁京溪南方医院站）①,一五七医院,1,1,1
2b8ce8c65dc6850c8f16c3a361fd2a61,广州大道北（南湖山庄）总站,广州大道北总,1,1,1
66729b61c38ab263aeaa3e2c32461a42,科技服务中心,科技服务中心,1,1,1
ae33f42414d05c2b17609f1628383a8f,863中心,863中心,1,1,1
45c59502393736081359cd6d0f329ef7,白云货运站,白云货运,1,1,1
cb2dd77d563fd01f40d0498da27e0596,太营路口,太营路口,1,1,1
040018e659569e6cdf05c3d695e33813,地铁车陂南站,地铁车陂南,1,1,1
89eb851f3228a9cc0470238fb9555714,地铁长湴站,地铁长湴,1,1,1
534e985dcd9a0f75f44dea4e2d6405f2,云埔四路,云埔四路,1,1,1
228c788ba84e463bc47d214d75892356,沙步大道,沙步大道,1,1,1
312c4e36fac28ba32485e0795d60954f,穗港码头总站,穗港码头总,1,1,1
97a1dbb071760fcb3cf39420a350c12c,员工大厦,员工大厦,1,1,1
6618423bb1c938b7d4203a89dd74d23c,明珠路（宝石路口）,明珠路(宝石路口),1,1,1
3944e7a341af3733a541e3de9814ef24,创业路西,创业路西#1,1,1,1
864080f3c6f7007a98718688ff95f0e4,笔村总站,笔村总,1,1,1
de6decc0199b8c25638dd5cccc7ab422,沿河路（奕佳公寓）总站,沿河路总,1,1,1
904a367e47f446dbcbaac441b43bf45a,春园路,春园路,1,1,1
7d05e9bf928e821c719cd1d2b367a206,东晖路（夏园农民公寓）,东晖路(夏园农民公寓),1,1,1
80b51a22ab111ff2ca069ef7a36f33a1,大丰街（西区第一体育中心）,大丰街,1,1,1
ae02f423f544f1b204ef6a0637eb9c21,光塔路总站,光塔路总,1,1,1
8acbd7c53a52df5a2a06fc032d7f9576,朝天路,朝天路,1,1,1
788cd677994e93f65545c9fb53abc331,海珠北路,海珠北路,1,1,1
2a58ee4c3af48261fee1c8f4deead648,岗丰村,岗丰村,1,1,1
62eb997d27ba5230cdd5c276d18ee4d7,长岗小学,长岗小学,1,1,1
df0f6e437461c425b11d831662800581,长岗村委,长岗村委,1,1,1
d89649b118a0dd75d7286880c99951eb,华兴综合市场,华兴综合市场,1,1,1
675d888d5e63125accf5fcaf18c05a1c,永和派出所,永和派出所,1,1,1
b9c71c40ad97b32675736cb4d1caed03,开发区总站（新港码头）,开发区总,1,1,1
4e536fcb6cb1ab51e0d280c2fa2d9fe5,沙村,沙村,1,1,1
6fb9487258c8668e62b627d1a49db9b6,凤凰城路口,凤凰城路口,1,1,1
fa81dd8734b997e055a6aebd77f65d1c,太平洋工业区,太平洋工业区,1,1,1
3ecaebbca8a4a3c2c43eebb0371adc81,新康花园北门,新康花园北门,1,1,1
75e9d00da004aedb9a64bc0a69e524a4,新塘大道,新塘大道,1,1,1
9f0c699e3002ce4383d47bec861e5a02,悦兴综合市场,悦兴综合市场,1,1,1
e2658371f615abb450f9a44c60216b18,沙村地铁站,沙村地铁,1,1,1
58a665495d92e5aefae150fe5b8aa3c3,新塘三中,新塘三中,1,1,1
e70b8dc75ad693cf245e2f6a74c27b6e,悦顺装饰材料城,悦顺装饰材料城,1,1,1
8544a1356a3075109e27cab4c18c5309,新康花园,新康花园,1,1,1
50e9598ceff2ffecffb522b6d81a2702,华馨苑,华馨苑,1,1,1
ded6714e6e913b194667954a48a3ebe4,水电二局医院,水电二局医院,1,1,1
ffa027e4844fa0b2e5b6511d7018b745,群星花园,群星花园,1,1,1
f6d9ab3edf52efd49653874733c3d4ae,广虎站,广虎,1,1,1
825791bb70f00a933dadc193df4c2f62,新塘广场,新塘广场,1,1,1
b1fe77b7ad4854d5f4e7fee81b90e300,高地街,高地街,1,1,1
8109fd965f40b32884783cb9c65a5cd7,新塘公园,新塘公园,1,1,1
6acbf40f9db93efed41401a11df90c80,东华村,东华村#1,1,1,1
794db073582a40591b962850c27e482c,铁塔路,铁塔路,1,1,1
8d5289d317af6f4b39b8aab27827383b,东江首府东,东江首府东,1,1,1
7e5f39146dfb4059ddb4785fae3dc61e,新塘（保利东江首府）总站,新塘总#3,1,1,1
2a9aa0ca33de3358734a691df7db38d2,湖山国际公交总站,湖山国际公交总,1,1,1
54e82bab6c662d0441af1e6086800285,陈家林,陈家林,1,1,1
e35fc1fb9e7509df5407a13f4867a393,夏港①,夏港,1,1,1
dddd0cff9b2bae8cf016662c608ef421,开发区管委会,开发区管委会#1,1,1,1
7354f0fa3a0845ce7579a6806b2c8938,赵溪路,赵溪路,1,1,1
e85cd7550fd585d699c0298633c13c00,开发区路口2,开发区路口,1,1,1
23719df1cfb332f887a6ecd42e12fde8,苗圃,苗圃,1,1,1
9efdee86a3da9495e130604afdd7be73,行云街,行云街,1,1,1
e3b24a19fd3e79d86f24c3f3c6008a0d,岑村,岑村,1,1,1
dc2b498a9b166e894f10c4ea57b9604c,华观路,华观路,1,1,1
58907b8e4a810dff054946e94d7f2203,高唐路,高唐路,1,1,1
5411bcc9ce260eabcd974c42d6968309,软件路西,软件路西,1,1,1
ea0a3e9b1529997e224fd3f9b27b3153,海珠客运站总站,海珠客运站总,1,1,1
95044c8c3dff261f7915dfc7ef9d2c8b,员村西街西,员村西街西,1,1,1
69780412a649ff3432c6f7dae407bf87,上涌果树公园,上涌果树公园,1,1,1
43a96856de96023fe175fed297ff3d93,新滘西路（瑞宝村）,新滘西路(瑞宝村),1,1,1
b27becb8681a8e99be50bea18ebc6dd4,唐阁村总站,唐阁村总,1,1,1
ea96c669bc10536611d98c50d7f5c7ac,广医一院（靖海路）总站,广医一院总站(靖海路),1,1,1
01e5c6948851c438d500a3eff9c97334,诗书路,诗书路,1,1,1
f866d8862ec90e820d0b1b212bd1105a,光塔路,光塔路,1,1,1
c43e86a561c10b852456d3fbc26c36aa,黄边南路 / 黄边南路站,黄边南路,1,2,1
29188276438f73d37387c49ff4b667a4,乐得花园,乐得花园,1,1,1
4300584327f06d7c75af16c03e276b1a,黄边南（市二矿）,黄边南(市二矿),1,1,1
6939ddf3eb7c5f52c447186a57c46a1d,海珠中路,海珠中路,1,1,1
fa7fcabf655f8267d7e5248c84cc8da4,海珠南路,海珠南路,1,1,1
e2be38952cc3521420fb59b512e7818e,石槎路总站（金碧新城）,石槎路总,1,1,1
3a68e2558de81f80210971ad74ecda30,石槎路（地铁聚龙站）①,石槎路(地铁聚龙站),1,1,1
edd948180fc4b96ca28de79cba2b8a91,横枝岗（广医肿瘤医院）,横枝岗#2,1,1,1
1eb6366cd90518806d9925c4e2e4b9f3,横枝岗路北（广州棋院）,横枝岗路北,1,1,1
435d03047ebdc413a9dd5f23a24ec529,石槎路（地铁小坪站）,石槎路总,1,1,1
c7a407b82697a74644ee5e63001902d9,东沙工业园总站,东沙工业园总,1,1,1
726c54bf4edd5a937610e859abb76f46,东西路,东西路,1,1,1
c106eccca14d602f667c92786081273d,玉兰路南,玉兰路南,1,1,1
4d996036bc9f818f210075fb0899d4eb,玉兰路中,玉兰路中,1,1,1
523f02e3bf84194251d1eec1a06a2b1c,南漖村,南漖村,1,1,1
0a8c2406de102fe8b845b1189ab0901e,玉兰路（喜乐路口）,玉兰路(喜乐路口),1,1,1
18e4d5dbfee72c35ec529bbe3d9ca95a,芳村②,芳村,1,1,1
e3a4f23a8a2665ad29032e4af3e6e1f6,解放南路（沿江路口）,解放南路(沿江路口),1,1,1
24f40d338c870ce7d21d00adf050c050,乌溪村,乌溪村,1,1,1
2968fd4c6698ea0db331d5b30b524519,竹料路口,竹料路口,1,1,1
35010b47e7eafb469919bcbbdccc2198,安平村,安平村,1,1,1
a587580f1e60fffb4d46ba5546efadd6,安平路口,安平路口,1,1,1
a80f5670db15fd33fdd55243148d408a,广从七路,广从七路,1,1,1
c6de95d5df8d0fe0888e1f7ca96f4f10,五龙岗路口,五龙岗路口,1,1,1
8be0dc473f2d5cbad55900c690279307,地铁钟落潭站,地铁钟落潭,1,1,1
01f7330ef64afae086ccd9740002496f,钟落潭路口,钟落潭路口,1,1,1
a6dda92e483d20f3975ce0fcc445fb31,长腰岭永安街口,长腰岭永安街口,1,1,1
58509aa3fa9ee619dd40b50a49947984,长腰岭,长腰岭,1,1,1
96b6d368614592d20027c71cbd448a8a,长腰岭（白云裘皮交易中心）,长腰岭(白云裘皮交易中心),1,1,1
1e6a5e9a43bfc490dfefba8a14e1fdf5,钟落潭高校园②,钟落潭高校园,1,1,1
0a5b7ca38842bb5c8f8c4e22b874dc63,广东机电职业技术学院北门,广东机电职业技术学院北门,1,1,1
034f43bc6b45879e34e569b4cd88dca2,地铁马沥站,地铁马沥,1,1,1
850ebc03fde21fc0dd935ce2b2e9482d,广东工贸职业技术学院,广东工贸职业技术学院,1,1,1
2e2890a90c7d9344c44e7209324b4329,湴湖（广州科技学院）,湴湖,1,1,1
6240d875d787c5471715ff7f589fc1eb,登塘村口,登塘村口,1,1,1
9f66b7263ee3a26a0380a45208dc31e9,广东白云学院（钟落潭校区）,广东白云学院(钟落潭校区),1,1,1
56c0b5efbf57bb3ae0ce13b1afaccb88,青年农场,青年农场,1,1,1
5fb00d053aa51fe3cf7fe3ad01b2ea4d,富田岗,富田岗,1,1,1
bc23120fbddec9e5c29953601b68f971,九龙大道（穗北社区）,九龙大道,1,1,1
f0ecc8fc654c842166b9b800644fbfa7,新南村,新南村,1,1,1
1a9ec4fa11e83f9a6ae1ce04f5a98829,九佛政和路口,九佛政和路口,1,1,1
317368c2566d059875dc42489e7a70ac,南岭村总站,南岭村总,1,1,1
a71fcf84a93ec1f112f60e01698a617b,南岭村委,南岭村委,1,1,1
30bd87d50554d5ad310124ff11196c3b,南岭桥头南街口,南岭桥头南街口,1,1,1
3f181acc7df5c645b50c2f51f771f525,黄榜岭,黄榜岭,1,1,1
875f9b5e4922ccd525aa4ae37ff433d5,新联村东,新联村东,1,1,1
f7d027a31925a7e539a3985b45d58373,新联村,新联村#1,1,1,1
f1052143e415844b92de1cfc39fa04dc,新联村西,新联村西,1,1,1
4de0ad30d8d75f3f2cfd1cb82bc58f02,蚌湖公园,蚌湖公园,1,1,1
51f89f3fd8121c041813729e6d4206d1,蚌湖市场,蚌湖市场,1,1,1
08e0ca198372818d4e7dc988b4c3b1a0,建南村,建南村,1,1,1
89b4770d5284750ec1d68c2caafb1a1e,庙仔庄,庙仔庄,1,1,1
b6028b6fded08b5bd4927471cbb5b854,白象岭,白象岭,1,1,1
0be505a1b201694618c650fa0b509010,江人路（广花路口）,江人路(广花路口),1,1,1
69afc38f3b63279c59b47284b59cbcfe,环镇东路,环镇东路,1,1,1
cef494726405c47bc9b16db6fe62178a,大田村（北帝古庙）总站,大田村总,1,1,1
0bfe4c26d9c0935981932a0695b825c6,大田小学,大田小学,1,1,1
cabb13d4c090b93b0c2080abfb0b7f32,大田商业步行街,大田商业步行街,1,1,1
aea199d61e0a94dcfbd066dff5b41871,学苑路,学苑路,1,1,1
7f27646eabb7de0e9cf859e099bac357,江同路口,江同路口,1,1,1
f59e91960ef35eabf652025a6d62bcd1,江同东路,江同东路,1,1,1
1caade88f3844c94fc68c65bca8aa274,新镇庄,新镇庄,1,1,1
e82b935574294e3721ac7035729144e0,塘贝村,塘贝村,1,1,1
d21b3989761e61a27428a4cf3ce0bf1a,水沥村,水沥村,1,1,1
5ec64abbf1d83baebe46ec4ccd53b173,双岗村口,双岗村口,1,1,1
fe2d328052756951dc104be7c8509763,江高新楼村,江高新楼村总,1,1,1
4e9484ba6c434cfcf3543fb84f40ea3e,广东青年职业学院总站,广东青年职业学院总,1,1,1
785e9add9a4c31427eb7c07ffec71ff1,现龙街,现龙街,1,1,1
5cc82f474f3f30c4b140d917d6d37d8f,障岗村,障岗村,1,1,1
718a92992e6cbc3afaa246a2ae2863ea,五龙岗,五龙岗,1,1,1
582ffc4766ba66088e082b9681f830c6,广陈路,广陈路,1,1,1
c6c508de2b99dbd34104c665c57aee83,良沙一路（良城中路口）,良沙一路(良城中路口),1,1,1
5ec841f3e8c5808ca0ec2ad39a3d3bac,良沙一路,良沙一路,1,1,1
a9a848a5eba7fc021db5eb194e534832,良田环村西路,良田环村西路,1,1,1
04e5caa4b9067921f2986697f6c0350a,良田南路,良田南路,1,1,1
60974d371b9a54d620822c2843459c35,良园一路口,良园一路口,1,1,1
b5f1dd8234e6948ade7ca5a6729db786,良园一路,良园一路,1,1,1
7be742f9153ce23eb97ada7ded4e1205,天城庄路东,天城庄路东,1,1,1
4a7bb150bb5e5d4fb12874d23f9ff801,良田保税路总站,良田保税路总,1,1,1
3eca08b5761cd84c79c6555f70b3b2b0,云城东路（云城南二路口）,云城东路(云城南二路口),1,1,1
6f80cc72228570d45b7137a1ce7f73d0,瑶华街口,瑶华街口,1,1,1
cce89f3f0b36eab4a04f2d66ce4c55aa,走马岗路,走马岗路,1,1,1
95cbc02ed4206c6d378b1ff8cf3a2ddb,梓元岗路西,梓元岗路西,1,1,1
4f5407e07fa9d85d43e934ac46e7f09c,岗头大街,岗头大街,1,1,1
6f9ca2b4bfd19bf57dc13aa3d444241d,云城西路（机场路口）,云城西路(机场路口),1,1,1
0ad5d58f9553e9a2d22d5ac6f278912b,云城南四路,云城南四路,1,1,1
9643bb441b937b965e25a417a706a124,云港路,云港路,1,1,1
1d0b192d21949b0a3b149d938045f53f,航云北街,航云北街,1,1,1
89b32b4973ac72aa51e073c21f952927,南云东街,南云东街,1,1,1
668fd7dc6182b3293e9285764dda300f,棠安路,棠安路,1,1,1
aca835d937ce73fd800dcb387cfbf488,保利紫云,保利紫云,1,1,1
495cadcfc72ea09d74679696ca05f141,棠安路,棠安路,1,1,1
22c906ae337256b0e8ad4af27251ab90,水边街（三元里大道口）,水边街(三元里大道口),1,1,1
66bd6427b172c7be5c7c9a5aaa393869,时代花园,时代花园,1,1,1
123d049f63745c756334ae879f8a28a8,松云街口,松云街口,1,1,1
078682692b4964b23fc7e00b391f22d0,嘉禾长湴街总站,嘉禾长湴街总,1,1,1
0b3dcfe4d5f162e6dfce3ca86e6b8a52,宋屋街,宋屋街,1,1,1
23c4006a2dd0286ea08d49a917b6ced4,双和工业区二路,双和工业区二路,1,1,1
2743988560ca4146a5ebda53c173a0ad,双和东街,双和东街,1,1,1
a56cecfa7c5f58804bc19df1254be9a0,双和大马路中,双和大马路中,1,1,1
51dde50e5c9f52e28ee7d9daff6713f9,南岭工业区五横路口,南岭工业区五横路口,1,1,1
c9c46d380bab738fc84174491f0c9459,双和大马路西,双和大马路西,1,1,1
804f140ad2b4b49cb30d1d0b363e0429,长湴北街,长湴北街,1,1,1
a16a78e3d2248c01b83a7d066dfab798,长湴街,长湴街,1,1,1
92addf08fd62c19f4437b2219b04a897,均禾上村,均禾上村,1,1,1
002d337b6b6c797cac3ea5b389663e8c,武警广州指挥学院正门,武警广州指挥学院正门,1,1,1
81d29a5e6de13c0a513370436725f699,广东警官学院,广东警官学院,1,1,1
e73947f4e597b2f95c06240351222fce,文盛庄,文盛庄,1,1,1
2593adddbfbe56af8dcbf2ca12191c3e,文盛庄路,文盛庄路,1,1,1
2eeb0f3df0ed9cc8a92bcac69a76204e,黄草埔,黄草埔,1,1,1
3aaa37a3419966cb71e6ed7ca460bbd5,东平南路,东平南路,1,1,1
e298afd1785a58ff3cfd77fe541a0457,荟贤路北,荟贤路北,1,1,1
c9894eb149e518a20574dd1afac72df1,地铁嘉禾望岗站,地铁嘉禾望岗,1,1,1
fcbae557c4a2f904ce377675b7338974,双和三路,双和三路,1,1,1
8db51302dea312c91907d0211a2f5f17,地铁白云大道北站,地铁白云大道北,1,1,1
536d85620007ab0c06fea7b0d0e22cb3,尖彭路东,尖彭路东,1,1,1
fdc945bcb0c0006de0cde59803848786,省交警指挥中心,省交警指挥中心,1,1,1
89380d865c644e30fb829b74cc5759c2,彭边村西,彭边村西,1,1,1
826d0968ed98f61a1f1afb1e83693f54,尖彭路口,尖彭路口,1,1,1
e2f3939751773448eafc773649a3ae28,金穗路（马场路口）总站,金穗路总站(马场路口),1,1,1
ddccc884240501d7cf289f5884923b52,集贤庄,集贤庄,1,1,1
a6e44c224b2cec5d84a61c4f4623ac86,新厅街,新厅街,1,1,1
ae877484c8402212cde488ce71bff81d,江北路总站,江北路总,1,1,1
2edc615290a596536fbfff98428664b5,龙溪大道西（裕海路口）,龙溪大道西(裕海路口),1,1,1
f9d7987fe21eb50ba7461c28cd9b5b96,地铁龙溪站,地铁龙溪,1,1,1
b3b9179ccc8e3782592e3d4cdd9abc5c,凤西二路,凤西二路,1,1,1
075f2ce4c864729795d0586de58b6010,南边村,南边村,1,1,1
4d10ea879a961668b6c4fb6667fc4c03,龙溪村委总站,龙溪村委总,1,1,1
8d2eadd2dffd015076a64b0f438423f1,五丫口大桥东,五丫口大桥东,1,1,1
f2f79db4ef3bce22537ea266ff2451d5,海龙路口,海龙路口,1,1,1
7b0b138d55a9e58fbf13f70f319991fa,永泰集贤路,永泰集贤路,1,1,1
d033611eea6a4448dc5c2ea4c175094a,集安街,集安街,1,1,1
6171139a4a5312a3b3e89562242c62ca,新顺路北,新顺路北,1,1,1
b51aea3b50d1175659b7ea12e006cbf4,天河北公交总站,天河北公交总,1,1,1
1f78f67fcc464258ffb57325ffa2c81d,越华路②,越华路,1,1,1
7c8b5ae24690247b4cb72772eb9da4f6,广州北站 / 广州北站（站前路）,广州北站(秀全大道),1,2,1
1bb983a488cc09f51b5409a5036c345e,马房三街,马房三街,1,1,1
74316060d42e1963ded9a9b7a2972020,五华直街,五华直街,1,1,1
b870300754062614ea611340a0a8bb07,东华庄,东华庄,1,1,1
ade84c0fb20117c11ebef12bab023c18,新世纪广场东,新世纪广场东,1,1,1
944d4753ff20581e6448f27ee18dd438,丽美酒店,丽美酒店,1,1,1
db434c5f07bba93b055972b898518a4f,新湖大厦,新湖大厦,1,1,1
e25c620558edb6b1cffbfcab1b69cb65,花城南路,花城南路,1,1,1
ffb68816e5324c8f6c78dac56b5315cb,三向村,三向村,1,1,1
5b1a947fb794873821b09f2f6e73409e,花都美居中心,花都美居中心,1,1,1
712ed2b35041973d683e79e0014e7eaa,岑境村,岑境村,1,1,1
21625f5fa712134f0def3ae338aa57c9,广花五路中,广花五路中,1,1,1
cf23119bc810902095c7c43acf40e065,广花五路路口,广花五路路口,1,1,1
3f0499d1ec8de7f41135a73432523819,金城大厦,金城大厦,1,1,1
a4c9b1674b01e20b6c41892a095bc627,布心村,布心村,1,1,1
9c3107b7722e72d77faf80f431d4a85e,新街小学,新街小学,1,1,1
d0e7a8c0bc8ebdafae7e79bd3991a605,望亭路口,望亭路口,1,1,1
3d60bf373460092d258c552aa52226a0,望岗村,望岗村,1,1,1
f75db64a710d7ddd964ae29a0be3486e,天马河公馆,天马河公馆,1,1,1
c1bc7d05194a3f0fa56ec0400dcf1752,万科天景花园,万科天景花园,1,1,1
b4514c756a124096ecc9ff7a6c510ee5,荔红南路,荔红南路,1,1,1
3e955a90c76c052889b06ca70740f68c,天马河,天马河,1,1,1
9d9712f310cd31c326917999b7900234,滘心村口,滘心村口,1,1,1
35099d5cc6cca333daab50ab5403ca48,滘心工业区,滘心工业区,1,1,1
8c59a1e4ffde460a63ecdd5944db3abc,地铁亭岗站,地铁亭岗,1,1,1
421889b477562231ed1919cd40373d88,朝阳路口,朝阳路口,1,1,1
699194afea68bbfe6861a18b76d1193f,红星桥,红星桥,1,1,1
5bcf65f3ce847e4ee688edcd0d17fb97,广州白云站东广场总站,广州白云站东广场总,1,1,1
37652cdccba1d4a7bcfcec264f5aad98,毕村,毕村,1,1,1
1841555586131aa1bba6ed3054bd2066,东山广场总站①,东山广场总,1,1,1
e3bea7b494646104569d7c08976a0c22,江人路口,江人路口,1,1,1
8cfb89831e41826be53641fb68e612c6,古楼村,古楼村,1,1,1
92909f11691a59b74296a48a3fd629a1,雅源南路,雅源南路,1,1,1
800f74ede7bba1b0d02c5aee7cebdf52,雅神路口,雅神路口,1,1,1
faced63e4ba64d265a9bc272712cc927,新雅街道办,新雅街道办,1,1,1
8ef808e781ec85b35b26129785d08604,雅瑶医院,雅瑶医院,1,1,1
b12a17d4174b77e93b35782d12af2c12,雅瑶市场,雅瑶市场,1,1,1
1a5f44df53ab404b2112b1a257b37c47,新华街道办,新华街道办,1,1,1
8d887e492478a4ad763346442e98ff4e,建设南路,建设南路,1,1,1
888fe062f0607b9f992e376531baa01f,新华市场,新华市场,1,1,1
9f4fc6ff3f79777d1420d3986326697a,白鳝塘,白鳝塘,1,1,1
3a5a47add33e7903143b7ce2be582fc9,合和新城,合和新城,1,1,1
76ecd8d1b455486007c15ea972394f78,中恒商业广场,中恒商业广场,1,1,1
ab576093c2d54f7964efcb8b830a79e5,云峰花园,云峰花园,1,1,1
816dd09b549ef0c151a6e3afd45bc90e,国光厂,国光厂,1,1,1
4c6f0ea3ee869f64685457d3eadff41a,国光厂宿舍,国光厂宿舍,1,1,1
6c8f4f29819c67533a6f47d0d1b83ad8,中山大学孙逸仙纪念医院（花都院区）,中山大学孙逸仙纪念医院(花都院区),1,1,1
031ef9c6cd05b212098ca2b3233872bf,永利路口,永利路口(临时站),1,1,1
0b3671a8328d94848e2439095f6f4195,石塘六队,石塘六队,1,1,1
6a5e3f1c56edfae3fe3af3885c825ffc,财富工业园,财富工业园,1,1,1
ea4e78acaf69b98b2a9fed65c91975a2,邦一工业园,邦一工业园,1,1,1
051184d979720f9d71fcb75477adb4ff,石塘卫生站,石塘卫生,1,1,1
529f5b3dbca8a4fbe517fd20f71d6ff7,石塘水泥厂,石塘水泥厂,1,1,1
04058bfab86bff37054996d8eb956560,中心社,中心社,1,1,1
a53784584f3b47cc52e0f32cb2984ca4,东镜市场,东镜市场,1,1,1
50a90cb1bd2044c3aefcfe05035ce4fa,清布,清布,1,1,1
c6af5365c7a444fd2bb601109e2b596d,方华路口,方华路口,1,1,1
63f6f366b305081c1c54dbe69ea3e978,东华村,东华村#2,1,1,1
be4bfcdc49cf14b715c4dac034406efc,人和华成路口,人和华成路口,1,1,1
c6cb301c1b68c2e1379c7a99321c10ea,广州空港博览中心,广州空港博览中心,1,1,1
bcd9c0e196d37aef8cc006cf05c31e26,广州国际物流中心,广州国际物流中心,1,1,1
96719dd66b42b683cf17e07df21fe60d,飞粤大道南,飞粤大道南,1,1,1
e06d86171f4ac7ef4c8b1c95b4470ba3,花东市场,花东市场,1,1,1
344cdcaf03f2f3ae3370b939898ced17,花东派出所,花东派出所,1,1,1
e0c552914e8a53c1bc5be9ba91671029,七星路口（花东）,七星路口#1,1,1,1
f63600c65429a92fcc09f9e199239ade,永光村,永光村,1,1,1
e87fcaa8ebc01bbb9b78d8a68fdd8362,金田工业区,金田工业区,1,1,1
16a5fee0d46dec6fa9e990441f1e3dc8,大塘中学,大塘中学,1,1,1
99b308c7ddc018b24c61aa91483dbfed,金谷南路,金谷南路,1,1,1
5d3aee3db675103c31612c35162d898b,维翔公司,维翔公司,1,1,1
16c87ef76b4671e53596002e25cc4f10,好丽友,好丽友,1,1,1
c05fe8dac7a53636fc752529853aa09d,机械城,机械城,1,1,1
ae7f3c3d947a1e922359ea0ea6e6b15c,先科一路,先科一路,1,1,1
335e20a43cc28a1471d49b4a10dcd372,鸿利光电,鸿利光电,1,1,1
f6514a3b255d76b74ba49ffb21881329,富力金港城总站,富力金港城总,1,1,1
21be4118bd1e4f5538ac37a57f776173,推广汽车总站,推广汽车总,1,1,1
a79fa98f43cdc0f5a4d3f08fa1472042,花都北兴总站,花都北兴总,1,1,1
71ff863a800062fbcd84d4b13833d3b7,北兴卫生院,北兴卫生院,1,1,1
7c1e378754d370a3ccfc0c5f623d35ef,中兴市场,中兴市场,1,1,1
1c2ba6efa84dd854e54be2b7a2a44c1b,莘田工业区,莘田工业区,1,1,1
39179496cf04c6b693fdbacf44feaff3,莘田村委,莘田村委,1,1,1
e30af4650ffcd4359541144dddce04b9,莘田小学,莘田小学,1,1,1
f6beb24338ebdc9d1cbafd3322b9209b,三联路口,三联路口#1,1,1,1
ed20555faa9ebf4a70ab2d53d1d56cc0,水秀一路总站,水秀一路总,1,1,1
74e779b1949e7e21da2540159921521a,水秀一路西,水秀一路西,1,1,1
4b67d869b674f21823e784bee2a17bc0,水秀一路（花涧四街）,水秀一路(花涧四街),1,1,1
ecad79e2a53f0e02fb4a63baa51832e5,水秀一路中,水秀一路中,1,1,1
0cf319c91283e3314c34e4ff9b16f107,太成,太成,1,1,1
44204ab388ff39f90494124c2d7d1d34,人和二中,人和二中,1,1,1
ec90463f2c2ece1d9cf86586b53a3278,横沥北街口,横沥北街口,1,1,1
0eb4b362f9db25bae16def9661765bfa,横沥中街口,横沥中街口,1,1,1
ca6068654eafa9e3a696651d93193259,横沥南环街口,横沥南环街口,1,1,1
6cfe3cb38a7da466fe11faacf274105d,岗尾,岗尾,1,1,1
d01b702e9555d2d0ec509acf2dbce8d0,太岗路中,太岗路中,1,1,1
d86feeef02d413988ce47e3050c0f4db,太岗路西,太岗路西,1,1,1
82b251969be0f37c80b8b7ab1c8aaa40,长岗,长岗#1,1,1,1
4ab47cfac9094190beacff4d80285c5e,江高长兴路口,江高长兴路口,1,1,1
0f610411f2d389a74df817fd4527e72a,新楼村,新楼村,1,1,1
246363f27e73217aed9396ddb3452510,双岗向南庄,双岗向南庄,1,1,1
04b9a6bab50e8be928afa8b735d2e739,松园里,松园里,1,1,1
9bccb2773d2891bcef0f4eca9851e643,人爱医院,人爱医院(龙珠路),1,1,1
678a0f2089221bdc0e21b503fe9b5cf1,邝维煜中学,邝维煜中学,1,1,1
8f153897c26b02d2b55213144baf08c5,杨屋,杨屋,1,1,1
871cc268d061889f7a9b780e4a8e281f,三东大道西,三东大道西,1,1,1
54737cfa6c6f560216dbba8ad48a282f,雅居乐锦城花园,雅居乐锦城花园,1,1,1
b7232ad8ea60dadbf71ba5193734a91f,学府路,学府路,1,1,1
0ec5d8e9061a301ae2b42304f24e3997,广州城市理工学院总站,广州城市理工学院,1,1,1
6b426f2d1cec20350b2068367592ba91,广东培正学院总站,广东培正学院总,1,1,1
0c8f1b0d4516f68c54098095c9fc16cd,剑岭村委,剑岭村委,1,1,1
73cd9fa99e24e7c3669f2c625561aa5a,四角围,四角围,1,1,1
ceb51e6c3cb860eb89546463744bceb2,风神花园,风神花园,1,1,1
37c4673820e7978640ff8a41d570d1ff,风神厂,风神厂,1,1,1
cd784cd6876d0b607e5dc71c583b3c09,广东行政职业学院,广东行政职业学院,1,1,1
238490c1d6a19579bd6b752d2fc96a05,棠澍小学,棠澍小学,1,1,1
4a7504187c55fd5eea26f29a34036e18,云山路中,云山路中,1,1,1
bf1c1a335bbb74461a4d8e99761d8884,凤翔北路,凤翔北路,1,1,1
3a3ab5ef10ba10cd400d78e78a445221,江高（夏荷路）总站,江高总站(夏荷路),1,1,1
406eda84d77bb1338ce9b3b7a9c5091c,毕村桥,毕村桥,1,1,1
0161cb8303fb402c2acb6106a785f836,北兴 / 北兴1,北兴,1,2,1
0a28fd0c0932cb9ed670f40baad84e8c,北兴供电所,北兴供电所,1,1,1
7357ecb73f515ee8f7da3544a5cffd90,镇东村,镇东村,1,1,1
e78e9cfb04d6b799061f2e366a290dc7,杨三村,杨三村,1,1,1
4c59bf952bdc063afdd2916f00b0cb24,杨二村,杨二村,1,1,1
64ef7c50a836e4eab7724bfed8a148de,杨一村,杨一村,1,1,1
aec1c19021a1e4cec9392c48eba9df3f,杨一村东,杨一村东,1,1,1
8f1168a7e6a9ff25ba8f8237c91493e6,杨荷桥东,杨荷桥东,1,1,1
a21cac2a8451ee1a9b449a0b88996f38,太平中学,太平中学,1,1,1
3c4fa3e3b95c323d37d947bc39bd09e2,钟落潭高校园,钟落潭高校园,1,1,1
05237854829cff5d1c1a0cbfd5b29a50,广龙路（广从公路口）,广龙路(广从公路口),1,1,1
9e4138929cd79724b34675b0b885a697,清布中学,清布中学,1,1,1
2e30e1e9d1b56ff071c05a811696af72,莲塘南,莲塘南,1,1,1
44c20154705606b444375560f81c309f,润龙里,润龙里,1,1,1
cdc389b694774e47bbdc6ed9b7a9cb89,田美新村,田美新村,1,1,1
09b515b9a6432bf675c3ac4558769a0a,马鞍山公园西门,马鞍山公园西门,1,1,1
2fff60a1b12f415ab3c32aaba0d29427,龙珠路东,龙珠路东,1,1,1
63aa2a314f550fe22c5a133c3538e1e3,云山中学（龙珠路）,云山中学(龙珠路),1,1,1
0974c48ab003e21564e682a6e53a4d19,田美村,田美村#1,1,1,1
d9084b4c19434fde662ef7012d269c03,花都广场（地铁A出口）,花都广场(地铁A出口),1,1,1
a546b4e14db2ad4d5b4dd036f7afbf17,中医院,中医院#2,1,1,1
50a56692baeff44ed17cc3f3854870e9,圆玄小学,圆玄小学,1,1,1
d095c64fe6552e678d84a45bbec2ea02,大华市场,大华市场,1,1,1
8ff216e0e3492c28ed50539008c1b7a9,车辆厂技校,车辆厂技校,1,1,1
f43e923f8870cf268b1f3bee5146c7b0,杨屋路口,杨屋路口,1,1,1
6e16f7bf9dfcf58113ee7f1d78379a30,杨屋中心市场,杨屋中心市场,1,1,1
685916a1e844f95686d139b5ddb5c911,明华综合市场,明华综合市场,1,1,1
cf67ff08c5aa9bf4265ac9b8100b45f3,溢盈广场,溢盈广场,1,1,1
143f57a787085b54ffd0771f300bb6b9,海布,海布,1,1,1
3612b9608e730201f3de254cc529b24d,狮岭大道中,狮岭大道中,1,1,1
ff63fad0b2bbb47ffe34ddb24bb3902c,南航路口,南航路口,1,1,1
c54160ea16373fd32f18942b8fa13a7b,合成,合成,1,1,1
70dad21a5f710ae3438f8122b3ed3f8a,狮岭大道西,狮岭大道西,1,1,1
835b54af1c58771fc1c6af281d25e3e8,田心路口,田心路口#2,1,1,1
bcd8de499eb3bae55ad6633dcb202e80,田心路,田心路,1,1,1
3676211711c7f9f851f48db1a87d34fc,广州城电狮岭充电站总站,广州城电狮岭充电站总,1,1,1
a1ced8a18cc01cd7716f7deaa8b962b3,太子广场,太子广场,1,1,1
1ea9910b1a52925f9f214917f39168b5,中医院,中医院#2,1,1,1
79cb206b3ecd1e05c14a239bd775f0f5,河联村,河联村,1,1,1
afe44837004e5d637a591bb1ca7d1fc0,保良村,保良村,1,1,1
cade3af21bbe24c271d0160da2728910,华侨农场,华侨农场,1,1,1
67afd9304ed85964c6ddbd6f830348ff,花侨市场,花侨市场,1,1,1
abe50e6e052837d3f6d8e8b558b417bb,星智少儿成长服务中心,星智少儿成长服务中心,1,1,1
eeea6c770cf2ddeb6613c4d74fc73478,龙苑山庄,龙苑山庄,1,1,1
8cc5fdd13992f070b2e1dd50ef39d9e4,龙岗大桥南,龙岗大桥南,1,1,1
29910144de2128e277aab67ef687e046,车公庄,车公庄,1,1,1
1e952da533a7f6a10b56c33479e73dfc,龙岗风柜口,龙岗风柜口,1,1,1
fff4de513ac931865b7dcb28f7484f6d,龙岗大岭东,龙岗大岭东,1,1,1
96319c2043a782c47efa9bf231d25771,龙岗村路口,龙岗村路口,1,1,1
3c677c51d75f73fa768f212a82587d53,龙岗村牌坊,龙岗村牌坊,1,1,1
d7e1569d592e0c60613d3eed2d07dfc3,钟落潭市场,钟落潭市场,1,1,1
31e33cf0f55b2b118e00807f58a5ba58,福龙路口,福龙路口,1,1,1
57901a729550c36d45917fd66e68402c,同德围（阳光花园）总站,同德围总#1,1,1,1
b21e3af49f002f825ab8f9e45bfed41b,崇文四路北,崇文四路北,1,1,1
d9e1d6e9026c95c7d317d24939782faf,神山医院,神山医院,1,1,1
2bfe4d18695369a2dd89bdd1f2f7901a,两潭路,两潭路,1,1,1
88ba88f73f2b8ec3d51924d6ee2b0c7d,两上村口,两上村口,1,1,1
7faf7b5247551e4e92e5ca0c08d4c866,两上村委,两上村委,1,1,1
776eaa88cb972d394220cbec0c2c4604,两下村委,两下村委,1,1,1
ee70756f63504a92ccabf5ba27d7c83b,两下村南,两下村南,1,1,1
7f387f887145a23b22d7e17e7ca3ac90,杨山村,杨山村,1,1,1
29cd5f6505eeb37fed3fadbe45e96cbc,杨山村委,杨山村委,1,1,1
dbd8e2158e255bee3bf6266c2d421ea2,九潭村,九潭村,1,1,1
fc854a0d9538ba3b949300dee7a69949,江府路西,江府路西,1,1,1
2b309477092f0fa70caf0b59501e7a7d,江高镇人民政府,江高镇人民政府,1,1,1
5e983ea7c46b6b40382817dfda9a64c4,江府路东,江府路东,1,1,1
26ba8df2c5ba057a68dcaecc2dc3e1c1,郭塘村口,郭塘村口,1,1,1
397c122a8af3990e19d89c976a92638a,郭塘小学,郭塘小学,1,1,1
2d86529412dda736e350c10c2e11c9d2,郭石路中,郭石路中,1,1,1
39efa4fd7043effd84573d119731b1b9,郭塘村,郭塘村,1,1,1
45d883a6fe28f4ddb2d13a1ac813d971,郭塘村尾,郭塘村尾,1,1,1
c073f323a13685ad85ac6855ea48bf03,郭石路口,郭石路口,1,1,1
1a5c296fbbc688836898f4b1209007dc,石南路（神山）,石南路#1,1,1,1
76eeb26237cbfcd976103891f8ff05c8,石南路口（神山）,石南路口,1,1,1
0786e4e22f14b1058811e73e4c2ef3d3,鹤岗村,鹤岗村,1,1,1
9d922cf8971d56f1bb30e0270fb82ee7,石西路口,石西路口,1,1,1
1ddc0cf0d07c8504f5fe6ff726e24738,蓼江上梁,蓼江上梁,1,1,1
c2c71c608eee898b601c87df5e4aec65,蓼江村小学,蓼江村小学,1,1,1
b88e69827122552bf94f6169e8b8007a,蓼江村,蓼江村,1,1,1
a0f00fbf9971a749fa332f6cac9f3412,大龙头村,大龙头村,1,1,1
6ebd5f2cf002e85adc66a9efddd0d00c,叶边市场,叶边市场,1,1,1
f1f64183914a8ee4540ee5043e24ac8a,叶边村,叶边村,1,1,1
894046d01be8a47f18d8daa7e59c0c25,小塘北路,小塘北路,1,1,1
c7e672cf5011d9fbbbda282f3a04c78d,大龙头村西,大龙头村西,1,1,1
beb355bb24080d0e9f672183478d2fe0,鹤亭西路口,鹤亭西路口,1,1,1
2c8dc170f3345ad4b9cf4f598dfe876f,人和第六小学,人和第六小学,1,1,1
3b463c1c16cc434d1cd0aa542c3c36c1,鹤前东路,鹤前东路,1,1,1
298a5fbaa2cf680424f5be4c13515611,茅草庄,茅草庄,1,1,1
f0208ff7030013b22dcd1c05e791f429,草庄东路口,草庄东路口,1,1,1
c6145202eb9e14031ca44ff5630386b9,草庄村,草庄村,1,1,1
32fdd0696e8f4d0de1c785505f8e91dd,龙塘幼儿园,龙塘幼儿园,1,1,1
a72c77eae05efa8d9f9ec849976a441c,龙塘进龙街,龙塘进龙街,1,1,1
b8df3e6617ba33e7c320689636eeb28c,龙塘中街,龙塘中街,1,1,1
d0ebf9e331b566aca2e10ac0f472c381,龙塘中街口,龙塘中街口,1,1,1
f9f765ca35d5737f78892240891708ff,东成庄,东成庄,1,1,1
83d83dbdb8f9882ad89f2d74a6608003,小罗村,小罗村,1,1,1
3870963731fb02fac19d43ef096fae07,龙虎路东,龙虎路东,1,1,1
68b10519ecd945b864caaf90f8d45999,白云社会福利服务中心,白云社会福利服务中心,1,1,1
8e871d1bab03bcd4ed18a325bc7b4e7b,良沙路,良沙路,1,1,1
0158c145d0f8c60710a64204deb147e2,白沙环村路,白沙环村路,1,1,1
85aa3f653326473fffc9c807a74ef809,黎家塘村口,黎家塘村口,1,1,1
3437aba5fea40548a62763d6a55d6ee8,黎家塘社岭街口,黎家塘社岭街口,1,1,1
40f5d459bfb3909e086e87af65e425ad,黎家塘成德街口,黎家塘成德街口,1,1,1
1bfd0c2667afdf3e809db2ce2b146db3,长沙埗长荔街口,长沙埗长荔街口,1,1,1
6990f92f38015a75fa47cef9798fe467,长沙卫生站,长沙卫生,1,1,1
c45db149b79cf2406ef2a67223509d75,长沙埔村委,长沙埔村委,1,1,1
367b892d1fda18fea326cd9039976228,长钟路南,长钟路南,1,1,1
250db965a252312992ab3b0a12f54ba6,沙田村总站,沙田村总,1,1,1
f4b967535811b0f86ea3eb1463d89c34,柠檬长廊,柠檬长廊,1,1,1
f4ae2cb8cb0ffc19392f29a1f2d6e93c,华坑村,华坑村,1,1,1
ae70f098885b62d6efe1b53f09100c8a,高田村口,高田村口,1,1,1
b700ec184a59a6baca45e89e4a6494b7,良田一小,良田一小,1,1,1
3c11c381627a848a9ffa625031b128a6,坑边路,坑边路,1,1,1
a5f4b860cef0bf875e12f8182fc0e437,茅岗工业区,茅岗工业区,1,1,1
1b95902ebf5b122a1d2189b187a60608,钟落潭茅岗村,钟落潭茅岗村,1,1,1
92117b68336c2cc2481f583a5a5377a7,白土村,白土村,1,1,1
d168210c66227f3f9c880c1223c2a59c,穗凌公司,穗凌公司,1,1,1
0a691c00d971383e1b3285101d2795a1,钟落潭（钟升东路）,钟落潭(钟升东路),1,1,1
2ab1d29cadf2bfe0473c64a4b5f765ec,平安路,平安路,1,1,1
ba80d5c0295f840f4ddc8ca40a901e77,钟落潭公交总站,钟落潭公交总,1,1,1
d72e0f5220cc88307a8c5af686e4ccc8,大纲领村总站,大纲领村总,1,1,1
bd8ffa92aee21a22917a2613df217528,红旗路口,红旗路口,1,1,1
1c6cd26e636ff38192b13c9d17794a61,竹料税所,竹料税所,1,1,1
34509d4bab81a4ff75ca58b51e54a216,竹一村,竹一村,1,1,1
61844f564dcc3a4618725261187070b5,博罗村,博罗村,1,1,1
137ac88060c72ae63d9a73cbf8b88d8e,龙博路,龙博路,1,1,1
55eb19617bf616de693c44f45f6a3f33,龙岗村,龙岗村,1,1,1
2981d9413d48677837beb1b00313bdfc,龙岗小学,龙岗小学#1,1,1,1
7944ec6b39989184f921c19e1b472c52,龙岗村口,龙岗村口,1,1,1
e7e89a93ed8877b42020a5be37fb2d85,地铁龙归站总站,地铁龙归站总,1,1,1
2552c371f9aa017a9b47ba42c044f757,北太路西,北太路西,1,1,1
e6adedae6ab752f8f8228fa084b2a2b4,北太路（创新路口）,北太路(创新路口),1,1,1
3a6f0007d01f8153eecf0ab18fe15b2a,云正大道,云正大道,1,1,1
fd60636271538768e455491d384f8a31,北太路柏塘村口,北太路柏塘村口,1,1,1
a44de80167cfe9754a5b362bc400480f,北太路中,北太路中,1,1,1
bd5cf8fe40e30d719d1eb919918d38da,民营科技园门口,民营科技园门口,1,1,1
8748f4715f33dee0ad584feee1d40f2c,北太路东,北太路东,1,1,1
53f247a899999451c13b737e86caa11c,沙亭岗村口,沙亭岗村口,1,1,1
2e577ee12adc441ebd834a45a520e369,沙亭北路,沙亭北路,1,1,1
971509d20ed09f48ee7eab2aa86295de,沙亭村委,沙亭村委,1,1,1
26d5889a50d2f11540188b871247acfd,沙亭西路,沙亭西路,1,1,1
14f82d0081c5d6a4b7321d7c25cabd91,沙亭苏庄,沙亭苏庄,1,1,1
7eef828df71f80c7871858bd35a4dbac,金盆永福路口,金盆永福路口,1,1,1
16299dd2e0e65d006f92f186d8c63c21,金盆钱岗庄,金盆钱岗庄,1,1,1
25898fae118ed6974070fb05aa997654,金埔路口,金埔路口,1,1,1
79d2dcfdf90ab66466f4b0f595f982da,金盆村委,金盆村委,1,1,1
bc86b85af339ce0356e9c4232b6f095e,金盆中路,金盆中路,1,1,1
274e57a8e8e55c2241af3272f037e704,金盆北路,金盆北路,1,1,1
c44797987e148da49263b5874e7fc376,士官训练学校,士官训练学校,1,1,1
2ce0e6f99ec2b51d29222ba811b85ad3,金盆村骑马场,金盆村骑马场,1,1,1
b834cc11801d0c1a37af2273243a5bbe,金盆北路口,金盆北路口,1,1,1
957000577e52c4d79b42f939cbbb81a4,金盆骑马街口,金盆骑马街口,1,1,1
4dbc531b35f4873db6d5d04a6eee958d,良田大道,良田大道,1,1,1
a0b38633a483502d4744454ef2768bdb,良田村委总站,良田村委总,1,1,1
92d03e3e8c0541eed9396e4003838975,南悦花苑总站,南悦花苑总,1,1,1
c87568c743870900db057ce1524d1e0a,红旗中心路中,红旗中心路中,1,1,1
4a85070d3c3eaad1fc7c1cab6cfbb768,钟联路（赤米塘）,钟联路(赤米塘),1,1,1
e4e5f24a20d231415cae9cb63035172d,钟联路（白水塘）,钟联路(白水塘),1,1,1
897efc75c9307d98a79072ea7d2f3a0c,钟落潭村委会,钟落潭村委会,1,1,1
5a365cdbad64bfaa151d49505e02b361,米岗村总站,米岗村总,1,1,1
37867625bdba925c83331682d43d4429,米岗西门,米岗西门,1,1,1
78b4c665ac1a78277712371c0b692ccb,中和路,中和路,1,1,1
4087b0c91ea1d29f37d55a4eb6c43bdb,龙和路,龙和路,1,1,1
6651e147dc896ffbe6c30eec4e79623c,兰桂街,兰桂街,1,1,1
bc8070a45e36d7ed343cd1a1d9b16af1,龙塘北路,龙塘北路,1,1,1
47084518255c8f564b52143433003ede,寮采村委总站,寮采村委总,1,1,1
6578fdd9458958c23a4d4cd3f6ecfa06,世外桃源,世外桃源,1,1,1
adee6c6205ca4ad6d3c15c347f90c258,广龙路（龙大庄）,广龙路(龙大庄),1,1,1
9c88c96cbfb3fe28cff041713329cc54,广龙路（钟落潭村）,广龙路(钟落潭村),1,1,1
9ac5b90ad5d116eb8ec0e1df49662183,广龙路,广龙路(广从公路口),1,1,1
00cfb118c1c6636e66fc337b33d34abc,西瓜岭后街,西瓜岭后街,1,1,1
987591f95a14ffa1f067cc3439d43a33,广州华南商贸职业学院总站,广州华南商贸职业学院总,1,1,1
22da100a3c5789f12785b338e877d61d,田心村总站,田心村总,1,1,1
07d0ccceaeea457c62fca0bfabefe7e8,田心中心路,田心中心路,1,1,1
2b9b1ccd6af8f8cd7d8861c67808a33e,田心村委,田心村委,1,1,1
34308240fb4337930c2c03002c0b812e,大沥路（田心村口）,大沥路(田心村口),1,1,1
9d6735c3ec5f94b34109504831dfbfb4,大沥村,大沥村,1,1,1
662fdb6b56ca19ec3cf1f2600c594eb5,玉虚宫,玉虚宫,1,1,1
0dbcd1583b4da0c31b8083189e978ff8,秀盛路口,秀盛路口,1,1,1
ca1dc505777edb2da9801a349bff0e27,大沥新庄,大沥新庄,1,1,1
32ffa0e0a155f362b762c33e5071905c,太和（民营科技园）,太和#1,1,1,1
5db6e7d96a6974c53bf217659c9c7628,桂香街（地铁太和站）,桂香街,1,1,1
a0352ef86c1dea95a281adaaade3d8a3,矮岗村,矮岗村,1,1,1
b29a25787a2fcb4609c1d9335f3e81c8,矮岗村委,矮岗村委,1,1,1
bcf21cc47790144d7d37dd1463f1a37a,凤和村,凤和村,1,1,1
7a5a8b3b42a2d4595cf3c1dff2cc37b5,人和新街,人和新街,1,1,1
9cb296169efe342105663d5f21ce016f,人和聚贤街东,人和聚贤街东,1,1,1
30fc008e72e068a4d07be72617c2e2f3,人和聚贤街,人和聚贤街,1,1,1
5f9b118fe38e361596c29022dd34826b,人和聚贤街西,人和聚贤街西,1,1,1
a847e2e23aee95d6acb4cb1fed81db24,鸦湖村口,鸦湖村口,1,1,1
bc677216f8e5b93d4ba41f59c24ca950,人和华盛南路口,人和华盛南路口,1,1,1
5d8705de2b59a44c13e7bb62bc97ca50,人和华盛南路,人和华盛南路,1,1,1
4fda3f91e1c8f3122b5c6586c886d917,人和（东华村）总站,人和总站(东华村),1,1,1
c2f888094bb224bb8b7a72d6b7be4e58,马洞森林公园总站,马洞森林公园总,1,1,1
ac067a4ba420403ddc1581d60edfcf9c,马洞马新路东,马洞马新路东,1,1,1
544528c640f42ab4f8619296b5de930d,马洞广新路东,马洞广新路东,1,1,1
39a28f99e2ca374f156c5edccee4e92a,马洞广新路中,马洞广新路中,1,1,1
360ccff270aa3f0fc8058ad48de53389,广新路（马洞龙马路口）,广新路(马洞龙马路口),1,1,1
1f61537a52a07661394283fcfa27f3ca,马洞村委,马洞村委,1,1,1
c5df324b021f42d5481739f3afc0c52f,秀水街口,秀水街口,1,1,1
71315e681c8ab2baa59cdf6562d15d4d,马洞小学,马洞小学,1,1,1
eebd13a543cf582ca7c35f94d00d3618,仲恺农业工程学院北门,仲恺农业工程学院北门,1,1,1
798ea40a0142d6fd3831fa6c7a099866,广州康复实验学校,广州康复实验学校,1,1,1
6d24e89fddca62a89eb14baa4226d78a,仲恺农业工程学院,仲恺农业工程学院,1,1,1
96d6aad9af2c4136cb8e257782a11a52,广东机电技术学院,广东机电技术学院,1,1,1
8eba1ec99747bb235a4d5121986b8892,马沥村,马沥村,1,1,1
ab7658af77d3ea6cca938172a1048e4b,新湴路口,新湴路口,1,1,1
e491f24ba1a4db184979268416a4d620,社边街,社边街,1,1,1
de8e65fcaba06971781b66abc6742cc9,新湴路,新湴路,1,1,1
78d3d96bec18c55a1c47cba1b626cdc1,湴湖村委,湴湖村委,1,1,1
427a55bde87f5d1024e012423918d682,湴湖黑叶园,湴湖黑叶园,1,1,1
6d93fe591e8d0e33672d4a11a3b70929,横江庄,横江庄,1,1,1
2948fb3d6c2235415e389802c650b1f4,清湖牌坊,清湖牌坊,1,1,1
46114ba0859ae01caf7506cdd3b78abe,苏元庄东街口,苏元庄东街口,1,1,1
f3f54984777e21e99a4947afa75df501,北站社区,北站社区,1,1,1
c53255c3a0404c985b1c211c48e546b3,华泉社区,华泉社区,1,1,1
fe7143b1df74da950c0868479a2195b1,北站路,北站路,1,1,1
c5aef211ba715e09668335e7a7d99581,云城西路（地铁萧岗站）,云城西路,1,1,1
223d5c780641a2b0184cb1b0e2fdeb70,云城西路（白云区图书馆）,云城西路(白云区图书馆),1,1,1
9e14ee1435928e8429720e9e0dc93b59,涛乐街①,涛乐街,1,1,1
a321ef6db5dc8748600e61852788c04b,彩滨北路,彩滨北路,1,1,1
f433a46b2e0c666ede7149e92ab9db3f,星汇云城,星汇云城,1,1,1
59ffcca1f52de93a52cda2a2db6379fa,同宝路,同宝路,1,1,1
b1011e6daed0d5535f0b3594181de5d4,白山村尾,白山村尾,1,1,1
17f1882646c7d01612dc5136da8394b7,白山村居委,白山村居委,1,1,1
af7cebb160f089bea9f5b5b80efa15f7,白山村广场,白山村广场#1,1,1,1
e5a6172a4fe12044d61ee0794b673492,流溪半岛总站,流溪半岛总,1,1,1
921c7b823fecba840332cf7a51bee97f,鸦湖公园,鸦湖公园,1,1,1
4ccdcb5e62f9339ac1a988fc482beade,聚贤街口,聚贤街口,1,1,1
fa92fd9b372e63b215160ac153e23ea9,神山,神山,1,1,1
681742bb62356dcd2d33e3f1be47a1fb,雄丰路口,雄丰路口,1,1,1
d1a18b12b1db08f890c5d9cf3eb4ed31,井岗村,井岗村,1,1,1
403bf266e7ff0a97bc2977491542bb27,雄丰村,雄丰村,1,1,1
5d6fa267f57e92ee19d671513a9ed292,南浦村,南浦村#1,1,1,1
4955dc490cd6a9a5e1c8832bca4f4f30,罗溪村总站,罗溪村总,1,1,1
819fb5d7d184eb0b7d17bc7040c65ca2,太和总站,太和总#1,1,1,1
8427c507e998f3e2d585a4ce6e7dbb6b,龙归竹木市场,龙归竹木市场,1,1,1
8e9403a945054319500af6e28e761a8e,柏兴中路（柏塘村委）,柏兴中路,1,1,1
b8b97dab5c8dbb4d5700292de001cd85,柏兴中路东,柏兴中路东,1,1,1
b07ca9bb96275eb495e18ce04f90583b,柏兴东路,柏兴东路,1,1,1
0e32a370171db650368c216e2a959c93,百稔庄,百稔庄,1,1,1
039b10f8fcd94b6e8f2d87192dc00b9b,南方村委,南方村委,1,1,1
f3af2437104be69568af902d3f8f345d,大麦庄,大麦庄,1,1,1
bb81b198dcb7445b7cb0acc4632b1215,蚌湖桥南,蚌湖桥南,1,1,1
eb53ebe57adefca201f21980b16c3a08,蚌湖清河大街总站,蚌湖清河大街总,1,1,1
792994c979d9bd782eede63cab6cd857,犀牛角村总站,犀牛角村总,1,1,1
a32e3976e27215833dce1a429d1cd17d,天健广场,天健广场,1,1,1
c04df93a3e45d6fdc4c5870a517e6139,天健创意园①,天健创意园,1,1,1
d58828c83684ab99c9cdece11d575664,西岭路口,西岭路口,1,1,1
aef1eacd8a7bf7b86ea0ead960fb958a,百花岭北街,百花岭北街,1,1,1
f577ef8bb606e50715380dbebd0e11cc,望岗小学,望岗小学,1,1,1
ab1fa6c0fa00ac5c9d7c83a59159afde,百花岭北街口,百花岭北街口,1,1,1
a6dd19193da9c5ef6fc55ce563ac339a,黄边北路（广云路口）,黄边北路(广云路口),1,1,1
b29d4b7d0a9042e2de54732412b81f60,白云花园,白云花园,1,1,1
b5206c641ad2e1e577c3798514baee24,解放庄,解放庄,1,1,1
a0ab656964d76ab40015b2238bf66f72,石安路,石安路,1,1,1
22dcb0817d5765266fb46c4124d765e3,石东路口,石东路口,1,1,1
a17d0b6b1896a4032239cad38de80d15,石安路东,石安路东,1,1,1
350739b7cf1411c2bbb3a33e797edf48,岗贝路口,岗贝路口,1,1,1
2e4ad45a2aea119bb830d945b16e09c5,金信路（云山锦绣家园）总站,金信路总,1,1,1
6e9b9b7b535c270ec105028f22d255ab,和乐路,和乐路,1,1,1
9570a69fe9aaa2d40459131637826b53,建业路,建业路,1,1,1
f8d45fe62cf51f76ebb9c8578673f20e,塔脚,塔脚,1,1,1
35593ea57cf064ce672db31f95053748,迴龙亭街口,迴龙亭街口,1,1,1
64e550457abd474055a985be76d93b02,头陂村委,头陂村委,1,1,1
d96d1602e822f2bbdb144909693aba96,太和派出所,太和派出所,1,1,1
18359de3b719fb4b462cfda4958be606,和顺路口,和顺路口,1,1,1
56faf9bd898efae97331594015e68b3e,黄葛坝,黄葛坝,1,1,1
e9419d45f5bf1c44a54d3fc63c7976c2,飞鹅村,飞鹅村,1,1,1
8f4d868eb340f0db8bfd189840eed736,横槎,横槎,1,1,1
d9340807b8f6b5ed553d9c563800f649,桔洞,桔洞,1,1,1
07092e14a07ad5c9ed2cb12913b726f0,帽峰山（高屋村）总站,帽峰山总站(高屋村),1,1,1
6847a616c006bd11f3eb20cd1128b484,侨诚花园总站,侨诚花园总,1,1,1
f37285d1ca139c6dcd8464ac0d59c1d9,江晓路口,江晓路口,1,1,1
0d4ad585640df2e3ad03e0e61845249e,东晓南路口,东晓南路口,1,1,1
08cf12deb459139eaa78d296ea380782,北山路口总站,北山路口,1,1,1
458ac56f4fb8407d6f1992b78d93807e,赤沙路中站,赤沙路中,1,1,1
797d7ee5025cc385d13901a00473a63e,赤沙路中,赤沙路中,1,1,1
65889db103ac1a290cc848af0a1ce0b3,北山路口,北山路口,1,1,1
68c333caccacae6ec6cfe01651f86c72,新滘东隧道口,新滘东隧道口,1,1,1
8419db9ca920c19e456deb1ebadea9e3,黄埔古村总站,黄埔古村总,1,1,1
84cb817fb92bb424af60c2d34a0ea3df,宸悦路,宸悦路,1,1,1
af88bebf203472d79092d87270591ccd,小洲东路（海珠湿地公园）,小洲东路,1,1,1
1d14c4eacf71302c5f02bd1445b82ea0,瀛洲生态公园总站,瀛洲生态公园总,1,1,1
83e6aa3285358d3198974fc5e90e0817,沥滘大埗头总站,沥滘大埗头总,1,1,1
303b6ddc821563f0d65b70b972d2d813,沥滘路中,沥滘路中,1,1,1
4febcfe5a0473516c76ae080f5631c0a,洛溪桥底（海珠儿童公园）,洛溪桥底,1,1,1
160c7a87f475f4628a8e64215c753944,海珠儿童公园,海珠儿童公园,1,1,1
aa0fcb6815613a36bff4cd5ba5e7614e,芳园路,芳园路,1,1,1
c1eb663b686ef9630b16f85ae4095a0e,芳园路东,芳园路东,1,1,1
9e91bfc5749119c446568aff7d34cc2c,敦和路（愉景南苑）,敦和路,1,1,1
776ea63c8bd2b309b9d60298f49dd560,敦和路中,敦和路中,1,1,1
9fc409711f403c1ad2dab6dca9a63a3d,敦和街口,敦和街口,1,1,1
b2cebfc4727772a173e63cfe2be6b16a,叠景路口,叠景路口,1,1,1
d5ce75b1af46ec2e47f9339005cc8ac6,叠景路,叠景路,1,1,1
0fc44d15a714af34eb41fd34ca75e820,万寿路总站,万寿路总,1,1,1
7cc3b111450ca3fe48d7b2dad240e177,万寿路中,万寿路中,1,1,1
5e10e16af17e24cf425eedc8fe66eaff,万寿路东,万寿路东,1,1,1
9894744e08d00320749a894d1df566d5,龙河中路口,龙河中路口,1,1,1
65b186a892f3bdd03f9e2b99d5f82c17,龙河中路,龙河中路,1,1,1
42c4fb72de5fba3929f6b55a687b6d09,龙归永兴村总站,龙归永兴村总,1,1,1
602722d87b8e9808368e2a57334b1041,丛云路南,丛云路南,1,1,1
3d662b1f622e1c43a0edb797c4344607,丛云路中,丛云路中,1,1,1
aa87e0b26dd7c56a95e74ffbc73d182b,武警一中队,武警一中队,1,1,1
a6b7dc6c63752b2e3fd0c748c45e4a4c,云山居,云山居,1,1,1
9a8c4b2fb18118448305186e953c5289,元下田村,元下田村,1,1,1
93cc21e80f11014a62d65afc95c448e3,福泰西路,福泰西路,1,1,1
05fbbba8237f9639040eb0c40b5799a0,南漖,南漖,1,1,1
806b729cb923e90edf7f4859ab27b9bd,玉兰路,玉兰路,1,1,1
bc36fb3953a958a1550f5c362bbeabae,琶洲大桥底,琶洲大桥底,1,1,1
3c9eea1f531732693d5330583f00af08,东方三路,东方三路,1,1,1
de835a16129294a91305456c5f98754b,东方二路,东方二路,1,1,1
78294440ab38913e90a5e332ca082076,岑村②,岑村,1,1,1
101fb5bc33de44fd1d1bba18e76f8197,长福路口,长福路口,1,1,1
7b0d17e2594afc18ce91260c6d00f365,岑村小学②,岑村小学,1,1,1
878a91a3fa92bc990fb778aa79475d98,岑村公安宿舍,岑村公安宿舍,1,1,1
e993a0497598b28979ffdc3d7286091a,长福路总站②,长福路总,1,1,1
7ea70e684e026c6b8a84865e843ae189,万胜围总站,万胜围总,1,1,1
243eac576e5e1fe26fe2fac24968e300,中科院化学所,中科院化学所,1,1,1
451b145e681492fa66f5ab0810fd747a,植物园西门,植物园西门,1,1,1
d07743b2a3debbe04d191e4f3cc3391e,广州东站汽车站总站,广州东站汽车站总,1,1,1
28384c2bafa425dc3b501e9365da2b26,软件路,软件路,1,1,1
2bd5fc3e7d4c8a303fd3c5bed5763932,岑村小学①,岑村小学,1,1,1
48cfb3f7d8271f90cd8dd8109672240c,体育西横街路口,体育西横街路口,1,1,1
98c5ad79b191065eebbc57c5e522122d,天河城,天河城,1,1,1
7813e310c0f595e873f173b46481cefc,南洲北路总站③,南洲北路总,1,1,1
e1913e2cd12991d99f5f834a7370a159,聚德中路,聚德中路,1,1,1
f6f40103887e2489042b8506e5b2867e,南泰路东,南泰路东,1,1,1
524730f2f3529f19769c9241d5e75081,悦成路,悦成路,1,1,1
6e94bd6d85333210a57d5d9837b1bd72,二沙岛西总站,二沙岛西总,1,1,1
ebb84c4c35c6f979890b84d84d3cffe4,明月一路,明月一路,1,1,1
53e7703e3331aaa5d073dd21c07def7e,寺右南街,寺右南街,1,1,1
ef0f5043991358814c898f78c1af0ce5,东山体育场,东山体育场,1,1,1
2e5b8c29ee46ea653f176ddd20cdb878,合群路,合群路,1,1,1
7bda254033d3d811f737df212bffc557,龟岗,龟岗,1,1,1
48bbf514fa4d9fbae22107f179b5c21a,东湖路北,东湖路北,1,1,1
3801de0c86552fcf9f0bfcd04d8cd260,地铁东湖站,地铁东湖,1,1,1
a3855401eb0a87b591457e9a5e029f28,石围塘码头,石围塘码头,1,1,1
604c7873b40f94a13fcff9f080644c59,长安社区,长安社区,1,1,1
17fe617160d83a8435dd223d883cc46b,沙面小学（大坦沙校区）,沙面小学(大坦沙校区),1,1,1
6d3f1997f2c5d20fd5cebbdd806e66af,牛利岗南街,牛利岗南街,1,1,1
30d6c33da6cb746d05412b7a957f0efa,银利新邨,银利新邨,1,1,1
ede254f9cc39e2db2744b3d458cfcf2a,银利街（四海小学）,银利街,1,1,1
bf915c57c79e59efeaaea1ab59b43d97,梅园新村（地铁梅花园站）①,梅园新村,1,1,1
17623367e1261495484b7fec03536d1c,崇文二路北,崇文二路北,1,1,1
bdfbb6c28e02c3e3d0ba1528dd222c6c,崇文二路（荔勤北路口）,崇文二路(荔勤北路口),1,1,1
5bfd1d8698ead1914e7ab22967ab0439,崇文二路中,崇文二路中,1,1,1
92f6d71a0731d6ffbb8b78fd02c22796,崇文二路南,崇文二路南,1,1,1
74baa6cf04bb17e46e44818f607b0ef4,天慧路总站,天慧路总,1,1,1
7473ede171ae2c05742dc81dec2a2beb,天慧路北,天慧路北,1,1,1
20c05c8b10edeb8f1f465971c398d872,天慧路中,天慧路中,1,1,1
1f0e54903360cf436dd25a15e2df8085,天慧路,天慧路,1,1,1
9b1b39202a222b6ce6332b00998f0690,思成路,思成路,1,1,1
16a221ebdfe65f2064f3effeff6e6316,华观路东,华观路东,1,1,1
7a0a58b1fa6d4aada3e4f9600438bb7a,岑村①,岑村,1,1,1
b9ee8d21f0007bef3516bf7a83e4ce15,岑村总站,岑村总,1,1,1
3fc27a93da6fae2fa6eb8c671b64cbcf,云康南路,云康南路,1,1,1
accaa5eae60962de45f9047063ded81c,江景路,江景路,1,1,1
6f3d52308d74fd1a688d634243b3b69b,黄园路,黄园路,1,1,1
3736988ffc66aebfe0d604063b6ee7b3,云城东路南,云城东路南,1,1,1
479cf52320db515d632595430058dc43,富悦街,富悦街,1,1,1
8d11d864e131acef3da5edeaee96ba42,地铁大金钟路站,地铁大金钟路,1,1,1
d04380019fe47b4aa3e6c4e15db3aa92,景云路,景云路,1,1,1
36609dfba2e4893d137e8d185e8dc3ba,七星岗工业路南,七星岗工业路南,1,1,1
f18a8b63e8f0c5883a6fd988ecbebb9b,七星岗工业路,七星岗工业路,1,1,1
91da8f5e6e7587c369e712bed9fed3d7,新石一环路口,新石一环路口,1,1,1
e885bc3b4e53c582737bc06a26637d8b,环村北路南,环村北路南,1,1,1
50c5beaec3b3285386a08f885da79c08,环村北路中,环村北路中,1,1,1
f80a478fdf4627578a2f802f99a65025,环村北路北,环村北路北,1,1,1
c89f51ae91d7edf4a25f44addb70e16f,石马涌边大街中,石马涌边大街中,1,1,1
e1831b246af6577405d2b735f0329dca,石马涌边大街北,石马涌边大街北,1,1,1
128dca3be1cccc441d250c7d5cc7772e,旺发大街,旺发大街,1,1,1
f94018d81feeaa1b988d109c4a85e455,石马德圣社区,石马德圣社区,1,1,1
1a25763d5aea414be5142ebf4dcb664c,白云区气象局,白云区气象局,1,1,1
2395a22374337c3f932cb943b87d9eb8,马岗岭街口,马岗岭街口,1,1,1
4c1b2d64676e86bd66126d2673579423,桃红西街,桃红西街,1,1,1
8ea393c0075083d8698319a79df092fa,卫生职业学院北门,卫生职业学院北门,1,1,1
ea3af2c716d06c8fc16b535d2da66665,广东省机械技师学院总站,广东省机械技师学院总,1,1,1
1043f835633a618a79213dea7db86dcc,大罗村总站,大罗村总#2,1,1,1
f188f2a25c9b37ab7d0f4f56420370df,小罗村口,小罗村口,1,1,1
0afc9ddf0d632348c7172b176e93a032,罗窑路,罗窑路,1,1,1
364d42c0542a5217117a517f25cfbc92,龙塘村,龙塘村,1,1,1
7f6aa948bd41f376bb1928e85e2c05bc,草庄公园,草庄公园,1,1,1
3746cdb6cec880e735ddb8ab1a3c603c,市饲料研究所,市饲料研究所,1,1,1
0c041689743cb3f628c6ac39b4c9c3ca,为民小学,为民小学,1,1,1
0bffcb1750fd741f244c1a1f14efe745,永宁庄,永宁庄,1,1,1
da120f0e6f4d5113303b355db53428b0,申通物流,申通物流,1,1,1
ad2043276427b589212565ba0fc66bfb,天骄物流园,天骄物流园,1,1,1
cc13fc7a8669591171d3b15c148e888e,民科园北门,民科园北门,1,1,1
2ab090994d30cac802802d4e0be85334,大沥欧庄,大沥欧庄,1,1,1
c219755732e4dd446d708ddeb3ff0cb3,大沥村（科强路）,大沥村(科强路),1,1,1
ae70cc3ca1ab2c0303a704d5f382870f,彭上德兴路,彭上德兴路,1,1,1
1090732f48dfe7625d662d5c147107eb,新顺路南,新顺路南,1,1,1
d02017ab669ce8755aa7ecc248ea7ce2,白云大道北地铁站,白云大道北地铁,1,1,1
3516348523b1a5baf3f61aa79411fee0,丛云路（泰兴路口）,丛云路(泰兴路口),1,1,1
b155ff0ab5e2815d2847aaf233aa949d,元下田三路口,元下田三路口,1,1,1
d62f1b229b90a8e15d6110b9e830a213,元下田南路口,元下田南路口,1,1,1
21298c4c32208953763de49bd037f26a,广外北门,广外北门,1,1,1
0eaaf1b67c9cbe7d0d32d60c3673b785,坤和街口,坤和街口,1,1,1
86698498c60499b0cea9c04b4bd9487b,永兴村,永兴村#1,1,1,1
a6ae448fcd75ab13532695e92cd6cce4,瑚琏农贸市场,瑚琏农贸市场,1,1,1
5945fee0f6a54f6e4c89d5b9707d35b8,石湖部队,石湖部队,1,1,1
f71d5ad3b856522158472b6a4c37f63d,陈太路（军民路口）,陈太路(军民路口),1,1,1
58da9519c53a14ee3fe6ecd75958c271,石湖村,石湖村#1,1,1,1
d4fc398e161265d1fabd7e4a87b1b1c8,朝亮南路,朝亮南路,1,1,1
f8b63d8b10fd0898839cb7c891a9d809,太和总站④,太和总#1,1,1,1
82fd21a875ef810fb91a2cf98d6b59ed,大沙头总站,大沙头总,1,1,1
94ab249b3cdf7e70fcbdf71f9fad863c,长湴工业街,长湴工业街,1,1,1
ddea963517e77deaad530bbd11e52942,颐和山庄②,颐和山庄,1,1,1
1d5ebbbea0c6caf8845a48b529daf5a6,嘉禾（长红双和工业区）总站,嘉禾总,1,1,1
9fbc26a08a0f500c9c9c05f95d10be71,长红广场,长红广场,1,1,1
8720cb6a358acb378c938e4ec8040d47,长红西路,长红西路,1,1,1
cf05190babd9db96c40f745fb36f8371,粤溪村,粤溪村,1,1,1
f9ce50124928b502f8b6480fe89a667f,白云高尔夫花园总站,白云高尔夫花园总,1,1,1
5605671d4e02b654970ee4be59c6dbb1,兴国路,兴国路,1,1,1
cb337db2e3b23c7fe6a88f26c40d2a2c,培正路,培正路,1,1,1
ac15a75d8023a3c375adf46fa8ef284b,新河浦路,新河浦路,1,1,1
09b634a4f4315cc979c47e66b3ff93f4,恤孤院路（中共三大会址）,恤孤院路,1,1,1
d43716a528f6aeb438fbadb448a092cc,东漖教师新村总站,东漖教师新村总,1,1,1
1091dc5310cf99b134c67cf0ac7076ce,棠德花苑西总站,棠德花苑西总,1,1,1
e3960802f017c4aa3831df7fc9b1e4d0,棠溪车场（粤溪北路）总站,棠溪车场总站(粤溪北路),1,1,1
15a0edd21b1c31ca5dad4802d6dc348a,唐宁花园,唐宁花园,1,1,1
4843441d3a8ccc4ec5dd6441b3d8c931,大新路,大新路,1,1,1
4b3cc72562ed57f2fba6894ecec92703,大新西,大新西,1,1,1
a2fb1aedbc1d7a6079ead24df18eb463,凤凰三路,凤凰三路,1,1,1
49b736fb7588d97f1b32b1e3b82baf26,马兰形,马兰形,1,1,1
4aecf7972ffc2e84291bd2816112ee64,蟹庄村,蟹庄村,1,1,1
16c6fe2d41588f35a1d93cbf6379d42d,马新路（广新路口）,马新路(广新路口),1,1,1
54cd40e9c25a307a05ce3c2ccb9e9f69,茅岗新岗路,茅岗新岗路,1,1,1
dbccd1afc8a8d3ff9fbf4c84734561db,太和中学,太和中学,1,1,1
675516175060b40a38eb604d6feda3e2,长新路口,长新路口,1,1,1
b0b52e4901366e76d32714adb012f055,打鼓岭,打鼓岭,1,1,1
7f1d99031aa6ef2360fba5f0267a0e5b,良种猪场,良种猪场,1,1,1
399b2af5f6ea8ff89080eff6282ff383,杉边马新村,杉边马新村,1,1,1
d5b14c4a47df8e87a17e314e0b59ed0e,森林公园路口,森林公园路口,1,1,1
51204fc6afbfc971c9d09a9539e3041d,金盆金沙路口,金盆金沙路口,1,1,1
ffa4ee13bdf9154d9640980a7cf4a11b,广外南国商学院①,广外南国商学院,1,1,1
ac8924bebc96d0c9b29e61870c3a6389,良田中路,良田中路,1,1,1
3fbed961b144b836ac6d22903bee862f,良田良狮路口,良田良狮路口,1,1,1
5fed5e83595e698b75ffd98be9bdeef2,光明冯坎头,光明冯坎头,1,1,1
a7f3888f2aab0bdf5ab737deb860c431,光明村,光明村,1,1,1
96035de05bd140259aa86607532636d0,光明大窿路口,光明大窿路口,1,1,1
53cda1ea3a596897c1786e2f5c5eedb1,陈洞枝峰街口,陈洞枝峰街口,1,1,1
f0312e5f5d87fa4018ec3194e0c36af2,陈洞村龙田庄,陈洞村龙田庄,1,1,1
fa5accb55ebbf6b4c3d2ca06ab1bcb11,沙田村委会,沙田村委会,1,1,1
fee02b8fd4b5a430528adad1667e3b59,佛田路口,佛田路口,1,1,1
4a15341679a874d1af5224388dabc453,金燕庄,金燕庄,1,1,1
4a4c3e1855257d590db9d5b4f6475170,莲塘村,莲塘村#2,1,1,1
19e0586cd2e498acdced1040c7fa7646,广外南国商学院,广外南国商学院,1,1,1
e37122a5bc46b7584d7f11faa3a20068,鹤亭工业区北六路口,鹤亭工业区北六路口,1,1,1
0485f5c0d1dbe747e946d6d4f34de1ac,三盛,三盛,1,1,1
477489c0d57344c2b82da42bec7fdd1b,鹤亭工业区北二路口,鹤亭工业区北二路口,1,1,1
65c4adfe2bada83b210da58b1e1ea7b5,凤尾,凤尾,1,1,1
70e3f356b3e8a67d0cce0914aad80b3f,横坑,横坑,1,1,1
9b292d6803fa0decb5739c7c100c607d,秀水,秀水,1,1,1
32a702e83bf5ec67246e67a59f9fc76d,南浦村总站,南浦村总,1,1,1
8471ac402c65c5ad08e1db7ae40888e9,罗溪路,罗溪路,1,1,1
f9d03d2f51774a6ae65b479839c25201,罗溪村委,罗溪村委,1,1,1
e711e4c805e291b8446abcc3b20fa799,罗溪中路,罗溪中路,1,1,1
8ec3894042f6f581be6a5675542566e6,井岗村委,井岗村委#1,1,1,1
a1ad991eead3442c5064708e4afcc8e1,聚龙村,聚龙村,1,1,1
bcd13b72f94e250e435af9a47efdd2d7,茅山新二社,茅山新二社,1,1,1
23d6145c54f55a7969dd7efc80f3c23a,江村车站生活区,江村车站生活区,1,1,1
cd1504d859c8e458b69656c849dbe1be,江村车站派出所,江村车站派出所,1,1,1
01201a3aa6d4a3612b77025b0796c27f,大菀路口,大菀路口,1,1,1
40fc07feea333fbf048e54a1dce325d6,井岗大道北街,井岗大道北街,1,1,1
689d965b2b925ae55820d2bb76479a88,和平东,和平东,1,1,1
6fc94b21a35abb808d05c0671dba4dd5,时代玫瑰园,时代玫瑰园,1,1,1
505a74a17c055f58ba294ce095db1953,鹤边员村,鹤边员村,1,1,1
49fbd74d7b95e4b15e13452c7921144e,鹤边军民西路,鹤边军民西路,1,1,1
7a73e37cf9cf3e92fafb7e3f61f9cf7f,环滘,环滘,1,1,1
7c2a16a22258ac6f023da68535f152e0,石井（市114中）总站,石井#3,1,1,1
63fe8cb7e3ea56d80d3e7c9285318da7,德康路①,德康路,1,1,1
f58292e129dd04f1d034d99949393748,唐阁南总站,唐阁南总,1,1,1
9a0af0368cd6b1d28c19a37583aab95a,唐阁路中,唐阁路中,1,1,1
5c8bab13d1f226815f4fa563444fc53b,唐阁路东,唐阁路东,1,1,1
24f0445caca8aaa8eae4cc15885a8ff3,联滘路东,联滘路东#1,1,1,1
de4786fd10e81d3cec894673f76af19b,联滘路中,联滘路中,1,1,1
50febec1d6d9d8726e0c57ec2ad1f0aa,龙湖村委,龙湖村委,1,1,1
9dd07994611fb65e74c373ecc0be5a96,龙湖村口,龙湖村口,1,1,1
e137016339002f224f427fe6161a079e,南周,南周,1,1,1
bea4bb5bd9049e1b606528c79c9793ae,滘心村,滘心村,1,1,1
60c25e8e3d919291c4d4c2c048c4cae6,骏威客车厂,骏威客车厂,1,1,1
989710f5b941635fc34859a2d415e238,永兴村委,永兴村委,1,1,1
a5023776684810c39a3d742972a6a4eb,龙兴中路口,龙兴中路口,1,1,1
b4e535322e2847ccb0c1e7bed4171c61,新丽路,新丽路,1,1,1
c943a088c5ca09f1b782aea4b9cdb02a,人和鹤龙七路总站,人和鹤龙七路总,1,1,1
ceed677e1a3551f4b28085ef53200dd7,云山隧道,云山隧道,1,1,1
0b063642da984bacf5b8c0ac80fd458d,云城中一路,云城中一路,1,1,1
265690636e60e37b972af1c31763914d,地铁高增站总站,地铁高增站总,1,1,1
bb3e5109ef65c671a2bdf50e0619f638,方华公路（高增村）,方华公路(高增村),1,1,1
0c51d6f474a713d9c07b982d95c43477,人和华成路东,人和华成路东,1,1,1
cf924e0bec9e510814fb1d11d31d7225,人和华成路中,人和华成路中,1,1,1
9670544c26baed6d497243e60a3cd9d5,人和华成路（新村公园）,人和华成路,1,1,1
03bbf2329d001f0db4fa4a23a150d7ff,人和华成路西,人和华成路西,1,1,1
25ff229bc65c9a49f4668cd35399ddad,西成路中,西成路中,1,1,1
bb8e812aed937b1f4958f5d496a9de23,西成村委,西成村委,1,1,1
0de7e8a5c5d7ecedb488b137352f3db8,广州空港实验中学,广州空港实验中学,1,1,1
763693af2f248ed47691159ffee3fbd7,鸦湖方石村,鸦湖方石村,1,1,1
3e480a20f6844a8f15be8578828612e0,城壕庄,城壕庄,1,1,1
63418ab666c27c2efbc7d08294985e2b,下坑庄,下坑庄,1,1,1
aa984655bb172d39ac96067badb15d47,蚌湖,蚌湖,1,1,1
cbe5abff28e66a4af95eee5351d2dba0,渔北路中,渔北路中,1,1,1
371553a3409a6a564845697112793037,渔北路2,渔北路,1,1,1
ffbad6325b091605c40bf399b2ab1ef3,渔北路2,渔北路,1,1,1
1ba88c8ef8ec7ec27b50a14a4b48d520,旺岗村,旺岗村,1,1,1
c196932fd7cec3c1ffdc0dfc50f7ce58,渔北路1,渔北路,1,1,1
20b42f33a8762442835110788c1863f3,西坑①,西坑(益民服装城),1,1,1
cecca9217ad696bb9fb25e64adb363ee,沙太路北总站,沙太路北总,1,1,1
4f5535fe260a1d583ab645c4f744ec62,越秀公园北门②,越秀公园北门,1,1,1
a9a8c48be8e6decf2e53b5f7e600b79b,江海路,江海路,1,1,1
67c7978a11a445b3e50311ad20ca69f0,建基路,建基路,1,1,1
2d1537a5e9c35e4f04ba8b1e1211ff15,海联中路,海联中路,1,1,1
96c5a201f39bfc380ab948631651e959,南汉二陵博物馆,南汉二陵博物馆,1,1,1
4dc38c01d3adbda2b8534368f17d911c,沥滘路西总站,沥滘路西总,1,1,1
3fec785dd48cd62a251b3bc66b8d380a,南天商业城,南天商业城,1,1,1
1c78bdb7eaa8f015ea71c09de40447c8,西场总站,西场总,1,1,1
9dccf33014f0366359cc47c2d2cd9c2d,逸景翠园,逸景翠园,1,1,1
557e8a04f7975a46e9e99c7bc0109574,海珠桥脚,海珠桥脚,1,1,1
f6aa2506e7d8214786a59978494cd16b,天蕴路,天蕴路,1,1,1
6b3d7178046d52b8804c311577e36bc4,天盈路,天盈路,1,1,1
26b17513f6f758142e19bbbb7a7dc5e8,联和（惠联路）总站②,联和总站(惠联路),1,1,1
624698c03251c9760ff9e2cf757abad0,地铁三溪站总站,地铁三溪站总,1,1,1
9f18bcd146b0c4923079f0c7f46e7c81,海珠路,海珠路,1,1,1
b60b64ad73d2d0a9ed4198aed53d0c91,珠江花园,珠江花园,1,1,1
759ef8bd8f9d51244645896c095e5696,沙溪大道东总站,沙溪大道东总,1,1,1
f1bab00c41796d317d980755d8b3c650,南方茶叶市场总站①,南方茶叶市场总,1,1,1
7f89d6dbebaa17f5e89056a88073e14c,珠光路总站,珠光路总,1,1,1
1fde9154552e9fa0f46fa794d253b828,嘉禾金铂天地,嘉禾金铂天地,1,1,1
9af7b4902391bdeb8b8e6e630cef19d2,望岗工业一路,望岗工业一路,1,1,1
6087e46a641cdc14c0e08b5aaf868c88,大岭北街,大岭北街,1,1,1
17e9205e41d627258f95dd09dffa8b16,望岗西岭总站,望岗西岭总,1,1,1
d320c0f7595ce6fb9f9d09f0c081295c,嘉禾金铂天地,嘉禾金铂天地,1,1,1
af8e398bb1ddfbb486600b073d722e34,翠竹园总站,翠竹园总,1,1,1
b56767734ff029817b78a7fa64808344,云祥居委,云祥居委,1,1,1
a514dd6779f4459d4c048caf240ca5a6,小城花园,小城花园,1,1,1
9d0169eb6e6913ba84abb32c6cd0e6ef,云祥路,云祥路,1,1,1
29a0e0e1d25f73c739178e5b8ee3dd04,倚绿山庄,倚绿山庄,1,1,1
6c5c85334fb8aac524121854ff16dfbf,协和神学院,协和神学院,1,1,1
bf9ec4aefc0a3782840421e543b2256b,东平广场,东平广场#1,1,1,1
f652df52875168c9f67f188a82953637,东平市场,东平市场,1,1,1
287c4f58249bebdd7358c6de8b20e502,横岗南街,横岗南街,1,1,1
b649022c51165fc565c33b4565298e63,永兴南街口,永兴南街口,1,1,1
45931dcbd2840ac0fdf7ac44de981abb,永兴庄总站,永兴庄总,1,1,1
957ac66e3f9cb374dfb5d1729276feef,东平北路（横岗村口）,东平北路(横岗村口),1,1,1
87e30239fbfdfcb998a1f0faae4c430f,棠涌南街,棠涌南街,1,1,1
13f7acd33b9a5e17dce5e70fe1acf82b,祥岗社区,祥岗社区,1,1,1
f4e8e2b35bc48e0aa14068505eb8c922,祥岗东街,祥岗东街,1,1,1
51ea5804fe7874a7be5a6b9a7ed46964,下新村,下新村,1,1,1
02ce047ac90c370b9e17064066b62616,新村,新村#2,1,1,1
989cf33f6be7c3d11251e368d4b0f8de,新科上村,新科上村,1,1,1
7be0941f631ae60db6f96b81a9f44fc8,嘉禾八一科技园,嘉禾八一科技园,1,1,1
9afe2827c8e5b46bffb9cd32e3f77f88,武警指挥学院,武警指挥学院,1,1,1
8de64fb408961b5a71bf05940b152f9d,东平大道,东平大道,1,1,1
dd3d947b61165b000143309443549f6f,东平大道东,东平大道东,1,1,1
f52a7cc7f80c688104b6e701e5f2e64d,南岗万达广场总站,南岗万达广场总,1,1,1
a524a8b5c246ac25563f061f34ed9369,康富路,康富路,1,1,1
daa497f55b7e52cfcff648adde4fa7f1,康南路北,康南路北,1,1,1
f0e58ffc3c2ac1243f4f9077a9951bee,康南路（东兴市场）,康南路#1,1,1,1
bd64143053f4294edac595d7fa8f30b1,骏功路,骏功路,1,1,1
a4f4c32207faf687cfd7e41c80677856,骏功路西,骏功路西,1,1,1
7bdf39be7ec06981e126d3876b5f644e,瑞祥路东,瑞祥路东,1,1,1
34760049c160f6630ae7cbc790bcefab,瑞祥路,瑞祥路,1,1,1
fe1e5354637e517e7a32fedc90d907c9,瑞祥路西,瑞祥路西,1,1,1
9960de65196a3532c85ee15aeac9799a,新丰路口①,新丰路口站(永顺大道),1,1,1
c219056b63c95c77db964728e567e25e,香雪二路,香雪二路,1,1,1
f9d37ba7253dacf6c94a3bc38f518699,香雪山南,香雪山南,1,1,1
ca4a4fb191cd923b3c01d96259d98b09,科丰路北,科丰路北,1,1,1
b6f96b752cd7dfa024d23c20b42acac2,执信中学天河校区南门,执信中学天河校区南门,1,1,1
5ab00ece8feecbbc94442e76952fd693,执德路,执德路,1,1,1
3cc41f8c7be7dec4033f774ca3348e17,南云三路中,南云三路中,1,1,1
1fb3320260c1dae6dbfd30c83b915354,南云三路口,南云三路口,1,1,1
3f12329cb7cf85c22e6e45ec76de0660,南翔一路中,南翔一路中,1,1,1
8a2851d95f758a531742da8ae0a9406a,南翔一路东,南翔一路东,1,1,1
bd2c5690b92455dedb54f9812c6253ca,光谱东路（新乐路口）,光谱东路(新乐路口),1,1,1
bc318fd02be3b17cb06caa8da8c9efaa,萝峰村,萝峰村,1,1,1
80fdfe5c6ef5cadf7c8e965e23db08f4,坑围村,坑围村,1,1,1
0bdfe387ee5ebe2ff589078048123c3e,萝岗（香雪公园）,萝岗,1,1,1
a8f178a6f7d8ccc9d75fad502705186b,地铁大沙地站总站,地铁大沙地站总,1,1,1
3cf3f71ff52202f34d71495eeea140fe,暹岗村口,暹岗村口,1,1,1
c33634907de470837b26cab478de1d68,华峰寺总站②,华峰寺总,1,1,1
69a9a37034511d23c5b07288d0348f68,禾丰路东,禾丰路东,1,1,1
b8f59e7c0840177aa560f2e789d32fa7,禾丰路（春分路口）,禾丰路(春分路口),1,1,1
d71c492173468a45d311ab4cc36eb29a,新业路北（斗塘路口）,新业路北(斗塘路口),1,1,1
fce72af00aea9d6858ee4d0039f0a037,洪石坊（地铁菊树站）,洪石坊,1,1,1
5b5238312243f5b00ae813d7956209d0,芳村车管所,芳村车管所,1,1,1
5bd7e4832ac6f8731cdf15fcc5d58c9c,增南路,增南路,1,1,1
ec23f37f8d8cd67ff7f5267ded8f0983,龙溪大道中,龙溪大道中,1,1,1
8b6b3e7545d2b61d1393cf9c6da27bee,南边路口,南边路口,1,1,1
2751ad95b9452be572be2418d88bf2da,百花路口,百花路口,1,1,1
f0b2aaac6a09a0e8f6a6028baf4d0ad5,百鹤路口,百鹤路口,1,1,1
0697bf807edf578dd3e2f1dfe06e77fe,增南路口②,增南路口,1,1,1
3191f77944d80ec98af6c805bb4e304c,纺织路,纺织路,1,1,1
0f4dad9d4c431cdcf770ec271ba588f8,南华东路,南华东路,1,1,1
481000aeb08626685b5e152bb784defe,嘉禾1,嘉禾,1,1,1
68423777ceeef743a636048c2b9367af,朗兴路北（大朗市场）,朗兴路北,1,1,1
41094c5b6d9a25517796a36ac0562cab,朗兴路,朗兴路,1,1,1
f9aa6b6fc7334879b76b2989530d5c60,白云湖公园北门,白云湖公园北门,1,1,1
34891e001e9805767f2bcfaaff3fdb70,大朗夏边总站,大朗夏边总,1,1,1
5d620eddb97930547f695dd5c0409dc4,人和大街,人和大街,1,1,1
c4fe3da48a9edfa573ddf6181b959053,人和北后东街口,人和北后东街口,1,1,1
6ddc5ce88ff6b36ef911ded44f7fdb38,高增大桥北,高增大桥北,1,1,1
a96bd8e14e8609c2a307e884b156712f,人和村,人和村,1,1,1
a1476be7d4d96c4dc0d8f3e2e25c4441,高增村,高增村,1,1,1
5a09c60ea3eacc2a8802e71722ca22eb,兴丰村总站,兴丰村总,1,1,1
f4209972fbd43a0cfca981d1f3602d70,岗板村,岗板村,1,1,1
08df4a2fd25376f9919a94beb01da921,兴太三路口,兴太三路口,1,1,1
9b06a9a9a020e0df3247a3044db6e866,何排村,何排村,1,1,1
8e89969cabef1b4d689110b7ed1a0234,大山李,大山李,1,1,1
1a3ff2a9f09a3536d1093c242e1e3e43,白山村,白山村,1,1,1
2c9138a7f4c476a5fbd352de534d1a13,牛牯潭牌坊,牛牯潭牌坊,1,1,1
0bd2fc241ddfe4ddd22be8ab8e25c231,胡屋,胡屋,1,1,1
9879d51dda8f6ed3e6a49b0db177d671,均田,均田,1,1,1
dbba405b747c149f18500a39696ff366,帽峰山西,帽峰山西,1,1,1
0a3f7fb2b487e28d4515f03911253c47,兴太一路东,兴太一路东,1,1,1
d29f23534242b30388cf58e60f561c1f,和龙村,和龙村,1,1,1
01d395af2bc9747c56f3298e1a4e6634,菰坂塘,菰坂塘,1,1,1
1cb99663a66a8f4eb3c4e749886bd354,西湾路（唐宁花园）总站,西湾路总,1,1,1
0500a716257fe402f9dc2387e827cdae,西湾路（唐宁花园）①,西湾路,1,1,1
91e80c6a0957ff50e1953094593cdd11,竹料公交场站,竹料公交场,1,1,1
65da0308e04d8fb06260b44a38501646,竹料一中,竹料一中,1,1,1
9458251e254aa4ebf91276760d1582d8,竹三村总站,竹三村总,1,1,1
a7278c0489a22bab2bf5b142bc820121,太和路口②,太和路口,1,1,1
038b54626dd42087ca5c6d35df8766ef,地铁滘心站总站,地铁滘心站总,1,1,1
145012ffe9a128f9832a4a0ecac0a74f,滘心村（滘心路口）,滘心村(滘心路口),1,1,1
59637d4b4b1f892b35ec6c774d17ae41,加石路（七星岗路口）,加石路(七星岗路口),1,1,1
721520abb25b8356ed57874ccdc1efc4,加石路中,加石路中,1,1,1
ae736268a038f88dcb6d678788c1bde3,加石路（罗岗村）,加石路(罗岗村),1,1,1
c65953a912076f26e9bf9ace965095c3,松园中西街,松园中西街,1,1,1
cf529143b7ec4d76f2377afbf1a6ec3d,松园中西街南,松园中西街南,1,1,1
6b272099b9d74332cd19d9677719acee,平沙（农贸市场）总站,平沙总,1,1,1
9a2a7d7330c5f223a57c02591549b403,加石路口,加石路口,1,1,1
cafb17509740cd94597185416941aa5c,白沙村口,白沙村口,1,1,1
1ff98cbc1253947406846dbeaf9d263b,白沙商贸街,白沙商贸街,1,1,1
8b87691c0e49886871596d0824eb5387,钟落潭高校园①,钟落潭高校园,1,1,1
42385d0346943d475bbd12de39aa01d9,马洞马新路（茅岗新岗路口）,马洞马新路(茅岗新岗路口),1,1,1
71bd940e18108dc93181fb80f0854b59,十二岭路,十二岭路,1,1,1
c05dc22f0e3062b4a5b5d426b2b19ca3,永泰新村总站,永泰新村总,1,1,1
dafd98ea5615446b4b6d3935214e3817,永康路,永康路,1,1,1
268af7f40f32ac78b3981069a753ad8a,永康路中,永康路中,1,1,1
2882aa7b3c2f73925d25a46db66711ec,马务大街,马务大街,1,1,1
6bf441d89987051e18c4a7bcbf0e02a1,马务联和西街,马务联和西街,1,1,1
91ab1527709932da4680560894f3fd91,石岗东街,石岗东街,1,1,1
dbda376cfc17ac44e984bdaa24a04bfa,石岗西基街,石岗西基街,1,1,1
846a243872e96f97c25283143a669620,向西大道口,向西大道口,1,1,1
b64670de257d29e6297e516624d5d735,向西大道中,向西大道中,1,1,1
b045cda7d59b3ad3f851dc9cbbc7419d,夏茅（白云湖公园）总站,夏茅总#2,1,1,1
a0a91cbaee120e4233517f4e64826ed5,广榕路,广榕路,1,1,1
4f185365901823d5afc737ca2132c751,祥云路（珠江高级中学）总站,祥云路总,1,1,1
beb4d85e3c04d7caf53176322e4c8322,东华村口,东华村口,1,1,1
1aaea01f94d7a34b9a5b4364f0a0be13,嘉禾长湴总站,嘉禾长湴总,1,1,1
bd45f2bb59c3a3ac53c7bd6262f2d825,南岭工业区八横路,南岭工业区八横路,1,1,1
7f931353bcebb7a3172bc57b4cc40d4a,南岭工业区南路东,南岭工业区南路东,1,1,1
006eeb8f6e82893036225d9079bd1146,南岭工业区南路,南岭工业区南路,1,1,1
f5a527570b6ef2a88d93d93f56f41345,南岭工业区四横路,南岭工业区四横路,1,1,1
62b36e6c291a4608a56bda1cd0bccc35,南岭工业区中路,南岭工业区中路,1,1,1
b3a0d5f101bbe0e7a40b9d0e1da53971,南岭中路,南岭中路,1,1,1
ccfd6df161c8572fe008f3bf84ed6e78,南岭中路口,南岭中路口,1,1,1
ddf6234a1f6250b9912b93b8210bd4f3,天安科技园总站,天安科技园总,1,1,1
c45134fc7e6be4829eea93d686395cf1,五眼桥（岭南花卉市场）总站,五眼桥总,1,1,1
6ec7b421fb91bb047db72eba42f2a1dc,五眼桥小学,五眼桥小学,1,1,1
bcf199e81d6587e9146d1d896c482c48,五眼桥西约,五眼桥西约,1,1,1
f645645cb458b952d0ff57cfde0a7283,郭村小区,郭村小区,1,1,1
f7968cd8c0667eb2d7fb2512c17c9770,杏花大街,杏花大街,1,1,1
38e688215ba9a6ee1f7426b4fc396715,招村大街,招村大街,1,1,1
964c67f2a6320a5da0b2321582530bf5,花湾路,花湾路,1,1,1
abc688f1c140a9f268f2746be7d270f6,芳村体育中心,芳村体育中心,1,1,1
a5efc956407f496eeee8a7a6cdaeae83,增滘立交西,增滘立交西,1,1,1
63b007e6c25f416350b97ed4fc88866b,西后街,西后街,1,1,1
c3a35f4971d33768bb2435a44b77b029,荷景路,荷景路,1,1,1
0437afd70ab3716b755d7cac3ca7c278,东沙桥底,东沙桥底,1,1,1
546cab8f465a060c03436b19c124b333,翠宝路,翠宝路,1,1,1
49554e872e9f62c459c2067189b6aca2,BRT岗顶1,岗顶,1,1,1
1a6d0706bb4d1eca3224fb4b977cb8e8,华师大南门,华师大南门,1,1,1
b4759b6d7f1304159a51e59247352e9a,华师附中,华师附中#2,1,1,1
2c863d40ba46aa6021e375a766c9f907,BRT石牌桥1,石牌桥,1,1,1
74671b7c9be1ae4c9742a8ae56483619,BRT华景新城1,华景新城#1,1,1,1
d4caeed4345547d4cdd97d442910f144,长福路,长福路,1,1,1
4d5c621e845d087f435563f92d947cab,东方一路口,东方一路口,1,1,1
7adabc7af67a54e2aad9e8dca7513ef0,东方一路,东方一路,1,1,1
8a1b26b715c4b614d69e8e3dfe516b33,BRT华景新城2,华景新城#1,1,1,1
70ebb135400815dce88dae3e9008d0da,BRT上社2,上社,1,1,1
23edc77e6748a0f87ebae92231ad0fef,BRT棠东2,棠东,1,1,1
607bd6250fd2a54ff3525d5310d94eb9,BRT棠东2,棠东,1,1,1
a814833f943dfbd7d1a26b432977ae00,BRT黄村3,黄村#1,1,1,1
c6e53eda4812769d4229d927cad06be0,广州大道中（地铁沙河站）④,广州大道中#2,1,1,1
952f4cb6b60037c237e232336fd90809,BRT岗顶3,岗顶,1,1,1
f923d57e69e1f93d9532009cdb96686e,BRT天朗明居1,天朗明居,1,1,1
53592ee9f32b636dcb2827664bfd8d5f,BRT黄村1,黄村#1,1,1,1
3f9d959c1b3d67c909af249dba805e0f,BRT珠村1 / 珠村①,珠村,1,2,1
a9db998ce90b9b4947a8a822466e62fb,BRT珠江村1 / 珠江村①,珠江村,1,2,1
54f520012511e529f432691e3e7eb0c4,BRT车陂1,车陂,1,1,1
f44ad5d998fee2ab22637e7791fc6e3e,BRT华景新城③,华景新城#1,1,1,1
4f4fc9d091055a597a0e341b7f37e49d,天朗明居③,天朗明居,1,1,1
378f7e982cf2982fb3bf2333977fd1fd,车陂③,车陂,1,1,1
6f8ec6f3128caed1323b270374a8b5f7,下沙①,下沙,1,1,1
c434570297376636e21d9928aa5d2a47,乌冲①,乌冲,1,1,1
a9afd0ae276b001dcb9c081e380abafb,车陂③,车陂,1,1,1
220e93712141f449ebf407383cf492fc,天朗明居③,天朗明居,1,1,1
b44a25989e98c963097338673a48d60a,汇彩路北总站,汇彩路北总,1,1,1
67b8441931535ae30dfb7567268f8368,桃园路,桃园路,1,1,1
6818651bb5bb0ccc2fd4332f3bf1c857,BRT石牌桥3,石牌桥,1,1,1
5b944e8f7793f097ec81bfb080bd6ae9,BRT上社3,上社,1,1,1
0da158d9bc233f449b33f34a7b3fc4ce,BRT珠江村2,珠江村,1,1,1
f178084c6a530137840a2c1cbadaf8f8,BRT乌冲2,乌冲,1,1,1
36dcf2877774905cfb853aca209b2a60,BRT文园（地铁双岗站）1,文园,1,1,1
26d7581c6dc275b08f6085e9af974c7c,BRT双岗1,双岗,1,1,1
90b6ebd359faf72e07fb0b157800da42,BRT沙浦1,沙浦,1,1,1
f54f160c851accd23b9c3e6d8238d2c5,BRT南海神庙1 / BRT南海神庙,南海神庙,1,2,1
4d322f6677e62d0df32a2e78b49ea115,庙头①,庙头,1,1,1
acffdc3c48174fbd4e8e97b79a7f9fbf,鹿鸣山总站,鹿鸣山总,1,1,1
5e343ae901163c39c37437182812762b,BRT棠东1,棠东,1,1,1
f5058d9d7645a1b36a77d60c2fa3ed69,棠德花苑总站③,棠德花苑总,1,1,1
fa6ae6db12593c3ead90b929b7663322,革新路总站,革新路总,1,1,1
ae0af2e57af2747303ef4e6d5e8dd616,BRT车陂2,车陂,1,1,1
8e99db54ea5804041c5450e96a882189,香山路中,香山路中,1,1,1
ffa8181332dc736b1ccebc7bcd5f2b2b,广州科学城（长安村）总站,广州科学城总站(长安村),1,1,1
c3af8e9e0aab863384d27f2160ff4217,BRT天朗明居2,天朗明居,1,1,1
36d06a7ed8b1697da21aaf5b33c438e5,华穗路（星汇园）,华穗路,1,1,1
4bfd508906cfadadc8cfd23158352896,科韵路①,科韵路,1,1,1
39ed5f350c97705f7835bda377ee3163,仑头立交,仑头立交,1,1,1
f6154c089975aae59c246bb6f9783b7f,BRT南湾,南湾,1,1,1
6beff3925f930292feb5778fb285c5a1,BRT沙浦,沙浦,1,1,1
49c1fbed6dddd409de2dcb3bcd95a8df,BRT双岗2,双岗,1,1,1
6b640e59cb47e126ca1877c9a3660744,BRT文园（地铁双岗站）,文园,1,1,1
95e1c4c19c3ec7069747db1f58302e92,BRT黄村②,黄村#1,1,1,1
288d0ff904b13e57b493ffd7efea8ffa,桃园东路,桃园东路,1,1,1
3c4d12b1339c6eecd48593e2d3818e64,汇彩路总站①,汇彩路总,1,1,1
7b14a7a90f70a94d672689e8d7f089f2,康南路,康南路#2,1,1,1
a8ad1bd19d327f9f034bf243cd2d3b50,宝丰路,宝丰路,1,1,1
8d7c53f27197503c2d68e20e77fe143c,富南路北站,富南路北,1,1,1
f0b22b152d91c288b023657ae0b7bd34,罗冲围总站,罗冲围总,1,1,1
c6838fbc3ac3c45ed5e4fc39be3324ee,广仁路总站①,广仁路总,1,1,1
9c132614b50b06d2fdc8af2cb8b00197,黄埔港总站①,黄埔港总,1,1,1
8e38c06f0b3255a1a0231bef03d8e742,阅江西路西,阅江西路西,1,1,1
3df8f7d453510391deaeb474beebd332,阅江西路中,阅江西路中,1,1,1
4c59c2d90fdf6c730ba10c97022e188d,阅江西路东,阅江西路东,1,1,1
67e166fc591df30a8685f64c4ce3a298,会展公园,会展公园,1,1,1
bc1be8ae16dd3f128bf33bb6e5cc77c8,阅江中路,阅江中路,1,1,1
496f3211d9ffabe7005a05633ac9aa91,会展中心码头,会展中心码头,1,1,1
ed1a7d613d2d5c097450dda9880c3aa9,会展中心北,会展中心北,1,1,1
42927f3d22edacf1d50d575d4dc8aeb6,会展东路,会展东路,1,1,1
c9d4109ccd847efd383a989d5e3f7b7a,棠德花苑总站①,棠德花苑总,1,1,1
b3f3d544b97180d2cda4761cb59875d6,珠江南景园总站,珠江南景园总,1,1,1
bb85513cf648bdae8c1fc99eb8a9b997,华侨城主题公园,华侨城主题公园,1,1,1
b27756a2532dfafd4d5ef2ec3024ccf4,华侨城欢乐海岸PLUS,华侨城欢乐海岸PLUS,1,1,1
110949468965aa61e6ca330d66cad93a,顺峰山公园,顺峰山公园,1,1,1
196be8df084956ddba46110a08b39fc4,桂峰路（明日华府）,桂峰路,1,1,1
08f8939d8d5307c8777facd654133f81,驹荣北路地铁站,驹荣北路地铁,1,1,1
8066b6cebb9d70ba0ba1d9ea396cb4ab,广珠城轨顺德站路口,广珠城轨顺德站路口,1,1,1
52733bb7ed980c1914857250a27a8d31,长鹿农庄（龙洲路）,长鹿农庄(龙洲路),1,1,1
adb17bc5cc27b7d52a0ab929d9c7928d,三善村口,三善村口,1,1,1
738ea6abeb3db339faedd4dc8e2e9c1e,龙湾路口,龙湾路口,1,1,1
47f5254a84926547ee60042516468de1,沙湾古镇南门,沙湾古镇南门,1,1,1
649757c0a165cb76effa5ea8f09faa04,岐头村（荔园新天地）,岐头村,1,1,1
706679fa6857eed024de9db8294035db,市桥汽车站,市桥汽车,1,1,1
35603dae0eda2ed5233d23451691ef80,西环路中,西环路中,1,1,1
4608ef35fdc5ae6bac8bcb7fab75e295,美涂士,美涂士,1,1,1
a667e1112feee16d4087ab97f7b7394a,广州工商学院（三水校区）,广州工商学院#1,1,1,1
ca51af230b5cd966cc7c84079c78b282,范湖机场,范湖机场,1,1,1
0e8b8021717ece72eadd12663a91b94c,范湖工业园,范湖工业园,1,1,1
2c30fd02b50b9cff6440d7a6ae8a70a8,范湖市场（仙湖路）,范湖市场,1,1,1
01cfd774b1f4d5f0e84d0c3b206e9470,官地首末站,官地首末,1,1,1
4f19adadbc8a19fad16ad33b1977637f,大涡村,大涡村,1,1,1
a35678a033ffe44a8e730a3859338cf9,横岗村,横岗村,1,1,1
878ebccc996ccfa074e02e5e30bcbaf3,新太村,新太村,1,1,1
48f993481a3f3b3a45e022eabdabe0dd,四角围村,四角围村,1,1,1
d50e803181e0a48bbfd73fe60b4ae89b,花都飞鹅岭地铁口,花都飞鹅岭地铁口,1,1,1
7fe28264fe7a521cc9a81491b2ba8bf4,姓钟围,姓钟围,1,1,1
617a7675e24e941b9229e0cb080b6074,流溪河大桥,流溪河大桥,1,1,1
c4446ca8b675e36b4cdd573bd77112dc,交警大队,交警大队#1,1,1,1
75d44ebf10412975b05238b0c4b72623,口岸路口,口岸路口,1,1,1
d7bf8c972b01d4a7e4ff1dd34092c39a,南医大五附院（从化中学）,南医大五附院,1,1,1
d9fe9827d0c8c02c7c00f394059aaf83,民防办,民防办,1,1,1
147abfc15c311e7ef87b47a88d57b675,新开埔顶,新开埔顶,1,1,1
c6eea4cc040798774d23921143f8abb6,从化五中,从化五中,1,1,1
e8b050ecc225d895a1e3c826c2ceb937,新开花谷,新开花谷,1,1,1
e161127ac632385b8f1da3c619ae600c,三将军路口,三将军路口,1,1,1
0726d992010b538cc6add4feb46fceb7,明珠路口,明珠路口,1,1,1
30710b9be9e2af9517f2ab8b7f686460,岭南小学,岭南小学,1,1,1
b71474e455003549c79a8b46e2b32bdf,棋杆墟,棋杆墟,1,1,1
1a4d5892878b330b1c1e17a4598d923d,棋杆市场,棋杆市场,1,1,1
a8db9441b6228533c046709431e44d02,城鳌大道中,城鳌大道中,1,1,1
0a72c8dfc854c05cc88af26bc3b09b58,小坑村路口,小坑村路口,1,1,1
113b0c5d91bf2d346fe630d2cd3b13fb,大氹村路口,大氹村路口,1,1,1
510410acb998a957d7cf65e2e522eb12,小坑村委,小坑村委,1,1,1
52163ce1e80b21b18165018e6a4fa766,神棋路口,神棋路口(G355线),1,1,1
5937fd006c8f0c4dbeaa57cbaec88255,龙角村路口,龙角村路口,1,1,1
58108e6f5d7499418c4b52d3ed277295,中塘村路口,中塘村路口,1,1,1
f8525893bdfd5eb0935314f35850fabf,人和市场,人和市场,1,1,1
f5fef6594d85e8a60a5bab4af60a826d,白兔村桥二队,白兔村桥二队,1,1,1
63f4cbad63847998c33748ad02393b9e,白兔村路口②,白兔村路口,1,1,1
9cf49e7dbf9c60cab218e7fb490ef37f,鳌头广场,鳌头广场,1,1,1
cd18fd75bba725f62ae940f77f61adbf,鳌头客运站（鳌头新市场）,鳌头客运,1,1,1
962ab8b7e283ae0d8a49be0ddfcf70b2,马岭路口,马岭路口#1,1,1,1
e1908e4c93cf53fcc5551b5f09ab366b,氮肥厂,氮肥厂,1,1,1
6db70c05d4e2369f08167881d79447db,交警龙潭中队,交警龙潭中队,1,1,1
7f6008a6c90e997becf9a69a5bfe54c1,龙聚村委,龙聚村委,1,1,1
6b1da6574e41ea2cb995e2a19ef497bb,聚宝工业园,聚宝工业园,1,1,1
0da525671fa35184c6d6734a339460dd,龙潭路口,龙潭路口,1,1,1
173a188eec865b714fbefe6769b41d1a,龙潭市场,龙潭市场,1,1,1
1c77e2750290f96c293ccbc71dc45304,官庄路口,官庄路口,1,1,1
12e7fa7df597b49c9a49b51a1d913176,马坑社,马坑社,1,1,1
a24f9a5130b0c91e233387b69bf69693,月荣村路口,月荣村路口,1,1,1
50befc463878ef7bcbd8753aa14f26db,上卢塘,上卢塘,1,1,1
18777412b5e2316569a8711e24da5cd8,蔴地岗,蔴地岗,1,1,1
c2198d62cd713d9abb5b2a58862a7130,高平墟,高平墟,1,1,1
e5cf4bbdf4149238a9d1bc94d09d8f2f,西向村,西向村,1,1,1
14117a178fc1ad483d887648a8cbaea4,长岭总站,长岭总,1,1,1
8774ff0b4075d3aab56f62c2b0ede723,大石古村路口,大石古村路口,1,1,1
a4abb2853cdc1b29a1a9c68b1888b6bf,牛眠,牛眠,1,1,1
67e823e2c3769651167e14b15b177c98,良明,良明,1,1,1
38caaeca2a2988e44e25a84eefa01019,马场路口,马场路口,1,1,1
080f2530366c4dbbcf323276868bbe26,热水,热水,1,1,1
d5427a0bb59cee432555c89fe06467ec,高沙村委,高沙村委,1,1,1
2334336764c29f95aba0a0ea0fae6b34,高沙,高沙,1,1,1
809f08673aecbffa13cff720d881f5c7,黄围,黄围#1,1,1,1
313afee03523350e1f32ce438720383f,桥栏,桥栏,1,1,1
4a266a51816de0b3650e9e84c2123485,三层路口,三层路口,1,1,1
299727a72570fdb47d86fcb9ffed6c12,卫东,卫东,1,1,1
709ca061344f85f46d982c5caec96aa4,交警温泉中队,交警温泉中队,1,1,1
f82665e4aa0a5f35e4d17caa996f4ab6,牛步迳,牛步迳,1,1,1
690ddf6c568b6b6b4caf757b417850b8,华辉度假村,华辉度假村,1,1,1
2692435184cf1ef48f8785d6f8f086b0,温泉镇政府,温泉镇政府,1,1,1
727cdf69dfc68c57d4874bd45e8feaba,云星村,云星村#2,1,1,1
61af9e51d61de31a795551da7a21e202,宣星路口,宣星路口(星光五金水电商场),1,1,1
48310cf4d6a1fae5f1be81b3f030c37f,新华,新华,1,1,1
7d43e0d4ce8825ee473ed707ec4c54b9,水底村,水底村,1,1,1
63ff8572e9ed43a642bf03ae8e41d07a,南洋理工职业学院,南洋理工职业学院,1,1,1
bae1428a7475b7c347bd89f272fe462b,江埔社区,江埔社区,1,1,1
909577023716c0a155a54ae9bff02d95,江村,江村,1,1,1
ae129661bd1c756eb4cb7a799ad28047,沙塱村（金滙城）,沙塱村,1,1,1
babeb9e3093df047df69c1137e6726a8,凤院路口,凤院路口,1,1,1
79f3c6bb096da68b4a67bd3980c6187a,河东广场,河东广场,1,1,1
cbf3f5beca24eac8a54aeed8dfbdc5df,七星路口,七星路口#2,1,1,1
aadc179a62a739e14d2eedb65d3b44e7,联星西华站,联星西华,1,1,1
e710cb9498fd5a2a334e1eb63111c438,七星路口②,七星路口#2,1,1,1
19dd6201aeb5d541ec1ed83449463d92,大江路口②,大江路口,1,1,1
4b2434d68c660889de067f3cce7fb193,吕田公交总站,吕田公交总,1,1,1
e48eef19382e63aa63e0f8c80f53af2c,交警吕田中队,交警吕田中队,1,1,1
4560396329aa4eca771b605fc220365c,蓄能电站,蓄能电,1,1,1
05b0c0c5b9468f6123d199a3c518b76c,小杉路口,小杉路口,1,1,1
117cc082805b089862290d7a2cb89809,草埔,草埔,1,1,1
17a42dc7b9a5158d64db09b7ebb8c198,长塘路口,长塘路口#1,1,1,1
84d2b04df372a362579ef9527686f247,安山,安山,1,1,1
aee7b577d37130c1f5ed606a7f0f889d,塘下江,塘下江,1,1,1
bae407260bcaf8348eea8c252ffe1882,塘田,塘田,1,1,1
1c8c1727c3647bd6875251f0a2f70758,古田,古田,1,1,1
ed58d1e35c72f897e2ef9f67b4dabb43,温塘肚,温塘肚,1,1,1
fd777b10c27113bae79044bd00d8c01c,红岭,红岭,1,1,1
499d72cea5f02d2858c48475dd230a28,新群,新群,1,1,1
09cc8f2e21085c0a224e72b955fbda43,彩虹桥,彩虹桥#2,1,1,1
e56f14e345c17c6c4b4366a2e2498157,流溪河国家森林公园,流溪河国家森林公园,1,1,1
12bfe8f7baaa87c8d3af6bd3b3e2700d,黄竹塱,黄竹塱,1,1,1
012fe66c5757ee7c9039c14fadb2b4ab,黄竹塱一队,黄竹塱一队,1,1,1
6e2eb4c9e3a062a79c09ef1d1ce9c445,河东南路中,河东南路中,1,1,1
39f1b8137fc6fa407eb5d2a862adb535,河东市场,河东市场,1,1,1
f16b4c3e30bce9a2c131abf73dfd4216,凤院北,凤院北,1,1,1
315005ec02511dbb9397b62e2ff16a2b,灌村路口,灌村路口,1,1,1
a357c0fc2b8e8c9252dc94ce025f3b1b,石海村,石海村,1,1,1
02c06622d455bb8309da801414cfc803,石海小学,石海小学,1,1,1
952d5dfeeb45d67ee100f72024d97dcf,石海村委,石海村委,1,1,1
b8c6bc600a032158ed35110da8e0075d,灌村围,灌村围,1,1,1
7a801b43f43faebe7f078711af33c1cf,石南白沙社,石南白沙社,1,1,1
14c11ba8cbec3aad30680a5b97e10479,石南村,石南村,1,1,1
5051ab3f29fe4df18016f3cba65e8628,皇岭社,皇岭社,1,1,1
d1f31424d126547e32b3b54c2274a1e5,石坑田寮社,石坑田寮社,1,1,1
5d3fa271cd1cfe3ab1bb18b7baa2398a,长安社,长安社,1,1,1
87c11af0e173ba0eec7495388b2cde7a,灌村墟,灌村墟,1,1,1
e7b10350e457e1577b51c24f4c9a89fd,灌村文化广场,灌村文化广场,1,1,1
5d0e76f1432c1ef2df391312ab2856fd,江联村新围,江联村新围,1,1,1
0cd423aa5e49caed6607c90ea5089046,大坑社（深水社）,大坑社(深水社),1,1,1
ef390e7b7d7058264de145c6f60381a8,东儒村,东儒村,1,1,1
a88cf5f512be8c225583192000d4084d,大尖山戒毒所,大尖山戒毒所,1,1,1
7f5398b6240e1e24e912d76e055cec38,白水寨路口,白水寨路口,1,1,1
ee17a8d254f0b4b239ca38604af4b8c8,白水寨总站,白水寨总,1,1,1
d4239253fe62d778a0d4d8d038d57b5a,山水塘,山水塘,1,1,1
912b00f876bee08608f8755f5ad77bf6,南星汤屋社2,南星汤屋社,1,1,1
35af138db44c187a05777404e62fbaf1,宣星路口①,宣星路口(星光五金水电商场),1,1,1
4c97afd97910bc5117d080f7f75ef68e,宣星村委,宣星村委,1,1,1
d9c243a060cc787ed88bc0aaa65c9d36,鸡龙岗路口,鸡龙岗路口,1,1,1
726bbd5388d68a3c5bf6f15c624c95e4,龙岗墟,龙岗墟,1,1,1
3e44d2f77a1e4b7964f1449a1c87b3df,龙桥市场,龙桥市场,1,1,1
f859162e8c7aff18fd8f85ce27a73711,桃园中学,桃园中学#1,1,1,1
01d57a0212563e6379831dcf064e179d,金鸡社,金鸡社,1,1,1
76819c13deeae39ecaf3a1c39210bb62,平岗村委,平岗村委,1,1,1
a3d6d64b7f4b2a34d451cb6ef97051b8,西平岗,西平岗,1,1,1
1dc657e622d6c21397bdd0cc905567c8,罗洞社,罗洞社,1,1,1
0573b107dc3992fcf6fb96cdda2d8b5e,凤巢,凤巢,1,1,1
03011443ae91f3ee026234fb4e90d306,根竹山,根竹山,1,1,1
4e1a71d64944bf74d31d2a686dcd291e,河田社,河田社,1,1,1
fbd5eec0280a13821c9ed366165e086f,中田村委,中田村委,1,1,1
253005e0046e62aa55a8c49b7ec9bb70,和顺坡,和顺坡,1,1,1
b96a59580e62029ea237054e3dd499bb,罗屋社,罗屋社,1,1,1
290b50100752281c77708f77f80de734,湴塘,湴塘,1,1,1
d9747f16744eb0e8fa385adead76c9d0,桃莲村委,桃莲村委,1,1,1
2f81c775557608bf34bc07813956f593,猿啼岭,猿啼岭,1,1,1
c4e0cee6979aaf8e338db96516475bad,教师村,教师村,1,1,1
e16e6fcaf392fb5ead2a0062bf98ccce,东风公交总站,东风公交,1,1,1
4bded9b0f3e9140a9c6a0258f4911e8e,中医医院街口院区,中医医院街口院区,1,1,1
f2be8b2618a17396e979dda278b66f9f,新世纪广场,新世纪广场#1,1,1,1
d6293829f080d3861e7e80ca0e425ebc,邮政局,邮政局,1,1,1
c115ed5f0170fc0a40756cce4830cee4,塱仔新村,塱仔新村,1,1,1
f58dd0ce915aa27e8087a672ab6bb52f,光导纤维厂,光导纤维厂,1,1,1
42b6894904e2c8e50e683b7cd1cf95bb,交通运输局,交通运输局#1,1,1,1
db68c70e8879f9cb3776c55b3d8d8375,青云公园,青云公园,1,1,1
cb440b67043d2aa5f69cc39e180abdc4,北星,北星,1,1,1
f1d7a170ded75724d389ef7452d3bfbd,高步路口,高步路口,1,1,1
91c5f8a59ebaacdad7a48f2e135f9c3f,高步村,高步村,1,1,1
d55a1b3ed34dd44e0070f13a8a69569f,新庄村,新庄村#1,1,1,1
dc0c32c51688c9ddeda3d75016ac71f6,城郊中学,城郊中学,1,1,1
4f8587eac20b0ef048764a16deb21d0e,横江墟,横江墟,1,1,1
b1bf22325ab1a87bda9bfd00cb279a12,长江庄,长江庄,1,1,1
ac979c377378859842994880826a6797,荷村路口,荷村路口,1,1,1
9b9aee6de3b3f0fb982997cf4c7839f6,白岗村,白岗村#1,1,1,1
545116d4d82cc8881b689cdc4e18833d,茂新村,茂新村,1,1,1
fc7770fef96489ecbddcbcc16c3a48be,毛埔站,毛埔,1,1,1
8bcd10d34a0bc32088984e2c7bc546ab,黄场,黄场,1,1,1
dcf5d7c83645e4beebac78a93b7efb20,黄场二社站,黄场二社,1,1,1
4af32b7b631bedb34a411567d3e16931,矮岭,矮岭,1,1,1
595b44fca91f339fb12651144550faba,左村大围,左村大围,1,1,1
ad02e71b2fee7dc9c447ea0131c806c1,左村,左村,1,1,1
325d484949135406eaaaa2ac702486bb,大路脚,大路脚,1,1,1
c004c9402f736b4b2d89988e5cd02633,山子眉站,山子眉,1,1,1
7300257bd8b84624a4e80a6eb0b51e4b,上围,上围#1,1,1,1
be4265c704127c70902c7220d3535eb4,对面社,对面社,1,1,1
4e5807c864bc2385f6787f4a00e39b15,潭口,潭口,1,1,1
99edb805d075779f4ebb95041eb16fb1,民乐长岭,民乐长岭,1,1,1
5360e11ab579212bb59d9b18ce051ed1,新围,新围,1,1,1
88358a23abe455667e3d5605b89f476c,民乐村委,民乐村委,1,1,1
18636659b7b8a66aea3718469d2482c4,民乐,民乐,1,1,1
2ec219693b7d46ef5e6dc79b091cf465,车头,车头,1,1,1
95a51d52f895bfb4b3b8f466cfaff1d3,毛埔,毛埔,1,1,1
0319bb9517264ef165e0d95e3a61d568,木壳岭,木壳岭,1,1,1
005e751adbe3cb7966fcf99ee1d70417,凤凰颐养山庄,凤凰颐养山庄,1,1,1
5654bb8b8af49bdbbb6f4bf191eaab96,源湖村,源湖村,1,1,1
54bcb4a18f65271942758cc59d130946,冲口,冲口,1,1,1
fc524bfc04fbac1b73484396156b6bad,中国电信,中国电信#1,1,1,1
65f892c9ecb794670f0e101d8f64ab31,新城广场,新城广场,1,1,1
8b725bd1fb55694e4b8f59b35488fc06,供电局②,供电局,1,1,1
033edaf4fd0721653255d2fc16915c72,河滨公园,河滨公园,1,1,1
af73e15f04aecc5e55695d1507d1831d,博物馆,博物馆,1,1,1
67db429e7d6a9c526b2ef4d29b78d9fb,从化大桥（向阳大车）,从化大桥(向阳大车),1,1,1
2349dc4c2d8806cb6160d2c0834bf8ef,东风村,东风村#2,1,1,1
7bc3d57d73da8066be32aa22827d88d8,东风村委,东风村委,1,1,1
56784b0e58b656764e9bbba6c83e248e,塘下村委,塘下村委,1,1,1
0064aeb41caf97fd6f8f2be1597ee3b0,塘下村十社,塘下村十社,1,1,1
b41ea777ebff94f489ab04b312119028,沙洲,沙洲,1,1,1
4b1227a7e570ac0349ad02fa95a80853,麻一木棉站,麻一木棉,1,1,1
3a82ee83b2bb0dee99ec902f11926b5f,麻二村委,麻二村委,1,1,1
7e39e41d8c1f25d84006ca0fcb4b8277,麻二大房,麻二大房,1,1,1
d03c0aebbea347ade5c6b8e8d66825ec,麻三村委,麻三村委,1,1,1
dadfa3cbc07ee1ff6aca1223c80f635d,源湖村五社,源湖村五社,1,1,1
6cbdd1cb233785b410588a74cbe7da22,松浪社,松浪社,1,1,1
eaf8ee6f4b11c7787b57ff7afce17e88,乌土村委,乌土村委总,1,1,1
714f90d1e84c7bc1fb2a97b04ff21d7a,南方学院后门总站,南方学院后门总,1,1,1
f028540c6aeddd55929a424a0fe743f0,河堤广场,河堤广场,1,1,1
9bdf6974187bd5e9d1e7d73af4bb5d44,供电局,供电局,1,1,1
69483e3ecdc45724f2e7f192181ae140,府前路中,府前路中,1,1,1
1275a7f0020394f7e84681c7c486705d,联发市场,联发市场,1,1,1
55b90ccf91513ecc0720f56921a660ef,新明村,新明村,1,1,1
130b5edbfe1fe869f4be97ff87f104be,白田岗墟,白田岗墟,1,1,1
a995cce42acd5f727b925496d41fc922,大田社,大田社,1,1,1
7bac496f024e3240a0de81107f11a494,锦三村委,锦三村委,1,1,1
d1b95ba3c33a5fe5109fd881f5aed660,辣塘路口,辣塘路口,1,1,1
06188e2c76b6c6571cd69cdb452939c9,锦二村委,锦二村委,1,1,1
24c8b635a59c05d082392e3ac3160fde,榕树头,榕树头#2,1,1,1
74bc8f8b0f8235e3a5cebf4d9162e3bc,锦一总站,锦一总,1,1,1
1fd0895d733fceaae445d1ccb210f7ce,上罗村委,上罗村委,1,1,1
25b404ce2160cd8ecde3fff6891c67cf,上高潭,上高潭,1,1,1
34cd07d893d4be98f750f45785cdf108,下洞,下洞#1,1,1,1
45cd933c0c668d7442e0042900787002,金鸡,金鸡,1,1,1
2112fce20feb86c7dc5b7cc3f5afde30,瓦窑岗,瓦窑岗,1,1,1
d39d7319913e78cfdb7593c160a22dcc,新塘,新塘#1,1,1,1
20fe929c3039d76bb383c0ed656afe8a,下罗市场,下罗市场,1,1,1
17c8da4474f602f91461e0731d212b26,人社局,人社局,1,1,1
ea94b5a6378cfa12d799a3fdfa377d15,新城派出所,新城派出所,1,1,1
7c380c7033edaae0f86c57101693768f,供电局①,供电局,1,1,1
1715176c81e37444d5f4060449b74d71,蓝田东路,蓝田东路,1,1,1
e5af26c509cf58b2566f9ced5a6dff10,青云城内路口,青云城内路口,1,1,1
9b8f50baa99284288c8c5e4d249ad8ea,新村路口,新村路口,1,1,1
2a71e8cea65403a25c8438be20110cbe,西街口,西街口,1,1,1
2ff16be2f9b3b5b00dd998bb4e54190b,西宁小学,西宁小学,1,1,1
ba77496b38523b578c2d6221c805c355,旺城市场,旺城市场,1,1,1
461d4511605c2525b76f8dc92f9b9f3a,从化职校,从化职校,1,1,1
bafd97ac38a3e4d19ccccccad77e86bf,石合路口,石合路口,1,1,1
0333d94a27d65a312a0ff7c2d5a2f0b7,镇泰工业城,镇泰工业城,1,1,1
d8289ff2c2a462a7cf27c394c136812e,大夫田路口,大夫田路口,1,1,1
d87fa833127dd57d29973c84a5c49dc1,明珠大道南,明珠大道南,1,1,1
98d32a600eb8db144e1a073fcb594975,丽峰路,丽峰路,1,1,1
8fafbfdfae2d7de7a7b8207cc4806bbf,明珠市场,明珠市场,1,1,1
5525ab29f4d54a941a7240c9a7d3a9e6,坑尾村,坑尾村,1,1,1
c76baa2b2e2e4af26a17281fb0b5b32f,花林湖畔总站,花林湖畔总,1,1,1
e6c83651c01b7e05d4b43cdd94e1d946,广汽日野,广汽日野,1,1,1
8bde66de36d7fa8a339592c7327f56e8,比亚迪,比亚迪,1,1,1
bdaaa0d6343a18dad13bbb509c95232d,吉祥一路,吉祥一路,1,1,1
0c3976513b5dec12f50fd6845a13c618,如意路,如意路#2,1,1,1
a24b81e2eda9e6f3d064f64217ad758e,吉祥二路,吉祥二路,1,1,1
ea8fe28f22c3be19364199e1cf0b5eb5,吉祥二路路口,吉祥二路路口,1,1,1
1b8dfd699b41689b2016ce15a750e7b6,鳌头镇第二中心小学,鳌头镇第二中心小学,1,1,1
f0b5bafc873069363c5b84925da32ca8,横坑路口,横坑路口,1,1,1
17c818cbdabc9e9f55cd7f4d0aa9b189,水利二桥,水利二桥,1,1,1
293a1f32554152aaaa447ff0a7829f80,麦田生态园,麦田生态园,1,1,1
f22c389bbb59186af415ad4d5d0d617b,西塘矮岭仔,西塘矮岭仔,1,1,1
6413ba2335e45138d1b1c5d92bd30e22,西塘稻草农业公园,西塘稻草农业公园,1,1,1
3804074a7d8dc8110ddfd717fb876252,西塘村委会,西塘村委会,1,1,1
234ed9385db70403ecdaaeb6749c2182,西塘村六塘,西塘村六塘,1,1,1
660844b15092304d47efc53d989bdcfe,鹿田村水口站,鹿田村水口,1,1,1
48b1a65a70784de80c012dbef2b7eb94,吉祥一路路口,吉祥一路路口(水坑村),1,1,1
b180874f4951fe01eb8b57c3d525d3eb,棋杆中学,棋杆中学,1,1,1
8f424db61be0ab9fd48827025a25dbf8,棋杆慈济医院路口,棋杆慈济医院路口,1,1,1
7d53f763d8170e740070d770c4a6bbd6,山心总站,山心总,1,1,1
2331d5618c2596c851a1b4314912d93c,山田村委,山田村委,1,1,1
7ca2448cc5ce8b9e0d041e329f78623e,山田社,山田社,1,1,1
d86b25608b63feb1d99f22e79a907e81,禾石站,禾石,1,1,1
91e37eebb575986b9c72f690af956c19,田心,田心#1,1,1,1
c4ca4296f2dc5d57e38d748ec5ba37c5,白石,白石#1,1,1,1
d77cb47d6896c6b62a7477b539e94a50,天就站,天就,1,1,1
70c0c607cdccc8a91d8c24fce6fa4a64,石咀村委,石咀村委,1,1,1
c350fa685e7afc692785a506439ae352,新屋社,新屋社,1,1,1
6f6565335089a77ec945aba492da6606,石咀村路口,石咀村路口,1,1,1
8c385621d620a37cd394a5d82ee16890,五丰村,五丰村#2,1,1,1
a344642428af7e135eaf8fac1811377c,从化监狱,从化监狱,1,1,1
d916dadec2b90d618bc3e7e1eee4e526,水西村路口,水西村路口,1,1,1
327de0006fbd788f2794387b53d86098,鳌头中学路口,鳌头中学路口,1,1,1
571e4043addfdcb04811507cc324815f,鳌头卫生院,鳌头卫生院,1,1,1
3ccbae30c3ad2567f0d3fc12b1888cae,鳌头农商银行,鳌头农商银行,1,1,1
7d0cfb72f25bdd7ccbf7650fb5af33a9,中国邮政门口,中国邮政门口,1,1,1
4e90bf8f73fa657785374d5a686b36c0,氹迳,氹迳,1,1,1
6a5b1b44e65857d6b323eb818d8ed075,水尾,水尾,1,1,1
e6375931dda550273e92975a6c5dec54,允塘,允塘,1,1,1
bc3864c8355d02d645635593d1277aab,虾角,虾角,1,1,1
a2b18c377fe697953299f143dd222e9d,黄茅村委,黄茅村委,1,1,1
42999caf709b815c4b8afdc720d3238e,东坑村路口,东坑村路口,1,1,1
a30509dd8f65682d728f7773f75f6132,白兰站,白兰,1,1,1
9b881770b30a04f01f4f556b87c681b1,黄茅村总站,黄茅村总,1,1,1
709238d92c0a6e541943639daaee13b8,玲洲站,玲洲,1,1,1
e54614ae4041cf1bda4553659e2a3948,龙星村卫生站,龙星村卫生,1,1,1
57d4ee0eb842568d53e7522e3dd9f858,白石村委,白石村委,1,1,1
a4d06f3c6cac093cd62003da63301152,鳌头工业园,鳌头工业园,1,1,1
5a4a89bdeb0240d6cc621fa0b8c7c6bb,白石村,白石村#1,1,1,1
0c59186cf3fd91694b8f79a6bf8eb379,龙星村②,龙星村(2),1,1,1
cd6afa513994fa946ceaf0ffa4a7c1e4,龙星村③,龙星村#1,1,1,1
08450d1f847145c8ae8ed06893b3d3a4,高丰总站,高丰总,1,1,1
ec8621445f85896f6cec289cc4ebdb01,营三街,营三街,1,1,1
dd792ebb210ca9af158bd280e531cdfc,丁坑村委,丁坑村委,1,1,1
69d72b8fd07226ce1992aa489db707d8,新三路口,新三路口,1,1,1
4d483af603e5a3f26d63ad2b115feeac,横三路口,横三路口,1,1,1
68d0740ad06d3da0f400db59cd2c4377,三坪路口,三坪路口,1,1,1
5e4b2126aa0480c7164e90e64cd9e050,岐田村委,岐田村委,1,1,1
5159ec1a33d94f8139511a8b07753c59,岐田十字路口,岐田十字路口,1,1,1
863dfd3bb720fe619f438fe748ed22a4,茂敦路口,茂敦路口,1,1,1
18c79037802020060d4b538a491da7af,下塘路口,下塘路口,1,1,1
923f171fa28b603e46acc4d2bb686623,农产品生产基地,农产品生产基地,1,1,1
2a980ed070d227207b2b8d576546aa5f,桥头小学路口,桥头小学路口,1,1,1
ed0085b1e414d4f9fac637d229651436,鳌头综维稳中心,鳌头综维稳中心,1,1,1
f6995b3fc9b462c7ea5abf3b7dc2a421,平坦,平坦,1,1,1
40362b9327003e2c3a2cc23cadd72fda,桐油树社,桐油树社,1,1,1
e10e77c4f80b386647bb92cee5a9a85c,石二社,石二社,1,1,1
101375e196afea4462f65ce9ea00a23f,石联村委,石联村委#1,1,1,1
20ff8e1fd3473b153905ab9aca6551ac,新村村委,新村村委,1,1,1
3a7c98f05915109b61e0c884677356a1,庙埔,庙埔,1,1,1
b6747659b34416a535f1e15e0bed3d6f,长塘路口,长塘路口#2,1,1,1
d3b4481b70595875cc8e36263fb8f37d,下亮,下亮,1,1,1
901c95720e4fa9ce4bc571bc0134445b,官庄达塘,官庄达塘,1,1,1
32dde22f82bd276f73b139da59a6e667,鳌头第三中心小学,鳌头第三中心小学,1,1,1
faea1b446f6754d0406ef55397b8d044,爱群村委,爱群村委,1,1,1
65553290fecfbdf66be3c58ea73465dd,庙排,庙排,1,1,1
8523c682e23e47a04ce7fe4e5b6e51d9,西山白屋站,西山白屋,1,1,1
742db240bb8a25d64934b130b5020398,西瓜岭,西瓜岭,1,1,1
df76791e9516ff5efc825f98cca8f434,将军塘站,将军塘,1,1,1
8942bc6d39f41544adc295e1a7c64476,紫石岗,紫石岗,1,1,1
13dbba1ab7c209ab31c873e953ced179,湾扶,湾扶,1,1,1
8876d4b1219a8ecab747fb209e1fb929,横江村委,横江村委,1,1,1
3d9402d0ee0fbb780d7641fa27cadbfb,山边,山边#2,1,1,1
a244d489ffa3312bc1e7b96d7982b2e3,鳌头公交总站,鳌头公交总,1,1,1
b16de60da096a558d6ebdfa1bafdda11,政务服务中心,政务服务中心,1,1,1
9b55e55a027e88f4936fa032ed22a6fa,广播电视台,广播电视台,1,1,1
7e627aa0617ea9811e10756a2d9013fa,自来水公司,自来水公司,1,1,1
13f00d5377c1dc9b08615d6f8e3465a0,法院检察院,法院检察院,1,1,1
2415f49787a491e1dcb77cf7c88c1345,儿童公园,儿童公园#1,1,1,1
c66ac07da6fd8ca6989f5d94b6335119,殷家庄,殷家庄,1,1,1
2286666ce0be5d02a307635cfb99d516,迎宾大桥,迎宾大桥,1,1,1
1e73892c4530405f58745a43797bd91a,富力泉天下,富力泉天下,1,1,1
2afac2e00ecab97c69ba96278ee05660,温泉农贸市场,温泉农贸市场,1,1,1
8fb0ec20b71c2efe5dc0892ae81f97d9,温泉宾馆,温泉宾馆,1,1,1
b83b8b96f473c05424cd862227f423e8,荔圃宾馆,荔圃宾馆,1,1,1
7a0f945f2602dd523c82a6a1445986a3,温泉西路,温泉西路,1,1,1
b2638f33c9d065cb4d7ee85803dc5af9,清音楼,清音楼,1,1,1
d957a4ec36f32f98697a858279ecf53b,侨宏花园,侨宏花园,1,1,1
ac8ce9df01dd318233233502ab0d650c,沙岗村,沙岗村#1,1,1,1
4b93566bdb32716f44b9d554d76a70ff,区婚姻登记处,区婚姻登记处,1,1,1
61616ad1399ce3befb2353e28789348b,温泉明月山溪总站,温泉明月山溪总,1,1,1
99a92ad5ce04c837343251aaba2bd6fd,吕中,吕中,1,1,1
466e5d4745be5846135a56bb27104751,米围,米围,1,1,1
3c22bfa661d17ed536792a4e9faca292,横溪,横溪,1,1,1
3ac32379cd3f118d3935dcb4d0b8f25e,塘丰,塘丰,1,1,1
3c4a04090adca1da40c80928d3a61287,联丰村委,联丰村委#1,1,1,1
bc351486319d233a7e9316cec78f0098,桂峰村委,桂峰村委,1,1,1
58b606a6905eaa42fc1c308dc79b1a57,三村村委路口,三村村委路口,1,1,1
bbd752790a272f205c79239ad353bc83,红庄社,红庄社,1,1,1
73672d9fe1453d80f83ae8048883f483,大陂（地派）,大陂(地派)总,1,1,1
c720e0d38b69f7cc62e992506a9c37d9,荷村,荷村#2,1,1,1
037487609be7aeaf030fa7934d9326bc,三水,三水总,1,1,1
fd3095b48e7b3c30fe5e9955dd1b1149,河洞,河洞#1,1,1,1
ce0a5a1dfe7ec4c45620d66f11f56027,车步,车步,1,1,1
6dbca9419b1a301c7725e0d31c92db27,横楼,横楼,1,1,1
df7decfcbe8df3bb6503de0fe7a711bb,新村,新村#3,1,1,1
27c45f0cc99f6e7243465c80e5101ad4,下洞,下洞#2,1,1,1
31b8bbd8ba91b00eb9e445f7a87d982c,旺水口,旺水口,1,1,1
609957d5981248da843ccd393f3a30b9,黄水口,黄水口,1,1,1
96fd7999f9c8ece378ee27fea24a21bb,吕新,吕新,1,1,1
82adebec5d4240c0a07900dadacbb36c,大排,大排,1,1,1
afffb43dd14edc0720d4e032452600ab,三村路口,三村路口,1,1,1
a6fcca23e6bae374aba643994a85a0a7,塘基,塘基,1,1,1
1243b7ee8e41078b712233f42d9901de,邓村路口,邓村路口#1,1,1,1
687278549ca4134082e83437231ebc9b,罗水楼,罗水楼,1,1,1
d1034920f1d87326c82996c3b9701272,石脚下,石脚下,1,1,1
8c4f249213d6ff6ee1541b44affdb535,杨屋围,杨屋围,1,1,1
7979917174e8ad97f2ebeb6459ff2241,新联,新联,1,1,1
87eea982c7102bc68927873838bf7b95,官洞,官洞,1,1,1
4adbb4cecb4b2c4d2e8eb129950d54d1,田心,田心#2,1,1,1
4c2e1d59c555dbe84915c45c1c7aa371,丘屋,丘屋,1,1,1
9eb13d39d8765dfba5750e748ea9c369,花岭,花岭,1,1,1
fafbc235c6ed9f5d957600a75b8ca954,小杉村委,小杉村委,1,1,1
9362ede339663d62d26dfe6d632009bc,潘屋,潘屋#2,1,1,1
7c6ab423599a2fa81880d4d1c3caeee4,东明墟,东明墟,1,1,1
c8fc896a5a5765633d158fa3cafdf91f,东明居委,东明居委,1,1,1
f6e6101f0abd6de2bde7e5542c61a6f3,下大步,下大步,1,1,1
fbde9c28717c0d93eac587df8d3e3391,东坑村委,东坑村委,1,1,1
cd16c508a6304e70a9e2100dff75553a,东联路口,东联路口,1,1,1
989eeb0dc4a274d72bac80e6413972d2,南坑口,南坑口,1,1,1
8309f194473a0ca4b143446b20ffe9b8,浪口,浪口,1,1,1
ec8120bf3c9eedaf92ceddfef9132385,份田,份田,1,1,1
b123cb0bfef81d5242cba3d76a353c43,良洞,良洞,1,1,1
9ae7997e73dea7486a6d855aea3b13ce,竹坑,竹坑,1,1,1
3ce862ac7ba8ba9d1df615b80a461d3d,吕田社区,吕田社区,1,1,1
a56d8a3ac1b6d01d630eec400d83de70,东西门,东西门总,1,1,1
e971e48e56d493a9bafda3873072ff02,中片区,中片区,1,1,1
33111ecb6f350330a0cacfdd1a079f2b,狮象村委,狮象村委,1,1,1
d38a97708ac84413b369fe83711c5dcb,石龙大围,石龙大围,1,1,1
1553491a5114606f51c6186e748fcc5c,上围,上围#2,1,1,1
7b4638cfdb17c09c9ffa82acd92c4a3d,水埔,水埔,1,1,1
70d9b13ecb489e61f677ff561cd0add0,水埔村委,水埔村委,1,1,1
61fbb84da0fb8197bb5942df3457722c,松柏塘,松柏塘,1,1,1
7da9882a6fb22f35853f2c855cafe21d,吕田第二小学,吕田第二小学,1,1,1
5f0b9c3a499471bffd45baf62dbdb3c2,前光,前光总,1,1,1
bbbc5cd9b11b4ef0aafea8866429418e,走马夫,走马夫,1,1,1
b1dcb2bac75ba19ae93836598156af69,东联村委,东联村委,1,1,1
758de68eff20d829febca943c8907f24,连兴,连兴,1,1,1
8518b4e0df731c352a3dd62168de36a0,松树院,松树院,1,1,1
ed68e2063f1c818bec88baa74f7b8559,连塘,连塘,1,1,1
45adb62f42bb4dd875dadae0d4450471,大坪,大坪#1,1,1,1
31f790375ce4ee5825edc73d7186611d,珠江学院,珠江学院,1,1,1
ad0290a9544048820871e18ce8439e75,沙贝村,沙贝村,1,1,1
7c0d6fc5ac05d5a61c5c1f923016c7ee,赤草村,赤草村,1,1,1
81b54d1ab063cd0df159f4b131bba9f7,店头,店头,1,1,1
277b4ed9e42d28e74063d65dc4f1a093,地铁赤草站,地铁赤草,1,1,1
12404be55d9e73a240058d0f1e4ee208,邓村路口,邓村路口#2,1,1,1
6684185f33d585e8eb75be88753a06dd,元洲岗,元洲岗,1,1,1
58b6ba3b0d19a4574d06cd37b21d72da,广州龙涛外国语学校,广州龙涛外国语学校,1,1,1
f5cf0269370e51a8c5db06f728b388d7,神岗村,神岗村,1,1,1
dfd9ef77ac291ae9e5c274802095ccf6,神岗墟,神岗墟,1,1,1
55237e67d126fe34ff063eab43976778,神岗中学,神岗中学,1,1,1
e773bd85942d01c6adbbcf866f55d6b2,大塘边站,大塘边#1,1,1,1
978e569be13c4f30d8a0f541d2229fcb,水南村,水南村#2,1,1,1
52aa3f8bd23b0e389c3da3e40e0274a7,大城云山花园,大城云山花园,1,1,1
37e35d1aadcc752aa5cac3b47ca5c72a,地铁太平站,地铁太平,1,1,1
68935a5620d7975330c93d21a7e37c38,开发区管委会,开发区管委会#2,1,1,1
bde2167fd83b969569787a395dd49846,丰盈路口,丰盈路口,1,1,1
89ca805a389919851a79de2d15b5e827,地铁太平站,地铁太平,1,1,1
8a359edb3137a1f95d1375641cd65fa4,环亚工业园,环亚工业园,1,1,1
316305b8de94669587d880792a9e2c4b,东明墟总站,东明墟,1,1,1
bb40a2fcd0d390324dda348fbd2e26b7,茅田路口,茅田路口,1,1,1
521706842ebe45f4eb8084b699513ac9,石明村委,石明村委,1,1,1
05757c8a2a84dc45f447941031e4f0ff,仙溪路口,仙溪路口,1,1,1
b3db067aad0a63e976303be742c4a8e7,乐明,乐明,1,1,1
ee45dc0c9fdc64a5a1085bdf80791014,大围,大围,1,1,1
5081a2ce15e94bcf9aa6a49b2aa6ce66,仙娘溪,仙娘溪,1,1,1
16e527bb22b7c7dfa6e56b4673637e47,长流村委,长流村委,1,1,1
5ac40b0d6301be7cefa4885e6c056145,长七,长七,1,1,1
e55bae5465927f3e1898154c2f47bc3c,枫木塱,枫木塱,1,1,1
813bb93f2bdabd56e148b8b1b6e078eb,梅树村委,梅树村委,1,1,1
da3fa502d926c01c1167c634b119a8a0,胜塘,胜塘,1,1,1
657fb0d64fe9373c405f70f0af4e7c5d,黄龙带,黄龙带,1,1,1
956aa0606efd0a611f7c15111062deb6,大江里,大江里,1,1,1
f17bb43c52692368d78c622e1a5d38f0,黄竹塱新村,黄竹塱新村,1,1,1
8e0f6ae8f05d51aeb88b03a5f9dd3aac,黄竹塱工区六队,黄竹塱工区六队,1,1,1
cbd33b726bbbe1d462b214c2cc524c92,南山,南山,1,1,1
5c194e7c6d39ac9a53be3f6a891fc76e,三亚塘景区,三亚塘景区,1,1,1
6720c805a783a8261d0dae64e37d517f,三棵松工区,三棵松工区,1,1,1
2dbf11ed37be8c95ece504679ee99bc4,东星,东星#1,1,1,1
4d63f32f441f0cc25858fa2b0d0e5444,东星村委,东星村委,1,1,1
1834ab748fab1fe4f22278cbb80f8e64,下溪村路口,下溪村路口,1,1,1
ece0c0f2937f5318e6da5a0d40cba7c6,溪头,溪头,1,1,1
d524e664b4d065bf13376fcd8d5b0d0a,猪肠桥,猪肠桥,1,1,1
f2a0faf2764905385bcd42fe9eddaee1,千泷沟,千泷沟,1,1,1
7a3dbe5c91b94a61e800f4c3ccd7a2aa,锦村村委总站,锦村村委总,1,1,1
f59896162246b46b96a141482a597e06,联溪洞牌坊,联溪洞牌坊,1,1,1
cdbfc9ab603ab75c15ab2268c44bcc16,半径站,半径,1,1,1
580432837971c4bc8f2b4aaed0f8d868,背荫,背荫,1,1,1
e3bb1a6f42d5986b1254873faa1d4f32,秧溪,秧溪,1,1,1
68a14d182099dd6ccb9b121e67752c26,冲岭路口,冲岭路口,1,1,1
555c5281c93d7d920e12cbe407e996ab,黄围,黄围#3,1,1,1
05cf39cdf15a27709d36510144cba093,达溪,达溪,1,1,1
6a3245091da78c8467f8cf821d8aa611,牛轭洞,牛轭洞,1,1,1
0343c19dc0a435107d53aea843c21577,大岭,大岭#2,1,1,1
a17a29ad68b4a8e1fe60c77f39b45caa,大塘边,大塘边#2,1,1,1
18da7ad7a47d4296d468ca51ec8fb60c,格塘,格塘,1,1,1
4bb07947ef9488466921b1ec16bfd0f0,良新村委,良新村委,1,1,1
2e34fbfda273ecf04767f6f8e9f59402,赤树路口,赤树路口,1,1,1
3f0c27feddc917625bfcf32678a0a48f,团丰,团丰,1,1,1
2b910e4a33cdfc02a41951a64e3606c2,茅坪,茅坪,1,1,1
9f44e4fd3db80d7b9be9a6d26fe23105,和丰村委,和丰村委,1,1,1
682bc91ac6d211a676911758ca6faac6,汉田,汉田,1,1,1
2a810e5054ecad33605de3b9c90f5c83,牛路,牛路,1,1,1
487b12f527bdd459802a4812132c2d08,九龙江,九龙江,1,1,1
85cef060c14e47223d110ce1af8214a3,山下村路口,山下村路口,1,1,1
0a174856ff5478994ac8c7a2a80ce2da,散围总站,散围总,1,1,1
d8be5421bdd3c8fc1d2d3ae3713d8f43,影村总站,影村总,1,1,1
4cd3d4e278699845ee81e578a38a56e8,新塘,新塘#2,1,1,1
e5820c50654c621a0a9ac4ac1b111055,大坪,大坪#2,1,1,1
33d5f9ea0475bd20508af15089493aa8,良平村委,良平村委,1,1,1
4edb4ef6225c5b70771e5c6257b8fc47,长山埗,长山埗,1,1,1
bd34680586fede72e1f566fa583f9960,水平,水平,1,1,1
6912fed2935bc9343c02a921cbfe986d,岭头,岭头#2,1,1,1
903a26467f0e71abd2a57d29b4f3cd24,罗村,罗村,1,1,1
09c0b0a47fb99b471d53401d814b09a4,大洞,大洞,1,1,1
28957b8ceee9597dac3c342e241649e8,塘尾村委,塘尾村委,1,1,1
db85ac644eeb372fba36c88f3a8a9520,生态小镇,生态小镇,1,1,1
10d1f027e4eb6bfed13b6c0e86fd3432,共青路口,共青路口,1,1,1
3d889984a36b443f0d533c8418071fdc,磻溪村委站,磻溪村委,1,1,1
e34e45b75298092c324ff1d544f8fe03,新屋,新屋#2,1,1,1
42db7955487ee1fb30758f70a630242d,龙星,龙星,1,1,1
95656fd58a6cee205626405756c02dfb,邱屋龙溪谷田园世界,邱屋龙溪谷田园世界,1,1,1
57cc9a99cfc5ca8679a48fa6d950640a,格木岗,格木岗,1,1,1
61adc3321132f33899ee63df9d82bb71,洛三,洛三,1,1,1
801a89d811c9f51980c1c58f555749fa,叶新围总站,叶新围总,1,1,1
777e3eb46c6e83cb57b4992bfeb3079a,楼山下路口,楼山下路口,1,1,1
4a04f57328eab1969869de85230291aa,石岭村委,石岭村委,1,1,1
183fc933c39984b7cd6d33c3184f7540,苏坑,苏坑,1,1,1
8787cd7337257d275394bfba2f822b09,石床,石床,1,1,1
dff22e018bdb1e8894aa4a36bee864ad,山底下社路口,山底下社路口,1,1,1
dbf396f48d556eada2816fccff286d2c,小沙村委,小沙村委,1,1,1
27f774e929aa1e57cb004e48ae47efe8,嘉禾制药厂,嘉禾制药厂,1,1,1
b615a5b2820320d3bf8e000e0dbc88d6,红旗村,红旗村,1,1,1
bdc81814d2da68fa11802ecd64189ab8,周屋村,周屋村,1,1,1
03be5017bd91bdd5470ecf1aa43ffab0,喜乐登活动中心,喜乐登活动中心,1,1,1
c898697b4cbcf83aa911e49f09fc4902,宝趣玫瑰世界,宝趣玫瑰世界,1,1,1
65c4a9bdf451b58405eb2bb7628110ff,天适樱花悠乐园,天适樱花悠乐园,1,1,1
b7b7ef2ce8ff6b65aa8ec34b92b40271,大丘园,大丘园,1,1,1
78d86729b28f3ba5e1500add7fc769a2,大围村,大围村,1,1,1
97506879546d855475f6728bf7152011,陂下,陂下(光辉村),1,1,1
e5b97938c32c387597f6c710942f3cd2,城康村二社,城康村二社,1,1,1
dc9b6c9acf53618b758f46ed208108e0,城康总站,城康总,1,1,1
6f8d4af0d9794a09acf2750af1f9d024,西和牌坊,西和牌坊,1,1,1
8c06d898281cc2f5ccbe5a23bf3ece06,南平村委,南平村委,1,1,1
7839569770567ed50bf22fc9eecf9f48,木棉社,木棉社,1,1,1
28a0391d066b0323e4653e05c543be82,王洞社,王洞社,1,1,1
a522775891a1673e98ca4255c75e8b74,石古塘,石古塘,1,1,1
c28bbcf0a4764c290c2781cfbcae0ea2,新南村楼下社,新南村楼下社,1,1,1
1896b20c680fb68a716b1ae1a108a70d,红田围,红田围,1,1,1
fb63ed6d427c3bbe4fd0b0fa85f1a36a,中田里,中田里,1,1,1
d54b552446eaaf59ae062b4eabd32b82,石桥社,石桥社,1,1,1
f19dd3a34eff1c175049d5c20219b6c4,兴园南路北,兴园南路北,1,1,1
3f5396966506894c28aa963fdd419180,兴园南路中,兴园南路中,1,1,1
5d402d47b580105390eb28977b8e4e18,兴园南路南,兴园南路南,1,1,1
a53b088b2b310c6cfdf7be4b5418d508,西庄,西庄,1,1,1
3e4734c3b85aec446c25125932ee55b6,郭庄,郭庄#1,1,1,1
8a138d15a2b942446db3a344e6610643,共星村文化中心,共星村文化中心,1,1,1
de30b69eeb84507bbc04e415b438c78c,共星村委,共星村委,1,1,1
fdf17acb42b93e3dcfc0aa5c170916b3,竹园头,竹园头,1,1,1
43bf375327eea5bdb83de750c4f8e401,共星市场,共星市场,1,1,1
9359bb40dca22b46bf246ea8ad5c1532,鱼良头,鱼良头,1,1,1
6722c9d6556addc2bfe89358f282c1ee,木棉木场,木棉木场,1,1,1
a0349e8d9e8b9d92247fcff98b791a7d,木棉小学,木棉小学,1,1,1
aef6c2f6975073dfc65c6175a611659e,五岳庙,五岳庙,1,1,1
a8fce20bb33b0017c20f887a8e65baf2,龙坳桥,龙坳桥,1,1,1
279952ed817ca00754a5eed5f886bb65,银林村口,银林村口,1,1,1
374102ed304a496925b66901774c577f,李家埔,李家埔,1,1,1
0261ad6e6e9598c6a2772d687199ecf1,钟楼古村,钟楼古村,1,1,1
ce1c65039bc17564a334a91afcd327c6,东风,东风,1,1,1
b32bf082bbbd36f5b5d1e2d023889437,龙水井,龙水井,1,1,1
45b62e707a6d673ee44c5399c7b1e888,塔竹坑路口,塔竹坑路口,1,1,1
ef36d153d254c72d9582cc84342f9b54,上塘村委,上塘村委,1,1,1
e451c2e00b5ced0e4c64685b5dfd3913,上塘小学,上塘小学,1,1,1
91a4d7096ad5dff628f1d362ce6c39db,六二社,六二社,1,1,1
4b1746a044f84234f25006d535bc1b62,福星社,福星社,1,1,1
b84a1a8968b1f680d6b2a9a79ef7ea7f,石联小学,石联小学,1,1,1
fabc1d82e08537a66ac67d24546e7469,石联村委站,石联村委#2,1,1,1
03515c7162af1685aa9b7fd1833d7def,瓦窑社（公里社）,瓦窑社(公里社),1,1,1
9177b1a0c95dc4f023b3d9b8df5290aa,米田社,米田社,1,1,1
b70f2e212fd24c7777e0a90e532916ec,九头,九头,1,1,1
a0649aa12083b015b6a50d5d21a309f9,大窝塱,大窝塱,1,1,1
29cff1fab891686a71d900563cecc9dd,蜜仔窿,蜜仔窿,1,1,1
74b564b35417a5504149e164a14ae87e,汾水村委,汾水村委,1,1,1
9692f0032c0464dacc7d926c96b9829f,高塱,高塱,1,1,1
670aa7a5fe8d47ec146d625dbd55ef51,神棋路口（S355线）,神棋路口(G355线),1,1,1
4216e071d448bdeaa3805289cca52ae6,神岗大桥,神岗大桥,1,1,1
ebb74317e0799bb80f795fc9af88ebc3,十三社总站,十三社,1,1,1
354a2bf060b189d7e5a983d3651d6adf,车辽,车辽,1,1,1
95a3296288ae06bb4739b805fd464e1b,面带路口,面带路口,1,1,1
9c7d6d29055485505072dc776d5204b9,红石村委,红石村委,1,1,1
55f6d0328d9c90630034df584c319aee,白石冚,白石冚,1,1,1
a84e26d35f0ac01c204f5db63f9f238a,东向桥,东向桥,1,1,1
c172abef9337d428bcb53be04a9b416e,钱岗东向,钱岗东向,1,1,1
7c8e45b32e7b9513979a9c984520f98e,广裕祠东门,广裕祠东门,1,1,1
7a92283e656b14a351931b9d40c4ffa8,钱岗古村,钱岗古村,1,1,1
9a01676ea96aa568e3a7c5d6b79a3db6,文阁,文阁,1,1,1
9dd8ed7c75261dcc1815db73d25f1576,影田卫生站,影田卫生,1,1,1
2a7cdcb10167896e8f94cfd767108477,影田,影田,1,1,1
2a95f62a636ae1efa2ab6f488ed3183e,松柏里,松柏里,1,1,1
2279e5631d885296e7d2066da4d9214c,谢岗,谢岗,1,1,1
574187b2d6fa9c00b3dce144049ff53a,飞鹅,飞鹅,1,1,1
08a3b19a880465de959a996aa4fb8c71,高车埔,高车埔,1,1,1
47725a3ec29f1ba03cf4acbae2da0506,高埔村委,高埔村委,1,1,1
345ee52ad179ac0e5863cdd787f55e8d,上大埔路口,上大埔路口,1,1,1
e0843df4f91958a1659bdfbd116e9eb6,屈洞村路口,屈洞村路口,1,1,1
2e57c77e744619777bea0f60eefc9e96,莫庄,莫庄,1,1,1
dfe225617d772cdf71893f9488888808,太平卫生院,太平卫生院,1,1,1
42db5e86b8d602bf8933e821e7b63882,分水总站,分水总,1,1,1
a97cdc0012d4d851c87e6f7e42210d68,东星社,东星社,1,1,1
fee0c1721321b278cd92e28b888db042,分水村委,分水村委,1,1,1
c4d3aa3c8c2423651385cdb9333f2469,高平桥,高平桥,1,1,1
f852e905dfcb51998f9dc2c81cd801bd,高田村委,高田村委,1,1,1
ea98e5d26b65382ccc4d6da7842d5356,集星路口,集星路口,1,1,1
79cb14d30adf33144b859c33553ae374,平山路口,平山路口,1,1,1
48c470152f2c1934af10fe7d9d2d6eb4,东星,东星#2,1,1,1
e7e998209d296bd9161a42fc96a66c99,飞鹅小学,飞鹅小学,1,1,1
bb17dc98d6ba0780f3ff98f83eddb409,陆宅一队,陆宅一队,1,1,1
d44fa17517c8feef36c6959d6b599995,西向,西向,1,1,1
ae07b5326ba109ce346907f904773bcc,格塘村委,格塘村委总,1,1,1
abaf56dc44ad84d93e2fa32342c0ea93,格塘二社,格塘二社,1,1,1
ca1139c3f210abc2491137186391879c,新庄路口,新庄路口,1,1,1
5a93bbb7c931c2acf84cd5e62bf6bafb,连塘村委,连塘村委,1,1,1
25417284e2f91f3f9b704f82fdf6b5ed,连塘市场,连塘市场,1,1,1
bd0453196e1dbf80f871a151a87660b6,凤翔里,凤翔里,1,1,1
323212a77866f3cb056e1f4fcac4a90c,七星岗,七星岗#2,1,1,1
b18c6cb2ca41ded601a9a91e4b1a3e3c,连塘路口,连塘路口,1,1,1
fcc72b7b991978bf8a58a4fbd2c75cb3,白马塘,白马塘,1,1,1
e97d9ecdc78056a39f5e24db463e6425,牛心岭,牛心岭总,1,1,1
03de1ab4bae4d0748057ea27c59c8643,大兴,大兴,1,1,1
ecc8a7d86128d6946b1fd6d8c62471b2,陈庄,陈庄,1,1,1
d8db5b40a6d616c437d57a276dabde86,林村,林村,1,1,1
318daa15b1ec9c2500c68f4da8dae6d7,联星西街,联星西街,1,1,1
806124de5d7fee912d7d753a73d7f582,联星,联星,1,1,1
596e67fe77f33c59be7e5715c1434a31,银林卫生站,银林卫生,1,1,1
9a13d752b03a851bc2bc8b801003fb5b,银林村委,银林村委,1,1,1
5e7e3612c306b68e18b1d27a33fd6e53,井岗菜场（从玉菜场）,井岗菜场,1,1,1
48b13f2ae8a804f72adb9c684ede9066,西江社,西江社,1,1,1
8d5be53de0fc73be0ae4f7fbe4bce064,中和,中和,1,1,1
86cc24d1887bb328e37dc688a297315b,井岗村委,井岗村委#2,1,1,1
593de36af175a392f983f6363852586c,新安,新安,1,1,1
21c045bed2c3a105a367ba9e21dd58d2,郭庄,郭庄#2,1,1,1
3dec12aa6c7f14ecee8a632ba8b19ea1,金钟,金钟,1,1,1
4566bf87fec4293d7e3ee3ac7180b00c,地铁神岗站（八号仓西）,地铁神岗,1,1,1
fd950e53734d09ebc0541ed1bbb44c57,沙元埔,沙元埔,1,1,1
2992420bc678193f8476a0f806388974,牛古潭,牛古潭,1,1,1
9ce2f8447938c564c77ae455e1ef601c,大山路口,大山路口,1,1,1
6f7a88352e39437ebe1601a4ea465a73,新村,新村#4,1,1,1
7d9a43104b6e44ec0dd60d8d4daae7c9,秋枫村委总站,秋枫村委,1,1,1
af99007ff30a30603e9fe14c5daf8a7a,七星市场,七星市场,1,1,1
b8fa3e661031846f0c6376446e061a91,七星体育公园,七星体育公园,1,1,1
e0d0c57b6de543fd5f7afd3fe4a2ca89,禾仓村,禾仓村,1,1,1
f49aa61df13b9101818b2d26d82d5fc7,城建学院,城建学院,1,1,1
bc8c76b6f0d85d0dbaa58f5acb627c7f,商贸城,商贸城,1,1,1
da03b7b84c5a7294f405d18ad274c1f2,城建学院总站,城建学院总,1,1,1
7dd48a2039d07aeba6ab194c8e40bb00,七星路口①,七星路口#2,1,1,1
d3ae67c62866a9929fed460d4c073ad4,从化二中,从化二中,1,1,1
4b66d33bc23af17a5514ad8021492d26,三将军村委路口,三将军村委路口,1,1,1
52717c8a7dd9b07ba930fefe485ffbaf,镇泰东门,镇泰东门,1,1,1
0fe67d89f359d9202320245e8fc37b04,南粤技工学校,南粤技工学校,1,1,1
a68d68f473ac59c0d9e897eeee838cf3,白田岗,白田岗,1,1,1
901a3c1643cb611910b8a78d7d7285ab,广州医学院从化学院,广州医学院从化学院,1,1,1
471e83a50e3c4450bb1d23412759ea6e,江埔村委,江埔村委,1,1,1
83079ccde344c586004f2cd5f6c15b1c,江埔村,江埔村,1,1,1
b2bcea82baa21b4b3f9c043118bda387,从樟一路路口,从樟一路路口,1,1,1
60dfebe577df16fe43da000b868433bf,河东中学,河东中学,1,1,1
55fe9d956ae12e472226d71f10345c4b,山下村委,山下村委,1,1,1
c45ffa84e4c92c1684aabbe159d29410,高峰村委,高峰村委,1,1,1
cfce88213125cfc21d5fcd2337b7f38b,迎福里,迎福里,1,1,1
0846e5e8012577a64cfa03624896c4da,福上下社2,福上下社,1,1,1
14ffa1a91f895e402767481e0f2447ce,新田村委,新田村委,1,1,1
c08e65766332f30dec61c7d8a9e56e9b,龙新村委,龙新村委,1,1,1
01cc8a3d8f24b76724f99da4b4322141,宝溪村委站,宝溪村委,1,1,1
bb9978b2b66b8fa4d0b14150010d642b,宝溪村一队站,宝溪村一队,1,1,1
568ec8380c4a03fbaff76ec193588dbf,大岭村委,大岭村委,1,1,1
cc2ebfddc36a3dd3cfc2982d60986d80,帝田村委站,帝田村委,1,1,1
c178edd48c85cf58a5b0d603e97e480b,松园村委站,松园村委,1,1,1
e75513e998333c4e8fcc5dbb16869cb8,塘基村委,塘基村委,1,1,1
5784a81718e5d89640842bf44874a46a,黄水口站,黄水口,1,1,1
a3ec6445d68ad365825b3bfeaad16097,鱼洞村委,鱼洞村委,1,1,1
3094cadd695a85be4cbd529a958cdbe9,联平村委,联平村委,1,1,1
ec640ff402655329714b9e13a748be71,古塘社,古塘社,1,1,1
c1bf02a81bdd21f5bcc4e5b73a80e649,广州和合路口,广州和合路口,1,1,1
f1cf9ef121e78868d58d225ff2b7c98d,新隅路口,新隅路口,1,1,1
da534479f2ce701a5e22465016bc8600,城鳌大道,城鳌大道,1,1,1
e607593f8a428a9e8d591522363aee69,西街口,西街口,1,1,1
d51f6b29707699c5b260db62f45c352b,从化中学,从化中学,1,1,1
0a365b3782ec8a3c8b6e8e322d19392e,北帝庙,北帝庙,1,1,1
69f7c503c50464a150f4ad04738b7010,西宁中路,西宁中路,1,1,1
6e23dcaf17d2916fc9d374c4caa9fad7,佛山西站,佛山西,1,1,1
db2d2a10e218f6c318974d613bbf0cb8,嫩北村,嫩北村,1,1,1
3ecf50a63430c85c8c6d81a4a941e5fc,金棕榈湾,金棕榈湾,1,1,1
daf472432fc7597e245e88ef9dc77a35,横岗路口,横岗路口,1,1,1
7cf45789e6f33e0baff69d4283e8f354,九潭,九潭,1,1,1
7b1f44a4f5e3f1f899373a9b598c16bf,太平南工业园,太平南工业园,1,1,1
607ef4e1ffcfdc991c14e5ba3ea35d3d,草塘村,草塘村,1,1,1
8c1c8ebc57fb5bcb7377c8a8f5eb01f9,广佛钟边路口,广佛钟边路口,1,1,1
412f061f7e7cdf8853c4cc8e248c5a64,钟边村,钟边村,1,1,1
13762786e91ac032b92d56466376b129,蛇龙南,蛇龙南,1,1,1
87502221f9d07423e24dac45d7058bf1,南国小商品城,南国小商品城,1,1,1
e3a08c33215202df8af15b1372d8d1fc,西瑶,西瑶,1,1,1
9aca73699997663ca8520acef1535d73,邵边,邵边,1,1,1
c225bed1f6fcc460f22cf7d075c3c9a4,上白坭,上白坭,1,1,1
7d7cac655fb81fdfd9dfe54118f1bd9f,大转弯夹板城,大转弯夹板城,1,1,1
f7d950a2650c2da1b31ad68b4259a2c8,南海路北,南海路北,1,1,1
bd52eb02e9260e2cf2a79d723a68aa9d,黄岐城区,黄岐城区,1,1,1
e9206a76dbfa0da28079ff8488cade0a,广佛路东,广佛路东,1,1,1
6ba8d2cb28aa435aff41303f51024509,广佛路口（滘口客运站）,广佛路口(滘口客运站),1,1,1
98a5e5b22b4c4282c554cb12eee8cc78,洞庭路（碧翠华庭）,洞庭路,1,1,1
fda167b6476a44bda205576439ae9bf0,锦园路南,锦园路南,1,1,1
88db8bd2beed2e10909bb82f1ff70925,万锦豪园西,万锦豪园西,1,1,1
6be4538bc27d0d0502ea2e3a06b99509,千灯湖地铁站,千灯湖地铁,1,1,1
64f4253ca96bbd7f3131c6d087cbeddd,桂澜海六路口,桂澜海六路口,1,1,1
4b35a535238b87b936d3a8668da9a6cf,万达广场,万达广场#1,1,1,1
ccdee5b78c341151f51b6d756edb3d53,穗盐桂澜路口,穗盐桂澜路口,1,1,1
bc4161a0d0ad8a2323cb13cac57247b9,莺涌,莺涌,1,1,1
b07570bb7ccdbc262e8f29d8f92cea86,盐步三中,盐步三中,1,1,1
17a139f6cf656591b0ddda81619897c8,骏景豪庭（佰德广场）,骏景豪庭,1,1,1
11a95b7e9aa870a860f4d02ecd043bce,时代广场,时代广场#2,1,1,1
f573808692d5dadbd76384de66355308,虎榜市场,虎榜市场,1,1,1
fc704c1158736f2a6a84e062f290f3e1,三眼桥,三眼桥,1,1,1
f1c5eabc0a6f86f7ce0c013b19e24378,河东路口,河东路口,1,1,1
d2889b4e41a7df9e0684a342f4da8445,雅居蓝湾,雅居蓝湾,1,1,1
c4bab643773fab45b461f4a676f2f05c,雅居乐·雍景豪园,雅居乐·雍景豪园,1,1,1
cb6599279d1ea4c8dce35d3a34e96ec8,穗盐路东（迎海水产交易中心）,穗盐路东,1,1,1
e13d9a9f5023dc85a65a311f7e012e3e,景裕嘉园,景裕嘉园,1,1,1
114489ecda4aabe31cd6c873d36972e0,市中医院,市中医院,1,1,1
dad9e0ca48403793433701b0314322f7,灯湖东路中,灯湖东路中,1,1,1
a58b56a26a810ce24b4d8a1d57773823,人保信息中心,人保信息中心,1,1,1
b0d75acac9dcf8cca94831777ba3dc3b,大沥摩托车市场,大沥摩托车市场,1,1,1
8c2b4af8db178fe31dbc6f3a05b0a6d0,嘉怡花园,嘉怡花园,1,1,1
2ac3fb8a22e68ea14b3b7b7ac4f17f16,大沥城区南（新都会）,大沥城区南,1,1,1
e3192507794d5484b16f03026deb8f68,日发市场,日发市场,1,1,1
31c313a8047c8d58ffbe44bd33a831f1,联河路中,联河路中,1,1,1
1bb3363a263dc2f0f2a75e9288869760,海五桂澜路口,海五桂澜路口,1,1,1
073f9e10bed09d128b4f8646fd5048bf,夏南二大街,夏南二大街,1,1,1
1c124c09508f13215dce3d61b5eced6a,富景幼儿园,富景幼儿园,1,1,1
32f22969e20ed8a551b402c2d58b5156,明德路,明德路,1,1,1
549c44996df208d7ff1bebef2a98887a,平洲玉器街,平洲玉器街,1,1,1
159db146e0423de36ff7b3044e0efb49,平南村委,平南村委,1,1,1
8fea9a370b0e0b94d3e0f19fc49cebbe,平洲中心小学,平洲中心小学,1,1,1
cc7140655900985359e263bc03e4eec2,平东大道玉器街站,平东大道玉器街,1,1,1
5b8351c1b2dd4fe07cc492f6c3ecc3e7,中区站,中区,1,1,1
4308f7d579b57107a6f8d6820b35c948,新填地,新填地,1,1,1
52374c2ad38f97f990f94048e35abf4d,长江路口（禾仰广场）,长江路口#2,1,1,1
e692edc06e2ff8cefe2f666aaacdcf0c,科创大道南,科创大道南,1,1,1
609fe621d5d3c86fd1add415f7127880,环岛南路路口,环岛南路路口,1,1,1
c1a7cbd29686ea46fe89e2f04bea425d,东沙,东沙#2,1,1,1
fae0c1d4f2792a4ea3028ea4f8b422ef,科创大道南路口,科创大道南路口,1,1,1
d8b4eb0d4de9ae8c829b2e64862f127d,千灯湖公交总站,千灯湖公交总,1,1,1
9bcca930e1a5f94123285c555d9ca858,灯湖西路南,灯湖西路南,1,1,1
a5ea407eaca6a22dfdab5c9d578ed42e,南海体育馆,南海体育馆,1,1,1
9fa36c24e6b8d6d65ba3ce241f164c1e,丽雅苑,丽雅苑,1,1,1
bbc3d222f4ae7ad5ec853fb935b8ed67,南海广场,南海广场,1,1,1
202be75845342b350b19f437bfd0884c,交通大厦东,交通大厦东,1,1,1
85cbabbdce66a1df5f6fb398d3b5bdc3,西约,西约,1,1,1
9806b91e4f1b55877a859d35cbae7a0b,南海公交总站,南海公交总,1,1,1
d58abb12a8db72ddc5f85638f9fc00f9,夏西新路,夏西新路,1,1,1
13f4ddfeb8dbab2166aba7ec8f85d3c8,紫金城,紫金城,1,1,1
6d240f1843043c013fbef7cbfc2d071b,深涌工业区,深涌工业区,1,1,1
55c3980a9f3a736ffc16d26419f35450,夏东,夏东,1,1,1
c0ce5761b8c8e996aa6d13fb24f60a86,平西路口,平西路口,1,1,1
9aa026c52eecc9c3962abf4b9e62d95b,蓬涌,蓬涌,1,1,1
711c5976d70f27063d1b991f817fb3cd,格涌村,格涌村,1,1,1
471373c1bf35b0985c8a50cdec6a9aeb,平南市场,平南市场,1,1,1
500bd6255e6c6fccaa5b031f97b39a57,永安路西,永安路西,1,1,1
658827b6e03b928a03053fe5c24d9490,桂城长者颐乐中心,桂城长者颐乐中心,1,1,1
3121dcdb01c7d015d833ff4102a4d76c,太平路口,太平路口,1,1,1
d66de890e099295d05ce0f3baad6cbd3,平洲立交,平洲立交,1,1,1
d1c9516312e0ee9516de1b8debb5e1d7,芳村客运站总站,芳村客运站总,1,1,1
7cd2c86b7172cb4a705f9b40ace9580a,康怡公园,康怡公园,1,1,1
eb45718a3950ca09d097984acb77d378,佛平桂澜路口,佛平桂澜路口,1,1,1
c1eb4ebb1b2ba8725816c0330cdb0d35,经委大厦,经委大厦,1,1,1
b1d85c3cad8d4dd944550b161617d282,九江大道公交枢纽站,九江大道公交枢纽,1,1,1
ef42af31635ee01aecbda4d208231eee,苏溪村,苏溪村,1,1,1
5427c9162b0edaa3d6f298e880b93320,龙江片区分站,龙江片区,1,1,1
adf8e9380b512d3dc7ba3d1d780cc855,亚洲国际材料城,亚洲国际材料城,1,1,1
e147ec80ef152a1e0983a628b28eee18,涌口工业区,涌口工业区,1,1,1
853fa7faf5f102f411020265f911e523,水藤站,水藤,1,1,1
696592529f9664ff7ac0fc5f710a7e33,水藤加油站,水藤加油,1,1,1
ea8c79107d5351a4fac13f998fc43387,乐从红星美凯龙,乐从红星美凯龙,1,1,1
12c3476c7275f07b1816356bcd168fe3,新隆牌坊,新隆牌坊,1,1,1
750ad974508e90f521f9d7a399fa051f,沙滘路口,沙滘路口,1,1,1
9bb6be079ecb57d649cebaca30b9d8b0,家具博览中心,家具博览中心,1,1,1
fb302f901bf9b4b3a2b58dc0293f31cb,乐从交通中心（枢纽站）,乐从交通中心(枢纽站),1,1,1
8603ef37bf29a1e7becaf76cc50764df,乐从路口,乐从路口,1,1,1
bba923912974385c783dc380c44adef3,腾冲牌坊,腾冲牌坊,1,1,1
61864add6fa1ec719fdc1257e2a47615,小布,小布#2,1,1,1
ecf7acdb2470713786bc395bcc92f5e8,佛山家博城,佛山家博城,1,1,1
f418fd5727dbce72e4ff18be903b0911,塘头村,塘头村#1,1,1,1
9cb933241865be973ce8de9919b7c547,番村,番村,1,1,1
997de13766ea6c89bf67362882afcb75,绿景路口,绿景路口,1,1,1
69abeeaa02d3236736235e53c772db7d,河宕东,河宕东,1,1,1
becf3851d0bbff0211bd955f63d35224,同济西,同济西,1,1,1
8f015aad44593b01c5e3f916e10ac98f,江湾立交,江湾立交,1,1,1
7634c97a86738f7a9b5025647ec23e1a,旅游大厦,旅游大厦,1,1,1
eae69f2081cbc0282ab85fef4534594f,轻工路口,轻工路口,1,1,1
b0facfb7d0189fe32d0007d6d3bb00dc,张槎路口,张槎路口,1,1,1
72a7446d5a0200a063f90e7c0db4e439,佛山大桥（乐安）,佛山大桥(乐安),1,1,1
d616f9764e3614841c4a11f4e3fc9088,机场路口,机场路口,1,1,1
3e4432b79896ffa0d2731ba28d9acc9c,谢边,谢边,1,1,1
87aef679ee72f716fbc5b2219e11e6cf,曹边,曹边,1,1,1
a506cf2125133195982406b8e60ed7da,大镇,大镇,1,1,1
52f761c65f0a6f16d33866305e6af65c,良豪,良豪,1,1,1
63e286024b127bd62532dde2c493ef82,钟边立交,钟边立交,1,1,1
e21c6511b421fdca65b9028545a2f003,太平村,太平村#1,1,1,1
748fc132b657e130c91bda314bcbd508,凤池,凤池,1,1,1
1c81e6bd77f7678ad546aeb7c52f783d,蛇龙北,蛇龙北,1,1,1
044cb5459484ced7a74eb640ffe11a21,江夏村,江夏村,1,1,1
1a9e0b500b19789f2ee0d66ced51ed2f,泗沥,泗沥,1,1,1
c058b6fc452960d06cf8c5a1340325fe,平安,平安,1,1,1
3d8f318820cb8ca95c120cdbef411a44,江河路,江河路,1,1,1
d7f93793a8f9e3497c72d14ce5b1390d,横江,横江,1,1,1
7a5a24d30fc0a96c486ba67023d34050,盐步路口,盐步路口,1,1,1
4752e9e08881d8e506559e6b33527010,大转弯（黄岐凯民茶博城）,大转弯,1,1,1
afb511750c6b994057e8a2869b35d72b,嘉洲广场,嘉洲广场,1,1,1
cd885fc41fbd4c1972b7719eb6d1f144,宏威路口,宏威路口,1,1,1
5c9614e0a65d8e19d5291e5ef708ef2a,乐从交通中心（佛山大道南）,乐从交通中心(佛山大道南),1,1,1
77f13741fd366addc594e6fda86b3a67,仙塘路口,仙塘路口,1,1,1
238bb711f0eb0dd2529421bf34104ddb,丹灶公交总站,丹灶公交总,1,1,1
141197dfb6487860774fdf8156f5caf5,丹灶镇政府,丹灶镇政府,1,1,1
a726565f35879de75e03f1fafb539066,丹灶税务分局,丹灶税务分局,1,1,1
c88ba4cefba7e289c31d9f2534e019d1,丹灶劳边村站,丹灶劳边村,1,1,1
a7207c1c42d7ff5b55d79e708287cd0d,丹灶翰林湖（徐边村）,丹灶翰林湖(徐边村),1,1,1
ead9747bbef7256ee66cb526b9ec3a07,丹灶沙滘村站,丹灶沙滘村,1,1,1
5f40a58ba443c68c08e3b225b416c24e,桂丹颐景园,桂丹颐景园,1,1,1
d724492e9ef646e6eada2930b9f17e32,新境,新境,1,1,1
bb9436882ed97da1af80890141414644,新南海医院（南海信息技术学校）,新南海医院,1,1,1
56710197a4dbfcefaa12c482e38069c0,上柏,上柏,1,1,1
f95a58f7243beac7721f3ddc70a28ff8,下柏立交,下柏立交,1,1,1
53c7f50bfecf46a25c694b426707ef19,罗村医院,罗村医院,1,1,1
b71e9961ed0480b45a91e7be7d7568e6,罗村中心广场,罗村中心广场,1,1,1
7702bd8484bb0a3eb59e3299df43b0ca,北湖三路（南湖三路）,北湖三路,1,1,1
cda3663de10886546f5acb24be65931c,沙堤路口,沙堤路口,1,1,1
ea095838d50fd659364c436b1eb70d1a,凤林村,凤林村,1,1,1
ad5a93e501716d697cc75522cb6635c6,地铁联和站,地铁联和,1,1,1
521802677c510f45914c7a1bda256d37,沥口村,沥口村,1,1,1
f7eb8b99395d29042de721747b5de4a9,乐安街,乐安街,1,1,1
38f695d2a197f4c7a3384aa155066ab8,乐城,乐城,1,1,1
923219c5e0eed36a16d877208c2fcff0,华南汽车城西,华南汽车城西,1,1,1
be050b876c8c442c7c12d6851c06f11f,叠北路口,叠北路口,1,1,1
bd3afa89b30abc3f0ca1b334677ebc31,华南汽车城东,华南汽车城东,1,1,1
982a2bfa61ee01adb3ccdcdb1004b23c,桂江桥（怡翠尊堤东）,桂江桥(怡翠尊堤东),1,1,1
9c2a1fc897ea40eae1e398ca335829d7,奇槎路口,奇槎路口,1,1,1
d828cdfe087ad2f340f5381778916db0,水头路口,水头路口,1,1,1
f705b91acdb6df9dcbdcfecf0cb6a07a,盐步大道北,盐步大道北,1,1,1
11e7f3cdce4dc0c64cc9bc8ea380f926,地铁联和站（罗村一中）,地铁联和,1,1,1
4c1f44df274d214e1ca902c2ad245985,罗村中心广场（罗村城区北）,罗村中心广场,1,1,1
5f8fa0138f5981b66df266871a2716d4,南海信息技术学校,南海信息技术学校,1,1,1
ad0a0d770727dd045ca5657c0a1be951,新南海医院南门,新南海医院南门,1,1,1
71f9fedb70efdec5f5340d7960ba0b74,丹灶金沙邮电局,丹灶金沙邮电局,1,1,1
9feab0cc6d98061945ddbe57dd8a032b,丹灶金沙城区站,丹灶金沙城区,1,1,1
efadba8a48a742ba9aee34baf762f67c,丹灶徐边村站,丹灶徐边村,1,1,1
8e46fa29ced217bfe6799747b0e08452,丹灶医院站（环保学院站）,丹灶医院,1,1,1
3ce8928af95f505f7ba442c895249184,商业步行街,商业步行街,1,1,1
3607ba01d49b93465d67a93f4daa881f,佛山大学,佛山大学,1,1,1
7766345af9214cc87998364783c3c60d,弼唐,弼唐,1,1,1
81bd668fa80d215fc6106d85587a5e3d,江湾二路,江湾二路,1,1,1
6a07e10487a797c840e740ee6be6f115,石湾客运站,石湾客运,1,1,1
1aedc30d733e5615102fcf71837b5535,中国陶瓷城,中国陶瓷城,1,1,1
7bdebda99d882ca96da41e99b687f0e8,红卫岗,红卫岗,1,1,1
2fdbd37db33e2140ab564b2b4410d1ce,石湾公园,石湾公园,1,1,1
2d37ce234aab4b20e5be2594eb25a522,陶都,陶都,1,1,1
eaa31c25bc2562c0dd9997a1d213f4ff,柏林艺术馆,柏林艺术馆,1,1,1
5214ae1dfd35765859fdfb8e36b68fe0,石南大桥,石南大桥,1,1,1
ac2bfd03878501ee324c7f4474ea857e,上元,上元,1,1,1
f867d81e9b6a12637b67c0596583810f,东村,东村,1,1,1
7ff3896b541c438c77e8148bb3dc6381,溶洲路口,溶洲路口,1,1,1
bd8e8955ae3f28e73874376595202af8,南庄大道东,南庄大道东,1,1,1
cf0103e39e4de7aee2755b547732abc4,南庄大道公交临时站,南庄大道公交临时,1,1,1
3a7a360e2e126a63a19bd202f9652fd9,高速公路口,高速公路口,1,1,1
7747b37653f5ac32c0efb40cbb960cc5,南庄中学,南庄中学,1,1,1
e7271b0a70604d56b601086d1df39271,南庄大道中,南庄大道中,1,1,1
e59ed28c93a05f7ba4b0535da967e905,南庄道班,南庄道班,1,1,1
f1a96d7b98c104b0d5c6a1d98d786f04,南庄大道一环路口,南庄大道一环路口,1,1,1
b4a4ebf858f04f3af26e0e491580c109,南庄镇政府,南庄镇政府,1,1,1
d697b073c0bc0f40b19eb9fa2b933cab,南庄文化中心,南庄文化中心,1,1,1
5842d98e765ba5fb801534d4e2f061a4,南庄医院,南庄医院,1,1,1
385d9bd094e406c1ca29a5f76628148e,吉利市场,吉利市场,1,1,1
3476c13686cbbc22f344719606dbf65d,过境路口,过境路口,1,1,1
ec02d1cb321e5a8877ae25c138c70345,华夏陶瓷城西门,华夏陶瓷城西门,1,1,1
c37415d82f077044ecc60a10bd1e99e9,龙津路口,龙津路口,1,1,1
769b01718820db2e4de78d57df7039e3,佛山市第五人民医院,佛山市第五人民医院,1,1,1
a4a1d8dec3e89a5f8dd6434c12ff5fba,永安站,永安,1,1,1
727216df59c3675ee6439587de090bfe,西樵城区（官山二桥）,西樵城区(官山二桥),1,1,1
367914acb35c9be4ba81cd6ccaec6c60,南海中学,南海中学,1,1,1
53eeab9df4359a234ed704b1e52bb2f3,南庄枢纽站,南庄枢纽,1,1,1
e7e9cbc7b10e725ffeef7876555b0e3e,吉利墟,吉利墟,1,1,1
868650ecd63244cf7f35c8bfb44d40b0,南庄大道罗格路口,南庄大道罗格路口,1,1,1
2e478d09d842f1e809310f41d500a0c4,莲峰书院,莲峰书院,1,1,1
9daabf9377fba0ce7fe3b7ed614c1efc,镇中路,镇中路,1,1,1
9544adebc1ed1f706c5d08742e0a4904,金名都,金名都,1,1,1
95197d7fc4ae5a661f1542ac7f8ef8e1,洲村,洲村,1,1,1
afd2a99b26d6182716126254369712be,洲村市场,洲村市场,1,1,1
472c484bff685419c8faded800376303,草场,草场,1,1,1
114a8f2a83b9303dba56b755135deeb0,草场工业区,草场工业区,1,1,1
15734eba8ee05413f840e9910db7d897,丰岗,丰岗,1,1,1
2e992a945617119242ddea64fcbe6abc,郁水园,郁水园,1,1,1
8f12f2e1e73ae8cb29b0629bfd24723a,里水行政服务中心,里水行政服务中心,1,1,1
6466b31791e82108dc7586c838da5e89,里水小学,里水小学,1,1,1
85dce5385e56cd8d234a0a6458322a3a,南方医科大学第七附属医院,南方医科大学第七附属医院,1,1,1
95c82d237955989bd99ac7b7c74ccd1e,大朗,大朗,1,1,1
2ac2ae895679e3db0d4085efb7a1f977,大朗市场,大朗市场,1,1,1
6110b1ca103873da44b906dd3d9e5bb7,赤山村委会,赤山村委会,1,1,1
06937862d856b7ded1404a4d98edd3a9,赤山工业区路口,赤山工业区路口,1,1,1
5b766717a00d58b65f50e7a47965e25e,新星,新星,1,1,1
b59bdcf86345e6b93a801b5559cfc3bd,麻奢医院,麻奢医院,1,1,1
106d6645f0005d9e843f1a2ee2c444e3,麻奢,麻奢,1,1,1
c802cf0eff58c743a8651910d306148f,里官路西,里官路西,1,1,1
6f314966b86758a74de66a4ff7bab7e8,布新,布新,1,1,1
6b2c6c6f7ba02ff17aa3f8d3d327e8bc,屋边,屋边,1,1,1
c5d62a81ac9b96b9887feb25524d0b6f,群岗村委,群岗村委,1,1,1
a63220f1f765fca8277e5f61eb67f6e8,官窑（税局）,官窑,1,1,1
f4bf709bd0aea38c6e40569b03e06254,官窑车站,官窑车,1,1,1
39cf94cc70fa585f321d4fadb7031005,草暖公园,草暖公园#2,1,1,1
2133b5f6d757723d72e51add1c99b1ce,小塘车站,小塘车,1,1,1
44c99cd08f2d322d24339b8ea4d42466,狮山高级中学,狮山高级中学,1,1,1
9114970ee85a09d24371357e6501d018,红星南路,红星南路,1,1,1
4415d6eb6dcceb327c72b20deea1a017,南油,南油,1,1,1
c794179b80859f1ce7382bbdf858aea7,博爱广场,博爱广场,1,1,1
af447f3b4a161026202f36863a2d8be0,湖景湾北门,湖景湾北门,1,1,1
b5fe06f027305040da12bebf5d4f5fe1,狮山石门高级中学,狮山石门高级中学,1,1,1
f8e3693cba0765f90acd28945dcecb72,红星路口,红星路口,1,1,1
632d9b320a0cec9af6d5a82b559d8d26,狮山高速路口,狮山高速路口,1,1,1
884065c0007e7ac6d3ef12eefd949f7b,穆院村,穆院村,1,1,1
83fdcbaec79e965ad91f3e39dbe346ca,软件信息园路口,软件信息园路口,1,1,1
c936344501115fd3f97b83587e60fbb9,仙人岭,仙人岭,1,1,1
136db2f1c755b054a190e65d83788490,长虹岭工业园,长虹岭工业园,1,1,1
8133e9bb83cac7b7f3b60c761eb9ab33,仙溪,仙溪,1,1,1
ce20154cb510003c295df130dccc54c7,佛山大学南海仙溪校区南门站,佛山大学南海仙溪校区南门,1,1,1
5a84cc88c382af65d06517ab922fbd40,小洞村,小洞村,1,1,1
49011f2dc17a098f3f50d2a872035075,丹邱村,丹邱村#1,1,1,1
5bc5f34d8d3a7517a88cc27d28a13fc7,兴贤牌坊,兴贤牌坊,1,1,1
50a7112a3bc1dbaef2fb5d2ee697907b,颜峰,颜峰,1,1,1
3f12073c5c54db5824bb4e46e29ac369,高边,高边,1,1,1
926c3f1a91c88390556035a76396cdd9,小布,小布#3,1,1,1
6b6e937abc7f54dfa59ad4a448730f91,小塘车站,小塘车,1,1,1
68c2478feee2480e27c3578cf8513a36,东方广场西门,东方广场西门,1,1,1
f9d146d1db2a4acbed8db8b6d0311746,东方广场B站,东方广场,1,1,1
5c39061dc10a893ffbba8a418be999a2,佛平路口,佛平路口,1,1,1
f3c6d88f5720abb1ff711ef3d93f620b,南海区全科医院（桂城医院）,南海区全科医院,1,1,1
2489fb550b0a68139465ed293d1e1b30,军桥,军桥,1,1,1
f3c74bf864e38af8b039759679655a1b,军桥东,军桥东,1,1,1
486066bcfbe1c67f04e3383f6f331ceb,桂城加油站,桂城加油,1,1,1
7349ce7e44e93d257ad9ac12d94c3936,南海大道海四路口,南海大道海四路口,1,1,1
71de9e36ed4788e23d63d231b6b63634,和基花园,和基花园,1,1,1
43521d6d5ef9afa5df30e9ffb3bfadea,兴业新村,兴业新村,1,1,1
5b964ff0066d600a22bcc979b3705b5d,桂江桥东,桂江桥东,1,1,1
32157306f3253e32d363c4b646791e1a,岳利沙,岳利沙,1,1,1
2cdb01f41539821206411e9d90235f85,虎榜路口,虎榜路口,1,1,1
cf21bbcae4109a9deb04554f4e0e62b4,联安,联安#1,1,1,1
982068ffd6860e5c2ed230412fa78fae,黄海路,黄海路,1,1,1
5e9c978a09e9f8b2529bb3467a0dd92b,黄岐百货大厦,黄岐百货大厦,1,1,1
70019a6d9805455193dd6c53ca8faf6d,石中路口,石中路口,1,1,1
4cd6afe989a3ef98ed892b41cfd071cd,沙面新城,沙面新城,1,1,1
ad621c22e52a8c0e0b25b2d741969043,城际海北广场,城际海北广场,1,1,1
eaaee83ce67822bcdc0f5ccdc59cd382,教育路口,教育路口,1,1,1
a72076bf325316b9f435878064b3c89f,环洲三路西,环洲三路西,1,1,1
5330501a5ac463abf6a98c9e6c8d9c7b,沙凤,沙凤,1,1,1
bacd7c9b099adb40c25e73e3252205c1,环洲三路,环洲三路,1,1,1
5c917474a3a14c181545b54492e07357,富力半岛花园,富力半岛花园,1,1,1
7f2b2109c32f6185387f6dddf50236fe,罗冲围客运站2,罗冲围客运,1,1,1
0b5c0066dd1164d0c553b99e9f06511b,新约,新约,1,1,1
1cdfe3a8f59481a552c995b4fedaad78,务庄市场,务庄市场,1,1,1
3b404f204f3b813408bf140c8c3189af,南星村,南星村,1,1,1
6361f9cb57af8a51d10a6a7d05295738,十八亩,十八亩,1,1,1
7cce134d4a9333c0ce7e155ac2f801dc,罗村敬老院,罗村敬老院,1,1,1
a7316cfcd63dbc21b8e65efb10fa9f21,罗村二中,罗村二中,1,1,1
bfab1d4b8cacbe65db5a8a173465fc2c,城南路口,城南路口,1,1,1
681c73e89b81d80983ee9ffb17db4019,城中公园,城中公园,1,1,1
d529422c75fdeebc789d018f2cc0b38d,文化中心,文化中心,1,1,1
40121073827531db5ce7fbc35c4fb504,河西大道东,河西大道东,1,1,1
a77c1c8c1acfb6f9fcc09f6d95814d73,直街社区,直街社区,1,1,1
7982ee9810c0ccc0a18d8b15f03cadad,盐步中学,盐步中学,1,1,1
b615b8520eacda1617244142a9d83116,盐步医院,盐步医院,1,1,1
06fc3e1e3d76fe33ee8465f0d6efd0b8,南湖一路,南湖一路,1,1,1
28b6bf510cf21e544ea424b93fa58f40,河西大道中,河西大道中,1,1,1
d38e01be36911e9f85fbad95a5b1c7bb,河西市场,河西市场,1,1,1
8ab94a23fd87f8d00549e60553632d46,河西小学,河西小学,1,1,1
705d68a75525eea09cc9429406f1769e,中海万锦豪园东,中海万锦豪园东,1,1,1
509d7fa8faff437b5efc9560e666cb0b,桂澜海三路口,桂澜海三路口,1,1,1
41956c700794d04e20a3c29ecf9ae323,桂澜路南海家天下,桂澜路南海家天下,1,1,1
350cd52408bcc6e82fb5035733e60c80,花苑广场,花苑广场,1,1,1
278371e64ce6315cf10f4ee6db4ebb10,南约,南约,1,1,1
8fb9d0b9367c2be7716bf3e09e8cd502,南海公安局,南海公安局,1,1,1
1fe31378d51846a9f4ea348451503535,桂城地铁站,桂城地铁,1,1,1
34277251bec2d9b4f74b64d0134bb9f0,雄峰商城（105国道）,雄峰商城(105国道),1,1,1
28af90088c4e4703d66924c3c578cb47,屏山牌坊,屏山牌坊,1,1,1
86abc19e1c55c5729c6a188030712d8d,碧桂园,碧桂园#1,1,1,1
91424bd6381a65582de091aec35c74b1,广珠城轨碧江站,广珠城轨碧江,1,1,1
682735f3802816e1c11cced0333550f4,锦龙站,锦龙,1,1,1
4b776309b98529a5274c50e3caebb962,佛陈路农贸市场,佛陈路农贸市场,1,1,1
cc311fe315bd8e9639d88fdda368c55a,绀现站,绀现,1,1,1
93e148935ce887611422227208013f55,文登隧道,文登隧道,1,1,1
2c14c90965f26c5c3861be959752a12b,佛陈路大都村口站,佛陈路大都村口,1,1,1
58e91fb68ed80006a7d09dc74d00448d,花卉世界,花卉世界#1,1,1,1
cfef3a8045dcb1d8c5b110d9facda28a,华阳南路,华阳南路,1,1,1
936ff0c19091021e811720d76e2255d9,市妇幼保健院（新院区北门）,市妇幼保健院(新院区北门),1,1,1
2ad5f9f726cdbd04d0ddb365c304b180,东平小学,东平小学,1,1,1
db07aac71d1e006bc922ad30dba6f8c9,东平广场,东平广场#2,1,1,1
77c834e45e9ce2dde48106ecbd1f037a,图书馆站,图书馆#2,1,1,1
2e42adae78bcb9fdc32ad67d9c26fc46,荷村牌坊（荷岳公路）,荷村牌坊(荷岳公路),1,1,1
d0591b3693ad83cbce564ac7ea7a86a2,紫云阁,紫云阁,1,1,1
7021909122f7eba775c4f060b8517ac0,龙江侨社,龙江侨社,1,1,1
23c9747880354fc939214e8daecb2276,西溪桥,西溪桥,1,1,1
1f0cd80fa924269a2b8b3292ec83db17,南镇牌坊,南镇牌坊,1,1,1
e877db155fb3e80defae388e23350548,龙江镇政府,龙江镇政府,1,1,1
fa35344ff621fcc516037b1df2899f53,龙江交通中心公交枢纽站,龙江交通中心公交枢纽,1,1,1
84558c2c44f416033b2583b814a59c08,龙威材料城,龙威材料城,1,1,1
d68997ffdde17a0d5487efbb4294f043,锦龙站,锦龙,1,1,1
1093aea91895b67b8e43f052fef92584,碧桂西苑,碧桂西苑,1,1,1
94fb4078688c60a9c832765e816327c4,冯马一村,冯马一村总,1,1,1
a822f088ad95c14a4ee5f39271680a76,冯安围,冯安围,1,1,1
9cd348f5e9245a68c5e90c5b583fe5b5,越秀造纸厂,越秀造纸厂,1,1,1
d7dc63aea7f9196c86a684cf59f4949e,义沙村,义沙村,1,1,1
1fa0609322fd6cabadfa93926c745c94,横沥派出所,横沥派出所,1,1,1
691f0a7eda379d9b0d55f8288fa75c61,横沥医院,横沥医院,1,1,1
c1b4e9e88693da04c237adc7c2fa2c56,中环路,中环路,1,1,1
d8f3db8022215ba6ec2bbefa32a1d2e3,横沥镇政府,横沥镇政府,1,1,1
b6cd85c9810b6f8d40ac5e542f2a3b3f,横沥中学,横沥中学,1,1,1
4b1e987c7b8b738a87efb9e765421b70,新兴村委总站,新兴村委总,1,1,1
c04287a2cc2f741577ce4f7331bcf557,大元村,大元村,1,1,1
2b52742fbdbd5592c3767491e02cba79,庙南村,庙南村,1,1,1
74d3a7eedb82cf93d486b5aa0bf1dace,庙贝农场,庙贝农场,1,1,1
11df1fe95cc9e2cac0c457a6b26cf873,亭角大桥,亭角大桥,1,1,1
92874145752b0bc3da7caae920fb3512,亭角大桥东,亭角大桥东,1,1,1
db58f75196418b74c523b3e7687ba185,亭角村,亭角村,1,1,1
2b77bab61d13b24b8208e126206d26e1,麒麟新城,麒麟新城,1,1,1
4f9bd89a189b1204e0fdc9ed42a10a7c,南沙十里方圆,南沙十里方圆,1,1,1
f6bf083e3f85b546759692384d66d4e3,新鸿基市场,新鸿基市场,1,1,1
7006e87bb76c0cf1e59d0d78ec84fb19,黄阁镇政府,黄阁镇政府,1,1,1
93a4d576a909b2b11e86a3458d15b151,黄阁地铁站,黄阁地铁,1,1,1
f53ccb68f817aa3f47ac395a706b7b1a,乌石湾,乌石湾,1,1,1
4b594d69402d86d7cc4acb0d74797057,凤凰大道（市南路口）,凤凰大道(市南路口),1,1,1
e555aeaa0223046ffde6ec4ad580379d,东湾村,东湾村,1,1,1
daea19e7e772a38156183045e4b0a88e,南府路,南府路,1,1,1
97da04477f24f9eab025be477c58a72b,区政务服务中心,区政务服务中心站(西),1,1,1
8d156c594b88351e90dd2687badd303b,蕉门村牌坊,蕉门村牌坊,1,1,1
84330447810a1498754117b3913c9ece,叠翠峰西门,叠翠峰西门,1,1,1
1324d99be10766b787501a5fa5cfe171,万科府前花园北门,万科府前花园北门,1,1,1
e178c23b58ff3b31adbe558de16532c3,龙光棕榈水岸,龙光棕榈水岸,1,1,1
bfc892531432c5b1603670ccaf17a40f,云山诗意,云山诗意#2,1,1,1
3451d404e8c9f5351b1f9d16718da87b,金隆路,金隆路,1,1,1
c1fb0054645d6669f95d7eeb27613be6,珠光御景,珠光御景,1,1,1
7efd046a1089227904eec1dfc40679fe,金洲,金洲,1,1,1
8cc321f4c5d43661c132f175f8cd517f,华汇广场,华汇广场,1,1,1
0dd7300d747d9881c5a5d97a0039518c,坦头村,坦头村,1,1,1
e46dfb6cdde3126bbbd197d17feecda1,珠江电厂,珠江电厂,1,1,1
4bbdced9bc1cdf53a3e0a90074c2ddfd,中山大学附属第一（南沙）医院,中山大学附属第一(南沙)医院,1,1,1
4330f65b1b494ee6bd74efdee04b111f,地铁横沥站,地铁横沥,1,1,1
9c20fe686f9e8757aa966426924b110a,灵山岛,灵山岛,1,1,1
91fa50300333d190e3c6b2cf8ce1e934,滨海花园,滨海花园#1,1,1,1
6713a350af0a6c03c2b036fab16ef9b9,滨海水晶湾,滨海水晶湾,1,1,1
14e877814d21815a4970ea18aa7cd154,广隆路口,广隆路口,1,1,1
efa3f7aa412e6e5a24e60f16a609b0f0,地铁广隆站,地铁广隆,1,1,1
605e7d405b672028f97f031ad4dcb6d1,广生路口,广生路口,1,1,1
4d173da32092895d8217fbe6617fca4a,大涌路口,大涌路口,1,1,1
455beb396363bebddae9a1cc94d59715,新港路口,新港路口,1,1,1
0da381e76b1b20d4860848eb99df3f3c,地铁大涌站,地铁大涌,1,1,1
ad7c0d62a5fea4fe19ca2983e8174dd2,金岭南路口,金岭南路口,1,1,1
e08a38def0f5c12089b2a8029455cc5c,地铁塘坑站,地铁塘坑,1,1,1
7bb40d8597baf697e3f669b9955e9757,江南路,江南路,1,1,1
ac1ddf246657f5a5ea1258eee5333033,南沙妇幼保健院,南沙妇幼保健院,1,1,1
c30bae5eace2ff5e2cda8349ca887560,水牛头渡口总站,水牛头渡口,1,1,1
36644d170be778d3b5ddd38df8db8ddc,广州外国语学校,广州外国语学校,1,1,1
0660bce74c06dafc08a56bb40de5c30f,南涌口村 / 南涌口村站,南涌口村,1,2,1
e0e2178bfdb308e3d2552e3416e7c444,佳兆业凤鸣山,佳兆业凤鸣山,1,1,1
97d524cbd075bb0ab5e16f62f63e2cfa,麒麟新城三期,麒麟新城三期总,1,1,1
a105ef7e08cc74e79c6f0f438740a469,麒麟中学,麒麟中学,1,1,1
49320545b8d7d8946dca4c7994f33ed3,南涌口路,南涌口路,1,1,1
28c93f9482b00a7ced8f25c737b9ea8b,东里村,东里村,1,1,1
c71f899b6f66243b8dcab681955cbab7,黄阁医院,黄阁医院,1,1,1
056053fe93d71658e06366913451875d,莲溪村,莲溪村,1,1,1
fda1d82813df456947aa3e2b600ef99b,汽车城地铁站,汽车城地铁站(鸡谷山路),1,1,1
a2136fae155b5589ffef659344f047f5,黄阁汽车城,黄阁汽车城,1,1,1
34f3a89d3e228873ed4c2a5ca798412c,留新路口,留新路口,1,1,1
806a2db0ab98f90ce806591937aea3a6,留东村口,留东村口,1,1,1
e440b476c3fe9a284cd8c3d5b5b5a979,留新路,留新路,1,1,1
a3b5c8c082ac90d01a78962d081a30f6,留东村东基,留东村东基,1,1,1
0f005ad08479e182bd391fc0f5900985,新海村卫生站,新海村卫生,1,1,1
bb9ed1127c1ec760aeb2b2b41570b530,新同安桥,新同安桥,1,1,1
63ab68806c53b2ba24c542c3b26c248d,民立村,民立村,1,1,1
4febef1868c131b3e019e44397066da2,民兴村,民兴村,1,1,1
5936148469518654d21b16f96bd71600,保丰围,保丰围,1,1,1
e74b87101e1e1cab9a77db3c57a33830,民建村,民建村,1,1,1
3c947cc2e2fd47587927da4ede0baf37,沥心沙东路口,沥心沙东路口,1,1,1
302d87d9767b5e71bd587a4fc40e7900,消防中队,消防中队,1,1,1
994d31f60fa3409ab371838f5338dd6b,沙尾一路口,沙尾一路口,1,1,1
8c8e74233385a2b360e3bba912c7469b,出口加工区,出口加工区#2,1,1,1
81e1dbac19d30a1c77ebe9b536646a87,十涌,十涌,1,1,1
e8417493436883fd063f388d15a4251c,沙尾二村,沙尾二村,1,1,1
88144028c4661b759593d4a07eb9c72e,十二涌,十二涌,1,1,1
1db41c57c7f7fa7e3a8c098d49f1aecf,十三涌,十三涌,1,1,1
7ea79ac78f01845e6f41fe053d793bf7,南沙华师附幼,南沙华师附幼,1,1,1
580627fb20e722e84a447d597cd1bb9c,南沙华师附小,南沙华师附小,1,1,1
d5007b4237a4fc637bfc7379f9670ee0,鹿颈牌坊,鹿颈牌坊,1,1,1
0244da4512c1fa4962d5d51f2a5f469c,珠江中路,珠江中路,1,1,1
1bca55e5cfcd5352c7418b3639c3c3da,金岭南路,金岭南路,1,1,1
597dab02810fbdc2019f7350ca8bbb8e,大涌,大涌,1,1,1
4313e49ced989df78bc79680d500aab8,名幸,名幸,1,1,1
c7c5ea24ccad0ac11b290e5077caa634,金岭中路,金岭中路,1,1,1
d093c97592a3290f31d3df71b201f542,广隆,广隆,1,1,1
234835442c350bd6c0b805d97b534b13,板头村,板头村,1,1,1
38967bd21c7d40797eb392e7415c6225,金岭北路,金岭北路,1,1,1
e01465f03ff355e8ee6549b10010b46c,今洲广场,今洲广场,1,1,1
9e26b7a079816864e8b4dc6e462980f7,奥园中环广场,奥园中环广场,1,1,1
b5cc1547d58862608b56c83ab401e364,南沙牌坊,南沙牌坊,1,1,1
091e7329b2a8e3c243e7d77808014c45,蕉门地铁（区政府）站,蕉门地铁,1,1,1
848ca0f2f63cef58e4c4e35e090f1243,广州市南沙中心医院,广州市南沙中心医院,1,1,1
46f7f09718f460d4fee5b292983fb98b,金洲村,金洲村,1,1,1
2e16f5781805b4216fe2ca19c3cb74c9,星河盛世,星河盛世,1,1,1
a32b93c8b5088f9adbc0ee62f2a3982c,越秀滨海新城,越秀滨海新城,1,1,1
5b3902c89353e1572b8e8d92ecbc8a02,沙螺湾村,沙螺湾村,1,1,1
e7148ac050329831d840b1a19b0c49c5,环市大道北站,环市大道北,1,1,1
b153cb3704dfd28c47fca1491a3a882b,港务局管理所,港务局管理所,1,1,1
6e2b55b0e44493214cd5d822d4335d3d,珠电路口,珠电路口,1,1,1
217d06b0a95ac09639cd46a74de83472,天玺湾西门,天玺湾西门,1,1,1
9c00f71804df3bc183e9b3ff36312a67,执信中学,执信中学#2,1,1,1
dcca976f7dc6ecff2347897bd7b39f6f,海关联检中心,海关联检中心,1,1,1
f82cd7d34fac4ca2183a0c6b77a76baa,龙珠新村,龙珠新村,1,1,1
05242be587aaac0c0710dd1c5eaedc62,沙尾一村,沙尾一村,1,1,1
1a9c179b3928dc7cdc32a84d19d6a232,红莲路,红莲路,1,1,1
84a765e288943e8ad32d468e2256fac8,迪安路口,迪安路口,1,1,1
0803367e8e7c34654c37b42a0bb013f7,五涌（龙穴大道）,五涌(龙穴大道),1,1,1
9ae2e4f1994ce2022572474bbb301e23,龙穴岛,龙穴岛,1,1,1
2187a4ad735a7b0d97ebf95ee2951061,龙城商业中心,龙城商业中心,1,1,1
ebef17498aeee5df6bd723194142ec46,中船龙穴基地宿舍,中船龙穴基地宿舍,1,1,1
fd59eef944a6a74f7e9395616288a358,广州船坞总站,广州船坞总,1,1,1
de6cc21a1d70ef2f4458c1ba8fb5d6d2,明珠湾体育馆,明珠湾体育馆,1,1,1
bfd5dd533ce9a5676cafdf28aaaf551f,花语阳光花园,花语阳光花园,1,1,1
e26f7fb7442b323125c01bec87421e78,金科博翠明珠,金科博翠明珠,1,1,1
0b554c69df1d1a533400a81b18ae701d,雨洪公交总站,雨洪公交总,1,1,1
eeeb08d01c0f9385fc6efd94880435c8,明珠湾开发大厦,明珠湾开发大厦,1,1,1
3f4c99ae930c87ee402d2caf7ec5115f,明珠湾展览馆东,明珠湾展览馆东,1,1,1
715029d763ef132891a33082aa19b29c,中交汇通中心,中交汇通中心,1,1,1
027bbab42b83c314ea42995d4149968f,灵山岛便民分中心,灵山岛便民分中心,1,1,1
1f1c175a10c6120958ca11602db192f2,美的生活区,美的生活区,1,1,1
9f14b7c68e7d22fb1e1771375c179434,明珠科学园（万新大道）,明珠科学园(万新大道),1,1,1
bb4e5048b6fd773c2270e311a08008a6,中科院明珠科学园,中科院明珠科学园,1,1,1
d5a6e649174f471ef8088d18dde9f889,南沙小学,南沙小学,1,1,1
36e0de449c83fff69c3062d8176778fa,三姓围,三姓围,1,1,1
0906f6ebd0ddeab3d8a625adc060ab56,晴海岸,晴海岸,1,1,1
d9d23870ca3bfd7edd1bf10472183973,南沙奥园,南沙奥园,1,1,1
8fc3d13967970fd5d3796d328c9c73f5,南横村,南横村,1,1,1
5685d4095b30b4f0cce8ddd6f23c08d2,地铁南沙客运港站,地铁南沙客运港,1,1,1
b35d55228212bad97b0cbbea49adb2c4,南沙客运港,南沙客运港,1,1,1
a5f7a6ecc05e889eed0cae75b1db89d2,邮轮母港,邮轮母港,1,1,1
ac93d1368b8addeba10c834a6b3d33bd,南北台,南北台,1,1,1
eb9b5a24f2299efd60df9a5adc64bec2,时代南湾,时代南湾,1,1,1
b6f8704cae7a98a40bcdd33a35a36692,芦湾村,芦湾村,1,1,1
b2478e89927ec691719338c405e64a8d,南沙湾御苑,南沙湾御苑,1,1,1
7300dc5969d5d1e018180fffe9bca613,虎门轮渡码头总站,虎门轮渡码头总,1,1,1
a372c2b3219474d20066c4b8d88e7f8c,星河东悦湾北门,星河东悦湾北门,1,1,1
c36d24ad79989274d51097138268815a,市南路,市南路,1,1,1
7d21d0ac493bfb5b8bdb7cd56b0ae61d,华师附小（东悦湾校区）,华师附小(东悦湾校区),1,1,1
e9f59d097f2e6b7e3bc75cf2a6adcabe,创享湾（星河COCOPark）,创享湾,1,1,1
613f68149a706abd36a5e1c85783cd57,蕉门河社区服务中心,蕉门河社区服务中心,1,1,1
6ca6868c2d8121e3eaacb376cd9a4904,万达广场,万达广场#2,1,1,1
e91663df339d93c612348041fa5deaca,庆盛村,庆盛村,1,1,1
7e92b7b0476aa20321d7ca9a09affa5e,美彩家纺产业园,美彩家纺产业园,1,1,1
bc7ce23131c3e36d1ad28bda69041ffa,昌利工业城,昌利工业城,1,1,1
e6435866ce28e99d314be84fe4370945,励业路口,励业路口,1,1,1
9a61bd689d3136219f247f0983d16817,东涌镇标,东涌镇标,1,1,1
24e2df60a411b15b9858bcf8ff2ab28b,大稳村,大稳村,1,1,1
2fa628d1c2bdfc5f98ad61c2e75da867,绿色长廊,绿色长廊,1,1,1
74a3f5a3cbef21492a9112cf7c70979f,太石工业区,太石工业区,1,1,1
9583fa89bf2ed11885beb57b0d8ca945,西樵村,西樵村,1,1,1
4903e650bb015ff70967d0efa62680d7,上坭村,上坭村,1,1,1
94d9ca1b87e9dc1523872a84f15550f2,下坭村,下坭村,1,1,1
ff3b2c9b367a9e34ae2fb41d37b69da8,雁沙村,雁沙村,1,1,1
0019874b296c98a510a91779db8d2ebd,九比村,九比村,1,1,1
1dcda51188ac71b80407e6966db57abb,创信鞋厂,创信鞋厂,1,1,1
6cf177824ee89f2a9ebe3588451859d3,墩塘村,墩塘村,1,1,1
a7605812ac8abe50eacef4701d875a45,榄核镇政府,榄核镇政府,1,1,1
48563cdb4daa67a631bc05cab05c8374,星海小学,星海小学,1,1,1
195455ee038f3dc268983bee90aa7c44,蔡新路口,蔡新路口,1,1,1
8539fd01a154236cc94c4a35fadda0a8,榄核公交总站,榄核公交总,1,1,1
54b9718a90921012dcfbc8d0907c2c7a,麒龙西路,麒龙西路,1,1,1
342f41e6a9716bb6fb9b507c5c953062,东涌中学,东涌中学,1,1,1
4a7584944d81ca1ca947f998f343996a,东涌镇政府,东涌镇政府,1,1,1
699fbe8cbdc9590271f8d7af727de9af,东涌吉祥路,东涌吉祥路,1,1,1
68a456833e25463f435c165e1b1ab9d3,东涌东丫村,东涌东丫村,1,1,1
6154d586994db5c8dec5c9a77846dbd6,东涌村（工业路）,东涌村(工业路),1,1,1
2372f7122db0e67a64bd09f9a455b6cb,安顺村,安顺村,1,1,1
36613f654090566b4f9326c39c0ca3e4,大稳村牌坊,大稳村牌坊,1,1,1
bf26675b9d3796b10282f3b04dcb7341,大稳村社区服务中心,大稳村社区服务中心,1,1,1
7e95431ba78ad3c762f60775f27adb23,大稳水上绿道,大稳水上绿道,1,1,1
5d17f66821c812ca55cc8593733dbf04,培贤路口,培贤路口,1,1,1
4ada4b8fc1c0681bed9363c92ff8ebdf,石牌村,石牌村#2,1,1,1
14ee4fd49d20529a344ee9a42f35deaa,南英检测站,南英检测,1,1,1
427c03570806b6932d022312a040a817,黄阁汽车城地铁站,黄阁汽车城地铁,1,1,1
3e997d688ac534c00ad20188aea355e1,黄阁中学,黄阁中学,1,1,1
3bf433281030daf3c2a00fbf5b6551d9,南沙境界,南沙境界,1,1,1
0fd0380933d2a8d5d1caefaffa30c717,天玺湾北门站,天玺湾北门,1,1,1
4d6be4351289eb29627d029af5b795ac,庆沙路口,庆沙路口,1,1,1
93f0ae9722daf677dd4840eb168cd81b,三姓路,三姓路,1,1,1
2fe2747144881082fe1054a3fd9eef51,珠江湾,珠江湾,1,1,1
8aa4a3f4e1b411908aa147efcb1c8ebe,星河COCOPark（蕉门地铁）,星河COCOPark,1,1,1
a0b08395efd308ac8ee579d6836d0363,大井村,大井村,1,1,1
313003bcc8f91697df08a627a7192eaa,中教村,中教村,1,1,1
67f7760349735f03d1feba92bea3f770,庙青村,庙青村,1,1,1
a36ec2ac770910d123abe5957364f3c6,宜安村,宜安村,1,1,1
97aa0ebf6cb1c5b476050e5c6fe4bfc3,宜安路口,宜安路口,1,1,1
77eee3aec99e54bd560d0cb2fa6fb08e,庙贝村,庙贝村,1,1,1
4f006d453e22232de4540b9d9e06aa8b,东升农场,东升农场,1,1,1
b7731e51b96f7567a834bf84ded3b0ee,灵山医院,灵山医院,1,1,1
ff2924c7ceedd691266558fcda238bfc,灵山路口南,灵山路口南,1,1,1
1c9102cff0f3d9fa85d68c7ef71bd705,灵山市场,灵山市场,1,1,1
cbcdf57ad9c19eb32ffedc83484e93aa,大岗医院,大岗医院,1,1,1
79162adf61372a41f68629570aedd292,大岗中心小学,大岗中心小学,1,1,1
685a3152f152f8aca165053e56272e23,大岗派出所,大岗派出所,1,1,1
12a3d8cf80ec1e29a6c07cb5a5e4d2cf,大岗公交总站,大岗公交总,1,1,1
0ddd1384db001644bff75718b9d97b06,大涌东路,大涌东路,1,1,1
edd1d8b649595884294680efb03dd087,南沙资讯科技园,南沙资讯科技园,1,1,1
dbd8d34a506133920bf9856a16b34183,南沙科技创新中心,南沙科技创新中心,1,1,1
99466545f498a48c1ac5fc8c07e0964e,板头市场,板头市场,1,1,1
23d6ce9ca7e0766184612ebc6b8db1ab,滨海公园,滨海公园,1,1,1
2cd82732aa6aa50055654a6e004856b0,黄阁大道中,黄阁大道中,1,1,1
5a5fd40391841ce19fd10163d2f28d14,万洲桥北,万洲桥北,1,1,1
f43e7e6ac08ddce8b563b1fa5bc754f8,万洲村,万洲村#1,1,1,1
93f35e4d51ffe2fd0d80c4958aeee7d7,细沥沙栏,细沥沙栏,1,1,1
f7818fbc5e1758c21b4c6f165a843ed4,细沥村,细沥村#2,1,1,1
49cef7c762ca93b4078250bd4e5dd6f9,细沥桥,细沥桥,1,1,1
6ca2cf5d7783f9cca12872cdcbcd3f2e,马克路口,马克路口,1,1,1
ca54d7b03bb4b96b4f7eca7259b9f391,东深天益村,东深天益村,1,1,1
8ccd5c0f8b582ea8126be186fb6ad0f3,天益村（南沙大道）,天益村(南沙大道),1,1,1
29f4ed2f8e270ad5c3053990fe3753a6,大简村九队（南沙大道）,大简村九队(南沙大道),1,1,1
2ac52bd59abb53138eaef1b880432426,大简中桥,大简中桥,1,1,1
fbb5027fabd0370440b579d9fc5a8506,大简村（南沙大道）,大简村(南沙大道),1,1,1
d7125e797ed49eb833729dbb712c1dd8,天创工业园（南沙大道）,天创工业园(南沙大道),1,1,1
7d31d3b10917d792c8efa5b2a7727ccf,太石村（南沙大道）,太石村(南沙大道),1,1,1
deb65f3034144f5224e37aa7feb5376c,大同村,大同村,1,1,1
ab248a5feb154ebf27188700a564eff1,草河村,草河村,1,1,1
96974a751fcbef6b2e7196b5f2de4014,东怡新区,东怡新区,1,1,1
b3753a7887c287d939375240087e5cfd,金海岸花园,金海岸花园,1,1,1
e38444925a8d755db0a3d9d746a22393,雁洲路口,雁洲路口,1,1,1
978eaa7f6ac1278da4590b2349ee3c83,东湖洲花园C站,东湖洲花园C,1,1,1
0c1fd85801c9c89e30c9bb9408c3107b,东湖洲花园A站,东湖洲花园A,1,1,1
1797c739dfd5f3fe46bc3ee6fa6804f8,粤新船厂总站,粤新船厂总,1,1,1
668e40f609b57eb0223bf62e27a3856e,马前村口,马前村口,1,1,1
feea0be5a0f1d04020dbdf1c29e71b83,人民路口,人民路口,1,1,1
ad0f16bc5ded2259eb907e61262a49d5,潭洲车站,潭洲车,1,1,1
989b2c89c6414b095bf25e47e1781ceb,大岗文化中心,大岗文化中心,1,1,1
8e4a59c251f622955f605cdd9c4c4b07,南村（南沙）,南村#3,1,1,1
71be9549351588bba85ff9401381ca30,潭山小学,潭山小学,1,1,1
7918812ec2b7e746dbee831c231633b2,欣荣路口,欣荣路口,1,1,1
8fa4ca68a3c389b1f8d17114d921a83e,岭东村,岭东村,1,1,1
ccfdfe6de755f90ab2c48041272047ac,阳光城市广场,阳光城市广场,1,1,1
c195f61154ba81d3d24cd7da1eec0ba8,十八罗汉景区正门,十八罗汉景区正门,1,1,1
462300136649a933cc5326a48381b048,昶联厂,昶联厂,1,1,1
2754cceeafd62605eb7961c032493d7d,二湾社区,二湾社区,1,1,1
ae9981b270ef99b122b8a817685852c8,大岗中学,大岗中学,1,1,1
bc2c7002b93bc474ba1ae55d7e3c4c50,华润瑞府公交总站,华润瑞府公交总,1,1,1
16ce6c4d0e5b7d59e893672833147cf6,明珠湾小学,明珠湾小学,1,1,1
88cabcfa7250d9e55311e1f9ec096611,灵山岛儿童公园,灵山岛儿童公园,1,1,1
21915c973dbeab0d9731e8b8866609d8,玉德堂,玉德堂,1,1,1
2b8c5ee84349ddfb8990acc86bcc89aa,深湾村,深湾村,1,1,1
9b2a0ac1649ccabd7381a4fc39225d9a,东井村,东井村,1,1,1
7aba13ad29a9591d9183d8fc51e3e7ad,富力唐宁,富力唐宁,1,1,1
7e75f044079f3b0fd4e0aeebf9c8d09a,金业小学,金业小学,1,1,1
9cdb54d117abdd3a91732cb6cbbc128d,南沙客运站,南沙客运,1,1,1
5fcdf0e5b707d9a1afce24a6be5ddbee,广州二中天元学校,广州二中天元学校,1,1,1
e2b21525b5c466dcde265f437d0cbbca,南沙世贸中心大厦,南沙世贸中心大厦,1,1,1
7cac3f5d9174550160494dacf03e737b,地铁南沙客运港站②,地铁南沙客运港,1,1,1
c4a0efd38e1784ad999c5e93d204a796,万科海上明月站,万科海上明月,1,1,1
3dfcd342f3d033a3b14ff9217a07cba9,庐前山南路口,庐前山南路口,1,1,1
55177e0d19e6137e8a4e594251f9b2dc,保利城南怡湾,保利城南怡湾,1,1,1
af8195547b183aebe1b4cca39b7edc63,悦方城,悦方城,1,1,1
adf859426a8225712619eaa9bd014fea,龙穴村尾,龙穴村尾,1,1,1
a43e89d84c031a5f3fb7c4d776d66488,黄埔造船厂,黄埔造船厂,1,1,1
b407b87ee63f7a775d2541c576d48339,界河桥,界河桥,1,1,1
088d5698812765be11c52b0089f4f2fd,凫洲大桥,凫洲大桥,1,1,1
2dd2ad9154dcaa9bc622bd163459f801,南沙湾御苑站,南沙湾御苑,1,1,1
34044253fa76b08ac7773509d2733705,碧桂园天玺湾,碧桂园天玺湾,1,1,1
f3036a2c62cf1b2e9abfac4727d427fa,海力花园,海力花园,1,1,1
fe069d99280c3e4d20059cfd4d8291e9,白藤滘,白藤滘,1,1,1
97740c94a24ac16ffde438fd962d762a,南沙街道办事处,南沙街道办事处,1,1,1
5c4c892c26ade66692529b008d12b656,进港大道中,进港大道中,1,1,1
1a4ae0a1e109b17efc1a0f5264bb4dd2,南沙碧桂园,南沙碧桂园,1,1,1
55306c3cb961ca992ced05022472e2ab,南沙小学西门,南沙小学西门,1,1,1
9a00be315f65b2e5d254b716a73f9881,三涌（龙穴岛）,三涌,1,1,1
4c574019a0ae3abbe0444e54e06db607,鸡抱沙（四涌）,鸡抱沙(四涌),1,1,1
bec980867ea9ac2b4c140f55aaa0593b,灵山路口北,灵山路口北,1,1,1
cd819a96d6ea7491a4a19209d90f6825,交通大厦分站,交通大厦,1,1,1
ba5677848b04529d54fe7813b355c92c,星海公园,星海公园,1,1,1
5d4d41161f451bb186f672ea25b04d7a,大北路,大北路,1,1,1
c052a48e3211c0e4223454ef3a26124f,中医院分站,中医院#1,1,1,1
21b2ffa295422a9ab35930012248edfc,沙墟市场,沙墟市场,1,1,1
3e9873edbaa7220ff3b3ce1fea9653d6,党校路口,党校路口,1,1,1
2656f12911370df511d21081563d4647,坳尾村,坳尾村,1,1,1
bd3f8f844f6c9e14e4a5708a7500910c,沙角村,沙角村,1,1,1
d8948ee4b0a5ee7d420089c0ae8500a5,榄九路口,榄九路口,1,1,1
0987376f30f6441d7bd4cc21d936ce7f,顺河村,顺河村,1,1,1
e5c7572e6d0a78e51810cd8e141368bc,榄核二中,榄核二中,1,1,1
c3d181da141ae591c8a50a70805160d9,广珠路口,广珠路口,1,1,1
19962b4ccbdca68ecebec64775db68cd,平稳村,平稳村,1,1,1
d2daa9e59d4c648e72b34d749d35c56c,嘉裕花园,嘉裕花园,1,1,1
a34af6affc443831d4b565617698caf1,灵山村,灵山村,1,1,1
c1081ff7dd4ba9fae4f243232e33e40b,灵山成校,灵山成校,1,1,1
8643f12d58c95b23491bf20f7035f21c,亿源机电,亿源机电,1,1,1
6134906ceebf3fafe5bdbf5ce3be7496,潭洲市场,潭洲市场,1,1,1
0ae493b31a5ac9c6bc68ba0aea589aa7,蚬涌路口,蚬涌路口,1,1,1
71b7b4362d9d953751dd86de0a31a45d,蚬涌市场,蚬涌市场,1,1,1
ce80cbdff442ba9a011a8818df63c68d,蚬涌,蚬涌,1,1,1
0d4f5a404bad81aa80eee45a332583b6,象圣中学,象圣中学,1,1,1
c13ea0ddb69bff54ccac6c62726defbe,塘涌,塘涌,1,1,1
2c4d4f8c69d5488f15b94a40e418c8d8,德信路,德信路,1,1,1
40fd703d90e3b5399a3d495b80777983,番禺中心医院总站,番禺中心医院总,1,1,1
1aebf5724ddb75f3f9c0795dd5dcd67f,上坭小学,上坭小学,1,1,1
f4b026ac3240674853fbcce80270afd7,大坳村,大坳村,1,1,1
e508093a0e285037e36bd6609a726f70,大坳市场,大坳市场,1,1,1
479447a2cb4889689ceb4f698fd5fd74,北斗桥底,北斗桥底,1,1,1
3b8c4d860932214d24dfbdaa81a6af0f,万安工业区,万安工业区,1,1,1
64e1458df83100f29d35ff57dd8398b8,万安村,万安村,1,1,1
52ae785a73d8e834608a9ff7a1ffec93,牛角桥北,牛角桥北,1,1,1
e966ca13fc3c4fe9f1ccfcbd7d39ad11,牛角村,牛角村,1,1,1
b69d5d8ba68f092ae2f15fb29675ce3f,人民村,人民村,1,1,1
724d6ae1c9da0d62787c0764b718e094,合沙村,合沙村,1,1,1
414c47476f27e61dd9bf6de22fcad250,大生村委,大生村委,1,1,1
3fda65120aeb4c0f937da1bca3987540,保利星海小镇,保利星海小镇,1,1,1
23d44c6240c34a3ac9a4555e4755e119,凯德新玥,凯德新玥,1,1,1
a2b0d5a36c0358bb4d35ffa4cadbb56f,长江数码花园（榄核）,长江数码花园#1,1,1,1
46342f16bc5cd43e07f0110c01c5c98e,星海广场,星海广场,1,1,1
f351a740e2c6c57db282a4df5bc3a0e3,榄核涌,榄核涌,1,1,1
3625fec15934926d306045b962ea2ee2,飞鹰厂,飞鹰厂,1,1,1
b1e4448489888c3cd727553e49d95f53,民生桥北,民生桥北,1,1,1
461d86bc1ed3e30138a52db967341edd,凯德新玥（三期）,凯德新玥(三期),1,1,1
0115ed53d21598299472458e109acb30,湴湄村,湴湄村,1,1,1
a7bc1c92e98f83803c584721a7409794,市民广场（南沙城）,市民广场,1,1,1
5e00e759b574a81a0e2a0f0561201342,逸涛雅苑,逸涛雅苑,1,1,1
40144fd6ec89ea10d2b44e6de4f96dfd,万国园,万国园,1,1,1
a9c98a3f17c03c9ca48d892cf2c4fddd,虎沙大道,虎沙大道,1,1,1
04cc9cd3a0f53181d63f0f574a10c0fc,华润热电厂,华润热电厂,1,1,1
a5b16fac8116cac3b479c3e35af71c0c,黄沙路中,黄沙路中,1,1,1
72d2fb2f5a42e34932bb7084bb9bfc46,黄沙路北,黄沙路北,1,1,1
caaef44b00bcd07908bbbf88b13a2720,莲溪大道,莲溪大道,1,1,1
cbb196da621da7e7663657abebf4529b,黄阁体育公园,黄阁体育公园,1,1,1
fbc87d09990c55d29c950e7c27a21abb,十九涌,十九涌,1,1,1
044092bdc7600d50cce2668342ed47d1,南沙湿地公园,南沙湿地公园,1,1,1
bbb51c0aaf622399edbd4c5aa07575e9,百万葵园,百万葵园,1,1,1
9e8ab92eb700741e4d44b46ed78cbc13,珠江街（灵新大道）,珠江街(灵新大道),1,1,1
e485b251f1d6ac339185847a539cd2bc,广东省中医院南沙医院,广东省中医院南沙医院,1,1,1
978466b2748d8609a7e180176889672e,明珠农业公园,明珠农业公园,1,1,1
e0138df91fbb32ce3f9ddb08543b9d25,环宇城（万科府前花园）,环宇城,1,1,1
ff8e796dcd2f1356dd4f8e76f6b6ee10,万顷沙公交总站,万顷沙公交总,1,1,1
b1e18cf84f0cc2a40f9927fe46c17eb7,珠江中学,珠江中学,1,1,1
5222eabf0245503294547df4f8364207,珠江街（珠江二路）,珠江街(珠江二路),1,1,1
4b66873ba289474c472613b30c2c67da,明贤实验高级中学,明贤实验高级中学,1,1,1
d1b52a74032685186e730535ff110686,美的工业园（南珠大道）,美的工业园(南珠大道),1,1,1
4f6a00c6f345b269b0a2010554ceb0ea,美的工业园,美的工业园,1,1,1
17ce69ef387d6c5da4071acbaec56fe1,九比村总站,九比村总,1,1,1
74d6b1a831fb23febf4dbf7080f43c6e,高新沙路口①,高新沙路口,1,1,1
941f6d6528e562afb762e7a34293c20d,番禺广场,番禺广场,1,1,1
8051d21a0a7e80920bd7d8c198aa4a88,大岗镇政府,大岗镇政府,1,1,1
bb2611d3ddb81bebacfc3ad2955d9021,广仁路总站,广仁路总,1,1,1
0a284363a0e689a06aa775d988ef8ad7,蕉西路北,蕉西路北,1,1,1
64c41e8bf806b589e982a17a88641da2,南沙图书馆,南沙图书馆,1,1,1
df7af0a9d77f93819208e63bce7f8b6c,金融大厦,金融大厦,1,1,1
38c3e0fe60c328ced436cd8cd206d4b4,悠方购物公园,悠方购物公园,1,1,1
8c176eb7abdf7bf24d83d020df9e7a17,万达广场（双山大道）,万达广场站(双山大道),1,1,1
8571199a84068fc24b7f2f2542b50445,蕉门公园,蕉门公园,1,1,1
30bdf04159dd2ad6db4aa8fe2d4f9c00,璧珑湾,璧珑湾,1,1,1
03bc370504fea6297fa342de816eb605,广东电子信息中心,广东电子信息中心,1,1,1
b8097faf39d14e694114b032edc65753,滨海绿道,滨海绿道,1,1,1
cf47bf8104c2189602f83ce430db9847,万科海上明月,万科海上明月总,1,1,1
2febc6a5e2dbdf6b58abcc2d4cb4fdf9,丰田汽车厂,丰田汽车厂,1,1,1
7dcf8a3bdfc42d35e5edb94d38c26c35,地铁南沙客运港站①,地铁南沙客运港,1,1,1
ed51aba1ee493431c70d3893125166fe,南沙客运港总站,南沙客运港,1,1,1
7022cdafcc2ca7fcb7c6f1f8d2cf7f70,流花路小学,流花路小学,1,1,1
01d5b43845d1ccd6c40b79200ce73f4a,大塘,大塘总,1,1,1
94ed93aca60884946e4cf0b6ee48658e,沙河横马路,沙河横马路,1,1,1
adaca8981d407c8b525c4c1df5eb9216,下新村街,下新村街,1,1,1
22ed92dccf191a3f324904303305e638,下新村公园,下新村公园,1,1,1
5830e98d2fd9dfe6bd1bf17ccaa08671,下新村永和街,下新村永和街,1,1,1
cd7fe7f3cdb300837343c9f5bd3717a1,新村居委会,新村居委会,1,1,1
8fe1f3e66b496c7d66cfa031a6359306,元杰纪念公园,元杰纪念公园,1,1,1
e3569ddd417a1cd6327d982b7f65183b,博艺幼儿园,博艺幼儿园,1,1,1
bad77de35b97182b7faeee1e70e04005,红旗坊,红旗坊,1,1,1
12d14620cd0ca31706a5241b46aa5f8d,科甲水牌坊,科甲水牌坊,1,1,1
1a08f3a1ab2be2aa18d55f01f50256c4,科甲居委会,科甲居委会,1,1,1
d6250b09e22c939bc62a7c5ae488b0f9,望岗大马路（嘉禾地铁站）,望岗大马路(地铁口),1,1,1
7d386ac07df45116d55830965722029b,二汽石滩客运站,二汽石滩客运,1,1,1
b9261fe0f51152eb5f7774a023d66a1a,石滩沙园中路,石滩沙园中路,1,1,1
ca832694ef701cd370a0754a764c384a,观园一号,观园一号,1,1,1
fd7bd703a4465a617dabcf042236012a,绿湖国际城,绿湖国际城,1,1,1
86f123f5ed66f556242db80933c35140,嘉御豪庭,嘉御豪庭,1,1,1
0b958d72bb45b3bebd401377ec68361a,仙塘村,仙塘村,1,1,1
7dd578deb958a76fd60b638f135b07ce,塘头村,塘头村#2,1,1,1
bab697a6eaf559b2bd5d2e37cd692cbe,增城碧桂园学校,增城碧桂园学校,1,1,1
8222f6f34c3a340bfd2623119d471c1b,碧桂园豪园,碧桂园豪园,1,1,1
7dfaefc0d93c64f5993e94297c2ff4ab,广州前海人寿医院,广州前海人寿医院,1,1,1
45da2da1b408bc3bacbce29800098923,低碳总部园,低碳总部园,1,1,1
278ec3e9f16f94218d3b90ac70663c5e,安置小区,安置小区,1,1,1
a294f03aee486e199c6ba31fe529ab85,增城区第一中学,增城区第一中学,1,1,1
aa8b2fc91c858c6549f1f2d44cc362de,荔湖站,荔湖,1,1,1
919b38efc06cf1ca85b81e910183e9a7,保利一号公馆,保利一号公馆,1,1,1
8ee5c0f3b1d419dcead22d36a80c9847,罗岗市场,罗岗市场#2,1,1,1
3be31a80faf56286509ba15ab069c75e,区政务中心,区政务中心,1,1,1
a6ac52f1944e3eec3778f8438f6757e6,华侨中学,华侨中学#2,1,1,1
e04a440104d51705c0ecc0269f9939fc,兴发市场,兴发市场,1,1,1
2a9207d64d09bb9dc3402272a0f88628,荔城医院,荔城医院,1,1,1
cd41d42d0f4e73f14ac90fdaf6c0cdc4,公路局,公路局,1,1,1
47929c57bd8f55fee00c64e619298fbd,官塘村总站,官塘村总,1,1,1
41d072e6a5f3bc599dfdd736f9d3dd44,官塘村委,官塘村委,1,1,1
f5946da53ff39c1da4025ab4ea601530,碧桂园映象,碧桂园映象,1,1,1
23727abb054a4da4e46a94d34dcd4a10,福和市场,福和市场,1,1,1
6798bd92f6b3cac812452ab19dd96c07,电信大楼,电信大楼,1,1,1
0047c52bdabd3d457a72d86df2f1f039,碧桂园中新首府,碧桂园中新首府,1,1,1
242edd4f1690b5ed83b1b8eb9e6a3365,永兴村,永兴村#2,1,1,1
f38eddc56063889ec8f6a05ed10e6e31,亲爱里,亲爱里,1,1,1
55a4732605c7827825f0f8ba94ee6e22,恒大山水郡,恒大山水郡,1,1,1
5c75dbd9918a8a92c5eb929ec2d8cef2,霞迳村,霞迳村,1,1,1
5a8dbe5e76cc76f868608c0a6b087d63,淘迪公司,淘迪公司,1,1,1
27e293fd207c4eb148df9ea3b5bfde82,化工研究院,化工研究院,1,1,1
69c8ccb40222f1a7287327bbbccb7223,大田村,大田村,1,1,1
ff2c4cf58da89b058b8294553672b659,中新文体活动中心,中新文体活动中心,1,1,1
16bfe6847b37f506c928b3dec22cc90e,中新医院,中新医院,1,1,1
9652392c067f9b002f510012439a4c12,中信香樟墅,中信香樟墅,1,1,1
695abf44303e8711a7b983c4fb58690c,九和村北,九和村北,1,1,1
7f4aa32244055daa6711de0aaa7cf338,九和村,九和村,1,1,1
7a6a19d9f7c66d96661488b2b6e7859b,梅园村,梅园村,1,1,1
2a229761bb1bb2dc0ef0e1f1e1c332bb,叶岭坳,叶岭坳,1,1,1
34e4720576f82ea64b9a6c913a662212,叶岭村北,叶岭村北,1,1,1
573e078ed91794a4f429e0c02e260601,叶岭村,叶岭村,1,1,1
4fda42eca78b09dfa6d2b48404734dce,金地上城,金地上城,1,1,1
c6911bca39e9bbc67c9f821a103c0263,叶岭村南,叶岭村南,1,1,1
3d4c8e459a7b8c3fc877917b1f1ac557,二汽车站,二汽车,1,1,1
c8d5025e4a6beec3fcb6d94c844106c3,电力局,电力局,1,1,1
9a61812d3ec427b8c7b9f490fccfe3c7,荔城街道办,荔城街道办,1,1,1
da011a35f971acefb6ed189a4090ee74,林场,林场,1,1,1
d82605579021ab87cd462deb7e64ad60,庆丰村,庆丰村,1,1,1
e813d804a6cce4532b6c378c15cdfa1f,实验小学,实验小学,1,1,1
39bf83948dab302a5984b834f209a930,荔城三中,荔城三中(A站),1,1,1
aed794cb1b767365085d594059d8e532,增城中学,增城中学,1,1,1
65a02f54c6328c5ccd28ee0c07d66af3,荔城花园,荔城花园,1,1,1
3f89f2b6f53a3f5329d10ba78a58ac14,三联路口,三联路口#2,1,1,1
39d5e8aaad752e5ea92adf6dac693807,润悦花园,润悦花园,1,1,1
50298d6e8c3fe70a7c809419ea43be5a,公安车管所,公安车管所,1,1,1
6559dd69ffaed10ca056685510acde97,山田村,山田村,1,1,1
ec51a4e094aff04ecfb26535c6b9a5b2,山田地铁站,山田地铁,1,1,1
9e5559b738b85b706f6745d01aad3144,莲塘面村,莲塘面村,1,1,1
6189a4ccb9ad343c1d11fb9bb82ac19a,松田学院,松田学院,1,1,1
e6ad31e175b004a1b7d0dc8a6b67a5b6,横塱村,横塱村,1,1,1
bea3ed63c60a6f536c69b360d649fb38,朱村地铁站,朱村地铁,1,1,1
14d26f6436a7efeaf1e3c50dc101a649,朱村医院,朱村医院,1,1,1
08223af783aff1a48f3521be0df5e2a5,江山时代,江山时代,1,1,1
591f54f108a2eaaadd628f0b9cf34d09,凤岗地铁站,凤岗地铁,1,1,1
21d8ecf844638cdeacac53043faa5b0d,福和车站,福和车,1,1,1
ab6688ed0513a9c13f08b55f76d9e3d2,五福路,五福路,1,1,1
f3929dee1b94a0618de3181d381590b6,香江悦府,香江悦府,1,1,1
5890f89e14f745e350984a90612515bc,朱宁路口,朱宁路口,1,1,1
ceaea733b3f1710ea16f1af3c42a1591,神岗村委,神岗村委,1,1,1
56c9c13d9fbd3ae3c7b1da6827bb620b,斯庄村,斯庄村,1,1,1
d70c8584803741b92ded6f6074a9fc16,石迳村,石迳村,1,1,1
b42af49355d8c4ed3ceb4a366bbb30a1,下元村,下元村,1,1,1
425d4e0eb87a1d71f810f23be4b31ce7,镇泰小学,镇泰小学,1,1,1
db0b9dabcd4727598730bee59e5fc270,路边村,路边村,1,1,1
2f0b14afc9bba1d799df1ca826ae26e1,沙宁路口,沙宁路口,1,1,1
108c09ab03a06609d5600d18a81c3f5b,湾谷新村,湾谷新村,1,1,1
315dfa8d63f8d8d71d66950384fbbbfa,百湖村,百湖村,1,1,1
ab973e8a472b07b023fe19ad165eb6fa,阿里巴巴菜鸟园,阿里巴巴菜鸟园,1,1,1
cdeed306080fcabf98aed1a9eac9a6fc,广州电装公司,广州电装公司,1,1,1
506251148fa7399e99872110de247f0e,超视堺南门,超视堺南门,1,1,1
bfc98498c43043dec560ec004ecd657c,超视堺西门,超视堺西门,1,1,1
44383e35cf8418f9ac388e7ed2f31588,日立公司,日立公司,1,1,1
cf8746444384e51b83b62cdc5c37a2a3,创强路中,创强路中(A),1,1,1
ff40c9476ae0e98d76478533134458a5,马山,马山,1,1,1
cc90d9ee15f6a98ab862467d60e4be1f,创立路,创立路,1,1,1
07e30cb1f6973c4bae658c25fddb8125,晶正科技园,晶正科技园,1,1,1
446108a3a91df699e571e48dccd8d30f,合景誉山国际南门,合景誉山国际南门,1,1,1
1ff23f7783963a4c976197a42060d978,仙村公交总站,仙村公交总,1,1,1
525afb56b6b7a04152b5cde80fd4391f,仙村市场,仙村市场,1,1,1
7f40aba50948d3f8dc777541a1250177,上境村,上境村,1,1,1
7bb89647bcd85fc1467a733a62318733,仙村镇政府,仙村镇政府,1,1,1
c5184db10836bf5039e985c39dd58474,仙村中学,仙村中学,1,1,1
06a9a1da01f41fe33d93ec58307df468,仙村大道北,仙村大道北,1,1,1
b9092ac1ae6451314da6495e16e44abe,荔枝小镇,荔枝小镇,1,1,1
e560333577a9da34844e194aa178e8f2,朱仙路中,朱仙路中,1,1,1
e6f722713515ee2b356a75a36e869ef5,上围朱仙路,上围朱仙路,1,1,1
a43be33350235c63e053e78aed5d975d,岳湖村,岳湖村,1,1,1
65bff7247750697d6d86d9d09126ad18,招步村,招步村,1,1,1
fa3adc03f7ebf14b84d9fb73011b9453,碧桂园北门,碧桂园北门,1,1,1
5f0968b264d1985928c5707a976f6757,碧桂园中门,碧桂园中门,1,1,1
83169db30c184996284035484090432a,碧桂园,碧桂园#2,1,1,1
7677e6f8fed4aa30c80099ed0ccf0d6b,区公安分局,区公安分局,1,1,1
5d7382d8112e3c59a83cc71fd5adc13a,图书馆,图书馆#3,1,1,1
5b7186f5e37868656e3f3e83efeae489,东汇城,东汇城,1,1,1
f230396e5ec9db1800e6b231e018b3de,广运车站,广运车,1,1,1
c4faa04c4eadf1e3f4cda132a2ff2390,广发行,广发行,1,1,1
5addac6cb383ae8f1c2eef9bb1264589,中海广场西,中海广场西,1,1,1
cb9896766a61cbb91bcd7fc31c4f7525,汇港轩,汇港轩,1,1,1
5ff16eb9572a2470788d463156ea3cda,增城广场北,增城广场北,1,1,1
b8778e41dc41c5e7b381e4eed559565c,万达广场西,万达广场西,1,1,1
517f9ab3ca6cd80e0e0aebf6268be552,明星新村,明星新村,1,1,1
88d4b8b1eeb20123aeb73ac09cdde912,锦绣半山,锦绣半山,1,1,1
ae0419034b95a93964958b3bf0d2aef8,华商职业学院,华商职业学院,1,1,1
88099180edc0682ba2ea4e1ed2275402,华商学院,华商学院,1,1,1
d7f5780519e7496874e51a72d86b4b0b,太平村,太平村#2,1,1,1
73f94e51fcbb8ff0e9e19f2742c5b422,西瓜岭村,西瓜岭村,1,1,1
c5cb456daefdf612d14b38a074b6b8c7,吓岗村,吓岗村,1,1,1
52fd54094c51ddbb7b057dac10fd86ed,谢屋村,谢屋村,1,1,1
0baef50c0a027eb46ff381f6b9862ca1,石滩路口,石滩路口,1,1,1
fafbfcedab28aeee25faf12ec53d2f2a,旧西福桥,旧西福桥,1,1,1
90ed48f1a3ee4975ecc3aafb2d44d55f,沙滘村口,沙滘村口,1,1,1
054b95d178e1ac795cf24a9a36455112,蓝山村,蓝山村,1,1,1
19d6f4f4c4716316d68566332111184a,蓝山上坊社,蓝山上坊社,1,1,1
7c36bf5adcf41b5779cf7a67f6d1d605,蓝山村委,蓝山村委,1,1,1
de1d3b2648fc7c6773da8964a24a6baf,宝田基村,宝田基村,1,1,1
32a15ac9e3834d842a9b71675f75dc0b,仙村车站,仙村车,1,1,1
c21f61caf397cf81fda8cfb46a0327db,十字滘村,十字滘村,1,1,1
4459950b6ac718f793f7e97317effc80,深涌村,深涌村#2,1,1,1
2ecc6f854afc8c280e8036ce4f9a9dcb,增塘村路口,增塘村路口,1,1,1
d49bd3e99207505d8651f1e133172819,增城广场西,增城广场西,1,1,1
b72937b75290552333855cf40e9233ce,交警中队,交警中队,1,1,1
f2f2fb7e09ebb4f3dcd5e2087bf004e0,富国路口,富国路口,1,1,1
b2f4c7fb2ddb30b653093815364bef90,荔茵幼儿园,荔茵幼儿园,1,1,1
ec151d2f5c787dbfe8b61111743c2a54,区卫健局,区卫健局,1,1,1
1c8c41f65bed1bd88a47037454e82e73,棠村,棠村,1,1,1
4d951fecdc80ee364343211727059451,桥头村,桥头村,1,1,1
16c92ee52ec762023ad88894310df835,温山吓村,温山吓村,1,1,1
f8cc35a9ba02b45c55d70a1303a18893,庆东村,庆东村,1,1,1
7c27cda9a218629084bed779a60ec2b7,棠厦村,棠厦村,1,1,1
d4c001bbee59ed51db53c848bc60b006,小楼市场,小楼市场,1,1,1
afe2aacd2c7363c8779f556eee3c8de2,何仙姑站,何仙姑,1,1,1
9ef3637e14a7cc4fb256e762d20cf66f,迪亚春天,迪亚春天,1,1,1
f2402ed6cb244c41b3eb831a817214ff,仙桂村,仙桂村,1,1,1
2bb471ca1ad1ce4bf98b54a5965818c4,江坳绿道综合服务区,江坳绿道综合服务区,1,1,1
17bdb6abec64d38be5da0bec6bb42848,金谷园,金谷园,1,1,1
f3b5ab9c3095881d1774c890191c77eb,小楼人家,小楼人家,1,1,1
b0537cb51a7a81c102eb8135cb4ca6be,腊圃路口,腊圃路口,1,1,1
7112b58c2572f336a4b31a129b102903,腊圃村,腊圃村,1,1,1
9c058f40c213f9a670ca6ead24f85abb,约场村,约场村,1,1,1
4117759cc203c4032b46b08d0379b763,黄贝岭,黄贝岭,1,1,1
93b3412026d82ba22ee657648cf459dd,利迳村,利迳村,1,1,1
f316a6689e332a45dffcf8c194b95f4a,上山背村,上山背村,1,1,1
c7d34bf63c58d15511f6fc4181d4ef46,三丫车,三丫车,1,1,1
c03f5393bf407444defab24b24e2560e,大埔村,大埔村,1,1,1
e4be7ad32d397bf5e887fe5c0a8ec3e6,派潭市场,派潭市场,1,1,1
3bde43ff7fb5bf6d1b715a8df8701412,派潭客运站,派潭客运,1,1,1
c2dc60998fe7c79e42e4fa7dc80d3ac9,小楼镇政府,小楼镇政府,1,1,1
f5facde11b77d9ecddfd08288e09ce4a,正果车站,正果车,1,1,1
c96693934209096326d1d3aa284bb029,池田村,池田村,1,1,1
b0f33b73be54c28ea6c35f7c3dbd4896,兰溪路口,兰溪路口(招呼站),1,1,1
9d47ed8bf7d06e20c1625f86303a96dc,到蔚村,到蔚村,1,1,1
8b818e32bb5372a34ae208dd90647c83,彭场村,彭场村,1,1,1
00169b92929496befb5917c252e4032a,石溪村,石溪村,1,1,1
190b90e142b215b3771447de130c388a,新石村,新石村,1,1,1
14409f7349206081c6169a3873928fd4,中西村,中西村,1,1,1
174c8f13b7127d989037015704a0b002,麦村,麦村#2,1,1,1
9590ed50182f04b48bc2d770522fce45,白湖村,白湖村,1,1,1
7a2e69624ffcf8d45153bf71f207627b,光耀村,光耀村,1,1,1
d91a5dd54f54099a923451be86966fdd,联益村,联益村,1,1,1
1ca78a21fb7e8c58fa9aa7c9b7c40415,大份村,大份村,1,1,1
0009245c6533909386fa1f70b0ff84f7,太子坑,太子坑,1,1,1
f5c4950b25799d8b12f7f869e0f2c106,上扶罗,上扶罗,1,1,1
80001939ff78f0f949dbbe9085b38d2c,光辉村,光辉村,1,1,1
21f9583444b95ec7180963d5639f8af7,1978文化创意园,1978文化创意园,1,1,1
343457ccfffde0067c2f9e9663270d05,二汽客运站,二汽客运,1,1,1
332f7cf5d21ac3db50b5fa44806307f4,挂绿广场东,挂绿广场东,1,1,1
e2d95e19636cee1186a44b0efa68ce9b,荔城二小,荔城二小,1,1,1
f30ebd110e87d60258e5bd59ce5d1500,光明车站,光明车,1,1,1
f481b5466bf9110657a02d91b651daf3,儿童公园,儿童公园#2,1,1,1
50c6c60336456f514430129139a44569,钟岗地铁站,钟岗地铁,1,1,1
61b2bf9b3e138cd8e229b920843237e8,增城广场地铁总站,增城广场地铁总,1,1,1
e687d674478325d06c731166a2a7c1ff,体育馆,体育馆,1,1,1
3625ed8fc87bdd5d3fc36e7b3fb4f2cb,增江市场,增江市场,1,1,1
2189579aa68baff862c698d07a91171d,东区市场,东区市场#1,1,1,1
4f6ad6b14ddafe4e95c4d581be908e20,增江工业区,增江工业区,1,1,1
d2ea7f88d3d9abffc3dfa180ac60c3c5,西山村,西山村#1,1,1,1
b8c0d8549a1f2ea9815dee536c780d3d,一环路,一环路,1,1,1
ae023cec69c75d1643181144d9ec5aff,新围村,新围村#2,1,1,1
34756bf7f98a09b36012f517d9787c4f,鹤洲村,鹤洲村,1,1,1
6fda600615de8adc628c2f7a519c5eaa,陆村,陆村,1,1,1
8c2a4f5bfb7932c41e61d0b337a89781,增江小学,增江小学,1,1,1
d7b5c555d34a2730d7f8a622c7b7c744,北汽,北汽,1,1,1
5afced3955af9ee4ac9bafa06793b6dc,梅花岭,梅花岭,1,1,1
27ccd3c748d369acc2c3c84246235111,沙塘村,沙塘村,1,1,1
08c53791faca11138530f5c878309b16,岗岭路口,岗岭路口,1,1,1
d752f9443555f14129b23440f45112b7,岗尾村,岗尾村,1,1,1
0ef21441d86bd354037660dea9624f5e,水龙村路口,水龙村路口,1,1,1
8adfc4757b48d00a23527392ab8ca30e,三江墟,三江墟,1,1,1
51531d9574d1ffb192fab117cd25b062,溪头村,溪头村,1,1,1
b03f4c5952633999b3047a27c6d6af5f,姚沙头村,姚沙头村,1,1,1
a7d06e66b9230dbe0e5289573af5d652,田桥村,田桥村,1,1,1
1f596642dfe5bb12bbd0de96db1f40b3,山村,山村#2,1,1,1
6e73bd031ce7185313f1536f63a40f02,红海货场,红海货场,1,1,1
8d397235e9df2ef5b9ba1084749eebb4,上围村,上围村,1,1,1
0a10c0c3ccd90b28174bb920b669ba69,下围路口,下围路口,1,1,1
49cc612f23287ea266494f9b7c9ba93a,沙庄街,沙庄街,1,1,1
aedfa5474e7f91b98f71d8f62f0f96aa,江龙桥,江龙桥,1,1,1
cb295f8dfadf5c44795d2bea80a0b4a8,龙地村,龙地村,1,1,1
188c7936a2004c0f6e56a7f24933eec3,杜钊路口,杜钊路口,1,1,1
50d1eabed1074f31e5b23d059c3a27c0,新中医院,新中医院#2,1,1,1
91c0c8ec9bfc37704f81a9ccb55b964a,增城广场东,增城广场东(临时站),1,1,1
1f705d60045569915bfae0fc91e6e2bc,二龙山生态园景区,二龙山生态园景区,1,1,1
9ff5d1eb199cc2665e535545b2840809,邓山村,邓山村,1,1,1
3051bdecf1328bbb3939eb78fe736d75,陈屋,陈屋,1,1,1
41aee81627d25e55c14736df9409cc24,沙岗村,沙岗村#2,1,1,1
39138b2095553ac96d937c4913d65aa4,二龙田心村,二龙田心村,1,1,1
dd25513caf0a696d9652e2ce012680fd,二龙村,二龙村,1,1,1
84ca7b41bbe5a34ed1bd91c98b2405dd,新屋吓村,新屋吓村,1,1,1
3845295355c5562933186ce3d5e85c4f,山口村,山口村,1,1,1
80702fb11e2dfb6738573dd142067c45,正隆村,正隆村,1,1,1
3addc5b42a1bbc0d1a01687c414bff01,九益村,九益村,1,1,1
79854df80511aa320f3a754cc1da6030,腊圃医院,腊圃医院,1,1,1
faca2110cf5fe3eacc488d81d23e1021,小楼车站,小楼车,1,1,1
67b2e535ec8a2d4924d5c2f6fd8fd995,韩村桥头,韩村桥头,1,1,1
c5daab3ea63990cc090f8ccef1a96820,大埔围,大埔围,1,1,1
0fc2ea491f3bf6a6dd757770f835bc59,泰禾广州院子,泰禾广州院子,1,1,1
e7c2d805caeb0a0aff94540e164cafa5,窑下冚,窑下冚,1,1,1
67bfb11d920fb4b92383db8a6eac6d93,四丰村,四丰村,1,1,1
177b51cd4a062c7c34fb7d6fae25f92b,行政中心,行政中心,1,1,1
f00e26c7bb92b6944852a69fe037665e,罗岗村委,罗岗村委#2,1,1,1
2b8b4852e976ea1fc250912e4536c466,荔湖社区总站,荔湖社区总,1,1,1
516c85d8ca972b9fd6dc7e8318289d4b,永宁总站,永宁总,1,1,1
7b7d00c7f3bfaad009684a9f5959279e,新城市场,新城市场,1,1,1
c335d002939ce83f835a92854c8356d7,东凌工业园,东凌工业园,1,1,1
3095055fa53b021dd0e310e15389472c,塔岗村,塔岗村,1,1,1
c4392693642caf8da2f3be1f46f4a1a1,开发区一小,开发区一小,1,1,1
a0e81750effd846762557c6aac0d95bc,纽恩泰,纽恩泰,1,1,1
68f978bc7dfb5c65d9697031da1f313f,九如村,九如村,1,1,1
69a58919691ed5fce4429802a9bc807a,新和北路中,新和北路中,1,1,1
a41ccdda0fc89550fa971e2c16970dd8,马山宿舍,马山宿舍,1,1,1
f331629ca7244111e16a4e0b1107e3a2,华达汽车,华达汽车,1,1,1
030669b828c169af13b9ed434a0c1227,捷厉特车厂,捷厉特车厂,1,1,1
61e34a0c513197ea057074e6ca891873,江河幕墙北门,江河幕墙北门,1,1,1
414ede317ea53193db99928b47261a8d,东圃村,东圃村,1,1,1
515446cd900f7723c75f76a5d888533c,官湖地铁站,官湖地铁,1,1,1
c4ef72cf97fb4e7870cb5c2da0f43e91,茅山大道北,茅山大道北,1,1,1
7b1a618ffa98f18500ce83b056cc43cb,官湖地铁站B出口,官湖地铁站B出口,1,1,1
69a186997fd43404af78d1e1edad8beb,开发区管委会,开发区管委会#3,1,1,1
b8d1cf8106ffab66657d302c413604b3,税务所,税务所,1,1,1
4a481e9ba7a1d40fd971fc3a46043cf5,翟洞村,翟洞村,1,1,1
59efb9507b9b665d036e0f18ae81d703,夏埔村总站,夏埔村总,1,1,1
251bfaeda21eb81730d9a951045636ed,夏埔村口,夏埔村口,1,1,1
f96ace9f5fb05ba7ee12491f9c77cfa7,新塘镇政府,新塘镇政府,1,1,1
2d2e98bcb4f09526f3b3ea4a406c07bf,久裕村路口,久裕村路口,1,1,1
604e4c694ae9dc78d011635aa959a47d,集邦货运市场,集邦货运市场,1,1,1
e78464030e23ef6a092682c863607351,新沙地铁站,新沙地铁,1,1,1
d5c3bbc27424a88122ddac7fef8b201b,乌石村,乌石村#3,1,1,1
d13c4774a19247df59233321fd7dbf04,瓜岭村路口,瓜岭村路口,1,1,1
621ef9fc045c3b38fe3879b97cc9135c,黄沙头村,黄沙头村,1,1,1
e82c66f9c10e66a4a18684a5f9b9992b,港口大道中,港口大道中,1,1,1
6f98cd963d6c31ed95d419812c5a475c,永和小学,永和小学,1,1,1
e03a0bb9a08aa78e9410e28046d9a0e3,下蒌元村,下蒌元村,1,1,1
3f2d68bb1df852106f3aa6b594eb1b38,永和中学总站,永和中学总,1,1,1
f1a52476d75454e6bf9c0e8c69a20148,东江大道南,东江大道南,1,1,1
8793280b1e1aceeb17847f285cac9829,东洲工业园,东洲工业园,1,1,1
61df38857340467c8db24c44ea7118b5,豪进广场,豪进广场,1,1,1
e48a68c2ae1b358fb187610521e0b081,新塘中学,新塘中学,1,1,1
93945ddabd5c299ca4c16585d27d1715,新塘南站,新塘南,1,1,1
40856497f47aecc3479034ecb09a48ac,新塘站东,新塘站东,1,1,1
a49bb6fb13e3c84006c8ce38bb2ad12c,新塘站公交总站,新塘站公交总,1,1,1
db763f104bddade3bd9548341e7b2d24,峰光实业,峰光实业,1,1,1
ec04997e7daea7f7c02ff4dc5444a30e,奔马厂,奔马厂,1,1,1
0391cf2c6edb83fca06fe717a228e77b,智择电子厂站,智择电子厂,1,1,1
ad9072589528212e4b1ad7e4d73bfb8b,凤凰城交通中心,凤凰城交通中心,1,1,1
e3ad595e748a60df0ed79120353a3ab7,牛仔谷,牛仔谷,1,1,1
7d6bf36255bf020d9c72ed7385e16930,久裕牛仔街,久裕牛仔街,1,1,1
7acaf732110c273a6f904b81771d5c0e,久裕村委,久裕村委,1,1,1
fae14bbae48744e095b7807dba74479c,久裕商贸城,久裕商贸城,1,1,1
922472cd4a611ddbc962c1ff54bc1dd0,大敦广场,大敦广场,1,1,1
d7349d170ec09efc57c3f6c82653c713,大敦学校,大敦学校,1,1,1
7f25056e8168dbceadfda45b7aed7399,大敦综合市场,大敦综合市场,1,1,1
7e86e552650360b3d866e113600d1942,汇太中路,汇太中路,1,1,1
35e718d5b110613206a89a919a0a3b43,新沙路口,新沙路口#1,1,1,1
4069d75763f10203cf252ab0e571a536,田心村,田心村#3,1,1,1
e1336d9982189ac634eb5d2844856e81,双菱轧钢,双菱轧钢,1,1,1
81e5d6024fa5ab398786ea02939b0db5,豆角岭,豆角岭,1,1,1
23cd2039281d4b8739a78672ae505e4f,八达岭,八达岭,1,1,1
8b22b23b28215f7a4b71cb207ee3c919,瑶田路口,瑶田路口,1,1,1
b99fe75cbd28dad6477ec018c366027b,富雅都市华庭,富雅都市华庭,1,1,1
4ebfcc50b39da731d931de64d85311f5,汇太东金贸街,汇太东金贸街,1,1,1
6a040afeecd247f7900abfb7f7596a94,新塘商会,新塘商会,1,1,1
253987d5e648f6b5dac498508f45009a,新塘供电所,新塘供电所,1,1,1
3370311e3607137541a50d51fbe3cbd0,顺欣花园,顺欣花园,1,1,1
5158f3c517a17a422cd5c0496a770d7b,民营工业园,民营工业园#2,1,1,1
7622e1162df024d967fe619f5ac4368f,公汽公司,公汽公司,1,1,1
540922e37b8e330e343bd0ec0ef27bdf,富鹏市场北,富鹏市场北,1,1,1
39d41a86d1ec5c73495b7dc0997c56de,交警大队,交警大队#2,1,1,1
f73fb19bc3fb7048a9bd8a811b7fed9c,莲花市场,莲花市场,1,1,1
d4be1803c5312f746c7ed7125bab1e5b,荔景中学,荔景中学,1,1,1
2337b62d560324fafe16487273ddacbb,江尾,江尾,1,1,1
b9fb866372f5eb5796adaf867795bb9d,文礼路口,文礼路口,1,1,1
a33595b51146fdab1c51e434eb53a5bd,知行园,知行园,1,1,1
6ffa535d0c736a22423e6204f5a1e542,广州幼专,广州幼专,1,1,1
453b514184598df8a529cb047bb9871d,市技师学院（西行）,市技师学院,1,1,1
01165cd71735111b106384732e4f0ebb,工贸学院（西行） / 工贸学院,工贸学院,1,2,1
93ce3f8729edb2cdd8ded227e5810d0c,信息职业学校（东行）,信息职业学校,1,1,1
3823600552ac21cb4f70fae6d9accce6,科教城东公交总站,科教城东公交总,1,1,1
4b308af1911d5f01c1a468e2f89cf673,轻工职业学校（东行）,轻工职业学校,1,1,1
fb2a5172be0a0e63ce936609752aed98,214站,214,1,1,1
a3c511b1f65bb3f25f07718fce836d6c,亚太新城,亚太新城,1,1,1
aa7695648ab9af21e6cb08757e068a74,新塘地铁站,新塘地铁,1,1,1
096ba7340ea8144672ce71be12ef327e,金融服务区,金融服务区,1,1,1
d2a15853422781f8680f546e480957f6,新塘万达广场,新塘万达广场,1,1,1
741156979cb1d837d45cddbd2c4b34c3,宝盛广场,宝盛广场,1,1,1
1187ca2be70b4b1cdd6635b0a445e471,南方医院增城分院,南方医院增城分院,1,1,1
dff77eadfff9b6034ac7c6d8739977e0,亨威公司,亨威公司,1,1,1
de36175d29c85e7d6298a99f8d7870fd,珠江钢琴,珠江钢琴,1,1,1
5fef5044b1ce418fad332719643af4cd,香山大道,香山大道,1,1,1
270b4f15e89a606cb094a4f0b929a579,东布岭,东布岭,1,1,1
cc67a584eab8b6c33139b206cc64db48,时代廊桥,时代廊桥,1,1,1
d108d348550abfc994f00c2274babdcf,木棉冚村,木棉冚村,1,1,1
09ed3694f593ab78802f59a7ed5427d4,香山湖路口,香山湖路口,1,1,1
9c4afc633f1776d79f6b5f9bd73260bd,香景花园,香景花园,1,1,1
3c65b30eee9484ffd2a547d879bb7fd8,永安学校,永安学校,1,1,1
2b80e1e025266932d9608401915da0f6,光辉建材家具城东,光辉建材家具城东,1,1,1
3959cc264486d12b922f70ea9fadbc24,新塘汽车客运站,新塘汽车客运,1,1,1
15cfced09770c63bda51cd6f2ffe44fa,奥园城市天地,奥园城市天地,1,1,1
dcedc8e1f918921b7e1b90c3b3c5ec76,白石村,白石村#2,1,1,1
bbe385193c9f48c6baac468938365526,上邵村,上邵村,1,1,1
1e7a400ecb72ae23e1f222de058b9fde,广本厂,广本厂,1,1,1
e157addd552999e88b101bfcb12b8fce,沙埔路口,沙埔路口,1,1,1
8124694f809553eaf5485d970f4a2b84,创兴厂,创兴厂,1,1,1
7bba6a90e7193b06d482b99bb6ac0046,万田公园,万田公园,1,1,1
80f00fe128fbf45a9e292982fe309de7,站前路口,站前路口,1,1,1
5cc9ef8c6b8a13fe1efbe63a2508e7dd,西南工业区,西南工业区,1,1,1
0497954d4a27b6e8e0778c73d80c7ffd,物流园,物流园,1,1,1
fe75f7c924d9e6c9af5d8c65544959e2,仙宁路口,仙宁路口,1,1,1
7a0c4179d7ae1bf681d26b97dc1c053f,基岗村路口,基岗村路口,1,1,1
76ad8802cbcb1c3e5847dfdddd02780a,沙陇村,沙陇村,1,1,1
a8a71549ef9ff41dad812d80a094890b,如丰厂,如丰厂,1,1,1
dfc12f69a5e1d443f4313ea4dd0438fa,麻车村,麻车村,1,1,1
599b9e25b82148f337ae216cd2788245,麻车村委,麻车村委,1,1,1
14c1340772fdf8b5e822c9efc20a3c69,石头村,石头村,1,1,1
0e85f0e9bf71b2050df626a84e8965f3,马修谢屋村,马修谢屋村,1,1,1
ff2f11729b432cd21266b311940eec22,马修村,马修村,1,1,1
fe8c2fc0ce320635f703c775b7d60ed8,勤发市场,勤发市场,1,1,1
58913c1b3a3652337970648ad0fe5f8a,立新西路东,立新西路东,1,1,1
604f52fcfbf37488c77b24c2eda3c66b,仙村路口,仙村路口,1,1,1
353dbc3f3a47821b34656e54f2d2e15c,中新车站,中新车,1,1,1
b65628100b60e97dce22798c92e13022,农工商,农工商,1,1,1
44ef10862fb1c1bae4ff748df427b7ce,香山湖总站,香山湖总,1,1,1
8002acaed88f7391c9cbbd8edaff6fed,纵一路,纵一路,1,1,1
e2a89721301a3b315be21ce681980d2d,联丰村,联丰村,1,1,1
c630de6aa429e70f5ab885e652be1661,联丰村委,联丰村委#2,1,1,1
23adc49482a50baf6c86aaec3db7a3eb,联丰卫生站,联丰卫生,1,1,1
6c0cfe3d8383e53bfe4535c1044834e1,华农基地,华农基地,1,1,1
a967589f65d5bcb94cad0476bae6f4a2,冯村,冯村#1,1,1,1
33e8cb15d0c2f798da46c55d78d9fe83,冯村村委,冯村村委#1,1,1,1
a4399f64f15cfe8758cdc7f39bd61fc6,中元村,中元村,1,1,1
84c8539a9b4883af8235ba52afa6429c,宁西政务中心,宁西政务中心,1,1,1
f341e3db7d0fadbee10a842d9ab63e57,创兴工业园,创兴工业园,1,1,1
6c33cd444df48c9a49499388dc479c4b,基岗大道南,基岗大道南,1,1,1
b9d182104294355bee271303eef92d44,仙村铁路桥底,仙村铁路桥底,1,1,1
9a654d1d8aea244e630fe81c1310e64d,沙头村,沙头村#1,1,1,1
1d88e37c54852267c6501fb842fcda5e,新塘动车所,新塘动车所,1,1,1
36902da7cacf2f726f6a6f06bb34595f,三安村路口,三安村路口,1,1,1
51948a2fa5c710fb0d81228e661357cd,银沙工业区,银沙工业区,1,1,1
7d752ff13bbb582bcae5780d3bb5826e,塘边村,塘边村#2,1,1,1
db6e624c4ae0f2d4bd96f4f9dc3e13ea,官道村,官道村,1,1,1
f3d6b30edc6905d7f2cd64e0a00c9f0c,沙埔医院,沙埔医院,1,1,1
057e8296c8edc006a6ef7c2c8b336167,沙埔广场,沙埔广场,1,1,1
44bec281d5bd83a88e293dc9da4eae41,沙埔市场,沙埔市场,1,1,1
f2763c5a0b3d97a6ee4e718194a2f3b0,白石市场,白石市场,1,1,1
52279677fa97666369d26a284bc94086,白石市场西,白石市场西,1,1,1
78a3462167432525b4c911ac1797f6e8,新塘二中,新塘二中,1,1,1
d92b1f6627c02be1f2ac24f286e43dc6,塘美广场,塘美广场,1,1,1
5a6722396bf1f7c7d79937dadffc0726,官湖桥头,官湖桥头,1,1,1
e0d6839588dc7065c71f3c2620d7af2c,官湖村,官湖村,1,1,1
b1007beb4c3bfe5ec7b48f1732b639e7,石新路南,石新路南,1,1,1
06e4fc00b1cf2a1ea1e0627b9f0c5048,瑶田村,瑶田村,1,1,1
8ee1935e4256314fcbb0e9f5abc74652,西洲大道,西洲大道,1,1,1
bd6490cf6bb9042b170f18bfcc7b0ef5,西洲总站,西洲总,1,1,1
3324b4d03ea93d84c6c695b658a2f50f,坭紫市场,坭紫市场,1,1,1
9e1a185aa9a544ddaeb2509a715bac90,创新大道中,创新大道中,1,1,1
554c474ca9093ecc879811bb5eea9232,珠江创业中心,珠江创业中心,1,1,1
d02a9da8b74fddfbd47a951cca7c2fe3,仙村一路南,仙村一路南,1,1,1
186526b58d234d442e30f8b4f870ce0a,尚东阳光,尚东阳光,1,1,1
0eb8f28a11099585f67b5182a7c2204c,百花山庄,百花山庄,1,1,1
d3686dd09a3db783f1013e7e615ca021,新联村,新联村#2,1,1,1
024b3ed634c1a0200b2ff4a2e8cdcb74,雅居乐三千院,雅居乐三千院,1,1,1
4e4a6a455bed5101dbc84805d2b86ea5,迳吓村,迳吓村,1,1,1
68a46849765f448d95cba9feefcce97a,力源豪苑,力源豪苑,1,1,1
27b2ac348a95c84ac71c6d906b1cada4,挂绿广场南,挂绿广场南,1,1,1
7efda5f8402cabc39527db41ebd9f162,凤凰山,凤凰山,1,1,1
6b761117c5955e0aa4447b324fa6e5ef,和平路,和平路,1,1,1
9aff7827893dd6d93206964e216f47bf,东湖公园,东湖公园,1,1,1
d6457acc3846858ed4f22093d053c9ed,荔城中学,荔城中学,1,1,1
e277ac6231085c1bebd061d94ae1f81f,蕉石岭,蕉石岭,1,1,1
16799e9c7fc802dd160717404fc5c492,救助站,救助,1,1,1
d6f87524d27caf88048074125862bfa9,职教园区公交站,职教园区公交,1,1,1
f35c5f5a7c7423ea7d8ac041b7a3e618,新河路北,新河路北,1,1,1
9090fd0ffb2e5a7b4e997995c264b4ed,新耀北路南,新耀北路南,1,1,1
e97730089a9bb52285c28082536095de,新和北路北,新和北路北,1,1,1
6c13fd4045c4d66226f599aa3dc3e3f3,南香山,南香山,1,1,1
da8a6590ff0698b99414ca6336f5a6b3,百花古寺,百花古寺,1,1,1
90cde407ec689d90e642ccd71a352ca7,新誉横路口,新誉横路口,1,1,1
941b25e806b120a120bfb695695899d9,新誉北路口,新誉北路口,1,1,1
7bf7de4a250d5f6468eba1871e95b592,永宁大道东,永宁大道东,1,1,1
8e41783adad5c66705cf86b2c4a4a83f,郭村,郭村,1,1,1
e6ac92f33ee430e5683ce5c423ae7e6f,下元村南,下元村南,1,1,1
dc334fa7237ad639268e0997aa01f105,湖东西社村,湖东西社村,1,1,1
984dff340cffbb3b6080485b5d0cc7db,耕寮村,耕寮村,1,1,1
8affaa113b3e770367331f6557726f2d,创誉路西,创誉路西,1,1,1
50969c24aa82d9182f653a21bba7d7a5,乌石田村,乌石田村,1,1,1
88784b91eba2143ba64b8b88475ed8fb,关村,关村,1,1,1
161a081275a8d49ee17724e9fdbf400f,黄村,黄村#2,1,1,1
784aa089c6a9aee4e45e38771b3ce611,长布村,长布村,1,1,1
53503fb1dfa30107b36fc85797ba5bc1,三星村,三星村,1,1,1
c676d7276fb66ef982785829345f441d,合益村,合益村,1,1,1
8157e9a9246d3a877b730c431e76551b,田美村,田美村#2,1,1,1
59a984d7e02c4e83c71911c925fe5ec8,乌石美站,乌石美,1,1,1
aeb7afd7e7aa22efcce1f00584719fbd,三环岛,三环岛,1,1,1
2cb1d5096548826f942895796e89510c,应元学校,应元学校,1,1,1
9515a8d3770f536ac5c2f5781c247d4d,凤凰实验小学,凤凰实验小学,1,1,1
b04fb4ff6fd984835a033e1dc86b35a4,创盈路西,创盈路西,1,1,1
a88c63a440841af1a831120d89c4306a,创盈路中,创盈路中,1,1,1
9356a3b6c8bdc205312e87977e8ee210,天誉小学,天誉小学,1,1,1
2da1ee2611a7b71c1b69c3aaf4107b9a,创盈路东,创盈路东,1,1,1
e11e421b6cb481d2da09d01860780c82,香山大道中,香山大道中,1,1,1
07370b0bcc58991f18fbc7c2393540c8,原尚物流,原尚物流,1,1,1
2cea8480d1429e709a366e6a206af4db,飞扬西路,飞扬西路,1,1,1
eaf7395a60908a90914f79db6ddff4fa,云山诗意,云山诗意#3,1,1,1
2361fb414f2ece6fa6439ecbee5b91de,金竹一路西,金竹一路西,1,1,1
25aa5334fab4a64651d9ca225b027e2c,荔城街党群中心,荔城街党群中心,1,1,1
5f8e2b1c4c24d081692a5299ebe025e5,中坚豪庭,中坚豪庭,1,1,1
8674f82da2c4b5310d5867eeb0d35f7b,滨海花园,滨海花园#2,1,1,1
64d05e87c1e1c9ea9348088dd5850e42,规划局,规划局,1,1,1
0cfc872e5b994a9bdc3921ef3726380e,人民医院,人民医院,1,1,1
02508cc512bf793fb75dc740a5574707,碧桂园荔园,碧桂园荔园,1,1,1
a103da801c0c11f7289a67240cb25610,侨威,侨威,1,1,1
0fbbdd9dbe3e108f85f023aeb1e0ca25,正大公司,正大公司,1,1,1
5e4488ec62405bd07eb7f6a51820d6ae,金时花园,金时花园,1,1,1
b80354c4fbc2702dd3bc0acf9c1978d4,市二中（颐养院）,市二中,1,1,1
1bab3108eb7a6431536cea1e8eccb163,夏街村,夏街村,1,1,1
c9bb5f295679b3571c11aa3752b89c2f,沙园路口,沙园路口,1,1,1
b94907af263a4ee3962e0a37067a2f02,富鹏市场东,富鹏市场东,1,1,1
20032867abcb75c3a9e84f29d459a684,百晟汇翠湾,百晟汇翠湾(招呼站),1,1,1
3b40fa1812f49c1c6badb3937ec93546,锦绣御景苑,锦绣御景苑,1,1,1
d5233c8199bc84450b5f4ac9ba1e8de9,七彩澳游,七彩澳游,1,1,1
93a092c501dc03be8e4dd6e95cc53ab5,联兴村委,联兴村委,1,1,1
eecc7c32331a3925e4b17d20b642236b,上油罗村,上油罗村,1,1,1
8cd651b3919a490cb5a0c4d1d452c8bd,龙岗小学,龙岗小学#2,1,1,1
271466ff9de20d6ae5a6d05f28d86a5d,龙新村,龙新村,1,1,1
f6e60131f09912587d0ecda25f934957,大岗村,大岗村,1,1,1
6375864b35687dcad2cf2a783cf98e93,丹邱村,丹邱村#2,1,1,1
5788b2284edd88be7d6bd2843ed0053f,执信增城学校总站,执信增城学校总,1,1,1
f69304d3fcf7a335d9e27148c0f2542f,康健公司,康健公司,1,1,1
e3a0b4ffc56155b5a72fed520f023473,越峰电子厂,越峰电子厂,1,1,1
bbe79dbb23be567ee10c35ef28900f5d,广东省环保技工学校,广东省环保技工学校,1,1,1
961df74a34c9ef09162db771bea4727f,原野实业,原野实业,1,1,1
c83bb603f4d1256057fc8177d9ab967e,全球通,全球通,1,1,1
31e5388d26e36af523d80b25fe054c42,横塱工业区,横塱工业区,1,1,1
cc2e36d8da771194accd791eb9f13622,横塱村委,横塱村委,1,1,1
3fb799dcafb7a0b2bf4afdff6abb371b,横塱小学,横塱小学,1,1,1
fc9a668a5d7075982424d668e9fd8df5,银坑,银坑,1,1,1
c18e3a75d96b658a8913f0e61fa3f3af,横塱工业二路,横塱工业二路,1,1,1
00fa2d2428d8a321ab5b0b7d6df376a1,横塱工业路,横塱工业路,1,1,1
d95702d897f8a8cd28bc91e953357bb4,朱村中学,朱村中学,1,1,1
f87a149a570a2957dad8ad119e592946,朱村小学,朱村小学,1,1,1
fc27168268c53471690860b7616a3e7c,朱村牌坊,朱村牌坊,1,1,1
5d637b153e3e6ae32f20917dd67524fa,叠溪花园总站,叠溪花园总,1,1,1
3804f29b749fd5bf06eddb4f5b67da22,双塘村,双塘村,1,1,1
e47723bd93ffa376b604daebe6f8e2ca,里汾村,里汾村,1,1,1
6ef6e12eba2cdd1fd3318a5a1ad8caa4,泮霞村,泮霞村,1,1,1
a562e4195e5423ee058bb554cd1e6284,福新村,福新村,1,1,1
63f0eb9f995204912c8602070480ec9b,下岳村,下岳村,1,1,1
3967535671596f2a7e7cffbcb143553d,安良村,安良村,1,1,1
967c4e255569ce5ac8da3b49de8a140f,新老屋,新老屋,1,1,1
711991debed3a2b7c8adbbaaa1f2af06,茅田村,茅田村,1,1,1
8b035c77cb20f3801281e04fbe2252a3,里汾村委,里汾村委,1,1,1
6db1be6a58897f13e88b0ad7ad0549ae,濠迳村,濠迳村,1,1,1
ca4047ef785260c1dbb55b99c1a305bb,坳头村,坳头村,1,1,1
e0623e169e4e1447a9f77179644c5b03,风味园,风味园,1,1,1
16363055a6ec8ee24f57b92f98adadcb,高车村,高车村,1,1,1
1ce41424f997911f75d88e6101522e68,五联村,五联村#1,1,1,1
741acdf64e5826deee53d43b00dbef0b,白洞桥,白洞桥,1,1,1
3baa7d23d28b53ef110fe06ea29765dc,瑞机手袋厂,瑞机手袋厂,1,1,1
8ec139b1e522137beeb42442f736ee8f,心岭村,心岭村,1,1,1
93dea597b0d6a5afa521919194d4698e,福和敬老院,福和敬老院,1,1,1
361728ec7984d53292cb0c7698f6b2dd,福和医院,福和医院,1,1,1
718a58ce15a3f6c015a0d4fcae19459d,山塘村,山塘村,1,1,1
c1b6ebb6d2d6b7f3a72f804fd5951578,大安村,大安村,1,1,1
2212e9c9458c6a6595ddefb16657197a,大洞村口,大洞村口,1,1,1
4a2bb824c07c2a5c73326a2843117aba,简塘村,简塘村,1,1,1
42f7d1b3213841d0fda5710e95925c41,安良小学,安良小学,1,1,1
3ca41977c36b6e69c85a40ac913ffed1,塘面村,塘面村,1,1,1
1d641d96a76cb8cda95d4d23cc3f632a,高门村,高门村,1,1,1
fa517917d5e9fbe355fe439512b52964,移民新村,移民新村,1,1,1
332de443070fe18d41f3479c1006c28c,元洲村,元洲村,1,1,1
326c38c03ae58ece006b14669a101206,石滩镇政府,石滩镇政府,1,1,1
7ba8f86d263ff94d516c716ad21118be,田边村,田边村,1,1,1
de90805421d67126ea9c8131c11bb947,石厦村路口,石厦村路口,1,1,1
b77b519b1970f8ddfa554be157dfbd21,石滩交管所,石滩交管所,1,1,1
76a1b0daef5e30e4f7935fc278540998,石厦村,石厦村,1,1,1
f3141fe6718f02e7a0e3d6909c432ed6,雅山村口,雅山村口,1,1,1
59da79e25914d44aa41f195ee4c41c14,沙尾村,沙尾村,1,1,1
a0991205ca54c3cc7ce0aa785a2cd768,岳埔村,岳埔村,1,1,1
43fe8279530487fd46b61ab0b345bffc,家埔村,家埔村,1,1,1
4c8399206873bef9997dc66118699765,凰埔村,凰埔村,1,1,1
a87f080447a64d6a941b0d5554cde5e3,高门村路口,高门村路口,1,1,1
83095cad0a740aafbe015c5bfcf6ddaf,罗坑村,罗坑村,1,1,1
c35f1bdb4a973f583bcc19fb9ae545c2,竹坑村,竹坑村,1,1,1
cb2eae2f789481019416311e08686fbf,旧高埔村,旧高埔村,1,1,1
e3c27ab6f8a292e16a56389c5a9430c6,玉枕村,玉枕村,1,1,1
9ff715bd80bc7f6cc3fce806f2f52d13,吓坜村,吓坜村,1,1,1
b8a5b2b02e9de1aa220d7d02d95352a8,拖罗村委,拖罗村委,1,1,1
c1e6de757fdb7bf93137197843390aa8,拖罗路口,拖罗路口,1,1,1
e46ad88c5e6e33a8f0dd5a57225f1658,龙圳村,龙圳村,1,1,1
810aa342b107843890fe51be51c89b19,斗岗村,斗岗村,1,1,1
7ef22ec2adc515c8deab26fc7ace9421,大田围路口,大田围路口,1,1,1
e8d0da58aa4ee0f2c9fd9d83c51bcb5b,刘家村,刘家村,1,1,1
6649b91fac61971288a35831d1d6bd0f,千鹤街总站（豪园）,千鹤街总,1,1,1
7d87551b9be7a921eb82218b2edde152,千鹤街中,千鹤街中,1,1,1
0838cd967ea8bb8df10511b1138b25fb,千鹤街路口,千鹤街路口,1,1,1
e1cc18e1e335e6e8ebd0d3af51436204,阳光家园,阳光家园,1,1,1
a8b718b19bb63f0a0e0cb717c328f988,樟洞坑村,樟洞坑村,1,1,1
fffa1262be74621eaf61ddfc9ed759dd,亚口冚,亚口冚,1,1,1
ff3cf99de20d9e0c73fadfd0bc051647,何大塘村,何大塘村,1,1,1
ee20be21514854f78b27c3d65dbe7563,大坝桥,大坝桥,1,1,1
2370eaf004bca77f135a4953e6f5e04c,汉湖村,汉湖村,1,1,1
f6bf66d734b19ebfe688dc73c02a9da0,高坡头,高坡头,1,1,1
a710c3ae96d2a80f4da0cf7320135b77,寨吓村,寨吓村,1,1,1
255a02c142b79809fa94fe2ece1792cf,派潭派出所,派潭派出所,1,1,1
6bc8ece562a5a416fd4b230778c76c18,派潭敬老院,派潭敬老院,1,1,1
c733d53617ecfb4945ba05fe1b095da4,背阴村,背阴村,1,1,1
35a7df5b8b08d5d5304e8cae51af2397,东洞村,东洞村,1,1,1
66f0ce1bfc5d6beda318aa685499a7d4,亚如冚,亚如冚,1,1,1
202cc392c151a4dd268dfdb3cbe256d5,七境村,七境村,1,1,1
e410f3aace693517656f4b554932bc5d,灵山墟,灵山墟,1,1,1
3c5343f29ba888196520215059a2a2be,双合寮,双合寮,1,1,1
839249e2b89c0174a448613b14c7a7f5,溪东村,溪东村,1,1,1
4035ddf39ad38fc6bfac11fcefc1555a,溪东桥,溪东桥,1,1,1
6efb3c0412564c827d73e3e0b5646b81,双头村,双头村,1,1,1
894968369be8f9ef1b2a668388f70c28,麦村村委,麦村村委#2,1,1,1
ac94e2e3793e03bfa90184b09ccc1b12,中西卫生站,中西卫生,1,1,1
d2a02880e308051361b9e09df16170b9,东汾村,东汾村,1,1,1
d30c64625d7a69ca3dcfa39b59b5fb9c,黄塘村,黄塘村,1,1,1
0cac8596197ae69557d639a66adfa721,彭场村,彭场村,1,1,1
ba74a45ca862117d6d20344f4280f76e,石湖村,石湖村#2,1,1,1
53eacae07083d734ea8b3c6a17a383d2,广惠高速仙村出口,广惠高速仙村出口,1,1,1
8c8c667ee8d41dfc38d8f16d2441c5fb,新和南路,新和南路,1,1,1
1af49c3c8ef92a5c6af2629804900acc,麻冚村,麻冚村,1,1,1
d776d3742e0c21e25fcca20e0a492208,麻冚村委,麻冚村委,1,1,1
8ea1cf5610b1a378430eed33b75ab5fb,西湖滩路口,西湖滩路口,1,1,1
ab2d58388d91f2e2a70e31bce7cba4de,浪拔村,浪拔村,1,1,1
39f3e5fafedb848b5f41f50c56513f25,白江湖森林公园,白江湖森林公园,1,1,1
d3b2406e301e3f211e4e6259d03c9a48,水口村,水口村#2,1,1,1
033d1a3245405f4df4a9fa01479883cd,兰溪村,兰溪村,1,1,1
3b7d54d3567398d7d356516227a737b7,水美村,水美村,1,1,1
1270997a7b1d1cb15a6b1732fa1c66cc,通坑村,通坑村,1,1,1
3da59448695a851a5ec1cd8ef8b25ea5,榕树冚村,榕树冚村,1,1,1
61c4e050a2ce574a1c9c2dc5d8c02f67,畲族村,畲族村,1,1,1
beeb0da3613a75404f5e7eb9ded93dcc,龙潭埔,龙潭埔,1,1,1
402f90812cf395ce72375f54d91d0442,朱兜埔,朱兜埔,1,1,1
23c76d3dfb7ac63e397f774342bf5d31,汀塘村,汀塘村,1,1,1
5fd37c648e2351c5ff97c247b460b879,九峰山农庄,九峰山农庄,1,1,1
c3f874a44153f7e524e509bcbdde6720,光明路,光明路,1,1,1
3eda0a4112a6df48af8e44be16a93735,园圃路口,园圃路口,1,1,1
3a6c55bc857e6e12fe57fd3a4ba5a75f,西园村,西园村,1,1,1
a3fc146cd67ce78fcd2a494416f6fa75,庙潭村,庙潭村,1,1,1
365e9cd8f10f9afc0f591728ae8304e9,东境村,东境村,1,1,1
802da33309d128e9799789110c72b384,报德祠,报德祠,1,1,1
e36fb7ba66b8fc6ef5fd0b6b1e69780c,福和一桥,福和一桥,1,1,1
fdcad561bcde0ca2d792000709234088,医药职业学校,医药职业学校,1,1,1
d62008f89e4de294e8c7f01392ca32f0,科教城小学,科教城小学,1,1,1
fc6abf5ee59f7ad681d9636f2fca953c,方正路中,方正路中,1,1,1
c1e618de4babe404074ed9fef4eaf2c6,公用技师学院,公用技师学院,1,1,1
a537323df524c13e98e38623719e58d8,科教城西公交总站,科教城西公交总,1,1,1
2d57a4a2b881df6f783de7d6e32d0dbd,电子五所,电子五所,1,1,1
bc473887be108c870a8c5b376313823b,医药职业学校（东行）,医药职业学校,1,1,1
8c090aa3450afff05f19583300cc75fc,大冚村,大冚村,1,1,1
f90a0c6ad2a9ab684f81458f326f7203,水围村,水围村,1,1,1
4f3c96b36600e564d3c8f8e98ef4c0f1,亮星村,亮星村,1,1,1
45096a19bde9db84f797ca59e7f5b3c3,元汾村,元汾村,1,1,1
470611cf10e44f3134db77849af5c040,新围村委,新围村委,1,1,1
71f19f9dfc105ede0e56f82f8ff26d00,青迳村,青迳村,1,1,1
a0c5573a03803711b253acc741f18ee9,秀水村,秀水村,1,1,1
3cc7b6e830232699d7aed8ea790a32c1,长岭村,长岭村,1,1,1
cd7aaff7cfcc8a9797050f764b491e7b,五星村,五星村#1,1,1,1
b263d7862a18b9cfbeca35353dd4f9d4,增龙车站,增龙车,1,1,1
271fecb4bffbd493e0bae22ddc2d34e1,沙塘村口,沙塘村口,1,1,1
8e14b9f9baa42bed43567fecab540bd3,初溪村委,初溪村委,1,1,1
75b6c632ba9a346831bf914629695bb2,初溪村,初溪村,1,1,1
58d34f0d951ba174c55613f20473f2da,土江村,土江村,1,1,1
09653b99449ef8b441267ace54a08d2d,美尼美,美尼美,1,1,1
c2dbb991921198c76313cd258ef3ce70,增城站公交总站,增城站公交总,1,1,1
602ab849ded9e53f0f7eba4dfcdcfe21,荔星大道北,荔星大道北,1,1,1
39f964c6a4f36df06e78c581f527e79a,新联村委,新联村委,1,1,1
e1ef68771fcf41b89966ca355a6f9249,蒋村总站,蒋村总,1,1,1
96b3e532bb526a07744890c6d03effcf,桥头村委,桥头村委,1,1,1
c34f4337468df85af4a8422955af4a90,新桥小学,新桥小学,1,1,1
335425b27f441143e4edcde695c5d27f,龙角村委,龙角村委,1,1,1
570dab87d544401166490e263a5385b5,木潭村,木潭村,1,1,1
c68345234f380ebe8dd69b0103705c64,蒋村,蒋村,1,1,1
28f3c4d0c86f754b3f7b60a8dc3a9397,群爱村路口,群爱村路口,1,1,1
004058c566455c0bb40bfc0236083274,群爱村委,群爱村委,1,1,1
1d75674740c8c8727afd72b52ed537eb,群爱村,群爱村,1,1,1
d1fcd159a96b8cb61c68ad345f6827e7,吓岗村总站,吓岗村总,1,1,1
711944b68b576ac74674338a14f6e3c7,增塘村,增塘村,1,1,1
7033a789bc20645663ad68e7c25e36bf,广本研究公司,广本研究公司,1,1,1
c96dfeae65ab12c8af1ac0678a83e7dd,省轻工学院,省轻工学院,1,1,1
93e21f8b2fd39d0a60accdd9c4f59db3,小迳村,小迳村#2,1,1,1
5c6abed218e98991fc0e2fb06b0cc5db,邓村,邓村,1,1,1
9331b2fb861bc93f124469feb0c33d99,鹅兜村,鹅兜村,1,1,1
52de805068ed54a1f94d5854d7901fe5,马村,马村,1,1,1
4e5a88004733a1f00e37d30eae2eb54b,派潭村,派潭村,1,1,1
d06b3d0de3a268fa7a57284d067cb49f,车洞村委,车洞村委,1,1,1
570aaeca4bd29625bb9232620b65d558,黄沙氹村口,黄沙氹村口,1,1,1
ad2bcea0512f4aaa087314e056e1bbab,塘口村,塘口村,1,1,1
160b639eb9be6c38844a28bac1a3a5ce,元美村,元美村,1,1,1
5e94894c87bb5c9e6a9bc90452577108,三江田心村,三江田心村,1,1,1
078da0b5a7ee29e3d658df193605b398,元岗村,元岗村#2,1,1,1
810ed9e31e1392f5b0ade441c8b3ecf7,三江关村,三江关村,1,1,1
26d2382eccc96661fb4661ea67dbe756,三江居委,三江居委,1,1,1
e72a2c926b7c86cf9b0d074103c179fb,三江敬老院,三江敬老院,1,1,1
4b944f6f744b6fcdee7efde1fb4e11d2,旧山吓村,旧山吓村,1,1,1
c04e070d3023bca33eb16588dabeace8,新山吓村,新山吓村,1,1,1
54de1b87df21fefa7c04b3233131e3bf,钟岭村,钟岭村,1,1,1
aa5b1dffd08b456a694d3a23adc3adca,山美村,山美村,1,1,1
a9419e7edcd3332f28d4172fed8963dc,龙城医院,龙城医院,1,1,1
e5aacb434385c41db48f2cf86a850101,下车路,下车路,1,1,1
eed71b08adfe2b2b97b82a5a4fd59c13,良田村,良田村,1,1,1
6b82793cf4883fd4c2f01ff1c116ef9c,莲塘村委,莲塘村委,1,1,1
bd84659b6221dc6e80039bb682ae20cd,慈岭村,慈岭村,1,1,1
34baa8a932f90de824cff942995edcd4,铁路物流园,铁路物流园,1,1,1
d85b5aafbe9c01c4e78fb440c41f3a03,增城宾馆,增城宾馆,1,1,1
f910ac643835c215404d4a87c331f0de,沙滘村,沙滘村,1,1,1
b2bd36b71c4096a66aed2f1ae393d60f,港口大道南,港口大道南,1,1,1
6a8a441a707a25d1013ea3073210cc77,新塘海关,新塘海关,1,1,1
009b281a44a8d9ffc3a5f08654bbf05c,沐陂工业园,沐陂工业园,1,1,1
c49059192750239c9f1330c9a81358b2,沐陂东路,沐陂东路,1,1,1
8cb8325370bae63fdcbe1609db2ae29b,凌塘新村,凌塘新村,1,1,1
391f732544bca6e5342c580ba4918d58,南国奥园,南国奥园,1,1,1
9b7b29351bef53c9e8760463eeb91161,阅江中路东,阅江中路东,1,1,1
bb8dc5b5dff647a1cd94ee06a1ebc035,保利天悦,保利天悦,1,1,1
9626597c67d8ec87f5a643212dfe10e7,磨碟沙公园,磨碟沙公园,1,1,1
2372311682b7a0f9c4358eb0f29f73d4,齐富路,齐富路,1,1,1
c83e737c6bd65a6e36c136b589df0008,白云湖公园西湖北门,白云湖公园西湖北门,1,1,1
eec1608b3a178d0290724e05315a3558,鹤龙五路口,鹤龙五路口,1,1,1
7fdf9d25192013e2096f4dc26db7da27,柏塘中心公园,柏塘中心公园,1,1,1
ab9b1d2459dfaa64624c62ddf8cf78a0,科兴西路,科兴西路,1,1,1
bf0a3df7372f141673f19d597c4198fa,科兴路,科兴路,1,1,1
ca3b39d5f6507fa1cdc72e807b26b2e4,峻泰路,峻泰路,1,1,1
f9c94d81cd19f43879c1d16e8af75581,螺旋三路,螺旋三路,1,1,1
48cc85cfcda5dce7f64bdde58999038f,大学城（广工）总站,大学城(广工)总,1,1,1
9e11e779c7a783acd7f5dce63855ac60,岭南印象园,岭南印象园,1,1,1
5fd433963dc90770fb443748defca867,广工,广工,1,1,1
ec97162a93e88eb02513de19342e5d8c,中环西路,中环西路,1,1,1
266e2e26a212ea936cf4c2e79ce7b5ee,广美生活区,广美生活区,1,1,1
fd2cf4203f830f11d115d9043fddeafe,新鱼桥头,新鱼桥头,1,1,1
e4e89f8e587927e41ca9e7c1ef81b261,地铁沥滘站,地铁沥滘,1,1,1
8e315c218d8143c15ee55797b045b65a,沥滘路东,沥滘路东,1,1,1
1bf0d9b3b52bc8a648d368f9f2c75c5a,沥滘路,沥滘路,1,1,1
8e62b81dcdbd16cd7a4e15f254178c87,沥滘路西,沥滘路西,1,1,1
45ffd4782414265b3b0e7f6148055c18,大干围码头,大干围码头,1,1,1
669941b14b66d0531fffa82cd01de6e9,大干围（海珠创意产业园）,大干围#1,1,1,1
7b3edc1d827864b20934e2bc091415d0,大干围中,大干围中,1,1,1
74fb8f31829c01f204d2ba92b2f31606,大干围北,大干围北,1,1,1
5af3fd37848c352e9b5889beaaefd3f8,凤凰湖（凤湖三路）,凤凰湖(凤湖三路),1,1,1
47e7f9f5bd88c464338e3ae0a4983b2d,南岗万达广场,南岗万达广场,1,1,1
72c08b2a2b3635f8bb0f603cdcf043ee,中山大道中（东圃大厦）,中山大道中,1,1,1
8484b3c11d381b1b2ebe0ffdcd0f4efa,梅东路总站,梅东路总,1,1,1
e40aa5780896e53a162f30fba375a0b7,锦城花园,锦城花园,1,1,1
a7d70d2318fdc311357e1851efaaa0c0,人民日报广东分社,人民日报广东分社,1,1,1
3c67a9cad5ed63cc42aa8ca6171be54a,同德围（横滘村）总站1,同德围总#2,1,1,1
5c09c23e02d97aeb177f22680130dd07,同德围（横滘村）总站,同德围总#2,1,1,1
8ecc81abf0b97a0bf8c56dabb26c9c16,城西花园总站,城西花园总,1,1,1
f84b095da55a30a9badf6d80776ad4cd,辛庄,辛庄,1,1,1
589d017e5fd68dd1205c9f398928ceca,门口岗总站,门口岗总,1,1,1
0665da53409181c9bd1e04e53de13b20,上社,上社,1,1,1
dcfb7dddd3d96061eb5a27f6f8ddea89,天府路口,天府路口,1,1,1
696a7e888666161bab3bfdce6779ca26,员村总站①,员村总#1,1,1,1
272a726d3a71d7a2068e9d697cd4523e,石井潭村总站,石井潭村总,1,1,1
67af2445bc726757c49e927a21457af0,纸厂横马路总站,纸厂横马路总,1,1,1
48f1ccb4ccb6b628fda8d1e59cbf8399,陈家祠（中山七路）总站,陈家祠总站(中山七路),1,1,1
7f854ce030e79e46413f358364ef3dec,市儿童公园总站②,市儿童公园总,1,1,1
59ace2ac018777d3f9416e23ba020ecb,黄村训练基地总站,黄村训练基地总,1,1,1
93d994d7b1b8fd1a506a9f29ed3f9a19,榕景路,榕景路,1,1,1
269054278573477ea07f133a6b056e24,南湾,南湾,1,1,1
b28ba5f78b5cc09abd62e4a94a7f941d,庙头,庙头,1,1,1
e638da20ebbc1a07b29108c4e5fea714,沙浦,沙浦,1,1,1
ae73b3b1d7ed5661b4e21a43c0590709,黄埔东路（石化南路）,黄埔东路(石化南路),1,1,1
956a9144187779d478dea0f2ec4eefd1,石化路口,石化路口,1,1,1
a2dd5bb2a7c66d750e89e72c6a58b2af,瑞宝乡,瑞宝乡,1,1,1
351346626f2347bf661c871f846deb3e,萝岗村委,萝岗村委,1,1,1
2fcd2783374da4a2020267f890180982,永和开发区总站,永和开发区总,1,1,1
3953aee507494a8db34fd8250363c83b,萝岗行政执法综合楼,萝岗行政执法综合楼,1,1,1
5f20159a4c99658897da1f344a7da0fc,摇田河大街,摇田河大街,1,1,1
0c1902c52b2153bff54dc980c3d20009,摇田河大街（里享家）,摇田河大街(里享家),1,1,1
cfab7f8a6e2e69a4e8ba545ac9988f7b,摇田河路中,摇田河路中,1,1,1
e6c033fb9c790fb374ddc0d62e91d722,来安四街（珠江嘉园）,来安四街(珠江嘉园),1,1,1
bf022c338e45cbd10ba5de1055e0ad86,地铁东圃站总站,地铁东圃站总,1,1,1
20d02bbdabfd4cea9a93a1404e1d1097,黄村路（大观南路口）,黄村路(大观南路口),1,1,1
f57265ec2ea7f0f778fd6390fb57aa2b,王园路,王园路,1,1,1
90140deb8016e3f22cb4bb0f3082a548,广外,广外(白云山西门)#2,1,1,1
5d123f60a73d6682984f6725eb0ce3bd,鳌鱼岗大街牌坊总站,鳌鱼岗大街牌坊总,1,1,1
ae5cf88e1c01912c25d9a59516e78c78,海港花园①,海港花园,1,1,1
b2ee9cbc858ddd41ed0d565ba962ed4d,渔北路①,渔北路,1,1,1
cb3d5e2faff5eb6e017a885cc1c3128f,惠福路（省医门诊部）站,惠福路,1,1,1
4c12cdf825bbe3af148b7f66c8f23063,地铁双沙站,地铁双沙,1,1,1
f2d75e12bb579048c1ff2348916f686d,埔南路（翡翠绿洲）总站,埔南路(翡翠绿洲)总,1,1,1
6436d401ba36d241a7839d9f99a1c87f,地铁西村站总站,地铁西村站总,1,1,1
c2695bb749df24f06165a3b894207c93,石马公交场总站,石马公交场总,1,1,1
eb9779007a5684ab7a037d47b6115439,地铁竹料站总站,地铁竹料站总,1,1,1
a3c5decb14c6d7092aa99dfb9cc95406,丰泰小区,丰泰小区,1,1,1
190e95e47eeb48d97b8cb0b6472e49e8,地铁香雪站总站,地铁香雪站总,1,1,1
5f2ad3b181fa5b5f154833aa4e7155e9,开泰大道（东荟城路口）,开泰大道(东荟城路口),1,1,1
54001d82169dedf0e41002ffc072e56d,骏达路东,骏达路东,1,1,1
7efd8ec6403bb7b966ca8185f22cb90b,美术学院,美术学院,1,1,1
60454392df69a4632368ab509e31d126,广中医广药,广中医广药,1,1,1
0f5e73a751647729e0d00e47d9f965f3,半岛花园总站,半岛花园总,1,1,1
3a387a487510f88ad26f8db231209a9a,北村,北村#2,1,1,1
70bf323b26b00f68a21aed7923823b69,北村路,北村路,1,1,1
d40ce39a0556912623dadd5e1e5efd85,浔峰山西路中,浔峰山西路中,1,1,1
7ae8e452834a21ba30dea4565535804e,悦峰三街路口,悦峰三街路口,1,1,1
289a545679712e90d379838551e6e61d,金沙洲大桥西①,金沙洲大桥西,1,1,1
d5a717978c9948d06d36eba91e91b1e3,宏威路,宏威路,1,1,1
e72deab12045e8bed94e20d47810d46e,鄱阳路（敬修堂）,鄱阳路,1,1,1
d942b48813b3f6a2d34143e9f7f01944,白天鹅花园总站,白天鹅花园总,1,1,1
8a051d5a46aa48d85dc5ff3fca945ecb,白岗市场,白岗市场,1,1,1
e6e392ea6490e6cac7724044070b2c76,得金工业区路口,得金工业区路口,1,1,1
36080dcb82dc28e562039d87eec3d8c5,新天地广场,新天地广场,1,1,1
746de3690c0092d22a9de989396b78ac,里水桥南,里水桥南,1,1,1
71a619f559d0d045581c868b7e6c9a7d,邓岗,邓岗#2,1,1,1
ff6691f7d1e6e24f24e686196e169ede,银印,银印,1,1,1
c330e680ee8256fb986e1e82f21509ec,甘蕉,甘蕉,1,1,1
dd1ca51036f18a02733e9cca77ac3783,旗峰小学,旗峰小学,1,1,1
6f09a65687c56739e93061e68999d45d,下亨田村,下亨田村,1,1,1
7597356c7e65430275cd54792b540b9e,佛山模具城,佛山模具城,1,1,1
a2791501eb738e0f4d1394980af76117,南海管业城,南海管业城,1,1,1
9ff2be19d18b30754d98c374dc72e703,流潮,流潮,1,1,1
371a7b295e42bc5b30478932acc0b67f,浔峰山东路,浔峰山东路,1,1,1
ab1dc06c57f6c58059380ec094e0c1e3,穗盐路（雅居乐雍景豪园）总站,穗盐路总,1,1,1
11f5e6006dbe6f7eb4be52088bcefcd2,广佛路口（滘口客运站）①,广佛路口(滘口客运站),1,1,1
3a517af8b1295225a99631186de0f559,平洲（富丰君御）总站,平洲总,1,1,1
1c00a0f43a2f33131adfffea0f1a750f,南海第二人民医院,南海第二人民医院,1,1,1
592d4e54c82445eb489609ace93f2553,桂城交管所,桂城交管所,1,1,1
9641ff26a4e8a42df6960d1dfd376c4d,春满街,春满街,1,1,1
3da77e2e781e3878abd3f7c5b1ccc0ab,悦峰三街,悦峰三街,1,1,1
33dd7a87b8ef323e4cc0cef3bac6dbe6,南洲北路（好信广场）总站,南洲北路总,1,1,1
7d8a2fdf75bf6c8cad493d1cc0c859a6,黄岐第一城总站,黄岐第一城总,1,1,1
7d83d383cc32f218db51231ccc5351f7,中大新华学院（东莞校区）总站,中大新华学院(东莞校区)总,1,1,1
d1e189bb65489ab10998d8ead71e561c,麻涌一中,麻涌一中,1,1,1
93e9d98909a803bdab5d766762c9888f,江畔湾北门,江畔湾北门,1,1,1
bedd425ee1629914b6e61f5a4c4f222a,麻涌市场（古梅美食街）,麻涌市场(古梅美食街),1,1,1
e8f81ffffa0a588c444548dd5ff2f544,麻三村,麻三村,1,1,1
0d115ea33d2e967c3bb38cfbc828faaf,华阳湖路口②,华阳湖路口,1,1,1
6aff93ea620cf310a10a60019f6815e4,马滘河（花海漂游）,马滘河,1,1,1
bd51c0bf47024da8cc9a8de278262511,汽车博览中心,汽车博览中心,1,1,1
e93f6bf586298d8fe8ed3e3e3932062c,东盛,东盛,1,1,1
162954898aed235ade704b0519e4d49e,东晖路,东晖路,1,1,1
a17394ce98e4a1b10571b89c4edf637d,港前路东,港前路东,1,1,1
b6bc3a8d2a4b0ed259ae631317d185c5,港前路（电厂东路口）,港前路(电厂东路口),1,1,1
c6fd5ebefeb29e58d83823bc407ec773,麻涌车站,麻涌车,1,1,1
bd0390913b5dc5aa6d87db0bd3341e82,古梅北,古梅北,1,1,1
55b0158a5b9e0b9af0ab94749289e8b4,中海锦城总站,中海锦城总,1,1,1
5610e53d8890e49bbc80fb0ad5363250,汇泉路东,汇泉路东,1,1,1
7d284964d059b2c988b2b64e233dc8d0,汇泉路（中海锦城北）,汇泉路(中海锦城北),1,1,1
eff100261cd75a452cfe7655abffa2d8,万科金域中央北,万科金域中央北,1,1,1
3f9ab3437838c5d2911a422d6364352b,中海锦城南,中海锦城南,1,1,1
bc76bea7c9ee54d8d3a1961214f641f2,华夏北（御景名门）,华夏北,1,1,1
7ee5db30ed608f89d0c4bc192de2821d,中南花园,中南花园,1,1,1
f0902981f627f4f7ff008605db2dd2f4,洞庭路,洞庭路,1,1,1
9a2b82f19a662a93f9b0fa0f34921c95,碧翠华庭,碧翠华庭,1,1,1
82745eaddb17fb7f8dd34816413ada6d,白云山西门,白云山西门,1,1,1
d2786e07c7b32d54e381badfd6a5fecb,学岗路,学岗路,1,1,1
62a1ba1b09ba4dd43d9fe7fea6484d22,彭城东路,彭城东路,1,1,1
820ced75e6e09457a8d251882e00eae6,高桥大街,高桥大街,1,1,1
e868aa7ee13ba4c485f658a7a5bf77d5,高桥大街口,高桥大街口,1,1,1
bd03d49d80ab88cf38234a15008b5ca5,环洲二路北,环洲二路北,1,1,1
aea592363d806101f201234203f5bb87,沙凤一路,沙凤一路,1,1,1
5aa68e450ecddef76c9a56ef24133328,沙凤二路,沙凤二路,1,1,1
2d6773aec873678b62c344c244e706d2,沙凤三路,沙凤三路,1,1,1
8f5079efb205e90d5110947305181111,沙凤一路中,沙凤一路中,1,1,1
ee3b84455354eaa6826270e3b230fd98,西华村（西华寺）,西华村总,1,1,1
9e4954f73b79748b9226b9582049858c,西华寺,西华寺,1,1,1
285346ce5b432f365a3c097376922951,草场村,草场村,1,1,1
5c3dc071f0ed02cc09192d3caf866c38,蟹坑村,蟹坑村,1,1,1
a49d4478dda974139dc61f46c2af309b,啟明工业区,啟明工业区,1,1,1
259ef7466c0f464ff70898cc8b1c168a,草场居委会,草场居委会,1,1,1
e34bb3f1835673217adf150b2233f5da,沿江路总站,沿江路总,1,1,1
9d1c1360ac1d0e558082931bc37618c8,沿江路中,沿江路中,1,1,1
1eeacd2f013c579414e6331ded43fe24,恒大御景半岛花园,恒大御景半岛花园,1,1,1
2d23650bd8ef129357f81a284c0869da,彩滨北路北,彩滨北路北,1,1,1
0ab209ff41b6ec0b101c987de364235d,汇才一街,汇才一街,1,1,1
f892b17d91198c084bd049494d1dd375,善贤街,善贤街,1,1,1
25a476d6453909c06ddcc43f0918c374,广东华侨中学（金沙洲校区）,广东华侨中学(金沙洲校区),1,1,1
d556ea6eaec63d87490dd997f8ef026d,黄丽街,黄丽街,1,1,1
84c869e81e77c1edc4a860b71fdc66ec,地铁沙贝站总站,地铁沙贝站总,1,1,1
add301f9269ba2a1d82ffa59b0ffe83a,环洲二路,环洲二路(沙凤一路口),1,1,1
ad3c17ae5ca1afb271537bf3a85a7fca,三骏市场,三骏市场,1,1,1
669b2754176a37aed363e2f07a87b08a,中海金沙湾南门,中海金沙湾南门,1,1,1
bb576d88c6064201e2e61c841c878b94,兴龙一新村,兴龙一新村,1,1,1
4b8d4422caa86a32c1c3bb0bfa5471c3,兴联村,兴联村,1,1,1
51cc7f937c0b20f64085a53e28933832,南滘路口,南滘路口,1,1,1
97f40b7620375ac360d9be6b8c67372c,沙溪综合市场,沙溪综合市场,1,1,1
84c3525600e240d51b61c86bd1f685d8,共和路,共和路,1,1,1
198f1508933aa04702393b3990418563,共和路口,共和路口,1,1,1
f25156c58549f91fd69d1589def1b0d0,沙溪村,沙溪村#2,1,1,1
6f54dfd77e3b26a34ad1bef0eba98f95,白沙社区,白沙社区,1,1,1
3bb122a87f23b0379f4f3218a8a53035,白沙小学,白沙小学,1,1,1
c82af3990325dfacc371f39fc0ae4e77,中南花园总站,中南花园总,1,1,1
77b45c7ef87903611ed9b95b66c65de4,黄岐中学,黄岐中学,1,1,1
b1e05e11e6f972a526b7ad4894be6aaa,东秀路总站,东秀路总,1,1,1
30d49e67a13edd63bf0d7de1366b2e48,五一大道中,五一大道中,1,1,1
a2105d2cf58bd7e40b639ff6134a1acb,五一大道口,五一大道口,1,1,1
6f84ae6b9505ee64df5c15bf5162aa6d,环洲二路东,环洲二路东,1,1,1
74636ffa803f4ab590a81475ec7becd2,广州塔东,广州塔东,1,1,1
9d3abcfc2e3d2cfa97f57a9a43bb1338,富丰广场,富丰广场,1,1,1
76c287566c71d514a4dd4ad0f6ebd63f,南海第二人民医院北,南海第二人民医院北,1,1,1
f26ab942321c3593f7d0d7700fae3a9c,映月湖北,映月湖北,1,1,1
33ddbaace5d212a631c4890c2f0ee7ae,夏平路（清风路口）,夏平路(清风路口),1,1,1
b851e8ab5886054a57635ca6c90cec07,桂城一中,桂城一中,1,1,1
2127dfa8b8ec9e31967c771f462758f8,平北（桂城儿童公园）,平北,1,1,1
9f79d642e6fcce5312f578dcc98d8cd5,桂城儿童公园,桂城儿童公园,1,1,1
45d1089f15e72390df4e7666fea34279,保利心语花园,保利心语花园,1,1,1
6931d5eecbbd297df69f4c20b2657ecf,创智路（智丰路口）,创智路(智丰路口),1,1,1
60d0f3430c479c9b513b6946ad628863,创智路,创智路,1,1,1
dc56325b43319f7eb2a4a75555b9840a,科丰路,科丰路,1,1,1
9cbcc9d5bc719d8ce80f5c2e8265f378,科睿路,科睿路,1,1,1
9a9b73b5f9b634047db05edff0fa1e0c,科泓路,科泓路,1,1,1
2a9b6220fe0c0df5e1c7b4a076f6b5f3,科泓路（科创大道路口）,科泓路(科创大道路口),1,1,1
2b633406b04f0dd9c33660e398946074,科达路,科达路,1,1,1
aac8d0cb57e44e8ce24edc52400983e1,科创大道北,科创大道北,1,1,1
4fb84683946f0be44bd6f8a52e9fc79f,环岛南路中（保利滨湖）,环岛南路中,1,1,1
f366f17a329d6b6c459626e4f40eb9c9,铁路文化广场,铁路文化广场,1,1,1
b8fd79d8d4b2517e49358ac6c727e5fd,环岛南路东（科睿路口）,环岛南路东(科睿路口),1,1,1
315d78621a39fe56c0a9c30ef04b6cbd,保丰路,保丰路,1,1,1
3ae68adfdc8664b6c91df40c4ac0ef2f,禾仰,禾仰,1,1,1
d6de2438b6e5c233b60aecd5288a9312,奕西,奕西,1,1,1
b9ad029a0f4e9ac1215ff0c715f928fd,文翰第二小学,文翰第二小学,1,1,1
346b70f4f2cdf466b80e920727b4f782,三山大道东,三山大道东,1,1,1
5dbc39fe9aca3aaef62dfbd3853ebbe6,市东下路,市东下路,1,1,1
f7c087bdcc03d0071676f8ea227fd4bd,桂园市场,桂园市场,1,1,1
f01b1de29d49bd0acb33273996aa7e45,朝一,朝一,1,1,1
d0ff83180d8423cf84404984a94f030a,南桂桥,南桂桥,1,1,1
0725b554ef03e606ed53209ae594db79,妇幼保健院,妇幼保健院,1,1,1
c0f8f63c7fbcb0df0791932b397fbb16,怡翠花园,怡翠花园,1,1,1
3e2b256d18ae78cb4b75a3270dd4ed0a,怡翠公园,怡翠公园,1,1,1
6213ba06b449d68ddd81226bff6e8b72,深涌村,深涌村#1,1,1,1
069f1a9b540879250a7aa67f111c1543,桂平美食城,桂平美食城,1,1,1
b7a3e4fffa1cd1e668f8d915aa0f1566,桂城中学,桂城中学,1,1,1
9eb9b531643d5ed1dc148f0afed481a7,太港城,太港城,1,1,1
2c077ac035e4758e75f589ab86837728,平洲中队,平洲中队,1,1,1
ce641e2d6b37de715d0c7d6a915af583,桂城街道办事处（富景花园）,桂城街道办事处,1,1,1
0dc81a450a2b1dc470bd73a64aa03f7f,平北村委,平北村委,1,1,1
c1c9dd672de52aeed5e0085878ea3811,依岸康堤花园,依岸康堤花园,1,1,1
3cea2d513fa6f5abd4fd44661e783510,地铁桂城站,地铁桂城,1,1,1
ef9c0728291552255f0d6360c9e4ddc4,黄岐医院,黄岐医院,1,1,1
c269f872dc79e32add37f6d617177ff8,黄岐行政服务中心（福盛花园）,黄岐行政服务中心,1,1,1
ad0da2d6fe6fdb5d8f0ec523baa43823,嘉洲花园西门,嘉洲花园西门,1,1,1
3d84d81535e5766b31a817246f5b9612,中村,中村,1,1,1
9b0bfc93e2440f0d7f21a84e5a39df93,北村德星里,北村德星里,1,1,1
ccb9213f56c42288fc0e348830fa4722,北村闸,北村闸,1,1,1
8ea2117179f4cbd85512e2da47479946,名雅花园,名雅花园,1,1,1
2dd1e209f3fee7364729d7548f945757,湖洲,湖洲,1,1,1
28792371b247f5d634f785370144d386,沙涌,沙涌#2,1,1,1
9d19e7a93ed49597c33a92eb12b2a5c4,上沙村,上沙村,1,1,1
83778f34924daca3397831676983368e,泌冲（时代水岸）,泌冲,1,1,1
37338e66a672e9c969b94f7d889e33ac,伯奇桥,伯奇桥,1,1,1
71dbb0406931f1b573e604e8d2a9dda6,泌冲小学,泌冲小学,1,1,1
0ca78c896efc47349003cada46104681,泌一新村,泌一新村,1,1,1
da55b94b3cf0ed91888789c8779ebec8,中海金沙湾,中海金沙湾,1,1,1
49120c2c69eed1894d2865d326e93dc4,泌二新村,泌二新村,1,1,1
52a243439959453d5be8dd46b2a095e8,地铁石壁站,地铁石壁,1,1,1
259188894d0973a00aa517d0412f5aba,大洲路口,大洲路口#1,1,1,1
530a4a4d15a59cfd6526636d0fa7875f,思亲园,思亲园,1,1,1
050cc7c3a95676145ac40987a8294b26,谢石公路中,谢石公路中,1,1,1
a7ce6e2470cf13f0a5432211f7445173,钟韦路口,钟韦路口,1,1,1
f65f338d44ab43a6c9e8020608877900,番禺区职业技术学校（北校区）,番禺区职业技术学校(北校区),1,1,1
d2397bd357962e3ffaa3a98570c62aac,钟一工业区,钟一工业区,1,1,1
aa1c33b5092cc171b506893c58a5984f,钟一,钟一,1,1,1
812c629c1843e6642c0661c7661b0aa2,大罗村（市广路）,大罗村(市广路),1,1,1
01adad2e75f24292b5f41c8f39ae442c,钻汇广场西门（地铁市桥站）,钻汇广场西门,1,1,1
372788ca039f6237afcda776b033049e,光明北路,光明北路,1,1,1
c650518579fa8048d3e14f55a70306e3,友谊大厦,友谊大厦,1,1,1
9cee7f30e0a92d6a3d06f35241b84ab8,新世界大厦,新世界大厦,1,1,1
e5a0c26b1bd7c0eaa4800b50c7c26767,大北路分站,大北路,1,1,1
199ff5ce2a7a56c2e463038e64ef1b90,中医院,中医院#1,1,1,1
f047acd6eeea870840ead3c138c927f0,罗家村 / 罗家村（市莲路）,罗家村(市莲路),1,2,1
12ec4c797a69aec2e4d8530dfa337010,石岗西村,石岗西村,1,1,1
5492b084998f2a316a2e8157c43e6b26,石岗东村,石岗东村,1,1,1
478474649132b276fb4585faf0bdc3bd,美心苑,美心苑,1,1,1
511b8af6e3288c25b94583ca36b45017,城市花园路口,城市花园路口,1,1,1
6d73416a9b7688c5c1926aea04e4876a,傍江西村,傍江西村,1,1,1
c3716d0cc58d1feeb4836c0253b9a12b,傍雁路中,傍雁路中,1,1,1
09642cc6bc3ef8fa81d62b9c4dda22a1,韦涌村,韦涌村,1,1,1
b79d58d5f18e27bab3a8e2ca20765504,西涌,西涌,1,1,1
23e2a62e887b070a492c88578ccd905d,大洲村,大洲村,1,1,1
487a3979b482aae66613be9570ec621b,韦海路,韦海路,1,1,1
d0242549e1c4ec4d6fba6e08cac8698d,韦海路（中建四局）,韦海路(中建四局),1,1,1
9e826e15b1ae7ccaacb962d793dd0f33,博隽商务园,博隽商务园,1,1,1
4a50beb727fda93030d65bae71115d92,南站小学,南站小学,1,1,1
509991b608515b5818e8165f2ee7517f,石壁小学,石壁小学,1,1,1
a45c2b5f0a06b45e4f8e9b70e6dd9947,钟村屠场,钟村屠场,1,1,1
b0d38292fb0a1ff0462bf91e7e40f307,石壁街道办,石壁街道办,1,1,1
a94eb06c11c86738825ef4c1911e4d3e,屏一村口,屏一村口,1,1,1
f9ac3b34c525273cee01317590253e00,屏一桥,屏一桥,1,1,1
397e93db2f99df9ccf28150587e5c96b,钟村交警中队,钟村交警中队,1,1,1
3b4a0937c7f7151ab40c072badbd2200,屏二牌坊,屏二牌坊,1,1,1
f9208e861a9d8b91fa30f0b63792f6c0,都那村,都那村总,1,1,1
0353efceebce41d8d15fea4f64812d5b,都那村总站 / 都那村,都那村总,1,2,1
db69383f44a829764bba23b15d358146,番禺体校总站,番禺体校总,1,1,1
9dcc7151cd669dd9f0a59379f079a654,金沙丽水,金沙丽水,1,1,1
3dad22b5565220f5d33e524cc7b398a0,沙湾南村,沙湾南村,1,1,1
3d771ffcaa0f7249004f113a968e572a,东区市场,东区市场#2,1,1,1
62a53fbfbf852619ec94214d0d748638,荷景花园,荷景花园,1,1,1
14b816bc7ea0d95da780ed5a322d10bf,雅荷居,雅荷居,1,1,1
ad3983a57e670203f76b29d24054053e,祈福水城,祈福水城,1,1,1
69603350cd6294196538eee4688c2505,雅居乐锦官城,雅居乐锦官城,1,1,1
f59174caa8d2da72ec25cb513c4210d9,禺山高级中学（西门）,禺山高级中学(西门),1,1,1
828df589595474fd70b533602a6e35de,禺山高级中学,禺山高级中学(西门),1,1,1
9f1fa2ae4bfb35566df5a59ba7644b66,西丽桥南（奥园广场）,西丽桥南,1,1,1
c57524b6222b0c4f20232d3e47b6ea67,华侨城,华侨城,1,1,1
01859ce6b4dd89d9511f6fbc53880757,西丽路（西丽广场）,西丽路,1,1,1
95a6a4053f92cf5ecad37c478d5faca0,沙头新村,沙头新村,1,1,1
b794192c0bd184f4769ab6cd92e230d1,海伦堡创意园,海伦堡创意园,1,1,1
2e90300f1376d2ee6a7328b8cd83d6a5,联邦工业城,联邦工业城,1,1,1
74a18dfdc3da55a362afb736a6cfa1b8,汀根村,汀根村,1,1,1
aa566d47fe50dcd1b9df0051f6f4284a,横江村,横江村,1,1,1
46ceaf2d0cb581f090461b1f69e6b1a4,大夫山森林公园路口,大夫山森林公园路口,1,1,1
eb2f0d72e48bb8cbdf920f041a5d9f75,区健康管理中心,区健康管理中心,1,1,1
41d5f8eaf2fc6e8400610c155848e19c,南双玉村,南双玉村,1,1,1
03f4356c724172d117bcd5a8b27f5419,变电站,变电,1,1,1
43d4ab0f45a06dcfa7ef9e90e08b4c80,碧桂东苑,碧桂东苑,1,1,1
3d4b04deb392291bc0d19ac80c1611c7,南双玉工业区,南双玉工业区,1,1,1
66f37b96f34c06686b4c6c794b041c79,气象局,气象局,1,1,1
c126ae3795a7296109d2a44b257ca02c,奥园城市天地总站,奥园城市天地总,1,1,1
d1f854bf812f150a32982dc464f9f8d3,地铁汉溪长隆D站,地铁汉溪长隆,1,1,1
7d50b36c70978a639fbdee371fe207e0,南奥实验学校,南奥实验学校,1,1,1
21e6600256d0e40ecbc0fcf9523ee50c,锦绣生态园南门,锦绣生态园南门,1,1,1
d2679de994a7a6c06b661bcbf8d742d0,钟村文化广场（钟屏路）,钟村文化广场(钟屏路),1,1,1
c8fcdb33f991b094ea2e39eee80f5a02,屏一村委,屏一村委,1,1,1
8173d19555335f08a5b57543f71d3aff,屏一村公园,屏一村公园,1,1,1
6c04a83771946ea61b0f1cedcdf1a8f2,屏一村篮球场,屏一村篮球场,1,1,1
20992125e4784949e2e7c5d68831b687,屏一村新合苑总站,屏一村新合苑,1,1,1
4967ec282fb913ab709926ac654b9cf7,钟村文化广场（钟屏路）,钟村文化广场(钟屏路),1,1,1
fa82907a8d2b7d5388a0c0ba627d9210,区公汽公司总站,区公汽公司,1,1,1
942018c547e8426eccf26f5312c00a61,番禺汽车客运站,番禺汽车客运,1,1,1
9c3fb2a55c1a043de6915e016169574c,城市花园,城市花园,1,1,1
24657fac8f9d7d1fde32573c972b6fa7,星海公园分站,星海公园,1,1,1
187637eb9a537c898d2024c739daf423,番禺宾馆,番禺宾馆,1,1,1
5c12f8398e6e477a0de98a4604e1a507,兴业路口,兴业路口#1,1,1,1
667caaa311fdfa11e659d1e688d7ff84,罗庄村,罗庄村,1,1,1
0686bcdcfb16f4281e8158daa11b1110,华南碧桂园东门,华南碧桂园东门,1,1,1
06b098f16c032a3daddd5ec8b922757b,江南村,江南村,1,1,1
04b52d23e91e8cbdbd73291435cd7218,江南工业区,江南工业区,1,1,1
919af3d6436b89ab8ae7314b884029db,南村文化广场,南村文化广场,1,1,1
b407dfbf1ec9951890bf5ddea8234b46,南村社区居委,南村社区居委,1,1,1
e8b878601e86489e67caf4b1f07beb8e,南村,南村#2,1,1,1
d4449e076fe4cd8b1133c6f5c14e7a26,兴业大道中,兴业大道中,1,1,1
ab8732313bcac03ecad47556934a09ef,华工国际校区公交总站,华工国际校区公交总,1,1,1
0d116ed4713f167a81f3cdff8c4fc827,地铁石碁站,地铁石碁,1,1,1
7782ac7816e94211ce5538c5b3381259,永善村,永善村,1,1,1
7f0d027988f2043183ac5745d14c30df,官涌村,官涌村,1,1,1
51c82ab52eea3c6d16c5ffbf8a3fb811,天光墟,天光墟,1,1,1
b33bb3964b62685c4541d28c4d93de25,石碁成校,石碁成校,1,1,1
91b57f44f517c024c0a1db97edc292cd,大龙居委,大龙居委,1,1,1
bb0bfede031a520ce7c4e5bbfbca0c10,富怡苑,富怡苑,1,1,1
8fcfaea04358b6bc61254960a3c8abf1,富庭花园,富庭花园,1,1,1
5524b9cd79e5ea6b9306141234404a13,大龙小学,大龙小学,1,1,1
b37ec66c87689af1a396f7071e6780dd,大龙经济发展公司,大龙经济发展公司,1,1,1
37b0af0635b2822a7450b982ac478cbe,沙涌村（富怡路）,沙涌村(富怡路),1,1,1
5ca8618ef2de22c6434bb9cbd7efaa54,茶东东村,茶东东村,1,1,1
990d194554f58cce1711a70975e5fdc1,茶东村（富怡路）,茶东村(富怡路),1,1,1
6c12c28f4f6ef4cc733271490196ba4a,茶东村西,茶东村西,1,1,1
fddbb2f4f1300e64212fb6daef71787a,富怡路中,富怡路中,1,1,1
47be2ab0a0c4514d2c46d05c32e60f6a,大龙中学（富怡路）,大龙中学(富怡路),1,1,1
af20b7043b52ec613baa32f85f1d940c,大龙中学（城区大道）,大龙中学(城区大道),1,1,1
7feec447aa2cd8a5f86dca7275e126ea,傍西医院,傍西医院,1,1,1
8c52129fb0fe03e5c1767dfb810c950b,市桥汽车站西门（番禺人才市场）,市桥汽车站西门,1,1,1
075d9b51a083c051fda36bc95e65b4fc,邮电大厦（德兴路）,邮电大厦(德兴路),1,1,1
01f6e13a6ee985a9611b40b7a2a46ed0,东秀园,东秀园,1,1,1
8cce10c5cf1973cc83c2217eb093e38c,墩涌,墩涌,1,1,1
f260aa9413e5323c3775c51b37314901,东涌公园,东涌公园,1,1,1
683955f5f970e6c76816d93d5fea2bcb,东涌医院,东涌医院,1,1,1
e23778a00c29ec39f714b2c18c981e77,东涌名苑,东涌名苑,1,1,1
f1ac5da0f2c74b1b92d199b6547ce799,钟村敬老院,钟村敬老院,1,1,1
eb74cda9d8da605482d302fe6acba933,汉溪路口,汉溪路口,1,1,1
8db77e5c7cb4afacc9613f1d2bfac9c9,岳溪村,岳溪村,1,1,1
f83b92403a9c9bfd54f3c4f44f088af9,莲花山交警中队,莲花山交警中队,1,1,1
75aaa20256c3fac8aa4f943a7819d3e9,石楼牌坊,石楼牌坊,1,1,1
f8a27302a25af636d663a3ad91ebab5f,赤岗（石楼）,赤岗(江海大道)#2,1,1,1
48488950c62fd8586059fa9091a276c9,赤岗新村,赤岗新村,1,1,1
c6e5530354a31edeac88b079f2ac2f65,潮田工业区,潮田工业区,1,1,1
478a9095b9cb0f05c6a5d3323e2c2326,陈戴巷,陈戴巷,1,1,1
dfcb3aee9f946488dd06b4db3733298a,南浦村（市莲路）,南浦村#2,1,1,1
57da4630e5f5d800c0e8ecf7d8f27151,海涌路,海涌路,1,1,1
a8be2b1ed8f4b9704a872562ae26c3a6,地铁海涌路分站,地铁海涌路,1,1,1
2b96479202fcd1b099b0ca704d4b801e,化龙车站,化龙车,1,1,1
aedf6b0d521e7b08b80c24511d44ea2d,龙祥路口,龙祥路口,1,1,1
b731aae7923828135fb2f0de9101011d,水门村,水门村,1,1,1
dbf59b7b256ec30483bac16d40d2216a,富裕围,富裕围,1,1,1
8ae3cca7eb8f801336fe4c982e056646,化龙镇中心小学,化龙镇中心小学,1,1,1
c3c08e4ee610f6e2bb6e59d1859dfbdf,草堂车站,草堂车,1,1,1
7ea117c7071477644abe91e3cc4fb6bd,草堂村,草堂村,1,1,1
848254424df703d6b5d8d7bf6e6e1aec,美特厂,美特厂,1,1,1
c8b81284fb732777c2bf07ed2254d7e8,仙岭村,仙岭村,1,1,1
6cb11eb2a3b939677d1fd5ce9d5bb07e,明经村,明经村,1,1,1
abd3a36091b5fc4b3a69e938110c6971,爱莲村,爱莲村,1,1,1
2b690af402eef5ca82438c5fb967515e,潭山村,潭山村,1,1,1
5778e26cb863cfc9a4e9733f46710ce2,金湖工业区,金湖工业区,1,1,1
a7b9aec19bfb689be2233258ec9266eb,西山村（石楼）,西山村#2,1,1,1
0ab86c937b705d0e0fb289b809e3eeeb,山门牌坊,山门牌坊,1,1,1
a38264e1471bb83a62e0d9c6cd965cd2,山门村,山门村,1,1,1
8c95133f9a8675ad05e26787c597fc1c,下山门村,下山门村,1,1,1
5ebcfb728bea065719f2480dc75671a4,官桥新村,官桥新村,1,1,1
fc44e84b741117095d066f75814e081b,番禺创新科技园,番禺创新科技园(一期路口),1,1,1
529ae6cb842f9274a1aee222a9620552,石楼镇政府,石楼镇政府,1,1,1
9e6d46c2ad496215cc0b61c9a9858069,莲港大道中,莲港大道中,1,1,1
0d0a70d983f34631b6b667cdc2a95918,莲花山港,莲花山港,1,1,1
82830d1ee56e81c4efd19916e6c103ad,西门南路,西门南路,1,1,1
8b948ee62f5b319abe52c42d5fd7046d,西门中路,西门中路,1,1,1
3a25c71d508ff62d10f349b7f2cc9ee5,莲花山车站,莲花山车,1,1,1
de409ded614f49ff91d6e0d8629bc890,广州南汽车客运站（石浦大道南）,广州南汽车客运站(石浦大道南),1,1,1
23d7d61630061244c78e4de7e5ff7566,锦绣趣园（105国道）,锦绣趣园(105国道),1,1,1
9bba02e15868f1c31bdac49bfbad4628,南区公园（福德路）,南区公园(福德路),1,1,1
dcda55687a95029cfe7081115ecf8d29,奥园广场,奥园广场,1,1,1
daf0490fc6ae504a4e912a47f28143ad,海伦堡,海伦堡,1,1,1
60195160fe33e715cecdb77d450f7452,华景新城（南华路）,华景新城(南华路),1,1,1
69491876eb086fa433b470e7bc4a67d5,农校职中,农校职中,1,1,1
3a0f241c8ee7c0ef25276df717a41a0e,绿庭雅苑,绿庭雅苑#2,1,1,1
2c8a84da1330ca5db5268b850ded4576,汇景大道,汇景大道,1,1,1
b3a07aa36abc6c4960212e987caeb3a6,东环街道办,东环街道办,1,1,1
4b6e619827ddb547ffe5209543999e2f,东沙村,东沙村,1,1,1
3fde94f56d7f5056cbf4b58a068427cd,星誉花园,星誉花园,1,1,1
f0c5c7e9453e1049059fdfc640f7c48f,鸣翠苑,鸣翠苑,1,1,1
375d8bf53216f34e6064bba508f35be6,星海中学（光明北路）,星海中学(光明北路),1,1,1
d36dfebce4647683e998a98510c5bf72,工业路,工业路,1,1,1
f4b786c21acd6280b718305b40a2c8cc,朗陶居,朗陶居,1,1,1
58d0a3b70db2495d7d62c452cdb86c27,福景路,福景路,1,1,1
1796931016fa515c9e6528d845775d16,喜盈雅境,喜盈雅境,1,1,1
17744c9667e6ce344712a69d1cc34b30,西村路口,西村路口,1,1,1
596eae41a82eb99da7ae4adc31aa7868,西村工业区,西村工业区,1,1,1
0563f69ce41893db211d6313ced1f058,浮沙村,浮沙村,1,1,1
1e462017dad14cce57638c414a97bf6b,市良路（青峰路口）,市良路(青峰路口),1,1,1
85aa4d0c530240c48b3e8e86110bffa2,市良路（青峰工业区）,市良路,1,1,1
6396120b5a78c629c3e85ffa4ca5a000,番禺职业技术学院,番禺职业技术学院,1,1,1
3859207c5e344406bf77ef36ea11a239,紫坭村口,紫坭村口,1,1,1
804560decb83684ae1fdec1932b8b272,紫坭村委,紫坭村委,1,1,1
acfe4eba6ab67275c021bf72637d42d2,大桥头,大桥头,1,1,1
e1fe65a88d4fa843d9de68d2ea255447,宝墨园总站,宝墨园总,1,1,1
41e3a6be847a9455d6c423668acfe65f,中华大道（昊龙花园）,中华大道(德贤路口),1,1,1
afbab6cd4ffbe6b6bfb6b55dddbf8630,新世纪花园,新世纪花园,1,1,1
30d09e67b9dc15eace17475c8b5d646a,福景路（龙岐路口）,福景路(龙岐路口),1,1,1
ea329cb02a6f3d7dd09afbd15c8614bd,昊龙花园（福景路）,昊龙花园(福景路),1,1,1
dbf712a270b256ea3b50d4c5af155d3c,灵兴工业园,灵兴工业园,1,1,1
8bd3e487dabe40b9393f0effe8864f17,砺江桥,砺江桥,1,1,1
e00964c6939bd2cdb809884199ae96bf,大岭村龙漖路口,大岭村龙漖路口,1,1,1
35c5e06c80466bb2f24d9428a7500278,莲花山庄,莲花山庄,1,1,1
14cf8397948610aed22f8ecf2bbfbcc5,石楼碧桂园,石楼碧桂园,1,1,1
3a8fdc959c90027fea318c927aacfb73,倚莲半岛,倚莲半岛,1,1,1
2b5c54689015dc559013a542904dc7c7,城际广州莲花山站,城际广州莲花山,1,1,1
b49aa28170ccd7d3a602fe1fb0951329,茭塘西,茭塘西,1,1,1
8821aafe32ad3794fcedb9a86335060e,茭塘东村牌坊,茭塘东村牌坊,1,1,1
75b526df3c403168daecb85e21e945ce,金荷六路（汽车小镇）,金荷六路,1,1,1
390d36f4737d0dfa5af5666b2396b5f1,胜洲村总站,胜洲村,1,1,1
45f6ff0e69a6533260c26cdb280d4633,华山路,华山路,1,1,1
f4d61881da05a7377efe42618fc494b0,广州南华工贸技工学校（质检园区）,广州南华工贸技工学校(质检院区),1,1,1
63216bf751ca5051e154289ae763975a,石楼镇群众服务中心,石楼镇群众服务中心,1,1,1
502cca71e5683cb81e075a83d589564c,赤岗红木家具厂,赤岗红木家具厂,1,1,1
c8636aaf1372ec467ae4e11eec8c36ab,鑫隆世家,鑫隆世家,1,1,1
c181e04eb9352fa310f3b6660aa512b3,保利亚奥南苑,保利亚奥南苑,1,1,1
c255329b8516ff74c9ffbecb19e9c070,保利亚奥北苑,保利亚奥北苑(黄山路),1,1,1
51cf036276b6f615bb5e45de6e97488f,东盛路总站,东盛路总,1,1,1
ac6295a0f7154486366a623c9bf7a4c2,番禺区图书馆,番禺区图书馆,1,1,1
e54ab424007a77e0ff4836c34144cae8,东兴苑,东兴苑,1,1,1
3a6a1f85672726932abe1b640165943c,东方花园,东方花园,1,1,1
f7aa12efaf7ec18c2b1be31a6dac821c,中保人寿,中保人寿,1,1,1
904a831bc6df417d83f5c597da6cdf48,邮电大厦（清河东路）,邮电大厦(清河东路),1,1,1
a0114fa6b7841299dfd6fb0ba3f18cd3,何贤医院（清河东路）,何贤医院(清河东路),1,1,1
7ba835a38ec2dca7f3b6d7aa09e32738,清河中路,清河中路,1,1,1
216b7793f180ec6e84f9edb43138a9dd,105新地广场,105新地广场,1,1,1
9cfe28bc620179a95595aa8c770acc4c,南浦大桥南（沿沙路）,南浦大桥南(沿沙路),1,1,1
622e389675099b0bd924c13e794cdf3f,水厂路口,水厂路口,1,1,1
6224a4d3fcd70e9c06fdc8140b61a92b,洛浦医疗产业园,洛浦医疗产业园,1,1,1
ec38f96acffd7f7460c8e3376621311f,水闸口,水闸口,1,1,1
d7206337897e9add6eb3eb5a5977268a,东乡村,东乡村,1,1,1
44a078cf37b2ec5779d7b49292a73fff,南浦大桥南（沿沙路）,南浦大桥南(沿沙路),1,1,1
02606f6a6b3be973e9f1f6ed0e85e13a,德宝花园,德宝花园,1,1,1
4924c1c45c5442ac473ac10db2d12ae1,广场西路,广场西路,1,1,1
a052653e340b4dda4085dc7502335045,顺河村路口,顺河村路口,1,1,1
3ff4221dcad02a53ba1d7439dd7bf4c6,灵岗二桥,灵岗二桥,1,1,1
374644d7e4344d3aea9f3cc659a4c96f,雍富酒店,雍富酒店,1,1,1
2b27b95af7428350e24ca1a712fcdf08,亭角南,亭角南,1,1,1
b60f128e2d1a5fafe20ff44675c98fdc,亭角村（进港大道）,亭角村(进港大道),1,1,1
be6410b2ced0d879d571dbfd87e616ba,蕉门村,蕉门村,1,1,1
16168b323bc9ddce42c6a1e523847ea4,大石城,大石城,1,1,1
8fa73374bbbe4eed9a51cc9caca1c95b,大石街道办,大石街道办,1,1,1
048322d8c8db0a5400f28956baa1232c,关帝岗,关帝岗,1,1,1
81a27ccf057f32b58d9d02d96c00c9d4,大石文化广场,大石文化广场,1,1,1
94ccc83fd8788ba9f50157f42e49b172,石北中学,石北中学,1,1,1
58d6afbf7eb0c48d118feff283d1f6b9,大维村,大维村,1,1,1
3f3fe4823cf959d2f9d095be45d6d850,番禺监狱,番禺监狱,1,1,1
9da6d40e90430824b8703cbeab94b45a,官坑村,官坑村,1,1,1
06f6578beb7464ec86d0862fbf8b4899,地铁会江站,地铁会江,1,1,1
f023163abbfd8a0a9440c3832b20159b,东城市场,东城市场,1,1,1
a42fed7551bb074c79d992ad73fcb131,南华路,南华路,1,1,1
bfb3dea3fcbc40f132b6aa953a0275e2,金龙财富广场,金龙财富广场,1,1,1
c6e5a4087fea3c2f6af37c14a92dd878,地铁石碁南（前锋村）,地铁石碁南站(前锋村),1,1,1
9afa5997e314082fd8f63822cc0e01d9,海傍水乡,海傍水乡,1,1,1
ebe37fa049f43e9003fa0fdf73dbf35b,亚运城,亚运城,1,1,1
dcb24cc960b49a2da13ef404450214ab,尚上名筑,尚上名筑,1,1,1
34eb7d7dd792eddb20f92743b573571f,贵冲,贵冲,1,1,1
f0e15fdf5071af0e778478369431f655,合兴村,合兴村,1,1,1
6400f4ae35b8f9c2bfebcd3656ca5943,海心村,海心村,1,1,1
2ca3de247ecb879605eebd825ae05c87,深沙村,深沙村,1,1,1
30e5654a9cbf29aa8b9e3870a0a76289,深沙尾,深沙尾,1,1,1
b48ee8f6f6c71153d4ec895041360e9f,农机,农机,1,1,1
5c4c826ac0dadbd857d15fcaecf9bbb2,沙北村,沙北村,1,1,1
3178296c9afeefb0cdf9d5939f7d4965,勾镰村,勾镰村,1,1,1
24b524e2a9cefa7994b8f9d4cfb39102,江兴村,江兴村,1,1,1
111f1dfe46814e42b6db3aa7edcb16f7,江鸥村,江鸥村,1,1,1
10f62d92ae8d8fe88dcb9d04708214d1,同乐村,同乐村,1,1,1
454261695efa652fca7f8d4588319c4b,地玄村,地玄村,1,1,1
b0b954f3a5619c5c883d326046ce860b,贵斗村,贵斗村,1,1,1
72a8a14812f11e99c7a4bc55d465edb3,沙滘,沙滘,1,1,1
9cef39da61369cfd953a3877acecff72,沙南村总站,沙南村,1,1,1
4a8fb22e214519a24c45ed85263521c5,亚运大道东,亚运大道东,1,1,1
73bb1f2d68614ddc7497a18e17fdcce1,番山总部E谷,番山总部E谷,1,1,1
ab40795443f259bf9c7f4c3e2e91b20c,合劲科技创新城,合劲科技创新城,1,1,1
ea84c3b0d029ce2c7be57d8df46a77d0,地铁海傍站,地铁海傍,1,1,1
89747be23084a12be280f767f94544ff,亚运城综合体育馆（亚运南路）,亚运城综合体育馆(亚运南路),1,1,1
ba9d91be9d769c9308e61dbb9ce14540,亚运源筑,亚运源筑,1,1,1
88dba58ffe4e52d7a5aabb6206dcf34c,南派村,南派村,1,1,1
50dc72d80bf702deba02bfc2ef6eabc7,南派花场,南派花场,1,1,1
c7727e9d0c0ca0910c3a94e24d6ca814,官涌村,官涌村(石清公路),1,1,1
0ff7ad302a960c4d2a377b7daf8b07ca,天陆桥,天陆桥,1,1,1
21686099f5389974ef549615665b6cf7,新村,新村#6,1,1,1
45d71e443a832ec5f6a66a27c125ca7a,西窖村,西窖村,1,1,1
191d1d386881155c361bb0de17827f70,三德路口,三德路口,1,1,1
e486361d0789e00b9da1529c207a7f00,富豪山庄总站,富豪山庄总,1,1,1
7ca4598c482c74be6b9aa64503e5d806,富豪山庄小学,富豪山庄小学,1,1,1
cc5fead99866e241d55264b73a31d3e1,广东文艺职业学院,广东文艺职业学院,1,1,1
eb4bd603f9eaf1f947ee572dbd5c9c12,中心工业区,中心工业区,1,1,1
a5b4feddfc315ded17ffac50b55ca489,鱼窝头大道,鱼窝头大道,1,1,1
2efb79e7f8488332314a2db4754a621a,鱼窝头车站,鱼窝头车,1,1,1
c880764a747c3803c2fa14543ae6198e,小乌村,小乌村,1,1,1
631dd746794304e8cc8e6b02e97baf9b,简太路,简太路,1,1,1
35bcba7d15e7f01761d982feccad7a19,博盈,博盈,1,1,1
b63d522b8fb47a319ebe3609b258fc3a,太石市场,太石市场,1,1,1
1c2230e5f20ea6a53516c47c9097f3f8,裕丰钢铁厂,裕丰钢铁厂站(南门),1,1,1
a828fd8417e9b05072c88652f97fb6fe,小乌第二工业区,小乌第二工业区,1,1,1
33d5d454644bf5d40ef98fea2247eb4a,小乌,小乌,1,1,1
9c787d5fa6c7bb072c05526c7102d275,良角,良角,1,1,1
0a2084e4b25c30f1551683d80baa7da3,天益桥,天益桥,1,1,1
d2d84fe41488982ca57a959a8b1cc765,天益村,天益村,1,1,1
2ca653b5f3f8f865f575c776a0847a1d,天益工业区,天益工业区,1,1,1
9467fb8a349029a77602786750ec2d28,鱼窝头市场,鱼窝头市场,1,1,1
2cd733aca09c2fc2b16e8a883ad1db6f,益丰街口,益丰街口,1,1,1
abd3611e5970b9529b4cdbd9c02c936c,鱼窝头中学,鱼窝头中学,1,1,1
44f20fece07d2bf8fb35f1d7a5b4c9e8,东深桥,东深桥,1,1,1
c85ba30a298d9ec047e294a0572ea2b6,鱼窝头社区中心,鱼窝头社区中心,1,1,1
8d616741894f9653fd977628912db787,裕丰钢铁厂（南门）,裕丰钢铁厂站(南门),1,1,1
34366446557aed7c3fdff34d8ce6d255,简太路口,简太路口,1,1,1
1f68155b40d590cb5898de4f3f58ab1e,山海湾南门,山海湾南门,1,1,1
5d81c8a33b7f4f263fa1b34fcbc9efd0,天峰二区,天峰二区,1,1,1
fb80dc078d084d4ea4826e1e358722d3,广铁一中天峰中学,广铁一中天峰中学,1,1,1
e3a554c5f836bb4eb6d13e042ad933a0,天峰三区,天峰三区,1,1,1
05126720091d2bdceb3cac393ea38fef,天誉,天誉,1,1,1
c8585332b9aade449177af6eac49afcf,运动员二四区,运动员二四区,1,1,1
80a3487e880b5160848449093a77b641,运动员一三区,运动员一三区,1,1,1
54975db1b478bfba2e091e1dc9473965,亚运城体验中心,亚运城体验中心,1,1,1
330cb2e159e53853e1c92e9368af15b6,媒体村,媒体村,1,1,1
4c5d45a6b93f57c4fc26996cdbb0b207,珠宝产业园,珠宝产业园,1,1,1
8acd6139d63d8a0e86177fda4c231425,福田村,福田村,1,1,1
8647c880faaacdfa986790ef0d5abcb5,龙岐村,龙岐村,1,1,1
91093b65dc97893b2a5e3d28dfa846ec,龙岐村委,龙岐村委,1,1,1
1bb709e1ac4d08a569b34d1794628547,福德路口,福德路口,1,1,1
cdc9d1b761a498d39f922d6d69fe458e,禺山大道西,禺山大道西,1,1,1
412de9aed8ed70e560c9ce174b14c9df,民政局（合盛市场）,民政局,1,1,1
548976262f0f5e5abbfd0c877d6bd85d,江南新村,江南新村(骨伤科医院)#2,1,1,1
b93556795fa1a9eaec84506bca909632,长江数码花园（钟村）,长江数码花园#2,1,1,1
9803b4b87b5ee9c793425e46da500a81,新世界大厦A,新世界大厦A,1,1,1
15558e3c7391318fd1b05798f7f41231,良种场一区,良种场一区,1,1,1
42525425bd501db1627d4fc8b3c9bfb5,界涌桥,界涌桥,1,1,1
d4ee07e8180c39878b493b683f6f14dd,海傍小学,海傍小学,1,1,1
f5ee13df8b0e475503fe8a04460cbd62,海傍幼儿园,海傍幼儿园,1,1,1
34204edbf609cd67dcb6b36819549395,海愉苑,海愉苑,1,1,1
e29a773b04d7d62544270093903e65aa,亚运城山海湾西门,亚运城山海湾西门,1,1,1
2d9c0a00fb69381cf747a8c0a4a1371d,莲花山港总站,莲花山港总,1,1,1
4bb765393dc2aa66ce116341ce0460e8,乐羊羊路（亚运城天骄）总站,乐羊羊路(亚运城天骄)总,1,1,1
f9e84a7f36915e8a5b437e3e834a6595,亚运城天荟站,亚运城天荟(临时站),1,1,1
ff591fa5b9b09ff38f0b5b7bf2d7ad9e,万达广场总站,万达广场总,1,1,1
a13837fe1511f806102fb992f833f82c,地铁南村万博站（番禺大道）,地铁南村万博站(番禺大道),1,1,1
4a7d8b12b9b975e11771e610896f51e1,自在城市花园,自在城市花园,1,1,1
9ef49bca80021dcc16264a9703324ef2,兴业大道西（诺德名都）,兴业大道西#2,1,1,1
2c21355ffbc43a3a4ebf3634f957bfa4,奥园广场总站,奥园广场总,1,1,1
ee3c42a5dfc485c3071127a592f9caa1,东沙村天桥,东沙村天桥,1,1,1
ed2117e11dc8cb190db09cf8e607816a,榄塘村委,榄塘村委,1,1,1
4294e2cab0663b2138dc224e58077907,万豪商业街,万豪商业街,1,1,1
4618895bfed2b81385c4abe131af70ef,番禺健力宝总站,番禺健力宝总,1,1,1
04ced55e412a12c804f9553332303bb7,傍雁路临时公交总站,傍雁路临时公交总,1,1,1
ebe64e21c5cf6827065082672066ed16,桥虹花园,桥虹花园,1,1,1
dd4eaa8a2239d3e237eb0d5d8c678f50,东方白云花园,东方白云花园,1,1,1
a338195d42f2abe82ca3d5aa1210b030,罗家村（富怡路）,罗家村(富怡路),1,1,1
efa0686a905625888b398cb8c9a7ba79,桥福园（富华东路）,桥福园(富华东路),1,1,1
1b9760f879a7b3d845c4028b9fd6b048,沙墟一村,沙墟一村,1,1,1
553d456ef80f9b9496590672fe4889da,市桥街派出所,市桥街派出所,1,1,1
72e7f521fbc388c6bdb68481a15b57fe,食品集团,食品集团,1,1,1
005cfd0a0be438a07d7dcb32db3198d4,市桥中心小学,市桥中心小学,1,1,1
8269d77e7e66f64201f3b7b1ae952cef,番禺实验中学,番禺实验中学,1,1,1
aabfe9c242777afcf5e4b5656b219a3c,康裕园,康裕园,1,1,1
485c10841cbd44c88e29ada9ac7a6f8b,梅山村,梅山村(金江大道),1,1,1
5723c712302a4ec96084484acbc4f895,板桥西,板桥西,1,1,1
0a63454a395afd909b5384c97ef7dbe8,猛涌村,猛涌村,1,1,1
53f1b783ba629143b237571ff2d870d3,诜村路口,诜村路口,1,1,1
bcf414212f9395983a543fa72bf83f15,诜村村委会,诜村村委会,1,1,1
40a1f990da048c40e2bd918ab0d23226,诜村总站,诜村总,1,1,1
47b73b10004d3694867299237e37626e,周山岗总站,周山岗总,1,1,1
0dd80125959250006ba5df66d38f2eb8,会江学校,会江学校,1,1,1
9ffbad5d18107d1ff1801e3eef5c9b1e,石南路（大石）,石南路#2,1,1,1
dd0e7ac334bcfa621c261301c52d44fc,和平路口,和平路口,1,1,1
169c7e9c6dcb3b8d68e73325f2dc58ac,石南路东（大石）,石南路东,1,1,1
912a479ca2ab6335535c59473b47d18d,滨江绿园,滨江绿园,1,1,1
8d29d6fb24eb21556ebccd00f68c1ecd,富山路,富山路,1,1,1
42269abab32d547189cd597f27bbc9d6,番禺区第二人民医院,番禺区第二人民医院,1,1,1
a4145c2d8ccea11784add1b89f3afed0,群贤路,群贤路,1,1,1
61ac37d834099522341a8a9197c20e46,番禺区第二人民医院,番禺区第二人民医院,1,1,1
1206f836cb003138a4c194ccbca7a4ff,南浦综合市场,南浦综合市场,1,1,1
edb49da72ce59b7d4c2f86c9bdc5c04b,西二村,西二村,1,1,1
e7c8ac4e231fc4b723d54545c40976da,西二村市场,西二村市场,1,1,1
a3cbd17de913e9c7e0275afe91fc75a7,西乡二路路口,西乡二路路口,1,1,1
a701ed01eb1f6ee2a225ac39dcda357f,西三村口,西三村口,1,1,1
eff1ecdd799968eaaaf92e43701ea381,西三村总站,西三村总,1,1,1
30062aaf41e38ed9ebb22a7b6e6a2535,西三村口站,西三村口,1,1,1
6443278e224ba8ba42cba9bc10a27995,西乡二路路口站,西乡二路路口,1,1,1
f269e4ed2676bf995abc4bc4d11c0b92,西二村市场站,西二村市场,1,1,1
a61c5d61ae6ea9af09cc8a2d81b1d352,洛浦医院,洛浦医院,1,1,1
dee0057b95f838a65cf7153c9b0c6392,南浦车站,南浦车,1,1,1
d8f7ec6e9794635d5dab65896b978e98,建华汇,建华汇,1,1,1
f20b9d24c92789633d5b89ad053246c5,大涌路西,大涌路西,1,1,1
4e13d158e8bb399d696d0ec38c6144f0,会江村,会江村,1,1,1
9cf0ce9ab1730fcb76c32572281cc996,会江村委,会江村委,1,1,1
a8be71aa6380dde9341752ff136e7266,石壁一村总站,石壁一村,1,1,1
171edb33cd0a4dab831267e73b89adbf,地铁会江站（巨大创意产业园）,地铁会江,1,1,1
d7d93e26b977764f255e057fb2d3da9a,周山岗站（南大干线）,周山岗总,1,1,1
84b1dfdaf1821b84a729e2bf4951f249,地铁陈头岗总站,地铁陈头岗总,1,1,1
5fcdf3b4c9e1a2930ac0a60fb576e67a,华南新城临时公交总站,华南新城临时公交总,1,1,1
b30c3c0a6a16a2c20f72012e393ab04b,华南新城（沿江东路）,华南新城(沿江东路),1,1,1
df4308f5bc5c4656838ccd644f0bd2d1,星河湾六期,星河湾六期,1,1,1
c103c2e842a8848561e2e18e3175ebb9,星河湾四期,星河湾四期,1,1,1
721ff3e9d0597d1ef460b4a71e194f61,番禺大桥底,番禺大桥底,1,1,1
77cacb94b4c13ece7d017bcef3fac7d9,星河湾北门,星河湾北门,1,1,1
3a3a3f325efd1599b625b47f300956bf,锦绣银湾,锦绣银湾,1,1,1
509c75790bf2fb24cd400a354788aa46,富丽中学,富丽中学,1,1,1
eb2ef200b963e82529d976f505049f7f,丽水湾（福安园）,丽水湾,1,1,1
bcbd65ffbd487ae42efe63e3d099f2fd,百乐门食街,百乐门食街,1,1,1
15723feb739991ac9bc07afd680fd73f,北园西路,北园西路,1,1,1
3cdc8fe49c6345100066136ad49d6870,广地花园,广地花园,1,1,1
7ae8fbcc7f16b408206f261e09f99c4e,星河湾酒店,星河湾酒店,1,1,1
27bd73450fe899566c9a79f9a14bbef3,旧水坑村口（城区大道）,旧水坑村口(城区大道),1,1,1
0f9dda8e33f04e0846d3f0d13eabb997,旧水坑派出所（旧村南路）,旧水坑派出所(旧村南路),1,1,1
9337ffb9f934dd3881a48bf3705eacd3,美食广场西门,美食广场西门,1,1,1
e6a7bc9ce921bd648b563b2e2a6fa1c0,旧水坑村总站,旧水坑村,1,1,1
e9175f0a4f399a05c64a6cd1e7b45779,罗家村（番禺大道）,罗家村(番禺大道),1,1,1
f57af5ce500cee74bd153dc2b1c012d2,盛泰花园,盛泰花园,1,1,1
bba73a8505a04ada4361a4ab2b3fd5be,区市场监督管理局,区市场监督管理局,1,1,1
a3871a083cf5ed082ff79a30f77785f9,南区公园（南城路）,南区公园(南城路),1,1,1
7434cc6a02ae2f43c7c51f5c1f1cb6ae,保利香逸花园,保利香逸花园,1,1,1
29803742602c1f2b345e710a35d1d522,番禺奥园,番禺奥园,1,1,1
071e8b4c7165bf42bb5af223bc7de64a,番禺中学,番禺中学,1,1,1
c7b7632c16ffc47f9d40d2dfcbabb866,番禺奥园南门,番禺奥园南门,1,1,1
0a32745745b14b521337f6292f532233,福愉西路,福愉西路,1,1,1
fd25a78b2e985b1d66de40f82633c4f5,越秀可逸阳光,越秀可逸阳光,1,1,1
47f5dc28e8def799f191060384724e94,市桥大桥北,市桥大桥北,1,1,1
1d335ff463373f3e393fde52da518f25,新广场,新广场,1,1,1
2094a2a2fc62abf421ce80d79601b130,市桥文化中心,市桥文化中心,1,1,1
606e199272e3850b4612897be83babc6,光明南路,光明南路,1,1,1
cd2cee02f995a2e18dd8c073b8d45d96,华工正门,华工正门,1,1,1
e9e0a33df6cf4bb1698e0441c12e9901,立德街,立德街,1,1,1
21e8609316baa90c9fbcf452c01a72d6,大学城体育中心总站,大学城体育中心总,1,1,1
c444d8a7e5f19349134cd03496095740,大学城体育中心西,大学城体育中心西,1,1,1
e3f650cc99af2356223a03b816018d90,榄塘村总站,榄塘村总,1,1,1
9349b8760a89d92feb97d5b4e9e44620,仲元中学,仲元中学,1,1,1
e9eaa667f81b5480019173f03e4899a6,机关幼儿园,机关幼儿园,1,1,1
9468b3f581274564247e3124d77916fc,西城路,西城路,1,1,1
278d2d5b2419bfea70925da533f9218f,西丽桥北,西丽桥北,1,1,1
13b102f3008a9a6df3ce10547fcd2a7a,海滨大厦,海滨大厦,1,1,1
66450cae4005cc2d66fdcb4c17f52286,西堤小区,西堤小区,1,1,1
7e58ca4072b02288f2aaf344f9136596,南城路北站（南）,南城路北,1,1,1
5a10deac0a4243df11c5fef18be0cb01,南珠路,南珠路,1,1,1
09b433becd0c35a4301d58324deeeee0,桥兴中学,桥兴中学,1,1,1
11a320efa53b8d437db02a62814db6d1,陈涌市场,陈涌市场,1,1,1
b399f46c0e65abd620d753a5b71122a7,陈涌,陈涌,1,1,1
fd4926dd3c15c2c91ce4673a58cd020a,南城路北,南城路北,1,1,1
c43f397204080e3f9a94d22f966d6085,海傍路,海傍路,1,1,1
e4a6afd964deb0d3715024831fc1475b,长堤中路,长堤中路,1,1,1
695bbb87c549103a4b6fdfa2d641450a,江南商业城小区,江南商业城小区,1,1,1
9daa7ffdd93dbe75806772dc02f5a6fa,水韵蓝湾,水韵蓝湾,1,1,1
5924ab47fb1e250f34e21c217d5f6267,桥福园（东环路）,桥福园(东环路),1,1,1
d68491b173833ed9d6b758152d860e01,番艺花园（东环路）,番艺花园(东环路),1,1,1
ba4ce710cc9e8afc478613cab76decd7,北城白云花园,北城白云花园,1,1,1
080dbb96cdb69dfc0bee340ab4caebb1,星海中学（捷进中路）,星海中学(捷进中路),1,1,1
f362355717bf4cf0ad29456b25ec8f2d,东艺路南,东艺路南,1,1,1
45592ba5b28301efa073fa48e835e72c,东艺路北,东艺路北,1,1,1
0ecc7577485229cb273bc287e8ff8011,金山谷花园总站,金山谷花园总,1,1,1
6a4df8ef3cdfb84f864eeda4225d8999,区政府东门分站,区政府东门,1,1,1
8c230844ce37d2d671a57950478a591e,北海村总站,北海村总,1,1,1
698d818bf4b77b663fed6b408516ac13,北海村水果批发市场,北海村水果批发市场,1,1,1
1b2c516eeea08d25cbb8f22461e65057,西丽工业区,西丽工业区,1,1,1
54e30600770199411f0c692385fa3c0c,华侨城北门,华侨城北门,1,1,1
7b7f9dbb11b9657b6774f8c3528337cb,华侨城,华侨城,1,1,1
830d136304e483886c6a08c2c743e94d,老干部活动中心,老干部活动中心,1,1,1
c8551a73f6b512896978ed6cd333aa2e,市桥大桥,市桥大桥,1,1,1
ae45d0b506da9ae02f51db3b7e58030e,何贤医院（环城东路）,何贤医院(环城东路),1,1,1
695ae1c3bd761bda1f753257ee238d3d,榕林路口,榕林路口,1,1,1
13b70f191cb437a4cd755279eb9a4cc7,竹山村,竹山村#2,1,1,1
07b53a88ab22132a37e1fc3cf0b81910,竹山工业区,竹山工业区,1,1,1
e40a1bce61547e4248543c87621d39fa,美食广场南门,美食广场南门,1,1,1
547bb213bc023614bb580a092279db75,旧水坑中心街,旧水坑中心街,1,1,1
d91618b7cde42fbb00a1713810edcd68,丰达电机厂,丰达电机厂,1,1,1
e3797cf5013d13689ca257943cb80484,旧水坑村尾,旧水坑村尾,1,1,1
a9110fb3fcdf9f9a142715c1223407de,谭边村,谭边村,1,1,1
b9fb86231c7def7bcbfdade22cc4c407,东盛路,东盛路,1,1,1
359e37b7dd47f6488cf4cab852f46a47,茶东村（茶东路）,茶东村(茶东路),1,1,1
4335abb7873f508274fb81d0b4abb956,茶东小学,茶东小学,1,1,1
8e5474036fae05a52afde4bfd3aca393,东兴路口,东兴路口,1,1,1
5a89f1627d7d97b52adc5924ceeac208,茶东总站,茶东总,1,1,1
3cbeb36046bccc5baa0f7c9821994a71,环城东路南,环城东路南,1,1,1
3c1707b97908d9a5684261de3c2f9ea9,康裕北苑总站,康裕北苑总,1,1,1
d41a32ab893c2342d407c8f260b6911e,禺秀园,禺秀园,1,1,1
62024a831be6aebeb5a7d8742e798334,石碁总站,石碁总,1,1,1
1263a166118c009b165f933b749e41e5,易发步行街（繁华路）,易发步行街(繁华路),1,1,1
796529463b7d4981696207e56c16df6d,旧水坑村委,旧水坑村委,1,1,1
c074c0ce09bed50ce26973c894e3090a,木棉脚,木棉脚,1,1,1
52af1823dfc400bab330ca4b56469777,水濂小学,水濂小学,1,1,1
ba8654186a572795002bdf11c2b6dbc0,新水坑文化中心站,新水坑文化中心,1,1,1
e85fbc841ea95d99f6ee79a19c750f2e,新水坑牌坊,新水坑牌坊,1,1,1
9af5cba9f652ac021cceeaf45fe94e2c,樟边村,樟边村,1,1,1
9a40a8f53bbdefc1d487b706b53a22fb,星域动漫科技城,星域动漫科技城,1,1,1
ae2c9edd997f2255c8586b09c655127f,蔡三村（星力动漫产业园）,蔡三村,1,1,1
fabb3327dab3207bcdb3b5e9b75abb79,龙美村（迎新路）,龙美村(迎新路),1,1,1
36a8ae93596fe06e6e9c81756dc41c9d,星尚名玥花园总站,星尚名玥花园总,1,1,1
d9cf70a01772dd0dded394edd3e60ab7,草河牌坊,草河牌坊,1,1,1
b929e0785ab4ebbf6265f2e1e3403472,草河小学,草河小学,1,1,1
7049a8ff509c0bdd2a2abcaae29791c1,南部快线桥底,南部快线桥底,1,1,1
3cfd6407a2e710b8965c2823b4d8afc7,大刀沙村委,大刀沙村委,1,1,1
e37c6aee0dd04d45f0baf5294700d193,京珠高速桥底,京珠高速桥底,1,1,1
29befc865d39e8b2004bcdb32434ca91,观龙岛十七队,观龙岛十七队,1,1,1
ae6e997275d04905e9bae3d1b703a3bd,大农公社,大农公社,1,1,1
f85d9b8a35c212c4857084e19a72831d,观龙岛总站,观龙岛总,1,1,1
98dee491e2f68b800c78541276898ec1,禺山高级中学（福贤路）,禺山高级中学(福贤路),1,1,1
6014cfac31f8059e67f72af75a41d68e,沙湾派出所,沙湾派出所,1,1,1
4d1c7f8f5433a0ab1df6e8689a585910,沙湾东村,沙湾东村,1,1,1
677b1572a1a7cacdb161febed67cd490,青萝路口,青萝路口,1,1,1
883f391731c6be1037ffa45b0c73f3dc,福冠路口,福冠路口,1,1,1
5b37df73da96dc4485a436773e25e36b,象贤中学北门,象贤中学北门,1,1,1
bc43f3a9b18df81636e70cd65befd577,象贤中学（福北路）,象贤中学(福北路),1,1,1
dafa0679b92125647cf821c17137bdc0,留耕堂,留耕堂,1,1,1
04800befdf6721ea2035a38bdd7f9d0c,滴水岩森林公园总站,滴水岩森林公园总,1,1,1
ee18af15f0685e78631600febce3e8e8,时代方洲总站,时代方洲总,1,1,1
83933092ced25487edeb5aa6a6d5c6ea,三桥南,三桥南,1,1,1
3416cc08d3fd277602b0fb4e8b10043f,三桥丹山水闸,三桥丹山水闸,1,1,1
e460c17deac37f4de5a8144cb710bf41,西丽小学,西丽小学,1,1,1
7f84e000e8559304b7b881d0aea5cf1b,桥东小学,桥东小学,1,1,1
9f9f4352eb7d5455089fab715f0a4ba6,公路局南城分局,公路局南城分局,1,1,1
7b9b2f2bf181dd731c3ccdd442baa9de,蔡二新村,蔡二新村,1,1,1
47e9d498a5df8d5616e3cc724d50beed,蔡边市场,蔡边市场,1,1,1
b01bb150c1dc9766b9918fc13885491b,番艺花园路口,番艺花园路口,1,1,1
343a16c648c5456e6207fc3c45fa2d66,三桥北,三桥北,1,1,1
ef2e8dfa2db6385bee2202e082942131,余荫山房总站,余荫山房总,1,1,1
1788223a0cbec7722d916c0ce8c6b693,马庄村,马庄村,1,1,1
a3c1a814b3c199b31cb7fbb59824c199,新光快速（保利鸿悦花园）,新光快速,1,1,1
827d9a8715cae82ed2934f4d3d1f2bbd,汽车小镇总站,汽车小镇总,1,1,1
18b7e377dde20e7295f0fc48ee8e04ec,复甦（南侧）,复甦,1,1,1
2f1927576290d802400b961cf40dd1c2,多洲,多洲,1,1,1
5ee61285ceecfaab5dce68a1ea724688,南大干线（金轩一路口）,南大干线(金轩一路口),1,1,1
59f2b616905073b43e4e388f3b437930,丹山新村,丹山新村,1,1,1
32d934c0f2f5edd38fb5bcd51d8a0d22,江南富图花园,江南富图花园,1,1,1
f426d1a159429985fd21e2498b90b270,市桥医院（西环路）,市桥医院(西环路),1,1,1
9b0d2992b9db8d1787efe3b2929a56ff,丹山村（西环路）,丹山村(西环路),1,1,1
0660dcb90d0c909df79e6668d2983b16,蔡三村口,蔡三村口,1,1,1
660cef82cb5af457399d4871006045a5,樟边路口,樟边路口,1,1,1
3d51a20bd1fb569a6df18bb0354edc1f,横坑村（樟边）,横坑村,1,1,1
e13e0871f0153d9b04edb10d20d1bce3,为民中路,为民中路,1,1,1
1415cf107f43c5d580968a424a4c7ecd,樟边村委,樟边村委,1,1,1
a9f1102b2b609071848c34ad081e75c9,南村中学,南村中学,1,1,1
a3d07640be910ae1abc780288d0495b5,傍江东村,傍江东村,1,1,1
17084b9a3a531ce5efcc576cd919f959,傍新路口,傍新路口,1,1,1
e6865873de395399c0209ac9a2c08795,新桥村,新桥村#2,1,1,1
b87cb1ff1d09ca8fbfa74f2cd796698c,新桥东,新桥东,1,1,1
188f681881fa5bdcc0ec8231c0a6ad4a,沙涌村（市莲路）,沙涌村(市莲路),1,1,1
ad2812c14043d41bb4f31fa90b5cb4ec,长沙路口,长沙路口,1,1,1
f32485654453992e8ad9e41ddb707ab7,汉基工业区,汉基工业区,1,1,1
acbf367567fab4cf69f343906c6d96fd,大龙桥,大龙桥,1,1,1
6fedc5e43a2cd153071ea2092b508455,石碁镇政府,石碁镇政府,1,1,1
6142a906c89c38900883702c6cef29f7,融穗澜湾,融穗澜湾,1,1,1
4c4b6c8ddd294304e7886e89bb4a27e6,黄沙岛花园,黄沙岛花园,1,1,1
88416574857e7fab68b44b9666a01323,东江市场,东江市场,1,1,1
5de0be79b0d08de0b6f902ddc91d5afb,丹桂社区居委会,丹桂社区居委会,1,1,1
9357f382dbacdebb131b8041e109bf0a,捷进中路,捷进中路,1,1,1
af19311b206d09c499d40376f462d1cf,市桥医院（捷进中路）,市桥医院(捷进中路),1,1,1
8be9bdf03c855c30a9d190be2aa5bbf9,沙头村,沙头村#2,1,1,1
96cc8f5107280ed212fdbb95ff0732c3,沙头中学,沙头中学,1,1,1
6056288274403b44e36cc92c298221b1,沙南路,沙南路,1,1,1
72f1bbf67b95bb5da8e410f18abfebeb,小平牌坊,小平牌坊,1,1,1
8e7d776f3b3c500425a42c96ccbe94e4,大平市场,大平市场,1,1,1
d626c62089171f5febf5d588606102a3,大平村,大平村,1,1,1
bbe1f811b66e32459bab043e59c183ec,汀根小学,汀根小学,1,1,1
ad2a47ba0ecb1ea23a520d4e47023d66,汀根村委,汀根村委,1,1,1
063ce0cfbea73abfa2a1d4348bb00816,大板工业区,大板工业区,1,1,1
cfe2988b536c498e6f16d7a4cdd7db1f,南双玉村总站,南双玉村总,1,1,1
2ef719099de588ca5a06309ecdad57bd,东郊村,东郊村,1,1,1
116257f03b4fc13c7a9c921a94bd2c66,沙头市场,沙头市场,1,1,1
e66dcce0d1e417dbb8ea302b7aa3bc30,康泰园,康泰园,1,1,1
b3da213177213e767c3d764d0e7baeb6,皇冠音响厂,皇冠音响厂,1,1,1
faa65b2bf701266b53c4827db739bde1,甘棠村,甘棠村,1,1,1
c3069f989c2a12d109ab78a3e3f10f64,新水坑总站,新水坑总,1,1,1
92db3761c414f23f025dd5bb9f048abd,华南轮胎厂,华南轮胎厂,1,1,1
eeec4a4aac2bca4be3516e014787152d,竹山村（番禺大道）,竹山村(番禺大道),1,1,1
f195198f125f121adc9ea48ea271acaf,康裕北苑（西环路）,康裕北苑(西环路),1,1,1
ae0cd6556855bec33be91b437925e209,思贤村,思贤村,1,1,1
00ee921a9b1b235345d26ab3d285b26a,新造职中,新造职中,1,1,1
fab6ad3d987ecb0a7ac8a0e389e41815,广医大（番禺校区）,广医大(番禺校区),1,1,1
523f1d0d8ab073f8cc088e5d86cc384e,崇德村,崇德村,1,1,1
a07a5218616f827944f92c6958f2a059,新造公园,新造公园,1,1,1
5a1ef84fcb7c3bb7f3851ce1965d00ea,新造医院,新造医院,1,1,1
2d81d87d93611a4b2ac281cab63aae6a,市新路（地铁新造站）,市新路,1,1,1
6e89dc00dd045ff2eb2de1ce50cf9c9d,南大干线（曾边村）,南大干线(曾边村),1,1,1
2244a945685584b9abc71524370f28f6,南大干线（市新路口）,南大干线(市新路口),1,1,1
8b4a681cd551480a81a819c475ab856f,永大社区,永大社区,1,1,1
b02fb6acbedb02678e4283fc5b5744f8,罗边实发市场,罗边实发市场,1,1,1
3f29a17f2f4b5318a1e712a8bdd7ccc5,广州科贸学院,广州科贸学院,1,1,1
52c9fb530afcf246d940ffb69c7870ac,七星岗公园,七星岗公园,1,1,1
3e472a481d7e9eea88273070809fece3,金山大道路口,金山大道路口,1,1,1
d5006ea2da6c3587e3e12aece9dc4086,坑头村,坑头村,1,1,1
2489ee1509efb43f99f6bef3f7f3f98b,坑头工业区（市新路）,坑头工业区,1,1,1
19d63352911d2b6de6fcc6633cc7b81d,新水坑,新水坑,1,1,1
1f34f6ecde85282eef18f4db4fd79489,珠江灯光高新科技园,珠江灯光高新科技园,1,1,1
b327f9540c6e034ca0ff0c35042b3ca0,华工国际校区南门,华工国际校区南门,1,1,1
9e1004e80a573f29ae9d3bed066acf1e,东线大道口,东线大道口,1,1,1
9e19a8ab90b0c35d9b4241c8d9815e56,暨南大学南校区,暨南大学南校区,1,1,1
607ec4bd3fc907fadaccdc1e254b5e32,曾边大道口,曾边大道口,1,1,1
b9cb0f494052a1f9a5c6b66b94994d42,广州立白公司,广州立白公司,1,1,1
4f4bb2270c3379059a9f59b9c492e1be,谷围新村,谷围新村,1,1,1
83b7c3346f7d9d3bdd6f4e616b272daf,兴业大道东,兴业大道东,1,1,1
68a5a4b347145c9badb505991789d5a2,化龙大道中,化龙大道中,1,1,1
fc513746cf77a08b2c143f865b3f901f,海大集团总站,海大集团总,1,1,1
6f717566f98f30cbd40d3d5cf33a2749,南大干线（礼村）,南大干线(礼村),1,1,1
17a6e933bd402a860b4d37e727eb5a22,西一村下北,西一村下北,1,1,1
07d37347c46cf44e2520beab1bff2e9b,西一村（腾讯云智慧园）,西一村,1,1,1
a2528e60e53ad244d4df1f98a44146b3,西一村工业路,西一村工业路,1,1,1
9bf30cec1b2dda37269fc600bd1b0f05,洛溪西一村,洛溪西一村,1,1,1
db45ccc09889b81aa837cdcf9e267bf9,华南新城北区西门,华南新城北区西门,1,1,1
35b09396005691813bebda3d01f0653f,华南新城南区正门,华南新城南区正门,1,1,1
5c3848aa615882b16d1a00b84c909b5d,地铁厦滘站总站,地铁厦滘站总,1,1,1
80a275d5ce49b54c135d7e638e159d0e,金山大道谭山村口站 / 金山大道谭山村口,金山大道谭山村口,1,2,1
8d3a56134744ce25a4af50897fb2632b,眉山村,眉山村,1,1,1
aa6b2288621c2cc6cb18d4fa984b7db6,眉山工业区,眉山工业区,1,1,1
7ec88dfd403ee9ab04c2298acebc070b,凌环西路（凌边村）,凌环西路(凌边村),1,1,1
5ce7751aeceba35566de2149716c972a,凌边村,凌边村,1,1,1
9f6a6292ef44bbafbac6010ca259d82d,凌环南路,凌环南路,1,1,1
865c964ec05151830614bf0eb6cc6973,凌边工业区,凌边工业区,1,1,1
c1d15e818d1c187c28993cf2d4ca49a0,金山路口,金山路口,1,1,1
7577fd3c582f31bb8bb8f31025f6770d,文边工业区,文边工业区,1,1,1
24220e21069a1f644663c3e38b54afd0,文边村,文边村,1,1,1
44c1bb6fabf0520649ba91f710379bbf,梅山村（金江大道）,梅山村(金江大道),1,1,1
60bb7c6467fcefd77ab3a4699b67a3b1,南村车站,南村车,1,1,1
7ee6a8e49511e409a0b41f6003bad722,桥山工业区,桥山工业区,1,1,1
d4d7a8170021142da74b64f03b443c99,广州国际商品展贸城,广州国际商品展贸城,1,1,1
a34ecaef7a9bb134e7ae54726d3b4f1b,新造二师附小,新造二师附小,1,1,1
695001121de7b558d2df3c2e874940f4,新谭路口,新谭路口,1,1,1
723c752309c257d4539ad16e717bc633,广汽研究院,广汽研究院,1,1,1
30683c65372a473c9b3dbb087d3b344b,化龙产业园,化龙产业园,1,1,1
ec107ff20f42eee863ca1e2829de8e2c,广汽传祺东二门,广汽传祺东二门,1,1,1
4542ca71b50895d129d65def1050f05d,广汽传祺东五门总站,广汽传祺东五门,1,1,1
332131acb714918ca83c06956c140702,广汽乘用车,广汽乘用车,1,1,1
86a2b043c25c4cf04454ca46e0544800,番禺创新科技园西门,番禺创新科技园西门,1,1,1
b0c2c1946b54b8ca1026aa329dfac2fe,桥联正街,桥联正街,1,1,1
e6dad15c8c5978b47ff443650a9f6443,石楼官塱路,石楼官塱路,1,1,1
a6532a7cec9bd743c8c7bbbe6dd4bd17,塱边村尾（艺彩印刷园）,塱边村尾,1,1,1
0c598317fda528b7e5bc1d1575b2459b,塱边村口,塱边村口,1,1,1
78c0efd349602b9f14bdd502be7bf4d1,官桥,官桥,1,1,1
ff1ebaf45edfdf72bd669fabda205dd0,华创产业园一期总站,华创产业园一期总,1,1,1
493e15ff1999c85e6a9965a4a14f7fa4,华腾路（华创产业园二期）,华腾路,1,1,1
fc30189045b3009af38605b8c292d4c4,华腾路口,华腾路口,1,1,1
a7191db4cc1f41918a5768a49d051178,金山小学（华创动漫产业园）,金山小学,1,1,1
f8fd119cfc5521c62e4ca95304ac927f,金山村委,金山村委,1,1,1
f0a4ca61acc485dc25275793360f0fb7,眉山村口,眉山村口,1,1,1
c85741e3de87012842afce693d7843b7,东西庄村,东西庄村,1,1,1
816b65ba0273547549d26ef8f43e08e8,西庄路口,西庄路口,1,1,1
05510a3307ab5e2cd09ebc7dbb6e7b76,东园新村,东园新村,1,1,1
8deb04cc44cb6b7cf2ac54ee21599d44,沙园村,沙园村,1,1,1
d27326c0e1dfef2e1a299267e22e531d,龙岐路口（西环路）,龙岐路口(西环路),1,1,1
22887686e11d4fec3c5da8120aaaee8e,象骏中学,象骏中学,1,1,1
94a4eabab1f8184d5ad45afa7bf28dd3,龙湾村,龙湾村,1,1,1
960c1971629f3bc7b76b277dbf950bd8,古东工业区,古东工业区,1,1,1
53b38e670b63a595af6831bce1d7d79a,新洲大道,新洲大道,1,1,1
a75db6117553f84797314e19d9657f35,古西老人中心,古西老人中心,1,1,1
2e13c601c542201d76c6d09aeb40c081,碧桂园芷兰湾,碧桂园芷兰湾,1,1,1
73ffa929226869a5c5b23b67808f4473,广州动车段总站,广州动车段总,1,1,1
75932c336fe5a7f10a942246f25827fd,古西村口,古西村口,1,1,1
87b1e3ad45560f3fa9918a8b266a8e1e,沙湾总站,沙湾总,1,1,1
0a1cef4604126753d59bfb307779675c,金湾生活区,金湾生活区,1,1,1
723c7be835b4b87f911bfc4e91b8a3f4,大巷涌路口,大巷涌路口,1,1,1
8bbb577e198ff1e5bd8b9a8c1c775b60,省妇幼保健院（金新大道）,省妇幼保健院(金新大道),1,1,1
3434d4ee94c6c6d63621ef42135c9c70,金新大道中,金新大道中,1,1,1
4377f077fa85c71b94858decb91da190,金新大道,金新大道,1,1,1
2e640e0a2f9c717ba7c83cb3da0903e0,新基村总站,新基村总,1,1,1
3f05c071534f89ab04c1748c67c2f547,广州雅居乐北苑公交首末站,广州雅居乐北苑公交首末,1,1,1
35977239bce30e85c10c9694b037097f,板桥村（金源路口）,板桥村(金源路口),1,1,1
cb32c241f99fceafaf946a198a500890,时代倾城,时代倾城,1,1,1
acdbfe26b64ef13d94b33812d2f3d087,金市路,金市路,1,1,1
daf22bab9cfba9990f9ea1cd21dc5f26,桥山村,桥山村,1,1,1
fcfedcbf9b562d2a2f435667dd1e2746,东泰工业区,东泰工业区,1,1,1
12aafa62e9056a99500a5f9f2ffbfd02,大龙路口,大龙路口,1,1,1
fe343b1cea76132cc412c20c309e10f1,金龙路中,金龙路中,1,1,1
a6a5bba755d2fa56f6c00cd7c4f2e053,育龙中学,育龙中学,1,1,1
f617e9692edaac744396a7452ff84c59,大龙小学东门,大龙小学东门,1,1,1
35d1439d2c4cede4f3632ceab53e95cb,坑头东线,坑头东线,1,1,1
b410952a60fdab02f7f5c7834ce6249a,华创动漫产业园路口,华创动漫产业园路口,1,1,1
cbcf76bee866d516cf0ff8e6ace21dd9,西山村口,西山村口,1,1,1
a2eaf39fa4926004c36ea7bfaaac6282,金山大道草堂村口,金山大道草堂村口,1,1,1
d35e88e9766214b9222a4878f4fcf7d7,时代广汽动力电池临时总站,时代广汽动力电池临时总,1,1,1
3f80c4340a79838eb4ca2f39b056ecd7,化龙中学,化龙中学,1,1,1
5332a5554d9414e4cd74f287dbf2a9c6,盛龙社区总站,盛龙社区,1,1,1
5aa2a19017eb9fa99c03c5a1c740ddff,海大集团（化龙大道）,海大集团(化龙大道),1,1,1
cbae6f980cffefadaff7810655a1a7c6,金荷二路,金荷二路,1,1,1
ef3db9a76eadc2e0a0d880b0c97de372,广汽荻原基地,广汽荻原基地,1,1,1
d6446203902ee856eeafe706a3c82cb3,金山北路,金山北路,1,1,1
2ab1e5f723645452f90d569642a8019f,坑头市场,坑头市场,1,1,1
54cfb7e99409d90d737a94f3b31b0bea,文边小学,文边小学,1,1,1
0f67fdad7c2a373e0eaa3738b17fb38b,番安教考场,番安教考场,1,1,1
8dfdc16d7c60902197fc96702505e689,公安基地,公安基地,1,1,1
1cfe75a1ea38f669f78ed8eb6d6b7582,涌边村,涌边村,1,1,1
f5cf1cf4cd2316a95e2b888f4885761b,解放路,解放路,1,1,1
f2ff148ba37e666f841b27a364d3ff6e,西园,西园,1,1,1
7314176e104db7435047f5935e59b31f,环城西路,环城西路,1,1,1
5039ae580fdbc984847b7cc409a4b342,威乐工业区,威乐工业区,1,1,1
b7db96cfa3a6dfbc0a9f9e6c415fcfa1,地铁低涌站,地铁低涌,1,1,1
c08ae976c6058f02fdbb87336cb716be,低涌总站,低涌总,1,1,1
ce8a757e08ed9d7fcdd00acb8ac3a315,低涌村委,低涌村委,1,1,1
b12090e80a987777ea4a7e0afe36581b,海傍桥,海傍桥,1,1,1
d6928f7ed921bed90de864370f01c089,金井坊,金井坊,1,1,1
daf868e8f569d9767e0013775061cb92,石碁中学,石碁中学,1,1,1
1454840b662f8449fe5a3da00bb02bf8,石碁村（市莲路）,石碁村,1,1,1
be2b0de642348c055aa75a6437138f97,前锋总站,前锋总,1,1,1
c2d7bd53327190b981a47a257578f9e5,前锋南路,前锋南路,1,1,1
14f5913d0faf1bdbd74f72ac0bc0ce2a,前锋村委,前锋村委,1,1,1
341bba16735d092729e2e4a3ffd2839c,前锋工业区,前锋工业区,1,1,1
1c2c5074ec6731e90f2f38c3c079ffc7,石碁四中,石碁四中,1,1,1
a72a0d026deca886deceee8cb916855e,东盛路中,东盛路中,1,1,1
b3520677f5a3404b32ded4ed7a0c1044,蔗山村口,蔗山村口,1,1,1
22971a94638457a65d73b47339877361,东盛路北,东盛路北,1,1,1
5dcc34485d00627f95a4b6c40f42d08b,东线路南,东线路南,1,1,1
317fba69752dcbc826bdf7458b08bb6d,东线路北,东线路北,1,1,1
41c416178bbc4e95101e1daf339bb80c,白岗村,白岗村#2,1,1,1
c63f4acf97107dfc788af6048d83da39,金山村委总站,金山村委总,1,1,1
339b58a846cbda8186c9ed4533d117be,城际官桥北站,城际官桥北,1,1,1
014789d2be3f149e766fea73feb0a648,新凌路（凌边村）,新凌路(凌边村),1,1,1
66a9a07a0ea5b59d9f3ab99cd27dc547,三其大街,三其大街,1,1,1
bfd1ebe57bc81268f3276952317a28c8,区公汽东门,区公汽东门,1,1,1
adfa8b4399f7c964ebc3c25bec6cd27c,长坦村口,长坦村口,1,1,1
18b719789ee58922ca3a1f05fbbecc6f,长坦总站,长坦总,1,1,1
45b7f80ee1285c59eee931b6f0967238,金光西大道（曾边村）,金光西大道(曾边村),1,1,1
d8ab76b07a157bc1e5f7309f48a05b82,大罗村（银平路）,大罗村(银平路),1,1,1
ddd93a747aa88ffef7a626b1fff4ac20,银平路,银平路,1,1,1
227335cb6383927521f2438692b97550,番禺博物馆,番禺博物馆,1,1,1
0f5f4ddc03af34861bfba4f8abdc234a,小平路口,小平路口,1,1,1
7d08352e4e8b2f388de6b240efae4ab0,小平工业区总站,小平工业区总,1,1,1
ed3a6fa9de7e998a8b912e17650d2a64,利丰大道,利丰大道,1,1,1
2c1d601af87c0afd2ef45d4f00e00268,永字街,永字街,1,1,1
b733841ce79b1a4cd4044a0fa1164ca8,联围村路口,联围村路口,1,1,1
469e3471cf8a1a450e2a63947646361f,莲花山港正门,莲花山港正门,1,1,1
7a8f57aa0fd2c17c7a4a61aaf9b46ebe,莲花山车站,莲花山车,1,1,1
98c82f8f45709be1784f3dd51c93cf03,钟二,钟二,1,1,1
5ef6c20c9a57f28c1c7bac064af1c86b,南庭路,南庭路,1,1,1
840c3afe0a0b8a5244c291e988eaff14,金业别墅花园,金业别墅花园,1,1,1
6a8c5aa32f844bb4564b71790deb7dd9,金海岸花园分站,金海岸花园,1,1,1
7ca3e9f8ece77a79113db834a729fcbf,番禺会议中心,番禺会议中心,1,1,1
aa8b32cfc7ed5d9f4d502c7c044705f6,广东国防教育基地总站,广东国防教育基地总,1,1,1
1d767c6a1f347f635d8b82deb5660e37,映日路中,映日路中,1,1,1
0da6a2cfa55c898355e1a83da6e87fd2,映日路东,映日路东,1,1,1
2ed2719ea53f66ea024fcfc63cc8612f,风信路,风信路,1,1,1
8f9ba6ea25c1e47515bb94ad7a145bb5,玉树大街口,玉树大街口,1,1,1
ddec1e8f937b902204ad93ecaf888e4f,育水一路中（南行）,育水一路中,1,1,1
b1511014dfc691a69a57cd65ff884458,科技小镇东（东行）,科技小镇东,1,1,1
49b368462c0e78761c78e98b13dd56b0,明科四路北,明科四路北,1,1,1
6231c9cfcd2a773dde5c648a48c54474,明科四路南,明科四路南,1,1,1
42a83d50c09209a7f23bec7afaae2d90,广州幼专（东行）,广州幼专,1,1,1
173b6be8e390bb53ef0518edd4a57364,市技师学院（东行）,市技师学院,1,1,1
dcea7ddc2fca1b376096b28014a69665,南航信息楼,南航信息楼,1,1,1
e7d505090ab0e7f2696a70898b715e5d,污水处理厂,污水处理厂#2,1,1,1
76411b064c93e2b2f95a013956527793,白云空港商务区,白云空港商务区,1,1,1
96d9c36d26b277d8f455178b32135bc4,空港南六路,空港南六路,1,1,1
e442b439f21f512b14f5eb493afab22a,民航中南管理局,民航中南管理局,1,1,1
3744f9c9a2bcec01b19d8e676c6df29e,机场南出口,机场南出口,1,1,1
1728cda8ddafc3e40828d3140edd7e0a,口岸综合楼,口岸综合楼,1,1,1
d68ac6bce07b2405226d430a8c0d6f06,地勤公司,地勤公司,1,1,1
530d105ca63fa04428b61b03d21b3266,2号航站楼（东客运站31卡位）,2号航站楼,1,1,1
d2e577c4a7c71a058135faf32a29e276,南航机务工程部,南航机务工程部,1,1,1
1113e124c53b658783cee4fdcd6e3824,广州飞机维修公司,广州飞机维修公司,1,1,1
d96c89e3cdf237d53c2c2942df682f6a,民航技术学院,民航技术学院,1,1,1
1008d0c9ed8566634f63211f41c2525b,国际1号货站,国际1号货,1,1,1
26b5713432b857ee09b254857c78697c,机场国内货站,机场国内货,1,1,1
e9d18f7da0a7b45f4d2300f735b9f4fd,南航货运部,南航货运部,1,1,1
538c8e7ad86efa6a8eb853f9defbd69e,2号航站楼,2号航站楼,1,1,1
4e26f7c406f769d3839f1c8866c38e47,机场交警支队,机场交警支队,1,1,1
4fd888cd8bf53d28592c965e5b779902,团结村总站,团结村总,1,1,1
5f31aa8c37f9f3f19fbc9ac189664852,团结市场,团结市场,1,1,1
f8ed3ba19c5dfee1eefb9b9031600209,塘口,塘口#2,1,1,1
66cbb75e84b7fdb326c6356dbf560ebc,团结路口,团结路口,1,1,1
cb0faf27076297a6b1808a1fab115f90,清布墟,清布墟,1,1,1
55a68bcb30d4506e7d919b231ea5e0da,清布卫生站,清布卫生,1,1,1
d25b36489c1e2867158d4c6d811e68ff,清布街,清布街,1,1,1
67edfa0eeb6b211a623af205a413ca4e,清布安置区,清布安置区,1,1,1
badccb80746702af0f7d70de842107e1,联乡路总站,联乡路总,1,1,1
d77ca1fc10096781482a031067e6bc9b,赤坭西莲塘村委总站,赤坭西莲塘村委总,1,1,1
8a4c21f7fa239c6ef2dbe8515c8489db,鲤塘村,鲤塘村,1,1,1
89a3878b0524fbd38159ac5f8a72d7fb,中洞村,中洞村,1,1,1
d6181f7af65ffb7f8d19667fcf013cdc,蓝田村,蓝田村,1,1,1
8d826db976f3c0fd94956edbe5251d19,荷塘村,荷塘村,1,1,1
540bb5bb2e4d16ea7ceea57a7be48a25,赤坭,赤坭,1,1,1
e3f211ab7ec402a8d829f81329a9a33f,赤坭一幼,赤坭一幼,1,1,1
683b4947bfdcd675d2c37b069356e789,杨屋村委,杨屋村委,1,1,1
ad9dd494fc18357c33aa662a2cc35a37,赤坭影都,赤坭影都,1,1,1
a1bfa7b7117b459b68f2512b3ed859f0,横沙村,横沙村#2,1,1,1
f0a7c484ac45e312bdfbb75c59d532ff,劳教所,劳教所,1,1,1
9d055a8c60fc5ed017664a4c2bae20d8,石燕村,石燕村,1,1,1
4b28fa22a9b0c623048eeee8f6f27e77,平岭头村,平岭头村,1,1,1
ca270904f97ecf2b0b1b5be6c7f1f2a4,水口村,水口村#3,1,1,1
32b82ae24148e1275fef5afcc24f9cf6,塱头村,塱头村,1,1,1
7c708247399b2818438bc378712ca6cb,东风路口,东风路口,1,1,1
6268f327bc89a56d77eaaeda3f7119f1,南街口,南街口,1,1,1
eeecbd3b4978b2a46995d3cdf4c39bab,赤坭小学,赤坭小学,1,1,1
57d6d630711b7a0c65a5e229faabc899,赤坭西莲塘村委总站,赤坭西莲塘村委总,1,1,1
19768c71dac45a13bcd60cb80ef9c317,三凤村,三凤村,1,1,1
9a2583806df42ce73c76e0b0c7c70e11,九湖村,九湖村,1,1,1
e34ba5103b69e96d2590f87fc5819478,联群新村,联群新村,1,1,1
3813dc098a813474a1f7dc18c6dbece4,花东中队,花东中队,1,1,1
a23bb696dfcf7807dad795d73325ac06,洛场村,洛场村,1,1,1
c04b996578db83e0b98db0d319f6f42f,坪东村,坪东村,1,1,1
e11cb9c076e286fb2228bd341369eff0,花山镇政府,花山镇政府,1,1,1
2173ce560adf1f031dd63b11337e0218,坪山,坪山,1,1,1
e95482d16d93ba78e8e11d5893008d5f,南门,南门,1,1,1
752292230d1ff93951ab96229686ed95,精益大厦,精益大厦,1,1,1
53d61de59f688d444ec1f360306cbffe,龙口检测站,龙口检测,1,1,1
d3f4450a0d33f1a4fcd50fc005a85286,小布,小布#1,1,1,1
9d62da4e8f949e182f315d09c7a66876,新和村（三东）,新和村#1,1,1,1
601664b387b028229fa9e325a80c9102,凤凰村,凤凰村#2,1,1,1
2c310fcff3effb6a89df0ff172bf8ab7,山下安置区,山下安置区,1,1,1
155d2f49dcc530466e08002cfdc4ebcb,三东东布,三东东布,1,1,1
ddd5328008e0ad4c1041ac07e723b271,三东市场,三东市场,1,1,1
5ad93ce08a3b495a35a3a29de2399e6b,大运家园,大运家园,1,1,1
c97d6f421b2f1f3f222f87d73a1e4517,雅居乐（凤凰路）,雅居乐(凤凰路),1,1,1
101d8998d9d79a23763c1191c2ca5387,田美市场,田美市场,1,1,1
39f88f34e7b075670ac274553bb8f514,田美路西,田美路西,1,1,1
909b191160089850e9678c97832ec2c2,花果山公园,花果山公园,1,1,1
6f5fea4f6fb31ce9f90955cba017e2f6,南华广场,南华广场,1,1,1
c9ba4a679137ac151580b63d782bbb35,高架桥东,高架桥东,1,1,1
d155ef0ecc6bfab1142355ed3fbb578b,胡忠医院,胡忠医院,1,1,1
7b27e86c43d200e07a97411d9c893cf8,花都海关,花都海关,1,1,1
00402d89b37fbb248d26d211e8dce085,三华村,三华村,1,1,1
57ad8df2a98ef60b22bb0b5d4e7dcdd8,胡忠儿童医院,胡忠儿童医院总,1,1,1
2ea92941ac7a66dd9f1d9bb842df661c,东环城际花山镇站,东环城际花山镇,1,1,1
0b06f1bfcbd9e7b29b3f73facda09073,中建映花悦府总站,中建映花悦府,1,1,1
dae2e269b1fbbb3b0b7466cef37cc42a,胡忠产科医院,胡忠产科医院,1,1,1
853b11c6e931892fb5e409c30b0df8bb,市政园林局,市政园林局,1,1,1
37df1c41747e4806a6d6c4ac83d189e3,花都广场（区政府）,花都广场(区政府),1,1,1
e224782fb42faade2743460586db60d4,人民公园东,人民公园东,1,1,1
cd95ff34b4db142b9cad9a7a0379283f,融创公交总站,融创公交总,1,1,1
d712d1f939793679f98f0f7cf2177f8a,永富中路,永富中路,1,1,1
a5ab604b10392f340b11f606c927fabc,曙光北路,曙光北路,1,1,1
95c5a6a70277eec4b8bccb2d213f92f3,曙光路隧道口,曙光路隧道口,1,1,1
345f54c1620fb1508ba2b05181158d66,石岗小学,石岗小学,1,1,1
96ba13fd15799edb744ecb58851eefcc,花都区政务中心,花都区政务中心,1,1,1
337ea1e3e5c2e95308c646a5be9339f6,骏壹万邦,骏壹万邦,1,1,1
80cfdc5df1fca04aa9cb54954d9acdb8,骏威小学,骏威小学,1,1,1
fb82cc713443db6d554ebbc016da785e,天贵路荔枝基路口,天贵路荔枝基路口,1,1,1
787c40461d91ea63ed3064f735f20c43,花果山公园北门,花果山公园北门,1,1,1
ec97b6caea56b622aba66e573ac4d4f4,水务局,水务局,1,1,1
39ca3f1390d0a8e7af41db2be4cd8172,富豪山庄,富豪山庄#2,1,1,1
2c20235a24c0152ff507aae1ee32c903,布心,布心,1,1,1
1a496a507e99da55aed90cf43b0037d5,朱村,朱村,1,1,1
ed684ed684572bcd4afff65d01380f68,保利城,保利城,1,1,1
9c0335b2737948f333a39dc308137e72,华风技校,华风技校,1,1,1
37655772a2882784bc009cb823c38851,广州优尼冲压,广州优尼冲压,1,1,1
9453775fc444dae7d9bde2e44e556b4d,岐山村,岐山村#2,1,1,1
c1bfd982f7b0ddbd718660c2081d6782,岭南第一技师学院,岭南第一技师学院,1,1,1
8ba4153a5db807dee8810508d5899b96,汽车城管委会,汽车城管委会,1,1,1
168c5ad147deafda3ef2e170b0b267db,汽车城消防中队,汽车城消防中队,1,1,1
539d0b104f4fb98824f7c1b678e7a5ea,万信达公寓,万信达公寓,1,1,1
c603a7edeaa582408f5a0a5c06b7f04a,岭西南路,岭西南路,1,1,1
d423edf13f69344fcda673e0fbfc5416,花都港综合办公楼,花都港综合办公楼,1,1,1
6fa772499162380ff18c0b7724a1f41d,花港大道路口,花港大道路口,1,1,1
41e25b0f695c41deb39aee138901fc3a,马溪总站,马溪总,1,1,1
6e174cf488f1d9b260c49aaea10f11aa,广塘,广塘,1,1,1
50446a6a84da126e337347d19ba3448b,广岭,广岭,1,1,1
f30342813f73c1e5b8d12cb81528ef1d,东湖村,东湖村,1,1,1
286dad75fb04be35f14e1bb76682ae78,龙口,龙口,1,1,1
dbbe561bc1e9b77acdde5c7ebae9acdf,东湖安置区,东湖安置区,1,1,1
616273bef752aeaa2a7bfd418dd69392,小布七队,小布七队,1,1,1
a20bec5cddfa347be3995ad8bde4666f,西岭村,西岭村,1,1,1
48e0e1327bd5350e3ae78a321b03c7d7,西岭村东,西岭村东,1,1,1
b7adc82007da03b1b24bfa760bac280f,东莞村总站,东莞村总,1,1,1
e56d391e82ce8998ce94c5fa245deeea,凤凰南路,凤凰南路,1,1,1
882896281f8b7273f0381348affec587,永利路,永利路,1,1,1
6a54777b365888fc6bf179807c8d811f,豪利花园,豪利花园,1,1,1
eaab925cd80e49789eb4b7de40cecadb,石塘路口,石塘路口,1,1,1
fca36c4399f48cc5cbd7633bbff044ae,华兴工业区,华兴工业区,1,1,1
f03849afb617303255407651985dd89a,新世纪广场,新世纪广场#2,1,1,1
d6aa92741ffcd0209109eefceac468b0,风神厂东门,风神厂东门,1,1,1
9f72cc27bba80d342e29c23fd5d43c4c,毕村西,毕村西,1,1,1
df7abcf6ce08563e01a2b3668c4c353b,武警医院（花都） / 武警医院,武警医院#2,1,2,1
fb46af5c5f0c95dc3cbf288da0699f75,珠宝城,珠宝城,1,1,1
0adae647672a0081a2ca0bd93add6c9b,石头记,石头记,1,1,1
ba02724080eb65701eb733bdca0596a8,大布市场（有喜企业）,大布市场,1,1,1
0bb8ee97d5166f6517bb280d70f3b862,和兴步行街,和兴步行街,1,1,1
5ee56139b4ec2e6b6afded14fb7e0828,大埗路南,大埗路南,1,1,1
b826209928fe174e6340752633ec1d1f,官溪路口,官溪路口,1,1,1
04ae1a3276a9330563c6986c5c35b57d,东风中路,东风中路#2,1,1,1
61eb7325d3a43226d834e3efc5bb2bcc,花都宝井,花都宝井,1,1,1
1f0f69b9dba0769d01f0448101e6534a,车城路口,车城路口,1,1,1
ab16cdd7fafb180835aff6182fa6dffd,东风北路（花都）,东风北路#2,1,1,1
90d41257deb1752b762e5fdfd649c194,东风体育公园,东风体育公园,1,1,1
1bc0199e0f15ff462e0449eb7f244100,圆玄道观,圆玄道观,1,1,1
7477cb6ed8e32b6459372a9b4477d02a,防疫站,防疫,1,1,1
416217e76313b0955fe8e03f5caef45a,花都广场,花都广场,1,1,1
758abffa7c0ab4d9e66e4a40c78df3bb,田美上庄,田美上庄,1,1,1
34d955fd53999ba697de73c5208cebc3,深航花园,深航花园,1,1,1
89feffe9b3f232884d9ba82148fc7aa3,迎宾大道中,迎宾大道中,1,1,1
25cc23b2a062d50c72304444fb5c69ab,邦盛二路,邦盛二路,1,1,1
b944cad843ad38e78ed6a0837e6a7b63,富源一路,富源一路,1,1,1
0b980e40923cd85ab0327545e5f0224a,镜湖工业区总站,镜湖工业区总,1,1,1
31a4a839e67a2c7a2e0a06645bbaa212,广州北站西广场总站,广州北站西广场,1,1,1
dc0193971be9befee29ac5a16c11de32,建设北路中,建设北路中,1,1,1
ab44097202c749fb7ab9738749b3e311,区人力资源市场,区人力资源市场,1,1,1
02dfcc2918f7dd00a436c150064af36e,万信达,万信达,1,1,1
2a03118b6cdbc9e6d84aba9244b7f110,南菱汽车城,南菱汽车城,1,1,1
d5d779e01467c464ad4ee4e959ce1ab3,花都理工职业学校,花都理工职业学校,1,1,1
ab634a1a9303f5b9245839ea9c49f871,长岗,长岗#2,1,1,1
9ea4fc43217d0ea0ee11b2ce5095a306,南昌里,南昌里,1,1,1
2dca7253b5c0d190531a74c8e7b4e79f,花卉世界,花卉世界#2,1,1,1
7edaee33f438f7ff90b187d5da77bef2,何家庄,何家庄,1,1,1
56d2d5c38084440045c96aba78c162cd,华严寺,华严寺,1,1,1
f7a5240195c2e89ea18b9c7223fdfbc1,旗岭,旗岭#2,1,1,1
b7bea95d846d33b4137008b583821893,旗岭市场,旗岭市场,1,1,1
2bd15b7e1d90a1c102795a39ee41c985,东福百货广场,东福百货广场,1,1,1
e8b414ffc40a3023345c7a37e143dad4,旗新村,旗新村,1,1,1
cc210ad0c9cced84f34e2461639fa9ff,新扬村,新扬村,1,1,1
4a0adf8753604bfe77e4d627f3aa0c71,南山经济社,南山经济社,1,1,1
16e07543ebea214035de7d4e47933255,合境,合境,1,1,1
66056c2fcd5826296a34e0c3d2ca96b9,益群村（金狮大道）,益群村(金狮大道),1,1,1
00c68b68aaf2cde31c39515fbfa1613b,南塘经济社,南塘经济社,1,1,1
4663d6c4519c03e9426599e170dff5c3,金狮大道中,金狮大道中,1,1,1
d6064a2b860d81bc0f8a5a073fc66f68,宝峰路口,宝峰路口,1,1,1
d8e77c0ac20ea54bacdf4835d7b7aaae,阳光路口（金狮大道）,阳光路口(金狮大道),1,1,1
cea5a6edbfaac7b266c468acfe4359a7,振兴村,振兴村,1,1,1
6254c543ed9584ed1fe7c6bb37507df7,永兴市场,永兴市场,1,1,1
cb5ffe362ca018c3c04f4b154f55b8bc,盘古中路,盘古中路,1,1,1
49bccd9319f7e784cd36b7fe3b1be453,龙泉路,龙泉路,1,1,1
bf1668966e045e88d54f194bd508c670,狮岭利和路,狮岭利和路,1,1,1
a94d30b9ed59d2f710d71ff839701925,广清城际狮岭站,广清城际狮岭,1,1,1
69b988d5e932129973b5ebc4a32539fa,炭步市场,炭步市场,1,1,1
b9904a487205a7b61d0078d1c4fe7dde,华文航空学校,华文航空学校,1,1,1
53b7850d1d25fbb7947d4f76c642864e,大坳村路口,大坳村路口,1,1,1
560d72d8b9298cf3fbc214b2219a4e1f,颐和盛世总站,颐和盛世总,1,1,1
ad6459cdeaa8770ec5d1e4d3175ac6a0,夏西工业区南站,夏西工业区南,1,1,1
1ab54d40e9f3c7dc4e8f64ee7e829fdc,夏西工业区北站,夏西工业区北,1,1,1
d8df0de1627efa7e6c451d2bd0614a9c,南水路西,南水路西,1,1,1
124eaba122403f2efe8191bd2620dc2a,和桂中路,和桂中路,1,1,1
02cb0b5b6be02de9be8c21a604388dcf,和桂工业园路口,和桂工业园路口,1,1,1
a98392b417e1ae50727cfc903c1cec05,石塘村委,石塘村委,1,1,1
c156dd5c64e588686517bdb46f8f1c81,桃坑,桃坑,1,1,1
9851df4bf5bbcc03f72e1ad660017340,桃北村口,桃北村口,1,1,1
ac17d9443f3bd17391512c1f3f713a9a,环山村,环山村,1,1,1
a3436581eead2e9207c369954602ed06,环山新村,环山新村,1,1,1
ee63ab5a6a6446be45e96e6b37479ecf,茶塘村,茶塘村,1,1,1
81b7592f3d926e02b4102b8f939396df,炭步二中,炭步二中,1,1,1
efc50a344bc24c78d841bc857474e320,石湖路口,石湖路口,1,1,1
0033cca292b66bf3c1a42c097d17ad9e,车城大道中,车城大道中,1,1,1
9ad8ae21516c6d9f2d235b5c2746e398,旗美村,旗美村,1,1,1
6129dbd0a3c357d84b8dfc7fc48950b3,草罗村,草罗村,1,1,1
62fa6550ffe9b7acd656eee12c7cf0b6,瑞边村路口,瑞边村路口,1,1,1
97c2de4886c527f5fbea5e7157273d9c,山清水秀花园,山清水秀花园,1,1,1
d5f763734c37187a1505b174c8aaa612,桃花岭路口,桃花岭路口,1,1,1
2c3ae82bf000e7a855de34b17483de8b,芙滨路西,芙滨路西,1,1,1
c0640cd673ff5e51e236b6e2f3c430bb,花都120指挥中心,花都120指挥中心,1,1,1
4b16554b59fc3ad029830382cf6b4335,百寿南路,百寿南路,1,1,1
78584439cf770c8256621aa7295c0d86,凯旋国际,凯旋国际,1,1,1
a57186f9800cacab9a93f52b68720721,三东小学,三东小学,1,1,1
b4f80690b3f6b0748455ccdc2badd973,黄冈小学,黄冈小学,1,1,1
c6eb9e6364cec88cda1b3c06a5eb1a2e,人民医院新院,人民医院新院,1,1,1
542fc1b5af52b54ddf16b23ed857da4b,长岗中学,长岗中学,1,1,1
4e3a910f379ae67091a55549ca26165d,花都大道西,花都大道西,1,1,1
f04553ee40afacbfc378b92dd386da4c,大弄庄,大弄庄,1,1,1
5fe59c0a189adb5898d34583949a8614,祥凤,祥凤,1,1,1
b8b60291e2acb7ac4f29ca5b279b0918,草弄庄,草弄庄,1,1,1
0266d2de30050abc05698d634edb769d,合成东路,合成东路,1,1,1
cb08b84b7570e0a5675495b25fe163f6,合和路,合和路,1,1,1
d67972b9669f8d4b7a2e94ba92d5c629,雄狮东路,雄狮东路,1,1,1
c61a4d03f02eaee8c87df185c7065793,狮峰中学,狮峰中学,1,1,1
2484a3bdd17d82a8888e02f2f35b8daa,振兴小学,振兴小学,1,1,1
edf96ffefcd1cdec32af1ae582808dd1,盘古北路,盘古北路,1,1,1
5c5565aa880c516311b4b45667e62dd4,盘古王公园总站,盘古王公园总,1,1,1
1626ce38771010283787f2ab52b68556,合成西路,合成西路,1,1,1
5a81891edaf64d960f5d9d73386ca33e,三东村,三东村,1,1,1
844c6fb592038a3b7e0099d371439f40,岭西路口,岭西路口,1,1,1
a98fb9329885d64f13c6f8f66b768177,广东培正学院,广东培正学院,1,1,1
b8d4fb4e17540b94aa21b01df1d1bbbc,乌石村（新赤公路）,乌石村#4,1,1,1
c73ae83ab5986db720bec8b0daad11cf,爱民路口,爱民路口,1,1,1
c277c022f73804f5e79d81a95b5aa032,美国工业区,美国工业区,1,1,1
f8be9fe0bca47fd7093f6e57e0561dbe,云峰路口,云峰路口,1,1,1
b1e5b998e62c37937ba2e2123a4a7234,龙珠中路,龙珠中路,1,1,1
c3e3c82b1fd8e95bc95cbd49bde2b857,茶园市场,茶园市场,1,1,1
dd37704b8780f15e022b74f86109658e,紫薇路,紫薇路,1,1,1
a30264e03e0a9cdd406dc09122d560a7,饮食风情街总站,饮食风情街,1,1,1
35763a5ce4bc9afdb9270b9674024428,大运公寓,大运公寓,1,1,1
0717aa7606946032dfeb6cf575ea1493,大运公司,大运公司,1,1,1
29636e3aa3be017962ea2e002f085e2b,秀雅学校,秀雅学校,1,1,1
f0090a94e6d97ee537566283015e4e16,乐同村,乐同村,1,1,1
f850b738e14ffc6add753090013c0196,荔红中路,荔红中路#2,1,1,1
e2451b0356a8725cd8d8bcb86192cbf5,荔红路口,荔红路口,1,1,1
1f9a5f1b1243230d4183b5a64fc683f4,雅宝新城,雅宝新城,1,1,1
13e2a20358009720a15f5d655527f577,天贵雅苑,天贵雅苑,1,1,1
d9e25e013456cc5e3098e5c82cc73bc7,华师附中（花都校区）,华师附中#1,1,1,1
7efe029ee09cc724d02c0704e9e64cf7,杜鹃二街,杜鹃二街,1,1,1
965554da5ee0317c7196b4d79d01b671,团结小学,团结小学,1,1,1
16d62b91fd417e75dd8af691e01ce4b2,曙光路北,曙光路北,1,1,1
c365ca3ebba5239a52c8f4810dd5b579,梅花居委,梅花居委,1,1,1
fa439c30409ee7fcad7fbe2433ec4742,豪景苑,豪景苑,1,1,1
4c6bf149e563e71fa71e88f91f73bf0b,大华社区中心,大华社区中心,1,1,1
a2bc697758837b17c503f8a755930b29,税务新村,税务新村,1,1,1
0ed9e7807812e8b0ce1f56ed8824206e,华海工业区,华海工业区,1,1,1
97f9f144a4f73f3d11b3710f44234027,资政大夫祠,资政大夫祠,1,1,1
807be7d844a26590395431dd63317188,农机汽车城,农机汽车城,1,1,1
03a43b51ca8148985a9da576d42a0c6d,嘉逸华庭,嘉逸华庭,1,1,1
b1608e68af0cae5049897c72349b9b84,东方村总站,东方村总,1,1,1
cf93fd17bbf5a8a192ffe2210e68d785,华辉路东,华辉路东,1,1,1
c4bdb9fc7a8e77e74441c69a6a8145de,启源大道西,启源大道西,1,1,1
ca139d3a0543ff8a5a65031b17f918d6,启源大道中,启源大道中,1,1,1
b1b94a280d4d48a03c7479e3e9c61233,花东中学路口,花东中学路口,1,1,1
49e3f1cab977e12e501e87be5baa1476,利农村委,利农村委,1,1,1
21cab60a438031327c8c5200971d43b9,联安村委,联安村委,1,1,1
27cc4765785a7812b9fb66718f8719c8,珠湖村,珠湖村,1,1,1
30f05f8111b689a9740c0707f9b44673,阳升路口,阳升路口,1,1,1
5a3eabd3aee8ac1d2b0e35f49d4df36e,阳升村,阳升村总,1,1,1
61b323c79f398e19a69a18dd69652ba9,城东停车场总站,城东停车场总,1,1,1
ca5c0efe982afa99a2db20fd4d444c3d,培新中学,培新中学,1,1,1
00c7dcd179a42eabff2b646702315042,红珠路口,红珠路口,1,1,1
8f01d3186f679ca16f29f27b4297f465,横潭牌坊,横潭牌坊,1,1,1
82ef1df8f23d5cc04606ed2baeed2051,横潭路口,横潭路口,1,1,1
811e84c1769839fa8d82634aa03304a1,花都区人民医院,花都区人民医院,1,1,1
71960d6d4802e1bf94792b241b64a6ce,胡忠产科医院,胡忠产科医院,1,1,1
4f06b69d814963033ffef783c7ee6ec6,中建映花悦府,中建映花悦府,1,1,1
d25d94ae40ccf9cbe758178133f07a1b,岐山村口站,岐山村口,1,1,1
1e91cf90e8958fd43bdefb7338748e5c,岭东中路,岭东中路,1,1,1
bf4cc653b4d88f80dda91806fb1a0047,岐山环村南街,岐山环村南街,1,1,1
4932e833db97d2305cae58289db7bac9,岐山村市场,岐山村市场,1,1,1
f995968d062be11a005e5ec1d50ab1d9,马溪村,马溪村,1,1,1
349309960a45fa96d790f1e7a140a6fa,岐山村口,岐山村口,1,1,1
2b3c8f55cb6d25f30a8bdcf330c03859,城际花都站,城际花都,1,1,1
22a00270007c8c4e83b5f496bb2f484f,实验中学,实验中学,1,1,1
eabfd77575346e47b53100f4780ea19c,万科城总站,万科城,1,1,1
f215148acfc40ff3b1a9de9c807a4df0,嘉美小镇,嘉美小镇,1,1,1
25367e0a0eadff1981190c6737fe995a,美林湖仓库,美林湖仓库,1,1,1
60cc025b96e3bbb30ceb8b4903146236,摩天轮,摩天轮,1,1,1
832634cad0c8ecb82251e7d9bbd5673e,纳帕溪谷,纳帕溪谷,1,1,1
6c353772984c2685f63e781a3e34fb32,果岭18站,果岭,1,1,1
e338a09d2b414c1c30989f26f96e19b2,酒店商业街,酒店商业街,1,1,1
279b968a93911d89ae28aab6ca2d8871,世农茂生鲜市场,世农茂生鲜市场,1,1,1
1b310d8f8bc09d30f19d39ee264200ec,故乡里,故乡里,1,1,1
e40b1ca049793416858bd4232084427d,假日半岛幼儿园,假日半岛幼儿园,1,1,1
570a248269c141ac0f277f521ce8a0c5,新桥头,新桥头,1,1,1
864ba1ce0f1d32812a356791ccfd8a51,民航学院路口,民航学院路口,1,1,1
9ff64289026fb83000ebefa6a148375c,毕村西桥,毕村西桥,1,1,1
b4ab61d51a382a4787b8367194ce0582,碧桂园路口,碧桂园路口,1,1,1
9205e856d734d7e51d11a014bd9ef1c2,文一,文一,1,1,1
f649128b5f05a7f174030d02d41a660d,唐美村,唐美村,1,1,1
10134ccbbdb0ed097067809c493d75bf,骆村市场,骆村市场,1,1,1
bebbb0bc06b6691b539f36a09de25a95,骆村,骆村,1,1,1
46efefc81d46e80e5ea9ee0a76839af9,讴村,讴村,1,1,1
6c65cea419b140b02cab91fa740c1306,藏书院村,藏书院村,1,1,1
b65cb60198ab3ccc02e3732bedf77cde,信达珺悦蓝庭,信达珺悦蓝庭,1,1,1
c4e6e9548bd6a0175e1bb473b8af62b8,步云村,步云村,1,1,1
6a4c23eae0f60808adbbbc25fb36c7b7,江夏村安置区站,江夏村安置区,1,1,1
d3b2b872a9aa8567dfc95e5ed16c6715,炭步交管所,炭步交管所,1,1,1
042e749a90624ff9698e5b8d0e8376ca,炭步大桥南,炭步大桥南,1,1,1
90a184d8a45427c1e661fc899579a873,炭步大桥北,炭步大桥北,1,1,1
98df542396840787a27e1980725e13bd,飞达音响厂,飞达音响厂,1,1,1
34294ef212b0a691d1bbea9f741b3cb8,民主村,民主村,1,1,1
f29226e5a93547e3e36d4b6e308a2838,毕村站,毕村,1,1,1
8350d73a921f52bfb620ee710c165b6b,站前路公交总站,站前路公交总,1,1,1
37c6378e46b635f47f367f53f3c5fd01,御华园,御华园,1,1,1
d092096ae36c325dfaee232094123050,旗岭医院,旗岭医院,1,1,1
6309656c8a7b61a7409a5fe5e2da542f,高新技术学校路口,高新技术学校路口,1,1,1
13a8d287ccebb64a1981426a62ea99dd,新庄村,新庄村#2,1,1,1
2b22b87f0e82f31e62565e444c0be6d7,经济贸易职业学校,经济贸易职业学校,1,1,1
a32580bdd5ffc7211951fa9b272bc5da,瑞边村,瑞边村,1,1,1
7ee039cf8ab7059bb98d6efe62ef0fcc,芙蓉花园,芙蓉花园,1,1,1
b22233f0d136b7bd54df4f3392c0ffdf,芙蓉东门,芙蓉东门,1,1,1
cf9b1add6ad527328348941f514f0990,芙滨中路,芙滨中路,1,1,1
1d1e801764e596b9f18330b035c04ded,芙蓉度假村,芙蓉度假村,1,1,1
69f0b8447d5db0053cfe30689f7fc0a3,交通驾培中心,交通驾培中心,1,1,1
f903f535b5f1491de8c01a0e4e8f291a,兴仁汽车总站,兴仁汽车,1,1,1
33b7f1b3b3991cec7cfb4f5e293c3e37,国泰,国泰,1,1,1
afbf62877dc5bfeeca2dba66e98a1e0f,缠岗牌坊,缠岗牌坊,1,1,1
f16da086f11efc78e009fc9f88189f72,木广塘,木广塘,1,1,1
c26f698dba4950c2ad6ceaddfeca2958,缠岗,缠岗,1,1,1
c880984c22c46531d4fa2cb58f98bed9,白石,白石#2,1,1,1
e4831911f67c30130f7e271493cbb104,连珠,连珠,1,1,1
62f50e29ccfa76fe7784b502c0fd7671,三坑水库,三坑水库,1,1,1
051163b28d8012b84d1bf2cd22df3769,瑞岭村委,瑞岭村委,1,1,1
ddd1a2c13b4177a1b93dd6912517b737,瑞岭华南小学,瑞岭华南小学,1,1,1
071a47baf13b74d2e717e164c5f05de9,瑞岭大新,瑞岭大新,1,1,1
15a6aa177f28005288ea178d4d1b95aa,蓝珠一社,蓝珠一社,1,1,1
a2332a0b49901e1e3677e7c13d1f26f4,蓝珠二社,蓝珠二社,1,1,1
fdc6fded5f4a728fc15c43152b258548,心和村,心和村,1,1,1
c38c2ddabdc14205a34f00f38c14f48a,古树大道南,古树大道南,1,1,1
6d389653aea86ea9da51191642b222da,剑岭,剑岭#1,1,1,1
653984aecf0c4fb291f9a1c6971297d8,飞旋公司,飞旋公司,1,1,1
0a39828d93dfc2e07b899b994af436cd,轮胎厂,轮胎厂,1,1,1
1d6ea33f194deded1894a9563653c52c,将军潭,将军潭,1,1,1
26c1db7014f8402ef737d273282915f7,清塘地铁站,清塘地铁,1,1,1
647e942cef58e1fde517beb2236a1251,黄冈中学,黄冈中学,1,1,1
488ae3eaeb237f0e843185f5d4a4c05d,国光厂南门,国光厂南门,1,1,1
ba7007e1e641a80c10fabe1877936fc0,国光厂西门,国光厂西门,1,1,1
67926d9c458ccacc82dbf3320a485ef3,邝家庄东,邝家庄东,1,1,1
ff44d0c8c3e491931588ac31d49cfb93,祈福生活无限,祈福生活无限,1,1,1
665eb33dc84a6ace09a3031398bea1cf,颐养院,颐养院#2,1,1,1
dde7e9edc739afb2045697d90947d98e,九潭南路,九潭南路,1,1,1
f796a42b7dcf28acdb28f11505d5a4af,瑞云路,瑞云路,1,1,1
0fc21c9189a586a22debae0a6f05e6c0,荔红路总站,荔红路总,1,1,1
c7d30aa6884d797245d446edf857d4aa,雅瑶环卫站,雅瑶环卫,1,1,1
e86d4b47147e5e68417a0f1ef01cedd2,超邦化工厂,超邦化工厂,1,1,1
a3ea3a3aadce42524a45af1e512d82b4,郭塘加油站,郭塘加油,1,1,1
bec07f927b436bb9aab30d9633daaa1b,公益市场,公益市场,1,1,1
36fde0c193c902e07597824ff08fc0b2,圆玄中学,圆玄中学,1,1,1
d0f187bc3b33be740e34c8798eb49441,石岗村,石岗村#2,1,1,1
d0abd563b0997f85351797c7910e1757,义山村委总站,义山村委总,1,1,1
fca8ee6968abcd46fd3c3f6d65e87515,冯村中学,冯村中学,1,1,1
e38c6b5ddc3bf4705e397cb3c4d89e54,军田,军田,1,1,1
cbfc308191d061a88b840ab962bb6bd3,雄狮西路,雄狮西路,1,1,1
411609c40ccacd7d1d40609cc59c8f0f,雄狮中路,雄狮中路,1,1,1
b015e5dc3912be900a603d09e1e30e69,迳口村,迳口村,1,1,1
9c23fe9be467bac15bdaa95155964357,拥军路口,拥军路口,1,1,1
f7870f306a6eeb9c26f441751ce5fb6c,官禄布村,官禄布村,1,1,1
087df9c4dd2e4c2c4e429062f9493fee,新华工业区②,新华工业区,1,1,1
33f3cd1220a7d699b1fda95109623328,冯村市场,冯村市场,1,1,1
24d76f8b716ba0c10ea8a825fadc3075,冯村村委,冯村村委#2,1,1,1
f4f3595fe027e78682a2e193a2c38379,马岭村委,马岭村委,1,1,1
44fd1d45935bce96c69027a87fd10787,联星村总站,联星村,1,1,1
f4bd9268cdf806a6cedf9d50a92e4d46,珊瑚,珊瑚,1,1,1
4a4d51a5510f626a864dcbc767e9365e,珊瑚里村,珊瑚里村,1,1,1
99d03e178d89f2b44a059c39c4038bba,罗屋村,罗屋村,1,1,1
a63adb4d87cfe8c48c62f482f944e143,西边,西边,1,1,1
22cba0b7141fd51d30dde6fb7566ef1e,东升,东升,1,1,1
a5608c4d23bc7e836178c1a20e53f93a,白坭小学,白坭小学,1,1,1
22d1b1b7860f7e11d434a0e9f5c0d9f7,白坭,白坭,1,1,1
77cede1d6081f707143580924f1c80b1,黄沙塘,黄沙塘,1,1,1
17152d5ad1a61da249fb7975cde58103,两龙卫生站,两龙卫生,1,1,1
8035c4ea87de3208f2653a48865882d9,花山医院,花山医院(106国道),1,1,1
8f223723c0c7032806fea6343ea70269,华侨工业园,华侨工业园,1,1,1
e1ee8525b23b202036d4fb40b3157d66,南村（花山）,南村#4,1,1,1
15619c608a4fbb1219f4aefdb491521d,花城,花城,1,1,1
6259c80f09146c78ebc34834cad6b1ca,花山城西村,花山城西村,1,1,1
041d2706dec3d5505a0b089d9b09093f,源和村,源和村,1,1,1
a4afb53bfd59b9d5d2ecdf3b9b13f0c1,源和村西,源和村西,1,1,1
adb855c14af4d68158e1ab68e5c9a647,集贤村,集贤村,1,1,1
363d3c16d026d949a46aa5925e66da62,热橙花园,热橙花园,1,1,1
ba4afaf8306b1db4994cbd0d73f964cd,花山中学,花山中学,1,1,1
af82d824371018ee86aa6b0c3d2e7249,铁山村,铁山村,1,1,1
3bfdb3a7a0056546f3c307a48c6424e3,香草世界,香草世界,1,1,1
a6d34847f36f302ca99cb5592ea84c33,五星村,五星村#2,1,1,1
e2e2279bb337dd36ef66fa4c6f660472,圣丰混凝土公司,圣丰混凝土公司,1,1,1
08cef4812603431a5ac07b2d5445c0e9,芙蓉大道路口,芙蓉大道路口,1,1,1
dda54e361c8693a7a885091d536524bb,新民九队,新民九队,1,1,1
adeb0cc9c61de780b38f6f58c1566770,看守所,看守所,1,1,1
3729bd656552c1d1b99be843bc2955b9,狮岭龙头市场,狮岭龙头市场,1,1,1
a04d460555c7daef4150ed3354e073a5,榴花中学,榴花中学,1,1,1
2aa5e4739f81fe4e62fb830362e03507,四联路口,四联路口,1,1,1
869504977471f1562f310a95ec6ad998,水口营,水口营,1,1,1
1352f9de2015a1cc323eb6b644882c89,港头,港头,1,1,1
86192c8247d33b3bb624b4e40f6358b9,吉星村,吉星村,1,1,1
d24dd1a0a2c224f6049e60b4383ef59b,金谷路口,金谷路口,1,1,1
86127b091d909f79124507cc11bf19d9,花山第二工业区,花山第二工业区,1,1,1
7093e4c4f4a6938be8b904febb8b7ff4,莲塘村,莲塘村#4,1,1,1
e9568e8ec60811e84df580a31db13634,莲塘市场,莲塘市场,1,1,1
461cdac43adae9510b086fd74e4ab27a,宝田加油站,宝田加油,1,1,1
de46a333c8615e77ae60d65d768f38b9,金联市场,金联市场,1,1,1
cfa218a468055bf890b60564d336de36,新华中学,新华中学,1,1,1
a122e933156df9b2602eeac46c18a852,横潭市场,横潭市场,1,1,1
9d7aeb12f5f6709781a23edb34262d0e,长大公司,长大公司,1,1,1
560e154dfc56484cd5fe9971d58c1943,九龙湖,九龙湖,1,1,1
bd56aeeae371f1dbd51d0adafaf39b1b,西塘村,西塘村,1,1,1
c927393c3ff588b558559c143ff252b6,七星七队,七星七队,1,1,1
52e3c27c1b934544ef0b60010809a3e0,七星六队,七星六队,1,1,1
fc210b2c5928eb426d0cf4905538d20b,七星北路路口,七星北路路口,1,1,1
feaea386e0c018b9483b914bc6c7c3e6,七星小学,七星小学,1,1,1
a6932545a268356a9225d3b2ca939559,竹湖村,竹湖村,1,1,1
cdf2055fed880b89399a526fd6f977c6,塘星村,塘星村,1,1,1
dbdbcd0e465f35e2b8dc3b7fe35d1bb1,秀塘村委,秀塘村委,1,1,1
297d910e465f035deb07c1968324f829,秀塘五队,秀塘五队,1,1,1
9a4b65ee46a7daba367dc3f1e1697b25,象山村,象山村,1,1,1
80d94b92582bb5b02021ea1e227a2a6d,花都大道东,花都大道东,1,1,1
f3e33affa568d1accac4a9e9bdd322a5,平西村安置区,平西村安置区,1,1,1
51b631aa4e729b572d5d8fb8e8f5cc02,平西村,平西村,1,1,1
b768218de81333cac3e836ae0969a050,钻石花园,钻石花园,1,1,1
55d3a048dd6148099dbebd883a4c2465,融创文旅城,融创文旅城,1,1,1
3d90dc1f239ebcaaf0d5868cb36721ea,凤华路,凤华路,1,1,1
bc6f5dc8f9075864b7de77bc400fd038,花城北路,花城北路,1,1,1
1a62c03d9b581c7904aa5e14dffebd30,金菊花园,金菊花园,1,1,1
24d471311765572a72437bd2feca2c3f,天贵路北,天贵路北,1,1,1
156c188b5e2b516abf0dbad5d8a3a391,长岗路口,长岗路口,1,1,1
deb4751fd9784f276352b5b934ab8eb9,育才路何家庄,育才路何家庄,1,1,1
6af919b61d0cc037cc88275bc5025914,和郁同心路口,和郁同心路口,1,1,1
5416713a38db22ea46768b39e25206b7,新扬市场,新扬市场,1,1,1
9f440874459a74bf8000b5a1cb251497,合境村,合境村,1,1,1
91b41ccf28dcc114dade61aa9537b75d,义兴经济社,义兴经济社,1,1,1
b1376fd94141f95440fcef99c1e88f05,奇才新村,奇才新村,1,1,1
f99b5d81778f26fdd502afd67848cfb5,南航碧路口,南航碧路口,1,1,1
03ddc80aa476a14159ab31794aa6452a,金碧御水山庄总站,金碧御水山庄总,1,1,1
b17c7f887e588e8f18e2320fae907e5d,新田村,新田村#2,1,1,1
a2dc3f45f94ef48acedb8d693dc82e42,历一经济社,历一经济社,1,1,1
fdbd0a1a0569939aaf3497e14dfb8a1a,八坜布经济社,八坜布经济社,1,1,1
63fe696dc22f568ef1d2df1294e686b2,银锣湾广场,银锣湾广场,1,1,1
a97a858685832574964b40041e7c155f,冯村,冯村#2,1,1,1
3d9e86464f5afbfcaf1bdd4a0799a28f,黎村,黎村,1,1,1
a00bba4d7571564fbe39f22b7e8fcc26,皇母,皇母,1,1,1
34a5d61374edda5c7eff366972ce5040,玻璃厂,玻璃厂,1,1,1
0bf0c39e6182b85fa217eb12ee4ecbdb,新华影院,新华影院,1,1,1
fcc024da40edf552071576495f84d1a2,中医院（福宁路）,中医院(福宁路),1,1,1
b869eb232cebf20a263a46f434030486,火车站（福宁路）,火车站(福宁路),1,1,1
d016b9836ccc997716eba830d9cf6b35,融创乐园,融创乐园,1,1,1
3694c94d0fdecd90b8020ba9faca62fb,罗仙村安置区,罗仙村安置区,1,1,1
1ea417268cab755f8a3e1ec997863c4b,平西村总站,平西村,1,1,1
13a60bb4d5d7813bb122e90194c24a97,莲山中路,莲山中路,1,1,1
4e6bc77829ba8fed59110ea31c534914,东镜村总站,东镜村总,1,1,1
3bd2e030d8a892aeb0c0ca2b610b55b7,西头高速路口,西头高速路口,1,1,1
b27feee87aef7c941354beb8cee0bf4c,西头村,西头村,1,1,1
2166eaaf8cb6585b16ee074178b222fc,电力机车站,电力机车,1,1,1
10dc8bc46c87875ffe87bf827f4f2a39,马岭路口,马岭路口#2,1,1,1
ab85521038ee2de51f2630d71e419116,石坑,石坑,1,1,1
f7e827445c871d81f3d8643cb43254ea,田心,田心#3,1,1,1
4511d27b742a316d465a3731a2181649,佳仕达工业园总站,佳仕达工业园总,1,1,1
bdf1fe1eecb02890debd8e0f3d34fd0e,兵种训练营,兵种训练营,1,1,1
56982062690024701aa08cd4c3e82521,九塘社,九塘社,1,1,1
18a710e9fa50b4be5ccfaabea1f6695f,风神六号门口,风神六号门口,1,1,1
b2e492f9d7002306a370ea85c8719052,杨屋新村,杨屋新村,1,1,1
270bb4660e5d9accf08b48c50e656901,曙光路,曙光路,1,1,1
0dff1ba7f036c7b134fa277715f8003e,城东停车场（花都湖）,城东停车场(花都湖),1,1,1
04437f9368a8f27d55352aef83881ee9,元洲,元洲,1,1,1
3919e167ec73da1ba1025271525ff45a,槎滘深联纸厂,槎滘深联纸厂,1,1,1
60c6d795ebe74e6d6e1f434ae967f85e,槎滘,槎滘,1,1,1
631aa8a7ae018b046a618a3e252b1d51,东向路口,东向路口,1,1,1
7af020b4b4c977c020cf1748c54b689c,中堂医院,中堂医院,1,1,1
6a903540fb5ee0671f580405a9321bd5,万和商场,万和商场,1,1,1
b200cf1fa23c60ee226b08c0a6e96042,中堂市场,中堂市场,1,1,1
8e4d0f1f0d157a9fbc848797ec4fe69d,中堂中学,中堂中学,1,1,1
9b63dff0ee8dc02857dab3871bca935e,江南桥,江南桥,1,1,1
e633c839bd4d5a280d1621e266804d0c,江南村路口,江南村路口,1,1,1
ae357efd253b84dfc5241c9f9f1d2283,新塘白江地铁站,新塘白江地铁,1,1,1
7f5a5a28fdbef09fe6a54c911f1b0eb5,市民服务中心,市民服务中心,1,1,1
9216be142d2cd9138d1be5111094b6d8,鸿福商业中心,鸿福商业中心,1,1,1
a74527a241459655967f72542c080ec4,体育路口,体育路口,1,1,1
72fed8ff3cf1063d02295a5e96852059,智通人才市场（莞城医院）,智通人才市场,1,1,1
a8e7ea8cd9c41e566167d0ab33092091,可园,可园,1,1,1
691096641936420a8ef702537bb2d035,万江桥,万江桥,1,1,1
8db6f0a7c13d482e63c40f6e278ac7c9,万江医院（石美枢纽）,万江医院,1,1,1
a2931ace0a3d367ad3a50db819282039,拔蛟窝,拔蛟窝,1,1,1
51a360c5790b15973b5a200ea020ebe4,谷涌南,谷涌南,1,1,1
a5422344ee24f6d196920fec3463e9fc,望牛墩路口,望牛墩路口,1,1,1
054da19f94d25a1a76baebc3f5cd0c33,潢涌路口,潢涌路口,1,1,1
c80caca0cca5362866dddfa911dfaa8c,新塘太阳城,新塘太阳城,1,1,1
6924e0e87f5528f1792c655726a54377,五星路口,五星路口,1,1,1
dacfa855c53eeb98d9097fb0e3f7e45b,志高工业园,志高工业园,1,1,1
9023e60f836a133157ccbb57f9c4185f,志高钣金,志高钣金,1,1,1
8c124dc1c768efdb28f12eea773ee198,志高总装,志高总装,1,1,1
6b4fd7f8439b369e985d3cf2a6f76b62,河塱沙中庄,河塱沙中庄,1,1,1
91da3b9086c0e4a71a21c0290acfe346,中企绿色总部,中企绿色总部,1,1,1
98a15b40a012f890a068924ec55e0b9e,新材料C区,新材料C区,1,1,1
24e20ecbfef8d2c19292d6638f59ee64,十里尚堤西苑,十里尚堤西苑,1,1,1
7798a30d4f7a570e8b801baecc054098,同声小学正门,同声小学正门,1,1,1
9d2221add07f12cc5472314df75f6946,广物汽车城,广物汽车城,1,1,1
2f5b8ec97f30c7155ce07794a4ea8634,广州雅居乐总站,广州雅居乐总,1,1,1
b32afc5ae6007e623983e0064f3c2143,上水（广州老人院）,上水(广州老人院),1,1,1
67c720f6b9dd690baa89ac0fcd00da77,丰穗农业生态园,丰穗农业生态园,1,1,1
8ecabf7954df5598e4b0c87e834c9e5b,天湖峰境,天湖峰境,1,1,1
f412c6504c30793a48940a42c67bf9f2,望顶村北,望顶村北,1,1,1
d6d364f7fd7f58f6e45336c34eba7695,望顶村南,望顶村南,1,1,1
c4de2bc55ab4e6cc8ac77a49c7e1f478,大龙村路口,大龙村路口,1,1,1
c42dcbabf64631d0c233762f6ba61435,北兴中学,北兴中学,1,1,1
bae4bf7996892d779f2b7c35e3bd461f,北兴中心小学,北兴中心小学,1,1,1
4b1de4afd8ac80f36e51bea6be1a033a,天湖峰境,天湖峰境,1,1,1
6dbaa7d4e035f2f5f89275bd6eb61aa7,地铁官洲站,地铁官洲,1,1,1
8cc03b7626f57e808df799e461dd1609,德贤路（时代雅苑）,德贤路(时代雅苑),1,1,1
9f24cebb43183d60d23aec4569939053,汇盛路（健康方舟）,汇盛路,1,1,1
5f883d3d0acda3913d5b4c1d27140ece,东沙（健康港）总站,东沙#1,1,1,1
2dac8c1912163e5b182529b2390a967b,草庄村总站,草庄村总,1,1,1
f42888638dd1b9eff8717bad15971a7d,草庄南路,草庄南路,1,1,1
c7ef68d127cfee3155e2d952f391978e,细沥村,细沥村#1,1,1,1
7f5eb25cfd3869e042af79c96b021e2f,沙亭广兴路,沙亭广兴路,1,1,1
5ef66d9805ddd833b381502e41f2c4c6,大罗村（省女子监狱）总站,大罗村总#1,1,1,1
f58f5b3645ee5db6279521aa98a05b55,育才东路,育才东路,1,1,1
65027d5424237147d55763b38db01e8d,市政大学,市政大学,1,1,1
cc95a81e92e49d1627271d7637b9b0a2,江滨皮革厂,江滨皮革厂,1,1,1
f2e74b0294f8867fb74db64bfd5acb88,花都音像厂,花都音像厂,1,1,1
d673c297117112b1f779e64b2ad5424e,花都一中,花都一中,1,1,1
bfb521abd73569b6cf761001c1ab1b21,花山中学,花山中学,1,1,1
ca21a62b4f16d5003055e1e4a4a41a06,广大附中南沙实验学校,广大附中南沙实验学校,1,1,1
1c1d882375796acae9cf2acef81bd581,南沙体育馆,南沙体育馆,1,1,1
292b56eb27fb6e4488d464cbe2466178,黄阁南路,黄阁南路,1,1,1
ca3fec6a083ab289e76b0ea119353c5e,南沙中心医院西门,南沙中心医院西门,1,1,1
3b1c2b70c3cf6b5c83a5b6018e98c8f3,庙南高速路口站,庙南高速路口,1,1,1
ae77ca857213db2c578a1b629b85b766,地铁沥滘站总站,地铁沥滘站总,1,1,1
1274db6e18dc7fb4e7400da7e2681ddf,凤晴苑总站,凤晴苑总,1,1,1
d99e27914a35df3c22d10664b7101cc6,润江南路总站,润江南路总,1,1,1
7ee4062a1415239d690e26479a2d2e36,润江南路中,润江南路中,1,1,1
e2968346241f7f1d296ae67c6d4a9540,大干围,大干围#2,1,1,1
f7f5706531d5cca7ebbcbccf918daa4e,崇文四路,崇文四路,1,1,1
b5c9e892a4cd22ecca4fe28b85b73da3,广钢新城（荔勤南路）总站,广钢新城(荔勤南路)总,1,1,1
c35fffe1c47c8828e21b457d212bc96a,建设大道,建设大道,1,1,1
ade95db7c5ea68777f788f07fa51357e,河沙中路西,河沙中路西,1,1,1
78a252fef18d6f2c6b7dcb467fb1b0df,雁塔大桥东,雁塔大桥东,1,1,1
552e33f587a397ad175eb5a56be4a9ba,邮轮母港公交总站,邮轮母港公交总,1,1,1
f9bd188bc6b8041bfa3b9a96c5836f1a,十四涌水产市场,十四涌水产市场,1,1,1
af9fc6b1e72ee59ada5c1e9caee3b2b9,大湾区文体中心（灵新大道）,大湾区文体中心（灵新大道）,1,1,1
52869874a15d1b37683b5216eaaad4c9,广州空港实验中学正门,广州空港实验中学正门,1,1,1
22fd08f7d90e765795653a291f47370d,南阳庄,南阳庄,1,1,1
051a6f13f805cdc6cb8ea13593f2be44,两龙南街,两龙南街,1,1,1
1faaca06a865de2f13aa6332fd8a19f8,两龙总站,两龙总,1,1,1
6f03e639fcd0a4a67ea905ba128cbfb0,启德路,启德路,1,1,1
f738a0d93c441edd1e03a315905419c7,人民公园南门,人民公园南门,1,1,1
85ff91af7eb8e965f26a9e7a499fac2a,同和路（蓝山花园）总站,同和路总,1,1,1
9cd4fb4728c6c79626acd38916a4882f,大埔东街,大埔东街,1,1,1
558f9b53bf4ace34a25757b9c48ed13e,松柏路中,松柏路中,1,1,1
cec8d041f03d124f8e57f905a5891e5f,小坪东路中,小坪东路中,1,1,1
4a3613656b9759af471909434bdc09f2,小坪东路,小坪东路,1,1,1
dbc5a8c2c971f43a78f60a0c4ba97c33,石井大道（滘心村）,石井大道(滘心村),1,1,1
08774dc597c7174a9d0750375d4dd520,石井大道中,石井大道中,1,1,1
143e737ee48125e6eeca0f3217eb03ba,石井大道（龙湖）,石井大道(龙湖),1,1,1
1e7d11559b52ecee7159a2bb93b45d4b,龙湖路口,龙湖路口,1,1,1
dc28484b6996497d8f9d7faf24c657ab,石井大道北,石井大道北,1,1,1
453358ee7d1488a57dbe5fc49e9a03b2,南云一路中,南云一路中,1,1,1
3562a49c554089c7e7378d0d8afaa355,南云二路北,南云二路北,1,1,1
aa363b812f5811f1a8b661569ae960d4,南云二路中,南云二路中,1,1,1
45410dc57b29a1ebf873c6c25eb68685,南云二路南（海格产业园）,南云二路南,1,1,1
6afa33d63d53bb1d68763d247138fe61,大沙东（广州航海学院）总站,大沙东总,1,1,1
33e314c78fa96a39b76519d8a0ebbb5e,琶洲保利总站,琶洲保利总,1,1,1
1b56ccedd8fe0c7e214ba44d7fb361a9,珠村七夕广场,珠村七夕广场,1,1,1
dc661a60f06726aeac7b499d25f36527,珠吉街,珠吉街,1,1,1
3f5cf724459672fd0264ac6ce3ba91d2,东圃珠村总站,东圃珠村总,1,1,1
