走廊站数,最高经停线路数,最低经停线路数,走廊站点(按序, 括号内为该站经停线路数)
33,48,11,永泰新村(11) → 永泰路口(13) → 元下田(19) → 陈田村(18) → 黄石东路口(20) → 黄石东(14) → 黄石东路(云城西路口)(25) → 江夏(黄石东路中)(24) → 祥景花园(22) → 黄石路(22) → 黄石路口(38) → 机场路(28) → 新市墟(48) → 三元里大道口(20) → 三元里大道北(25) → 棠溪(26) → 德康路(14) → 同德围(14) → 泽德花苑(14) → 横滘(17) → 上步村(18) → 同德乡(19) → 鹅掌坦(18) → 西湾和苑(18) → 西湾路(22) → 黑山(21) → 西湾路(22) → 富力环市西苑(西村)(27) → 西场立交(11) → 南岸路(12) → 珠江桥脚(11) → 桥中(22) → 滘口客运站总站(12)
31,48,11,滘口客运站总站(12) → 桥中(22) → 珠江桥脚(11) → 南岸路(12) → 西场立交(11) → 富力环市西苑(西村)(27) → 西湾路(22) → 黑山(21) → 西湾路(22) → 西湾和苑(18) → 鹅掌坦(18) → 同德乡(19) → 上步村(18) → 横滘(17) → 泽德花苑(14) → 同德围(14) → 德康路(14) → 棠溪(26) → 三元里大道北(25) → 新市墟(48) → 机场路(28) → 黄石路口(38) → 黄石路(22) → 祥景花园(22) → 江夏(黄石东路中)(24) → 黄石东路(云城西路口)(25) → 黄石东路口(20) → 陈田村(18) → 元下田(19) → 永泰路口(13) → 永泰新村(11)
30,48,14,陈田村(18) → 黄石东路口(20) → 黄石东(14) → 黄石东路(云城西路口)(25) → 江夏(黄石东路中)(24) → 祥景花园(22) → 黄石路(22) → 黄石路口(38) → 机场路(28) → 新市墟(48) → 三元里大道口(20) → 新市(25) → 机场路岗贝路口(省二医民航院区)(32) → 白云区政务中心(27) → 机场立交北(20) → 梓元岗(31) → 桂花岗(25) → 越秀公园(30) → 迎宾馆(30) → 解放中路(32) → 解放南路(28) → 堑口(22) → 宝岗大道北(22) → 宝岗大道中(22) → 海珠区妇幼(23) → 江南新村(骨伤科医院)(27) → 西基东(19) → 宝岗大道南(19) → 信和广场(昌岗中路)(25) → 礼岗(18)
28,48,16,礼岗(18) → 信和广场(昌岗中路)(25) → 宝岗大道南(19) → 西基东(19) → 江南新村(骨伤科医院)(27) → 海珠区妇幼(23) → 宝岗大道中(22) → 宝岗大道北(22) → 市红会医院(23) → 解放南路(28) → 解放中路(32) → 迎宾馆(30) → 越秀公园(30) → 桂花岗(25) → 梓元岗(31) → 云城南(19) → 白云区政务中心(27) → 机场路岗贝路口(省二医民航院区)(32) → 新市墟(48) → 机场路(28) → 黄石路口(38) → 黄石路(16) → 祥景花园(22) → 江夏(黄石东路中)(24) → 黄石东路(云城西路口)(25) → 黄石东路口(20) → 陈田村(18) → 元下田(19)
27,48,11,礼岗(18) → 信和广场(昌岗中路)(25) → 宝岗大道南(19) → 西基东(19) → 江南新村(骨伤科医院)(27) → 海珠区妇幼(23) → 宝岗大道中(22) → 宝岗大道北(22) → 市红会医院(23) → 市二宫(12) → 江南大道北(20) → 海珠广场(一德东)(17) → 起义路(11) → 迎宾馆(30) → 越秀公园(30) → 桂花岗(25) → 梓元岗(31) → 云城南(19) → 白云区政务中心(27) → 机场路岗贝路口(省二医民航院区)(32) → 新市(25) → 新市墟(48) → 机场路(28) → 黄石路口(38) → 马务(22) → 小坪(25) → 榕溪(14)
27,48,11,永泰新村(11) → 永泰路口(13) → 元下田(19) → 陈田村(18) → 黄石东路口(20) → 黄石东(14) → 黄石东路(云城西路口)(25) → 江夏(黄石东路中)(24) → 祥景花园(22) → 黄石路(22) → 黄石路口(38) → 机场路(28) → 新市墟(48) → 新市(25) → 机场路岗贝路口(省二医民航院区)(32) → 白云区政务中心(27) → 瑶台(16) → 王圣堂(16) → 省妇幼(16) → 克山(20) → 富力环市西苑(西村)(27) → 和平新村(37) → 彩虹桥(15) → 荔湾路(16) → 荔湾路口(30) → 石路基(26) → 中山八路(43)
27,48,11,中山八路(43) → 石路基(26) → 荔湾路口(30) → 荔湾路(16) → 彩虹桥(15) → 广医(37) → 和平新村(37) → 富力环市西苑(西村)(27) → 克山(20) → 省妇幼(16) → 王圣堂(16) → 瑶台(16) → 白云区政务中心(27) → 机场路岗贝路口(省二医民航院区)(32) → 新市(25) → 新市墟(48) → 机场路(28) → 黄石路口(38) → 黄石路(22) → 祥景花园(22) → 江夏(黄石东路中)(24) → 黄石东路(云城西路口)(25) → 黄石东路口(20) → 陈田村(18) → 元下田(19) → 永泰路口(13) → 永泰新村(11)
25,48,10,猎德(16) → 冼村路中(10) → 冼村路北(11) → 冼村(34) → 人民日报广东分社(30) → 天河(32) → 天河立交(16) → 动物园南门(28) → 广东工大(26) → 白云宾馆(34) → 广东电视台(25) → 电视塔(21) → 越秀公园北门(21) → 桂花岗(25) → 梓元岗(31) → 云城南(19) → 白云区政务中心(27) → 机场路岗贝路口(省二医民航院区)(32) → 新市(25) → 新市墟(48) → 机场路(28) → 黄石路口(38) → 联和(29) → 夏茅(20) → 鹤南(兵房街)(25)
24,48,11,南方大厦(24) → 人民南路(17) → 大新路口(19) → 上九东(21) → 东升医院(30) → 西门口(人民北路)(12) → 人民北路(11) → 广医(37) → 盘福路(24) → 越秀公园(30) → 三元里大道(桂花岗)(21) → 三元里(25) → 北站(25) → 沙涌(26) → 棠下(三元里大道)(31) → 三元里大道中(29) → 棠溪(26) → 三元里大道北(25) → 新市墟(48) → 机场路(28) → 黄石路口(38) → 马务(22) → 小坪(25) → 榕溪(14)
24,48,11,小坪立交桥(19) → 小坪(25) → 马务(22) → 黄石路口(38) → 机场路(28) → 新市墟(48) → 三元里大道北(25) → 棠溪(26) → 三元里大道中(29) → 棠下(三元里大道)(31) → 沙涌(26) → 北站(25) → 三元里(25) → 三元里大道(桂花岗)(21) → 越秀公园(30) → 盘福路(24) → 广医(37) → 市少年宫(30) → 人民北路(11) → 西门口(人民北路)(12) → 东升医院(30) → 上九东(21) → 大新路口(19) → 人民南路(17)
24,48,11,小坪立交桥(19) → 小坪(25) → 马务(22) → 黄石路口(38) → 机场路(28) → 新市墟(48) → 三元里大道北(25) → 棠溪(26) → 三元里大道中(29) → 棠下(三元里大道)(31) → 沙涌(26) → 北站(25) → 三元里(25) → 三元里大道(桂花岗)(21) → 越秀公园(30) → 解放北路(11) → 盘福路(24) → 广医(37) → 人民北路(11) → 西门口(人民北路)(12) → 东升医院(30) → 上九东(21) → 大新路口(19) → 人民南路(17)
23,48,12,市三宫(12) → 华贵路口(14) → 荔湾路(16) → 彩虹桥(15) → 广医(37) → 和平新村(37) → 富力环市西苑(西村)(27) → 克山(20) → 省妇幼(16) → 王圣堂(16) → 瑶台(16) → 白云区政务中心(27) → 机场路岗贝路口(省二医民航院区)(32) → 新市(25) → 新市墟(48) → 机场路(28) → 黄石路口(38) → 黄石路(16) → 祥景花园(22) → 江夏(黄石东路中)(24) → 黄石东路(云城西路口)(25) → 黄石东路口(20) → 陈田村(18)
23,48,12,广州火车东站总站(33) → 林和西路(32) → 体育西路(13) → 维多利广场(12) → 天河立交(16) → 动物园南门(28) → 广东工大(26) → 白云宾馆(34) → 小北(30) → 电视塔(21) → 越秀公园北门(21) → 桂花岗(25) → 梓元岗(31) → 云城南(19) → 白云区政务中心(27) → 机场路岗贝路口(省二医民航院区)(32) → 新市(25) → 新市墟(48) → 机场路(28) → 黄石路口(38) → 马务(22) → 小坪(25) → 小坪立交桥(19)
22,48,14,小坪立交桥(19) → 小坪(25) → 马务(22) → 黄石路口(38) → 机场路(28) → 新市墟(48) → 新市(25) → 机场路岗贝路口(省二医民航院区)(32) → 白云区政务中心(27) → 机场立交北(20) → 梓元岗(31) → 桂花岗(25) → 电视塔(21) → 小北(30) → 花园酒店(36) → 广东工大(26) → 动物园南门(28) → 天河立交(16) → 体育中心(26) → 体育中心东门(24) → 林和东路(14) → 广州火车东站总站(33)
22,48,11,联和(29) → 黄石路口(38) → 新市墟(48) → 三元里大道口(20) → 三元里大道北(25) → 棠溪(26) → 三元里大道中(29) → 棠下(三元里大道)(31) → 沙涌(26) → 北站(25) → 三元里(25) → 三元里大道(桂花岗)(21) → 电视塔(21) → 小北(30) → 花园酒店(36) → 广东工大(26) → 动物园南门(28) → 天河立交(16) → 体育中心(35) → 石牌桥(24) → 天河南(19) → 猎德大道北(11)
22,48,10,滨江东路(20) → 东湖路(10) → 大沙头游船码头(25) → 大沙头(17) → 江湾桥脚(25) → 越秀南路(22) → 万福东(11) → 万福路(11) → 文德路(19) → 财厅(11) → 中山五路(24) → 迎宾馆(30) → 越秀公园(30) → 三元里大道(桂花岗)(21) → 三元里(25) → 北站(25) → 沙涌(26) → 远景路(14) → 机场路岗贝路口(省二医民航院区)(32) → 新市墟(48) → 黄石路口(38) → 黄石路(22)
22,48,10,广州白云站公交总站(13) → 石槎路中(12) → 地铁小坪站(10) → 小坪(25) → 马务(22) → 黄石路口(38) → 机场路(28) → 新市墟(48) → 三元里大道口(20) → 新市(25) → 机场路岗贝路口(省二医民航院区)(32) → 白云区政务中心(27) → 机场立交北(20) → 梓元岗(31) → 桂花岗(25) → 越秀公园(30) → 解放北路(11) → 盘福路(24) → 迎宾馆(30) → 解放中路(32) → 解放南路(28) → 海珠广场(一德东)(17)
21,48,13,省军区(17) → 沙河(15) → 濂泉路口(16) → 金贵村(19) → 云台花园(16) → 白云山管理局(13) → 景泰坑(20) → 广园客运站(20) → 中医药大学(24) → 交电新村(22) → 云城南(19) → 白云区政务中心(27) → 机场路岗贝路口(省二医民航院区)(32) → 新市(25) → 新市墟(48) → 机场路(28) → 黄石路口(38) → 联和(29) → 鹤南(兵房街)(25) → 冶金技校(18) → 夏茅(20)
21,48,10,六二三路(23) → 市中医院(25) → 黄沙大道(13) → 如意坊(12) → 荔湾湖公园西门(10) → 珠江桥脚(11) → 南岸路(12) → 西场立交(11) → 富力环市西苑(西村)(27) → 克山(20) → 省妇幼(16) → 王圣堂(16) → 瑶台(16) → 北站(25) → 沙涌(26) → 棠下(三元里大道)(31) → 三元里大道中(29) → 棠溪(26) → 三元里大道北(25) → 新市墟(48) → 汇侨南路(10)
21,48,10,汇侨南路(10) → 新市墟(48) → 三元里大道北(25) → 棠溪(26) → 三元里大道中(29) → 棠下(三元里大道)(31) → 沙涌(26) → 北站(25) → 瑶台(16) → 王圣堂(16) → 省妇幼(16) → 克山(20) → 富力环市西苑(西村)(27) → 西场立交(11) → 南岸路(12) → 珠江桥脚(11) → 荔湾湖公园西门(10) → 如意坊(12) → 黄沙大道(13) → 黄沙码头(21) → 六二三路(23)
21,48,11,永泰新村口(11) → 元下田(19) → 陈田村(18) → 黄石东路口(20) → 黄石东(14) → 黄石东路(云城西路口)(25) → 江夏(黄石东路中)(24) → 祥景花园(22) → 黄石路(22) → 黄石路口(38) → 机场路(28) → 新市墟(48) → 三元里大道北(25) → 棠溪(26) → 三元里大道中(29) → 棠下(三元里大道)(31) → 沙涌(26) → 北站(25) → 三元里(25) → 三元里大道(桂花岗)(21) → 广州火车站总站(33)
21,48,11,黄石路(22) → 黄石路口(38) → 新市墟(48) → 机场路岗贝路口(省二医民航院区)(32) → 远景路(14) → 棠下(三元里大道)(31) → 沙涌(26) → 北站(25) → 三元里(25) → 三元里大道(桂花岗)(21) → 解放北路(11) → 盘福路(24) → 迎宾馆(30) → 中山五路(24) → 文德路(19) → 万福路(11) → 万福东(11) → 越秀南路(22) → 白云路(11) → 大沙头游船码头(25) → 滨江东路(20)
21,48,11,东山口(东华北路)(33) → 中山医(26) → 烈士陵园(19) → 大东门(中山三路)(15) → 农讲所(19) → 财厅(11) → 迎宾馆(30) → 越秀公园(30) → 三元里大道(桂花岗)(21) → 三元里(25) → 北站(25) → 沙涌(26) → 棠下(三元里大道)(31) → 三元里大道中(29) → 棠溪(26) → 三元里大道北(25) → 新市墟(48) → 黄石路口(38) → 联和(29) → 夏茅(20) → 鹤南(兵房街)(25)
20,48,10,汇侨南路(10) → 新市墟(48) → 机场路岗贝路口(省二医民航院区)(32) → 白云区政务中心(27) → 机场立交北(20) → 梓元岗(31) → 桂花岗(25) → 越秀公园(30) → 迎宾馆(30) → 解放中路(32) → 解放南路(28) → 堑口(22) → 宝岗大道北(22) → 宝岗大道中(22) → 海珠区妇幼(23) → 江南新村(骨伤科医院)(27) → 西基东(19) → 宝岗大道南(19) → 信和广场(昌岗中路)(25) → 礼岗(18)
20,48,10,联和(29) → 黄石路口(38) → 机场路(28) → 新市墟(48) → 新市(25) → 机场路岗贝路口(省二医民航院区)(32) → 白云区政务中心(27) → 机场立交北(20) → 梓元岗(31) → 桂花岗(25) → 电视塔(21) → 花园酒店(36) → 广东工大(26) → 动物园南门(28) → 天河立交(16) → 天河(32) → 冼村路北(11) → 冼村路中(10) → 猎德(16) → 猎德东(15)
20,48,15,联和(29) → 黄石路口(38) → 新市墟(48) → 三元里大道口(20) → 三元里大道北(25) → 棠溪(26) → 三元里大道中(29) → 棠下(三元里大道)(31) → 沙涌(26) → 北站(25) → 三元里(25) → 三元里大道(桂花岗)(21) → 越秀公园(30) → 迎宾馆(30) → 中山五路(24) → 农讲所(19) → 大东门(中山三路)(15) → 烈士陵园(19) → 中山医(26) → 东山口(东华北路)(33)
19,48,10,礼岗(18) → 信和广场(昌岗中路)(25) → 宝岗大道南(19) → 西基东(19) → 江南新村(骨伤科医院)(27) → 海珠区妇幼(23) → 宝岗大道中(22) → 宝岗大道北(22) → 市红会医院(23) → 解放南路(28) → 解放中路(32) → 迎宾馆(30) → 越秀公园(30) → 梓元岗(31) → 云城南(19) → 白云区政务中心(27) → 机场路岗贝路口(省二医民航院区)(32) → 新市墟(48) → 汇侨南路(10)
19,48,10,庆丰(10) → 石井中学(15) → 小坪立交桥(19) → 小坪(25) → 马务(22) → 黄石路口(38) → 新市墟(48) → 新市(25) → 机场路岗贝路口(省二医民航院区)(32) → 白云区政务中心(27) → 远景路(14) → 沙涌(26) → 北站(25) → 三元里(25) → 三元里大道(桂花岗)(21) → 越秀公园(30) → 迎宾馆(30) → 解放中路(32) → 解放南路(28)
18,48,16,小坪立交桥(19) → 小坪(25) → 马务(22) → 黄石路口(38) → 机场路(28) → 新市墟(48) → 三元里大道口(20) → 三元里大道北(25) → 棠溪(26) → 三元里大道中(29) → 棠下(三元里大道)(31) → 沙涌(26) → 北站(25) → 瑶台(16) → 王圣堂(16) → 省妇幼(16) → 环市西路(广园西路口)(18) → 广州火车站总站(33)
18,48,17,广花一路(夏花一路口)(17) → 夏茅(20) → 冶金技校(18) → 鹤南(兵房街)(25) → 联和(29) → 黄石路口(38) → 机场路(28) → 新市墟(48) → 三元里大道口(20) → 三元里大道北(25) → 棠溪(26) → 三元里大道中(29) → 棠下(三元里大道)(31) → 沙涌(26) → 北站(25) → 三元里(25) → 三元里大道(桂花岗)(21) → 越秀公园(30)
18,48,11,富力环市西苑(西村)(27) → 南岸路(12) → 西场立交(11) → 富力环市西苑(西村)(27) → 克山(20) → 省妇幼(16) → 王圣堂(16) → 瑶台(16) → 北站(25) → 沙涌(26) → 棠下(三元里大道)(31) → 三元里大道中(29) → 棠溪(26) → 三元里大道北(25) → 新市墟(48) → 机场路(28) → 黄石路口(38) → 黄石路(22)
18,48,13,冶金技校(18) → 鹤南(兵房街)(25) → 联和(29) → 黄石路口(38) → 机场路(28) → 新市墟(48) → 新市(25) → 机场路岗贝路口(省二医民航院区)(32) → 白云区政务中心(27) → 机场立交北(20) → 中医药大学(24) → 广园中路(20) → 景泰坑(20) → 白云山管理局(13) → 云台花园(16) → 金贵村(19) → 濂泉路口(16) → 省军区(17)
18,48,10,庆丰(10) → 石井中学(15) → 小坪立交桥(19) → 小坪(25) → 马务(22) → 黄石路口(38) → 新市墟(48) → 三元里大道北(25) → 棠溪(26) → 三元里大道中(29) → 棠下(三元里大道)(31) → 沙涌(26) → 北站(25) → 三元里(25) → 三元里大道(桂花岗)(21) → 解放北路(11) → 迎宾馆(30) → 解放中路(32)
18,48,15,中山八路(43) → 荔湾路口(30) → 荔湾路(16) → 彩虹桥(15) → 东风西路(36) → 市少年宫(30) → 广医(37) → 盘福路(24) → 越秀公园(30) → 三元里大道(桂花岗)(21) → 三元里(25) → 北站(25) → 沙涌(26) → 棠下(三元里大道)(31) → 三元里大道中(29) → 棠溪(26) → 三元里大道北(25) → 新市墟(48)
17,48,17,越秀公园(30) → 三元里大道(桂花岗)(21) → 三元里(25) → 北站(25) → 沙涌(26) → 棠下(三元里大道)(31) → 三元里大道中(29) → 棠溪(26) → 三元里大道北(25) → 新市墟(48) → 机场路(28) → 黄石路口(38) → 联和(29) → 鹤南(兵房街)(25) → 冶金技校(18) → 夏茅(20) → 广花一路(夏花一路口)(17)
17,48,11,海珠广场(一德东)(17) → 起义路(11) → 迎宾馆(30) → 越秀公园(30) → 三元里大道(桂花岗)(21) → 三元里(25) → 北站(25) → 沙涌(26) → 棠下(三元里大道)(31) → 三元里大道中(29) → 棠溪(26) → 三元里大道北(25) → 新市墟(48) → 黄石路口(38) → 马务(22) → 小坪(25) → 榕溪(14)
17,48,11,鹤南(兵房街)(25) → 联和(29) → 黄石路口(38) → 机场路(28) → 新市墟(48) → 三元里大道口(20) → 三元里大道北(25) → 棠溪(26) → 三元里大道中(29) → 棠下(三元里大道)(31) → 沙涌(26) → 北站(25) → 三元里(25) → 三元里大道(桂花岗)(21) → 解放北路(11) → 盘福路(24) → 中山纪念堂(28)
17,48,16,广州火车站总站(33) → 省妇幼(16) → 王圣堂(16) → 瑶台(16) → 北站(25) → 沙涌(26) → 棠下(三元里大道)(31) → 三元里大道中(29) → 棠溪(26) → 三元里大道北(25) → 新市墟(48) → 机场路(28) → 黄石路口(38) → 黄石路(16) → 祥景花园(22) → 江夏(黄石东路中)(24) → 黄石东路(云城西路口)(25)
16,48,16,广州火车站总站(33) → 省妇幼(16) → 王圣堂(16) → 瑶台(16) → 北站(25) → 沙涌(26) → 棠下(三元里大道)(31) → 三元里大道中(29) → 棠溪(26) → 三元里大道北(25) → 新市墟(48) → 机场路(28) → 黄石路口(38) → 马务(22) → 小坪(25) → 小坪立交桥(19)
16,48,10,小北(30) → 花园酒店(36) → 白云宾馆(34) → 小北(30) → 电视塔(21) → 越秀公园北门(21) → 三元里大道(桂花岗)(21) → 三元里(25) → 北站(25) → 沙涌(26) → 棠下(三元里大道)(31) → 三元里大道中(29) → 棠溪(26) → 三元里大道北(25) → 新市墟(48) → 汇侨南路(10)
16,48,15,广卫路总站(15) → 中山五路(24) → 迎宾馆(30) → 越秀公园(30) → 三元里大道(桂花岗)(21) → 三元里(25) → 北站(25) → 沙涌(26) → 棠下(三元里大道)(31) → 三元里大道中(29) → 棠溪(26) → 三元里大道北(25) → 新市墟(48) → 机场路(28) → 黄石路口(38) → 联和(29)
16,48,13,联和(29) → 黄石路口(38) → 机场路(28) → 新市墟(48) → 新市(25) → 机场路岗贝路口(省二医民航院区)(32) → 白云区政务中心(27) → 机场立交北(20) → 中医药大学(24) → 广园客运站(20) → 广园中路(20) → 景泰坑(20) → 白云山管理局(13) → 云台花园(16) → 金贵村(19) → 濂泉路口(16)
16,48,14,黄石东路(云城西路口)(25) → 江夏(黄石东路中)(24) → 祥景花园(22) → 黄石路(22) → 黄石路口(38) → 机场路(28) → 新市墟(48) → 三元里大道口(20) → 三元里大道北(25) → 棠溪(26) → 德康路(14) → 同德围(14) → 泽德花苑(14) → 横滘(17) → 上步村(18) → 同德乡(19)
15,48,16,黄石路(22) → 黄石路口(38) → 机场路(28) → 新市墟(48) → 三元里大道口(20) → 三元里大道北(25) → 棠溪(26) → 三元里大道中(29) → 棠下(三元里大道)(31) → 沙涌(26) → 北站(25) → 瑶台(16) → 王圣堂(16) → 省妇幼(16) → 克山(20)
15,48,13,黄石东(14) → 黄石东路(云城西路口)(25) → 江夏(黄石东路中)(24) → 祥景花园(22) → 黄石路(22) → 黄石路口(38) → 新市墟(48) → 新市(25) → 机场路岗贝路口(省二医民航院区)(32) → 白云区政务中心(27) → 机场立交北(20) → 中医药大学(24) → 雕塑公园(17) → 老干大学(13) → 下塘西路(16)
15,48,11,起义路(11) → 迎宾馆(30) → 越秀公园(30) → 三元里大道(桂花岗)(21) → 三元里(25) → 北站(25) → 沙涌(26) → 远景路(14) → 机场路岗贝路口(省二医民航院区)(32) → 新市(25) → 新市墟(48) → 黄石路口(38) → 马务(22) → 小坪(25) → 榕溪(14)
15,48,13,濂泉路口(16) → 金贵村(19) → 云台花园(17) → 白云山管理局(13) → 景泰坑(20) → 广园客运站(20) → 中医药大学(24) → 云城南(19) → 白云区政务中心(27) → 机场路岗贝路口(省二医民航院区)(32) → 新市(25) → 新市墟(48) → 机场路(28) → 黄石路口(38) → 联和(29)
15,48,14,同德乡(19) → 上步村(18) → 横滘(17) → 泽德花苑(14) → 同德围(14) → 德康路(14) → 棠溪(26) → 三元里大道北(25) → 新市墟(48) → 黄石路口(38) → 黄石路(16) → 祥景花园(22) → 江夏(黄石东路中)(24) → 黄石东路(云城西路口)(25) → 黄石东(14)
14,48,15,石井中学(15) → 小坪立交桥(19) → 小坪(25) → 马务(22) → 黄石路口(38) → 机场路(28) → 新市墟(48) → 新市(25) → 机场路岗贝路口(省二医民航院区)(32) → 白云区政务中心(27) → 机场立交北(20) → 梓元岗(31) → 桂花岗(25) → 广州火车站总站(33)
14,48,16,广花一路(夏花一路口)(17) → 夏茅(20) → 冶金技校(18) → 鹤南(兵房街)(25) → 联和(29) → 黄石路口(38) → 新市墟(48) → 机场路岗贝路口(省二医民航院区)(32) → 白云区政务中心(27) → 瑶台(16) → 王圣堂(16) → 省妇幼(16) → 环市西路(广园西路口)(18) → 广州火车站总站(33)
14,48,16,广州火车站总站(33) → 省妇幼(16) → 王圣堂(16) → 瑶台(16) → 白云区政务中心(27) → 机场路岗贝路口(省二医民航院区)(32) → 新市(25) → 新市墟(48) → 黄石路口(38) → 联和(29) → 鹤南(兵房街)(25) → 冶金技校(18) → 夏茅(20) → 广花一路(夏花一路口)(17)
14,48,17,广州火车站总站(33) → 桂花岗(25) → 梓元岗(31) → 云城南(19) → 白云区政务中心(27) → 机场路岗贝路口(省二医民航院区)(32) → 新市(25) → 新市墟(48) → 黄石路口(38) → 联和(29) → 鹤南(兵房街)(25) → 冶金技校(18) → 夏茅(20) → 广花一路(夏花一路口)(17)
13,48,12,流花(南部战区总医院)(14) → 人民北路(站南路口)(12) → 草暖公园(17) → 桂花岗(25) → 梓元岗(31) → 云城南(19) → 白云区政务中心(27) → 机场路岗贝路口(省二医民航院区)(32) → 新市(25) → 新市墟(48) → 机场路(28) → 黄石路口(38) → 联和(29)
13,48,14,陈田村(18) → 黄石东路口(20) → 黄石东路(云城西路口)(25) → 江夏(黄石东路中)(24) → 祥景花园(22) → 黄石路(22) → 黄石路口(38) → 新市墟(48) → 三元里大道口(20) → 新市(25) → 机场路岗贝路口(省二医民航院区)(32) → 白云区政务中心(27) → 远景路(14)
13,48,10,广花一路(夏花一路口)(17) → 夏茅(20) → 冶金技校(18) → 鹤南(兵房街)(25) → 联和(29) → 黄石路口(38) → 新市墟(48) → 三元里大道口(20) → 新市(25) → 机场路岗贝路口(省二医民航院区)(32) → 云霄路(10) → 地铁白云公园站(15) → 体育花园(11)
13,48,11,黄石路口(38) → 机场路(28) → 新市墟(48) → 三元里大道口(20) → 三元里大道北(25) → 棠溪(26) → 三元里大道中(29) → 棠下(三元里大道)(31) → 沙涌(26) → 北站(25) → 三元里(25) → 三元里大道(桂花岗)(21) → 解放北路(11)
13,48,14,远景路(14) → 棠下(三元里大道)(31) → 三元里大道中(29) → 棠溪(26) → 三元里大道北(25) → 新市墟(48) → 机场路(28) → 黄石路口(38) → 联和(29) → 鹤南(兵房街)(25) → 冶金技校(18) → 夏茅(20) → 广花一路(夏花一路口)(17)
13,48,17,广花一路(夏花一路口)(17) → 夏茅(20) → 冶金技校(18) → 鹤南(兵房街)(25) → 联和(29) → 黄石路口(38) → 新市墟(48) → 机场路岗贝路口(省二医民航院区)(32) → 白云区政务中心(27) → 机场立交北(20) → 梓元岗(31) → 桂花岗(25) → 广州火车站总站(33)
13,48,13,下塘西路(16) → 老干大学(13) → 雕塑公园(17) → 柯子岭(15) → 中医药大学(24) → 交电新村(22) → 云城南(19) → 白云区政务中心(27) → 机场路岗贝路口(省二医民航院区)(32) → 新市墟(48) → 机场路(28) → 黄石路口(38) → 黄石路(16)
13,48,14,广花一路(夏花一路口)(17) → 夏茅(20) → 冶金技校(18) → 鹤南(兵房街)(25) → 联和(29) → 黄石路口(38) → 机场路(28) → 新市墟(48) → 三元里大道口(20) → 三元里大道北(25) → 棠溪(26) → 德康路(14) → 同德围(14)
12,48,14,广州火车站总站(33) → 梓元岗(31) → 云城南(19) → 白云区政务中心(27) → 机场路岗贝路口(省二医民航院区)(32) → 新市(25) → 新市墟(48) → 机场路(28) → 黄石路口(38) → 马务(22) → 小坪(25) → 榕溪(14)
12,48,14,广花一路(夏花一路口)(17) → 夏茅(20) → 冶金技校(18) → 鹤南(兵房街)(25) → 联和(29) → 黄石路口(38) → 机场路(28) → 新市墟(48) → 新市(25) → 机场路岗贝路口(省二医民航院区)(32) → 白云区政务中心(27) → 远景路(14)
12,48,14,同德围(14) → 德康路(14) → 棠溪(26) → 三元里大道北(25) → 新市墟(48) → 机场路(28) → 黄石路口(38) → 联和(29) → 鹤南(兵房街)(25) → 冶金技校(18) → 夏茅(20) → 广花一路(夏花一路口)(17)
11,48,20,鹤南(兵房街)(25) → 联和(29) → 黄石路口(38) → 机场路(28) → 新市墟(48) → 新市(25) → 机场路岗贝路口(省二医民航院区)(32) → 白云区政务中心(27) → 机场立交北(20) → 梓元岗(31) → 桂花岗(25)
11,48,10,体育花园(11) → 地铁白云公园站(15) → 云霄路(10) → 新市(25) → 新市墟(48) → 黄石路口(38) → 联和(29) → 鹤南(兵房街)(25) → 冶金技校(18) → 夏茅(20) → 广花一路(夏花一路口)(17)
11,48,17,梓元岗(31) → 三元里大道(桂花岗)(21) → 三元里(25) → 北站(25) → 棠下(三元里大道)(31) → 棠溪(26) → 三元里大道北(25) → 新市墟(48) → 联和(29) → 冶金技校(18) → 广花一路(夏花一路口)(17)
10,48,20,黄石路(22) → 机场路(28) → 新市墟(48) → 三元里大道口(20) → 三元里大道北(25) → 棠溪(26) → 三元里大道中(29) → 棠下(三元里大道)(31) → 沙涌(26) → 北站(25)
10,48,14,远景路(14) → 棠下(三元里大道)(31) → 三元里大道中(29) → 棠溪(26) → 三元里大道北(25) → 新市墟(48) → 黄石路口(38) → 联和(29) → 夏茅(20) → 鹤南(兵房街)(25)
9,48,14,远景路(14) → 棠下(三元里大道)(31) → 三元里大道中(29) → 棠溪(26) → 三元里大道北(25) → 新市墟(48) → 机场路(28) → 黄石路口(38) → 黄石路(22)
9,48,22,北站(25) → 沙涌(26) → 棠下(三元里大道)(31) → 三元里大道中(29) → 棠溪(26) → 三元里大道北(25) → 新市墟(48) → 机场路(28) → 黄石路(22)
9,48,14,远景路(14) → 棠下(三元里大道)(31) → 三元里大道中(29) → 棠溪(26) → 三元里大道北(25) → 新市墟(48) → 机场路(28) → 黄石路口(38) → 联和(29)
9,48,14,鹤南(兵房街)(25) → 联和(29) → 黄石路口(38) → 机场路(28) → 新市墟(48) → 新市(25) → 机场路岗贝路口(省二医民航院区)(32) → 白云区政务中心(27) → 远景路(14)
9,48,10,广州火车站总站(33) → 桂花岗(25) → 梓元岗(31) → 云城南(19) → 白云区政务中心(27) → 机场路岗贝路口(省二医民航院区)(32) → 新市(25) → 新市墟(48) → 汇侨南路(10)
8,48,10,汇侨南路(10) → 新市墟(48) → 三元里大道北(25) → 棠溪(26) → 三元里大道中(29) → 棠下(三元里大道)(31) → 沙涌(26) → 北站(25)
8,48,14,黄石路(22) → 黄石路口(38) → 机场路(28) → 新市墟(48) → 新市(25) → 机场路岗贝路口(省二医民航院区)(32) → 白云区政务中心(27) → 远景路(14)
8,48,10,汇侨南路(10) → 新市墟(48) → 黄石路口(38) → 联和(29) → 鹤南(兵房街)(25) → 冶金技校(18) → 夏茅(20) → 广花一路(夏花一路口)(17)
8,48,17,广花一路(夏花一路口)(17) → 冶金技校(18) → 联和(29) → 新市墟(48) → 三元里大道北(25) → 棠溪(26) → 棠下(三元里大道)(31) → 北站(25)
7,48,10,汇侨南路(10) → 新市墟(48) → 三元里大道口(20) → 新市(25) → 机场路岗贝路口(省二医民航院区)(32) → 白云区政务中心(27) → 远景路(14)
6,48,20,联和(29) → 黄石路口(38) → 新市墟(48) → 机场路岗贝路口(省二医民航院区)(32) → 白云区政务中心(27) → 机场立交北(20)
5,48,10,汇侨南路(10) → 新市墟(48) → 三元里大道口(20) → 新市(25) → 机场路岗贝路口(省二医民航院区)(32)
5,48,10,地铁白云公园站(15) → 云霄路(10) → 新市(25) → 新市墟(48) → 汇侨南路(10)
5,48,25,白云区政务中心(27) → 机场路岗贝路口(省二医民航院区)(32) → 新市(25) → 新市墟(48) → 黄石路口(38)
4,48,10,汇侨南路(10) → 新市墟(48) → 黄石路口(38) → 联和(29)
4,48,20,新市墟(48) → 三元里大道口(20) → 新市(25) → 机场路岗贝路口(省二医民航院区)(32)
4,48,10,棠溪(26) → 三元里大道北(25) → 新市墟(48) → 汇侨南路(10)
4,48,20,新市墟(48) → 三元里大道口(20) → 三元里大道北(25) → 棠溪(26)
31,43,12,滘口客运站总站(12) → 桥中(22) → 中山八路(43) → 石路基(26) → 荔湾路口(30) → 陈家祠(21) → 中山七路(18) → 西门口(中山六路)(16) → 中山六路(16) → 中山五路(24) → 农讲所(19) → 大东门(中山三路)(15) → 烈士陵园(19) → 中山医(26) → 东山口(东华北路)(33) → 农林东(34) → 梅花村(22) → 杨箕村(22) → 天河(32) → 人民日报广东分社(30) → 冼村(34) → 石牌村(35) → 国防大厦(38) → 华侨医院(潭村)(33) → 员村山顶(33) → 员村(23) → 程界村(30) → 员村四横路口(29) → 员村东(17) → 黄埔大道(16) → 车陂总站(13)
31,43,12,车陂总站(13) → 黄埔大道(16) → 员村东(17) → 员村四横路口(29) → 程界村(30) → 员村山顶(33) → 华侨医院(潭村)(33) → 国防大厦(38) → 石牌村(35) → 冼村(34) → 人民日报广东分社(30) → 天河(32) → 杨箕村(22) → 梅花村(22) → 农林东(34) → 东山口(东华北路)(33) → 中山医(26) → 烈士陵园(19) → 大东门(中山三路)(15) → 农讲所(19) → 中山五路(24) → 中山六路(16) → 西门口(中山六路)(16) → 中山七路(18) → 陈家祠(21) → 荔湾路口(30) → 石路基(26) → 中山八路(43) → 桥中(22) → 广佛路口(滘口客运站)(15) → 滘口客运站总站(12)
25,43,16,赤岗路口(36) → 珠影(地铁客村站)(32) → 鹭江(32) → 康乐村(26) → 中山大学(26) → 省荣军医院(荣校)(27) → 怡乐村(27) → 广医二院(25) → 信和广场(昌岗中路)(25) → 宝岗大道南(19) → 西基东(19) → 江南新村(骨伤科医院)(27) → 海珠区妇幼(23) → 宝岗大道中(22) → 宝岗大道北(22) → 市红会医院(23) → 解放南路(28) → 解放中路(32) → 中山六路(16) → 西门口(中山六路)(16) → 中山七路(18) → 陈家祠(21) → 荔湾路口(30) → 石路基(26) → 中山八路(43)
25,43,10,中山八路(43) → 荔湾湖公园西门(10) → 如意坊(12) → 黄沙大道(13) → 黄沙码头(21) → 六二三路(23) → 洪德路(19) → 革新路口(22) → 梅园西(24) → 凤凰新村(宝业路口)(23) → 沙园(23) → 基建新村(17) → 珠江医院(17) → 纸厂(22) → 保利花园(南石头)(28) → 石溪(17) → 新滘西路口(14) → 金碧花园(14) → 嘉鸿花园(13) → 南洲名苑(17) → 海珠客运站(29) → 三滘村(23) → 沥滘(23) → 后滘村(22) → 沥滘总站(10)
24,43,16,中山八路(43) → 石路基(26) → 荔湾路口(30) → 陈家祠(21) → 中山七路(18) → 西门口(中山六路)(16) → 中山六路(16) → 解放中路(32) → 解放南路(28) → 堑口(22) → 宝岗大道北(22) → 宝岗大道中(22) → 海珠区妇幼(23) → 江南新村(骨伤科医院)(27) → 宝岗大道南(19) → 信和广场(昌岗中路)(25) → 广医二院(25) → 怡乐村(27) → 省荣军医院(荣校)(27) → 中山大学(26) → 康乐村(26) → 鹭江(32) → 珠影(地铁客村站)(32) → 赤岗路口(36)
21,43,12,广州火车东站总站(33) → 林和西路(32) → 体育西路(13) → 维多利广场(12) → 天河立交(16) → 动物园南门(28) → 广东工大(26) → 白云宾馆(34) → 广东电视台(25) → 小北(30) → 小北花圈(25) → 仓边路(20) → 中山五路(24) → 中山六路(16) → 西门口(中山六路)(16) → 中山七路(18) → 陈家祠(21) → 荔湾路口(30) → 中山八路(43) → 桥中(22) → 滘口客运站总站(12)
20,43,12,滘口客运站总站(12) → 桥中(22) → 中山八路(43) → 石路基(26) → 陈家祠(21) → 中山七路(18) → 西门口(中山六路)(16) → 中山六路(16) → 中山五路(24) → 仓边路(20) → 小北花圈(25) → 小北(30) → 花园酒店(36) → 广东工大(26) → 动物园南门(28) → 天河立交(16) → 体育中心(26) → 体育中心东门(24) → 林和东路(14) → 广州火车东站总站(33)
20,43,10,黄沙大道(13) → 如意坊(12) → 荔湾湖公园西门(10) → 中山八路(43) → 荔湾路口(30) → 荔湾路(16) → 彩虹桥(15) → 东风西路(36) → 市少年宫(30) → 广医(37) → 盘福路(24) → 越秀公园(30) → 三元里大道(桂花岗)(21) → 三元里(25) → 北站(25) → 沙涌(26) → 棠下(三元里大道)(31) → 三元里大道中(29) → 棠溪(26) → 三元里大道北(25)
19,43,12,中山八路(43) → 荔湾路口(30) → 荔湾路(16) → 彩虹桥(15) → 东风西路(36) → 市少年宫(30) → 广医(37) → 中山纪念堂(28) → 广东大厦(21) → 正骨医院(26) → 东风东路(陵园西路口)(26) → 先烈南路(12) → 广东工大(26) → 动物园南门(28) → 广州大道中(24) → 时代广场(15) → 天河北路(23) → 龙口西(15) → 龙口东(16)
19,43,12,龙口东(16) → 龙口西(15) → 天河北路(23) → 时代广场(15) → 广州大道中(24) → 动物园南门(28) → 广东工大(26) → 先烈南路(12) → 东风东路(陵园西路口)(26) → 越秀桥(27) → 正骨医院(26) → 中山纪念堂(28) → 广医(37) → 东风西路(36) → 彩虹桥(15) → 荔湾路(16) → 荔湾路口(30) → 石路基(26) → 中山八路(43)
19,43,11,华林寺(16) → 康王中路(16) → 陈家祠(21) → 荔湾路口(30) → 中山八路(43) → 珠江桥脚(11) → 南岸路(12) → 西场立交(11) → 富力环市西苑(西村)(27) → 西湾路(22) → 黑山(21) → 西湾路(22) → 西湾和苑(18) → 鹅掌坦(18) → 同德乡(19) → 上步村(18) → 横滘(17) → 泽德花苑(14) → 聚龙工业区(12)
18,43,14,中山八路(43) → 石路基(26) → 荔湾路口(30) → 陈家祠(21) → 康王北路(东风路口)(14) → 市少年宫(30) → 广医(37) → 中山纪念堂(28) → 广东大厦(21) → 东风中路(19) → 正骨医院(26) → 东风东路(陵园西路口)(26) → 执信路(20) → 东风东路(广东工大)(21) → 东峻广场(20) → 杨箕村(22) → 南方报社(28) → 广州大桥北(五羊邨)(17)
18,43,11,陈家祠(21) → 荔湾路口(30) → 石路基(26) → 中山八路(43) → 珠江桥脚(11) → 南岸路(12) → 西场立交(11) → 富力环市西苑(西村)(27) → 西湾路(22) → 黑山(21) → 西湾路(22) → 西湾和苑(18) → 鹅掌坦(18) → 同德乡(19) → 上步村(18) → 横滘(17) → 泽德花苑(14) → 聚龙工业区(12)
17,43,14,客村立交(29) → 广州大桥北(五羊邨)(17) → 南方报社(28) → 锦城花园(21) → 东峻广场(20) → 东风东路(广东工大)(21) → 执信路(20) → 越秀桥(27) → 正骨医院(26) → 东风中路(19) → 中山纪念堂(28) → 广医(37) → 康王北路(东风路口)(14) → 陈家祠(21) → 荔湾路口(30) → 石路基(26) → 中山八路(43)
17,43,15,黑山(21) → 西湾路(22) → 富力环市西苑(西村)(27) → 和平新村(37) → 彩虹桥(15) → 荔湾路(16) → 荔湾路口(30) → 石路基(26) → 中山八路(43) → 石路基(26) → 荔湾路口(30) → 荔湾路(16) → 彩虹桥(15) → 和平新村(37) → 富力环市西苑(西村)(27) → 西湾路(22) → 黑山(21)
17,43,11,南方报社(28) → 杨箕村(22) → 梅花村(22) → 农林东(34) → 东山口(东华北路)(33) → 中山医(26) → 烈士陵园(19) → 大东门(中山三路)(15) → 农讲所(19) → 财厅(11) → 中山六路(16) → 西门口(中山六路)(16) → 中山七路(18) → 陈家祠(21) → 荔湾路口(30) → 石路基(26) → 中山八路(43)
16,43,10,汾水(16) → 茶漖小区(12) → 大策(10) → 联桂北(11) → 山村(25) → 石围塘(22) → 桥东小区(25) → 芳村大道西(27) → 桥中(22) → 中山八路(43) → 石路基(26) → 陈家祠(21) → 中山七路(18) → 西门口(中山六路)(16) → 中山六路(16) → 广卫路总站(15)
16,43,15,鹤洞新村(15) → 大冲口(16) → 下芳村(20) → 芳村(19) → 花地(25) → 山村(25) → 石围塘(22) → 桥东小区(25) → 芳村大道西(27) → 桥中(22) → 中山八路(43) → 石路基(26) → 荔湾路口(30) → 荔湾路(16) → 彩虹桥(15) → 东风西路(36)
15,43,10,沙凤(13) → 环洲三路(14) → 城西花园(11) → 金沙洲路(24) → 金沙洲大桥西(19) → 罗冲围客运站(35) → 富力半岛花园(32) → 西场电器城(18) → 西场立交(11) → 南岸路(12) → 珠江桥脚(11) → 中山八路(43) → 石路基(26) → 荔湾路口(30) → 泮塘(10)
15,43,15,彩虹桥(15) → 荔湾路(16) → 荔湾路口(30) → 石路基(26) → 中山八路(43) → 桥中(22) → 芳村大道西(27) → 桥东小区(25) → 石围塘(22) → 山村(25) → 花地(25) → 芳村(19) → 下芳村(20) → 大冲口(16) → 鹤洞新村(15)
15,43,10,天字码头(10) → 海珠广场(侨光东)(12) → 长堤(民间金融街)(14) → 爱群大厦(17) → 人民南路(17) → 大新路口(19) → 上九东(21) → 东升医院(30) → 人民中路(11) → 人民北路(11) → 中山七路(18) → 陈家祠(21) → 荔湾路口(30) → 石路基(26) → 中山八路(43)
15,43,15,中山八路(43) → 荔湾路口(30) → 陈家祠(21) → 中山七路(18) → 西门口(中山六路)(16) → 中山六路(16) → 中山五路(24) → 农讲所(19) → 大东门(中山三路)(15) → 烈士陵园(19) → 中山医(26) → 东山口(东华北路)(33) → 农林东(34) → 梅花村(22) → 杨箕村(22)
14,43,10,天字码头(10) → 海珠广场(侨光东)(12) → 长堤(民间金融街)(14) → 爱群大厦(17) → 人民南路(17) → 大新路口(19) → 上九东(21) → 东升医院(30) → 人民中路(11) → 人民北路(11) → 中山七路(18) → 陈家祠(21) → 荔湾路口(30) → 中山八路(43)
14,43,11,鹅掌坦(18) → 西湾和苑(18) → 西湾路(22) → 黑山(21) → 西湾路(22) → 富力环市西苑(西村)(27) → 西场立交(11) → 南岸路(12) → 珠江桥脚(11) → 中山八路(43) → 石路基(26) → 陈家祠(21) → 康王中路(16) → 华林寺(16)
14,43,15,鹤洞新村(15) → 大冲口(16) → 下芳村(20) → 芳村(19) → 花地(25) → 山村(25) → 石围塘(22) → 桥东小区(25) → 芳村大道西(27) → 桥中(22) → 中山八路(43) → 荔湾路(16) → 彩虹桥(15) → 东风西路(36)
14,43,10,中山八路(43) → 石路基(26) → 荔湾路口(30) → 陈家祠(21) → 中山七路(18) → 人民中路(11) → 东升医院(30) → 上九东(21) → 大新路口(19) → 人民南路(17) → 南方大厦(24) → 爱群大厦(17) → 靖海路口(13) → 天字码头(10)
14,43,11,白云路东(18) → 白云路总站(13) → 越秀南路(22) → 中山图书馆(15) → 文明路(15) → 大南路(17) → 起义路(11) → 中山六路(16) → 西门口(中山六路)(16) → 中山七路(18) → 陈家祠(21) → 荔湾路口(30) → 石路基(26) → 中山八路(43)
14,43,11,小北(30) → 电视塔(21) → 越秀公园北门(21) → 越秀公园(30) → 盘福路(24) → 广医(37) → 市少年宫(30) → 人民北路(11) → 西门口(人民北路)(12) → 中山七路(18) → 陈家祠(21) → 荔湾路口(30) → 石路基(26) → 中山八路(43)
13,43,10,中山八路(43) → 石路基(26) → 陈家祠(21) → 中山七路(18) → 人民中路(11) → 东升医院(30) → 上九东(21) → 大新路口(19) → 人民南路(17) → 南方大厦(24) → 爱群大厦(17) → 靖海路口(13) → 天字码头(10)
13,43,11,广卫路总站(15) → 中山六路(16) → 西门口(中山六路)(16) → 中山七路(18) → 陈家祠(21) → 荔湾路口(30) → 中山八路(43) → 桥中(22) → 芳村大道西(27) → 桥东小区(25) → 石围塘(22) → 山村(25) → 联桂北(11)
13,43,15,彩虹桥(15) → 荔湾路口(30) → 中山八路(43) → 桥中(22) → 芳村大道西(27) → 桥东小区(25) → 石围塘(22) → 山村(25) → 花地(25) → 芳村(19) → 下芳村(20) → 大冲口(16) → 鹤洞新村(15)
13,43,12,彩虹桥(15) → 荔湾路(16) → 荔湾路口(30) → 石路基(26) → 中山八路(43) → 桥中(22) → 广佛路口(滘口客运站)(15) → 广佛路东(20) → 黄岐城区(19) → 宏威路口(19) → 嘉洲广场(15) → 大转弯(13) → 盐步路口(12)
13,43,15,广卫路总站(15) → 中山六路(16) → 西门口(中山六路)(16) → 中山七路(18) → 陈家祠(21) → 荔湾路口(30) → 中山八路(43) → 桥中(22) → 广佛路口(滘口客运站)(15) → 广佛路东(20) → 黄岐城区(19) → 宏威路口(19) → 嘉洲广场(15)
12,43,11,鹅掌坦(18) → 西湾和苑(18) → 西湾路(22) → 黑山(21) → 西湾路(22) → 富力环市西苑(西村)(27) → 西场立交(11) → 南岸路(12) → 珠江桥脚(11) → 中山八路(43) → 石路基(26) → 荔湾路口(30)
12,43,15,嘉洲广场(15) → 宏威路口(19) → 广佛路东(20) → 广佛路口(滘口客运站)(15) → 桥中(22) → 中山八路(43) → 石路基(26) → 陈家祠(21) → 中山七路(18) → 西门口(中山六路)(16) → 中山六路(16) → 广卫路总站(15)
12,43,10,天字码头(10) → 海珠广场(侨光东)(12) → 长堤(民间金融街)(14) → 爱群大厦(17) → 文化公园(13) → 康王南路(14) → 华林寺(16) → 康王中路(16) → 陈家祠(21) → 荔湾路口(30) → 石路基(26) → 中山八路(43)
11,43,10,鹤洞新村(15) → 大冲口(16) → 下芳村(20) → 芳村(19) → 黄沙大道(13) → 如意坊(12) → 荔湾湖公园西门(10) → 中山八路(43) → 荔湾路(16) → 彩虹桥(15) → 东风西路(36)
11,43,10,中山八路(43) → 石路基(26) → 荔湾路口(30) → 陈家祠(21) → 康王中路(16) → 华林寺(16) → 康王南路(14) → 南方大厦(24) → 爱群大厦(17) → 靖海路口(13) → 天字码头(10)
11,43,11,中山八路(43) → 荔湾路口(30) → 陈家祠(21) → 中山七路(18) → 西门口(人民北路)(12) → 人民北路(11) → 广医(37) → 盘福路(24) → 越秀公园(30) → 电视塔(21) → 小北(30)
10,43,10,茶漖小区(12) → 大策(10) → 联桂北(11) → 山村(25) → 石围塘(22) → 桥东小区(25) → 芳村大道西(27) → 桥中(22) → 中山八路(43) → 荔湾路口(30)
10,43,10,中山八路(43) → 荔湾湖公园西门(10) → 如意坊(12) → 黄沙大道(13) → 黄沙码头(21) → 六二三路(23) → 南方大厦(24) → 爱群大厦(17) → 靖海路口(13) → 天字码头(10)
10,43,12,盐步路口(12) → 大转弯(13) → 嘉洲广场(15) → 宏威路口(19) → 广佛路东(20) → 广佛路口(滘口客运站)(15) → 桥中(22) → 中山八路(43) → 荔湾路(16) → 彩虹桥(15)
10,43,10,彩虹桥(15) → 荔湾路(16) → 中山八路(43) → 荔湾湖公园西门(10) → 如意坊(12) → 黄沙大道(13) → 芳村(19) → 下芳村(20) → 大冲口(16) → 鹤洞新村(15)
9,43,10,中山八路(43) → 桥中(22) → 芳村大道西(27) → 桥东小区(25) → 石围塘(22) → 山村(25) → 联桂北(11) → 大策(10) → 茶漖小区(12)
8,43,11,中山八路(43) → 珠江桥脚(11) → 南岸路(12) → 西场立交(11) → 富力半岛花园(32) → 罗冲围客运站(35) → 金沙洲大桥西(19) → 金沙洲路(24)
8,43,12,中山八路(43) → 桥中(22) → 广佛路口(滘口客运站)(15) → 广佛路东(20) → 宏威路口(19) → 嘉洲广场(15) → 大转弯(13) → 盐步路口(12)
8,43,21,石路基(26) → 荔湾路口(30) → 陈家祠(21) → 荔湾路口(30) → 石路基(26) → 中山八路(43) → 桥中(22) → 芳村大道西(27)
7,43,16,中山八路(43) → 荔湾路口(30) → 陈家祠(21) → 中山七路(18) → 西门口(中山六路)(16) → 中山六路(16) → 解放中路(32)
6,43,12,市三宫(12) → 华贵路口(14) → 荔湾路口(30) → 中山八路(43) → 桥中(22) → 滘口客运站总站(12)
6,43,16,中山八路(43) → 石路基(26) → 荔湾路口(30) → 陈家祠(21) → 康王中路(16) → 华林寺(16)
6,43,15,中山八路(43) → 桥中(22) → 广佛路口(滘口客运站)(15) → 广佛路东(20) → 黄岐城区(19) → 宏威路口(19)
5,43,12,华贵路口(14) → 荔湾路口(30) → 中山八路(43) → 桥中(22) → 滘口客运站总站(12)
5,43,12,滘口客运站总站(12) → 桥中(22) → 中山八路(43) → 石路基(26) → 荔湾路口(30)
5,43,15,黄岐城区(19) → 广佛路东(20) → 广佛路口(滘口客运站)(15) → 桥中(22) → 中山八路(43)
5,43,16,中山八路(43) → 荔湾路口(30) → 陈家祠(21) → 中山七路(18) → 西门口(中山六路)(16)
5,43,16,华林寺(16) → 陈家祠(21) → 荔湾路口(30) → 石路基(26) → 中山八路(43)
4,43,12,滘口客运站总站(12) → 桥中(22) → 中山八路(43) → 石路基(26)
4,43,15,彩虹桥(15) → 荔湾路(16) → 荔湾路口(30) → 中山八路(43)
3,43,11,南岸路(12) → 珠江桥脚(11) → 中山八路(43)
3,43,10,中山八路(43) → 荔湾湖公园西门(10) → 如意坊(12)
29,38,13,地铁棠东站(13) → 家家乐医院(18) → 车陂路(21) → 车陂公交场(17) → 车陂南(16) → 黄埔大道(16) → 员村东(17) → 员村四横路口(29) → 程界村(30) → 员村山顶(33) → 华侨医院(潭村)(33) → 国防大厦(38) → 石牌村(35) → 冼村(34) → 人民日报广东分社(30) → 天河(32) → 南方报社(28) → 广州大桥北(五羊邨)(17) → 客村立交(29) → 敦和(34) → 广州大道南(叠景路口)(32) → 上涌(27) → 上涌南(23) → 洛溪桥脚(19) → 洛溪新城(28) → 上漖(26) → 大石桥南(16) → 大石(18) → 礼村(14)
28,38,11,珠江桥脚(11) → 南岸路(12) → 西场立交(11) → 和平新村(37) → 东风西路(36) → 市少年宫(30) → 广医(37) → 中山纪念堂(28) → 广东大厦(21) → 东风中路(19) → 正骨医院(26) → 东风东路(陵园西路口)(26) → 执信路(20) → 东风东路(广东工大)(21) → 东峻广场(20) → 锦城花园(21) → 天河(32) → 冼村(34) → 石牌村(35) → 国防大厦(38) → 华侨医院(潭村)(33) → 员村山顶(33) → 员村(23) → 程界村(30) → 员村四横路口(29) → 员村东(17) → 黄埔大道(16) → 车陂南(16)
27,38,11,东升医院(30) → 大德路(14) → 省中医院(14) → 解放南路口(12) → 大南路(17) → 文明路(15) → 中山图书馆(15) → 越秀南路(22) → 白云路总站(13) → 白云路东(18) → 中山医(26) → 东山口(东华北路)(33) → 农林东(34) → 梅花村(22) → 杨箕村(22) → 天河(32) → 冼村(34) → 石牌村(35) → 国防大厦(38) → 华侨医院(潭村)(33) → 员村山顶(33) → 员村(23) → 程界村(30) → 员村四横路口(29) → 科韵路(19) → 科韵路棠安路口(20) → 科韵路中(11)
25,38,11,广东药学院(11) → 宝岗大道中(22) → 宝岗大道北(22) → 市红会医院(23) → 解放南路(28) → 解放中路(32) → 中山五路(24) → 农讲所(19) → 大东门(中山三路)(15) → 烈士陵园(19) → 中山医(26) → 东山口(东华北路)(33) → 农林东(34) → 梅花村(22) → 杨箕村(22) → 天河(32) → 冼村(34) → 石牌村(35) → 国防大厦(38) → 华侨医院(潭村)(33) → 员村山顶(33) → 员村(23) → 程界村(30) → 员村四横路口(29) → 琶洲大桥北(20)
25,38,11,车陂南(16) → 黄埔大道(16) → 员村东(17) → 员村四横路口(29) → 程界村(30) → 员村山顶(33) → 华侨医院(潭村)(33) → 国防大厦(38) → 石牌村(35) → 冼村(34) → 人民日报广东分社(30) → 天河(32) → 锦城花园(21) → 东峻广场(20) → 东风东路(广东工大)(21) → 肿瘤医院(13) → 越秀桥(27) → 正骨医院(26) → 东风中路(19) → 中山纪念堂(28) → 广医(37) → 和平新村(37) → 西场立交(11) → 南岸路(12) → 珠江桥脚(11)
23,38,13,程界村(30) → 员村山顶(33) → 华侨医院(潭村)(33) → 国防大厦(38) → 石牌村(35) → 冼村(34) → 人民日报广东分社(30) → 天河(32) → 锦城花园(21) → 东峻广场(20) → 东风东路(广东工大)(21) → 执信路(20) → 肿瘤医院(13) → 越秀桥(27) → 正骨医院(26) → 东风中路(19) → 中山纪念堂(28) → 广医(37) → 和平新村(37) → 富力环市西苑(西村)(27) → 克山(20) → 环市西路(广园西路口)(18) → 广州火车站总站(33)
23,38,19,广州火车站总站(33) → 克山(20) → 富力环市西苑(西村)(27) → 和平新村(37) → 东风西路(36) → 市少年宫(30) → 广医(37) → 中山纪念堂(28) → 广东大厦(21) → 东风中路(19) → 正骨医院(26) → 东风东路(陵园西路口)(26) → 执信路(20) → 东风东路(广东工大)(21) → 东峻广场(20) → 锦城花园(21) → 天河(32) → 人民日报广东分社(30) → 冼村(34) → 石牌村(35) → 国防大厦(38) → 华侨医院(潭村)(33) → 员村山顶(33)
22,38,11,员村四横路口(29) → 程界村(30) → 员村山顶(33) → 华侨医院(潭村)(33) → 国防大厦(38) → 石牌村(35) → 冼村(34) → 天河(32) → 杨箕村(22) → 梅花村(22) → 农林东(34) → 中山医(26) → 烈士陵园(19) → 大东门(中山三路)(15) → 农讲所(19) → 财厅(11) → 中山五路(24) → 解放中路(32) → 解放南路(28) → 堑口(22) → 宝岗大道北(22) → 宝岗大道中(22)
22,38,13,地铁棠东站(13) → 家家乐医院(18) → 车陂路(21) → 车陂公交场(17) → 车陂南(16) → 黄埔大道(16) → 员村东(17) → 员村四横路口(29) → 程界村(30) → 员村山顶(33) → 国防大厦(38) → 石牌村(35) → 冼村(34) → 天河(32) → 锦城花园(21) → 东峻广场(20) → 东风东路(广东工大)(21) → 肿瘤医院(13) → 越秀桥(27) → 正骨医院(26) → 中山纪念堂(28) → 广医(37)
22,38,16,华海大厦(24) → 广医二院(25) → 怡乐村(27) → 省荣军医院(荣校)(27) → 中山大学(26) → 康乐村(26) → 鹭江(32) → 客村立交(29) → 广州大桥北(五羊邨)(17) → 南方报社(28) → 天河(32) → 冼村(34) → 石牌村(35) → 国防大厦(38) → 华侨医院(潭村)(33) → 员村山顶(33) → 员村(23) → 程界村(30) → 员村四横路口(29) → 员村东(17) → 黄埔大道(16) → 车陂南(16)
22,38,16,车陂南(16) → 黄埔大道(16) → 员村东(17) → 员村四横路口(29) → 程界村(30) → 员村山顶(33) → 华侨医院(潭村)(33) → 国防大厦(38) → 石牌村(35) → 冼村(34) → 人民日报广东分社(30) → 天河(32) → 南方报社(28) → 广州大桥北站(五羊邨)(24) → 客村立交(29) → 鹭江(32) → 康乐村(26) → 中山大学(26) → 省荣军医院(荣校)(27) → 怡乐村(27) → 广医二院(25) → 华海大厦(24)
22,38,15,横滘(17) → 上步村(18) → 同德乡(19) → 鹅掌坦(18) → 西湾和苑(18) → 西湾路(22) → 黑山(21) → 西湾路(22) → 克山(20) → 环市西路(广园西路口)(18) → 电视塔(21) → 小北(30) → 花园酒店(36) → 广东工大(26) → 动物园南门(28) → 天河立交(16) → 体育中心(35) → 体育东路(15) → 天河邮局(16) → 冼村(34) → 石牌村(35) → 国防大厦(38)
22,38,15,桂花岗(25) → 越秀公园(30) → 迎宾馆(30) → 中山五路(24) → 农讲所(19) → 大东门(中山三路)(15) → 烈士陵园(19) → 中山医(26) → 东山口(东华北路)(33) → 农林东(34) → 梅花村(22) → 杨箕村(22) → 天河(32) → 冼村(34) → 石牌村(35) → 国防大厦(38) → 华侨医院(潭村)(33) → 员村山顶(33) → 员村(23) → 程界村(30) → 员村四横路口(29) → 琶洲大桥北(20)
22,38,15,琶洲大桥北(20) → 员村四横路口(29) → 程界村(30) → 员村山顶(33) → 华侨医院(潭村)(33) → 国防大厦(38) → 石牌村(35) → 冼村(34) → 人民日报广东分社(30) → 天河(32) → 杨箕村(22) → 梅花村(22) → 农林东(34) → 东山口(东华北路)(33) → 中山医(26) → 烈士陵园(19) → 大东门(中山三路)(15) → 农讲所(19) → 中山五路(24) → 迎宾馆(30) → 越秀公园(30) → 梓元岗(31)
21,38,11,员村山顶(33) → 华侨医院(潭村)(33) → 国防大厦(38) → 石牌村(35) → 冼村(34) → 天河邮局(16) → 体育东路(15) → 体育中心东门(24) → 时代广场(15) → 广州体院(23) → 广州大道中(11) → 军体院(17) → 沙河(15) → 濂泉路口(16) → 金贵村(19) → 云台花园(16) → 白云山管理局(13) → 景泰坑(20) → 广园客运站(20) → 中医药大学(24) → 交电新村(22)
21,38,16,国防大厦(38) → 石牌村(35) → 冼村(34) → 天河(32) → 天河立交(16) → 动物园南门(28) → 广东工大(26) → 白云宾馆(34) → 广东电视台(25) → 小北(30) → 电视塔(21) → 越秀公园北门(21) → 克山(20) → 西湾路(22) → 黑山(21) → 西湾路(22) → 西湾和苑(18) → 鹅掌坦(18) → 同德乡(19) → 上步村(18) → 横滘(17)
21,38,14,东华南路(14) → 东山口(东华北路)(33) → 农林东(34) → 梅花村(22) → 杨箕村(22) → 天河(32) → 人民日报广东分社(30) → 冼村(34) → 石牌村(35) → 国防大厦(38) → 华侨医院(潭村)(33) → 员村山顶(33) → 员村(23) → 程界村(30) → 员村四横路口(29) → 员村东(17) → 黄埔大道(16) → 车陂公交场(17) → 车陂路(21) → 车陂(25) → 中山大道东圃站(26)
20,38,18,员村山顶(33) → 华侨医院(潭村)(33) → 国防大厦(38) → 石牌村(35) → 冼村(34) → 人民日报广东分社(30) → 天河(32) → 杨箕村(22) → 梅花村(22) → 农林东(34) → 东山口(东华北路)(33) → 中山医(26) → 白云路东(18) → 江湾桥脚(25) → 江湾桥南(23) → 基立下道(19) → 南村(21) → 华海大厦(24) → 信和广场(昌岗中路)(25) → 橡胶新村(20)
20,38,11,中医药大学(24) → 广园中路(20) → 景泰坑(20) → 白云山管理局(13) → 云台花园(16) → 金贵村(19) → 濂泉路口(16) → 军体院(17) → 广州大道中(24) → 广州体院(23) → 广州大道中(24) → 体育中心(35) → 体育东路(15) → 天河邮局(16) → 冼村路北(11) → 冼村(34) → 石牌村(35) → 国防大厦(38) → 华侨医院(潭村)(33) → 员村山顶(33)
19,38,10,交电新村(22) → 梓元岗(31) → 桂花岗(25) → 解放北路(11) → 盘福路(24) → 广东大厦(21) → 正骨医院(26) → 东风东路(陵园西路口)(26) → 先烈南路口(10) → 执信路(20) → 东风东路(广东工大)(21) → 东峻广场(20) → 锦城花园(21) → 天河(32) → 冼村(34) → 石牌村(35) → 国防大厦(38) → 华侨医院(潭村)(33) → 员村山顶(33)
19,38,11,员村山顶(33) → 国防大厦(38) → 石牌村(35) → 天河南(19) → 天河东路(14) → 天河北路(23) → 时代广场(15) → 广州体院(23) → 广州大道中(11) → 豪景花园(27) → 兴华路口(11) → 伍仙桥(11) → 鸡颈坑(12) → 梅园新村(12) → 梅花园(13) → 一五七医院(13) → 南方医院(19) → 东坑(18) → 同和(24)
19,38,16,家家乐医院(18) → 车陂路(21) → 车陂公交场(17) → 车陂南(16) → 黄埔大道(16) → 员村东(17) → 员村四横路口(29) → 程界村(30) → 员村山顶(33) → 国防大厦(38) → 石牌村(35) → 冼村(34) → 人民日报广东分社(30) → 天河(32) → 杨箕村(22) → 梅花村(22) → 农林东(34) → 中山医(26) → 白云路东(18)
19,38,13,员村四横路口(29) → 程界村(30) → 员村山顶(33) → 华侨医院(潭村)(33) → 国防大厦(38) → 石牌村(35) → 冼村(34) → 人民日报广东分社(30) → 天河(32) → 杨箕村(22) → 梅花村(22) → 农林东(34) → 东山口(东华北路)(33) → 中山医(26) → 白云路东(18) → 白云路总站(13) → 越秀南路(22) → 中山图书馆(15) → 文明路(15)
19,38,16,中山大道东圃站(26) → 车陂(25) → 车陂路(21) → 车陂公交场(17) → 黄埔大道(16) → 员村东(17) → 员村四横路口(29) → 程界村(30) → 员村山顶(33) → 华侨医院(潭村)(33) → 国防大厦(38) → 石牌村(35) → 冼村(34) → 人民日报广东分社(30) → 天河(32) → 杨箕村(22) → 梅花村(22) → 农林东(34) → 中山医(26)
18,38,10,车陂南(16) → 黄埔大道(16) → 员村东(17) → 员村四横路口(29) → 程界村(30) → 员村山顶(33) → 华侨医院(潭村)(33) → 国防大厦(38) → 石牌村(35) → 天河南(19) → 天河东路(14) → 龙口西(15) → 龙口东(16) → 五山路口(17) → 师大后门(15) → 华工大(11) → 华农大正门(11) → 五山学生公寓(10)
18,38,14,昌岗路口(14) → 信和广场(昌岗中路)(25) → 华海大厦(24) → 南村(21) → 基立下道(19) → 江湾桥南(23) → 江湾桥脚(25) → 东华南路(14) → 东山口(东华北路)(33) → 农林东(34) → 梅花村(22) → 杨箕村(22) → 天河(32) → 冼村(34) → 石牌村(35) → 国防大厦(38) → 华侨医院(潭村)(33) → 员村山顶(33)
18,38,13,员村四横路口(29) → 程界村(30) → 员村山顶(33) → 华侨医院(潭村)(33) → 国防大厦(38) → 石牌村(35) → 冼村(34) → 人民日报广东分社(30) → 天河(32) → 杨箕村(22) → 梅花村(22) → 农林东(34) → 中山医(26) → 白云路东(18) → 白云路总站(13) → 越秀南路(22) → 中山图书馆(15) → 文明路(15)
18,38,14,东华南路(14) → 东山口(东华北路)(33) → 农林东(34) → 梅花村(22) → 杨箕村(22) → 天河(32) → 冼村(34) → 石牌村(35) → 国防大厦(38) → 华侨医院(潭村)(33) → 员村山顶(33) → 员村(23) → 程界村(30) → 员村四横路口(29) → 员村东(17) → 黄埔大道(16) → 车陂公交场(17) → 车陂路(21)
18,38,16,黄村(17) → 中山大道东圃站(26) → 车陂(25) → 车陂路(21) → 车陂公交场(17) → 车陂南(16) → 黄埔大道(16) → 员村东(17) → 员村四横路口(29) → 程界村(30) → 员村山顶(33) → 华侨医院(潭村)(33) → 国防大厦(38) → 石牌村(35) → 冼村(34) → 人民日报广东分社(30) → 天河(32) → 杨箕村(22)
18,38,16,杨箕村(22) → 天河(32) → 人民日报广东分社(30) → 冼村(34) → 石牌村(35) → 国防大厦(38) → 华侨医院(潭村)(33) → 员村山顶(33) → 员村(23) → 程界村(30) → 员村四横路口(29) → 员村东(17) → 黄埔大道(16) → 车陂公交场(17) → 车陂路(21) → 车陂(25) → 中山大道东圃站(26) → 黄村(17)
17,38,12,珠村(12) → 黄村(17) → 中山大道东圃站(26) → 车陂路(21) → 车陂公交场(17) → 车陂南(16) → 黄埔大道(16) → 员村东(17) → 员村四横路口(29) → 程界村(30) → 员村山顶(33) → 华侨医院(潭村)(33) → 国防大厦(38) → 石牌村(35) → 冼村(34) → 人民日报广东分社(30) → 杨箕村(22)
17,38,12,杨箕村(22) → 天河(32) → 冼村(34) → 石牌村(35) → 国防大厦(38) → 华侨医院(潭村)(33) → 员村山顶(33) → 员村(23) → 程界村(30) → 员村四横路口(29) → 员村东(17) → 黄埔大道(16) → 车陂公交场(17) → 车陂路(21) → 中山大道东圃站(26) → 黄村(17) → 珠村(12)
15,38,20,员村山顶(33) → 华侨医院(潭村)(33) → 国防大厦(38) → 石牌村(35) → 冼村(34) → 人民日报广东分社(30) → 天河(32) → 锦城花园(21) → 东峻广场(20) → 东风东路(广东工大)(21) → 执信路(20) → 东风东路(陵园西路口)(26) → 越秀桥(27) → 正骨医院(26) → 中山纪念堂(28)
15,38,13,冼村(34) → 石牌村(35) → 国防大厦(38) → 华侨医院(潭村)(33) → 员村山顶(33) → 员村(23) → 程界村(30) → 员村四横路口(29) → 员村东(17) → 黄埔大道(16) → 车陂南(16) → 车陂公交场(17) → 车陂路(21) → 家家乐医院(18) → 地铁棠东站(13)
14,38,19,冼村(34) → 石牌村(35) → 国防大厦(38) → 华侨医院(潭村)(33) → 员村山顶(33) → 员村(23) → 程界村(30) → 员村四横路口(29) → 科韵路(19) → 棠下村(25) → 棠东(24) → 天朗明居(19) → 车陂(25) → 中山大道东圃站(26)
14,38,13,员村山顶(33) → 华侨医院(潭村)(33) → 国防大厦(38) → 石牌村(35) → 冼村(34) → 人民日报广东分社(30) → 天河(32) → 锦城花园(21) → 东峻广场(20) → 东风东路(广东工大)(21) → 农林下路(13) → 东山口(东华北路)(33) → 中山医(26) → 烈士陵园(19)
13,38,23,员村四横路口(29) → 程界村(30) → 员村山顶(33) → 华侨医院(潭村)(33) → 国防大厦(38) → 石牌村(35) → 冼村(34) → 人民日报广东分社(30) → 天河(32) → 广州大道中(24) → 广州体院(23) → 广州大道中(24) → 豪景花园(27)
13,38,13,冼村(34) → 石牌村(35) → 国防大厦(38) → 华侨医院(潭村)(33) → 员村山顶(33) → 程界村(30) → 员村四横路口(29) → 员村东(17) → 黄埔大道(16) → 车陂公交场(17) → 车陂路(21) → 家家乐医院(18) → 地铁棠东站(13)
13,38,13,员村山顶(33) → 华侨医院(潭村)(33) → 国防大厦(38) → 石牌村(35) → 冼村(34) → 天河(32) → 锦城花园(21) → 东峻广场(20) → 东风东路(广东工大)(21) → 农林下路(13) → 东山口(东华北路)(33) → 中山医(26) → 白云路东(18)
13,38,22,农林东(34) → 梅花村(22) → 杨箕村(22) → 天河(32) → 人民日报广东分社(30) → 冼村(34) → 石牌村(35) → 国防大厦(38) → 华侨医院(潭村)(33) → 员村山顶(33) → 员村(23) → 程界村(30) → 员村四横路口(29)
13,38,10,黄花岗(20) → 广东工大(26) → 动物园南门(28) → 冼村(34) → 石牌村(35) → 国防大厦(38) → 华侨医院(潭村)(33) → 员村山顶(33) → 员村(23) → 程界村(30) → 员村四横路口(29) → 琶洲大桥北(20) → 北山(10)
12,38,14,琶洲大桥北(20) → 员村四横路口(29) → 程界村(30) → 员村山顶(33) → 国防大厦(38) → 石牌村(35) → 冼村(34) → 天河邮局(16) → 体育东路(15) → 体育中心东门(24) → 林和东路(14) → 广州火车东站总站(33)
12,38,15,车陂南(16) → 黄埔大道(16) → 员村东(17) → 员村四横路口(29) → 程界村(30) → 员村山顶(33) → 华侨医院(潭村)(33) → 国防大厦(38) → 石牌村(35) → 冼村(34) → 天河邮局(16) → 体育东路(15)
12,38,13,中山医(26) → 东山口(东华北路)(33) → 农林下路(13) → 东风东路(广东工大)(21) → 东峻广场(20) → 锦城花园(21) → 天河(32) → 冼村(34) → 石牌村(35) → 国防大厦(38) → 华侨医院(潭村)(33) → 员村山顶(33)
12,38,19,烈士陵园(19) → 中山医(26) → 东山口(东华北路)(33) → 农林东(34) → 梅花村(22) → 杨箕村(22) → 天河(32) → 冼村(34) → 石牌村(35) → 国防大厦(38) → 华侨医院(潭村)(33) → 员村山顶(33)
12,38,19,员村山顶(33) → 华侨医院(潭村)(33) → 国防大厦(38) → 石牌村(35) → 冼村(34) → 人民日报广东分社(30) → 天河(32) → 杨箕村(22) → 梅花村(22) → 农林东(34) → 中山医(26) → 烈士陵园(19)
12,38,20,琶洲大桥北(20) → 员村四横路口(29) → 程界村(30) → 员村山顶(33) → 华侨医院(潭村)(33) → 国防大厦(38) → 石牌村(35) → 冼村(34) → 人民日报广东分社(30) → 动物园南门(28) → 广东工大(26) → 黄花岗(20)
11,38,11,猎德大道北(11) → 石牌村(35) → 国防大厦(38) → 华侨医院(潭村)(33) → 员村山顶(33) → 员村(23) → 程界村(30) → 员村四横路口(29) → 员村东(17) → 黄埔大道(16) → 车陂南(16)
10,38,20,天河(32) → 冼村(34) → 石牌村(35) → 国防大厦(38) → 华侨医院(潭村)(33) → 员村山顶(33) → 员村(23) → 程界村(30) → 员村四横路口(29) → 琶洲大桥北(20)
10,38,11,广州体院(23) → 时代广场(15) → 天河北路(23) → 天河东路(14) → 天河南(19) → 猎德大道北(11) → 石牌村(35) → 国防大厦(38) → 华侨医院(潭村)(33) → 员村山顶(33)
10,38,14,员村四横路口(29) → 程界村(30) → 员村山顶(33) → 华侨医院(潭村)(33) → 国防大厦(38) → 石牌村(35) → 天河南(19) → 天河东路(14) → 天河北路(23) → 时代广场(15)
9,38,16,国防大厦(38) → 华侨医院(潭村)(33) → 员村山顶(33) → 员村(23) → 程界村(30) → 员村四横路口(29) → 员村东(17) → 黄埔大道(16) → 车陂南(16)
9,38,15,花园酒店(36) → 广东工大(26) → 动物园南门(28) → 天河立交(16) → 体育中心(35) → 体育东路(15) → 天河邮局(16) → 石牌村(35) → 国防大厦(38)
9,38,10,芳园路口(11) → 猎德(16) → 冼村路中(10) → 冼村路北(11) → 冼村(34) → 石牌村(35) → 国防大厦(38) → 华侨医院(潭村)(33) → 员村山顶(33)
9,38,19,员村山顶(33) → 华侨医院(潭村)(33) → 国防大厦(38) → 石牌村(35) → 天河南(19) → 石牌桥(24) → 体育中心(35) → 广州大道中(24) → 广州体院(23)
8,38,11,猎德大道北(11) → 石牌村(35) → 国防大厦(38) → 华侨医院(潭村)(33) → 员村山顶(33) → 员村(23) → 程界村(30) → 员村四横路口(29)
7,38,11,国防大厦(38) → 天河南(19) → 天河东路(14) → 天寿路(17) → 林乐路(11) → 林和中路(20) → 广州火车东站总站(33)
7,38,14,广州火车东站总站(33) → 林和西路(32) → 天河北路(23) → 天河东路(14) → 天河南(19) → 石牌村(35) → 国防大厦(38)
7,38,10,广花一路(夏花一路口)(17) → 夏茅(20) → 冶金技校(18) → 鹤南(兵房街)(25) → 联和(29) → 黄石路口(38) → 汇侨南路(10)
7,38,11,员村四横路口(29) → 程界村(30) → 员村山顶(33) → 华侨医院(潭村)(33) → 国防大厦(38) → 石牌村(35) → 猎德大道北(11)
6,38,32,天河(32) → 冼村(34) → 石牌村(35) → 国防大厦(38) → 华侨医院(潭村)(33) → 员村山顶(33)
5,38,11,员村山顶(33) → 华侨医院(潭村)(33) → 国防大厦(38) → 石牌村(35) → 猎德大道北(11)
5,38,29,国防大厦(38) → 华侨医院(潭村)(33) → 员村山顶(33) → 程界村(30) → 员村四横路口(29)
4,38,14,国防大厦(38) → 天河南(19) → 天河东路(14) → 天寿路(17)
4,38,10,鹤南(兵房街)(25) → 联和(29) → 黄石路口(38) → 汇侨南路(10)
4,38,25,机场路(28) → 黄石路口(38) → 联和(29) → 鹤南(兵房街)(25)
4,38,29,员村四横路口(29) → 程界村(30) → 员村山顶(33) → 国防大厦(38)
31,37,12,松南街口(16) → 松南路口(16) → 罗冲围客运站(35) → 富力半岛花园(32) → 西场电器城(18) → 和平新村(37) → 东风西路(36) → 市少年宫(30) → 广医(37) → 中山纪念堂(28) → 广东大厦(21) → 东风中路(19) → 正骨医院(26) → 东风东路(陵园西路口)(26) → 先烈南路(12) → 广东工大(26) → 动物园南门(28) → 天河立交(16) → 体育中心(35) → 石牌桥(24) → 岗顶(27) → 师大暨大(26) → 华景新城(24) → 上社(26) → 广师大(26) → 棠下村(25) → 棠东(24) → 天朗明居(19) → 车陂(25) → 中山大道东圃站(26) → 黄村(17)
29,37,12,松南路口(16) → 罗冲围客运站(35) → 富力半岛花园(32) → 西场电器城(18) → 和平新村(37) → 东风西路(36) → 市少年宫(30) → 广医(37) → 中山纪念堂(28) → 广东大厦(21) → 正骨医院(26) → 东风东路(陵园西路口)(26) → 先烈南路(12) → 广东工大(26) → 动物园南门(28) → 天河立交(16) → 体育中心(35) → 石牌桥(24) → 岗顶(27) → 师大暨大(26) → 华景新城(24) → 上社(26) → 广师大(26) → 棠下村(25) → 棠东(24) → 天朗明居(19) → 车陂(25) → 中山大道东圃站(26) → 黄村(17)
29,37,10,黄村(17) → 中山大道东圃站(26) → 车陂(25) → 天朗明居(19) → 棠东(24) → 棠下村(25) → 广师大(26) → 上社(26) → 天府路口(10) → 华景新城(24) → 师大暨大(26) → 岗顶(27) → 石牌桥(24) → 体育中心(35) → 天河立交(16) → 动物园南门(28) → 广东工大(26) → 先烈南路(12) → 东风东路(陵园西路口)(26) → 越秀桥(27) → 东风中路(19) → 中山纪念堂(28) → 广医(37) → 和平新村(37) → 西场电器城(18) → 富力半岛花园(32) → 松南路口(16) → 松南街口(16) → 松北(15)
29,37,11,南洲名苑(17) → 海珠客运站(29) → 洛溪桥脚(19) → 上涌南(23) → 上涌(27) → 广州大道南(叠景路口)(32) → 敦和(34) → 鹭江(32) → 康乐村(26) → 中山大学(26) → 省荣军医院(荣校)(27) → 怡乐村(27) → 云桂村(13) → 基立村(11) → 江南大道中(18) → 地铁市二宫站(16) → 江南大道北(20) → 海珠广场(一德东)(17) → 解放中路(32) → 中山六路(16) → 西门口(中山六路)(16) → 中山七路(18) → 陈家祠(21) → 荔湾路(16) → 彩虹桥(15) → 和平新村(37) → 西场电器城(18) → 富力半岛花园(32) → 罗冲围客运站(35)
27,37,12,黄村(17) → 中山大道东圃站(26) → 车陂(25) → 天朗明居(19) → 棠东(24) → 棠下村(25) → 广师大(26) → 上社(26) → 华景新城(24) → 师大暨大(26) → 岗顶(27) → 石牌桥(24) → 体育中心(35) → 天河立交(16) → 广东工大(26) → 先烈南路(12) → 东风东路(陵园西路口)(26) → 越秀桥(27) → 东风中路(19) → 中山纪念堂(28) → 广医(37) → 和平新村(37) → 西场电器城(18) → 富力半岛花园(32) → 松南路口(16) → 松南街口(16) → 松北(15)
27,37,11,地铁浔峰岗站(23) → 地铁横沙站(15) → 金沙洲路(24) → 金沙洲大桥西(19) → 罗冲围客运站(35) → 富力半岛花园(32) → 西场电器城(18) → 和平新村(37) → 东风西路(36) → 市少年宫(30) → 广医(37) → 中山纪念堂(28) → 东风中路(19) → 正骨医院(26) → 东风东路(陵园西路口)(26) → 执信路(20) → 东风东路(广东工大)(21) → 东峻广场(20) → 锦城花园(21) → 天河(32) → 冼村(34) → 天河南(19) → 天河东路(14) → 天寿路(17) → 林乐路(11) → 林和中路(20) → 广州火车东站总站(33)
25,37,11,和平新村(37) → 彩虹桥(15) → 荔湾路(16) → 陈家祠(21) → 中山七路(18) → 西门口(中山六路)(16) → 中山六路(16) → 解放中路(32) → 解放南路(28) → 海珠广场(一德东)(17) → 江南大道北(20) → 地铁市二宫站(16) → 基立村(11) → 前进路(12) → 云桂村(13) → 怡乐村(27) → 省荣军医院(荣校)(27) → 中山大学(26) → 康乐村(26) → 鹭江(32) → 敦和(34) → 广州大道南(叠景路口)(32) → 上涌(27) → 上涌南(23) → 洛溪桥脚(19)
24,37,12,地铁浔峰岗站(23) → 地铁横沙站(15) → 金沙洲路(24) → 金沙洲大桥西(19) → 罗冲围客运站(35) → 富力半岛花园(32) → 西场电器城(18) → 和平新村(37) → 东风西路(36) → 市少年宫(30) → 广医(37) → 中山纪念堂(28) → 广东大厦(21) → 东风中路(19) → 正骨医院(26) → 江湾桥南(23) → 基立下道(19) → 前进路(12) → 云桂村(13) → 晓港新村(15) → 东晓南路(19) → 五凤乡(16) → 瑞南新村(16) → 晓港湾(15)
23,37,10,罗冲围客运站(35) → 富力半岛花园(32) → 和平新村(37) → 广医(37) → 中山纪念堂(28) → 东风中路(19) → 东风东路(陵园西路口)(26) → 先烈南路口(10) → 执信路(20) → 东风东路(广东工大)(21) → 东峻广场(20) → 锦城花园(21) → 南方报社(28) → 广州大桥北站(五羊邨)(24) → 客村立交(29) → 敦和(34) → 广州大道南(叠景路口)(32) → 上涌(27) → 上涌南(23) → 洛溪桥脚(19) → 吉祥道(16) → 地铁洛溪站(新浦路)(16) → 南浦大桥南(沿沙路)(14)
23,37,13,广州火车东站总站(33) → 林和西路(32) → 天河北路(23) → 天河东路(14) → 天河南(19) → 冼村(34) → 人民日报广东分社(30) → 锦城花园(21) → 东峻广场(20) → 东风东路(广东工大)(21) → 肿瘤医院(13) → 越秀桥(27) → 正骨医院(26) → 中山纪念堂(28) → 广医(37) → 和平新村(37) → 西场电器城(18) → 富力半岛花园(32) → 罗冲围客运站(35) → 金沙洲大桥西(19) → 金沙洲路(24) → 地铁横沙站(15) → 地铁浔峰岗站(23)
23,37,11,环洲三路西(11) → 沙凤(13) → 环洲三路(14) → 金沙洲路(24) → 金沙洲大桥西(19) → 罗冲围客运站(35) → 富力半岛花园(32) → 西场电器城(18) → 和平新村(37) → 东风西路(36) → 市少年宫(30) → 广医(37) → 中山纪念堂(28) → 东风中路(19) → 正骨医院(26) → 东风东路(陵园西路口)(26) → 执信路(20) → 东风东路(广东工大)(21) → 东峻广场(20) → 锦城花园(21) → 天河(32) → 冼村(34) → 天河南(19)
21,37,11,晓港湾(15) → 瑞南新村(16) → 五凤乡(16) → 东晓南路(19) → 晓港新村(15) → 云桂村(13) → 基立村(11) → 基立下道(19) → 江湾桥南(23) → 正骨医院(26) → 东风中路(19) → 中山纪念堂(28) → 广医(37) → 和平新村(37) → 西场电器城(18) → 富力半岛花园(32) → 罗冲围客运站(35) → 金沙洲大桥西(19) → 金沙洲路(24) → 地铁横沙站(15) → 地铁浔峰岗站(23)
21,37,11,天河南(19) → 冼村(34) → 人民日报广东分社(30) → 锦城花园(21) → 东峻广场(20) → 东风东路(广东工大)(21) → 肿瘤医院(13) → 东风东路(陵园西路口)(26) → 越秀桥(27) → 正骨医院(26) → 中山纪念堂(28) → 广医(37) → 和平新村(37) → 西场电器城(18) → 富力半岛花园(32) → 罗冲围客运站(35) → 金沙洲大桥西(19) → 金沙洲路(24) → 环洲三路(14) → 沙凤(13) → 环洲三路西(11)
20,37,14,松北(15) → 松南街口(16) → 松南路口(16) → 罗冲围客运站(35) → 富力半岛花园(32) → 和平新村(37) → 东风西路(36) → 康王北路(东风路口)(14) → 中山七路(18) → 西门口(中山六路)(16) → 中山六路(16) → 解放中路(32) → 解放南路(28) → 堑口(22) → 宝岗大道北(22) → 宝岗大道中(22) → 海珠区妇幼(23) → 江南新村(骨伤科医院)(27) → 西基东(19) → 昌岗路口(14)
19,37,13,洛溪桥脚(19) → 上涌南(23) → 上涌(27) → 广州大道南(叠景路口)(32) → 敦和(34) → 客村立交(29) → 广州大桥北站(五羊邨)(24) → 南方报社(28) → 锦城花园(21) → 东峻广场(20) → 东风东路(广东工大)(21) → 肿瘤医院(13) → 越秀桥(27) → 东风中路(19) → 中山纪念堂(28) → 广医(37) → 和平新村(37) → 富力半岛花园(32) → 罗冲围客运站(35)
19,37,14,昌岗路口(14) → 宝岗大道南(19) → 西基东(19) → 江南新村(骨伤科医院)(27) → 海珠区妇幼(23) → 宝岗大道中(22) → 宝岗大道北(22) → 市红会医院(23) → 解放南路(28) → 解放中路(32) → 中山六路(16) → 西门口(中山六路)(16) → 中山七路(18) → 康王北路(东风路口)(14) → 和平新村(37) → 富力半岛花园(32) → 罗冲围客运站(35) → 松南路口(16) → 松南街口(16)
19,37,14,昌岗路口(14) → 宝岗大道南(19) → 西基东(19) → 江南新村(骨伤科医院)(27) → 海珠区妇幼(23) → 宝岗大道中(22) → 宝岗大道北(22) → 市红会医院(23) → 解放南路(28) → 解放中路(32) → 中山六路(16) → 西门口(中山六路)(16) → 中山七路(18) → 康王北路(东风路口)(14) → 和平新村(37) → 富力半岛花园(32) → 松南路口(16) → 松南街口(16) → 松北(15)
19,37,10,三元里大道北(25) → 棠溪(26) → 三元里大道中(29) → 棠下(三元里大道)(31) → 沙涌(26) → 北站(25) → 三元里(25) → 三元里大道(桂花岗)(21) → 越秀公园(30) → 盘福路(24) → 广医(37) → 东风西路(36) → 彩虹桥(15) → 荔湾路(16) → 荔湾路口(30) → 石路基(26) → 荔湾湖公园西门(10) → 如意坊(12) → 黄沙大道(13)
18,37,11,南村(21) → 江南大道中(18) → 地铁市二宫站(16) → 江南大道北(20) → 海珠广场(侨光东)(12) → 长堤(民间金融街)(14) → 爱群大厦(17) → 人民南路(17) → 大新路口(19) → 上九东(21) → 东升医院(30) → 人民中路(11) → 西门口(人民北路)(12) → 人民北路(11) → 广医(37) → 盘福路(24) → 越秀公园(30) → 梓元岗(31)
18,37,11,保利花园(南石头)(28) → 纸厂(22) → 珠江医院(17) → 基建新村(17) → 沙园(23) → 凤凰新村(宝业路口)(23) → 梅园西(24) → 革新路口(22) → 洪德路(19) → 南方大厦(24) → 人民南路(17) → 大新路口(19) → 上九东(21) → 东升医院(30) → 西门口(人民北路)(12) → 人民北路(11) → 广医(37) → 盘福路(24)
18,37,14,松北(15) → 松南街口(16) → 松南路口(16) → 罗冲围客运站(35) → 富力半岛花园(32) → 和平新村(37) → 东风西路(36) → 康王北路(东风路口)(14) → 康王中路(16) → 华林寺(16) → 康王南路(14) → 洪德路(19) → 革新路口(22) → 梅园西(24) → 凤凰新村(宝业路口)(23) → 珠江医院(17) → 纸厂(22) → 保利花园(南石头)(28)
18,37,14,昌岗路口(14) → 宝岗大道南(19) → 西基东(19) → 江南新村(骨伤科医院)(27) → 海珠区妇幼(23) → 宝岗大道中(22) → 宝岗大道北(22) → 市红会医院(23) → 解放南路(28) → 解放中路(32) → 中山六路(16) → 西门口(中山六路)(16) → 中山七路(18) → 康王北路(东风路口)(14) → 和平新村(37) → 富力半岛花园(32) → 松南路口(16) → 松南街口(16)
18,37,11,保利花园(南石头)(28) → 纸厂(22) → 珠江医院(17) → 基建新村(17) → 沙园(23) → 凤凰新村(宝业路口)(23) → 梅园西(24) → 革新路口(22) → 洪德路(19) → 南方大厦(24) → 人民南路(17) → 大新路口(19) → 上九东(21) → 东升医院(30) → 人民中路(11) → 西门口(人民北路)(12) → 人民北路(11) → 广医(37)
17,37,16,罗冲围客运站(35) → 富力半岛花园(32) → 西场电器城(18) → 和平新村(37) → 东风西路(36) → 市少年宫(30) → 广医(37) → 迎宾馆(30) → 解放中路(32) → 解放南路(28) → 海珠广场(一德东)(17) → 江南大道北(20) → 地铁市二宫站(16) → 江南大道中(18) → 南村(21) → 华海大厦(24) → 广医二院(25)
17,37,10,黑山(21) → 西湾路(22) → 富力环市西苑(西村)(27) → 和平新村(37) → 东风西路(36) → 市少年宫(30) → 广医(37) → 中山纪念堂(28) → 广东大厦(21) → 东风中路(19) → 正骨医院(26) → 东风东路(陵园西路口)(26) → 先烈南路口(10) → 执信路(20) → 东风东路(广东工大)(21) → 东峻广场(20) → 锦城花园(21)
16,37,14,保利花园(南石头)(28) → 纸厂(22) → 珠江医院(17) → 凤凰新村(宝业路口)(23) → 梅园西(24) → 革新路口(22) → 洪德路(19) → 康王南路(14) → 华林寺(16) → 康王中路(16) → 康王北路(东风路口)(14) → 和平新村(37) → 富力半岛花园(32) → 松南路口(16) → 松南街口(16) → 松北(15)
16,37,10,锦城花园(21) → 东峻广场(20) → 东风东路(广东工大)(21) → 执信路(20) → 先烈南路(12) → 先烈南路口(10) → 东风东路(陵园西路口)(26) → 越秀桥(27) → 正骨医院(26) → 东风中路(19) → 中山纪念堂(28) → 广医(37) → 和平新村(37) → 富力环市西苑(西村)(27) → 西湾路(22) → 黑山(21)
16,37,13,松北(15) → 松南街口(16) → 松南路口(16) → 罗冲围客运站(35) → 富力半岛花园(32) → 和平新村(37) → 东风西路(36) → 康王北路(东风路口)(14) → 康王中路(16) → 华林寺(16) → 康王南路(14) → 洪德路(19) → 革新路口(22) → 梅园西(24) → 凤凰新村(宝业路口)(23) → 金沙路(13)
16,37,13,体育中心(35) → 体育东路(15) → 天河邮局(16) → 人民日报广东分社(30) → 锦城花园(21) → 东风东路(广东工大)(21) → 肿瘤医院(13) → 东风东路(陵园西路口)(26) → 越秀桥(27) → 正骨医院(26) → 中山纪念堂(28) → 广医(37) → 金沙洲大桥西(19) → 金沙洲路(24) → 地铁横沙站(15) → 地铁浔峰岗站(23)
14,37,17,横滘(17) → 上步村(18) → 同德乡(19) → 鹅掌坦(18) → 西湾和苑(18) → 西湾路(22) → 黑山(21) → 西湾路(22) → 富力环市西苑(西村)(27) → 和平新村(37) → 东风西路(36) → 市少年宫(30) → 广医(37) → 中山纪念堂(28)
14,37,13,中大北门(15) → 中大北门西(13) → 珠江泳场(16) → 滨江东路(20) → 大沙头游船码头(25) → 大沙头(17) → 正骨医院(26) → 东风中路(19) → 中山纪念堂(28) → 广医(37) → 和平新村(37) → 西场电器城(18) → 富力半岛花园(32) → 罗冲围客运站(35)
14,37,12,地铁浔峰岗站(23) → 地铁横沙站(15) → 金沙洲路(24) → 金沙洲大桥西(19) → 罗冲围客运站(35) → 富力半岛花园(32) → 广医(37) → 中山纪念堂(28) → 正骨医院(26) → 东风东路(陵园西路口)(26) → 先烈南路(12) → 广东工大(26) → 天河立交(16) → 体育中心(35)
13,37,14,广医(37) → 东风西路(36) → 和平新村(37) → 富力环市西苑(西村)(27) → 西湾路(22) → 黑山(21) → 西湾路(22) → 西湾和苑(18) → 鹅掌坦(18) → 同德乡(19) → 上步村(18) → 横滘(17) → 泽德花苑(14)
13,37,11,锦城花园(21) → 东峻广场(20) → 东风东路(广东工大)(21) → 肿瘤医院(13) → 越秀桥(27) → 正骨医院(26) → 东风中路(19) → 中山纪念堂(28) → 广医(37) → 市少年宫(30) → 人民北路(11) → 西门口(人民北路)(12) → 东升医院(30)
13,37,12,广医(37) → 和平新村(37) → 富力环市西苑(西村)(27) → 西湾路(22) → 黑山(21) → 西湾路(22) → 西湾和苑(18) → 鹅掌坦(18) → 同德乡(19) → 上步村(18) → 横滘(17) → 泽德花苑(14) → 聚龙工业区(12)
13,37,14,金沙洲路(24) → 金沙洲大桥西(19) → 罗冲围客运站(35) → 富力半岛花园(32) → 西场电器城(18) → 和平新村(37) → 东风西路(36) → 康王北路(东风路口)(14) → 康王中路(16) → 华林寺(16) → 康王南路(14) → 洪德路(19) → 革新路口(22)
13,37,14,梅园西(24) → 革新路口(22) → 洪德路(19) → 康王南路(14) → 华林寺(16) → 康王中路(16) → 康王北路(东风路口)(14) → 和平新村(37) → 西场电器城(18) → 富力半岛花园(32) → 罗冲围客运站(35) → 金沙洲大桥西(19) → 金沙洲路(24)
12,37,14,鹤洞新村(15) → 大冲口(16) → 下芳村(20) → 芳村(19) → 黄沙码头(21) → 六二三路(23) → 康王南路(14) → 华林寺(16) → 康王中路(16) → 康王北路(东风路口)(14) → 市少年宫(30) → 广医(37)
12,37,18,罗冲围客运站(35) → 富力半岛花园(32) → 西场电器城(18) → 和平新村(37) → 东风西路(36) → 市少年宫(30) → 广医(37) → 中山纪念堂(28) → 广东大厦(21) → 东风中路(19) → 正骨医院(26) → 大沙头游船码头(25)
12,37,11,上九东(21) → 东升医院(30) → 人民中路(11) → 人民北路(11) → 广医(37) → 中山纪念堂(28) → 广东大厦(21) → 正骨医院(26) → 东风东路(陵园西路口)(26) → 执信路(20) → 东风东路(广东工大)(21) → 东峻广场(20)
12,37,18,鹅掌坦(18) → 西湾和苑(18) → 西湾路(22) → 黑山(21) → 西湾路(22) → 富力环市西苑(西村)(27) → 和平新村(37) → 东风西路(36) → 市少年宫(30) → 广医(37) → 广东大厦(21) → 正骨医院(26)
11,37,15,松北(15) → 松南街口(16) → 松南路口(16) → 罗冲围客运站(35) → 富力半岛花园(32) → 和平新村(37) → 富力环市西苑(西村)(27) → 克山(20) → 省妇幼(16) → 王圣堂(16) → 瑶台(16)
11,37,14,小北(30) → 小北花圈(25) → 东风中路(19) → 中山纪念堂(28) → 广医(37) → 康王北路(东风路口)(14) → 康王中路(16) → 华林寺(16) → 康王南路(14) → 六二三路(23) → 市中医院(25)
11,37,11,盘福路(24) → 广医(37) → 市少年宫(30) → 人民北路(11) → 西门口(人民北路)(12) → 人民中路(11) → 上九东(21) → 大新路口(19) → 人民南路(17) → 文化公园(13) → 洪德路(19)
11,37,20,东风西路(36) → 市少年宫(30) → 广医(37) → 中山纪念堂(28) → 广东大厦(21) → 正骨医院(26) → 东风东路(陵园西路口)(26) → 执信路(20) → 东风东路(广东工大)(21) → 东峻广场(20) → 锦城花园(21)
11,37,18,正骨医院(26) → 中山纪念堂(28) → 广医(37) → 和平新村(37) → 富力环市西苑(西村)(27) → 西湾路(22) → 黑山(21) → 西湾路(22) → 西湾和苑(18) → 鹅掌坦(18) → 同德乡(19)
11,37,18,鹅掌坦(18) → 西湾和苑(18) → 西湾路(22) → 黑山(21) → 西湾路(22) → 富力环市西苑(西村)(27) → 和平新村(37) → 东风西路(36) → 市少年宫(30) → 广医(37) → 中山纪念堂(28)
11,37,15,地铁浔峰岗站(23) → 地铁横沙站(15) → 金沙洲路(24) → 金沙洲大桥西(19) → 罗冲围客运站(35) → 富力半岛花园(32) → 和平新村(37) → 东风西路(36) → 市少年宫(30) → 广医(37) → 中山纪念堂(28)
11,37,14,革新路口(22) → 洪德路(19) → 康王南路(14) → 华林寺(16) → 康王中路(16) → 康王北路(东风路口)(14) → 东风西路(36) → 和平新村(37) → 西场电器城(18) → 富力半岛花园(32) → 罗冲围客运站(35)
10,37,17,和平新村(37) → 富力环市西苑(西村)(27) → 西湾路(22) → 黑山(21) → 西湾路(22) → 西湾和苑(18) → 鹅掌坦(18) → 同德乡(19) → 上步村(18) → 横滘(17)
10,37,11,流花(南部战区总医院)(14) → 人民北路(站南路口)(12) → 草暖公园(17) → 越秀公园(30) → 盘福路(24) → 广医(37) → 和平新村(37) → 西场立交(11) → 南岸路(12) → 珠江桥脚(11)
10,37,16,市少年宫(30) → 广医(37) → 迎宾馆(30) → 解放中路(32) → 解放南路(28) → 海珠广场(一德东)(17) → 江南大道北(20) → 地铁市二宫站(16) → 江南大道中(18) → 南村(21)
10,37,11,市三宫(12) → 华贵路口(14) → 荔湾路(16) → 彩虹桥(15) → 和平新村(37) → 富力半岛花园(32) → 罗冲围客运站(35) → 金沙洲大桥西(19) → 金沙洲路(24) → 城西花园(11)
10,37,11,城西花园(11) → 金沙洲路(24) → 金沙洲大桥西(19) → 罗冲围客运站(35) → 富力半岛花园(32) → 和平新村(37) → 富力环市西苑(西村)(27) → 克山(20) → 环市西路(广园西路口)(18) → 广州火车站总站(33)
10,37,14,罗冲围客运站(35) → 富力半岛花园(32) → 西场电器城(18) → 和平新村(37) → 东风西路(36) → 康王北路(东风路口)(14) → 康王中路(16) → 华林寺(16) → 康王南路(14) → 革新路口(22)
9,37,11,城西花园(11) → 金沙洲路(24) → 金沙洲大桥西(19) → 罗冲围客运站(35) → 富力半岛花园(32) → 和平新村(37) → 富力环市西苑(西村)(27) → 克山(20) → 环市西路(广园西路口)(18)
9,37,14,华林寺(16) → 康王中路(16) → 康王北路(东风路口)(14) → 市少年宫(30) → 广医(37) → 中山纪念堂(28) → 广东大厦(21) → 东风中路(19) → 正骨医院(26)
9,37,11,南方大厦(24) → 人民南路(17) → 大新路口(19) → 上九东(21) → 东升医院(30) → 人民中路(11) → 西门口(人民北路)(12) → 人民北路(11) → 广医(37)
9,37,10,城西花园(11) → 金沙洲路(24) → 金沙洲大桥西(19) → 罗冲围客运站(35) → 富力半岛花园(32) → 和平新村(37) → 彩虹桥(15) → 荔湾路(16) → 泮塘(10)
8,37,11,珠江桥脚(11) → 南岸路(12) → 西场立交(11) → 和平新村(37) → 东风西路(36) → 市少年宫(30) → 广医(37) → 盘福路(24)
8,37,15,瑶台(16) → 王圣堂(16) → 省妇幼(16) → 克山(20) → 富力环市西苑(西村)(27) → 和平新村(37) → 彩虹桥(15) → 荔湾路(16)
8,37,16,罗冲围客运站(35) → 富力半岛花园(32) → 和平新村(37) → 富力环市西苑(西村)(27) → 克山(20) → 省妇幼(16) → 王圣堂(16) → 瑶台(16)
8,37,15,广医(37) → 和平新村(37) → 富力半岛花园(32) → 罗冲围客运站(35) → 金沙洲大桥西(19) → 金沙洲路(24) → 地铁横沙站(15) → 地铁浔峰岗站(23)
7,37,18,金沙洲路(24) → 金沙洲大桥西(19) → 罗冲围客运站(35) → 富力半岛花园(32) → 西场电器城(18) → 和平新村(37) → 东风西路(36)
6,37,18,广医(37) → 东风西路(36) → 和平新村(37) → 西场电器城(18) → 富力半岛花园(32) → 罗冲围客运站(35)
6,37,18,和平新村(37) → 西场电器城(18) → 富力半岛花园(32) → 罗冲围客运站(35) → 金沙洲大桥西(19) → 金沙洲路(24)
5,37,11,上九东(21) → 东升医院(30) → 西门口(人民北路)(12) → 人民北路(11) → 广医(37)
4,37,14,华林寺(16) → 康王中路(16) → 康王北路(东风路口)(14) → 广医(37)
4,37,21,黑山(21) → 西湾路(22) → 富力环市西苑(西村)(27) → 和平新村(37)
27,36,11,广州火车站总站(33) → 电视塔(21) → 花园酒店(36) → 广东工大(26) → 动物园南门(28) → 南方报社(28) → 广州大桥北站(五羊邨)(24) → 客村立交(29) → 敦和(34) → 广州大道南(叠景路口)(32) → 上涌(27) → 上涌南(23) → 洛溪桥脚(19) → 洛溪新城(28) → 上漖(26) → 五洲装饰城(地铁厦滘站)(20) → 沙溪村(22) → 涌口村(16) → 涌口村牌坊(18) → 塘埗西(18) → 万博中心(14) → 华南碧桂园(16) → 里仁洞(14) → 万博翠湖花园(13) → 节能科技园(13) → 龙美牌坊(13) → 龙美村(迎新路)(11)
26,36,13,东风西路(36) → 康王北路(东风路口)(14) → 康王中路(16) → 华林寺(16) → 康王南路(14) → 洪德路(19) → 革新路口(22) → 梅园西(24) → 凤凰新村(宝业路口)(23) → 沙园(23) → 基建新村(17) → 珠江医院(17) → 纸厂(22) → 保利花园(南石头)(28) → 石溪(17) → 新滘西路口(14) → 金碧花园(14) → 嘉鸿花园(13) → 南洲名苑(17) → 海珠客运站(29) → 洛溪新城(28) → 上漖(26) → 大石桥南(16) → 大石(18) → 富石路(群贤路口)(13) → 礼村(14)
26,36,10,沥滘总站(10) → 后滘村(22) → 沥滘(23) → 三滘村(23) → 洛溪桥脚(19) → 上涌南(23) → 上涌(27) → 广州大道南(叠景路口)(32) → 敦和(34) → 珠影(地铁客村站)(32) → 赤岗路口(36) → 赤岗(江海大道)(34) → 磨碟沙(12) → 海港花园(13) → 广交会展馆(13) → 琶洲(16) → 琶洲大桥南(18) → 琶洲大桥北(20) → 科韵路(19) → 科韵路棠安路口(20) → 科韵路中(11) → 岑村红花岗(13) → 岑村小学(13) → 华观路(火炉山森林公园)(12) → 华观路(13) → 凌塘村(11)
24,36,14,礼村(14) → 大石(18) → 大石桥南(16) → 上漖(26) → 洛溪新城(28) → 海珠客运站(29) → 南洲名苑(17) → 金碧花园(14) → 新滘西路口(14) → 石溪(17) → 保利花园(南石头)(28) → 纸厂(22) → 珠江医院(17) → 基建新村(17) → 沙园(23) → 凤凰新村(宝业路口)(23) → 梅园西(24) → 革新路口(22) → 洪德路(19) → 康王南路(14) → 华林寺(16) → 康王中路(16) → 康王北路(东风路口)(14) → 东风西路(36)
24,36,10,凌塘村(11) → 华观路(13) → 华观路(火炉山森林公园)(12) → 岑村小学(13) → 岑村红花岗(13) → 科韵路中(11) → 科韵路棠安路口(20) → 琶洲大桥北(20) → 琶洲(16) → 广交会展馆(13) → 海港花园(13) → 磨碟沙(12) → 赤岗(江海大道)(34) → 赤岗路口(36) → 珠影(地铁客村站)(32) → 敦和(34) → 广州大道南(叠景路口)(32) → 上涌(27) → 上涌南(23) → 洛溪桥脚(19) → 三滘村(23) → 沥滘(23) → 后滘村(22) → 沥滘总站(10)
23,36,12,滘口客运站总站(12) → 芳村大道西(27) → 桥东小区(25) → 石围塘(22) → 山村(25) → 花地(25) → 芳村(19) → 下芳村(20) → 大冲口(16) → 鹤洞新村(15) → 橡胶新村(20) → 信和广场(昌岗中路)(25) → 广医二院(25) → 怡乐村(27) → 省荣军医院(荣校)(27) → 中山大学(26) → 康乐村(26) → 鹭江(32) → 珠影(地铁客村站)(32) → 赤岗路口(36) → 赤岗(江海大道)(34) → 江海大道中(21) → 大塘(江海大道)(28)
22,36,11,新滘东路中(17) → 新滘中路(地铁龙潭站)(15) → 龙潭村牌坊(15) → 龙潭村(25) → 大塘(江海大道)(28) → 江海大道中(25) → 赤岗(江海大道)(34) → 赤岗路口(36) → 珠影(地铁客村站)(32) → 鹭江(32) → 康乐村(26) → 中山大学(26) → 省荣军医院(荣校)(27) → 怡乐村(27) → 云桂村(13) → 基立村(11) → 江南大道中(18) → 地铁市二宫站(16) → 江南大道北(20) → 海珠广场(一德东)(17) → 起义路(11) → 广卫路总站(15)
22,36,12,江海大道中(25) → 赤岗(江海大道)(34) → 赤岗路口(36) → 珠影(地铁客村站)(32) → 鹭江(32) → 康乐村(26) → 中山大学(26) → 省荣军医院(荣校)(27) → 怡乐村(27) → 广医二院(25) → 信和广场(昌岗中路)(25) → 橡胶新村(20) → 鹤洞新村(15) → 大冲口(16) → 下芳村(20) → 芳村(19) → 花地(25) → 山村(25) → 石围塘(22) → 桥东小区(25) → 芳村大道西(27) → 滘口客运站总站(12)
22,36,11,新滘东路中(17) → 新滘中路(地铁龙潭站)(15) → 龙潭村牌坊(15) → 龙潭村(25) → 大塘(江海大道)(28) → 江海大道中(25) → 赤岗(江海大道)(34) → 赤岗路口(36) → 珠影(地铁客村站)(32) → 鹭江(32) → 康乐村(26) → 中山大学(26) → 省荣军医院(荣校)(27) → 怡乐村(27) → 云桂村(13) → 基立村(11) → 江南大道中(18) → 地铁市二宫站(16) → 江南大道北(20) → 海珠广场(一德东)(17) → 起义路(11) → 迎宾馆(30)
21,36,11,解放南路(28) → 海珠广场(一德东)(17) → 江南大道北(20) → 地铁市二宫站(16) → 基立村(11) → 前进路(12) → 云桂村(13) → 怡乐村(27) → 省荣军医院(荣校)(27) → 中山大学(26) → 康乐村(26) → 鹭江(32) → 珠影(地铁客村站)(32) → 赤岗路口(36) → 赤岗(江海大道)(34) → 江海大道中(21) → 大塘(江海大道)(28) → 龙潭村(25) → 龙潭村牌坊(15) → 新滘中路(地铁龙潭站)(15) → 新滘东路中(17)
21,36,15,芳村大道西(27) → 桥东小区(25) → 石围塘(22) → 山村(25) → 花地(25) → 芳村(19) → 下芳村(20) → 大冲口(16) → 鹤洞新村(15) → 橡胶新村(20) → 信和广场(昌岗中路)(25) → 广医二院(25) → 怡乐村(27) → 省荣军医院(荣校)(27) → 中山大学(26) → 康乐村(26) → 鹭江(32) → 珠影(地铁客村站)(32) → 赤岗路口(36) → 赤岗(江海大道)(34) → 江海大道中(21)
21,36,10,广卫路总站(15) → 中山五路(24) → 仓边路(20) → 小北花圈(25) → 小北(30) → 花园酒店(36) → 广东工大(26) → 动物园南门(28) → 天河立交(16) → 体育中心(26) → 体育东路(15) → 天河邮局(16) → 冼村路北(11) → 冼村路中(10) → 猎德(16) → 猎德东(15) → 大塘(江海大道)(28) → 龙潭村(25) → 龙潭村牌坊(15) → 新滘中路(地铁龙潭站)(15) → 新滘东路中(17)
20,36,12,车陂总站(13) → 车陂路(21) → 棠东(24) → 棠下村(25) → 科韵路(19) → 琶洲大桥北(20) → 琶洲(16) → 广交会展馆(13) → 海港花园(13) → 磨碟沙(12) → 赤岗(江海大道)(34) → 赤岗路口(36) → 珠影(地铁客村站)(32) → 敦和(34) → 广州大道南(叠景路口)(32) → 上涌(27) → 上涌南(23) → 洛溪桥脚(19) → 海珠客运站(29) → 海珠客运站总站(12)
20,36,12,鹅掌坦(18) → 西湾和苑(18) → 西湾路(22) → 黑山(21) → 西湾路(22) → 克山(20) → 环市西路(广园西路口)(18) → 草暖公园(17) → 电视塔(21) → 小北(30) → 花园酒店(36) → 犀牛路口(12) → 农林下路(13) → 农林东(34) → 梅花村(22) → 杨箕村(22) → 体育中心(35) → 体育中心东门(24) → 林和东路(14) → 广州火车东站总站(33)
20,36,17,广州火车站总站(33) → 草暖公园(17) → 电视塔(21) → 小北(30) → 花园酒店(36) → 广东工大(26) → 动物园南门(28) → 体育中心(26) → 石牌桥(24) → 岗顶(27) → 师大暨大(26) → 华景新城(24) → 上社(26) → 广师大(26) → 棠下村(25) → 棠东(24) → 天朗明居(19) → 车陂(25) → 中山大道东圃站(26) → 黄村(17)
20,36,15,海珠区妇幼(23) → 宝岗大道中(22) → 宝岗大道北(22) → 市红会医院(23) → 解放南路(28) → 解放中路(32) → 中山五路(24) → 仓边路(20) → 小北花圈(25) → 小北(30) → 广东电视台(25) → 花园酒店(36) → 广东工大(26) → 动物园南门(28) → 天河立交(16) → 体育中心(26) → 体育中心东门(24) → 天河北路(23) → 龙口西(15) → 龙口东(16)
19,36,15,市红会医院(23) → 解放南路(28) → 解放中路(32) → 中山五路(24) → 仓边路(20) → 小北花圈(25) → 小北(30) → 广东电视台(25) → 花园酒店(36) → 广东工大(26) → 动物园南门(28) → 天河立交(16) → 广州大道中(24) → 时代广场(15) → 天河北路(23) → 龙口西(15) → 龙口东(16) → 五山路口(17) → 师大后门(15)
19,36,12,海珠客运站总站(12) → 洛溪桥脚(19) → 上涌南(23) → 上涌(27) → 广州大道南(叠景路口)(32) → 敦和(34) → 珠影(地铁客村站)(32) → 赤岗路口(36) → 赤岗(江海大道)(34) → 磨碟沙(12) → 海港花园(13) → 广交会展馆(13) → 琶洲(16) → 琶洲大桥北(20) → 科韵路(19) → 棠下村(25) → 棠东(24) → 车陂路(21) → 车陂总站(13)
19,36,17,广州火车站总站(33) → 草暖公园(17) → 电视塔(21) → 小北(30) → 花园酒店(36) → 广东工大(26) → 动物园南门(28) → 体育中心(26) → 石牌桥(24) → 岗顶(27) → 师大暨大(26) → 华景新城(24) → 上社(26) → 广师大(26) → 棠下村(25) → 棠东(24) → 天朗明居(19) → 车陂(25) → 中山大道东圃站(26)
19,36,11,江南大道北(20) → 地铁市二宫站(16) → 基立村(11) → 前进路(12) → 云桂村(13) → 怡乐村(27) → 省荣军医院(荣校)(27) → 中山大学(26) → 康乐村(26) → 鹭江(32) → 珠影(地铁客村站)(32) → 赤岗路口(36) → 赤岗(江海大道)(34) → 江海大道中(21) → 大塘(江海大道)(28) → 龙潭村(25) → 龙潭村牌坊(15) → 新滘中路(地铁龙潭站)(15) → 新滘东路中(17)
18,36,16,赤岗路口(36) → 珠影(地铁客村站)(32) → 鹭江(32) → 康乐村(26) → 中山大学(26) → 省荣军医院(荣校)(27) → 怡乐村(27) → 广医二院(25) → 华海大厦(24) → 南村(21) → 江南大道中(18) → 地铁市二宫站(16) → 江南大道北(20) → 大南路(17) → 文德路(19) → 仓边路(20) → 小北花圈(25) → 小北(30)
18,36,11,新滘东路中(17) → 新滘中路(地铁龙潭站)(15) → 龙潭村牌坊(15) → 龙潭村(25) → 大塘(江海大道)(28) → 江海大道中(25) → 赤岗(江海大道)(34) → 赤岗路口(36) → 珠影(地铁客村站)(32) → 客村立交(29) → 广州大桥北站(五羊邨)(24) → 南方报社(28) → 广州大道中(24) → 广州体院(23) → 广州大道中(24) → 军体院(17) → 豪景花园(27) → 天平架总站(11)
18,36,17,广州火车站总站(33) → 电视塔(21) → 花园酒店(36) → 广东工大(26) → 动物园南门(28) → 体育中心(26) → 石牌桥(24) → 岗顶(27) → 师大暨大(26) → 华景新城(24) → 上社(26) → 广师大(26) → 棠下村(25) → 棠东(24) → 天朗明居(19) → 车陂(25) → 中山大道东圃站(26) → 黄村(17)
17,36,11,天平架总站(11) → 省军区(17) → 军体院(17) → 广州大道中(24) → 广州体院(23) → 广州大道中(24) → 南方报社(28) → 广州大桥北站(五羊邨)(24) → 客村立交(29) → 珠影(地铁客村站)(32) → 赤岗路口(36) → 赤岗(江海大道)(34) → 江海大道中(21) → 大塘(江海大道)(28) → 龙潭村(25) → 龙潭村牌坊(15) → 新滘中路(地铁龙潭站)(15)
17,36,14,电视塔(21) → 花园酒店(36) → 广东工大(26) → 动物园南门(28) → 南方报社(28) → 广州大桥北站(五羊邨)(24) → 客村立交(29) → 敦和(34) → 广州大道南(叠景路口)(32) → 上涌(27) → 上涌南(23) → 洛溪桥脚(19) → 洛溪新城(28) → 上漖(26) → 大石桥南(16) → 大石(18) → 礼村(14)
17,36,13,赤岗路口(36) → 珠影(地铁客村站)(32) → 鹭江(32) → 康乐村(26) → 中山大学(26) → 省荣军医院(荣校)(27) → 怡乐村(27) → 广医二院(25) → 信和广场(昌岗中路)(25) → 橡胶新村(20) → 广州市培英中学(25) → 白鹤洞(22) → 鹤洞路西(27) → 花地大道中(15) → 龙溪立交南(坑口牌坊)(16) → 芳村客运站(17) → 浣花路(13)
17,36,10,南村(21) → 华海大厦(24) → 广医二院(25) → 怡乐村(27) → 省荣军医院(荣校)(27) → 中山大学(26) → 康乐村(26) → 鹭江(32) → 珠影(地铁客村站)(32) → 赤岗路口(36) → 赤岗(江海大道)(34) → 磨碟沙(12) → 海港花园(13) → 广交会展馆(13) → 琶洲(16) → 琶洲大桥南(18) → 北山(10)
16,36,12,员村(23) → 程界村(30) → 员村四横路口(29) → 琶洲大桥北(20) → 琶洲大桥南(18) → 琶洲(16) → 广交会展馆(13) → 海港花园(13) → 磨碟沙(12) → 赤岗(江海大道)(34) → 赤岗路口(36) → 珠影(地铁客村站)(32) → 敦和(34) → 广州大道南(叠景路口)(32) → 上涌(27) → 上涌南(23)
16,36,15,新滘东路中(17) → 新滘中路(地铁龙潭站)(15) → 龙潭村牌坊(15) → 龙潭村(25) → 大塘(江海大道)(28) → 江海大道中(25) → 赤岗(江海大道)(34) → 赤岗路口(36) → 珠影(地铁客村站)(32) → 鹭江(32) → 康乐村(26) → 中山大学(26) → 省荣军医院(荣校)(27) → 怡乐村(27) → 广医二院(25) → 华海大厦(24)
16,36,19,广州火车站总站(33) → 电视塔(21) → 花园酒店(36) → 广东工大(26) → 动物园南门(28) → 体育中心(26) → 石牌桥(24) → 岗顶(27) → 师大暨大(26) → 华景新城(24) → 上社(26) → 广师大(26) → 棠下村(25) → 棠东(24) → 天朗明居(19) → 车陂(25)
16,36,14,瑶台(16) → 王圣堂(16) → 省妇幼(16) → 环市西路(广园西路口)(18) → 草暖公园(17) → 电视塔(21) → 小北(30) → 广东电视台(25) → 花园酒店(36) → 广东工大(26) → 动物园南门(28) → 天河立交(16) → 体育中心(26) → 体育中心东门(24) → 林和东路(14) → 广州火车东站总站(33)
15,36,12,小北(30) → 广东电视台(25) → 花园酒店(36) → 犀牛路口(12) → 东风东路(广东工大)(21) → 东峻广场(20) → 锦城花园(21) → 南方报社(28) → 广州大桥北(五羊邨)(17) → 客村立交(29) → 珠影(地铁客村站)(32) → 赤岗路口(36) → 赤岗(江海大道)(34) → 江海大道中(21) → 大塘(江海大道)(28)
15,36,14,江海大道中(25) → 赤岗(江海大道)(34) → 赤岗路口(36) → 珠影(地铁客村站)(32) → 客村立交(29) → 广州大桥北(五羊邨)(17) → 南方报社(28) → 锦城花园(21) → 东峻广场(20) → 东风东路(广东工大)(21) → 执信路(20) → 区庄立交西(14) → 白云宾馆(34) → 广东电视台(25) → 小北(30)
15,36,12,上涌南(23) → 上涌(27) → 广州大道南(叠景路口)(32) → 敦和(34) → 珠影(地铁客村站)(32) → 赤岗路口(36) → 赤岗(江海大道)(34) → 磨碟沙(12) → 海港花园(13) → 广交会展馆(13) → 琶洲(16) → 琶洲大桥南(18) → 琶洲大桥北(20) → 员村四横路口(29) → 程界村(30)
15,36,15,华海大厦(24) → 广医二院(25) → 怡乐村(27) → 省荣军医院(荣校)(27) → 中山大学(26) → 康乐村(26) → 鹭江(32) → 珠影(地铁客村站)(32) → 赤岗路口(36) → 赤岗(江海大道)(34) → 江海大道中(21) → 大塘(江海大道)(28) → 龙潭村(25) → 龙潭村牌坊(15) → 新滘中路(地铁龙潭站)(15)
14,36,10,茶漖小区(12) → 大策(10) → 联桂北(11) → 花地(25) → 芳村隧道口(15) → 黄沙码头(21) → 六二三路(23) → 南方大厦(24) → 文化公园(13) → 康王南路(14) → 华林寺(16) → 康王中路(16) → 康王北路(东风路口)(14) → 东风西路(36)
14,36,12,琶洲(16) → 广交会展馆(13) → 海港花园(13) → 磨碟沙(12) → 赤岗(江海大道)(34) → 赤岗路口(36) → 珠影(地铁客村站)(32) → 鹭江(32) → 康乐村(26) → 中山大学(26) → 省荣军医院(荣校)(27) → 怡乐村(27) → 广医二院(25) → 华海大厦(24)
13,36,16,江南大道北(20) → 地铁市二宫站(16) → 江南大道中(18) → 南村(21) → 华海大厦(24) → 广医二院(25) → 怡乐村(27) → 省荣军医院(荣校)(27) → 中山大学(26) → 康乐村(26) → 鹭江(32) → 珠影(地铁客村站)(32) → 赤岗路口(36)
13,36,10,赤岗塔(10) → 新鸿花园(10) → 客村立交(29) → 珠影(地铁客村站)(32) → 赤岗路口(36) → 赤岗(江海大道)(34) → 磨碟沙(12) → 海港花园(13) → 广交会展馆(13) → 琶洲(16) → 琶洲大桥南(18) → 琶洲村(13) → 万胜围(13)
12,36,15,赤岗路口(36) → 珠影(地铁客村站)(32) → 客村立交(29) → 广州大桥北(五羊邨)(17) → 南方报社(28) → 体育中心(26) → 体育中心东门(24) → 天河北路(23) → 龙口西(15) → 龙口东(16) → 五山路口(17) → 师大后门(15)
12,36,17,赤岗路口(36) → 珠影(地铁客村站)(32) → 鹭江(32) → 康乐村(26) → 中山大学(26) → 省荣军医院(荣校)(27) → 怡乐村(27) → 海印桥南(20) → 大沙头游船码头(25) → 大沙头(17) → 江湾桥脚(25) → 越秀南路(22)
12,36,19,海珠区妇幼(23) → 江南新村(骨伤科医院)(27) → 宝岗大道南(19) → 信和广场(昌岗中路)(25) → 广医二院(25) → 怡乐村(27) → 省荣军医院(荣校)(27) → 中山大学(26) → 康乐村(26) → 鹭江(32) → 珠影(地铁客村站)(32) → 赤岗路口(36)
12,36,11,鹭江(32) → 珠影(地铁客村站)(32) → 赤岗路口(36) → 赤岗(江海大道)(34) → 磨碟沙(12) → 海港花园(13) → 广交会展馆(13) → 琶洲(16) → 琶洲大桥南(18) → 琶洲塔(11) → 琶洲村(13) → 万胜围(13)
11,36,12,市红会医院(23) → 市二宫(12) → 江南大道北(20) → 海珠广场(一德东)(17) → 大南路(17) → 文德路(19) → 仓边路(20) → 小北花圈(25) → 小北(30) → 花园酒店(36) → 区庄立交西(14)
11,36,15,海珠客运站(29) → 海印桥南(20) → 大沙头游船码头(25) → 大沙头(17) → 江湾桥脚(25) → 越秀南路(22) → 中山图书馆(15) → 文明路(15) → 文德路(19) → 农讲所(19) → 花园酒店(36)
11,36,12,五山路口(17) → 龙口东(16) → 龙口西(15) → 天河北路(23) → 体育西路(13) → 维多利广场(12) → 南方报社(28) → 广州大桥北站(五羊邨)(24) → 客村立交(29) → 珠影(地铁客村站)(32) → 赤岗路口(36)
11,36,11,越秀南路(22) → 白云路(11) → 大沙头游船码头(25) → 海印桥南(20) → 怡乐村(27) → 省荣军医院(荣校)(27) → 中山大学(26) → 康乐村(26) → 鹭江(32) → 珠影(地铁客村站)(32) → 赤岗路口(36)
11,36,19,赤岗路口(36) → 珠影(地铁客村站)(32) → 鹭江(32) → 康乐村(26) → 中山大学(26) → 省荣军医院(荣校)(27) → 怡乐村(27) → 广医二院(25) → 信和广场(昌岗中路)(25) → 宝岗大道南(19) → 西基东(19)
11,36,12,万胜围(13) → 琶洲村(13) → 琶洲大桥南(18) → 琶洲(16) → 广交会展馆(13) → 海港花园(13) → 磨碟沙(12) → 赤岗(江海大道)(34) → 赤岗路口(36) → 珠影(地铁客村站)(32) → 鹭江(32)
11,36,21,华海大厦(24) → 广医二院(25) → 怡乐村(27) → 省荣军医院(荣校)(27) → 中山大学(26) → 康乐村(26) → 鹭江(32) → 珠影(地铁客村站)(32) → 赤岗路口(36) → 赤岗(江海大道)(34) → 江海大道中(21)
11,36,24,江海大道中(25) → 赤岗(江海大道)(34) → 赤岗路口(36) → 珠影(地铁客村站)(32) → 鹭江(32) → 康乐村(26) → 中山大学(26) → 省荣军医院(荣校)(27) → 怡乐村(27) → 广医二院(25) → 华海大厦(24)
11,36,10,万胜围(13) → 琶洲村(13) → 琶洲(16) → 广交会展馆(13) → 海港花园(13) → 磨碟沙(12) → 赤岗(江海大道)(34) → 赤岗路口(36) → 珠影(地铁客村站)(32) → 客村立交(29) → 赤岗塔(10)
10,36,11,赤岗路口(36) → 赤岗(江海大道)(34) → 磨碟沙(12) → 海港花园(13) → 广交会展馆(13) → 琶洲(16) → 琶洲大桥南(18) → 琶洲塔(11) → 琶洲村(13) → 万胜围(13)
10,36,22,江海大道中(25) → 赤岗(江海大道)(34) → 赤岗路口(36) → 珠影(地铁客村站)(32) → 客村立交(29) → 广州大桥北站(五羊邨)(24) → 南方报社(28) → 杨箕村(22) → 梅花村(22) → 农林东(34)
10,36,20,橡胶新村(20) → 信和广场(昌岗中路)(25) → 广医二院(25) → 怡乐村(27) → 省荣军医院(荣校)(27) → 中山大学(26) → 康乐村(26) → 鹭江(32) → 珠影(地铁客村站)(32) → 赤岗路口(36)
10,36,14,小北(30) → 广东电视台(25) → 花园酒店(36) → 广东工大(26) → 动物园南门(28) → 天河立交(16) → 体育中心(26) → 体育中心东门(24) → 林和东路(14) → 广州火车东站总站(33)
9,36,12,黑山(21) → 西湾路(22) → 克山(20) → 环市西路(广园西路口)(18) → 电视塔(21) → 花园酒店(36) → 犀牛路口(12) → 农林下路(13) → 农林东(34)
9,36,12,万胜围(13) → 琶洲村(13) → 琶洲大桥南(18) → 琶洲(16) → 广交会展馆(13) → 海港花园(13) → 磨碟沙(12) → 赤岗(江海大道)(34) → 赤岗路口(36)
9,36,12,海珠客运站总站(12) → 洛溪桥脚(19) → 上涌南(23) → 上涌(27) → 广州大道南(叠景路口)(32) → 敦和(34) → 珠影(地铁客村站)(32) → 赤岗路口(36) → 赤岗(江海大道)(34)
9,36,15,珠影(地铁客村站)(32) → 赤岗路口(36) → 赤岗(江海大道)(34) → 江海大道中(21) → 大塘(江海大道)(28) → 龙潭村(25) → 龙潭村牌坊(15) → 新滘中路(地铁龙潭站)(15) → 新滘东路中(17)
9,36,15,新滘东路中(17) → 新滘中路(地铁龙潭站)(15) → 龙潭村牌坊(15) → 龙潭村(25) → 大塘(江海大道)(28) → 江海大道中(25) → 赤岗(江海大道)(34) → 赤岗路口(36) → 珠影(地铁客村站)(32)
8,36,12,花园酒店(36) → 犀牛路口(12) → 农林下路(13) → 东山口(东华北路)(33) → 东华南路(14) → 江湾桥脚(25) → 大沙头(17) → 大沙头游船码头(25)
8,36,22,农林东(34) → 梅花村(22) → 杨箕村(22) → 南方报社(28) → 广州大桥北站(五羊邨)(24) → 客村立交(29) → 珠影(地铁客村站)(32) → 赤岗路口(36)
8,36,12,广卫路总站(15) → 中山五路(24) → 仓边路(20) → 小北花圈(25) → 小北(30) → 花园酒店(36) → 黄花岗(20) → 动物园(12)
8,36,10,赤岗路口(36) → 赤岗(江海大道)(34) → 磨碟沙(12) → 海港花园(13) → 广交会展馆(13) → 琶洲(16) → 琶洲大桥南(18) → 北山(10)
7,36,32,广州大道南(叠景路口)(32) → 敦和(34) → 珠影(地铁客村站)(32) → 赤岗路口(36) → 珠影(地铁客村站)(32) → 敦和(34) → 广州大道南(叠景路口)(32)
7,36,21,赤岗路口(36) → 江海大道中(21) → 大塘(江海大道)(28) → 龙潭村(25) → 后滘村(22) → 沥滘(23) → 三滘村(23)
7,36,17,广州火车站总站(33) → 草暖公园(17) → 电视塔(21) → 小北(30) → 花园酒店(36) → 广东工大(26) → 动物园南门(28)
6,36,25,龙潭村(25) → 大塘(江海大道)(28) → 江海大道中(25) → 赤岗(江海大道)(34) → 赤岗路口(36) → 珠影(地铁客村站)(32)
6,36,12,小北花圈(25) → 小北(30) → 广东电视台(25) → 花园酒店(36) → 黄花岗(20) → 动物园(12)
6,36,15,大东门(中山三路)(15) → 农讲所(19) → 仓边路(20) → 小北花圈(25) → 小北(30) → 花园酒店(36)
6,36,12,琶洲(16) → 广交会展馆(13) → 海港花园(13) → 磨碟沙(12) → 赤岗(江海大道)(34) → 赤岗路口(36)
5,36,20,小北花圈(25) → 小北(30) → 广东电视台(25) → 花园酒店(36) → 黄花岗(20)
5,36,21,珠影(地铁客村站)(32) → 赤岗路口(36) → 江海大道中(21) → 大塘(江海大道)(28) → 龙潭村(25)
5,36,12,花园酒店(36) → 犀牛路口(12) → 农林下路(13) → 农林东(34) → 梅花村(22)
5,36,21,龙潭村(25) → 大塘(江海大道)(28) → 江海大道中(21) → 赤岗(江海大道)(34) → 赤岗路口(36)
5,36,17,广州大桥北(五羊邨)(17) → 客村立交(29) → 珠影(地铁客村站)(32) → 赤岗路口(36) → 赤岗(江海大道)(34)
5,36,12,小北花圈(25) → 小北(30) → 花园酒店(36) → 黄花岗(20) → 动物园(12)
4,36,14,华贵路口(14) → 荔湾路(16) → 彩虹桥(15) → 东风西路(36)
4,36,14,华林寺(16) → 康王中路(16) → 康王北路(东风路口)(14) → 东风西路(36)
4,36,25,江海大道中(25) → 赤岗(江海大道)(34) → 赤岗路口(36) → 珠影(地铁客村站)(32)
4,36,21,珠影(地铁客村站)(32) → 赤岗路口(36) → 赤岗(江海大道)(34) → 江海大道中(21)
4,36,20,广州火车站总站(33) → 电视塔(21) → 花园酒店(36) → 黄花岗(20)
4,36,25,白云区政务中心(27) → 三元里(25) → 花园酒店(36) → 动物园南门(28)
3,36,25,花园酒店(36) → 白云宾馆(34) → 广东电视台(25)
3,36,29,客村立交(29) → 珠影(地铁客村站)(32) → 赤岗路口(36)
3,36,18,花园酒店(36) → 中山医(26) → 白云路东(18)
3,36,32,赤岗路口(36) → 珠影(地铁客村站)(32) → 赤岗路口(36)
33,35,10,高普路天盈路口(11) → 高普路软件路口(10) → 天河软件园管委会(13) → 软件路(12) → 科学大道口(19) → 小新塘(16) → 科学城路口(20) → 大观中路南(20) → 大观中路(新塘大街)(20) → 地铁大观南路站(17) → 奥林匹克中心西门(17) → 中山大道东圃站(26) → 车陂(25) → 天朗明居(19) → 棠东(24) → 棠下村(25) → 广师大(26) → 上社(26) → 天府路口(10) → 华景新城(24) → 师大暨大(26) → 岗顶(27) → 石牌桥(24) → 体育中心(35) → 锦城花园(21) → 东峻广场(20) → 东风东路(广东工大)(21) → 肿瘤医院(13) → 越秀桥(27) → 正骨医院(26) → 东风中路(19) → 中山纪念堂(28) → 广卫路总站(15)
29,35,11,龙洞牌坊(11) → 地铁植物园站(15) → 植物园正门(13) → 三宝墟(12) → 科学院(11) → 天源路中(11) → 地铁长湴站(12) → 射击场(12) → 上元岗(24) → 天河客运站(16) → 银河园(19) → 武警医院(20) → 燕塘企业(20) → 省军区(17) → 军体院(17) → 广州大道中(24) → 广州体院(23) → 广州大道中(24) → 体育中心(35) → 石牌桥(24) → 岗顶(27) → 师大暨大(26) → 华景新城(24) → 上社(26) → 广师大(26) → 棠下村(25) → 棠东(24) → 车陂路(21) → 车陂总站(13)
27,35,11,车陂总站(13) → 车陂公交场(17) → 车陂路(21) → 棠东(24) → 棠下村(25) → 广师大(26) → 上社(26) → 华景新城(24) → 师大暨大(26) → 岗顶(27) → 石牌桥(24) → 体育中心(35) → 广州大道中(24) → 广州体院(23) → 广州大道中(24) → 军体院(17) → 省军区(17) → 燕塘企业(20) → 武警医院(20) → 银河园(19) → 天河客运站(16) → 上元岗(24) → 射击场(12) → 天源路中(11) → 科学院(11) → 三宝墟(12) → 植物园正门(13)
27,35,11,罗冲围客运站(35) → 富力半岛花园(32) → 西场电器城(18) → 陈家祠(21) → 中山七路(18) → 西门口(中山六路)(16) → 中山六路(16) → 解放中路(32) → 解放南路(28) → 海珠广场(一德东)(17) → 江南大道北(20) → 地铁市二宫站(16) → 基立村(11) → 前进路(12) → 云桂村(13) → 怡乐村(27) → 省荣军医院(荣校)(27) → 中山大学(26) → 康乐村(26) → 鹭江(32) → 敦和(34) → 广州大道南(叠景路口)(32) → 上涌(27) → 上涌南(23) → 洛溪桥脚(19) → 海珠客运站(29) → 南洲名苑(17)
23,35,11,基立下道(19) → 江湾桥南(23) → 江湾桥脚(25) → 东华南路(14) → 东山口(东华北路)(33) → 农林东(34) → 梅花村(22) → 杨箕村(22) → 体育中心(35) → 石牌桥(24) → 岗顶(27) → 师大暨大(26) → 华景新城(24) → 上社(26) → 广师大(26) → 棠下村(25) → 棠东(24) → 天朗明居(19) → 车陂(25) → 中山大道东圃站(26) → 黄村(17) → 珠村(12) → 莲溪(11)
23,35,10,黄村(17) → 中山大道东圃站(26) → 车陂(25) → 天朗明居(19) → 棠东(24) → 棠下村(25) → 广师大(26) → 上社(26) → 天府路口(10) → 华景新城(24) → 师大暨大(26) → 岗顶(27) → 石牌桥(24) → 体育中心(35) → 动物园南门(28) → 广东工大(26) → 区庄立交西(14) → 白云宾馆(34) → 广东电视台(25) → 小北(30) → 电视塔(21) → 越秀公园北门(21) → 广州火车站总站(33)
23,35,10,车陂公交场(17) → 车陂路(21) → 天朗明居(19) → 棠东(24) → 棠下村(25) → 广师大(26) → 上社(26) → 天府路口(10) → 华景新城(24) → 师大暨大(26) → 岗顶(27) → 石牌桥(24) → 体育中心(35) → 杨箕村(22) → 梅花村(22) → 农林东(34) → 东山口(东华北路)(33) → 中山医(26) → 烈士陵园(19) → 大东门(中山三路)(15) → 农讲所(19) → 仓边路(20) → 小北花圈(25)
22,35,10,中山大道东圃站(26) → 车陂(25) → 天朗明居(19) → 棠东(24) → 棠下村(25) → 广师大(26) → 上社(26) → 天府路口(10) → 华景新城(24) → 师大暨大(26) → 岗顶(27) → 石牌桥(24) → 体育中心(35) → 动物园南门(28) → 广东工大(26) → 区庄立交西(14) → 白云宾馆(34) → 广东电视台(25) → 小北(30) → 电视塔(21) → 越秀公园北门(21) → 广州火车站总站(33)
22,35,10,新滘东路中(17) → 新滘中路(地铁龙潭站)(15) → 龙潭村牌坊(15) → 龙潭村(25) → 大塘(江海大道)(28) → 江海大道中(25) → 猎德(16) → 冼村路中(10) → 冼村路北(11) → 天河邮局(16) → 体育东路(15) → 体育中心(35) → 天河立交(16) → 动物园南门(28) → 广东工大(26) → 白云宾馆(34) → 广东电视台(25) → 小北(30) → 小北花圈(25) → 仓边路(20) → 中山五路(24) → 广卫路总站(15)
22,35,15,小北花圈(25) → 仓边路(20) → 农讲所(19) → 大东门(中山三路)(15) → 烈士陵园(19) → 中山医(26) → 东山口(东华北路)(33) → 农林东(34) → 梅花村(22) → 杨箕村(22) → 体育中心(35) → 石牌桥(24) → 岗顶(27) → 师大暨大(26) → 华景新城(24) → 上社(26) → 广师大(26) → 棠下村(25) → 棠东(24) → 天朗明居(19) → 车陂路(21) → 车陂公交场(17)
21,35,11,五山路口(17) → 龙口东(16) → 龙口西(15) → 天河北路(23) → 体育中心东门(24) → 体育中心(35) → 天河立交(16) → 动物园南门(28) → 广东工大(26) → 白云宾馆(34) → 广东电视台(25) → 小北(30) → 小北花圈(25) → 仓边路(20) → 财厅(11) → 中山五路(24) → 解放中路(32) → 解放南路(28) → 堑口(22) → 宝岗大道北(22) → 宝岗大道中(22)
20,35,11,龙溪大道东(教师新村)(14) → 坑口地铁站(16) → 康乃馨花园(16) → 翠竹苑(14) → 花地大道(17) → 花地大道北(花地湾)(14) → 花地(25) → 山村(25) → 石围塘(22) → 桥东小区(25) → 芳村大道西(27) → 桥中(22) → 珠江桥脚(11) → 南岸路(12) → 西场立交(11) → 富力半岛花园(32) → 罗冲围客运站(35) → 松南路口(16) → 松南街口(16) → 松北(15)
20,35,19,广东大厦(21) → 东风中路(19) → 正骨医院(26) → 东风东路(陵园西路口)(26) → 执信路(20) → 东风东路(广东工大)(21) → 东峻广场(20) → 锦城花园(21) → 体育中心(35) → 石牌桥(24) → 岗顶(27) → 师大暨大(26) → 华景新城(24) → 上社(26) → 广师大(26) → 棠下村(25) → 棠东(24) → 天朗明居(19) → 车陂(25) → 中山大道东圃站(26)
18,35,13,车陂(25) → 天朗明居(19) → 棠东(24) → 棠下村(25) → 广师大(26) → 上社(26) → 华景新城(24) → 师大暨大(26) → 岗顶(27) → 石牌桥(24) → 体育中心(35) → 锦城花园(21) → 东峻广场(20) → 东风东路(广东工大)(21) → 肿瘤医院(13) → 越秀桥(27) → 正骨医院(26) → 东风中路(19)
17,35,11,松北(15) → 松南街口(16) → 松南路口(16) → 罗冲围客运站(35) → 富力半岛花园(32) → 西场电器城(18) → 西场立交(11) → 南岸路(12) → 珠江桥脚(11) → 桥中(22) → 芳村大道西(27) → 桥东小区(25) → 石围塘(22) → 山村(25) → 花地(25) → 花地大道北(花地湾)(14) → 花地大道(17)
17,35,12,广州火车东站总站(33) → 林和西路(32) → 体育西路(13) → 维多利广场(12) → 体育中心(35) → 石牌桥(24) → 岗顶(27) → 师大暨大(26) → 华景新城(24) → 上社(26) → 广师大(26) → 棠下村(25) → 棠东(24) → 天朗明居(19) → 车陂(25) → 中山大道东圃站(26) → 黄村(17)
16,35,10,黄村(17) → 中山大道东圃站(26) → 车陂(25) → 天朗明居(19) → 棠东(24) → 棠下村(25) → 广师大(26) → 上社(26) → 天府路口(10) → 华景新城(24) → 师大暨大(26) → 岗顶(27) → 石牌桥(24) → 体育中心(35) → 林和中路(20) → 广州火车东站总站(33)
15,35,14,礼岗(18) → 华海大厦(24) → 南村(21) → 基立下道(19) → 江湾桥南(23) → 江湾桥脚(25) → 东华南路(14) → 东山口(东华北路)(33) → 农林东(34) → 梅花村(22) → 杨箕村(22) → 体育中心(35) → 体育中心东门(24) → 林和东路(14) → 广州火车东站总站(33)
15,35,11,体育中心(35) → 石牌桥(24) → 岗顶(27) → 师大暨大(26) → 华景新城(24) → 上社(26) → 广师大(26) → 棠下村(25) → 棠东(24) → 天朗明居(19) → 车陂(25) → 中山大道东圃站(26) → 黄村(17) → 珠村(12) → 莲溪(11)
14,35,18,师大暨大(26) → 岗顶(27) → 石牌桥(24) → 体育中心(35) → 南方报社(28) → 广州大桥北站(五羊邨)(24) → 客村立交(29) → 鹭江(32) → 康乐村(26) → 中山大学(26) → 省荣军医院(荣校)(27) → 怡乐村(27) → 广医二院(25) → 礼岗(18)
14,35,11,猎德大道北(11) → 天河南(19) → 石牌桥(24) → 体育中心(35) → 天河立交(16) → 动物园南门(28) → 广东工大(26) → 白云宾馆(34) → 广东电视台(25) → 小北(30) → 电视塔(21) → 越秀公园北门(21) → 三元里大道(桂花岗)(21) → 三元里(25)
14,35,11,芳园路口(11) → 天河南(19) → 石牌桥(24) → 体育中心(35) → 广州大道中(24) → 广州体院(23) → 广州大道中(24) → 军体院(17) → 省军区(17) → 燕塘企业(20) → 武警医院(20) → 银河园(19) → 上元岗(24) → 天河客运站总站(12)
14,35,11,同和(24) → 东坑(18) → 南方医院(19) → 一五七医院(13) → 梅花园(13) → 梅园新村(12) → 鸡颈坑(12) → 伍仙桥(11) → 兴华路口(11) → 豪景花园(27) → 广州大道中(24) → 广州体院(23) → 广州大道中(24) → 体育中心(35)
10,35,16,员村山顶(33) → 华侨医院(潭村)(33) → 石牌村(35) → 冼村(34) → 人民日报广东分社(30) → 天河(32) → 天河立交(16) → 动物园南门(28) → 广东工大(26) → 白云宾馆(34)
10,35,13,沙凤(13) → 环洲三路(14) → 金沙洲路(24) → 金沙洲大桥西(19) → 罗冲围客运站(35) → 富力半岛花园(32) → 富力环市西苑(西村)(27) → 克山(20) → 环市西路(广园西路口)(18) → 草暖公园(17)
10,35,12,流花(南部战区总医院)(14) → 人民北路(站南路口)(12) → 克山(20) → 富力环市西苑(西村)(27) → 富力半岛花园(32) → 罗冲围客运站(35) → 金沙洲大桥西(19) → 金沙洲路(24) → 环洲三路(14) → 沙凤(13)
10,35,16,景泰坑(20) → 广园客运站(20) → 中医药大学(24) → 瑶台(16) → 王圣堂(16) → 省妇幼(16) → 克山(20) → 富力环市西苑(西村)(27) → 富力半岛花园(32) → 罗冲围客运站(35)
9,35,11,草暖公园(17) → 克山(20) → 富力环市西苑(西村)(27) → 西场电器城(18) → 富力半岛花园(32) → 罗冲围客运站(35) → 金沙洲大桥西(19) → 金沙洲路(24) → 城西花园(11)
9,35,11,体育中心(35) → 石牌桥(24) → 岗顶(27) → 华景新城(24) → 棠下村(25) → 车陂(25) → 中山大道东圃站(26) → 珠村(12) → 莲溪(11)
9,35,19,琶洲大桥北(20) → 科韵路(19) → 广师大(26) → 上社(26) → 华景新城(24) → 师大暨大(26) → 岗顶(27) → 石牌桥(24) → 体育中心(35)
9,35,10,体育中心(35) → 石牌桥(24) → 岗顶(27) → 师大暨大(26) → 华景新城(24) → 上社(26) → 广师大(26) → 琶洲大桥北(20) → 北山(10)
9,35,11,广州火车站总站(33) → 克山(20) → 富力环市西苑(西村)(27) → 西场电器城(18) → 富力半岛花园(32) → 罗冲围客运站(35) → 金沙洲大桥西(19) → 金沙洲路(24) → 城西花园(11)
9,35,11,环洲三路西(11) → 沙凤(13) → 环洲三路(14) → 金沙洲路(24) → 金沙洲大桥西(19) → 罗冲围客运站(35) → 松南路口(16) → 松南街口(16) → 松北(15)
8,35,16,瑶台(16) → 王圣堂(16) → 省妇幼(16) → 克山(20) → 富力环市西苑(西村)(27) → 西场电器城(18) → 富力半岛花园(32) → 罗冲围客运站(35)
8,35,17,上社(26) → 华景新城(24) → 师大暨大(26) → 岗顶(27) → 石牌桥(24) → 体育中心(35) → 南方报社(28) → 广州大桥北(五羊邨)(17)
8,35,11,罗冲围客运站(35) → 富力半岛花园(32) → 罗冲围客运站(35) → 金沙洲大桥西(19) → 金沙洲路(24) → 环洲三路(14) → 沙凤(13) → 环洲三路西(11)
8,35,11,环洲三路西(11) → 沙凤(13) → 环洲三路(14) → 金沙洲路(24) → 金沙洲大桥西(19) → 罗冲围客运站(35) → 松南路口(16) → 松南街口(16)
8,35,13,广州火车东站总站(33) → 林和西路(32) → 体育中心东门(24) → 体育中心(35) → 杨箕村(22) → 梅花村(22) → 农林东(34) → 农林下路(13)
8,35,23,广州火车东站总站(33) → 林和西路(32) → 体育中心东门(24) → 体育中心(35) → 广州大道中(24) → 广州体院(23) → 广州大道中(24) → 豪景花园(27)
7,35,11,城西花园(11) → 金沙洲路(24) → 金沙洲大桥西(19) → 罗冲围客运站(35) → 松南路口(16) → 松南街口(16) → 松北(15)
7,35,11,环洲三路西(11) → 沙凤(13) → 环洲三路(14) → 金沙洲路(24) → 金沙洲大桥西(19) → 罗冲围客运站(35) → 富力半岛花园(32)
6,35,16,富力环市西苑(西村)(27) → 西场电器城(18) → 富力半岛花园(32) → 罗冲围客运站(35) → 松南路口(16) → 松南街口(16)
6,35,11,环洲三路西(11) → 沙凤(13) → 环洲三路(14) → 金沙洲路(24) → 金沙洲大桥西(19) → 罗冲围客运站(35)
5,35,10,体育中心(35) → 体育东路(15) → 天河邮局(16) → 冼村路北(11) → 冼村路中(10)
4,35,24,岗顶(27) → 石牌桥(24) → 体育中心(35) → 体育中心(26)
4,35,22,农林东(34) → 梅花村(22) → 杨箕村(22) → 体育中心(35)
4,35,23,体育中心(35) → 体育中心(26) → 广州大道中(24) → 广州体院(23)
27,34,10,黄村(17) → 中山大道东圃站(26) → 车陂(25) → 天朗明居(19) → 棠东(24) → 棠下村(25) → 广师大(26) → 上社(26) → 天府路口(10) → 华景新城(24) → 师大暨大(26) → 岗顶(27) → 天河南(19) → 冼村(34) → 人民日报广东分社(30) → 天河(32) → 南方报社(28) → 广州大桥北站(五羊邨)(24) → 客村立交(29) → 敦和(34) → 广州大道南(叠景路口)(32) → 上涌(27) → 上涌南(23) → 洛溪桥脚(19) → 三滘村(23) → 沥滘(23) → 后滘村(22)
27,34,11,龙美村(迎新路)(11) → 龙美牌坊(13) → 节能科技园(13) → 万博翠湖花园(13) → 里仁洞(14) → 华南碧桂园(16) → 万博中心(14) → 塘埗西(18) → 涌口村牌坊(18) → 涌口村(16) → 沙溪村(22) → 五洲装饰城(地铁厦滘站)(20) → 上漖(26) → 洛溪新城(28) → 洛溪桥脚(19) → 上涌南(23) → 上涌(27) → 广州大道南(叠景路口)(32) → 敦和(34) → 客村立交(29) → 广州大桥北站(五羊邨)(24) → 南方报社(28) → 动物园南门(28) → 广东工大(26) → 白云宾馆(34) → 越秀公园北门(21) → 广州火车站总站(33)
26,34,17,后滘村(22) → 沥滘(23) → 三滘村(23) → 洛溪桥脚(19) → 上涌南(23) → 上涌(27) → 广州大道南(叠景路口)(32) → 敦和(34) → 客村立交(29) → 广州大桥北站(五羊邨)(24) → 南方报社(28) → 天河(32) → 人民日报广东分社(30) → 冼村(34) → 天河南(19) → 岗顶(27) → 师大暨大(26) → 华景新城(24) → 上社(26) → 广师大(26) → 棠下村(25) → 棠东(24) → 天朗明居(19) → 车陂(25) → 中山大道东圃站(26) → 黄村(17)
23,34,11,洛溪桥脚(19) → 上涌南(23) → 上涌(27) → 广州大道南(叠景路口)(32) → 敦和(34) → 鹭江(32) → 康乐村(26) → 中山大学(26) → 省荣军医院(荣校)(27) → 怡乐村(27) → 云桂村(13) → 基立村(11) → 江南大道中(18) → 地铁市二宫站(16) → 江南大道北(20) → 海珠广场(一德东)(17) → 解放中路(32) → 中山六路(16) → 西门口(中山六路)(16) → 中山七路(18) → 陈家祠(21) → 荔湾路(16) → 彩虹桥(15)
23,34,11,莲溪(11) → 珠村(12) → 黄村(17) → 中山大道东圃站(26) → 车陂(25) → 天朗明居(19) → 棠东(24) → 棠下村(25) → 广师大(26) → 上社(26) → 华景新城(24) → 师大暨大(26) → 岗顶(27) → 石牌桥(24) → 体育中心(26) → 杨箕村(22) → 梅花村(22) → 农林东(34) → 东山口(东华北路)(33) → 东华南路(14) → 江湾桥脚(25) → 江湾桥南(23) → 基立下道(19)
20,34,11,华观路(13) → 华观路(火炉山森林公园)(12) → 岑村小学(13) → 岑村红花岗(13) → 科韵路中(11) → 科韵路棠安路口(20) → 琶洲大桥北(20) → 琶洲大桥南(18) → 琶洲(16) → 广交会展馆(13) → 海港花园(13) → 磨碟沙(12) → 赤岗(江海大道)(34) → 江海大道中(25) → 大塘(江海大道)(28) → 龙潭村(25) → 后滘村(22) → 沥滘(23) → 三滘村(23) → 海珠客运站总站(12)
20,34,11,上涌南(23) → 上涌(27) → 广州大道南(叠景路口)(32) → 敦和(34) → 客村立交(29) → 广州大桥北(五羊邨)(17) → 南方报社(28) → 广州大道中(24) → 广州体院(23) → 广州大道中(24) → 豪景花园(27) → 兴华路口(11) → 伍仙桥(11) → 鸡颈坑(12) → 梅园新村(12) → 梅花园(13) → 一五七医院(13) → 南方医院(19) → 东坑(18) → 同和(24)
19,34,17,黄村(17) → 中山大道东圃站(26) → 车陂(25) → 天朗明居(19) → 棠东(24) → 棠下村(25) → 广师大(26) → 上社(26) → 华景新城(24) → 师大暨大(26) → 岗顶(27) → 石牌桥(24) → 体育中心(26) → 动物园南门(28) → 广东工大(26) → 白云宾馆(34) → 电视塔(21) → 越秀公园北门(21) → 广州火车站总站(33)
19,34,19,中山大道东圃站(26) → 车陂(25) → 天朗明居(19) → 棠东(24) → 棠下村(25) → 广师大(26) → 上社(26) → 华景新城(24) → 师大暨大(26) → 岗顶(27) → 石牌桥(24) → 体育中心(26) → 动物园南门(28) → 广东工大(26) → 白云宾馆(34) → 广东电视台(25) → 电视塔(21) → 越秀公园北门(21) → 广州火车站总站(33)
18,34,11,五山路口(17) → 龙口东(16) → 龙口西(15) → 天河北路(23) → 时代广场(15) → 广州大道中(24) → 天河立交(16) → 动物园南门(28) → 广东工大(26) → 白云宾馆(34) → 广东电视台(25) → 小北(30) → 小北花圈(25) → 仓边路(20) → 财厅(11) → 解放中路(32) → 解放南路(28) → 堑口(22)
17,34,13,上漖(26) → 洛溪新城(28) → 海珠客运站(29) → 南洲路口(17) → 晓港湾(15) → 瑞南新村(16) → 五凤乡(16) → 东晓南路(19) → 晓港新村(15) → 云桂村(13) → 基立下道(19) → 江湾桥南(23) → 江湾桥脚(25) → 东华南路(14) → 东山口(东华北路)(33) → 农林东(34) → 梅花村(22)
17,34,14,礼村(14) → 大石(18) → 大石桥南(16) → 上漖(26) → 洛溪新城(28) → 洛溪桥脚(19) → 上涌南(23) → 上涌(27) → 广州大道南(叠景路口)(32) → 敦和(34) → 客村立交(29) → 广州大桥北(五羊邨)(17) → 南方报社(28) → 动物园南门(28) → 广东工大(26) → 白云宾馆(34) → 越秀公园北门(21)
17,34,11,大石桥南(16) → 上漖(26) → 洛溪新城(28) → 洛溪桥脚(19) → 上涌南(23) → 上涌(27) → 广州大道南(叠景路口)(32) → 敦和(34) → 客村立交(29) → 广州大桥北(五羊邨)(17) → 南方报社(28) → 广州大道中(24) → 广州体院(23) → 广州大道中(24) → 军体院(17) → 豪景花园(27) → 天平架总站(11)
17,34,11,龙潭村(25) → 大塘(江海大道)(28) → 江海大道中(25) → 赤岗(江海大道)(34) → 磨碟沙(12) → 海港花园(13) → 广交会展馆(13) → 琶洲(16) → 琶洲大桥南(18) → 琶洲大桥北(20) → 科韵路(19) → 科韵路棠安路口(20) → 科韵路中(11) → 岑村红花岗(13) → 岑村小学(13) → 华观路(火炉山森林公园)(12) → 华观路(13)
17,34,12,广州火车东站总站(33) → 林和西路(32) → 体育西路(13) → 维多利广场(12) → 天河立交(16) → 动物园南门(28) → 广东工大(26) → 区庄立交西(14) → 白云宾馆(34) → 广东电视台(25) → 小北(30) → 电视塔(21) → 越秀公园北门(21) → 广州火车站总站(33) → 省妇幼(16) → 王圣堂(16) → 瑶台(16)
17,34,13,小罗村(市广路)(13) → 富豪山庄(13) → 左边村(15) → 大罗村(市广路)(16) → 丹山村(桥兴大道)(15) → 丹山桥(16) → 钻汇广场东门(21) → 市桥汽车站西门(21) → 大北路(34) → 中医院(34) → 交通大厦(22) → 沙墟市场(14) → 党校路口(13) → 区政府东门(16) → 番禺大道南(东怡新区)(13) → 草河村(17) → 大同村(18)
16,34,12,礼村(14) → 大石(18) → 大石桥南(16) → 五洲装饰城(地铁厦滘站)(20) → 龙潭村(25) → 大塘(江海大道)(28) → 江海大道中(25) → 赤岗(江海大道)(34) → 磨碟沙(12) → 海港花园(13) → 广交会展馆(13) → 琶洲(16) → 琶洲大桥南(18) → 琶洲大桥北(20) → 科韵路(19) → 科韵路棠安路口(20)
16,34,11,天平架总站(11) → 豪景花园(27) → 广州大道中(24) → 广州体院(23) → 广州大道中(24) → 南方报社(28) → 广州大桥北站(五羊邨)(24) → 客村立交(29) → 敦和(34) → 广州大道南(叠景路口)(32) → 上涌(27) → 上涌南(23) → 洛溪桥脚(19) → 洛溪新城(28) → 上漖(26) → 大石桥南(16)
16,34,14,区庄立交西(14) → 白云宾馆(34) → 广东电视台(25) → 小北(30) → 电视塔(21) → 越秀公园北门(21) → 广州火车站总站(33) → 克山(20) → 西湾路(22) → 黑山(21) → 西湾路(22) → 西湾和苑(18) → 鹅掌坦(18) → 同德乡(19) → 上步村(18) → 横滘(17)
16,34,12,龙潭村(25) → 大塘(江海大道)(28) → 江海大道中(25) → 赤岗(江海大道)(34) → 磨碟沙(12) → 海港花园(13) → 广交会展馆(13) → 琶洲(16) → 琶洲大桥南(18) → 琶洲大桥北(20) → 科韵路(19) → 棠下村(25) → 棠东(24) → 天朗明居(19) → 车陂路(21) → 车陂总站(13)
16,34,14,体育中心(26) → 体育东路(15) → 天河邮局(16) → 人民日报广东分社(30) → 南方报社(28) → 广州大桥北站(五羊邨)(24) → 客村立交(29) → 敦和(34) → 广州大道南(叠景路口)(32) → 上涌(27) → 洛溪桥脚(19) → 洛溪新城(28) → 上漖(26) → 大石桥南(16) → 大石(18) → 礼村(14)
15,34,11,礼岗(18) → 华海大厦(24) → 南村(21) → 江南大道中(18) → 基立村(11) → 前进路(12) → 云桂村(13) → 海印桥南(20) → 大沙头游船码头(25) → 大沙头(17) → 白云路(11) → 白云路东(18) → 东山口(东华北路)(33) → 农林东(34) → 农林下路(13)
15,34,12,广州火车东站总站(33) → 林和西路(32) → 体育西路(13) → 维多利广场(12) → 南方报社(28) → 广州大桥北站(五羊邨)(24) → 客村立交(29) → 敦和(34) → 广州大道南(叠景路口)(32) → 上涌(27) → 上涌南(23) → 洛溪桥脚(19) → 三滘村(23) → 沥滘(23) → 后滘村(22)
15,34,12,广州火车东站总站(33) → 林和西路(32) → 体育西路(13) → 维多利广场(12) → 杨箕村(22) → 梅花村(22) → 农林东(34) → 东山口(东华北路)(33) → 东华南路(14) → 江湾桥脚(25) → 江湾桥南(23) → 基立下道(19) → 南村(21) → 华海大厦(24) → 礼岗(18)
15,34,13,大同村(18) → 草河村(17) → 番禺大道南(东怡新区)(13) → 区政府东门(16) → 党校路口(13) → 沙墟市场(14) → 交通大厦(22) → 星海公园(34) → 市桥汽车站西门(21) → 钻汇广场东门(21) → 丹山桥(16) → 丹山村(桥兴大道)(15) → 大罗村(市广路)(16) → 左边村(15) → 富豪山庄(13)
14,34,12,梅花村(22) → 农林东(34) → 东山口(东华北路)(33) → 东华南路(14) → 江湾桥脚(25) → 江湾桥南(23) → 基立下道(19) → 前进路(12) → 云桂村(13) → 晓港新村(15) → 东晓南路(19) → 五凤乡(16) → 瑞南新村(16) → 晓港湾(15)
14,34,14,广州大桥北站(五羊邨)(24) → 客村立交(29) → 敦和(34) → 广州大道南(叠景路口)(32) → 上涌(27) → 上涌南(23) → 洛溪桥脚(19) → 海珠客运站(29) → 南洲名苑(17) → 金碧花园(14) → 新滘西路口(14) → 石溪(17) → 保利花园(南石头)(28) → 纸厂(22)
14,34,13,保利花园(南石头)(28) → 石溪(17) → 新滘西路口(14) → 金碧花园(14) → 嘉鸿花园(13) → 南洲名苑(17) → 海珠客运站(29) → 洛溪桥脚(19) → 上涌南(23) → 上涌(27) → 广州大道南(叠景路口)(32) → 敦和(34) → 客村立交(29) → 广州大桥北(五羊邨)(17)
14,34,14,广州大桥北(五羊邨)(17) → 客村立交(29) → 敦和(34) → 广州大道南(叠景路口)(32) → 上涌(27) → 上涌南(23) → 洛溪桥脚(19) → 海珠客运站(29) → 南洲名苑(17) → 金碧花园(14) → 新滘西路口(14) → 石溪(17) → 保利花园(南石头)(28) → 纸厂(22)
14,34,11,广州大道南(叠景路口)(32) → 敦和(34) → 鹭江(32) → 康乐村(26) → 中山大学(26) → 省荣军医院(荣校)(27) → 怡乐村(27) → 云桂村(13) → 基立村(11) → 江南大道中(18) → 地铁市二宫站(16) → 江南大道北(20) → 海珠广场(一德东)(17) → 解放南路(28)
14,34,12,车陂总站(13) → 车陂路(21) → 天朗明居(19) → 棠东(24) → 棠下村(25) → 琶洲大桥北(20) → 琶洲(16) → 广交会展馆(13) → 海港花园(13) → 磨碟沙(12) → 赤岗(江海大道)(34) → 江海大道中(25) → 大塘(江海大道)(28) → 龙潭村(25)
14,34,15,广州火车东站总站(33) → 林和西路(32) → 时代广场(15) → 广州大道中(24) → 南方报社(28) → 广州大桥北站(五羊邨)(24) → 客村立交(29) → 敦和(34) → 广州大道南(叠景路口)(32) → 上涌(27) → 上涌南(23) → 洛溪桥脚(19) → 吉祥道(16) → 地铁洛溪站(新浦路)(16)
13,34,15,广州火车东站总站(33) → 林和西路(32) → 时代广场(15) → 广州大道中(24) → 南方报社(28) → 广州大桥北(五羊邨)(17) → 客村立交(29) → 敦和(34) → 广州大道南(叠景路口)(32) → 上涌(27) → 上涌南(23) → 洛溪桥脚(19) → 洛溪新城(28)
13,34,13,中大北门(15) → 中大北门西(13) → 珠江泳场(16) → 滨江东路(20) → 大沙头游船码头(25) → 大沙头(17) → 江湾桥脚(25) → 东华南路(14) → 东山口(东华北路)(33) → 农林东(34) → 农林下路(13) → 执信路(20) → 白云宾馆(34)
13,34,12,科韵路棠安路口(20) → 琶洲大桥北(20) → 琶洲大桥南(18) → 琶洲(16) → 广交会展馆(13) → 海港花园(13) → 磨碟沙(12) → 赤岗(江海大道)(34) → 江海大道中(21) → 大塘(江海大道)(28) → 龙潭村(25) → 五洲装饰城(地铁厦滘站)(20) → 沙溪村(22)
13,34,14,礼村(14) → 大石(18) → 大石桥南(16) → 上漖(26) → 洛溪新城(28) → 洛溪桥脚(19) → 上涌南(23) → 上涌(27) → 广州大道南(叠景路口)(32) → 敦和(34) → 客村立交(29) → 广州大桥北(五羊邨)(17) → 南方报社(28)
13,34,11,海珠广场(一德东)(17) → 江南大道北(20) → 地铁市二宫站(16) → 基立村(11) → 前进路(12) → 云桂村(13) → 怡乐村(27) → 省荣军医院(荣校)(27) → 中山大学(26) → 康乐村(26) → 鹭江(32) → 敦和(34) → 广州大道南(叠景路口)(32)
13,34,14,礼村(14) → 大石(18) → 大石桥南(16) → 上漖(26) → 洛溪新城(28) → 洛溪桥脚(19) → 上涌(27) → 广州大道南(叠景路口)(32) → 敦和(34) → 客村立交(29) → 广州大桥北站(五羊邨)(24) → 南方报社(28) → 体育中心(26)
13,34,10,星海中学(光明北路)(10) → 钻汇广场东门(21) → 市桥汽车站西门(21) → 大北路(34) → 中医院(34) → 交通大厦(22) → 沙墟市场(14) → 党校路口(13) → 区政府东门(16) → 番禺大道南(东怡新区)(13) → 草河村(17) → 大同村(18) → 太石工业区(11)
13,34,12,地铁市广路站(12) → 金山谷花园(12) → 小罗村(市广路)(13) → 富豪山庄(13) → 左边村(15) → 大罗村(市广路)(16) → 丹山村(桥兴大道)(15) → 丹山桥(16) → 钻汇广场东门(21) → 市桥汽车站西门(21) → 大北路(34) → 中医院(34) → 交通大厦(22)
12,34,15,洛溪桥脚(19) → 上涌南(23) → 上涌(27) → 广州大道南(叠景路口)(32) → 敦和(34) → 客村立交(29) → 广州大桥北(五羊邨)(17) → 南方报社(28) → 广州大道中(24) → 时代广场(15) → 林和中路(20) → 广州火车东站总站(33)
12,34,10,省农干科干院(15) → 农科院(13) → 消防总队(10) → 广园天寿路口东(14) → 天寿路(17) → 天河东路(14) → 天河南(19) → 冼村(34) → 人民日报广东分社(30) → 天河(32) → 南方报社(28) → 广州大桥北站(五羊邨)(24)
12,34,12,地铁市广路站(12) → 金山谷花园(12) → 小罗村(市广路)(13) → 富豪山庄(13) → 左边村(15) → 丹山村(桥兴大道)(15) → 丹山桥(16) → 钻汇广场东门(21) → 市桥汽车站西门(21) → 大北路(34) → 中医院(34) → 交通大厦(22)
12,34,15,洛溪桥脚(19) → 上涌南(23) → 上涌(27) → 广州大道南(叠景路口)(32) → 敦和(34) → 客村立交(29) → 广州大桥北站(五羊邨)(24) → 南方报社(28) → 广州大道中(24) → 时代广场(15) → 林和中路(20) → 广州火车东站总站(33)
12,34,12,市桥汽车站(13) → 大北路(34) → 中医院(34) → 交通大厦(22) → 沙墟市场(14) → 党校路口(13) → 区政府东门(16) → 东怡新区(13) → 清河市场(13) → 石岗村(亚运大道)站(12) → 金海岸花园(17) → 地铁傍江站(政务服务中心)(16)
12,34,12,地铁市广路站(12) → 金山谷花园(12) → 小罗村(市广路)(13) → 富豪山庄(13) → 左边村(15) → 大罗村(市广路)(16) → 丹山村(桥兴大道)(15) → 丹山桥(16) → 钻汇广场东门(21) → 市桥汽车站西门(21) → 大北路(34) → 中医院(34)
11,34,19,后滘村(22) → 沥滘(23) → 三滘村(23) → 洛溪桥脚(19) → 上涌南(23) → 上涌(27) → 广州大道南(叠景路口)(32) → 敦和(34) → 客村立交(29) → 广州大桥北站(五羊邨)(24) → 南方报社(28)
11,34,13,客村立交(29) → 广州大桥北站(五羊邨)(24) → 南方报社(28) → 天河(32) → 冼村(34) → 天河南(19) → 天河东路(14) → 天寿路(17) → 广园天寿路口东(14) → 农科院(13) → 省农干科干院(15)
11,34,11,锦绣香江(11) → 万博中心(14) → 南大路口(16) → 塘埗西(18) → 涌口村牌坊(18) → 涌口村(16) → 沙溪村(22) → 龙潭村(25) → 大塘(江海大道)(28) → 江海大道中(21) → 赤岗(江海大道)(34)
11,34,11,赤岗(江海大道)(34) → 江海大道中(25) → 大塘(江海大道)(28) → 龙潭村(25) → 沙溪村(22) → 涌口村(16) → 涌口村牌坊(18) → 塘埗西(18) → 南大路口(16) → 万博中心(14) → 锦绣香江(11)
11,34,15,农林东(34) → 梅花村(22) → 杨箕村(22) → 天河(32) → 天河邮局(16) → 体育东路(15) → 体育中心东门(24) → 天河北路(23) → 龙口西(15) → 龙口东(16) → 五山路口(17)
11,34,12,中医院(34) → 星海公园(34) → 市桥汽车站西门(21) → 钻汇广场东门(21) → 丹山桥(16) → 丹山村(桥兴大道)(15) → 大罗村(市广路)(16) → 左边村(15) → 富豪山庄(13) → 金山谷花园(12) → 地铁市广路站(12)
11,34,11,黄编牌坊(11) → 市桥汽车站东门(12) → 大北路(34) → 中医院(34) → 交通大厦(22) → 沙墟市场(14) → 党校路口(13) → 区政府东门(16) → 番禺大道南(东怡新区)(13) → 草河村(17) → 大同村(18)
11,34,12,地铁傍江站(政务服务中心)(16) → 金海岸花园(17) → 石岗村(亚运大道)站(12) → 清河市场(13) → 东怡新区(13) → 区政府东门(16) → 党校路口(13) → 沙墟市场(14) → 交通大厦(22) → 星海公园(34) → 市桥汽车站(13)
11,34,10,大同村(18) → 草河村(17) → 番禺大道南(东怡新区)(13) → 区政府东门(16) → 党校路口(13) → 沙墟市场(14) → 交通大厦(22) → 星海公园(34) → 市桥汽车站西门(21) → 钻汇广场东门(21) → 星海中学(光明北路)(10)
11,34,12,交通大厦(22) → 星海公园(34) → 市桥汽车站西门(21) → 钻汇广场东门(21) → 丹山桥(16) → 丹山村(桥兴大道)(15) → 大罗村(市广路)(16) → 左边村(15) → 富豪山庄(13) → 金山谷花园(12) → 地铁市广路站(12)
11,34,12,地铁市广路站(12) → 金山谷花园(12) → 小罗村(市广路)(13) → 富豪山庄(13) → 左边村(15) → 大罗村(市广路)(16) → 丹山村(桥兴大道)(15) → 丹山桥(16) → 钻汇广场东门(21) → 市桥汽车站西门(21) → 大北路(34)
10,34,19,怡乐村(27) → 省荣军医院(荣校)(27) → 中山大学(26) → 康乐村(26) → 鹭江(32) → 敦和(34) → 广州大道南(叠景路口)(32) → 上涌(27) → 上涌南(23) → 洛溪桥脚(19)
10,34,12,交通大厦(22) → 星海公园(34) → 市桥汽车站西门(21) → 钻汇广场东门(21) → 丹山桥(16) → 丹山村(桥兴大道)(15) → 左边村(15) → 富豪山庄(13) → 金山谷花园(12) → 地铁市广路站(12)
10,34,11,动物园(12) → 黄花岗(20) → 区庄立交西(14) → 白云宾馆(34) → 广东电视台(25) → 小北(30) → 小北花圈(25) → 仓边路(20) → 财厅(11) → 广卫路总站(15)
10,34,13,市桥汽车站(13) → 大北路(34) → 中医院(34) → 交通大厦(22) → 沙墟市场(14) → 党校路口(13) → 区政府东门(16) → 番禺大道南(东怡新区)(13) → 草河村(17) → 大同村(18)
10,34,15,大罗村(市广路)(16) → 左边村(15) → 大罗村(市广路)(16) → 丹山村(桥兴大道)(15) → 丹山桥(16) → 钻汇广场东门(21) → 市桥汽车站西门(21) → 大北路(34) → 中医院(34) → 交通大厦(22)
9,34,20,大沙头游船码头(25) → 海印桥南(20) → 怡乐村(27) → 省荣军医院(荣校)(27) → 中山大学(26) → 康乐村(26) → 鹭江(32) → 敦和(34) → 广州大道南(叠景路口)(32)
9,34,17,敦和(34) → 鹭江(32) → 康乐村(26) → 中山大学(26) → 省荣军医院(荣校)(27) → 怡乐村(27) → 海印桥南(20) → 大沙头游船码头(25) → 大沙头(17)
9,34,19,洛溪桥脚(19) → 上涌南(23) → 上涌(27) → 广州大道南(叠景路口)(32) → 敦和(34) → 鹭江(32) → 康乐村(26) → 中山大学(26) → 省荣军医院(荣校)(27)
9,34,20,上涌(27) → 广州大道南(叠景路口)(32) → 敦和(34) → 鹭江(32) → 康乐村(26) → 中山大学(26) → 省荣军医院(荣校)(27) → 怡乐村(27) → 海印桥南(20)
9,34,13,豪景花园(27) → 广州大道中(24) → 广州体院(23) → 广州大道中(24) → 杨箕村(22) → 梅花村(22) → 农林东(34) → 中山医(26) → 白云路总站(13)
9,34,12,广州火车东站总站(33) → 林和西路(32) → 体育西路(13) → 维多利广场(12) → 动物园南门(28) → 广东工大(26) → 白云宾馆(34) → 广东电视台(25) → 小北(30)
9,34,13,大同村(18) → 草河村(17) → 番禺大道南(东怡新区)(13) → 区政府东门(16) → 党校路口(13) → 沙墟市场(14) → 交通大厦(22) → 星海公园(34) → 市桥汽车站(13)
9,34,14,动物园南门(28) → 广东工大(26) → 区庄立交西(14) → 白云宾馆(34) → 广东电视台(25) → 小北(30) → 电视塔(21) → 越秀公园北门(21) → 广州火车站总站(33)
9,34,15,白云宾馆(34) → 广东电视台(25) → 小北(30) → 小北花圈(25) → 仓边路(20) → 农讲所(19) → 大东门(中山三路)(15) → 烈士陵园(19) → 白云路东(18)
8,34,13,白云路总站(13) → 农林东(34) → 梅花村(22) → 杨箕村(22) → 广州大道中(24) → 广州体院(23) → 广州大道中(24) → 豪景花园(27)
8,34,13,大同村(18) → 草河村(17) → 番禺大道南(东怡新区)(13) → 区政府东门(16) → 党校路口(13) → 沙墟市场(14) → 交通大厦(22) → 星海公园(34)
8,34,15,大罗村(市广路)(16) → 丹山村(桥兴大道)(15) → 丹山桥(16) → 钻汇广场东门(21) → 市桥汽车站西门(21) → 大北路(34) → 中医院(34) → 交通大厦(22)
7,34,12,白云宾馆(34) → 广东电视台(25) → 小北(30) → 小北花圈(25) → 仓边路(20) → 文德路(19) → 万福西(12)
7,34,12,农林东(34) → 中山医(26) → 烈士陵园(19) → 大东门(中山三路)(15) → 农讲所(19) → 文德路(19) → 万福西(12)
7,34,14,区庄立交西(14) → 白云宾馆(34) → 广东电视台(25) → 电视塔(21) → 越秀公园北门(21) → 克山(20) → 西湾路(22)
7,34,13,基立下道(19) → 江湾桥南(23) → 江湾桥脚(25) → 东华南路(14) → 东山口(东华北路)(33) → 农林东(34) → 农林下路(13)
7,34,15,新滘东路中(17) → 新滘中路(地铁龙潭站)(15) → 龙潭村牌坊(15) → 龙潭村(25) → 大塘(江海大道)(28) → 江海大道中(21) → 赤岗(江海大道)(34)
7,34,12,动物园(12) → 黄花岗(20) → 区庄立交西(14) → 白云宾馆(34) → 广东电视台(25) → 小北(30) → 小北花圈(25)
7,34,13,同和(24) → 南方医院(19) → 梅花园(13) → 广州大道中(24) → 南方报社(28) → 广州大桥北站(五羊邨)(24) → 敦和(34)
7,34,13,敦和(34) → 广州大桥北(五羊邨)(17) → 南方报社(28) → 广州大道中(24) → 梅花园(13) → 南方医院(19) → 同和(24)
7,34,12,珠影(地铁客村站)(32) → 敦和(34) → 广州大道南(叠景路口)(32) → 上涌(27) → 上涌南(23) → 洛溪桥脚(19) → 海珠客运站总站(12)
7,34,11,黄编牌坊(11) → 市桥汽车站东门(12) → 大北路(34) → 中医院(34) → 交通大厦(22) → 沙墟市场(14) → 党校路口(13)
7,34,15,交通大厦(22) → 星海公园(34) → 市桥汽车站西门(21) → 钻汇广场东门(21) → 丹山桥(16) → 丹山村(桥兴大道)(15) → 大罗村(市广路)(16)
7,34,17,南洲名苑(17) → 海珠客运站(29) → 洛溪桥脚(19) → 上涌南(23) → 上涌(27) → 广州大道南(叠景路口)(32) → 敦和(34)
6,34,14,黄花岗(20) → 区庄立交西(14) → 白云宾馆(34) → 广东电视台(25) → 小北(30) → 小北花圈(25)
6,34,13,江湾桥南(23) → 江湾桥脚(25) → 东华南路(14) → 东山口(东华北路)(33) → 农林东(34) → 农林下路(13)
6,34,15,赤岗(江海大道)(34) → 江海大道中(21) → 大塘(江海大道)(28) → 龙潭村(25) → 龙潭村牌坊(15) → 新滘中路(地铁龙潭站)(15)
6,34,14,黄花岗(20) → 区庄立交西(14) → 白云宾馆(34) → 电视塔(21) → 越秀公园北门(21) → 广州火车站总站(33)
6,34,13,市桥汽车站(13) → 大北路(34) → 中医院(34) → 交通大厦(22) → 区政府东门(16) → 大同村(18)
6,34,15,交通大厦(22) → 星海公园(34) → 市桥汽车站西门(21) → 钻汇广场东门(21) → 丹山桥(16) → 丹山村(桥兴大道)(15)
6,34,13,市桥汽车站(13) → 大北路(34) → 中医院(34) → 交通大厦(22) → 沙墟市场(14) → 党校路口(13)
6,34,15,星海公园(34) → 市桥汽车站西门(21) → 钻汇广场东门(21) → 丹山桥(16) → 丹山村(桥兴大道)(15) → 大罗村(市广路)(16)
5,34,10,江海大道中(25) → 猎德(16) → 冼村路中(10) → 冼村路北(11) → 冼村(34)
5,34,15,农林东(34) → 东山口(东华北路)(33) → 中山医(26) → 烈士陵园(19) → 大东门(中山三路)(15)
5,34,23,上涌南(23) → 上涌(27) → 广州大道南(叠景路口)(32) → 敦和(34) → 鹭江(32)
5,34,21,沙溪村(22) → 龙潭村(25) → 大塘(江海大道)(28) → 江海大道中(21) → 赤岗(江海大道)(34)
5,34,13,大同村(18) → 区政府东门(16) → 交通大厦(22) → 星海公园(34) → 市桥汽车站(13)
5,34,13,市桥汽车站(13) → 大北路(34) → 中医院(34) → 交通大厦(22) → 沙墟市场(14)
5,34,13,大北路(34) → 中医院(34) → 交通大厦(22) → 沙墟市场(14) → 党校路口(13)
5,34,10,星海中学(光明北路)(10) → 钻汇广场东门(21) → 市桥汽车站西门(21) → 大北路(34) → 中医院(34)
5,34,10,中医院(34) → 星海公园(34) → 市桥汽车站西门(21) → 钻汇广场东门(21) → 星海中学(光明北路)(10)
5,34,13,党校路口(13) → 沙墟市场(14) → 交通大厦(22) → 星海公园(34) → 市桥汽车站(13)
4,34,19,烈士陵园(19) → 中山医(26) → 东山口(东华北路)(33) → 农林东(34)
4,34,21,赤岗(江海大道)(34) → 江海大道中(21) → 大塘(江海大道)(28) → 龙潭村(25)
4,34,13,党校路口(13) → 沙墟市场(14) → 交通大厦(22) → 星海公园(34)
4,34,13,沙墟市场(14) → 交通大厦(22) → 星海公园(34) → 市桥汽车站(13)
4,34,23,敦和(34) → 广州大道南(叠景路口)(32) → 上涌(27) → 上涌南(23)
4,34,27,鹭江(32) → 敦和(34) → 广州大道南(叠景路口)(32) → 上涌(27)
4,34,11,黄编牌坊(11) → 市桥汽车站东门(12) → 大北路(34) → 中医院(34)
4,34,10,星海公园(34) → 市桥汽车站西门(21) → 钻汇广场东门(21) → 星海中学(光明北路)(10)
4,34,10,星海中学(光明北路)(10) → 钻汇广场东门(21) → 市桥汽车站西门(21) → 大北路(34)
3,34,32,鹭江(32) → 敦和(34) → 广州大道南(叠景路口)(32)
3,34,19,农林东(34) → 中山医(26) → 烈士陵园(19)
3,34,14,东华南路(14) → 东山口(东华北路)(33) → 农林东(34)
3,34,13,梅花村(22) → 农林东(34) → 农林下路(13)
3,34,14,区庄立交西(14) → 白云宾馆(34) → 广东电视台(25)
3,34,11,上涌(27) → 敦和(34) → 广州大道中(11)
3,34,22,大北路(34) → 中医院(34) → 交通大厦(22)
3,34,11,黄编牌坊(11) → 市桥汽车站东门(12) → 大北路(34)
3,34,27,上涌(27) → 广州大道南(叠景路口)(32) → 敦和(34)
3,34,22,梅花村(22) → 农林东(34) → 东山口(东华北路)(33)
27,33,10,广州火车东站总站(33) → 林和西路(32) → 时代广场(15) → 广州大道中(24) → 动物园南门(28) → 广东工大(26) → 先烈南路(12) → 东风东路(陵园西路口)(26) → 越秀桥(27) → 正骨医院(26) → 东风中路(19) → 中山纪念堂(28) → 盘福路(24) → 迎宾馆(30) → 解放中路(32) → 惠福路(17) → 惠福西(15) → 东升医院(30) → 上九东(21) → 大新路口(19) → 人民南路(17) → 文化公园(13) → 六二三路(23) → 市中医院(25) → 黄沙大道(13) → 如意坊(12) → 荔湾湖公园西门(10)
25,33,10,荔湾湖公园西门(10) → 如意坊(12) → 黄沙大道(13) → 黄沙码头(21) → 六二三路(23) → 南方大厦(24) → 人民南路(17) → 大新路口(19) → 大德路(14) → 省中医院(14) → 解放南路口(12) → 解放中路(32) → 迎宾馆(30) → 中山纪念堂(28) → 广东大厦(21) → 东风中路(19) → 正骨医院(26) → 东风东路(陵园西路口)(26) → 先烈南路(12) → 广东工大(26) → 动物园南门(28) → 广州大道中(24) → 时代广场(15) → 林和中路(20) → 广州火车东站总站(33)
19,33,13,涌口村牌坊(18) → 涌口村(16) → 沙溪村(22) → 五洲装饰城(地铁厦滘站)(20) → 上漖(26) → 洛溪新城(28) → 海珠客运站(29) → 南洲路口(17) → 晓港湾(15) → 瑞南新村(16) → 五凤乡(16) → 东晓南路(19) → 晓港新村(15) → 云桂村(13) → 基立下道(19) → 江湾桥南(23) → 江湾桥脚(25) → 东华南路(14) → 东山口(东华北路)(33)
17,33,12,广州火车东站总站(33) → 林和西路(32) → 体育西路(13) → 维多利广场(12) → 南方报社(28) → 广州大桥北站(五羊邨)(24) → 客村立交(29) → 鹭江(32) → 康乐村(26) → 中山大学(26) → 省荣军医院(荣校)(27) → 怡乐村(27) → 晓港新村(15) → 东晓南路(19) → 五凤乡(16) → 瑞南新村(16) → 晓港湾(15)
17,33,15,晓港湾(15) → 瑞南新村(16) → 五凤乡(16) → 东晓南路(19) → 晓港新村(15) → 怡乐村(27) → 省荣军医院(荣校)(27) → 中山大学(26) → 康乐村(26) → 鹭江(32) → 客村立交(29) → 广州大桥北站(五羊邨)(24) → 南方报社(28) → 体育中心(26) → 体育中心东门(24) → 林和中路(20) → 广州火车东站总站(33)
17,33,11,东山口(东华北路)(33) → 中山医(26) → 烈士陵园(19) → 大东门(中山三路)(15) → 农讲所(19) → 财厅(11) → 中山六路(16) → 西门口(中山六路)(16) → 人民中路(11) → 东升医院(30) → 大新路口(19) → 人民南路(17) → 文化公园(13) → 洪德路(19) → 下芳村(20) → 大冲口(16) → 鹤洞新村(15)
17,33,11,鹤洞新村(15) → 大冲口(16) → 革新路口(22) → 洪德路(19) → 南方大厦(24) → 人民南路(17) → 大新路口(19) → 东升医院(30) → 人民中路(11) → 西门口(中山六路)(16) → 中山六路(16) → 中山五路(24) → 农讲所(19) → 大东门(中山三路)(15) → 烈士陵园(19) → 中山医(26) → 东山口(东华北路)(33)
15,33,11,动物园(12) → 黄花岗(20) → 犀牛路口(12) → 农林下路(13) → 东山口(东华北路)(33) → 中山医(26) → 白云路东(18) → 白云路(11) → 大沙头(17) → 海印桥南(20) → 云桂村(13) → 基立村(11) → 南村(21) → 华海大厦(24) → 礼岗(18)
15,33,10,塘步东(10) → 塘埗西(18) → 涌口村牌坊(18) → 涌口村(16) → 沙溪村(22) → 龙潭村(25) → 大塘(江海大道)(28) → 江海大道中(21) → 猎德大道北(11) → 天河南(19) → 天河东路(14) → 天寿路(17) → 林乐路(11) → 林和中路(20) → 广州火车东站总站(33)
15,33,11,广州火车站总站(33) → 解放北路(11) → 盘福路(24) → 迎宾馆(30) → 解放中路(32) → 解放南路(28) → 市二宫(12) → 基立村(11) → 前进路(12) → 云桂村(13) → 晓港新村(15) → 东晓南路(19) → 五凤乡(16) → 瑞南新村(16) → 晓港湾(15)
15,33,12,广州火车站总站(33) → 越秀公园(30) → 迎宾馆(30) → 中山六路(16) → 西门口(中山六路)(16) → 中山七路(18) → 康王中路(16) → 华林寺(16) → 康王南路(14) → 洪德路(19) → 革新路口(22) → 梅园西(24) → 凤凰新村(宝业路口)(23) → 沙园(23) → 广船(12)
14,33,12,天河客运站总站(12) → 银河园(19) → 武警医院(20) → 燕塘企业(20) → 沙河(15) → 濂泉路口(16) → 金贵村(19) → 云台花园(17) → 景泰坑(20) → 广园客运站(20) → 中医药大学(24) → 交电新村(22) → 梓元岗(31) → 广州火车站总站(33)
14,33,12,广州火车站总站(33) → 梓元岗(31) → 中医药大学(24) → 广园客运站(20) → 广园中路(20) → 景泰坑(20) → 云台花园(17) → 金贵村(19) → 濂泉路口(16) → 燕塘企业(20) → 武警医院(20) → 银河园(19) → 上元岗(24) → 天河客运站总站(12)
14,33,11,广州火车站总站(33) → 草暖公园(17) → 解放北路(11) → 迎宾馆(30) → 解放中路(32) → 解放南路(28) → 堑口(22) → 宝岗大道北(22) → 宝岗大道中(22) → 海珠区妇幼(23) → 江南新村(骨伤科医院)(27) → 西基东(19) → 宝岗大道南(19) → 昌岗路口(14)
13,33,10,海珠客运站(29) → 南洲路口(17) → 晓港湾(15) → 瑞南新村(16) → 五凤乡(16) → 东晓南路(19) → 晓港新村(15) → 海印桥南(20) → 东湖路(10) → 东山口(东华北路)(33) → 农林下路(13) → 执信路(20) → 黄花岗(20)
13,33,12,聚龙工业区(12) → 泽德花苑(14) → 横滘(17) → 上步村(18) → 同德乡(19) → 鹅掌坦(18) → 西湾和苑(18) → 西湾路(22) → 黑山(21) → 西湾路(22) → 克山(20) → 环市西路(广园西路口)(18) → 广州火车站总站(33)
13,33,11,广州火车东站总站(33) → 林和西路(32) → 林和东路(14) → 林乐路(11) → 天寿路(17) → 广园天寿路口东(14) → 农科院(13) → 省农干科干院(15) → 科学院地化所(11) → 棠德花苑北(15) → 家家乐医院(18) → 车陂(25) → 中山大道东圃站(26)
12,33,10,棠德花苑北(15) → 科学院地化所(11) → 省农干科干院(15) → 农科院(13) → 消防总队(10) → 广园天寿路口东(14) → 云台花园(17) → 景泰坑(20) → 广园客运站(20) → 中医药大学(24) → 梓元岗(31) → 广州火车站总站(33)
12,33,12,广州火车站总站(33) → 克山(20) → 西湾路(22) → 黑山(21) → 西湾路(22) → 西湾和苑(18) → 鹅掌坦(18) → 同德乡(19) → 上步村(18) → 横滘(17) → 泽德花苑(14) → 聚龙工业区(12)
12,33,12,东升医院(30) → 大德路(14) → 省中医院(14) → 解放南路口(12) → 大南路(17) → 文明路(15) → 中山图书馆(15) → 越秀南路(22) → 白云路总站(13) → 白云路东(18) → 中山医(26) → 东山口(东华北路)(33)
11,33,14,广州火车东站总站(33) → 林和西路(32) → 天河北路(23) → 天河东路(14) → 天河南(19) → 江海大道中(25) → 大塘(江海大道)(28) → 龙潭村(25) → 沙溪村(22) → 涌口村(16) → 涌口村牌坊(18)
11,33,10,家家乐医院(18) → 棠德花苑北(15) → 科学院地化所(11) → 省农干科干院(15) → 农科院(13) → 消防总队(10) → 广园天寿路口东(14) → 天寿路(17) → 天河北路(23) → 林和东路(14) → 广州火车东站总站(33)
11,33,12,广州火车站总站(33) → 中医药大学(24) → 广园客运站(20) → 广园中路(20) → 云台花园(17) → 金贵村(19) → 燕塘企业(20) → 武警医院(20) → 银河园(19) → 上元岗(24) → 天河客运站总站(12)
10,33,11,广州火车站总站(33) → 梓元岗(31) → 中医药大学(24) → 广园中路(20) → 云台花园(16) → 广园天寿路口东(14) → 农科院(13) → 省农干科干院(15) → 科学院地化所(11) → 棠德花苑北(15)
10,33,11,广州火车东站总站(33) → 林和西路(32) → 林和东路(14) → 林乐路(11) → 天寿路(17) → 广园天寿路口东(14) → 农科院(13) → 省农干科干院(15) → 科学院地化所(11) → 棠德花苑北(15)
10,33,10,黄花岗(20) → 犀牛路口(12) → 农林下路(13) → 东山口(东华北路)(33) → 东湖路(10) → 海印桥南(20) → 东晓南路(19) → 五凤乡(16) → 瑞南新村(16) → 晓港湾(15)
10,33,10,棠德花苑北(15) → 科学院地化所(11) → 省农干科干院(15) → 农科院(13) → 消防总队(10) → 广园天寿路口东(14) → 天寿路(17) → 天河北路(23) → 林和中路(20) → 广州火车东站总站(33)
9,33,10,芳园路口(11) → 猎德(16) → 冼村路中(10) → 冼村路北(11) → 天河邮局(16) → 体育东路(15) → 体育中心东门(24) → 林和中路(20) → 广州火车东站总站(33)
9,33,10,广州火车东站总站(33) → 林和西路(32) → 体育中心东门(24) → 体育东路(15) → 天河邮局(16) → 冼村路北(11) → 冼村路中(10) → 猎德(16) → 猎德东(15)
9,33,11,广州火车东站总站(33) → 林和西路(32) → 天河北路(23) → 龙口西(15) → 龙口东(16) → 五山路口(17) → 师大后门(15) → 华工大(11) → 华农大正门(11)
9,33,10,芳园路口(11) → 猎德(16) → 冼村路中(10) → 冼村路北(11) → 天河邮局(16) → 体育东路(15) → 体育中心东门(24) → 林和东路(14) → 广州火车东站总站(33)
9,33,11,广州火车东站总站(33) → 林和西路(32) → 时代广场(15) → 广州体院(23) → 广州大道中(11) → 沙河(15) → 濂泉路口(16) → 金贵村(19) → 云台花园(16)
8,33,12,市红会医院(23) → 市二宫(12) → 基立下道(19) → 江湾桥南(23) → 江湾桥脚(25) → 东华南路(14) → 东山口(东华北路)(33) → 农林下路(13)
8,33,12,黄花岗(20) → 犀牛路口(12) → 农林下路(13) → 东山口(东华北路)(33) → 东华南路(14) → 江湾桥脚(25) → 江湾桥南(23) → 基立下道(19)
8,33,11,华农大正门(11) → 华工大(11) → 五山路口(17) → 龙口东(16) → 龙口西(15) → 天河北路(23) → 林和中路(20) → 广州火车东站总站(33)
8,33,11,广州火车站总站(33) → 草暖公园(17) → 解放北路(11) → 盘福路(24) → 迎宾馆(30) → 中山五路(24) → 文德路(19) → 万福西(12)
7,33,12,天河立交(16) → 动物园南门(28) → 广东工大(26) → 犀牛路口(12) → 农林下路(13) → 东山口(东华北路)(33) → 中山医(26)
7,33,12,黄花岗(20) → 犀牛路口(12) → 农林下路(13) → 东山口(东华北路)(33) → 中山医(26) → 白云路东(18) → 白云路总站(13)
7,33,12,黄花岗(20) → 犀牛路口(12) → 农林下路(13) → 东山口(东华北路)(33) → 东华南路(14) → 江湾桥脚(25) → 江湾桥南(23)
7,33,15,广州火车站总站(33) → 电视塔(21) → 小北花圈(25) → 仓边路(20) → 农讲所(19) → 大东门(中山三路)(15) → 烈士陵园(19)
7,33,15,大东门(中山三路)(15) → 农讲所(19) → 仓边路(20) → 小北花圈(25) → 电视塔(21) → 越秀公园北门(21) → 广州火车站总站(33)
7,33,15,师大后门(15) → 五山路口(17) → 龙口东(16) → 龙口西(15) → 天河北路(23) → 林和中路(20) → 广州火车东站总站(33)
7,33,15,地铁浔峰岗站(23) → 地铁横沙站(15) → 金沙洲路(24) → 金沙洲大桥西(19) → 克山(20) → 环市西路(广园西路口)(18) → 广州火车站总站(33)
6,33,12,动物园(12) → 黄花岗(20) → 犀牛路口(12) → 农林下路(13) → 东山口(东华北路)(33) → 中山医(26)
6,33,11,冼村路北(11) → 天河邮局(16) → 体育东路(15) → 体育中心东门(24) → 林和中路(20) → 广州火车东站总站(33)
6,33,11,省军区(17) → 广州大道中(11) → 广州体院(23) → 时代广场(15) → 林和中路(20) → 广州火车东站总站(33)
6,33,11,广州火车东站总站(33) → 林和西路(32) → 时代广场(15) → 广州体院(23) → 广州大道中(11) → 省军区(17)
6,33,15,广州火车东站总站(33) → 林和西路(32) → 天河北路(23) → 龙口西(15) → 龙口东(16) → 五山路口(17)
6,33,11,豪景花园(27) → 广州大道中(11) → 广州体院(23) → 时代广场(15) → 林和中路(20) → 广州火车东站总站(33)
6,33,20,景泰坑(20) → 广园客运站(20) → 中医药大学(24) → 交电新村(22) → 梓元岗(31) → 广州火车站总站(33)
6,33,14,广州火车东站总站(33) → 林和西路(32) → 天寿路(17) → 广园天寿路口东(14) → 省农干科干院(15) → 棠德花苑北(15)
6,33,14,棠德花苑北(15) → 省农干科干院(15) → 广园天寿路口东(14) → 天寿路(17) → 林和东路(14) → 广州火车东站总站(33)
5,33,15,广州火车东站总站(33) → 林和西路(32) → 时代广场(15) → 广州大道中(24) → 南方报社(28)
5,33,15,南方报社(28) → 广州大道中(24) → 时代广场(15) → 林和中路(20) → 广州火车东站总站(33)
5,33,11,天河东路(14) → 天寿路(17) → 林乐路(11) → 林和东路(14) → 广州火车东站总站(33)
5,33,15,广州火车站总站(33) → 金沙洲大桥西(19) → 金沙洲路(24) → 地铁横沙站(15) → 地铁浔峰岗站(23)
4,33,11,广州火车站总站(33) → 省妇幼(16) → 王圣堂(16) → 平沙(11)
4,33,11,平沙(11) → 王圣堂(16) → 环市西路(广园西路口)(18) → 广州火车站总站(33)
4,33,10,西站(10) → 站前路中(11) → 站前路北(12) → 广州火车站总站(33)
4,33,20,机场立交北(20) → 梓元岗(31) → 桂花岗(25) → 广州火车站总站(33)
4,33,15,广州体院(23) → 时代广场(15) → 林和中路(20) → 广州火车东站总站(33)
4,33,14,广州火车东站总站(33) → 林和西路(32) → 天河北路(23) → 天河东路(14)
3,33,13,广州火车东站总站(33) → 林和西路(32) → 体育西路(13)
3,33,13,东华南路(14) → 东山口(东华北路)(33) → 农林下路(13)
3,33,13,中山医(26) → 东山口(东华北路)(33) → 农林下路(13)
3,33,20,林和西路(32) → 林和中路(20) → 广州火车东站总站(33)
3,33,12,流花(南部战区总医院)(14) → 人民北路(站南路口)(12) → 广州火车站总站(33)
3,33,21,三元里(25) → 三元里大道(桂花岗)(21) → 广州火车站总站(33)
33,32,11,保利花园(南石头)(28) → 石溪(17) → 新滘西路口(14) → 金碧花园(14) → 嘉鸿花园(13) → 南洲名苑(17) → 南洲路口(17) → 晓港湾(15) → 瑞南新村(16) → 五凤乡(16) → 东晓南路(19) → 晓港新村(15) → 怡乐村(27) → 省荣军医院(荣校)(27) → 中山大学(26) → 康乐村(26) → 鹭江(32) → 客村立交(29) → 广州大桥北站(五羊邨)(24) → 南方报社(28) → 广州大道中(24) → 广州体院(23) → 广州大道中(24) → 豪景花园(27) → 兴华路口(11) → 伍仙桥(11) → 鸡颈坑(12) → 梅园新村(12) → 梅花园(13) → 一五七医院(13) → 南方医院(19) → 东坑(18) → 同和(24)
26,32,11,同和(24) → 东坑(18) → 南方医院(19) → 一五七医院(13) → 梅花园(13) → 梅园新村(12) → 鸡颈坑(12) → 伍仙桥(11) → 兴华路口(11) → 豪景花园(27) → 广州大道中(24) → 广州体院(23) → 广州大道中(24) → 南方报社(28) → 广州大桥北站(五羊邨)(24) → 客村立交(29) → 鹭江(32) → 康乐村(26) → 中山大学(26) → 省荣军医院(荣校)(27) → 怡乐村(27) → 晓港新村(15) → 东晓南路(19) → 五凤乡(16) → 瑞南新村(16) → 晓港湾(15)
18,32,11,芳村西塱总站(11) → 花地大道中(15) → 龙溪立交南(坑口牌坊)(16) → 芳村客运站(17) → 翠竹苑(14) → 花地大道(17) → 花地大道北(花地湾)(14) → 芳村隧道口(15) → 黄沙码头(21) → 六二三路(23) → 南方大厦(24) → 人民南路(17) → 大新路口(19) → 大德路(14) → 省中医院(14) → 解放南路口(12) → 解放中路(32) → 广卫路总站(15)
17,32,11,广卫路总站(15) → 解放中路(32) → 惠福路(17) → 惠福西(15) → 东升医院(30) → 上九东(21) → 大新路口(19) → 人民南路(17) → 六二三路(23) → 市中医院(25) → 花地大道北(花地湾)(14) → 花地大道(17) → 翠竹苑(14) → 芳村客运站(17) → 龙溪立交南(坑口牌坊)(16) → 花地大道中(15) → 芳村西塱总站(11)
17,32,10,同德乡(19) → 上步村(18) → 横滘(17) → 泽德花苑(14) → 同德围(14) → 德康路(14) → 三元里大道中(29) → 棠下(三元里大道)(31) → 沙涌(26) → 远景路(14) → 机场路岗贝路口(省二医民航院区)(32) → 云霄路(10) → 地铁白云公园站(15) → 体育花园(11) → 广外(白云山西门)(17) → 黄石东路口(20) → 元下田(19)
17,32,13,黄岐城区(19) → 广佛路东(20) → 广佛路口(滘口客运站)(15) → 芳村大道西(27) → 桥东小区(25) → 石围塘(22) → 山村(25) → 花地(25) → 芳村隧道口(15) → 黄沙码头(21) → 六二三路(23) → 南方大厦(24) → 爱群大厦(17) → 靖海路口(13) → 解放南路(28) → 解放中路(32) → 广卫路总站(15)
16,32,11,广东药学院(11) → 宝岗大道中(22) → 宝岗大道北(22) → 市红会医院(23) → 解放南路(28) → 解放中路(32) → 迎宾馆(30) → 越秀公园(30) → 三元里大道(桂花岗)(21) → 三元里(25) → 北站(25) → 沙涌(26) → 棠下(三元里大道)(31) → 三元里大道中(29) → 棠溪(26) → 三元里大道北(25)
15,32,20,广园客运站(20) → 中医药大学(24) → 交电新村(22) → 梓元岗(31) → 桂花岗(25) → 越秀公园(30) → 盘福路(24) → 迎宾馆(30) → 解放中路(32) → 解放南路(28) → 堑口(22) → 宝岗大道北(22) → 宝岗大道中(22) → 海珠区妇幼(23) → 江南新村(骨伤科医院)(27)
15,32,21,三元里大道北(25) → 棠溪(26) → 三元里大道中(29) → 棠下(三元里大道)(31) → 沙涌(26) → 北站(25) → 三元里(25) → 三元里大道(桂花岗)(21) → 越秀公园(30) → 迎宾馆(30) → 解放中路(32) → 解放南路(28) → 堑口(22) → 宝岗大道北(22) → 宝岗大道中(22)
14,32,11,科学院地化所(11) → 省农干科干院(15) → 农科院(13) → 五山路口(17) → 龙口东(16) → 龙口西(15) → 天河北路(23) → 体育中心东门(24) → 体育东路(15) → 天河邮局(16) → 人民日报广东分社(30) → 天河(32) → 杨箕村(22) → 梅花村(22)
14,32,15,广卫路总站(15) → 解放中路(32) → 惠福路(17) → 惠福西(15) → 东升医院(30) → 上九东(21) → 大新路口(19) → 人民南路(17) → 六二三路(23) → 市中医院(25) → 芳村(19) → 下芳村(20) → 大冲口(16) → 鹤洞新村(15)
14,32,12,鹤洞新村(15) → 大冲口(16) → 下芳村(20) → 芳村(19) → 黄沙码头(21) → 六二三路(23) → 南方大厦(24) → 人民南路(17) → 大新路口(19) → 大德路(14) → 省中医院(14) → 解放南路口(12) → 解放中路(32) → 广卫路总站(15)
13,32,20,海珠区妇幼(23) → 宝岗大道中(22) → 宝岗大道北(22) → 市红会医院(23) → 解放南路(28) → 解放中路(32) → 迎宾馆(30) → 越秀公园(30) → 梓元岗(31) → 中医药大学(24) → 广园客运站(20) → 广园中路(20) → 景泰坑(20)
13,32,24,华海大厦(24) → 广医二院(25) → 怡乐村(27) → 省荣军医院(荣校)(27) → 中山大学(26) → 康乐村(26) → 鹭江(32) → 客村立交(29) → 广州大桥北站(五羊邨)(24) → 南方报社(28) → 体育中心(26) → 石牌桥(24) → 岗顶(27)
12,32,15,三元里大道(桂花岗)(21) → 三元里(25) → 瑶台(16) → 王圣堂(16) → 省妇幼(16) → 克山(20) → 富力环市西苑(西村)(27) → 西场电器城(18) → 富力半岛花园(32) → 松南路口(16) → 松南街口(16) → 松北(15)
12,32,10,冼村路中(10) → 冼村路北(11) → 人民日报广东分社(30) → 天河(32) → 锦城花园(21) → 东峻广场(20) → 东风东路(广东工大)(21) → 执信路(20) → 先烈南路(12) → 先烈南路口(10) → 越秀桥(27) → 正骨医院(26)
12,32,10,广卫路总站(15) → 广东大厦(21) → 正骨医院(26) → 东风东路(陵园西路口)(26) → 先烈南路口(10) → 执信路(20) → 东风东路(广东工大)(21) → 东峻广场(20) → 锦城花园(21) → 天河(32) → 冼村路北(11) → 冼村路中(10)
12,32,10,东风东路(陵园西路口)(26) → 先烈南路口(10) → 执信路(20) → 东风东路(广东工大)(21) → 东峻广场(20) → 锦城花园(21) → 天河(32) → 天河邮局(16) → 体育东路(15) → 体育中心东门(24) → 林乐路(11) → 天寿路(17)
11,32,16,盘福路(24) → 迎宾馆(30) → 解放中路(32) → 解放南路(28) → 海珠广场(一德东)(17) → 江南大道北(20) → 地铁市二宫站(16) → 江南大道中(18) → 南村(21) → 华海大厦(24) → 礼岗(18)
11,32,10,聚龙工业区(12) → 同德围(14) → 德康路(14) → 三元里大道中(29) → 棠下(三元里大道)(31) → 沙涌(26) → 远景路(14) → 机场路岗贝路口(省二医民航院区)(32) → 云霄路(10) → 地铁白云公园站(15) → 体育花园(11)
11,32,14,昌岗路口(14) → 宝岗大道南(19) → 西基东(19) → 江南新村(骨伤科医院)(27) → 海珠区妇幼(23) → 宝岗大道中(22) → 宝岗大道北(22) → 市红会医院(23) → 解放南路(28) → 解放中路(32) → 迎宾馆(30)
11,32,15,小北(30) → 电视塔(21) → 越秀公园北门(21) → 越秀公园(30) → 迎宾馆(30) → 解放中路(32) → 惠福路(17) → 惠福西(15) → 东升医院(30) → 大新路口(19) → 人民南路(17)
11,32,13,白云路东(18) → 白云路总站(13) → 越秀南路(22) → 中山图书馆(15) → 文明路(15) → 大南路(17) → 解放中路(32) → 迎宾馆(30) → 越秀公园(30) → 三元里大道(桂花岗)(21) → 三元里(25)
10,32,15,南方报社(28) → 广州大桥北站(五羊邨)(24) → 客村立交(29) → 鹭江(32) → 康乐村(26) → 中山大学(26) → 省荣军医院(荣校)(27) → 怡乐村(27) → 晓港新村(15) → 东晓南路(19)
9,32,12,东升医院(30) → 上九东(21) → 大德路(14) → 省中医院(14) → 解放南路口(12) → 解放中路(32) → 迎宾馆(30) → 越秀公园(30) → 梓元岗(31)
9,32,16,礼岗(18) → 华海大厦(24) → 南村(21) → 江南大道中(18) → 地铁市二宫站(16) → 江南大道北(20) → 海珠广场(一德东)(17) → 解放中路(32) → 迎宾馆(30)
9,32,14,人民南路(17) → 大新路口(19) → 大德路(14) → 省中医院(14) → 解放中路(32) → 迎宾馆(30) → 越秀公园(30) → 电视塔(21) → 小北(30)
8,32,15,交电新村(22) → 梓元岗(31) → 桂花岗(25) → 越秀公园(30) → 迎宾馆(30) → 解放中路(32) → 惠福路(17) → 惠福西(15)
8,32,24,怡乐村(27) → 省荣军医院(荣校)(27) → 中山大学(26) → 康乐村(26) → 鹭江(32) → 客村立交(29) → 广州大桥北站(五羊邨)(24) → 南方报社(28)
7,32,10,机场路岗贝路口(省二医民航院区)(32) → 云霄路(10) → 地铁白云公园站(15) → 广州体育馆南门(11) → 白云大道南(金信路口)(10) → 盈翠华庭(18) → 柯子岭牌坊(10)
7,32,11,广东药学院(11) → 宝岗大道中(22) → 宝岗大道北(22) → 市红会医院(23) → 解放南路(28) → 解放中路(32) → 迎宾馆(30)
4,32,15,解放中路(32) → 惠福路(17) → 惠福西(15) → 东升医院(30)
4,32,15,广卫路总站(15) → 中山五路(24) → 解放中路(32) → 解放南路(28)
4,32,30,梓元岗(31) → 越秀公园(30) → 迎宾馆(30) → 解放中路(32)
3,32,14,机场路岗贝路口(省二医民航院区)(32) → 白云区政务中心(27) → 远景路(14)
3,32,15,广卫路总站(15) → 解放中路(32) → 解放南路(28)
20,31,11,中大北门(15) → 珠江泳场(16) → 滨江东路(20) → 石涌口(13) → 江湾桥南(23) → 江湾桥脚(25) → 越秀南路(22) → 万福东(11) → 万福路(11) → 文德路(19) → 中山五路(24) → 迎宾馆(30) → 越秀公园(30) → 桂花岗(25) → 梓元岗(31) → 中医药大学(24) → 广园中路(20) → 景泰坑(20) → 白云山管理局(13) → 云台花园(16)
17,31,10,元下田(19) → 黄石东路口(20) → 广外(白云山西门)(17) → 广州体育馆(19) → 广州体育馆南门(11) → 地铁白云公园站(15) → 云霄路(10) → 白云区政务中心(27) → 远景路(14) → 棠下(三元里大道)(31) → 三元里大道中(29) → 德康路(14) → 同德围(14) → 泽德花苑(14) → 横滘(17) → 上步村(18) → 同德乡(19)
16,31,13,锦城花园(21) → 东峻广场(20) → 东风东路(广东工大)(21) → 肿瘤医院(13) → 越秀桥(27) → 正骨医院(26) → 小北花圈(25) → 电视塔(21) → 越秀公园北门(21) → 三元里大道(桂花岗)(21) → 三元里(25) → 北站(25) → 沙涌(26) → 棠下(三元里大道)(31) → 三元里大道中(29) → 德康路(14)
15,31,11,中大北门(15) → 中大北门西(13) → 珠江泳场(16) → 滨江东路(20) → 石涌口(13) → 江湾桥南(23) → 江湾桥脚(25) → 越秀南路(22) → 万福东(11) → 万福路(11) → 文德路(19) → 中山五路(24) → 迎宾馆(30) → 越秀公园(30) → 梓元岗(31)
15,31,11,云台花园(16) → 白云山管理局(13) → 景泰坑(20) → 广园客运站(20) → 中医药大学(24) → 交电新村(22) → 梓元岗(31) → 桂花岗(25) → 越秀公园(30) → 迎宾馆(30) → 中山五路(24) → 文德路(19) → 万福路(11) → 万福东(11) → 越秀南路(22)
14,31,11,同德围(14) → 德康路(14) → 三元里大道中(29) → 棠下(三元里大道)(31) → 沙涌(26) → 北站(25) → 瑶台(16) → 王圣堂(16) → 省妇幼(16) → 环市西路(广园西路口)(18) → 草暖公园(17) → 解放北路(11) → 盘福路(24) → 中山纪念堂(28)
14,31,12,东升医院(30) → 上九东(21) → 大德路(14) → 省中医院(14) → 解放南路口(12) → 大南路(17) → 文德路(19) → 仓边路(20) → 小北花圈(25) → 电视塔(21) → 越秀公园北门(21) → 桂花岗(25) → 梓元岗(31) → 云城南(19)
13,31,14,西湾路(22) → 西湾和苑(18) → 鹅掌坦(18) → 同德乡(19) → 上步村(18) → 横滘(17) → 泽德花苑(14) → 同德围(14) → 德康路(14) → 三元里大道中(29) → 棠下(三元里大道)(31) → 沙涌(26) → 北站(25)
13,31,10,黄石东路(云城西路口)(25) → 广外(白云山西门)(17) → 广州体育馆(19) → 广州体育馆南门(11) → 地铁白云公园站(15) → 云霄路(10) → 白云区政务中心(27) → 远景路(14) → 棠下(三元里大道)(31) → 三元里大道中(29) → 德康路(14) → 同德围(14) → 聚龙工业区(12)
11,31,11,桥东小区(25) → 芳村大道西(27) → 桥中(22) → 珠江桥脚(11) → 南岸路(12) → 西场立交(11) → 富力环市西苑(西村)(27) → 克山(20) → 环市西路(广园西路口)(18) → 草暖公园(17) → 梓元岗(31)
11,31,12,流花(南部战区总医院)(14) → 人民北路(站南路口)(12) → 省妇幼(16) → 王圣堂(16) → 瑶台(16) → 北站(25) → 沙涌(26) → 棠下(三元里大道)(31) → 三元里大道中(29) → 德康路(14) → 同德围(14)
10,31,11,交电新村(22) → 梓元岗(31) → 桂花岗(25) → 越秀公园(30) → 迎宾馆(30) → 中山五路(24) → 文德路(19) → 万福路(11) → 万福东(11) → 越秀南路(22)
10,31,10,体育花园(11) → 地铁白云公园站(15) → 云霄路(10) → 白云区政务中心(27) → 远景路(14) → 棠下(三元里大道)(31) → 三元里大道中(29) → 德康路(14) → 同德围(14) → 聚龙工业区(12)
10,31,11,交电新村(22) → 梓元岗(31) → 桂花岗(25) → 克山(20) → 富力环市西苑(西村)(27) → 西场立交(11) → 南岸路(12) → 珠江桥脚(11) → 桥中(22) → 芳村大道西(27)
9,31,14,德康路(14) → 三元里大道中(29) → 棠下(三元里大道)(31) → 沙涌(26) → 北站(25) → 三元里(25) → 三元里大道(桂花岗)(21) → 电视塔(21) → 小北花圈(25)
9,31,14,北站(25) → 沙涌(26) → 棠下(三元里大道)(31) → 三元里大道中(29) → 德康路(14) → 同德围(14) → 泽德花苑(14) → 横滘(17) → 上步村(18)
8,31,12,流花(南部战区总医院)(14) → 人民北路(站南路口)(12) → 草暖公园(17) → 梓元岗(31) → 中医药大学(24) → 广园客运站(20) → 广园中路(20) → 景泰坑(20)
7,31,15,广卫路总站(15) → 迎宾馆(30) → 越秀公园(30) → 梓元岗(31) → 中医药大学(24) → 广园客运站(20) → 广园中路(20)
7,31,20,景泰坑(20) → 广园客运站(20) → 中医药大学(24) → 梓元岗(31) → 桂花岗(25) → 越秀公园(30) → 盘福路(24)
7,31,12,流花(南部战区总医院)(14) → 人民北路(站南路口)(12) → 草暖公园(17) → 桂花岗(25) → 梓元岗(31) → 中医药大学(24) → 广园中路(20)
6,31,20,景泰坑(20) → 广园客运站(20) → 中医药大学(24) → 交电新村(22) → 梓元岗(31) → 桂花岗(25)
6,31,16,中山六路(16) → 迎宾馆(30) → 越秀公园(30) → 桂花岗(25) → 梓元岗(31) → 云城南(19)
6,31,25,三元里大道北(25) → 棠溪(26) → 三元里大道中(29) → 棠下(三元里大道)(31) → 沙涌(26) → 棠下(三元里大道)(31)
6,31,14,北站(25) → 沙涌(26) → 棠下(三元里大道)(31) → 三元里大道中(29) → 德康路(14) → 同德围(14)
5,31,20,广园客运站(20) → 中医药大学(24) → 交电新村(22) → 梓元岗(31) → 桂花岗(25)
5,31,20,机场立交北(20) → 梓元岗(31) → 桂花岗(25) → 越秀公园(30) → 盘福路(24)
5,31,14,远景路(14) → 棠下(三元里大道)(31) → 三元里大道中(29) → 德康路(14) → 同德围(14)
4,31,20,机场立交北(20) → 梓元岗(31) → 桂花岗(25) → 越秀公园(30)
4,31,17,草暖公园(17) → 桂花岗(25) → 梓元岗(31) → 三元里(25)
3,31,22,交电新村(22) → 梓元岗(31) → 桂花岗(25)
3,31,14,远景路(14) → 棠下(三元里大道)(31) → 三元里大道中(29)
3,31,19,越秀公园(30) → 梓元岗(31) → 云城南(19)
3,31,21,梓元岗(31) → 三元里大道(桂花岗)(21) → 三元里(25)
20,30,10,沥滘总站(10) → 后滘村(22) → 沥滘(23) → 三滘村(23) → 海珠客运站(29) → 南洲路口(17) → 晓港湾(15) → 瑞南新村(16) → 五凤乡(16) → 东晓南路(19) → 广医二院(25) → 华海大厦(24) → 南村(21) → 江南大道中(18) → 地铁市二宫站(16) → 江南大道北(20) → 海珠广场(一德东)(17) → 惠福路(17) → 惠福西(15) → 东升医院(30)
18,30,11,市少年宫(30) → 人民北路(11) → 西门口(人民北路)(12) → 人民中路(11) → 东升医院(30) → 上九东(21) → 大新路口(19) → 人民南路(17) → 南方大厦(24) → 爱群大厦(17) → 靖海路口(13) → 海珠广场(一德东)(17) → 江南大道北(20) → 地铁市二宫站(16) → 江南大道中(18) → 南村(21) → 华海大厦(24) → 礼岗(18)
15,30,10,迎宾馆(30) → 中山纪念堂(28) → 广东大厦(21) → 正骨医院(26) → 东风东路(陵园西路口)(26) → 先烈南路口(10) → 执信路(20) → 东风东路(广东工大)(21) → 东峻广场(20) → 锦城花园(21) → 广州大道中(24) → 广州体院(23) → 广州大道中(24) → 豪景花园(27) → 天平架总站(11)
14,30,15,晓港湾(15) → 瑞南新村(16) → 五凤乡(16) → 东晓南路(19) → 广医二院(25) → 华海大厦(24) → 南村(21) → 江南大道中(18) → 地铁市二宫站(16) → 江南大道北(20) → 海珠广场(一德东)(17) → 惠福路(17) → 惠福西(15) → 东升医院(30)
14,30,10,中山图书馆(15) → 文明路(15) → 大南路(17) → 惠福路(17) → 惠福西(15) → 东升医院(30) → 大新路口(19) → 人民南路(17) → 文化公园(13) → 六二三路(23) → 市中医院(25) → 花地大道北(花地湾)(14) → 芳村合兴苑(15) → 茶滘路(10)
13,30,10,天寿路(17) → 天河北路(23) → 体育中心东门(24) → 体育东路(15) → 天河邮局(16) → 人民日报广东分社(30) → 锦城花园(21) → 东峻广场(20) → 东风东路(广东工大)(21) → 执信路(20) → 先烈南路(12) → 先烈南路口(10) → 越秀桥(27)
13,30,12,东塱(12) → 广船(12) → 凤凰新村(宝业路口)(23) → 梅园西(24) → 革新路口(22) → 洪德路(19) → 康王南路(14) → 华林寺(16) → 康王中路(16) → 中山七路(18) → 西门口(中山六路)(16) → 中山六路(16) → 迎宾馆(30)
12,30,12,康王中路(16) → 中山七路(18) → 西门口(中山六路)(16) → 中山六路(16) → 迎宾馆(30) → 中山纪念堂(28) → 广东大厦(21) → 东风中路(19) → 正骨医院(26) → 东风东路(陵园西路口)(26) → 先烈南路(12) → 黄花岗(20)
10,30,10,天字码头(10) → 海珠广场(侨光东)(12) → 长堤(民间金融街)(14) → 爱群大厦(17) → 人民南路(17) → 大新路口(19) → 上九东(21) → 东升医院(30) → 人民中路(11) → 西门口(人民北路)(12)
10,30,11,市少年宫(30) → 人民北路(11) → 西门口(人民北路)(12) → 人民中路(11) → 东升医院(30) → 上九东(21) → 大新路口(19) → 人民南路(17) → 文化公园(13) → 洪德路(19)
9,30,12,东升医院(30) → 上九东(21) → 大德路(14) → 省中医院(14) → 解放南路口(12) → 大南路(17) → 文德路(19) → 仓边路(20) → 小北花圈(25)
8,30,11,市少年宫(30) → 人民北路(11) → 西门口(人民北路)(12) → 人民中路(11) → 东升医院(30) → 上九东(21) → 大新路口(19) → 人民南路(17)
8,30,16,员村(23) → 程界村(30) → 员村四横路口(29) → 员村东(17) → 黄埔大道(16) → 车陂南(16) → 车陂公交场(17) → 车陂路(21)
8,30,16,家家乐医院(18) → 车陂路(21) → 车陂公交场(17) → 车陂南(16) → 黄埔大道(16) → 员村东(17) → 员村四横路口(29) → 程界村(30)
8,30,10,盘福路(24) → 迎宾馆(30) → 中山六路(16) → 西门口(中山六路)(16) → 中山七路(18) → 康王中路(16) → 华贵路口(14) → 泮塘(10)
8,30,11,江湾桥脚(25) → 越秀南路(22) → 万福东(11) → 万福路(11) → 文德路(19) → 财厅(11) → 中山五路(24) → 迎宾馆(30)
7,30,11,爱群大厦(17) → 人民南路(17) → 大新路口(19) → 上九东(21) → 东升医院(30) → 人民中路(11) → 西门口(人民北路)(12)
7,30,13,员村四横路口(29) → 程界村(30) → 员村东(17) → 黄埔大道(16) → 车陂南(16) → 万胜围(13) → 琶洲村(13)
6,30,13,员村(23) → 程界村(30) → 员村四横路口(29) → 员村东(17) → 黄埔大道(16) → 车陂总站(13)
5,30,13,车陂总站(13) → 黄埔大道(16) → 员村东(17) → 员村四横路口(29) → 程界村(30)
5,30,11,西门口(人民北路)(12) → 人民中路(11) → 东升医院(30) → 上九东(21) → 大新路口(19)
5,30,15,大东门(中山三路)(15) → 农讲所(19) → 仓边路(20) → 小北花圈(25) → 小北(30)
5,30,11,人民北路(11) → 西门口(人民北路)(12) → 东升医院(30) → 上九东(21) → 大新路口(19)
4,30,15,大南路(17) → 惠福路(17) → 惠福西(15) → 东升医院(30)
4,30,19,程界村(30) → 员村四横路口(29) → 科韵路(19) → 科韵路棠安路口(20)
4,30,20,员村(23) → 程界村(30) → 员村四横路口(29) → 琶洲大桥北(20)
4,30,15,从化汽车站总站(18) → 姓钟围(15) → 地铁从化客运站(30) → 流溪河大桥(20)
4,30,12,流溪河大桥(20) → 地铁从化客运站(30) → 木壳岭(12) → 从化汽车站总站(18)
4,30,18,流溪河大桥(20) → 地铁从化客运站(30) → 从化汽车站总站(18) → 地铁从化客运站(30)
4,30,10,流溪河大桥(20) → 地铁从化客运站(30) → 木壳岭(12) → 从化汽车站(10)
4,30,10,从化汽车站(10) → 姓钟围(15) → 地铁从化客运站(30) → 流溪河大桥(20)
3,30,20,仓边路(20) → 小北花圈(25) → 小北(30)
3,30,15,姓钟围(15) → 地铁从化客运站(30) → 流溪河大桥(20)
3,30,10,从化汽车站(10) → 地铁从化客运站(30) → 流溪河大桥(20)
3,30,18,从化汽车站总站(18) → 地铁从化客运站(30) → 流溪河大桥(20)
3,30,12,流溪河大桥(20) → 地铁从化客运站(30) → 木壳岭(12)
3,30,10,从化汽车站(10) → 姓钟围(15) → 地铁从化客运站(30)
3,30,23,员村(23) → 程界村(30) → 员村四横路口(29)
3,30,15,惠福路(17) → 惠福西(15) → 东升医院(30)
3,30,12,迎宾馆(30) → 解放南路(28) → 市二宫(12)
24,29,12,海珠客运站总站(12) → 海珠客运站(29) → 南洲路口(17) → 晓港湾(15) → 瑞南新村(16) → 五凤乡(16) → 东晓南路(19) → 广医二院(25) → 信和广场(昌岗中路)(25) → 橡胶新村(20) → 广州市培英中学(25) → 白鹤洞(22) → 鹤洞路西(27) → 花地大道中(15) → 龙溪立交南(坑口牌坊)(16) → 芳村客运站(17) → 翠竹苑(14) → 花地大道(17) → 花地大道北(花地湾)(14) → 花地(25) → 山村(25) → 石围塘(22) → 桥东小区(25) → 桥中(22)
23,29,12,滘口客运站总站(12) → 芳村大道西(27) → 桥东小区(25) → 石围塘(22) → 山村(25) → 芳村(19) → 下芳村(20) → 大冲口(16) → 鹤洞新村(15) → 珠江医院(17) → 纸厂(22) → 保利花园(南石头)(28) → 石溪(17) → 新滘西路口(14) → 金碧花园(14) → 南洲名苑(17) → 海珠客运站(29) → 洛溪新城(28) → 上漖(26) → 大石桥南(16) → 大石(18) → 富石路(群贤路口)(13) → 礼村(14)
22,29,12,富石路(群贤路口)(13) → 大石(18) → 大石桥南(16) → 上漖(26) → 洛溪新城(28) → 海珠客运站(29) → 南洲名苑(17) → 金碧花园(14) → 新滘西路口(14) → 石溪(17) → 保利花园(南石头)(28) → 纸厂(22) → 珠江医院(17) → 鹤洞新村(15) → 大冲口(16) → 下芳村(20) → 芳村(19) → 山村(25) → 石围塘(22) → 桥东小区(25) → 芳村大道西(27) → 滘口客运站总站(12)
22,29,10,沥滘总站(10) → 后滘村(22) → 沥滘(23) → 三滘村(23) → 海珠客运站(29) → 南洲路口(17) → 晓港湾(15) → 瑞南新村(16) → 五凤乡(16) → 东晓南路(19) → 广医二院(25) → 信和广场(昌岗中路)(25) → 橡胶新村(20) → 广州市培英中学(25) → 白鹤洞(22) → 鹤洞路西(27) → 花地大道中(15) → 龙溪立交南(坑口牌坊)(16) → 芳村客运站(17) → 浣花路(13) → 东漖街(11) → 东漖怀宁坊(11)
20,29,10,沥滘总站(10) → 后滘村(22) → 沥滘(23) → 三滘村(23) → 海珠客运站(29) → 南洲名苑(17) → 金碧花园(14) → 新滘西路口(14) → 石溪(17) → 保利花园(南石头)(28) → 纸厂(22) → 珠江医院(17) → 基建新村(17) → 沙园(23) → 凤凰新村(宝业路口)(23) → 梅园西(24) → 革新路口(22) → 洪德路(19) → 六二三路(23) → 市中医院(25)
16,29,10,广花一路(夏花一路口)(17) → 夏茅(20) → 冶金技校(18) → 鹤南(兵房街)(25) → 联和(29) → 黄石路(16) → 祥景花园(22) → 江夏(黄石东路中)(24) → 黄石东路(云城西路口)(25) → 广外(白云山西门)(17) → 广州体育馆(19) → 白云大道南(金信路口)(10) → 盈翠华庭(18) → 柯子岭(15) → 雕塑公园(17) → 下塘西路(16)
16,29,10,节能科技园(13) → 万博翠湖花园(13) → 冼庄立交(12) → 里仁洞(14) → 华南碧桂园(16) → 万博中心(14) → 南大路口(16) → 塘埗西(18) → 涌口村牌坊(18) → 涌口村(16) → 沙溪村(22) → 后滘村(22) → 沥滘(23) → 三滘村(23) → 海珠客运站(29) → 沥滘总站(10)
16,29,10,沥滘总站(10) → 海珠客运站(29) → 三滘村(23) → 沥滘(23) → 后滘村(22) → 沙溪村(22) → 涌口村(16) → 涌口村牌坊(18) → 塘埗西(18) → 南大路口(16) → 万博中心(14) → 华南碧桂园(16) → 里仁洞(14) → 冼庄立交(12) → 万博翠湖花园(13) → 龙美牌坊(13)
15,29,13,金沙路(13) → 凤凰新村(宝业路口)(23) → 沙园(23) → 基建新村(17) → 珠江医院(17) → 纸厂(22) → 保利花园(南石头)(28) → 石溪(17) → 新滘西路口(14) → 金碧花园(14) → 嘉鸿花园(13) → 南洲名苑(17) → 海珠客运站(29) → 洛溪新城(28) → 上漖(26)
15,29,13,上漖(26) → 洛溪新城(28) → 海珠客运站(29) → 南洲名苑(17) → 金碧花园(14) → 新滘西路口(14) → 石溪(17) → 保利花园(南石头)(28) → 纸厂(22) → 珠江医院(17) → 基建新村(17) → 沙园(23) → 凤凰新村(宝业路口)(23) → 梅园西(24) → 金沙路(13)
15,29,10,下塘西路(16) → 雕塑公园(17) → 柯子岭(15) → 盈翠华庭(18) → 白云大道南(金信路口)(10) → 广州体育馆(19) → 广外(白云山西门)(17) → 黄石东路(云城西路口)(25) → 江夏(黄石东路中)(24) → 黄石路(16) → 联和(29) → 鹤南(兵房街)(25) → 冶金技校(18) → 夏茅(20) → 广花一路(夏花一路口)(17)
14,29,10,燕子岗(11) → 保利红棉花园(13) → 纸厂(22) → 保利花园(南石头)(28) → 石溪(17) → 新滘西路口(14) → 金碧花园(14) → 嘉鸿花园(13) → 南洲名苑(17) → 海珠客运站(29) → 三滘村(23) → 沥滘(23) → 后滘村(22) → 沥滘总站(10)
14,29,15,广花一路(夏花一路口)(17) → 夏茅(20) → 冶金技校(18) → 鹤南(兵房街)(25) → 联和(29) → 黄石路(16) → 祥景花园(22) → 江夏(黄石东路中)(24) → 黄石东路(云城西路口)(25) → 广州体育馆(19) → 盈翠华庭(18) → 柯子岭(15) → 雕塑公园(17) → 下塘西路(16)
13,29,10,沥滘总站(10) → 后滘村(22) → 沥滘(23) → 三滘村(23) → 海珠客运站(29) → 南洲路口(17) → 晓港湾(15) → 瑞南新村(16) → 五凤乡(16) → 东晓南路(19) → 晓港新村(15) → 云桂村(13) → 基立村(11)
12,29,11,燕子岗(11) → 保利红棉花园(13) → 保利花园(南石头)(28) → 石溪(17) → 新滘西路口(14) → 金碧花园(14) → 嘉鸿花园(13) → 南洲名苑(17) → 海珠客运站(29) → 三滘村(23) → 沥滘(23) → 后滘村(22)
12,29,10,保利红棉花园(13) → 保利花园(南石头)(28) → 石溪(17) → 新滘西路口(14) → 金碧花园(14) → 嘉鸿花园(13) → 南洲名苑(17) → 海珠客运站(29) → 三滘村(23) → 沥滘(23) → 后滘村(22) → 沥滘总站(10)
12,29,10,沥滘总站(10) → 后滘村(22) → 沥滘(23) → 三滘村(23) → 海珠客运站(29) → 南洲名苑(17) → 金碧花园(14) → 新滘西路口(14) → 石溪(17) → 保利花园(南石头)(28) → 保利红棉花园(13) → 燕子岗(11)
12,29,10,联和(29) → 马务(22) → 小坪(25) → 地铁小坪站(10) → 石槎路中(12) → 桥东(12) → 石槎路中(12) → 地铁小坪站(10) → 小坪(25) → 马务(22) → 联和(29) → 鹤南(兵房街)(25)
11,29,11,农讲所(19) → 文德路(19) → 文明路(15) → 中山图书馆(15) → 越秀南路(22) → 白云路(11) → 大沙头(17) → 大沙头游船码头(25) → 海印桥南(20) → 海珠客运站(29) → 洛溪新城(28)
11,29,11,后滘村(22) → 沥滘(23) → 三滘村(23) → 海珠客运站(29) → 南洲名苑(17) → 金碧花园(14) → 新滘西路口(14) → 石溪(17) → 保利花园(南石头)(28) → 保利红棉花园(13) → 燕子岗(11)
11,29,10,沥滘总站(10) → 后滘村(22) → 沥滘(23) → 三滘村(23) → 海珠客运站(29) → 南洲名苑(17) → 金碧花园(14) → 新滘西路口(14) → 石溪(17) → 保利花园(南石头)(28) → 保利红棉花园(13)
11,29,10,广花一路(夏花一路口)(17) → 夏茅(20) → 冶金技校(18) → 鹤南(兵房街)(25) → 联和(29) → 马务(22) → 小坪(25) → 地铁小坪站(10) → 石槎路中(12) → 桥东(12) → 广州白云站公交总站(13)
11,29,13,保利红棉花园(13) → 保利花园(南石头)(28) → 石溪(17) → 新滘西路口(14) → 金碧花园(14) → 嘉鸿花园(13) → 南洲名苑(17) → 海珠客运站(29) → 三滘村(23) → 沥滘(23) → 后滘村(22)
10,29,10,广州白云站公交总站(13) → 石槎路中(12) → 地铁小坪站(10) → 小坪(25) → 马务(22) → 联和(29) → 鹤南(兵房街)(25) → 冶金技校(18) → 夏茅(20) → 广花一路(夏花一路口)(17)
10,29,12,海珠客运站总站(12) → 海珠客运站(29) → 南洲路口(17) → 晓港湾(15) → 瑞南新村(16) → 五凤乡(16) → 东晓南路(19) → 晓港新村(15) → 海印桥南(20) → 大沙头游船码头(25)
10,29,13,后滘村(22) → 沥滘(23) → 三滘村(23) → 海珠客运站(29) → 南洲名苑(17) → 金碧花园(14) → 新滘西路口(14) → 石溪(17) → 保利花园(南石头)(28) → 保利红棉花园(13)
10,29,10,桥东(12) → 石槎路中(12) → 地铁小坪站(10) → 小坪(25) → 马务(22) → 联和(29) → 鹤南(兵房街)(25) → 冶金技校(18) → 夏茅(20) → 广花一路(夏花一路口)(17)
9,29,11,燕子岗(11) → 保利红棉花园(13) → 保利花园(南石头)(28) → 石溪(17) → 新滘西路口(14) → 金碧花园(14) → 嘉鸿花园(13) → 南洲名苑(17) → 海珠客运站(29)
9,29,11,海珠客运站总站(12) → 海珠客运站(29) → 南洲名苑(17) → 金碧花园(14) → 新滘西路口(14) → 石溪(17) → 保利花园(南石头)(28) → 保利红棉花园(13) → 燕子岗(11)
8,29,15,后滘村(22) → 沥滘(23) → 三滘村(23) → 海珠客运站(29) → 南洲路口(17) → 晓港湾(15) → 瑞南新村(16) → 五凤乡(16)
6,29,15,鹤南(兵房街)(25) → 联和(29) → 马务(22) → 小坪(25) → 小坪立交桥(19) → 石井中学(15)
6,29,10,沥滘总站(10) → 后滘村(22) → 沥滘(23) → 三滘村(23) → 海珠客运站(29) → 南洲路口(17)
5,29,15,石井中学(15) → 小坪立交桥(19) → 小坪(25) → 马务(22) → 联和(29)
5,29,10,海珠客运站(29) → 三滘村(23) → 沥滘(23) → 后滘村(22) → 沥滘总站(10)
5,29,17,后滘村(22) → 沥滘(23) → 三滘村(23) → 海珠客运站(29) → 南洲路口(17)
5,29,17,三滘村(23) → 沥滘(23) → 三滘村(23) → 海珠客运站(29) → 南洲路口(17)
5,29,16,联和(29) → 黄石路(16) → 祥景花园(22) → 江夏(黄石东路中)(24) → 黄石东路(云城西路口)(25)
5,29,17,上涌(27) → 上涌南(23) → 洛溪桥脚(19) → 海珠客运站(29) → 南洲名苑(17)
4,29,22,海珠客运站(29) → 三滘村(23) → 沥滘(23) → 后滘村(22)
4,29,14,同德围(14) → 德康路(14) → 三元里大道中(29) → 远景路(14)
4,29,16,联和(29) → 黄石路(16) → 祥景花园(22) → 江夏(黄石东路中)(24)
3,29,26,海珠客运站(29) → 洛溪新城(28) → 上漖(26)
3,29,22,鹤南(兵房街)(25) → 联和(29) → 黄石路(22)
3,29,12,海珠客运站总站(12) → 海珠客运站(29) → 南洲名苑(17)
21,28,13,桥东小区(25) → 石围塘(22) → 山村(25) → 花地(25) → 芳村隧道口(15) → 黄沙码头(21) → 六二三路(23) → 革新路口(22) → 梅园西(24) → 凤凰新村(宝业路口)(23) → 沙园(23) → 基建新村(17) → 珠江医院(17) → 纸厂(22) → 保利花园(南石头)(28) → 石溪(17) → 新滘西路口(14) → 金碧花园(14) → 嘉鸿花园(13) → 南洲名苑(17) → 南洲路口(17)
20,28,11,地铁植物园站(15) → 植物园正门(13) → 三宝墟(12) → 科学院(11) → 天源路中(11) → 地铁长湴站(12) → 射击场(12) → 上元岗(24) → 天河客运站(16) → 银河园(19) → 武警医院(20) → 燕塘企业(20) → 省军区(17) → 军体院(17) → 广州大道中(11) → 广州体院(23) → 广州大道中(24) → 天河立交(16) → 动物园南门(28) → 广东工大(26)
19,28,11,广东工大(26) → 动物园南门(28) → 天河立交(16) → 广州大道中(24) → 广州体院(23) → 广州大道中(11) → 军体院(17) → 省军区(17) → 燕塘企业(20) → 武警医院(20) → 银河园(19) → 天河客运站(16) → 上元岗(24) → 射击场(12) → 天源路中(11) → 科学院(11) → 三宝墟(12) → 植物园正门(13) → 地铁植物园站(15)
18,28,14,金碧花园(14) → 新滘西路口(14) → 石溪(17) → 保利花园(南石头)(28) → 纸厂(22) → 珠江医院(17) → 基建新村(17) → 沙园(23) → 凤凰新村(宝业路口)(23) → 梅园西(24) → 革新路口(22) → 六二三路(23) → 市中医院(25) → 花地(25) → 山村(25) → 石围塘(22) → 桥东小区(25) → 芳村大道西(27)
15,28,11,芳村西塱总站(11) → 白鹤洞(22) → 广州市培英中学(25) → 橡胶新村(20) → 宝岗大道南(19) → 西基东(19) → 江南新村(骨伤科医院)(27) → 海珠区妇幼(23) → 宝岗大道中(22) → 宝岗大道北(22) → 市红会医院(23) → 解放南路(28) → 大南路(17) → 文明路(15) → 中山图书馆(15)
14,28,11,天平架总站(11) → 豪景花园(27) → 广州大道中(24) → 广州体院(23) → 广州大道中(24) → 锦城花园(21) → 东峻广场(20) → 东风东路(广东工大)(21) → 执信路(20) → 肿瘤医院(13) → 东风东路(陵园西路口)(26) → 越秀桥(27) → 东风中路(19) → 中山纪念堂(28)
13,28,11,大南路(17) → 解放南路(28) → 堑口(22) → 宝岗大道北(22) → 宝岗大道中(22) → 海珠区妇幼(23) → 江南新村(骨伤科医院)(27) → 西基东(19) → 宝岗大道南(19) → 橡胶新村(20) → 广州市培英中学(25) → 白鹤洞(22) → 芳村西塱总站(11)
12,28,13,天河南(19) → 江海大道中(25) → 大塘(江海大道)(28) → 龙潭村(25) → 五洲装饰城(地铁厦滘站)(20) → 上漖(26) → 洛溪新城(28) → 洛城中学(13) → 洛涛居(13) → 如意三马路(14) → 地铁洛溪站(新浦路)(16) → 南浦大桥南(沿沙路)(14)
12,28,18,广州大桥北站(五羊邨)(24) → 南方报社(28) → 体育中心(26) → 石牌桥(24) → 岗顶(27) → 师大暨大(26) → 华景新城(24) → 上社(26) → 广师大(26) → 棠下村(25) → 棠东(24) → 家家乐医院(18)
10,28,10,沥滘总站(10) → 后滘村(22) → 沥滘(23) → 三滘村(23) → 洛溪新城(28) → 上漖(26) → 大石桥南(16) → 大石(18) → 富石路(群贤路口)(13) → 礼村(14)
10,28,13,鹤洞新村(15) → 大冲口(16) → 下芳村(20) → 芳村(19) → 黄沙码头(21) → 六二三路(23) → 南方大厦(24) → 爱群大厦(17) → 靖海路口(13) → 解放南路(28)
9,28,10,礼村(14) → 大石(18) → 大石桥南(16) → 上漖(26) → 洛溪新城(28) → 三滘村(23) → 沥滘(23) → 后滘村(22) → 沥滘总站(10)
9,28,14,南浦大桥南(沿沙路)(14) → 地铁洛溪站(新浦路)(16) → 吉祥道(16) → 洛涛南区(14) → 上漖(26) → 五洲装饰城(地铁厦滘站)(20) → 龙潭村(25) → 大塘(江海大道)(28) → 天河南(19)
9,28,14,涌口村牌坊(18) → 涌口村(16) → 沙溪村(22) → 五洲装饰城(地铁厦滘站)(20) → 上漖(26) → 洛溪新城(28) → 如意三马路(14) → 地铁洛溪站(新浦路)(16) → 南浦大桥南(沿沙路)(14)
9,28,13,大石(18) → 大石桥南(16) → 上漖(26) → 洛溪新城(28) → 洛城中学(13) → 洛涛居(13) → 如意三马路(14) → 地铁洛溪站(新浦路)(16) → 南浦大桥南(沿沙路)(14)
8,28,11,燕子岗(11) → 保利红棉花园(13) → 保利花园(南石头)(28) → 石溪(17) → 新滘西路口(14) → 金碧花园(14) → 嘉鸿花园(13) → 南洲名苑(17)
8,28,11,石溪(17) → 保利花园(南石头)(28) → 纸厂(22) → 珠江医院(17) → 广州市培英中学(25) → 白鹤洞(22) → 鹤洞路西(27) → 芳村西塱总站(11)
8,28,15,体育中心(26) → 天河南(19) → 江海大道中(21) → 大塘(江海大道)(28) → 龙潭村(25) → 龙潭村牌坊(15) → 新滘中路(地铁龙潭站)(15) → 新滘东路中(17)
8,28,13,五洲装饰城(地铁厦滘站)(20) → 上漖(26) → 洛溪新城(28) → 洛城中学(13) → 洛涛居(13) → 如意三马路(14) → 吉祥道(16) → 洛涛南区(14)
8,28,11,塘埗西(18) → 涌口村牌坊(18) → 涌口村(16) → 沙溪村(22) → 龙潭村(25) → 大塘(江海大道)(28) → 江海大道中(25) → 芳园路口(11)
8,28,14,南洲名苑(17) → 金碧花园(14) → 新滘西路口(14) → 石溪(17) → 保利花园(南石头)(28) → 纸厂(22) → 珠江医院(17) → 基建新村(17)
7,28,11,南洲名苑(17) → 金碧花园(14) → 新滘西路口(14) → 石溪(17) → 保利花园(南石头)(28) → 保利红棉花园(13) → 燕子岗(11)
7,28,11,芳村西塱总站(11) → 鹤洞路西(27) → 白鹤洞(22) → 广州市培英中学(25) → 珠江医院(17) → 纸厂(22) → 保利花园(南石头)(28)
7,28,14,礼村(14) → 大石(18) → 大石桥南(16) → 上漖(26) → 洛溪新城(28) → 洛溪桥脚(19) → 上涌南(23)
7,28,14,大石(18) → 大石桥南(16) → 上漖(26) → 洛溪新城(28) → 如意三马路(14) → 地铁洛溪站(新浦路)(16) → 南浦大桥南(沿沙路)(14)
7,28,13,沙溪村(22) → 五洲装饰城(地铁厦滘站)(20) → 上漖(26) → 洛溪新城(28) → 洛城中学(13) → 洛涛居(13) → 地铁洛溪站(新浦路)(16)
7,28,14,沙溪村(22) → 五洲装饰城(地铁厦滘站)(20) → 上漖(26) → 洛溪新城(28) → 如意三马路(14) → 地铁洛溪站(新浦路)(16) → 南浦大桥南(沿沙路)(14)
6,28,17,保利花园(南石头)(28) → 纸厂(22) → 珠江医院(17) → 基建新村(17) → 沙园(23) → 凤凰新村(宝业路口)(23)
6,28,15,龙潭村牌坊(15) → 龙潭村(25) → 大塘(江海大道)(28) → 江海大道中(21) → 天河南(19) → 体育中心(26)
6,28,11,广州大桥北站(五羊邨)(24) → 南方报社(28) → 体育中心(26) → 体育中心东门(24) → 林乐路(11) → 天寿路(17)
6,28,12,天寿路(17) → 天河北路(23) → 体育西路(13) → 维多利广场(12) → 南方报社(28) → 广州大桥北(五羊邨)(17)
6,28,15,宝岗大道北(22) → 市红会医院(23) → 解放南路(28) → 大南路(17) → 文明路(15) → 中山图书馆(15)
6,28,14,五洲装饰城(地铁厦滘站)(20) → 上漖(26) → 洛溪新城(28) → 如意三马路(14) → 地铁洛溪站(新浦路)(16) → 南浦大桥南(沿沙路)(14)
6,28,13,保利红棉花园(13) → 纸厂(22) → 保利花园(南石头)(28) → 石溪(17) → 保利花园(南石头)(28) → 保利红棉花园(13)
6,28,17,鹤洞路西(27) → 白鹤洞(22) → 广州市培英中学(25) → 珠江医院(17) → 纸厂(22) → 保利花园(南石头)(28)
5,28,15,猎德(16) → 猎德东(15) → 江海大道中(25) → 大塘(江海大道)(28) → 龙潭村(25)
5,28,10,冼村路中(10) → 猎德(16) → 猎德东(15) → 江海大道中(25) → 大塘(江海大道)(28)
5,28,17,大南路(17) → 解放南路(28) → 堑口(22) → 宝岗大道北(22) → 宝岗大道中(22)
5,28,13,五洲装饰城(地铁厦滘站)(20) → 上漖(26) → 洛溪新城(28) → 洛城中学(13) → 洛涛居(13)
5,28,17,保利花园(南石头)(28) → 纸厂(22) → 珠江医院(17) → 广州市培英中学(25) → 白鹤洞(22)
4,28,10,大塘(江海大道)(28) → 江海大道中(21) → 猎德(16) → 冼村路中(10)
4,28,17,保利花园(南石头)(28) → 纸厂(22) → 珠江医院(17) → 基建新村(17)
4,28,17,石溪(17) → 保利花园(南石头)(28) → 纸厂(22) → 珠江医院(17)
4,28,11,燕子岗(11) → 保利红棉花园(13) → 纸厂(22) → 保利花园(南石头)(28)
4,28,21,江海大道中(21) → 大塘(江海大道)(28) → 龙潭村(25) → 沙溪村(22)
4,28,22,江海大道中(25) → 大塘(江海大道)(28) → 龙潭村(25) → 沙溪村(22)
4,28,16,大石(18) → 大石桥南(16) → 上漖(26) → 洛溪新城(28)
3,28,11,保利花园(南石头)(28) → 保利红棉花园(13) → 燕子岗(11)
3,28,21,蕉门公交总站(21) → 凤凰新村(宝业路口)(23) → 中山纪念堂(28)
3,28,17,珠江医院(17) → 纸厂(22) → 保利花园(南石头)(28)
3,28,25,龙潭村(25) → 大塘(江海大道)(28) → 江海大道中(25)
24,27,10,聚龙工业区(12) → 泽德花苑(14) → 横滘(17) → 上步村(18) → 同德乡(19) → 鹅掌坦(18) → 西湾和苑(18) → 西湾路(22) → 黑山(21) → 西湾路(22) → 富力环市西苑(西村)(27) → 西场立交(11) → 南岸路(12) → 珠江桥脚(11) → 荔湾湖公园西门(10) → 如意坊(12) → 黄沙大道(13) → 花地大道北(花地湾)(14) → 花地大道(17) → 翠竹苑(14) → 芳村客运站(17) → 龙溪立交南(坑口牌坊)(16) → 花地大道中(15) → 芳村西塱总站(11)
24,27,10,鹤洞路西(27) → 龙溪立交南(坑口牌坊)(16) → 芳村客运站(17) → 翠竹苑(14) → 花地大道(17) → 花地大道北(花地湾)(14) → 芳村隧道口(15) → 黄沙大道(13) → 如意坊(12) → 荔湾湖公园西门(10) → 珠江桥脚(11) → 南岸路(12) → 西场立交(11) → 富力环市西苑(西村)(27) → 西湾路(22) → 黑山(21) → 西湾路(22) → 西湾和苑(18) → 鹅掌坦(18) → 同德乡(19) → 上步村(18) → 横滘(17) → 泽德花苑(14) → 聚龙工业区(12)
23,27,10,黄岐城区(19) → 广佛路东(20) → 广佛路口(滘口客运站)(15) → 芳村大道西(27) → 桥东小区(25) → 石围塘(22) → 山村(25) → 联桂北(11) → 大策(10) → 茶漖小区(12) → 汾水(16) → 浣花路(13) → 芳村客运站(17) → 龙溪立交南(坑口牌坊)(16) → 花地大道中(15) → 西塱(24) → 鹤洞路西(27) → 白鹤洞(22) → 广州市培英中学(25) → 真光中学(11) → 鹤洞东(10) → 广船(12) → 东塱(12)
22,27,10,东塱(12) → 广船(12) → 鹤洞东(10) → 真光中学(11) → 广州市培英中学(25) → 白鹤洞(22) → 鹤洞路西(27) → 龙溪立交南(坑口牌坊)(16) → 芳村客运站(17) → 浣花路(13) → 汾水(16) → 茶漖小区(12) → 大策(10) → 联桂北(11) → 山村(25) → 石围塘(22) → 桥东小区(25) → 芳村大道西(27) → 广佛路口(滘口客运站)(15) → 广佛路东(20) → 黄岐城区(19) → 宏威路口(19)
20,27,10,山村(25) → 联桂北(11) → 大策(10) → 茶漖小区(12) → 汾水(16) → 浣花路(13) → 芳村客运站(17) → 龙溪立交南(坑口牌坊)(16) → 花地大道中(15) → 西塱(24) → 鹤洞路西(27) → 白鹤洞(22) → 广州市培英中学(25) → 橡胶新村(20) → 昌岗路口(14) → 宝岗大道南(19) → 西基东(19) → 江南新村(骨伤科医院)(27) → 海珠区妇幼(23) → 广东药学院(11)
20,27,15,广卫路总站(15) → 广东大厦(21) → 东风中路(19) → 东风东路(陵园西路口)(26) → 执信路(20) → 东风东路(广东工大)(21) → 东峻广场(20) → 锦城花园(21) → 体育中心(26) → 石牌桥(24) → 岗顶(27) → 师大暨大(26) → 华景新城(24) → 上社(26) → 广师大(26) → 棠下村(25) → 棠东(24) → 天朗明居(19) → 车陂(25) → 中山大道东圃站(26)
19,27,11,同和(24) → 东坑(18) → 南方医院(19) → 一五七医院(13) → 梅花园(13) → 梅园新村(12) → 鸡颈坑(12) → 伍仙桥(11) → 兴华路口(11) → 豪景花园(27) → 沙河(15) → 濂泉路口(16) → 金贵村(19) → 云台花园(17) → 白云山管理局(13) → 景泰坑(20) → 广园客运站(20) → 中医药大学(24) → 交电新村(22)
19,27,12,茶漖小区(12) → 芳村合兴苑(15) → 花地大道(17) → 翠竹苑(14) → 芳村客运站(17) → 龙溪立交南(坑口牌坊)(16) → 花地大道中(15) → 西塱(24) → 鹤洞路西(27) → 白鹤洞(22) → 广州市培英中学(25) → 橡胶新村(20) → 信和广场(昌岗中路)(25) → 华海大厦(24) → 南村(21) → 基立下道(19) → 江湾桥南(23) → 江湾桥脚(25) → 越秀南路(22)
19,27,12,东漖镇(14) → 东漖南路(12) → 坑口地铁站(16) → 康乃馨花园(16) → 芳村客运站(17) → 龙溪立交南(坑口牌坊)(16) → 花地大道中(15) → 西塱(24) → 鹤洞路西(27) → 白鹤洞(22) → 广州市培英中学(25) → 橡胶新村(20) → 信和广场(昌岗中路)(25) → 广医二院(25) → 晓港新村(15) → 东晓南路(19) → 五凤乡(16) → 瑞南新村(16) → 晓港湾(15)
18,27,11,中医药大学(24) → 广园客运站(20) → 广园中路(20) → 景泰坑(20) → 白云山管理局(13) → 云台花园(17) → 金贵村(19) → 濂泉路口(16) → 豪景花园(27) → 兴华路口(11) → 伍仙桥(11) → 鸡颈坑(12) → 梅园新村(12) → 梅花园(13) → 一五七医院(13) → 南方医院(19) → 东坑(18) → 同和(24)
18,27,10,越秀南路(22) → 江湾桥南(23) → 基立下道(19) → 南村(21) → 华海大厦(24) → 信和广场(昌岗中路)(25) → 橡胶新村(20) → 广州市培英中学(25) → 白鹤洞(22) → 鹤洞路西(27) → 花地大道中(15) → 龙溪立交南(坑口牌坊)(16) → 芳村客运站(17) → 翠竹苑(14) → 花地大道(17) → 芳村合兴苑(15) → 茶漖小区(12) → 大策(10)
18,27,10,广东药学院(11) → 海珠区妇幼(23) → 江南新村(骨伤科医院)(27) → 西基东(19) → 宝岗大道南(19) → 橡胶新村(20) → 广州市培英中学(25) → 白鹤洞(22) → 鹤洞路西(27) → 花地大道中(15) → 龙溪立交南(坑口牌坊)(16) → 芳村客运站(17) → 浣花路(13) → 汾水(16) → 茶漖小区(12) → 大策(10) → 联桂北(11) → 山村(25)
16,27,11,龙洞牌坊(11) → 地铁植物园站(15) → 植物园正门(13) → 三宝墟(12) → 科学院(11) → 天源路中(11) → 地铁长湴站(12) → 射击场(12) → 上元岗(24) → 天河客运站(16) → 银河园(19) → 武警医院(20) → 燕塘企业(20) → 省军区(17) → 豪景花园(27) → 天平架总站(11)
15,27,14,芳村大道西(27) → 桥东小区(25) → 石围塘(22) → 山村(25) → 花地(25) → 花地大道北(花地湾)(14) → 花地大道(17) → 翠竹苑(14) → 芳村客运站(17) → 龙溪立交南(坑口牌坊)(16) → 西塱(24) → 鹤洞路西(27) → 白鹤洞(22) → 广州市培英中学(25) → 基建新村(17)
15,27,10,云台花园(16) → 云台花园(17) → 金贵村(19) → 濂泉路口(16) → 豪景花园(27) → 兴华路口(11) → 伍仙桥(11) → 鸡颈坑(12) → 梅园新村(12) → 梅花园(13) → 一五七医院(13) → 京溪路(10) → 云景花园(10) → 元岗横路(11) → 京溪路口(10)
15,27,10,京溪路口(10) → 云景花园(10) → 京溪路(10) → 一五七医院(13) → 梅花园(13) → 梅园新村(12) → 鸡颈坑(12) → 伍仙桥(11) → 兴华路口(11) → 豪景花园(27) → 沙河(15) → 濂泉路口(16) → 金贵村(19) → 云台花园(17) → 云台花园(16)
14,27,10,礼岗(18) → 信和广场(昌岗中路)(25) → 橡胶新村(20) → 广州市培英中学(25) → 白鹤洞(22) → 鹤洞路西(27) → 花地大道中(15) → 龙溪立交南(坑口牌坊)(16) → 芳村客运站(17) → 翠竹苑(14) → 花地大道(17) → 芳村合兴苑(15) → 茶滘路(10) → 穗盐路(10)
14,27,13,长堤(民间金融街)(14) → 爱群大厦(17) → 文化公园(13) → 六二三路(23) → 市中医院(25) → 花地(25) → 山村(25) → 石围塘(22) → 桥东小区(25) → 芳村大道西(27) → 广佛路口(滘口客运站)(15) → 广佛路东(20) → 黄岐城区(19) → 宏威路口(19)
13,27,10,天字码头(10) → 海珠广场(侨光东)(12) → 长堤(民间金融街)(14) → 爱群大厦(17) → 文化公园(13) → 六二三路(23) → 市中医院(25) → 花地(25) → 山村(25) → 石围塘(22) → 桥东小区(25) → 芳村大道西(27) → 滘口客运站总站(12)
13,27,10,滘口客运站总站(12) → 芳村大道西(27) → 桥东小区(25) → 石围塘(22) → 山村(25) → 花地(25) → 芳村隧道口(15) → 黄沙码头(21) → 六二三路(23) → 南方大厦(24) → 爱群大厦(17) → 靖海路口(13) → 天字码头(10)
13,27,11,岗顶(27) → 师大暨大(26) → 华景新城(24) → 上社(26) → 广师大(26) → 棠下村(25) → 棠东(24) → 天朗明居(19) → 车陂(25) → 中山大道东圃站(26) → 黄村(17) → 珠村(12) → 莲溪(11)
13,27,11,石牌桥(24) → 岗顶(27) → 师大暨大(26) → 华景新城(24) → 上社(26) → 广师大(26) → 科韵路棠安路口(20) → 科韵路中(11) → 岑村红花岗(13) → 岑村小学(13) → 华观路(火炉山森林公园)(12) → 华观路(13) → 凌塘村(11)
13,27,10,凌塘村(11) → 华观路(13) → 华观路(火炉山森林公园)(12) → 岑村小学(13) → 岑村红花岗(13) → 科韵路中(11) → 科韵路棠安路口(20) → 广师大(26) → 上社(26) → 天府路口(10) → 华景新城(24) → 师大暨大(26) → 岗顶(27)
12,27,11,同和(24) → 东坑(18) → 南方医院(19) → 一五七医院(13) → 梅花园(13) → 梅园新村(12) → 鸡颈坑(12) → 伍仙桥(11) → 兴华路口(11) → 豪景花园(27) → 沙河(15) → 濂泉路口(16)
12,27,12,岗顶(27) → 师大暨大(26) → 华景新城(24) → 上社(26) → 广师大(26) → 棠下村(25) → 棠东(24) → 天朗明居(19) → 车陂(25) → 中山大道东圃站(26) → 黄村(17) → 珠村(12)
11,27,12,芳村大道西(27) → 桥东小区(25) → 石围塘(22) → 山村(25) → 花地(25) → 芳村(19) → 下芳村(20) → 大冲口(16) → 鹤洞新村(15) → 广船(12) → 东塱(12)
11,27,11,军体院(17) → 豪景花园(27) → 兴华路口(11) → 伍仙桥(11) → 鸡颈坑(12) → 梅园新村(12) → 梅花园(13) → 一五七医院(13) → 南方医院(19) → 东坑(18) → 同和(24)
11,27,11,濂泉路口(16) → 豪景花园(27) → 兴华路口(11) → 伍仙桥(11) → 鸡颈坑(12) → 梅园新村(12) → 梅花园(13) → 一五七医院(13) → 南方医院(19) → 东坑(18) → 同和(24)
11,27,14,翠竹苑(14) → 芳村客运站(17) → 龙溪立交南(坑口牌坊)(16) → 花地大道中(15) → 西塱(24) → 鹤洞路西(27) → 白鹤洞(22) → 广州市培英中学(25) → 橡胶新村(20) → 信和广场(昌岗中路)(25) → 礼岗(18)
10,27,15,鹤洞新村(15) → 大冲口(16) → 下芳村(20) → 芳村(19) → 花地(25) → 山村(25) → 石围塘(22) → 桥东小区(25) → 芳村大道西(27) → 桥中(22)
10,27,13,豪景花园(27) → 沙河(15) → 濂泉路口(16) → 金贵村(19) → 云台花园(17) → 白云山管理局(13) → 景泰坑(20) → 广园客运站(20) → 中医药大学(24) → 交电新村(22)
10,27,11,同和(24) → 东坑(18) → 南方医院(19) → 一五七医院(13) → 梅花园(13) → 梅园新村(12) → 鸡颈坑(12) → 伍仙桥(11) → 兴华路口(11) → 豪景花园(27)
10,27,10,康乐村(26) → 中山大学(26) → 省荣军医院(荣校)(27) → 怡乐村(27) → 云桂村(13) → 基立村(11) → 基立下道(19) → 江湾桥南(23) → 江湾桥脚(25) → 东华西路(10)
9,27,15,芳村大道西(27) → 桥东小区(25) → 石围塘(22) → 山村(25) → 花地(25) → 芳村(19) → 下芳村(20) → 大冲口(16) → 鹤洞新村(15)
9,27,12,革新路口(22) → 洪德路(19) → 芳村(19) → 花地(25) → 山村(25) → 石围塘(22) → 桥东小区(25) → 芳村大道西(27) → 滘口客运站总站(12)
9,27,12,滘口客运站总站(12) → 芳村大道西(27) → 桥东小区(25) → 石围塘(22) → 山村(25) → 花地(25) → 芳村(19) → 下芳村(20) → 革新路口(22)
9,27,13,中医药大学(24) → 广园客运站(20) → 广园中路(20) → 景泰坑(20) → 白云山管理局(13) → 云台花园(17) → 金贵村(19) → 濂泉路口(16) → 豪景花园(27)
9,27,13,浣花路(13) → 芳村客运站(17) → 龙溪立交南(坑口牌坊)(16) → 花地大道中(15) → 西塱(24) → 鹤洞路西(27) → 白鹤洞(22) → 广州市培英中学(25) → 基建新村(17)
9,27,10,龙溪立交南(坑口牌坊)(16) → 花地大道中(15) → 西塱(24) → 鹤洞路西(27) → 白鹤洞(22) → 广州市培英中学(25) → 鹤洞东(10) → 广船(12) → 东塱(12)
9,27,10,桥中(22) → 芳村大道西(27) → 桥东小区(25) → 石围塘(22) → 山村(25) → 花地(25) → 花地大道北(花地湾)(14) → 芳村合兴苑(15) → 茶滘路(10)
9,27,12,江湾桥脚(25) → 江湾桥南(23) → 基立下道(19) → 前进路(12) → 云桂村(13) → 怡乐村(27) → 省荣军医院(荣校)(27) → 中山大学(26) → 康乐村(26)
9,27,10,体育中心(26) → 石牌桥(24) → 岗顶(27) → 师大暨大(26) → 华景新城(24) → 上社(26) → 科韵路(19) → 琶洲大桥北(20) → 北山(10)
9,27,18,堑口(22) → 宝岗大道北(22) → 宝岗大道中(22) → 海珠区妇幼(23) → 江南新村(骨伤科医院)(27) → 西基东(19) → 宝岗大道南(19) → 信和广场(昌岗中路)(25) → 礼岗(18)
9,27,10,科韵路棠安路口(20) → 广师大(26) → 上社(26) → 天府路口(10) → 华景新城(24) → 师大暨大(26) → 岗顶(27) → 天河南(19) → 猎德大道北(11)
9,27,10,琶洲大桥北(20) → 广师大(26) → 上社(26) → 天府路口(10) → 华景新城(24) → 师大暨大(26) → 岗顶(27) → 石牌桥(24) → 体育中心(26)
8,27,12,宝岗大道北(22) → 宝岗大道中(22) → 海珠区妇幼(23) → 江南新村(骨伤科医院)(27) → 西基东(19) → 橡胶新村(20) → 广船(12) → 东塱(12)
8,27,10,动物园(12) → 黄花岗(20) → 先烈南路(12) → 先烈南路口(10) → 东风东路(陵园西路口)(26) → 越秀桥(27) → 江湾桥南(23) → 基立下道(19)
8,27,19,海珠区妇幼(23) → 江南新村(骨伤科医院)(27) → 西基东(19) → 橡胶新村(20) → 广州市培英中学(25) → 白鹤洞(22) → 鹤洞路西(27) → 西塱(24)
8,27,18,礼岗(18) → 信和广场(昌岗中路)(25) → 宝岗大道南(19) → 西基东(19) → 江南新村(骨伤科医院)(27) → 海珠区妇幼(23) → 宝岗大道中(22) → 宝岗大道北(22)
8,27,10,东塱(12) → 广船(12) → 鹤洞东(10) → 真光中学(11) → 广州市培英中学(25) → 白鹤洞(22) → 鹤洞路西(27) → 龙溪立交南(坑口牌坊)(16)
8,27,16,大冲口(16) → 下芳村(20) → 芳村(19) → 花地(25) → 山村(25) → 石围塘(22) → 桥东小区(25) → 芳村大道西(27)
8,27,10,花地大道南(10) → 花地大道(海南村)(12) → 渔尾大桥东(11) → 西塱(24) → 鹤洞路西(27) → 广州市培英中学(25) → 凤凰新村(宝业路口)(23) → 康王南路(14)
8,27,10,康王南路(14) → 沙园(23) → 广州市培英中学(25) → 鹤洞路西(27) → 西塱(24) → 渔尾大桥东(11) → 花地大道(海南村)(12) → 花地大道南(10)
8,27,11,猎德大道北(11) → 天河南(19) → 岗顶(27) → 师大暨大(26) → 华景新城(24) → 上社(26) → 广师大(26) → 科韵路棠安路口(20)
8,27,10,海珠区妇幼(23) → 江南新村(骨伤科医院)(27) → 西基东(19) → 宝岗大道南(19) → 信和广场(昌岗中路)(25) → 广医二院(25) → 海印桥南(20) → 东湖路(10)
8,27,12,芳村大道西(27) → 广佛路口(滘口客运站)(15) → 广佛路东(20) → 黄岐城区(19) → 宏威路口(19) → 嘉洲广场(15) → 大转弯(13) → 盐步路口(12)
7,27,19,橡胶新村(20) → 宝岗大道南(19) → 西基东(19) → 江南新村(骨伤科医院)(27) → 海珠区妇幼(23) → 宝岗大道中(22) → 宝岗大道北(22)
7,27,13,锦城花园(21) → 东峻广场(20) → 东风东路(广东工大)(21) → 执信路(20) → 肿瘤医院(13) → 东风东路(陵园西路口)(26) → 越秀桥(27)
7,27,11,橡胶新村(20) → 昌岗路口(14) → 宝岗大道南(19) → 西基东(19) → 江南新村(骨伤科医院)(27) → 海珠区妇幼(23) → 广东药学院(11)
7,27,18,宝岗大道北(22) → 宝岗大道中(22) → 海珠区妇幼(23) → 江南新村(骨伤科医院)(27) → 宝岗大道南(19) → 信和广场(昌岗中路)(25) → 礼岗(18)
7,27,11,芳村西塱总站(11) → 鹤洞路西(27) → 白鹤洞(22) → 广州市培英中学(25) → 基建新村(17) → 沙园(23) → 凤凰新村(宝业路口)(23)
7,27,19,海印桥南(20) → 广医二院(25) → 信和广场(昌岗中路)(25) → 宝岗大道南(19) → 西基东(19) → 江南新村(骨伤科医院)(27) → 海珠区妇幼(23)
7,27,15,桥东小区(25) → 芳村大道西(27) → 广佛路口(滘口客运站)(15) → 广佛路东(20) → 黄岐城区(19) → 宏威路口(19) → 嘉洲广场(15)
7,27,10,花地大道南(10) → 花地大道(海南村)(12) → 西塱(24) → 鹤洞路西(27) → 西塱(24) → 花地大道(海南村)(12) → 花地大道南(10)
7,27,12,盐步路口(12) → 大转弯(13) → 嘉洲广场(15) → 宏威路口(19) → 广佛路东(20) → 广佛路口(滘口客运站)(15) → 芳村大道西(27)
6,27,11,豪景花园(27) → 广州大道中(11) → 广州体院(23) → 时代广场(15) → 天河北路(23) → 天河东路(14)
6,27,15,龙溪立交南(坑口牌坊)(16) → 花地大道中(15) → 西塱(24) → 鹤洞路西(27) → 白鹤洞(22) → 广州市培英中学(25)
6,27,11,联桂北(11) → 花地(25) → 山村(25) → 石围塘(22) → 桥东小区(25) → 芳村大道西(27)
6,27,12,黄花岗(20) → 先烈南路(12) → 东风东路(陵园西路口)(26) → 越秀桥(27) → 正骨医院(26) → 东风中路(19)
6,27,11,凤凰新村(宝业路口)(23) → 沙园(23) → 广州市培英中学(25) → 白鹤洞(22) → 鹤洞路西(27) → 芳村西塱总站(11)
6,27,15,芳村大道西(27) → 广佛路口(滘口客运站)(15) → 广佛路东(20) → 黄岐城区(19) → 宏威路口(19) → 嘉洲广场(15)
5,27,11,真光中学(11) → 广州市培英中学(25) → 白鹤洞(22) → 鹤洞路西(27) → 龙溪立交南(坑口牌坊)(16)
5,27,18,礼岗(18) → 信和广场(昌岗中路)(25) → 宝岗大道南(19) → 西基东(19) → 江南新村(骨伤科医院)(27)
5,27,11,真光中学(11) → 广州市培英中学(25) → 白鹤洞(22) → 鹤洞路西(27) → 西塱(24)
5,27,17,西塱(24) → 鹤洞路西(27) → 白鹤洞(22) → 广州市培英中学(25) → 基建新村(17)
5,27,14,橡胶新村(20) → 昌岗路口(14) → 宝岗大道南(19) → 西基东(19) → 江南新村(骨伤科医院)(27)
5,27,22,山村(25) → 石围塘(22) → 桥东小区(25) → 芳村大道西(27) → 桥中(22)
5,27,10,花地大道南(10) → 花地大道(海南村)(12) → 西塱(24) → 鹤洞路西(27) → 龙溪立交南(坑口牌坊)(16)
5,27,11,真光中学(11) → 广州市培英中学(25) → 白鹤洞(22) → 鹤洞路西(27) → 芳村西塱总站(11)
5,27,15,嘉洲广场(15) → 宏威路口(19) → 广佛路东(20) → 广佛路口(滘口客运站)(15) → 芳村大道西(27)
4,27,23,豪景花园(27) → 广州大道中(24) → 广州体院(23) → 广州大道中(24)
4,27,22,江南新村(骨伤科医院)(27) → 海珠区妇幼(23) → 宝岗大道中(22) → 宝岗大道北(22)
4,27,19,江南新村(骨伤科医院)(27) → 西基东(19) → 宝岗大道南(19) → 橡胶新村(20)
4,27,22,西塱(24) → 鹤洞路西(27) → 白鹤洞(22) → 广州市培英中学(25)
4,27,11,天平架总站(11) → 豪景花园(27) → 沙河(15) → 濂泉路口(16)
3,27,11,军体院(17) → 豪景花园(27) → 天平架总站(11)
3,27,11,豪景花园(27) → 广州大道中(11) → 广州体院(23)
3,27,11,广州大道中(11) → 军体院(17) → 豪景花园(27)
3,27,15,豪景花园(27) → 沙河(15) → 濂泉路口(16)
3,27,22,白鹤洞(22) → 鹤洞路西(27) → 西塱(24)
3,27,10,先烈南路口(10) → 东风东路(陵园西路口)(26) → 越秀桥(27)
3,27,11,广东药学院(11) → 海珠区妇幼(23) → 江南新村(骨伤科医院)(27)
3,27,24,体育中心(26) → 石牌桥(24) → 岗顶(27)
3,27,15,广佛路东(20) → 广佛路口(滘口客运站)(15) → 芳村大道西(27)
3,27,22,桥东小区(25) → 芳村大道西(27) → 桥中(22)
3,27,11,濂泉路口(16) → 豪景花园(27) → 天平架总站(11)
16,26,10,永泰路口(13) → 元下田(19) → 陈田村(18) → 黄石东路口(20) → 广外(白云山西门)(17) → 广州体育馆(19) → 柯子岭牌坊(10) → 云台花园(16) → 金贵村(19) → 广园天寿路口东(14) → 农科院(13) → 省农干科干院(15) → 棠德花苑北(15) → 家家乐医院(18) → 车陂(25) → 中山大道东圃站(26)
12,26,11,莲溪(11) → 珠村(12) → 黄村(17) → 中山大道东圃站(26) → 车陂(25) → 天朗明居(19) → 棠东(24) → 棠下村(25) → 广师大(26) → 上社(26) → 华景新城(24) → 师大暨大(26)
12,26,12,天河客运站总站(12) → 银河园(19) → 武警医院(20) → 燕塘企业(20) → 省军区(17) → 军体院(17) → 广州大道中(24) → 广州体院(23) → 广州大道中(24) → 体育中心(26) → 石牌桥(24) → 天河南(19)
11,26,10,广州大道中(24) → 体育中心(26) → 体育中心东门(24) → 天河北路(23) → 龙口西(15) → 龙口东(16) → 五山路口(17) → 师大后门(15) → 华工大(11) → 华农大正门(11) → 五山学生公寓(10)
11,26,11,莲溪(11) → 珠村(12) → 黄村(17) → 中山大道东圃站(26) → 车陂(25) → 天朗明居(19) → 棠东(24) → 棠下村(25) → 广师大(26) → 上社(26) → 华景新城(24)
11,26,12,珠村(12) → 黄村(17) → 中山大道东圃站(26) → 车陂(25) → 天朗明居(19) → 棠东(24) → 棠下村(25) → 广师大(26) → 上社(26) → 华景新城(24) → 师大暨大(26)
10,26,10,广卫路总站(15) → 中山五路(24) → 仓边路(20) → 正骨医院(26) → 东风东路(陵园西路口)(26) → 先烈南路口(10) → 执信路(20) → 东风东路(广东工大)(21) → 东峻广场(20) → 锦城花园(21)
10,26,10,体育中心(26) → 体育中心东门(24) → 天河北路(23) → 龙口西(15) → 龙口东(16) → 五山路口(17) → 师大后门(15) → 华工大(11) → 华农大正门(11) → 五山学生公寓(10)
9,26,11,广园天寿路口东(14) → 农科院(13) → 省农干科干院(15) → 科学院地化所(11) → 棠德花苑北(15) → 家家乐医院(18) → 车陂(25) → 中山大道东圃站(26) → 黄村(17)
9,26,11,上社(26) → 广师大(26) → 科韵路棠安路口(20) → 科韵路中(11) → 岑村红花岗(13) → 岑村小学(13) → 华观路(火炉山森林公园)(12) → 华观路(13) → 凌塘村(11)
9,26,10,五山学生公寓(10) → 华农大正门(11) → 华工大(11) → 五山路口(17) → 龙口东(16) → 龙口西(15) → 天河北路(23) → 体育中心东门(24) → 体育中心(26)
8,26,11,凌塘村(11) → 华观路(13) → 华观路(火炉山森林公园)(12) → 岑村小学(13) → 岑村红花岗(13) → 科韵路中(11) → 科韵路棠安路口(20) → 广师大(26)
7,26,13,地铁棠东站(13) → 家家乐医院(18) → 天朗明居(19) → 棠东(24) → 棠下村(25) → 广师大(26) → 上社(26)
7,26,14,南浦大桥南(沿沙路)(14) → 地铁洛溪站(新浦路)(16) → 吉祥道(16) → 洛涛南区(14) → 上漖(26) → 大石桥南(16) → 大石(18)
6,26,12,万福西(12) → 文德路(19) → 农讲所(19) → 大东门(中山三路)(15) → 烈士陵园(19) → 中山医(26)
6,26,12,基立下道(19) → 江湾桥南(23) → 东风东路(陵园西路口)(26) → 先烈南路(12) → 黄花岗(20) → 动物园(12)
6,26,15,小北花圈(25) → 仓边路(20) → 农讲所(19) → 大东门(中山三路)(15) → 烈士陵园(19) → 中山医(26)
5,26,20,正骨医院(26) → 东风东路(陵园西路口)(26) → 执信路(20) → 东风东路(广东工大)(21) → 东峻广场(20)
5,26,18,上社(26) → 广师大(26) → 棠下村(25) → 棠东(24) → 家家乐医院(18)
5,26,14,南浦大桥南(沿沙路)(14) → 地铁洛溪站(新浦路)(16) → 吉祥道(16) → 洛涛南区(14) → 上漖(26)
5,26,14,地铁洛溪站(新浦路)(16) → 吉祥道(16) → 洛涛南区(14) → 上漖(26) → 大石桥南(16)
5,26,20,科韵路棠安路口(20) → 广师大(26) → 上社(26) → 广师大(26) → 科韵路棠安路口(20)
4,26,14,如意三马路(14) → 吉祥道(16) → 洛涛南区(14) → 上漖(26)
4,26,13,车陂总站(13) → 车陂路(21) → 车陂(25) → 中山大道东圃站(26)
4,26,14,洛涛南区(14) → 上漖(26) → 大石桥南(16) → 大石(18)
3,26,14,同德围(14) → 德康路(14) → 棠溪(26)
3,26,19,广东大厦(21) → 东风中路(19) → 正骨医院(26)
21,25,12,东漖镇(14) → 东漖南路(12) → 坑口地铁站(16) → 康乃馨花园(16) → 翠竹苑(14) → 花地大道(17) → 花地大道北(花地湾)(14) → 芳村隧道口(15) → 黄沙码头(21) → 六二三路(23) → 南方大厦(24) → 文化公园(13) → 六二三路(23) → 市中医院(25) → 花地大道北(花地湾)(14) → 花地大道(17) → 翠竹苑(14) → 康乃馨花园(16) → 坑口地铁站(16) → 东漖南路(12) → 东漖镇(14)
15,25,10,广从一路(荟贤路口)(14) → 永泰广场(10) → 永泰新村口(11) → 元下田(19) → 陈田村(18) → 黄石东路口(20) → 黄石东(14) → 黄石东路(云城西路口)(25) → 江夏(黄石东路中)(24) → 祥景花园(22) → 黄石路(22) → 马务(22) → 小坪(25) → 小坪立交桥(19) → 石井中学(15)
15,25,10,东塱(12) → 广船(12) → 鹤洞东(10) → 橡胶新村(20) → 信和广场(昌岗中路)(25) → 华海大厦(24) → 南村(21) → 基立下道(19) → 江湾桥南(23) → 石涌口(13) → 滨江东路(20) → 珠江泳场(16) → 中大北门西(13) → 中大北门(15) → 珠江广场(14)
14,25,10,石井中学(15) → 小坪立交桥(19) → 小坪(25) → 马务(22) → 黄石路(16) → 祥景花园(22) → 江夏(黄石东路中)(24) → 黄石东路(云城西路口)(25) → 黄石东路口(20) → 陈田村(18) → 元下田(19) → 永泰新村口(11) → 永泰广场(10) → 广从一路(荟贤路口)(14)
13,25,11,石井中学(15) → 小坪立交桥(19) → 小坪(25) → 马务(22) → 黄石路(16) → 祥景花园(22) → 江夏(黄石东路中)(24) → 黄石东路(云城西路口)(25) → 黄石东路口(20) → 陈田村(18) → 元下田(19) → 永泰路口(13) → 永泰新村(11)
13,25,11,礼岗(18) → 华海大厦(24) → 南村(21) → 江南大道中(18) → 基立下道(19) → 江湾桥南(23) → 江湾桥脚(25) → 白云路东(18) → 白云路总站(13) → 越秀南路(22) → 万福东(11) → 万福路(11) → 万福西(12)
12,25,11,永泰新村(11) → 永泰路口(13) → 元下田(19) → 陈田村(18) → 黄石东路口(20) → 黄石东路(云城西路口)(25) → 江夏(黄石东路中)(24) → 祥景花园(22) → 黄石路(22) → 马务(22) → 小坪(25) → 榕溪(14)
12,25,10,柯子岭牌坊(10) → 盈翠华庭(18) → 白云大道南(金信路口)(10) → 广州体育馆(19) → 广外(白云山西门)(17) → 黄石东(14) → 黄石东路(云城西路口)(25) → 江夏(黄石东路中)(24) → 祥景花园(22) → 黄石路(22) → 马务(22) → 小坪(25)
12,25,10,天字码头(10) → 万福路(11) → 万福东(11) → 越秀南路(22) → 白云路(11) → 白云路东(18) → 江湾桥脚(25) → 江湾桥南(23) → 基立下道(19) → 南村(21) → 华海大厦(24) → 礼岗(18)
12,25,11,永泰新村(11) → 永泰路口(13) → 元下田(19) → 陈田村(18) → 黄石东路口(20) → 黄石东路(云城西路口)(25) → 江夏(黄石东路中)(24) → 祥景花园(22) → 黄石路(16) → 马务(22) → 小坪(25) → 榕溪(14)
12,25,13,下塘西路(16) → 老干大学(13) → 雕塑公园(17) → 柯子岭(15) → 盈翠华庭(18) → 广州体育馆(19) → 广外(白云山西门)(17) → 黄石东(14) → 黄石东路(云城西路口)(25) → 江夏(黄石东路中)(24) → 祥景花园(22) → 黄石路(22)
11,25,10,小坪(25) → 马务(22) → 黄石路(16) → 祥景花园(22) → 江夏(黄石东路中)(24) → 黄石东路(云城西路口)(25) → 广外(白云山西门)(17) → 广州体育馆(19) → 白云大道南(金信路口)(10) → 盈翠华庭(18) → 柯子岭牌坊(10)
11,25,10,黄石东路(云城西路口)(25) → 黄石东(14) → 黄石东路(云城西路口)(25) → 江夏(黄石东路中)(24) → 祥景花园(22) → 黄石路(22) → 马务(22) → 小坪(25) → 小坪立交桥(19) → 石井中学(15) → 庆丰(10)
11,25,10,茶漖小区(12) → 大策(10) → 联桂北(11) → 花地(25) → 芳村(19) → 下芳村(20) → 大冲口(16) → 鹤洞新村(15) → 橡胶新村(20) → 信和广场(昌岗中路)(25) → 广医二院(25)
11,25,10,东晓南路(19) → 广医二院(25) → 信和广场(昌岗中路)(25) → 橡胶新村(20) → 鹤洞新村(15) → 大冲口(16) → 下芳村(20) → 芳村(19) → 联桂北(11) → 大策(10) → 茶漖小区(12)
11,25,12,大新路口(19) → 大德路(14) → 省中医院(14) → 解放南路口(12) → 海珠广场(一德东)(17) → 江南大道北(20) → 地铁市二宫站(16) → 江南大道中(18) → 南村(21) → 华海大厦(24) → 广医二院(25)
11,25,12,东华南路(14) → 江湾桥脚(25) → 江湾桥南(23) → 基立下道(19) → 前进路(12) → 云桂村(13) → 晓港新村(15) → 东晓南路(19) → 五凤乡(16) → 瑞南新村(16) → 晓港湾(15)
11,25,13,黄石路(22) → 祥景花园(22) → 江夏(黄石东路中)(24) → 黄石东路(云城西路口)(25) → 广外(白云山西门)(17) → 广州体育馆(19) → 盈翠华庭(18) → 柯子岭(15) → 雕塑公园(17) → 老干大学(13) → 下塘西路(16)
10,25,14,康王北路(东风路口)(14) → 康王中路(16) → 华林寺(16) → 康王南路(14) → 六二三路(23) → 市中医院(25) → 芳村(19) → 下芳村(20) → 大冲口(16) → 鹤洞新村(15)
10,25,10,桥东(12) → 石槎路中(12) → 地铁小坪站(10) → 小坪(25) → 马务(22) → 黄石路(16) → 祥景花园(22) → 江夏(黄石东路中)(24) → 黄石东路(云城西路口)(25) → 黄石东(14)
10,25,16,礼岗(18) → 华海大厦(24) → 南村(21) → 江南大道中(18) → 地铁市二宫站(16) → 江南大道北(20) → 大南路(17) → 文德路(19) → 仓边路(20) → 小北花圈(25)
9,25,11,江湾桥南(23) → 江湾桥脚(25) → 白云路东(18) → 白云路总站(13) → 越秀南路(22) → 万福东(11) → 万福路(11) → 文德路(19) → 财厅(11)
9,25,11,中山五路(24) → 文德路(19) → 万福路(11) → 万福东(11) → 越秀南路(22) → 白云路(11) → 白云路东(18) → 江湾桥脚(25) → 江湾桥南(23)
9,25,11,大沙头游船码头(25) → 大沙头(17) → 江湾桥脚(25) → 越秀南路(22) → 万福东(11) → 万福路(11) → 文德路(19) → 仓边路(20) → 小北花圈(25)
9,25,10,黄石东路(云城西路口)(25) → 江夏(黄石东路中)(24) → 祥景花园(22) → 黄石路(22) → 马务(22) → 小坪(25) → 地铁小坪站(10) → 石槎路中(12) → 桥东(12)
9,25,10,康王北路(东风路口)(14) → 康王中路(16) → 华林寺(16) → 康王南路(14) → 六二三路(23) → 市中医院(25) → 联桂北(11) → 大策(10) → 茶漖小区(12)
9,25,12,东漖镇(14) → 东漖南路(12) → 坑口地铁站(16) → 康乃馨花园(16) → 翠竹苑(14) → 花地大道(17) → 花地大道北(花地湾)(14) → 花地(25) → 山村(25)
9,25,10,庆丰(10) → 石井中学(15) → 小坪立交桥(19) → 小坪(25) → 马务(22) → 黄石路(16) → 祥景花园(22) → 江夏(黄石东路中)(24) → 黄石东路(云城西路口)(25)
8,25,11,小北花圈(25) → 仓边路(20) → 文德路(19) → 万福路(11) → 万福东(11) → 越秀南路(22) → 白云路(11) → 大沙头游船码头(25)
8,25,10,昌岗路口(14) → 信和广场(昌岗中路)(25) → 华海大厦(24) → 南村(21) → 前进路(12) → 云桂村(13) → 海印桥南(20) → 东湖路(10)
8,25,14,长堤(民间金融街)(14) → 爱群大厦(17) → 六二三路(23) → 市中医院(25) → 芳村(19) → 下芳村(20) → 大冲口(16) → 鹤洞新村(15)
8,25,10,庆丰(10) → 石井中学(15) → 小坪立交桥(19) → 小坪(25) → 马务(22) → 黄石路(22) → 祥景花园(22) → 江夏(黄石东路中)(24)
8,25,10,东漖怀宁坊(11) → 东漖街(11) → 汾水(16) → 茶漖小区(12) → 大策(10) → 联桂北(11) → 花地(25) → 芳村隧道口(15)
8,25,11,联桂北(11) → 花地(25) → 芳村(19) → 下芳村(20) → 革新路口(22) → 梅园西(24) → 凤凰新村(宝业路口)(23) → 沙园(23)
8,25,14,黄石东(14) → 黄石东路(云城西路口)(25) → 江夏(黄石东路中)(24) → 祥景花园(22) → 黄石路(22) → 马务(22) → 小坪(25) → 榕溪(14)
8,25,15,大沙头游船码头(25) → 大沙头(17) → 江湾桥脚(25) → 越秀南路(22) → 中山图书馆(15) → 文明路(15) → 文德路(19) → 中山五路(24)
7,25,10,柯子岭牌坊(10) → 盈翠华庭(18) → 白云大道南(金信路口)(10) → 广州体育馆南门(11) → 地铁白云公园站(15) → 云霄路(10) → 新市(25)
7,25,11,大沙头游船码头(25) → 大沙头(17) → 江湾桥脚(25) → 越秀南路(22) → 万福东(11) → 万福路(11) → 万福西(12)
7,25,10,天字码头(10) → 海珠广场(侨光东)(12) → 长堤(民间金融街)(14) → 爱群大厦(17) → 文化公园(13) → 六二三路(23) → 市中医院(25)
7,25,15,南洲路口(17) → 晓港湾(15) → 瑞南新村(16) → 五凤乡(16) → 东晓南路(19) → 广医二院(25) → 华海大厦(24)
7,25,15,华海大厦(24) → 广医二院(25) → 晓港新村(15) → 东晓南路(19) → 五凤乡(16) → 瑞南新村(16) → 晓港湾(15)
7,25,10,小坪立交桥(19) → 地铁小坪站(10) → 石槎路中(12) → 桥东(12) → 石槎路中(12) → 地铁小坪站(10) → 小坪(25)
7,25,11,海印桥南(20) → 云桂村(13) → 基立村(11) → 南村(21) → 华海大厦(24) → 信和广场(昌岗中路)(25) → 昌岗路口(14)
7,25,15,文明路(15) → 中山图书馆(15) → 越秀南路(22) → 白云路东(18) → 江湾桥脚(25) → 江湾桥南(23) → 基立下道(19)
7,25,16,桥东小区(25) → 石围塘(22) → 山村(25) → 花地(25) → 芳村(19) → 下芳村(20) → 大冲口(16)
7,25,13,车陂总站(13) → 车陂路(21) → 棠东(24) → 棠下村(25) → 科韵路(19) → 琶洲大桥北(20) → 琶洲大桥南(18)
7,25,12,海珠广场(侨光东)(12) → 长堤(民间金融街)(14) → 爱群大厦(17) → 六二三路(23) → 市中医院(25) → 花地大道北(花地湾)(14) → 芳村合兴苑(15)
7,25,16,海珠广场(一德东)(17) → 江南大道北(20) → 地铁市二宫站(16) → 江南大道中(18) → 南村(21) → 华海大厦(24) → 广医二院(25)
7,25,13,金沙路(13) → 沙园(23) → 梅园西(24) → 革新路口(22) → 洪德路(19) → 六二三路(23) → 市中医院(25)
7,25,13,珠江广场(14) → 中大北门(15) → 中大北门西(13) → 珠江泳场(16) → 滨江东路(20) → 大沙头游船码头(25) → 大沙头(17)
6,25,12,海珠广场(侨光东)(12) → 爱群大厦(17) → 六二三路(23) → 市中医院(25) → 花地大道北(花地湾)(14) → 芳村合兴苑(15)
6,25,14,康王北路(东风路口)(14) → 康王中路(16) → 华林寺(16) → 康王南路(14) → 六二三路(23) → 市中医院(25)
6,25,12,市红会医院(23) → 市二宫(12) → 江南大道中(18) → 南村(21) → 华海大厦(24) → 信和广场(昌岗中路)(25)
6,25,14,黄石东(14) → 黄石东路(云城西路口)(25) → 江夏(黄石东路中)(24) → 祥景花园(22) → 黄石路(16) → 黄石路(22)
6,25,13,桥东小区(25) → 石围塘(22) → 山村(25) → 花地(25) → 芳村隧道口(15) → 黄沙大道(13)
6,25,10,东湖路(10) → 海印桥南(20) → 广医二院(25) → 信和广场(昌岗中路)(25) → 宝岗大道南(19) → 西基东(19)
6,25,15,基立下道(19) → 江湾桥南(23) → 江湾桥脚(25) → 白云路东(18) → 越秀南路(22) → 中山图书馆(15)
6,25,13,琶洲大桥北(20) → 科韵路(19) → 棠下村(25) → 棠东(24) → 车陂路(21) → 车陂总站(13)
6,25,12,南村(21) → 华海大厦(24) → 信和广场(昌岗中路)(25) → 橡胶新村(20) → 广船(12) → 东塱(12)
5,25,21,南村(21) → 华海大厦(24) → 广医二院(25) → 华海大厦(24) → 南村(21)
5,25,14,昌岗路口(14) → 信和广场(昌岗中路)(25) → 广医二院(25) → 海印桥南(20) → 大沙头游船码头(25)
5,25,16,信和广场(昌岗中路)(25) → 华海大厦(24) → 南村(21) → 江南大道中(18) → 地铁市二宫站(16)
5,25,10,广州市培英中学(25) → 真光中学(11) → 鹤洞东(10) → 广船(12) → 东塱(12)
5,25,13,黄沙大道(13) → 花地(25) → 山村(25) → 石围塘(22) → 桥东小区(25)
5,25,15,小北花圈(25) → 仓边路(20) → 农讲所(19) → 大东门(中山三路)(15) → 烈士陵园(19)
5,25,14,黄石东(14) → 黄石东路(云城西路口)(25) → 江夏(黄石东路中)(24) → 祥景花园(22) → 黄石路(22)
5,25,22,马务(22) → 黄石路(22) → 祥景花园(22) → 江夏(黄石东路中)(24) → 黄石东路(云城西路口)(25)
5,25,19,车陂(25) → 天朗明居(19) → 棠东(24) → 棠下村(25) → 科韵路(19)
5,25,10,市中医院(25) → 花地大道北(花地湾)(14) → 芳村合兴苑(15) → 茶滘路(10) → 穗盐路(10)
5,25,19,桂花岗(25) → 电视塔(21) → 小北花圈(25) → 仓边路(20) → 文德路(19)
5,25,11,燕子岗(11) → 保利红棉花园(13) → 纸厂(22) → 珠江医院(17) → 广州市培英中学(25)
4,25,12,小北花圈(25) → 仓边路(20) → 文德路(19) → 万福西(12)
4,25,14,海印桥南(20) → 广医二院(25) → 信和广场(昌岗中路)(25) → 昌岗路口(14)
4,25,15,龙潭村(25) → 龙潭村牌坊(15) → 新滘中路(地铁龙潭站)(15) → 新滘东路中(17)
4,25,22,黄石路(22) → 祥景花园(22) → 江夏(黄石东路中)(24) → 黄石东路(云城西路口)(25)
4,25,11,桥东小区(25) → 石围塘(22) → 山村(25) → 联桂北(11)
4,25,10,茶漖小区(12) → 大策(10) → 联桂北(11) → 山村(25)
4,25,19,小坪立交桥(19) → 小坪(25) → 马务(22) → 黄石路(22)
4,25,14,黄石路(22) → 马务(22) → 小坪(25) → 榕溪(14)
4,25,18,礼岗(18) → 广医二院(25) → 海印桥南(20) → 大沙头游船码头(25)
4,25,10,茶滘路(10) → 芳村合兴苑(15) → 花地大道北(花地湾)(14) → 花地(25)
4,25,17,大沙头游船码头(25) → 大沙头(17) → 江湾桥脚(25) → 越秀南路(22)
4,25,10,庆丰(10) → 石井中学(15) → 小坪立交桥(19) → 小坪(25)
4,25,15,大东门(中山三路)(15) → 农讲所(19) → 仓边路(20) → 小北花圈(25)
3,25,14,山村(25) → 花地(25) → 花地大道北(花地湾)(14)
3,25,19,小北花圈(25) → 仓边路(20) → 文德路(19)
3,25,10,地铁白云公园站(15) → 云霄路(10) → 新市(25)
3,25,18,礼岗(18) → 信和广场(昌岗中路)(25) → 橡胶新村(20)
3,25,22,黄石东路(云城西路口)(25) → 江夏(黄石东路中)(24) → 祥景花园(22)
3,25,11,越秀南路(22) → 白云路(11) → 大沙头游船码头(25)
3,25,19,山村(25) → 花地(25) → 芳村(19)
3,25,10,海印桥南(20) → 东湖路(10) → 大沙头游船码头(25)
3,25,10,大策(10) → 联桂北(11) → 花地(25)
3,25,18,家家乐医院(18) → 棠东(24) → 棠下村(25)
3,25,20,橡胶新村(20) → 信和广场(昌岗中路)(25) → 广医二院(25)
3,25,13,车陂(25) → 车陂路(21) → 车陂总站(13)
3,25,15,石井中学(15) → 小坪立交桥(19) → 小坪(25)
16,24,10,盐步路口(12) → 大转弯(13) → 嘉洲广场(15) → 宏威路口(19) → 广佛路东(20) → 广佛路口(滘口客运站)(15) → 桥中(22) → 荔湾湖公园西门(10) → 如意坊(12) → 黄沙大道(13) → 黄沙码头(21) → 六二三路(23) → 洪德路(19) → 革新路口(22) → 梅园西(24) → 金沙路(13)
15,24,11,龙洞牌坊(11) → 地铁植物园站(15) → 植物园正门(13) → 三宝墟(12) → 科学院(11) → 天源路中(11) → 地铁长湴站(12) → 射击场(12) → 上元岗(24) → 天河客运站(16) → 银河园(19) → 武警医院(20) → 燕塘企业(20) → 省军区(17) → 军体院(17)
14,24,11,军体院(17) → 省军区(17) → 燕塘企业(20) → 武警医院(20) → 银河园(19) → 天河客运站(16) → 上元岗(24) → 射击场(12) → 天源路中(11) → 科学院(11) → 三宝墟(12) → 植物园正门(13) → 地铁植物园站(15) → 龙洞牌坊(11)
13,24,10,环洲三路西(11) → 沙凤(13) → 环洲三路(14) → 城西花园(11) → 金沙洲路(24) → 地铁横沙站(15) → 地铁浔峰岗站(23) → 浔峰山东路北(16) → 金名都(14) → 洲村(13) → 洲村市场(13) → 草场(13) → 草场工业区(10)
13,24,11,龙洞牌坊(11) → 地铁植物园站(15) → 植物园正门(13) → 三宝墟(12) → 科学院(11) → 天源路中(11) → 地铁长湴站(12) → 射击场(12) → 上元岗(24) → 天河客运站(16) → 银河园(19) → 武警医院(20) → 燕塘企业(20)
12,24,11,地铁植物园站(15) → 植物园正门(13) → 三宝墟(12) → 科学院(11) → 天源路中(11) → 地铁长湴站(12) → 射击场(12) → 上元岗(24) → 天河客运站(16) → 银河园(19) → 武警医院(20) → 燕塘企业(20)
12,24,11,天平架总站(11) → 燕塘企业(20) → 武警医院(20) → 银河园(19) → 天河客运站(16) → 上元岗(24) → 射击场(12) → 天源路中(11) → 科学院(11) → 三宝墟(12) → 植物园正门(13) → 地铁植物园站(15)
12,24,11,燕塘企业(20) → 武警医院(20) → 银河园(19) → 天河客运站(16) → 上元岗(24) → 射击场(12) → 天源路中(11) → 科学院(11) → 三宝墟(12) → 植物园正门(13) → 地铁植物园站(15) → 龙洞牌坊(11)
11,24,13,省军区(17) → 沙河(15) → 濂泉路口(16) → 金贵村(19) → 云台花园(16) → 白云山管理局(13) → 景泰坑(20) → 广园客运站(20) → 中医药大学(24) → 交电新村(22) → 云城南(19)
11,24,11,燕塘企业(20) → 武警医院(20) → 银河园(19) → 天河客运站(16) → 上元岗(24) → 射击场(12) → 天源路中(11) → 科学院(11) → 三宝墟(12) → 植物园正门(13) → 地铁植物园站(15)
11,24,10,花地大道南(10) → 花地大道(海南村)(12) → 渔尾大桥东(11) → 西塱(24) → 花地大道中(15) → 龙溪立交南(坑口牌坊)(16) → 芳村客运站(17) → 翠竹苑(14) → 花地大道(17) → 芳村合兴苑(15) → 茶滘路(10)
11,24,10,穗盐路(10) → 茶滘路(10) → 芳村合兴苑(15) → 花地大道(17) → 翠竹苑(14) → 芳村客运站(17) → 龙溪立交南(坑口牌坊)(16) → 西塱(24) → 渔尾大桥东(11) → 花地大道(海南村)(12) → 花地大道南(10)
11,24,13,文冲幸福里(17) → 黄埔区儿童公园(14) → 大沙东(24) → 黄埔区少年宫(18) → 丰乐北路(19) → 黄埔体育馆(16) → 碧山村(14) → 丰乐北横路口(14) → 姬堂(14) → 上堂(13) → 科丰路(科林路口)站(13)
11,24,13,科丰路(科林路口)站(13) → 上堂(13) → 姬堂(14) → 丰乐北横路口(14) → 碧山村(14) → 黄埔体育馆(16) → 丰乐北路(19) → 大沙东(24) → 大沙西(20) → 大沙地(14) → 珠江村(14)
11,24,11,广外(白云山西门)(17) → 广州体育馆(19) → 盈翠华庭(18) → 柯子岭(15) → 中医药大学(24) → 广园中路(20) → 云台花园(17) → 金贵村(19) → 广园天寿路口东(14) → 省农干科干院(15) → 科学院地化所(11)
11,24,10,茶滘路(10) → 芳村合兴苑(15) → 花地大道北(花地湾)(14) → 芳村隧道口(15) → 黄沙码头(21) → 六二三路(23) → 南方大厦(24) → 人民南路(17) → 大新路口(19) → 大德路(14) → 省中医院(14)
10,24,13,科丰路(科林路口)站(13) → 上堂(13) → 姬堂(14) → 丰乐北横路口(14) → 碧山村(14) → 黄埔体育馆(16) → 丰乐北路(19) → 大沙东(24) → 大沙西(20) → 大沙地(14)
10,24,11,龙洞牌坊(11) → 地铁植物园站(15) → 植物园正门(13) → 三宝墟(12) → 科学院(11) → 天源路中(11) → 地铁长湴站(12) → 射击场(12) → 上元岗(24) → 天河客运站总站(12)
10,24,11,银河园(19) → 天河客运站(16) → 上元岗(24) → 射击场(12) → 天源路中(11) → 科学院(11) → 三宝墟(12) → 植物园正门(13) → 地铁植物园站(15) → 龙洞牌坊(11)
10,24,13,珠江村(14) → 大沙地(14) → 大沙西(20) → 大沙东(24) → 丰乐北路(19) → 黄埔体育馆(16) → 碧山村(14) → 丰乐北横路口(14) → 姬堂(14) → 上堂(13)
9,24,10,五山路口(17) → 龙口东(16) → 龙口西(15) → 天河北路(23) → 体育中心东门(24) → 体育东路(15) → 天河邮局(16) → 冼村路北(11) → 冼村路中(10)
9,24,13,机场立交北(20) → 中医药大学(24) → 广园中路(20) → 景泰坑(20) → 白云山管理局(13) → 云台花园(17) → 金贵村(19) → 濂泉路口(16) → 省军区(17)
9,24,13,大沙地(14) → 大沙西(20) → 大沙东(24) → 丰乐北路(19) → 黄埔体育馆(16) → 碧山村(14) → 丰乐北横路口(14) → 姬堂(14) → 上堂(13)
9,24,11,龙洞牌坊(11) → 地铁植物园站(15) → 植物园正门(13) → 三宝墟(12) → 天源路中(11) → 地铁长湴站(12) → 射击场(12) → 上元岗(24) → 天河客运站总站(12)
9,24,11,兴华路口(11) → 伍仙桥(11) → 鸡颈坑(12) → 梅园新村(12) → 梅花园(13) → 一五七医院(13) → 南方医院(19) → 东坑(18) → 同和(24)
9,24,11,天河客运站总站(12) → 上元岗(24) → 射击场(12) → 天源路中(11) → 科学院(11) → 三宝墟(12) → 植物园正门(13) → 地铁植物园站(15) → 龙洞牌坊(11)
9,24,11,龙洞牌坊(11) → 地铁植物园站(15) → 植物园正门(13) → 三宝墟(12) → 科学院(11) → 天源路中(11) → 地铁长湴站(12) → 射击场(12) → 上元岗(24)
8,24,13,芳村合兴苑(15) → 花地大道北(花地湾)(14) → 芳村隧道口(15) → 黄沙码头(21) → 六二三路(23) → 南方大厦(24) → 爱群大厦(17) → 靖海路口(13)
8,24,10,五山路口(17) → 龙口东(16) → 龙口西(15) → 天河北路(23) → 体育中心东门(24) → 天河邮局(16) → 冼村路北(11) → 冼村路中(10)
8,24,11,礼岗(18) → 华海大厦(24) → 南村(21) → 江南大道中(18) → 地铁市二宫站(16) → 江南大道北(20) → 海珠广场(一德东)(17) → 起义路(11)
8,24,11,天河客运站总站(12) → 上元岗(24) → 射击场(12) → 天源路中(11) → 三宝墟(12) → 植物园正门(13) → 地铁植物园站(15) → 龙洞牌坊(11)
8,24,12,珠江村(14) → 大沙地(14) → 大沙西(20) → 大沙东(24) → 黄埔区少年宫(18) → 大沙东(黄埔海关)(12) → 黄埔区儿童公园(14) → 文冲幸福里(17)
8,24,14,姬堂(14) → 丰乐北横路口(14) → 碧山村(14) → 黄埔体育馆(16) → 丰乐北路(19) → 大沙东(24) → 大沙西(20) → 大沙地(14)
8,24,11,松北(15) → 松南街口(16) → 松南路口(16) → 金沙洲大桥西(19) → 金沙洲路(24) → 环洲三路(14) → 沙凤(13) → 环洲三路西(11)
7,24,13,机场立交北(20) → 中医药大学(24) → 广园中路(20) → 景泰坑(20) → 白云山管理局(13) → 云台花园(17) → 金贵村(19)
7,24,10,天鹅花园(10) → 长兴路口(10) → 上元岗(24) → 天河客运站(16) → 银河园(19) → 武警医院(20) → 燕塘企业(20)
7,24,11,天河客运站总站(12) → 天河客运站(16) → 上元岗(24) → 射击场(12) → 植物园正门(13) → 地铁植物园站(15) → 龙洞牌坊(11)
7,24,14,大沙地(14) → 大沙西(20) → 大沙东(24) → 黄埔区少年宫(18) → 大沙东(24) → 黄埔区儿童公园(14) → 文冲幸福里(17)
7,24,12,文冲幸福里(17) → 黄埔区儿童公园(14) → 大沙东(黄埔海关)(12) → 黄埔区少年宫(18) → 大沙东(24) → 大沙西(20) → 大沙地(14)
7,24,13,机场立交北(20) → 中医药大学(24) → 广园客运站(20) → 广园中路(20) → 景泰坑(20) → 白云山管理局(13) → 云台花园(17)
7,24,13,云台花园(17) → 白云山管理局(13) → 景泰坑(20) → 广园客运站(20) → 中医药大学(24) → 交电新村(22) → 云城南(19)
7,24,10,同和(24) → 东坑(18) → 南方医院(19) → 京溪路(10) → 云景花园(10) → 元岗横路(11) → 京溪路口(10)
7,24,16,军体院(17) → 省军区(17) → 燕塘企业(20) → 武警医院(20) → 银河园(19) → 天河客运站(16) → 上元岗(24)
7,24,11,中山五路(24) → 文德路(19) → 文明路(15) → 中山图书馆(15) → 越秀南路(22) → 白云路(11) → 大沙头(17)
7,24,10,天鹅花园(10) → 长兴路口(10) → 上元岗(24) → 天河客运站(16) → 武警医院(20) → 燕塘企业(20) → 云台花园(17)
6,24,17,基建新村(17) → 沙园(23) → 凤凰新村(宝业路口)(23) → 梅园西(24) → 革新路口(22) → 洪德路(19)
6,24,10,同和(24) → 东坑(18) → 南方医院(19) → 京溪路(10) → 云景花园(10) → 元岗横路(11)
6,24,11,体育中心东门(24) → 时代广场(15) → 广州体院(23) → 广州大道中(11) → 军体院(17) → 省军区(17)
6,24,13,金沙路(13) → 沙园(23) → 凤凰新村(宝业路口)(23) → 梅园西(24) → 革新路口(22) → 洪德路(19)
6,24,17,梅园西(24) → 凤凰新村(宝业路口)(23) → 沙园(23) → 基建新村(17) → 珠江医院(17) → 纸厂(22)
6,24,14,梅园西(24) → 革新路口(22) → 洪德路(19) → 康王南路(14) → 华林寺(16) → 华贵路口(14)
6,24,14,文冲幸福里(17) → 黄埔区儿童公园(14) → 大沙东(24) → 黄埔区少年宫(18) → 大沙东(24) → 大沙西(20)
6,24,12,大沙西(20) → 大沙东(24) → 黄埔区少年宫(18) → 大沙东(黄埔海关)(12) → 黄埔区儿童公园(14) → 文冲幸福里(17)
6,24,14,大沙地(14) → 大沙西(20) → 大沙东(24) → 丰乐北路(19) → 黄埔体育馆(16) → 碧山村(14)
6,24,14,文冲幸福里(17) → 黄埔区儿童公园(14) → 黄埔区少年宫(18) → 大沙东(24) → 大沙西(20) → 大沙地(14)
6,24,16,江南大道北(20) → 地铁市二宫站(16) → 江南大道中(18) → 南村(21) → 华海大厦(24) → 礼岗(18)
6,24,11,中山五路(24) → 文德路(19) → 万福路(11) → 万福东(11) → 越秀南路(22) → 白云路(11)
6,24,10,京溪路口(10) → 云景花园(10) → 京溪路(10) → 南方医院(19) → 东坑(18) → 同和(24)
6,24,11,松北(15) → 松南街口(16) → 松南路口(16) → 金沙洲大桥西(19) → 金沙洲路(24) → 城西花园(11)
6,24,14,文冲幸福里(17) → 黄埔区儿童公园(14) → 大沙东(24) → 黄埔区少年宫(18) → 丰乐北路(19) → 黄埔体育馆(16)
5,24,19,洪德路(19) → 革新路口(22) → 梅园西(24) → 凤凰新村(宝业路口)(23) → 沙园(23)
5,24,15,梅园西(24) → 凤凰新村(宝业路口)(23) → 沙园(23) → 鹤洞新村(15) → 大冲口(16)
5,24,10,同和(24) → 东坑(18) → 南方医院(19) → 京溪路(10) → 云景花园(10)
5,24,13,中医药大学(24) → 广园客运站(20) → 雕塑公园(17) → 老干大学(13) → 下塘西路(16)
5,24,14,珠江村(14) → 大沙地(14) → 大沙西(20) → 大沙东(24) → 丰乐北路(19)
5,24,14,黄埔区儿童公园(14) → 大沙东(24) → 黄埔区少年宫(18) → 大沙东(24) → 大沙西(20)
5,24,13,金沙路(13) → 凤凰新村(宝业路口)(23) → 沙园(23) → 凤凰新村(宝业路口)(23) → 梅园西(24)
5,24,12,燕塘企业(20) → 武警医院(20) → 银河园(19) → 上元岗(24) → 天河客运站总站(12)
5,24,11,沙园(23) → 凤凰新村(宝业路口)(23) → 梅园西(24) → 芳村(19) → 联桂北(11)
5,24,18,同和(24) → 东坑(18) → 南方医院(19) → 东坑(18) → 同和(24)
5,24,13,基建新村(17) → 沙园(23) → 凤凰新村(宝业路口)(23) → 梅园西(24) → 金沙路(13)
5,24,13,金沙路(13) → 沙园(23) → 梅园西(24) → 革新路口(22) → 洪德路(19)
5,24,10,龙溪立交南(坑口牌坊)(16) → 花地大道中(15) → 西塱(24) → 花地大道(海南村)(12) → 花地大道南(10)
5,24,11,中山图书馆(15) → 文明路(15) → 文德路(19) → 财厅(11) → 中山五路(24)
5,24,14,黄埔体育馆(16) → 丰乐北路(19) → 大沙东(24) → 大沙西(20) → 大沙地(14)
4,24,17,基建新村(17) → 沙园(23) → 凤凰新村(宝业路口)(23) → 梅园西(24)
4,24,10,南方大厦(24) → 爱群大厦(17) → 靖海路口(13) → 天字码头(10)
4,24,15,中山图书馆(15) → 文明路(15) → 文德路(19) → 中山五路(24)
4,24,10,光大花园(10) → 金沙路(13) → 沙园(23) → 梅园西(24)
4,24,13,中医药大学(24) → 雕塑公园(17) → 老干大学(13) → 下塘西路(16)
4,24,14,大沙地(14) → 大沙西(20) → 大沙东(24) → 丰乐北路(19)
4,24,10,梅园西(24) → 凤凰新村(宝业路口)(23) → 金沙路(13) → 光大花园(10)
4,24,16,大沙西(20) → 大沙东(24) → 丰乐北路(19) → 黄埔体育馆(16)
4,24,13,沙园(23) → 凤凰新村(宝业路口)(23) → 梅园西(24) → 金沙路(13)
4,24,14,文冲幸福里(17) → 黄埔区儿童公园(14) → 大沙东(24) → 黄埔区少年宫(18)
4,24,14,大沙东(24) → 大沙西(20) → 大沙地(14) → 珠江村(14)
3,24,10,梅园西(24) → 金沙路(13) → 光大花园(10)
3,24,15,农讲所(19) → 中山五路(24) → 广卫路总站(15)
3,24,19,丰乐北路(19) → 大沙东(24) → 大沙西(20)
3,24,11,体育中心东门(24) → 林乐路(11) → 天寿路(17)
3,24,18,大沙西(20) → 大沙东(24) → 黄埔区少年宫(18)
3,24,13,革新路口(22) → 梅园西(24) → 金沙路(13)
3,24,13,梅园西(24) → 凤凰新村(宝业路口)(23) → 金沙路(13)
3,24,10,天鹅花园(10) → 长兴路口(10) → 上元岗(24)
3,24,11,金沙洲大桥西(19) → 金沙洲路(24) → 城西花园(11)
3,24,14,大沙东(24) → 大沙西(20) → 大沙地(14)
3,24,18,同和(24) → 东坑(18) → 南方医院(19)
3,24,15,金沙洲路(24) → 地铁横沙站(15) → 地铁浔峰岗站(23)
13,23,10,草场工业区(10) → 草场(13) → 洲村市场(13) → 洲村(13) → 金名都(14) → 浔峰山东路北(16) → 地铁浔峰岗站(23) → 浔峰山东路北(16) → 金名都(14) → 洲村(13) → 洲村市场(13) → 草场(13) → 草场工业区(10)
11,23,10,草场工业区(10) → 草场(13) → 洲村市场(13) → 洲村(13) → 金名都(14) → 浔峰山东路北(16) → 地铁浔峰岗站(23) → 地铁横沙站(15) → 环洲三路(14) → 沙凤(13) → 环洲三路西(11)
9,23,10,五山学生公寓(10) → 华农大正门(11) → 华工大(11) → 五山路口(17) → 龙口东(16) → 龙口西(15) → 天河北路(23) → 体育西路(13) → 维多利广场(12)
9,23,11,天河东路(14) → 天河北路(23) → 时代广场(15) → 广州体院(23) → 广州大道中(11) → 沙河(15) → 濂泉路口(16) → 金贵村(19) → 云台花园(16)
8,23,11,云台花园(16) → 金贵村(19) → 濂泉路口(16) → 广州大道中(11) → 广州体院(23) → 时代广场(15) → 天河北路(23) → 天河东路(14)
8,23,13,珠江广场(14) → 中大北门(15) → 中大北门西(13) → 珠江泳场(16) → 滨江东路(20) → 石涌口(13) → 江湾桥南(23) → 基立下道(19)
7,23,12,市红会医院(23) → 市二宫(12) → 江南大道北(20) → 海珠广场(一德东)(17) → 大南路(17) → 文明路(15) → 中山图书馆(15)
7,23,12,新滘东路中(17) → 新滘中路(地铁龙潭站)(15) → 龙潭村牌坊(15) → 后滘村(22) → 沥滘(23) → 三滘村(23) → 海珠客运站总站(12)
7,23,10,地铁浔峰岗站(23) → 浔峰山东路北(16) → 金名都(14) → 洲村(13) → 洲村市场(13) → 草场(13) → 草场工业区(10)
7,23,11,金名都(14) → 浔峰山东路北(16) → 地铁浔峰岗站(23) → 地铁横沙站(15) → 环洲三路(14) → 沙凤(13) → 环洲三路西(11)
6,23,13,金沙路(13) → 凤凰新村(宝业路口)(23) → 沙园(23) → 基建新村(17) → 珠江医院(17) → 纸厂(22)
6,23,10,草场工业区(10) → 洲村市场(13) → 洲村(13) → 金名都(14) → 浔峰山东路北(16) → 地铁浔峰岗站(23)
5,23,12,宝岗大道中(22) → 宝岗大道北(22) → 市红会医院(23) → 市二宫(12) → 江南大道北(20)
5,23,12,沙溪村(22) → 后滘村(22) → 沥滘(23) → 三滘村(23) → 海珠客运站总站(12)
5,23,12,金沙路(13) → 凤凰新村(宝业路口)(23) → 沙园(23) → 广船(12) → 东塱(12)
4,23,13,地铁浔峰岗站(23) → 地铁横沙站(15) → 环洲三路(14) → 沙凤(13)
4,23,14,时代广场(15) → 天河北路(23) → 天河东路(14) → 天河南(19)
4,23,12,海珠客运站总站(12) → 三滘村(23) → 沥滘(23) → 后滘村(22)
4,23,12,堑口(22) → 市红会医院(23) → 市二宫(12) → 江南大道北(20)
4,23,12,如意坊(12) → 黄沙大道(13) → 黄沙码头(21) → 六二三路(23)
4,23,17,沙园(23) → 基建新村(17) → 珠江医院(17) → 纸厂(22)
3,23,19,江湾桥南(23) → 基立下道(19) → 南村(21)
3,23,13,黄沙大道(13) → 黄沙码头(21) → 六二三路(23)
3,23,13,金沙路(13) → 沙园(23) → 凤凰新村(宝业路口)(23)
3,23,15,天河北路(23) → 时代广场(15) → 广州体院(23)
3,23,22,三滘村(23) → 沥滘(23) → 后滘村(22)
3,23,14,环洲三路(14) → 地铁横沙站(15) → 地铁浔峰岗站(23)
3,23,10,光大花园(10) → 金沙路(13) → 沙园(23)
3,23,12,市红会医院(23) → 市二宫(12) → 江南大道北(20)
3,23,11,地铁浔峰岗站(23) → 地铁横沙站(15) → 城西花园(11)
15,22,10,聚龙工业区(12) → 泽德花苑(14) → 横滘(17) → 上步村(18) → 同德乡(19) → 鹅掌坦(18) → 西湾和苑(18) → 西湾路(22) → 黑山(21) → 西湾路(22) → 克山(20) → 环市西路(广园西路口)(18) → 站前路北(12) → 站前路中(11) → 西站(10)
14,22,11,五洲装饰城(地铁厦滘站)(20) → 沙溪村(22) → 涌口村(16) → 涌口村牌坊(18) → 塘埗西(18) → 南大路口(16) → 万博中心(14) → 华南碧桂园(16) → 里仁洞(14) → 冼庄立交(12) → 万博翠湖花园(13) → 节能科技园(13) → 龙美牌坊(13) → 龙美村(迎新路)(11)
13,22,11,五洲装饰城(地铁厦滘站)(20) → 沙溪村(22) → 涌口村(16) → 涌口村牌坊(18) → 塘埗西(18) → 南大路口(16) → 万博中心(14) → 华南碧桂园(16) → 里仁洞(14) → 冼庄立交(12) → 万博翠湖花园(13) → 龙美牌坊(13) → 龙美村(迎新路)(11)
13,22,11,龙美村(迎新路)(11) → 龙美牌坊(13) → 节能科技园(13) → 万博翠湖花园(13) → 冼庄立交(12) → 里仁洞(14) → 华南碧桂园(16) → 万博中心(14) → 南大路口(16) → 塘埗西(18) → 涌口村牌坊(18) → 涌口村(16) → 沙溪村(22)
11,22,16,上步村(18) → 同德乡(19) → 鹅掌坦(18) → 西湾和苑(18) → 西湾路(22) → 黑山(21) → 西湾路(22) → 克山(20) → 省妇幼(16) → 王圣堂(16) → 瑶台(16)
11,22,12,克山(20) → 西湾路(22) → 黑山(21) → 西湾路(22) → 西湾和苑(18) → 鹅掌坦(18) → 同德乡(19) → 上步村(18) → 横滘(17) → 泽德花苑(14) → 聚龙工业区(12)
11,22,10,黄沙大道(13) → 如意坊(12) → 荔湾湖公园西门(10) → 桥中(22) → 广佛路口(滘口客运站)(15) → 广佛路东(20) → 黄岐城区(19) → 宏威路口(19) → 嘉洲广场(15) → 大转弯(13) → 盐步路口(12)
10,22,16,瑶台(16) → 王圣堂(16) → 省妇幼(16) → 克山(20) → 西湾路(22) → 黑山(21) → 西湾路(22) → 西湾和苑(18) → 鹅掌坦(18) → 同德乡(19)
9,22,11,五洲装饰城(地铁厦滘站)(20) → 沙溪村(22) → 涌口村(16) → 涌口村牌坊(18) → 塘埗西(18) → 南大路口(16) → 万博中心(14) → 锦绣香江(11) → 地铁汉溪长隆G站(17)
9,22,14,西湾路(22) → 黑山(21) → 西湾路(22) → 西湾和苑(18) → 鹅掌坦(18) → 同德乡(19) → 上步村(18) → 横滘(17) → 泽德花苑(14)
8,22,11,五洲装饰城(地铁厦滘站)(20) → 沙溪村(22) → 涌口村(16) → 涌口村牌坊(18) → 塘埗西(18) → 南大路口(16) → 万博中心(14) → 锦绣香江(11)
8,22,10,西湾路(22) → 黑山(21) → 西湾路(22) → 克山(20) → 环市西路(广园西路口)(18) → 站前路北(12) → 站前路中(11) → 西站(10)
7,22,11,五洲装饰城(地铁厦滘站)(20) → 沙溪村(22) → 涌口村(16) → 涌口村牌坊(18) → 塘埗西(18) → 南大路口(16) → 锦绣香江(11)
6,22,11,万福西(12) → 万福路(11) → 万福东(11) → 越秀南路(22) → 白云路(11) → 大沙头(17)
6,22,12,流花(南部战区总医院)(14) → 人民北路(站南路口)(12) → 克山(20) → 西湾路(22) → 黑山(21) → 西湾路(22)
6,22,16,沙溪村(22) → 五洲装饰城(地铁厦滘站)(20) → 沙溪村(22) → 涌口村(16) → 涌口村牌坊(18) → 塘埗西(18)
6,22,13,大南路(17) → 文明路(15) → 中山图书馆(15) → 越秀南路(22) → 白云路总站(13) → 白云路东(18)
5,22,11,白云路东(18) → 白云路总站(13) → 越秀南路(22) → 万福东(11) → 万福路(11)
5,22,13,文明路(15) → 中山图书馆(15) → 越秀南路(22) → 白云路总站(13) → 白云路东(18)
5,22,11,白云路总站(13) → 越秀南路(22) → 万福东(11) → 万福路(11) → 万福西(12)
5,22,11,大南路(17) → 万福路(11) → 万福东(11) → 越秀南路(22) → 白云路总站(13)
5,22,18,鹅掌坦(18) → 西湾和苑(18) → 西湾路(22) → 黑山(21) → 西湾路(22)
5,22,16,五洲装饰城(地铁厦滘站)(20) → 沙溪村(22) → 涌口村(16) → 涌口村牌坊(18) → 塘埗西(18)
5,22,10,塘步东(10) → 塘埗西(18) → 涌口村牌坊(18) → 涌口村(16) → 沙溪村(22)
4,22,14,华林寺(16) → 康王南路(14) → 洪德路(19) → 革新路口(22)
4,22,16,五洲装饰城(地铁厦滘站)(20) → 沙溪村(22) → 涌口村(16) → 涌口村牌坊(18)
4,22,15,黄岐城区(19) → 广佛路东(20) → 广佛路口(滘口客运站)(15) → 桥中(22)
3,22,11,广东药学院(11) → 宝岗大道中(22) → 宝岗大道北(22)
3,22,22,堑口(22) → 宝岗大道北(22) → 宝岗大道中(22)
3,22,11,燕子岗(11) → 保利红棉花园(13) → 纸厂(22)
3,22,18,西湾路(22) → 西湾和苑(18) → 鹅掌坦(18)
3,22,13,番禺广场(16) → 交通大厦(22) → 市桥汽车站(13)
3,22,13,交通大厦(22) → 沙墟市场(14) → 党校路口(13)
3,22,16,涌口村牌坊(18) → 涌口村(16) → 沙溪村(22)
15,21,12,荷村(13) → 骏业路口(12) → 开创大道中(南方物流)(12) → 开创大道(连云路口)(16) → 严田村(17) → 宏光路口(16) → 开创大道口(15) → 东区路口(18) → 南岗(21) → 南岗化工厂(19) → 丹水坑(17) → 塘头(16) → 开发大道立交东(16) → 开发区路口(15) → 保盈大道站(14)
14,21,12,保盈大道站(14) → 开发区路口(15) → 开发大道立交东(16) → 塘头(16) → 丹水坑(17) → 南岗化工厂(19) → 南岗(21) → 东区路口(18) → 宏光路口(16) → 严田村(17) → 开创大道(连云路口)(16) → 开创大道中(南方物流)(12) → 骏业路口(12) → 荷村(13)
14,21,12,荷村(13) → 骏业路口(12) → 开创大道中(南方物流)(12) → 开创大道(连云路口)(16) → 严田村(17) → 宏光路口(16) → 开创大道口(15) → 东区路口(18) → 南岗(21) → 南岗化工厂(19) → 丹水坑(17) → 塘头(16) → 开发大道立交东(16) → 夏园(14)
13,21,12,夏园(14) → 开发大道立交东(16) → 塘头(16) → 丹水坑(17) → 南岗化工厂(19) → 南岗(21) → 东区路口(18) → 宏光路口(16) → 严田村(17) → 开创大道(连云路口)(16) → 开创大道中(南方物流)(12) → 骏业路口(12) → 荷村(13)
12,21,13,严田村(17) → 宏光路口(16) → 开创大道口(15) → 东区路口(18) → 南岗(21) → 南岗化工厂(19) → 丹水坑(17) → 塘头(16) → 开发大道立交东(16) → 开发区路口(15) → 保盈大道站(14) → 夏港(13)
11,21,13,夏港(13) → 保盈大道站(14) → 开发区路口(15) → 开发大道立交东(16) → 塘头(16) → 丹水坑(17) → 南岗化工厂(19) → 南岗(21) → 东区路口(18) → 宏光路口(16) → 严田村(17)
11,21,12,荷村(13) → 骏业路口(12) → 开创大道中(南方物流)(12) → 开创大道(连云路口)(16) → 严田村(17) → 宏光路口(16) → 开创大道口(15) → 东区路口(18) → 南岗(21) → 南岗化工厂(19) → 丹水坑(17)
11,21,12,塘头(16) → 丹水坑(17) → 南岗化工厂(19) → 南岗(21) → 东区路口(18) → 宏光路口(16) → 严田村(17) → 开创大道(连云路口)(16) → 开创大道中(南方物流)(12) → 骏业路口(12) → 荷村(13)
10,21,12,开创大道中(南方物流)(12) → 开创大道(连云路口)(16) → 严田村(17) → 宏光路口(16) → 开创大道口(15) → 东区路口(18) → 南岗(21) → 塘头(16) → 开发大道立交东(16) → 夏园(14)
10,21,14,严田村(17) → 宏光路口(16) → 开创大道口(15) → 东区路口(18) → 南岗(21) → 南岗化工厂(19) → 丹水坑(17) → 塘头(16) → 开发大道立交东(16) → 夏园(14)
10,21,12,地铁市广路站(12) → 金山谷花园(12) → 小罗村(市广路)(13) → 富豪山庄(13) → 左边村(15) → 大罗村(市广路)(16) → 丹山村(桥兴大道)(15) → 丹山桥(16) → 钻汇广场东门(21) → 市桥汽车站(13)
10,21,12,市桥汽车站(13) → 市桥汽车站西门(21) → 钻汇广场东门(21) → 丹山桥(16) → 丹山村(桥兴大道)(15) → 大罗村(市广路)(16) → 左边村(15) → 富豪山庄(13) → 金山谷花园(12) → 地铁市广路站(12)
9,21,13,夏港(13) → 保盈大道站(14) → 开发区路口(15) → 开发大道立交东(16) → 塘头(16) → 丹水坑(17) → 南岗化工厂(19) → 南岗(21) → 东区路口(18)
9,21,14,夏园(14) → 开发大道立交东(16) → 塘头(16) → 丹水坑(17) → 南岗化工厂(19) → 南岗(21) → 东区路口(18) → 宏光路口(16) → 严田村(17)
9,21,12,地铁市广路站(12) → 金山谷花园(12) → 小罗村(市广路)(13) → 富豪山庄(13) → 左边村(15) → 大罗村(市广路)(16) → 丹山村(桥兴大道)(15) → 丹山桥(16) → 钻汇广场东门(21)
8,21,11,家家乐医院(18) → 车陂路(21) → 车陂公交场(17) → 万胜围(13) → 琶洲村(13) → 琶洲塔(11) → 琶洲村(13) → 万胜围(13)
8,21,13,夏港(13) → 保盈大道站(14) → 开发区路口(15) → 开发大道立交东(16) → 塘头(16) → 丹水坑(17) → 南岗化工厂(19) → 南岗(21)
8,21,11,岑村小学(13) → 岑村红花岗(13) → 科韵路中(11) → 科韵路棠安路口(20) → 棠德花苑北(15) → 家家乐医院(18) → 车陂路(21) → 车陂总站(13)
8,21,12,开发大道立交东(16) → 塘头(16) → 南岗(21) → 东区路口(18) → 宏光路口(16) → 严田村(17) → 开创大道(连云路口)(16) → 开创大道中(南方物流)(12)
7,21,14,夏园(14) → 开发大道立交东(16) → 塘头(16) → 丹水坑(17) → 南岗化工厂(19) → 南岗(21) → 东区路口(18)
7,21,15,棠德花苑北(15) → 家家乐医院(18) → 车陂路(21) → 车陂公交场(17) → 车陂南(16) → 黄埔大道(16) → 员村东(17)
7,21,15,员村东(17) → 黄埔大道(16) → 车陂南(16) → 车陂公交场(17) → 车陂路(21) → 家家乐医院(18) → 车陂路北(15)
7,21,13,大观中路南(20) → 大观中路(新塘大街)(20) → 地铁大观南路站(17) → 车陂路北(15) → 家家乐医院(18) → 车陂路(21) → 车陂总站(13)
7,21,11,车陂路北(15) → 家家乐医院(18) → 车陂路(21) → 车陂公交场(17) → 万胜围(13) → 琶洲村(13) → 琶洲塔(11)
7,21,11,海珠广场(侨光东)(12) → 长堤(民间金融街)(14) → 爱群大厦(17) → 人民南路(17) → 上九东(21) → 人民中路(11) → 西门口(人民北路)(12)
6,21,16,开发大道立交东(16) → 塘头(16) → 丹水坑(17) → 南岗化工厂(19) → 南岗(21) → 东区路口(18)
6,21,11,南村(21) → 江南大道中(18) → 地铁市二宫站(16) → 江南大道北(20) → 海珠广场(一德东)(17) → 起义路(11)
6,21,11,黄编牌坊(11) → 市桥汽车站东门(12) → 市桥汽车站西门(21) → 钻汇广场东门(21) → 丹山桥(16) → 丹山村(桥兴大道)(15)
5,21,15,严田村(17) → 宏光路口(16) → 开创大道口(15) → 东区路口(18) → 南岗(21)
5,21,16,南岗(21) → 南岗化工厂(19) → 丹水坑(17) → 塘头(16) → 开发大道立交东(16)
5,21,13,地铁棠东站(13) → 家家乐医院(18) → 车陂路(21) → 车陂公交场(17) → 车陂南(16)
5,21,13,车陂总站(13) → 车陂公交场(17) → 车陂路(21) → 家家乐医院(18) → 棠德花苑北(15)
5,21,10,黄编牌坊(11) → 市桥汽车站东门(12) → 市桥汽车站西门(21) → 钻汇广场西门(10) → 光明北路(11)
5,21,11,大罗村(市广路)(16) → 丹山村(桥兴大道)(15) → 丹山桥(16) → 钻汇广场东门(21) → 光明北路(11)
4,21,11,西门口(人民北路)(12) → 人民中路(11) → 上九东(21) → 大新路口(19)
4,21,13,车陂公交场(17) → 车陂路(21) → 家家乐医院(18) → 地铁棠东站(13)
4,21,15,车陂公交场(17) → 车陂路(21) → 家家乐医院(18) → 车陂路北(15)
4,21,10,蕉门河社区服务中心站(10) → 万达广场(13) → 南沙牌坊站(16) → 蕉门公交总站(21)
4,21,13,车陂总站(13) → 车陂路(21) → 家家乐医院(18) → 车陂路北(15)
4,21,10,市桥汽车站东门(12) → 市桥汽车站西门(21) → 钻汇广场西门(10) → 光明北路(11)
4,21,10,光明北路(11) → 钻汇广场西门(10) → 钻汇广场东门(21) → 市桥汽车站(13)
3,21,17,南岗(21) → 南岗化工厂(19) → 丹水坑(17)
3,21,16,荔湾路(16) → 陈家祠(21) → 荔湾路(16)
3,21,13,车陂总站(13) → 车陂公交场(17) → 车陂路(21)
3,21,18,鹅掌坦(18) → 西湾和苑(18) → 黑山(21)
3,21,18,东区路口(18) → 南岗(21) → 南岗化工厂(19)
3,21,13,家家乐医院(18) → 车陂路(21) → 车陂总站(13)
3,21,10,市桥汽车站西门(21) → 钻汇广场东门(21) → 星海中学(光明北路)(10)
3,21,15,丹山村(桥兴大道)(15) → 丹山桥(16) → 钻汇广场东门(21)
13,20,10,下塘西路(16) → 老干大学(13) → 雕塑公园(17) → 柯子岭(15) → 盈翠华庭(18) → 广州体育馆(19) → 广外(白云山西门)(17) → 黄石东路口(20) → 陈田村(18) → 元下田(19) → 永泰新村口(11) → 永泰广场(10) → 广从一路(荟贤路口)(14)
13,20,10,下塘西路(16) → 老干大学(13) → 雕塑公园(17) → 柯子岭(15) → 盈翠华庭(18) → 白云大道南(金信路口)(10) → 广州体育馆(19) → 广外(白云山西门)(17) → 黄石东路口(20) → 陈田村(18) → 元下田(19) → 永泰路口(13) → 永泰新村(11)
13,20,10,边防指挥学校(12) → 奥体南路(14) → 奥林匹克中心西门(17) → 地铁大观南路站(17) → 大观中路(新塘大街)(20) → 大观中路南(20) → 科学城路口(20) → 小新塘(16) → 科学大道口(19) → 软件路(12) → 天河软件园管委会(13) → 高普路软件路口(10) → 高普路天盈路口(11)
13,20,10,永和隧道南(13) → 开源大道(14) → 开源大道(云信路口)(13) → 萝岗村口(14) → 萝格路口(10) → 华甫村(11) → 开创大道(时代天境)(10) → 萝坎村(11) → 萝岗香雪牌坊(20) → 荔红中路(15) → 荔红路(11) → 萝峰小学(11) → 萝峰村口(11)
13,20,10,家家乐医院(18) → 棠德花苑北(15) → 省农干科干院(15) → 农科院(13) → 广园天寿路口东(14) → 云台花园(16) → 柯子岭牌坊(10) → 广州体育馆(19) → 广外(白云山西门)(17) → 黄石东路口(20) → 陈田村(18) → 元下田(19) → 永泰路口(13)
12,20,10,永和隧道南(13) → 开源大道(14) → 开源大道(云信路口)(13) → 萝岗村口(14) → 萝格路口(10) → 华甫村(11) → 开创大道(时代天境)(10) → 萝坎村(11) → 萝岗香雪牌坊(20) → 黄埔区图书馆(香雪馆)(12) → 香雪公寓(广州国际人才城)(16) → 黄埔区青少年宫(萝岗宫)(14)
12,20,10,开源大道(云信路口)(13) → 萝岗村口(14) → 萝格路口(10) → 华甫村(11) → 开创大道(时代天境)(10) → 萝坎村(11) → 萝岗香雪牌坊(20) → 黄埔区图书馆(香雪馆)(12) → 香雪公寓(广州国际人才城)(16) → 黄埔区青少年宫(萝岗宫)(14) → 黄埔低空经济创新中心(11) → 演艺中心北门(13)
12,20,10,下塘西路(16) → 雕塑公园(17) → 柯子岭(15) → 盈翠华庭(18) → 广州体育馆(19) → 广外(白云山西门)(17) → 黄石东路口(20) → 陈田村(18) → 元下田(19) → 永泰新村口(11) → 永泰广场(10) → 广从一路(荟贤路口)(14)
11,20,10,演艺中心北门(13) → 黄埔低空经济创新中心(11) → 黄埔区青少年宫(萝岗宫)(14) → 香雪公寓(广州国际人才城)(16) → 黄埔区图书馆(香雪馆)(12) → 萝岗香雪牌坊(20) → 萝坎村(11) → 开创大道(时代天境)(10) → 华甫村(11) → 萝格路口(10) → 萝岗村口(14)
11,20,10,奥林匹克中心西门(17) → 地铁大观南路站(17) → 大观中路(新塘大街)(20) → 大观中路南(20) → 科学城路口(20) → 小新塘(16) → 科学大道口(19) → 软件路(12) → 天河软件园管委会(13) → 高普路软件路口(10) → 高普路天盈路口(11)
11,20,11,永泰新村口(11) → 元下田(19) → 陈田村(18) → 黄石东路口(20) → 广外(白云山西门)(17) → 广州体育馆(19) → 盈翠华庭(18) → 柯子岭(15) → 雕塑公园(17) → 老干大学(13) → 下塘西路(16)
10,20,10,广从一路(荟贤路口)(14) → 永泰广场(10) → 永泰新村口(11) → 元下田(19) → 陈田村(18) → 黄石东路口(20) → 广外(白云山西门)(17) → 广州体育馆(19) → 广州体育馆南门(11) → 地铁白云公园站(15)
10,20,13,元下田(19) → 陈田村(18) → 黄石东路口(20) → 广外(白云山西门)(17) → 广州体育馆(19) → 盈翠华庭(18) → 柯子岭(15) → 雕塑公园(17) → 老干大学(13) → 下塘西路(16)
9,20,10,萝岗村口(14) → 萝格路口(10) → 华甫村(11) → 开创大道(时代天境)(10) → 萝坎村(11) → 萝岗香雪牌坊(20) → 黄埔区图书馆(香雪馆)(12) → 香雪公寓(广州国际人才城)(16) → 黄埔区青少年宫(萝岗宫)(14)
9,20,10,开泰大道(东荟城)(10) → 开泰大道(瑞和路口)(10) → 荔红二路(15) → 萝岗香雪牌坊(20) → 黄埔区图书馆(香雪馆)(12) → 香雪公寓(广州国际人才城)(16) → 黄埔区青少年宫(萝岗宫)(14) → 黄埔低空经济创新中心(11) → 演艺中心北门(13)
9,20,10,地铁白云公园站(15) → 体育花园(11) → 广外(白云山西门)(17) → 黄石东路口(20) → 陈田村(18) → 元下田(19) → 永泰新村口(11) → 永泰广场(10) → 广从一路(荟贤路口)(14)
9,20,10,开泰大道(东荟城)(10) → 开泰大道(瑞和路口)(10) → 荔红二路(15) → 萝岗香雪牌坊(20) → 荔红中路(15) → 荔红路(11) → 萝峰小学(11) → 萝峰村口(11) → 萝岗香雪总站(11)
9,20,10,永泰广场(10) → 永泰新村口(11) → 元下田(19) → 陈田村(18) → 黄石东路口(20) → 广外(白云山西门)(17) → 广州体育馆(19) → 白云大道南(金信路口)(10) → 柯子岭牌坊(10)
9,20,12,天河软件园管委会(13) → 软件路(12) → 科学大道口(19) → 小新塘(16) → 科学城路口(20) → 大观中路南(20) → 大观中路(新塘大街)(20) → 地铁大观南路站(17) → 奥林匹克中心西门(17)
8,20,10,奥林匹克体育中心总站(13) → 奥林匹克中心西门(17) → 地铁大观南路站(17) → 大观中路(新塘大街)(20) → 大观中路南(20) → 科学城路口(20) → 小新塘(16) → 岭南学院(10)
8,20,10,萝峰村口(11) → 萝峰小学(11) → 荔红路(11) → 荔红中路(15) → 萝岗香雪牌坊(20) → 荔红二路(15) → 开泰大道(瑞和路口)(10) → 开泰大道(东荟城)(10)
8,20,10,元下田(19) → 陈田村(18) → 黄石东路口(20) → 广外(白云山西门)(17) → 广州体育馆(19) → 白云大道南(金信路口)(10) → 盈翠华庭(18) → 柯子岭牌坊(10)
8,20,13,奥林匹克体育中心总站(13) → 奥林匹克中心西门(17) → 地铁大观南路站(17) → 大观中路(新塘大街)(20) → 大观中路南(20) → 科学城路口(20) → 小新塘(16) → 科学大道口(19)
8,20,13,下塘西路(16) → 老干大学(13) → 雕塑公园(17) → 广园中路(20) → 柯子岭(15) → 盈翠华庭(18) → 广州体育馆(19) → 广外(白云山西门)(17)
8,20,11,科韵路(19) → 科韵路棠安路口(20) → 科韵路中(11) → 岑村红花岗(13) → 岑村小学(13) → 华观路(火炉山森林公园)(12) → 华观路(13) → 凌塘村(11)
7,20,10,柯子岭牌坊(10) → 白云大道南(金信路口)(10) → 广州体育馆(19) → 广外(白云山西门)(17) → 黄石东路口(20) → 陈田村(18) → 元下田(19)
7,20,10,华甫村(11) → 开创大道(时代天境)(10) → 萝坎村(11) → 萝岗香雪牌坊(20) → 黄埔区图书馆(香雪馆)(12) → 香雪公寓(广州国际人才城)(16) → 黄埔区青少年宫(萝岗宫)(14)
7,20,10,柯子岭牌坊(10) → 盈翠华庭(18) → 广州体育馆(19) → 广外(白云山西门)(17) → 黄石东路口(20) → 陈田村(18) → 元下田(19)
7,20,10,黄埔区图书馆(香雪馆)(12) → 萝岗香雪牌坊(20) → 萝坎村(11) → 开创大道(时代天境)(10) → 华甫村(11) → 萝格路口(10) → 萝岗村口(14)
7,20,16,科学大道口(19) → 小新塘(16) → 科学城路口(20) → 大观中路南(20) → 大观中路(新塘大街)(20) → 地铁大观南路站(17) → 奥林匹克中心西门(17)
7,20,10,科学城路口(20) → 小新塘(16) → 科学大道口(19) → 软件路(12) → 天河软件园管委会(13) → 高普路软件路口(10) → 高普路天盈路口(11)
7,20,10,演艺中心北门(13) → 黄埔区青少年宫(萝岗宫)(14) → 香雪公寓(广州国际人才城)(16) → 萝岗香雪牌坊(20) → 荔红二路(15) → 开泰大道(瑞和路口)(10) → 开泰大道(东荟城)(10)
7,20,10,岭南学院(10) → 小新塘(16) → 科学城路口(20) → 大观中路南(20) → 大观中路(新塘大街)(20) → 地铁大观南路站(17) → 奥林匹克中心西门(17)
6,20,13,石涌口(13) → 滨江东路(20) → 珠江泳场(16) → 中大北门西(13) → 中大北门(15) → 珠江广场(14)
6,20,13,下塘西路(16) → 老干大学(13) → 雕塑公园(17) → 广园中路(20) → 景泰坑(20) → 广园客运站(20)
6,20,10,陈田村(18) → 黄石东路口(20) → 广外(白云山西门)(17) → 广州体育馆(19) → 白云大道南(金信路口)(10) → 柯子岭牌坊(10)
6,20,10,燕塘企业(20) → 武警医院(20) → 银河园(19) → 天河客运站(16) → 长兴路口(10) → 天鹅花园(10)
6,20,10,开泰大道(东荟城)(10) → 开泰大道(瑞和路口)(10) → 荔红二路(15) → 萝岗香雪牌坊(20) → 黄埔区图书馆(香雪馆)(12) → 香雪公寓(广州国际人才城)(16)
6,20,11,荔红二路(15) → 萝岗香雪牌坊(20) → 荔红中路(15) → 荔红路(11) → 萝峰小学(11) → 萝峰村口(11)
6,20,15,海印桥南(20) → 晓港新村(15) → 东晓南路(19) → 五凤乡(16) → 瑞南新村(16) → 晓港湾(15)
6,20,10,龙归华侨医院(11) → 龙归墟(10) → 人和墟(万家福广场)(20) → 人和华侨医院(16) → 凤和庄(14) → 太成村(12)
6,20,16,天河客运站(16) → 银河园(19) → 武警医院(20) → 燕塘企业(20) → 省军区(17) → 军体院(17)
6,20,10,开泰大道(东荟城)(10) → 开泰大道(瑞和路口)(10) → 荔红二路(15) → 萝岗香雪牌坊(20) → 香雪公寓(广州国际人才城)(16) → 黄埔区青少年宫(萝岗宫)(14)
6,20,12,广佛路东(20) → 黄岐城区(19) → 宏威路口(19) → 嘉洲广场(15) → 大转弯(13) → 盐步路口(12)
6,20,11,琶洲(16) → 琶洲大桥南(18) → 琶洲大桥北(20) → 科韵路(19) → 科韵路棠安路口(20) → 科韵路中(11)
5,20,13,珠江广场(14) → 中大北门(15) → 中大北门西(13) → 珠江泳场(16) → 滨江东路(20)
5,20,13,珠江广场(14) → 中大北门(15) → 珠江泳场(16) → 滨江东路(20) → 石涌口(13)
5,20,13,石涌口(13) → 滨江东路(20) → 珠江泳场(16) → 中大北门西(13) → 中大北门(15)
5,20,13,金贵村(19) → 云台花园(17) → 白云山管理局(13) → 景泰坑(20) → 广园客运站(20)
5,20,15,仓边路(20) → 农讲所(19) → 大东门(中山三路)(15) → 烈士陵园(19) → 白云路东(18)
5,20,11,岑村小学(13) → 岑村红花岗(13) → 科韵路中(11) → 科韵路棠安路口(20) → 科韵路(19)
5,20,10,黄埔区图书馆(香雪馆)(12) → 萝岗香雪牌坊(20) → 荔红二路(15) → 开泰大道(瑞和路口)(10) → 开泰大道(东荟城)(10)
5,20,13,下塘西路(16) → 老干大学(13) → 雕塑公园(17) → 广园客运站(20) → 广园中路(20)
5,20,13,景泰坑(20) → 广园客运站(20) → 雕塑公园(17) → 老干大学(13) → 下塘西路(16)
5,20,10,开泰大道(东荟城)(10) → 开泰大道(瑞和路口)(10) → 荔红二路(15) → 萝岗香雪牌坊(20) → 荔红中路(15)
5,20,15,科学城路口(20) → 大观中路南(20) → 大观中路(新塘大街)(20) → 地铁大观南路站(17) → 车陂路北(15)
5,20,16,科学大道口(19) → 小新塘(16) → 科学城路口(20) → 大观中路南(20) → 大观中路(新塘大街)(20)
5,20,11,萝岗香雪牌坊(20) → 荔红中路(15) → 荔红路(11) → 萝峰小学(11) → 萝峰村口(11)
5,20,10,大观中路(新塘大街)(20) → 大观中路南(20) → 科学城路口(20) → 小新塘(16) → 岭南学院(10)
5,20,17,奥林匹克中心西门(17) → 地铁大观南路站(17) → 大观中路(新塘大街)(20) → 大观中路南(20) → 科学城路口(20)
5,20,12,盐步路口(12) → 大转弯(13) → 嘉洲广场(15) → 宏威路口(19) → 广佛路东(20)
5,20,15,景泰坑(20) → 柯子岭(15) → 盈翠华庭(18) → 广州体育馆(19) → 广外(白云山西门)(17)
5,20,12,天河客运站总站(12) → 银河园(19) → 武警医院(20) → 燕塘企业(20) → 云台花园(17)
5,20,10,东塱(12) → 广船(12) → 鹤洞东(10) → 橡胶新村(20) → 昌岗路口(14)
5,20,12,荔红二路(15) → 萝岗香雪牌坊(20) → 黄埔区图书馆(香雪馆)(12) → 香雪公寓(广州国际人才城)(16) → 黄埔区青少年宫(萝岗宫)(14)
4,20,13,滨江东路(20) → 珠江泳场(16) → 中大北门西(13) → 中大北门(15)
4,20,13,石涌口(13) → 滨江东路(20) → 珠江泳场(16) → 中大北门(15)
4,20,15,科韵路(19) → 科韵路棠安路口(20) → 棠德花苑北(15) → 车陂路北(15)
4,20,12,天河客运站总站(12) → 银河园(19) → 武警医院(20) → 燕塘企业(20)
4,20,12,太成村(12) → 凤和庄(14) → 人和华侨医院(16) → 人和墟(万家福广场)(20)
4,20,14,人和墟(万家福广场)(20) → 人和墟(万家福广场)(19) → 人和华侨医院(16) → 凤和庄(14)
4,20,11,海印桥南(20) → 云桂村(13) → 基立村(11) → 江南大道中(18)
4,20,17,奥林匹克中心西门(17) → 地铁大观南路站(17) → 大观中路(新塘大街)(20) → 大观中路南(20)
4,20,10,萝岗香雪牌坊(20) → 荔红二路(15) → 开泰大道(瑞和路口)(10) → 开泰大道(东荟城)(10)
4,20,10,东塱(12) → 广船(12) → 鹤洞东(10) → 橡胶新村(20)
4,20,16,燕塘企业(20) → 武警医院(20) → 银河园(19) → 天河客运站(16)
4,20,10,流溪河大桥(20) → 姓钟围(15) → 木壳岭(12) → 从化汽车站(10)
4,20,17,军体院(17) → 省军区(17) → 燕塘企业(20) → 武警医院(20)
4,20,10,科韵路棠安路口(20) → 琶洲大桥北(20) → 北山(10) → 星海学院(10)
3,20,12,先烈南路(12) → 黄花岗(20) → 动物园(12)
3,20,15,大东门(中山三路)(15) → 农讲所(19) → 仓边路(20)
3,20,11,科韵路(19) → 科韵路棠安路口(20) → 科韵路中(11)
3,20,20,武警医院(20) → 燕塘企业(20) → 武警医院(20)
3,20,20,大观中路(新塘大街)(20) → 大观中路南(20) → 科学城路口(20)
3,20,13,石涌口(13) → 滨江东路(20) → 珠江泳场(16)
3,20,15,海印桥南(20) → 晓港新村(15) → 东晓南路(19)
3,20,14,人和墟(万家福广场)(20) → 人和华侨医院(16) → 凤和庄(14)
3,20,14,花地大道北(花地湾)(14) → 芳村(19) → 下芳村(20)
3,20,17,广花一路(夏花一路口)(17) → 夏茅(20) → 冶金技校(18)
3,20,15,下芳村(20) → 大冲口(16) → 鹤洞新村(15)
3,20,15,广佛路口(滘口客运站)(15) → 广佛路东(20) → 黄岐城区(19)
3,20,11,科韵路中(11) → 科韵路棠安路口(20) → 琶洲大桥北(20)
3,20,19,琶洲大桥北(20) → 科韵路(19) → 科韵路棠安路口(20)
3,20,10,科韵路棠安路口(20) → 琶洲大桥北(20) → 北山(10)
3,20,16,琶洲(16) → 琶洲大桥南(18) → 琶洲大桥北(20)
11,19,12,科丰路(科林路口)站(13) → 上堂(13) → 姬堂(14) → 丰乐北横路口(14) → 碧山村(14) → 黄埔体育馆(16) → 丰乐北路(19) → 黄埔区少年宫(18) → 大沙东(黄埔海关)(12) → 黄埔区儿童公园(14) → 文冲幸福里(17)
9,19,11,猎德大道北(11) → 天河南(19) → 天河东路(14) → 龙口西(15) → 龙口东(16) → 五山路口(17) → 师大后门(15) → 华工大(11) → 华农大正门(11)
8,19,11,华农大正门(11) → 华工大(11) → 五山路口(17) → 龙口东(16) → 龙口西(15) → 天河东路(14) → 天河南(19) → 猎德大道北(11)
8,19,13,科丰路(科林路口)站(13) → 上堂(13) → 姬堂(14) → 丰乐北横路口(14) → 碧山村(14) → 黄埔体育馆(16) → 丰乐北路(19) → 黄埔区少年宫(18)
7,19,11,广州大道中(11) → 军体院(17) → 沙河(15) → 濂泉路口(16) → 金贵村(19) → 云台花园(16) → 白云山管理局(13)
6,19,10,高普路天盈路口(11) → 高普路软件路口(10) → 天河软件园管委会(13) → 软件路(12) → 科学大道口(19) → 岭南学院(10)
6,19,12,黄埔体育馆(16) → 丰乐北路(19) → 黄埔区少年宫(18) → 大沙东(黄埔海关)(12) → 黄埔区儿童公园(14) → 文冲幸福里(17)
6,19,13,省军区(17) → 沙河(15) → 濂泉路口(16) → 金贵村(19) → 云台花园(17) → 白云山管理局(13)
5,19,11,白云山管理局(13) → 云台花园(16) → 金贵村(19) → 濂泉路口(16) → 广州大道中(11)
5,19,13,白云山管理局(13) → 云台花园(16) → 金贵村(19) → 濂泉路口(16) → 省军区(17)
5,19,12,黄岐城区(19) → 宏威路口(19) → 嘉洲广场(15) → 大转弯(13) → 盐步路口(12)
5,19,10,小坪立交桥(19) → 地铁小坪站(10) → 石槎路中(12) → 桥东(12) → 广州白云站公交总站(13)
5,19,10,科学大道口(19) → 软件路(12) → 天河软件园管委会(13) → 高普路软件路口(10) → 高普路天盈路口(11)
4,19,10,银河园(19) → 天河客运站(16) → 长兴路口(10) → 天鹅花园(10)
4,19,14,泽德花苑(14) → 横滘(17) → 上步村(18) → 同德乡(19)
4,19,10,天河软件园管委会(13) → 软件路(12) → 科学大道口(19) → 岭南学院(10)
4,19,12,人和墟(万家福广场)(19) → 人和华侨医院(16) → 凤和庄(14) → 太成村(12)
4,19,12,天河软件园管委会(13) → 软件路(12) → 科学大道口(19) → 小新塘(16)
4,19,15,东晓南路(19) → 五凤乡(16) → 瑞南新村(16) → 晓港湾(15)
4,19,12,盐步路口(12) → 大转弯(13) → 嘉洲广场(15) → 宏威路口(19)
4,19,10,高普路软件路口(10) → 天河软件园管委会(13) → 软件路(12) → 科学大道口(19)
3,19,14,天寿路(17) → 天河东路(14) → 天河南(19)
3,19,13,白云山管理局(13) → 云台花园(17) → 金贵村(19)
3,19,13,金贵村(19) → 云台花园(16) → 白云山管理局(13)
3,19,16,云台花园(16) → 云台花园(17) → 金贵村(19)
3,19,16,黄埔体育馆(16) → 丰乐北路(19) → 黄埔区少年宫(18)
3,19,14,人和墟(万家福广场)(19) → 人和华侨医院(16) → 凤和庄(14)
3,19,11,市二宫(12) → 基立村(11) → 基立下道(19)
3,19,11,元下田(19) → 永泰路口(13) → 永泰新村(11)
3,19,10,柯子岭牌坊(10) → 盈翠华庭(18) → 广州体育馆(19)
3,19,16,云台花园(16) → 金贵村(19) → 濂泉路口(16)
17,18,10,新雅街道办(14) → 雅瑶医院(12) → 雅瑶市场(12) → 新华街道办(11) → 建设南路(10) → 新华市场(12) → 金城大厦(18) → 胡忠医院(14) → 市政园林局(11) → 星光汇摩登百货(12) → 三华村(13) → 松园里(15) → 人爱医院(龙珠路)(18) → 邝维煜中学(18) → 大华市场(11) → 建设北路中(10) → 车辆厂技校(11)
15,18,10,新雅街道办(14) → 雅瑶医院(12) → 雅瑶市场(12) → 新华街道办(11) → 建设南路(10) → 新华市场(12) → 金城大厦(18) → 胡忠医院(14) → 市政园林局(11) → 星光汇摩登百货(12) → 三华村(13) → 松园里(15) → 人爱医院(龙珠路)(18) → 邝维煜中学(18) → 棠澍小学(10)
14,18,10,棠澍小学(10) → 邝维煜中学(18) → 人爱医院(龙珠路)(18) → 松园里(15) → 三华村(13) → 星光汇摩登百货(12) → 市政园林局(11) → 胡忠医院(14) → 金城大厦(18) → 新华市场(12) → 新华街道办(11) → 雅瑶市场(12) → 雅瑶医院(12) → 新雅街道办(14)
13,18,10,番禺中心医院总站(12) → 德信路(13) → 德宝花园(16) → 东方花园(18) → 中保人寿(16) → 东秀园(14) → 广场西路(17) → 东怡新区(13) → 清河市场(13) → 石岗村(亚运大道)站(12) → 金海岸花园(17) → 地铁傍江站(政务服务中心)(16) → 傍雁路中站(10)
13,18,10,傍雁路中站(10) → 地铁傍江站(政务服务中心)(16) → 金海岸花园(17) → 石岗村(亚运大道)站(12) → 清河市场(13) → 东怡新区(13) → 番禺广场(16) → 东秀园(14) → 中保人寿(16) → 东方花园(18) → 德宝花园(16) → 德信路(13) → 番禺中心医院总站(12)
12,18,11,龙美村(迎新路)(11) → 龙美牌坊(13) → 节能科技园(13) → 万博翠湖花园(13) → 冼庄立交(12) → 里仁洞(14) → 华南碧桂园(16) → 万博中心(14) → 南大路口(16) → 塘埗西(18) → 涌口村牌坊(18) → 涌口村(16)
12,18,11,番禺中心医院总站(12) → 德信路(13) → 德宝花园(16) → 东方花园(18) → 中保人寿(16) → 东秀园(14) → 广场西路(17) → 番禺广场(16) → 番禺大道南(东怡新区)(13) → 草河村(17) → 大同村(18) → 太石工业区(11)
12,18,11,绿庭雅苑(11) → 汇景大道(11) → 德宝花园(16) → 东方花园(18) → 中保人寿(16) → 东秀园(14) → 广场西路(17) → 东怡新区(13) → 清河市场(13) → 石岗村(亚运大道)站(12) → 金海岸花园(17) → 地铁傍江站(政务服务中心)(16)
12,18,10,车辆厂技校(11) → 建设北路中(10) → 大华市场(11) → 邝维煜中学(18) → 人爱医院(龙珠路)(18) → 松园里(15) → 三华村(13) → 星光汇摩登百货(12) → 市政园林局(11) → 胡忠医院(14) → 金城大厦(18) → 广州北站(秀全大道)(16)
12,18,10,车辆厂技校(11) → 建设北路中(10) → 大华市场(11) → 邝维煜中学(18) → 人爱医院(龙珠路)(18) → 松园里(15) → 三华村(13) → 星光汇摩登百货(12) → 市政园林局(11) → 胡忠医院(14) → 金城大厦(18) → 新华市场(12)
12,18,10,松园里(15) → 三华村(13) → 星光汇摩登百货(12) → 市政园林局(11) → 胡忠医院(14) → 金城大厦(18) → 新华市场(12) → 建设南路(10) → 新华街道办(11) → 雅瑶市场(12) → 雅瑶医院(12) → 新雅街道办(14)
11,18,11,太石工业区(11) → 大同村(18) → 草河村(17) → 番禺大道南(东怡新区)(13) → 番禺广场(16) → 东秀园(14) → 中保人寿(16) → 东方花园(18) → 德宝花园(16) → 德信路(13) → 番禺中心医院总站(12)
11,18,11,龙美村(迎新路)(11) → 龙美牌坊(13) → 节能科技园(13) → 万博翠湖花园(13) → 冼庄立交(12) → 里仁洞(14) → 华南碧桂园(16) → 万博中心(14) → 南大路口(16) → 塘埗西(18) → 涌口村牌坊(18)
11,18,10,广州北站(秀全大道)(16) → 金城大厦(18) → 胡忠医院(14) → 星光汇摩登百货(12) → 三华村(13) → 松园里(15) → 人爱医院(龙珠路)(18) → 邝维煜中学(18) → 大华市场(11) → 建设北路中(10) → 车辆厂技校(11)
10,18,11,金城大厦(18) → 胡忠医院(14) → 市政园林局(11) → 星光汇摩登百货(12) → 三华村(13) → 松园里(15) → 人爱医院(龙珠路)(18) → 邝维煜中学(18) → 大华市场(11) → 车辆厂技校(11)
10,18,10,广州北站(秀全大道)(16) → 金城大厦(18) → 胡忠医院(14) → 市政园林局(11) → 星光汇摩登百货(12) → 三华村(13) → 松园里(15) → 人爱医院(龙珠路)(18) → 邝维煜中学(18) → 棠澍小学(10)
10,18,10,广州北站(秀全大道)(16) → 金城大厦(18) → 胡忠医院(14) → 星光汇摩登百货(12) → 三华村(13) → 松园里(15) → 人爱医院(龙珠路)(18) → 邝维煜中学(18) → 大华市场(11) → 建设北路中(10)
9,18,12,地铁傍江站(政务服务中心)(16) → 金海岸花园(17) → 石岗村(亚运大道)站(12) → 清河市场(13) → 东怡新区(13) → 番禺广场(16) → 东秀园(14) → 中保人寿(16) → 东方花园(18)
8,18,12,大同村(18) → 草河村(17) → 番禺大道南(东怡新区)(13) → 区政府东门(16) → 东怡新区(13) → 清河市场(13) → 石岗村(亚运大道)站(12) → 金海岸花园(17)
8,18,11,农校职中(11) → 绿庭雅苑(11) → 汇景大道(11) → 德宝花园(16) → 东方花园(18) → 中保人寿(16) → 邮电大厦(清河东路)(15) → 何贤医院(清河东路)(15)
8,18,10,星光汇摩登百货(12) → 三华村(13) → 松园里(15) → 人爱医院(龙珠路)(18) → 邝维煜中学(18) → 大华市场(11) → 建设北路中(10) → 车辆厂技校(11)
7,18,10,瑶台(16) → 王圣堂(16) → 省妇幼(16) → 环市西路(广园西路口)(18) → 站前路北(12) → 站前路中(11) → 西站(10)
7,18,12,东区路口(18) → 宏光路口(16) → 严田村(17) → 开创大道(连云路口)(16) → 开创大道中(南方物流)(12) → 骏业路口(12) → 荷村(13)
7,18,10,家家乐医院(18) → 棠德花苑北(15) → 科学院地化所(11) → 省农干科干院(15) → 农科院(13) → 消防总队(10) → 广园天寿路口东(14)
7,18,11,绿庭雅苑(11) → 汇景大道(11) → 德宝花园(16) → 东方花园(18) → 中保人寿(16) → 邮电大厦(清河东路)(15) → 何贤医院(清河东路)(15)
7,18,12,何贤医院(清河东路)(15) → 邮电大厦(清河东路)(15) → 中保人寿(16) → 东方花园(18) → 德宝花园(16) → 德信路(13) → 番禺中心医院总站(12)
7,18,11,绿庭雅苑(11) → 汇景大道(11) → 德宝花园(16) → 东方花园(18) → 中保人寿(16) → 广场西路(17) → 区政府东门(16)
7,18,10,建设北路中(10) → 大华市场(11) → 邝维煜中学(18) → 人爱医院(龙珠路)(18) → 松园里(15) → 三华村(13) → 星光汇摩登百货(12)
7,18,10,新雅街道办(14) → 雅瑶医院(12) → 雅瑶市场(12) → 新华街道办(11) → 建设南路(10) → 新华市场(12) → 金城大厦(18)
6,18,11,锦绣香江(11) → 华南碧桂园(16) → 万博中心(14) → 南大路口(16) → 塘埗西(18) → 涌口村牌坊(18)
6,18,12,开创大道中(南方物流)(12) → 开创大道(连云路口)(16) → 严田村(17) → 宏光路口(16) → 开创大道口(15) → 东区路口(18)
6,18,11,下塘西路(16) → 老干大学(13) → 雕塑公园(17) → 柯子岭(15) → 盈翠华庭(18) → 广州体育馆南门(11)
6,18,11,广场西路(17) → 番禺广场(16) → 番禺大道南(东怡新区)(13) → 草河村(17) → 大同村(18) → 太石工业区(11)
6,18,11,东秀园(14) → 番禺广场(16) → 番禺大道南(东怡新区)(13) → 草河村(17) → 大同村(18) → 太石工业区(11)
6,18,13,何贤医院(清河东路)(15) → 邮电大厦(清河东路)(15) → 中保人寿(16) → 东方花园(18) → 德宝花园(16) → 德信路(13)
6,18,10,棠澍小学(10) → 邝维煜中学(18) → 人爱医院(龙珠路)(18) → 松园里(15) → 三华村(13) → 星光汇摩登百货(12)
6,18,13,万胜围(13) → 琶洲村(13) → 琶洲大桥南(18) → 琶洲(16) → 广交会展馆(13) → 海港花园(13)
5,18,10,柯子岭牌坊(10) → 盈翠华庭(18) → 白云大道南(金信路口)(10) → 广州体育馆南门(11) → 体育花园(11)
5,18,12,东区路口(18) → 宏光路口(16) → 严田村(17) → 开创大道(连云路口)(16) → 开创大道中(南方物流)(12)
5,18,13,盈翠华庭(18) → 柯子岭(15) → 雕塑公园(17) → 老干大学(13) → 下塘西路(16)
5,18,10,棠澍小学(10) → 邝维煜中学(18) → 人爱医院(龙珠路)(18) → 松园里(15) → 星光汇摩登百货(12)
5,18,11,太石工业区(11) → 大同村(18) → 草河村(17) → 番禺大道南(东怡新区)(13) → 番禺广场(16)
5,18,14,塘埗西(18) → 南大路口(16) → 万博中心(14) → 南大路口(16) → 塘埗西(18)
5,18,12,中保人寿(16) → 东方花园(18) → 德宝花园(16) → 德信路(13) → 番禺中心医院总站(12)
5,18,10,棠澍小学(10) → 邝维煜中学(18) → 人爱医院(龙珠路)(18) → 松园里(15) → 三华村(13)
4,18,12,聚龙工业区(12) → 泽德花苑(14) → 横滘(17) → 上步村(18)
4,18,15,严田村(17) → 宏光路口(16) → 开创大道口(15) → 东区路口(18)
4,18,12,星光汇摩登百货(12) → 松园里(15) → 人爱医院(龙珠路)(18) → 邝维煜中学(18)
4,18,10,柯子岭牌坊(10) → 盈翠华庭(18) → 白云大道南(金信路口)(10) → 广州体育馆南门(11)
4,18,15,何贤医院(清河东路)(15) → 邮电大厦(清河东路)(15) → 中保人寿(16) → 东方花园(18)
4,18,14,番禺广场(16) → 东秀园(14) → 中保人寿(16) → 东方花园(18)
4,18,11,绿庭雅苑(11) → 汇景大道(11) → 德宝花园(16) → 东方花园(18)
4,18,13,三华村(13) → 松园里(15) → 人爱医院(龙珠路)(18) → 邝维煜中学(18)
4,18,10,三华村(13) → 松园里(15) → 人爱医院(龙珠路)(18) → 棠澍小学(10)
4,18,11,广州北站(秀全大道)(16) → 金城大厦(18) → 胡忠医院(14) → 市政园林局(11)
4,18,11,琶洲(16) → 琶洲大桥南(18) → 琶洲塔(11) → 万胜围(13)
3,18,13,万胜围(13) → 琶洲村(13) → 琶洲大桥南(18)
3,18,10,白云路总站(13) → 白云路东(18) → 东华西路(10)
3,18,13,大石(18) → 富石路(群贤路口)(13) → 礼村(14)
3,18,16,东区路口(18) → 宏光路口(16) → 严田村(17)
3,18,11,盈翠华庭(18) → 广州体育馆南门(11) → 地铁白云公园站(15)
3,18,10,琶洲(16) → 琶洲大桥南(18) → 北山(10)
3,18,14,泽德花苑(14) → 横滘(17) → 上步村(18)
3,18,12,黄埔区少年宫(18) → 大沙东(黄埔海关)(12) → 黄埔区儿童公园(14)
3,18,13,大同村(18) → 草河村(17) → 番禺大道南(东怡新区)(13)
3,18,13,增城广场地铁总站(13) → 增城广场西(14) → 增城广场北(18)
3,18,10,塘步东(10) → 塘埗西(18) → 涌口村牌坊(18)
3,18,16,塘埗西(18) → 涌口村牌坊(18) → 涌口村(16)
3,18,11,东方花园(18) → 汇景大道(11) → 绿庭雅苑(11)
3,18,13,德信路(13) → 德宝花园(16) → 东方花园(18)
3,18,11,草河村(17) → 大同村(18) → 太石工业区(11)
3,18,10,棠澍小学(10) → 邝维煜中学(18) → 人爱医院(龙珠路)(18)
10,17,10,傍雁路中站(10) → 地铁傍江站(政务服务中心)(16) → 金海岸花园(17) → 石岗村(亚运大道)站(12) → 清河市场(13) → 东怡新区(13) → 番禺广场(16) → 东秀园(14) → 邮电大厦(清河东路)(15) → 何贤医院(清河东路)(15)
9,17,10,棠德花苑北(15) → 科学院地化所(11) → 省农干科干院(15) → 农科院(13) → 消防总队(10) → 广园天寿路口东(14) → 天寿路(17) → 林乐路(11) → 林和东路(14)
9,17,12,何贤医院(清河东路)(15) → 邮电大厦(清河东路)(15) → 东秀园(14) → 广场西路(17) → 东怡新区(13) → 清河市场(13) → 石岗村(亚运大道)站(12) → 金海岸花园(17) → 地铁傍江站(政务服务中心)(16)
9,17,12,地铁傍江站(政务服务中心)(16) → 金海岸花园(17) → 石岗村(亚运大道)站(12) → 清河市场(13) → 东怡新区(13) → 番禺广场(16) → 东秀园(14) → 邮电大厦(清河东路)(15) → 何贤医院(清河东路)(15)
8,17,10,傍雁路中站(10) → 地铁傍江站(政务服务中心)(16) → 金海岸花园(17) → 石岗村(亚运大道)站(12) → 清河市场(13) → 东怡新区(13) → 番禺广场(16) → 东秀园(14)
8,17,10,东秀园(14) → 广场西路(17) → 东怡新区(13) → 清河市场(13) → 石岗村(亚运大道)站(12) → 金海岸花园(17) → 地铁傍江站(政务服务中心)(16) → 傍雁路中站(10)
8,17,12,何贤医院(清河东路)(15) → 邮电大厦(清河东路)(15) → 东秀园(14) → 广场西路(17) → 东怡新区(13) → 清河市场(13) → 石岗村(亚运大道)站(12) → 金海岸花园(17)
6,17,10,五山学生公寓(10) → 华农大正门(11) → 华工大(11) → 五山路口(17) → 龙口东(16) → 龙口西(15)
6,17,12,东漖镇(14) → 东漖南路(12) → 坑口地铁站(16) → 康乃馨花园(16) → 翠竹苑(14) → 花地大道(17)
6,17,13,地铁傍江站(政务服务中心)(16) → 金海岸花园(17) → 清河市场(13) → 东怡新区(13) → 区政府东门(16) → 草河村(17)
6,17,12,地铁傍江站(政务服务中心)(16) → 金海岸花园(17) → 石岗村(亚运大道)站(12) → 清河市场(13) → 东怡新区(13) → 番禺广场(16)
6,17,12,广场西路(17) → 东怡新区(13) → 清河市场(13) → 石岗村(亚运大道)站(12) → 金海岸花园(17) → 地铁傍江站(政务服务中心)(16)
5,17,10,天字码头(10) → 海珠广场(侨光东)(12) → 长堤(民间金融街)(14) → 爱群大厦(17) → 文化公园(13)
5,17,15,天寿路(17) → 龙口西(15) → 龙口东(16) → 五山路口(17) → 师大后门(15)
5,17,14,龙溪大道东(教师新村)(14) → 坑口地铁站(16) → 康乃馨花园(16) → 翠竹苑(14) → 花地大道(17)
5,17,10,五山路口(17) → 师大后门(15) → 华工大(11) → 华农大正门(11) → 五山学生公寓(10)
5,17,10,芳村客运站(17) → 花地大道(17) → 芳村合兴苑(15) → 茶滘路(10) → 穗盐路(10)
5,17,14,何贤医院(清河东路)(15) → 邮电大厦(清河东路)(15) → 东秀园(14) → 广场西路(17) → 区政府东门(16)
4,17,10,东塱(12) → 广船(12) → 鹤洞东(10) → 基建新村(17)
4,17,13,柯子岭(15) → 雕塑公园(17) → 老干大学(13) → 下塘西路(16)
4,17,15,五山路口(17) → 龙口东(16) → 龙口西(15) → 天寿路(17)
4,17,15,开创大道口(15) → 宏光路口(16) → 严田村(17) → 黄埔体育馆(16)
4,17,12,边防指挥学校(12) → 奥体南路(14) → 奥林匹克中心西门(17) → 车陂路北(15)
4,17,13,龙溪立交南(坑口牌坊)(16) → 芳村客运站(17) → 浣花路(13) → 汾水(16)
4,17,13,石溪(17) → 新滘西路口(14) → 金碧花园(14) → 嘉鸿花园(13)
4,17,10,五山学生公寓(10) → 华农大正门(11) → 华工大(11) → 五山路口(17)
4,17,10,穗盐路(10) → 芳村合兴苑(15) → 花地大道(17) → 芳村客运站(17)
4,17,11,地铁汉溪长隆G站(17) → 锦绣香江(11) → 万博中心(14) → 南大路口(16)
4,17,10,穗盐路(10) → 茶滘路(10) → 芳村合兴苑(15) → 花地大道(17)
4,17,10,西站(10) → 站前路中(11) → 站前路北(12) → 草暖公园(17)
4,17,14,何贤医院(清河东路)(15) → 邮电大厦(清河东路)(15) → 东秀园(14) → 广场西路(17)
3,17,13,下塘西路(16) → 老干大学(13) → 雕塑公园(17)
3,17,11,天平架总站(11) → 省军区(17) → 军体院(17)
3,17,11,太和中路(11) → 太和文化广场(17) → 地铁太和站(15)
3,17,15,新滘东路中(17) → 新滘中路(地铁龙潭站)(15) → 龙潭村牌坊(15)
3,17,16,车陂南(16) → 黄埔大道(16) → 员村东(17)
3,17,12,严田村(17) → 开创大道(连云路口)(16) → 开创大道中(南方物流)(12)
3,17,16,黄埔体育馆(16) → 严田村(17) → 宏光路口(16)
3,17,11,东方名都(11) → 白江地铁站(17) → 新好景(16)
3,17,15,大南路(17) → 文明路(15) → 中山图书馆(15)
3,17,15,大南路(17) → 惠福路(17) → 惠福西(15)
3,17,15,开创大道口(15) → 宏光路口(16) → 严田村(17)
3,17,10,太和文化广场(17) → 太和中路(11) → 太和总站(10)
3,17,11,黄村(17) → 珠村(12) → 莲溪(11)
3,17,13,汾水(16) → 浣花路(13) → 芳村客运站(17)
3,17,10,傍雁路中站(10) → 地铁傍江站(政务服务中心)(16) → 金海岸花园(17)
3,17,13,草河村(17) → 番禺大道南(东怡新区)(13) → 区政府东门(16)
3,17,12,金山谷花园(12) → 地铁市广路站(12) → 地铁汉溪长隆G站(17)
18,16,10,光明北路(11) → 钻汇广场西门(10) → 丹山桥(16) → 丹山村(桥兴大道)(15) → 大罗村(市广路)(16) → 左边村(15) → 富豪山庄(13) → 金山谷花园(12) → 地铁市广路站(12) → 金山谷花园(12) → 小罗村(市广路)(13) → 富豪山庄(13) → 左边村(15) → 大罗村(市广路)(16) → 丹山村(桥兴大道)(15) → 丹山桥(16) → 钻汇广场西门(10) → 光明北路(11)
10,16,10,黄沙大道(13) → 联桂北(11) → 大策(10) → 茶漖小区(12) → 汾水(16) → 浣花路(13) → 康乃馨花园(16) → 坑口地铁站(16) → 东漖南路(12) → 东漖镇(14)
10,16,11,萝岗香雪总站(11) → 萝峰村口(11) → 萝峰小学(11) → 荔红路(11) → 荔红中路(15) → 黄埔区图书馆(香雪馆)(12) → 香雪公寓(广州国际人才城)(16) → 黄埔区青少年宫(萝岗宫)(14) → 黄埔低空经济创新中心(11) → 演艺中心北门(13)
10,16,10,地铁市广路站(12) → 金山谷花园(12) → 小罗村(市广路)(13) → 富豪山庄(13) → 左边村(15) → 大罗村(市广路)(16) → 丹山村(桥兴大道)(15) → 丹山桥(16) → 钻汇广场西门(10) → 光明北路(11)
9,16,11,萝峰村口(11) → 萝峰小学(11) → 荔红路(11) → 荔红中路(15) → 黄埔区图书馆(香雪馆)(12) → 香雪公寓(广州国际人才城)(16) → 黄埔区青少年宫(萝岗宫)(14) → 黄埔低空经济创新中心(11) → 演艺中心北门(13)
9,16,10,光明北路(11) → 钻汇广场西门(10) → 丹山桥(16) → 丹山村(桥兴大道)(15) → 大罗村(市广路)(16) → 左边村(15) → 富豪山庄(13) → 金山谷花园(12) → 地铁市广路站(12)
9,16,11,龙美村(迎新路)(11) → 龙美牌坊(13) → 节能科技园(13) → 万博翠湖花园(13) → 冼庄立交(12) → 里仁洞(14) → 华南碧桂园(16) → 万博中心(14) → 南大路口(16)
8,16,11,南大路口(16) → 万博中心(14) → 华南碧桂园(16) → 里仁洞(14) → 冼庄立交(12) → 万博翠湖花园(13) → 龙美牌坊(13) → 龙美村(迎新路)(11)
8,16,12,南大路口(16) → 万博中心(14) → 华南碧桂园(16) → 里仁洞(14) → 冼庄立交(12) → 万博翠湖花园(13) → 节能科技园(13) → 龙美牌坊(13)
8,16,11,锦绣香江(11) → 华南碧桂园(16) → 里仁洞(14) → 冼庄立交(12) → 万博翠湖花园(13) → 节能科技园(13) → 龙美牌坊(13) → 龙美村(迎新路)(11)
7,16,12,节能科技园(13) → 万博翠湖花园(13) → 冼庄立交(12) → 里仁洞(14) → 华南碧桂园(16) → 万博中心(14) → 南大路口(16)
7,16,10,广州北站(秀全大道)(16) → 新华市场(12) → 建设南路(10) → 新华街道办(11) → 雅瑶市场(12) → 雅瑶医院(12) → 新雅街道办(14)
7,16,12,芳村合兴苑(15) → 汾水(16) → 浣花路(13) → 康乃馨花园(16) → 坑口地铁站(16) → 东漖南路(12) → 东漖镇(14)
7,16,11,东漖怀宁坊(11) → 东漖街(11) → 浣花路(13) → 康乃馨花园(16) → 坑口地铁站(16) → 东漖南路(12) → 东漖镇(14)
7,16,11,康乃馨花园(16) → 坑口地铁站(16) → 东漖南路(12) → 东漖镇(14) → 东漖怀宁坊(11) → 东漖街(11) → 汾水(16)
7,16,11,华南碧桂园(16) → 里仁洞(14) → 冼庄立交(12) → 万博翠湖花园(13) → 节能科技园(13) → 龙美牌坊(13) → 龙美村(迎新路)(11)
6,16,12,汾水(16) → 浣花路(13) → 康乃馨花园(16) → 坑口地铁站(16) → 东漖南路(12) → 东漖镇(14)
6,16,11,龙洞牌坊(11) → 地铁植物园站(15) → 植物园正门(13) → 地铁长湴站(12) → 天河客运站(16) → 天河客运站总站(12)
6,16,11,汾水(16) → 东漖街(11) → 东漖怀宁坊(11) → 东漖镇(14) → 东漖南路(12) → 龙溪大道东(教师新村)(14)
6,16,10,嘉禾长湴(11) → 科甲水(12) → 新科工业区(10) → 望岗(14) → 嘉禾望岗站(13) → 嘉禾望岗总站(16)
6,16,11,广州北站(秀全大道)(16) → 新华市场(12) → 新华街道办(11) → 雅瑶市场(12) → 雅瑶医院(12) → 新雅街道办(14)
6,16,10,草场工业区(10) → 草场(13) → 洲村市场(13) → 洲村(13) → 金名都(14) → 浔峰山东路北(16)
6,16,13,小罗村(市广路)(13) → 富豪山庄(13) → 左边村(15) → 大罗村(市广路)(16) → 丹山村(桥兴大道)(15) → 丹山桥(16)
5,16,13,汾水(16) → 芳村合兴苑(15) → 花地大道北(花地湾)(14) → 芳村隧道口(15) → 黄沙大道(13)
5,16,13,龙溪大道东(教师新村)(14) → 坑口地铁站(16) → 康乃馨花园(16) → 浣花路(13) → 汾水(16)
5,16,13,南浦大桥南(沿沙路)(14) → 地铁洛溪站(新浦路)(16) → 如意三马路(14) → 洛涛居(13) → 洛城中学(13)
5,16,11,龙溪大道东(教师新村)(14) → 东漖镇(14) → 东漖怀宁坊(11) → 东漖街(11) → 汾水(16)
5,16,11,望岗(14) → 市交校(16) → 望岗大道(11) → 嘉禾望岗站(13) → 嘉禾望岗总站(16)
5,16,10,嘉禾望岗总站(16) → 望岗(14) → 新科工业区(10) → 科甲水(12) → 嘉禾长湴(11)
5,16,14,龙溪大道东(教师新村)(14) → 坑口地铁站(16) → 康乃馨花园(16) → 坑口地铁站(16) → 龙溪大道东(教师新村)(14)
5,16,13,草场(13) → 洲村市场(13) → 洲村(13) → 金名都(14) → 浔峰山东路北(16)
5,16,12,大罗村(市广路)(16) → 左边村(15) → 富豪山庄(13) → 金山谷花园(12) → 地铁市广路站(12)
5,16,12,华南碧桂园(16) → 里仁洞(14) → 冼庄立交(12) → 万博翠湖花园(13) → 龙美牌坊(13)
5,16,12,节能科技园(13) → 万博翠湖花园(13) → 冼庄立交(12) → 里仁洞(14) → 华南碧桂园(16)
5,16,13,丹山桥(16) → 丹山村(桥兴大道)(15) → 大罗村(市广路)(16) → 左边村(15) → 富豪山庄(13)
4,16,13,吉祥道(16) → 地铁洛溪站(新浦路)(16) → 洛涛居(13) → 洛城中学(13)
4,16,13,地铁洛溪站(新浦路)(16) → 如意三马路(14) → 洛涛居(13) → 洛城中学(13)
4,16,13,南浦大桥南(沿沙路)(14) → 地铁洛溪站(新浦路)(16) → 洛涛居(13) → 洛城中学(13)
4,16,13,珠江泳场(16) → 中大北门西(13) → 中大北门(15) → 珠江广场(14)
4,16,12,荷村(13) → 骏业路口(12) → 开创大道中(南方物流)(12) → 开创大道(连云路口)(16)
4,16,11,香雪公寓(广州国际人才城)(16) → 黄埔区青少年宫(萝岗宫)(14) → 黄埔低空经济创新中心(11) → 演艺中心北门(13)
4,16,11,汾水(16) → 东漖街(11) → 东漖怀宁坊(11) → 东漖镇(14)
4,16,13,开发大道立交东(16) → 开发区路口(15) → 保盈大道站(14) → 夏港(13)
4,16,14,翠竹苑(14) → 康乃馨花园(16) → 坑口地铁站(16) → 龙溪大道东(教师新村)(14)
4,16,11,市交校(16) → 望岗大道(11) → 嘉禾望岗站(13) → 嘉禾望岗总站(16)
4,16,12,康乃馨花园(16) → 坑口地铁站(16) → 东漖南路(12) → 东漖镇(14)
4,16,11,嘉禾望岗总站(16) → 望岗大道(11) → 望岗(14) → 市交校(16)
4,16,10,蕉门地铁站(13) → 南沙牌坊站(16) → 万达广场(13) → 蕉门河社区服务中心站(10)
4,16,13,浔峰山东路北(16) → 金名都(14) → 洲村(13) → 洲村市场(13)
4,16,10,塘步东(10) → 南大路口(16) → 万博中心(14) → 锦绣香江(11)
4,16,14,区政府东门(16) → 东秀园(14) → 邮电大厦(清河东路)(15) → 何贤医院(清河东路)(15)
3,16,11,汾水(16) → 东漖街(11) → 东漖怀宁坊(11)
3,16,14,吉祥道(16) → 地铁洛溪站(新浦路)(16) → 南浦大桥南(沿沙路)(14)
3,16,10,广虎站(10) → 群星花园(11) → 新好景(16)
3,16,14,康王北路(东风路口)(14) → 康王中路(16) → 华林寺(16)
3,16,14,塘头(16) → 开发大道立交东(16) → 夏园(14)
3,16,12,荔红中路(15) → 黄埔区图书馆(香雪馆)(12) → 香雪公寓(广州国际人才城)(16)
3,16,14,保盈大道站(14) → 开发区路口(15) → 开发大道立交东(16)
3,16,16,省妇幼(16) → 王圣堂(16) → 瑶台(16)
3,16,11,嘉禾望岗总站(16) → 望岗大道(11) → 望岗(14)
3,16,10,冼村路中(10) → 猎德(16) → 猎德东(15)
3,16,15,松北(15) → 松南街口(16) → 松南路口(16)
3,16,15,晓港湾(15) → 瑞南新村(16) → 五凤乡(16)
3,16,14,龙溪大道东(教师新村)(14) → 坑口地铁站(16) → 康乃馨花园(16)
3,16,11,嘉禾望岗总站(16) → 望岗大道(11) → 市交校(16)
3,16,10,南沙牌坊站(16) → 万达广场(13) → 蕉门河社区服务中心站(10)
3,16,10,新塘汽车客运站(10) → 民营工业园(16) → 顺欣花园(14)
3,16,12,瑞南新村(16) → 晓港湾(15) → 海珠客运站总站(12)
3,16,14,华南碧桂园(16) → 万博中心(14) → 南大路口(16)
3,16,13,洛城中学(13) → 洛涛居(13) → 地铁洛溪站(新浦路)(16)
3,16,11,锦绣香江(11) → 万博中心(14) → 南大路口(16)
6,15,13,夏港(13) → 保盈大道站(14) → 开发区路口(15) → 夏园(14) → 开发区路口(15) → 保盈大道站(14)
6,15,11,广园天寿路口东(14) → 农科院(13) → 省农干科干院(15) → 科学院地化所(11) → 棠德花苑北(15) → 车陂路北(15)
6,15,10,消防总队(10) → 广园天寿路口东(14) → 农科院(13) → 省农干科干院(15) → 科学院地化所(11) → 棠德花苑北(15)
5,15,10,萝格路口(10) → 华甫村(11) → 开创大道(时代天境)(10) → 萝坎村(11) → 荔红二路(15)
5,15,10,科学院地化所(11) → 省农干科干院(15) → 农科院(13) → 消防总队(10) → 广园天寿路口东(14)
5,15,11,棠德花苑北(15) → 科学院地化所(11) → 省农干科干院(15) → 农科院(13) → 广园天寿路口东(14)
5,15,11,科学院(11) → 三宝墟(12) → 植物园正门(13) → 地铁植物园站(15) → 龙洞牌坊(11)
5,15,10,穗盐路(10) → 茶滘路(10) → 芳村合兴苑(15) → 花地大道北(花地湾)(14) → 芳村隧道口(15)
5,15,11,萝岗香雪总站(11) → 萝峰村口(11) → 萝峰小学(11) → 荔红路(11) → 荔红中路(15)
5,15,12,地铁市广路站(12) → 金山谷花园(12) → 小罗村(市广路)(13) → 富豪山庄(13) → 左边村(15)
4,15,10,五山学生公寓(10) → 华农大正门(11) → 华工大(11) → 师大后门(15)
4,15,11,广园天寿路口东(14) → 农科院(13) → 省农干科干院(15) → 科学院地化所(11)
4,15,10,江人路(10) → 大松岗(10) → 江高(15) → 江高路口(14)
4,15,13,夏港(13) → 保盈大道站(14) → 开发区路口(15) → 夏园(14)
4,15,11,萝峰村口(11) → 萝峰小学(11) → 荔红路(11) → 荔红中路(15)
4,15,13,夏港(13) → 保盈大道站(14) → 开发区路口(15) → 保盈大道站(14)
3,15,12,中山图书馆(15) → 文明路(15) → 万福西(12)
3,15,10,云霄路(10) → 地铁白云公园站(15) → 广州体育馆南门(11)
3,15,13,开发区路口(15) → 保盈大道站(14) → 夏港(13)
3,15,12,地铁植物园站(15) → 植物园正门(13) → 三宝墟(12)
3,15,10,开泰大道(东荟城)(10) → 开泰大道(瑞和路口)(10) → 荔红二路(15)
3,15,11,华农大正门(11) → 华工大(11) → 师大后门(15)
3,15,11,科学院地化所(11) → 省农干科干院(15) → 广园天寿路口东(14)
3,15,11,科学院地化所(11) → 省农干科干院(15) → 农科院(13)
9,14,11,节能科技园(13) → 万博翠湖花园(13) → 冼庄立交(12) → 里仁洞(14) → 冼庄立交(12) → 万博翠湖花园(13) → 节能科技园(13) → 龙美牌坊(13) → 龙美村(迎新路)(11)
8,14,10,萝坎村(11) → 开创大道(时代天境)(10) → 华甫村(11) → 萝格路口(10) → 萝岗村口(14) → 开源大道(云信路口)(13) → 开源大道(14) → 永和隧道南(13)
6,14,11,龙溪大道东(教师新村)(14) → 东漖南路(12) → 东漖镇(14) → 东漖怀宁坊(11) → 东漖街(11) → 浣花路(13)
6,14,10,永和隧道南(13) → 开源大道(14) → 开源大道(云信路口)(13) → 萝岗村口(14) → 萝格路口(10) → 华甫村(11)
6,14,10,开源大道(云信路口)(13) → 萝岗村口(14) → 萝格路口(10) → 华甫村(11) → 开创大道(时代天境)(10) → 萝坎村(11)
6,14,10,新雅街道办(14) → 雅瑶医院(12) → 雅瑶市场(12) → 新华街道办(11) → 建设南路(10) → 新华市场(12)
6,14,11,龙美村(迎新路)(11) → 龙美牌坊(13) → 节能科技园(13) → 万博翠湖花园(13) → 冼庄立交(12) → 里仁洞(14)
5,14,13,碧山村(14) → 丰乐北横路口(14) → 姬堂(14) → 上堂(13) → 科丰路(科林路口)站(13)
5,14,10,广从一路(荟贤路口)(14) → 永泰广场(10) → 永泰新村口(11) → 永泰路口(13) → 永泰新村(11)
5,14,12,节能科技园(13) → 万博翠湖花园(13) → 冼庄立交(12) → 里仁洞(14) → 冼庄立交(12)
5,14,10,建设南路(10) → 新华街道办(11) → 雅瑶市场(12) → 雅瑶医院(12) → 新雅街道办(14)
4,14,11,浣花路(13) → 东漖街(11) → 东漖怀宁坊(11) → 东漖镇(14)
4,14,13,永和隧道南(13) → 开源大道(14) → 开源大道(云信路口)(13) → 萝岗村口(14)
4,14,13,碧山村(14) → 丰乐北横路口(14) → 姬堂(14) → 上堂(13)
4,14,11,大德路(14) → 省中医院(14) → 解放南路口(12) → 起义路(11)
4,14,11,翠竹苑(14) → 浣花路(13) → 东漖街(11) → 东漖怀宁坊(11)
4,14,11,永泰新村(11) → 永泰路口(13) → 永泰新村口(11) → 广从一路(荟贤路口)(14)
4,14,13,草场(13) → 洲村市场(13) → 洲村(13) → 金名都(14)
4,14,11,城西花园(11) → 环洲三路(14) → 沙凤(13) → 环洲三路西(11)
4,14,11,新华街道办(11) → 雅瑶市场(12) → 雅瑶医院(12) → 新雅街道办(14)
3,14,12,聚龙工业区(12) → 同德围(14) → 德康路(14)
3,14,12,奥林匹克体育中心总站(13) → 奥体南路(14) → 边防指挥学校(12)
3,14,10,华甫村(11) → 萝格路口(10) → 萝岗村口(14)
3,14,13,开源大道(14) → 开源大道(云信路口)(13) → 萝岗村口(14)
3,14,12,大德路(14) → 省中医院(14) → 解放南路口(12)
3,14,13,永和隧道南(13) → 开源大道(14) → 开源大道(云信路口)(13)
3,14,10,永泰新村口(11) → 永泰广场(10) → 广从一路(荟贤路口)(14)
3,14,10,泮塘(10) → 市三宫(12) → 华贵路口(14)
3,14,11,黄埔区青少年宫(萝岗宫)(14) → 黄埔低空经济创新中心(11) → 演艺中心北门(13)
3,14,13,洛城中学(13) → 洛涛居(13) → 如意三马路(14)
3,14,12,新雅街道办(14) → 雅瑶医院(12) → 雅瑶市场(12)
7,13,10,元岗横路(11) → 云景花园(10) → 京溪路(10) → 一五七医院(13) → 京溪路(10) → 云景花园(10) → 元岗横路(11)
6,13,11,科韵路中(11) → 岑村红花岗(13) → 岑村小学(13) → 华观路(火炉山森林公园)(12) → 华观路(13) → 凌塘村(11)
5,13,10,京溪路口(10) → 云景花园(10) → 京溪路(10) → 一五七医院(13) → 梅花园(13)
5,13,11,岑村红花岗(13) → 岑村小学(13) → 华观路(火炉山森林公园)(12) → 华观路(13) → 凌塘村(11)
5,13,11,农校职中(11) → 绿庭雅苑(11) → 汇景大道(11) → 德信路(13) → 番禺中心医院总站(12)
4,13,10,广州白云站公交总站(13) → 地铁小坪站(10) → 石槎路中(12) → 桥东(12)
4,13,10,永泰新村(11) → 永泰路口(13) → 永泰新村口(11) → 永泰广场(10)
4,13,11,番禺中心医院总站(12) → 德信路(13) → 汇景大道(11) → 绿庭雅苑(11)
4,13,12,地铁市广路站(12) → 金山谷花园(12) → 小罗村(市广路)(13) → 富豪山庄(13)
4,13,12,岑村红花岗(13) → 岑村小学(13) → 华观路(火炉山森林公园)(12) → 华观路(13)
3,13,11,琶洲塔(11) → 琶洲村(13) → 万胜围(13)
3,13,10,黄沙大道(13) → 如意坊(12) → 荔湾湖公园西门(10)
3,13,10,华工生活区(10) → 华工(10) → 综合商业南区(13)
3,13,11,华观路(火炉山森林公园)(12) → 华观路(13) → 凌塘村(11)
3,13,10,永泰广场(10) → 永泰新村口(11) → 永泰路口(13)
3,13,11,科韵路中(11) → 岑村红花岗(13) → 岑村小学(13)
3,13,10,西丽桥南(10) → 华侨城(13) → 西丽路(10)
3,13,11,黄编牌坊(11) → 市桥汽车站东门(12) → 市桥汽车站(13)
3,13,12,节能科技园(13) → 万博翠湖花园(13) → 冼庄立交(12)
3,13,12,富豪山庄(13) → 金山谷花园(12) → 地铁市广路站(12)
3,12,10,花地大道南(10) → 花地大道(海南村)(12) → 渔尾大桥东(11)
3,12,10,西站(10) → 站前路中(11) → 站前路北(12)
3,12,10,广大公寓(12) → 广大生活区(12) → 广大(10)
3,12,11,友谊路(11) → 开发区医院(12) → 创业路(12)
3,12,10,东塱(12) → 广船(12) → 鹤洞东(10)
3,12,10,嘉禾长湴(11) → 科甲水(12) → 新科工业区(10)
3,12,10,百顺南路(12) → 集贤苑教师新村(10) → 集贤苑路口(10)
3,12,11,大岗中心小学站(11) → 大岗派出所(11) → 大岗公交总站(12)
7,11,10,鹤龙四路(龙兴西路口)(10) → 龙河路口(10) → 龙归华侨医院(11) → 龙归墟(10) → 龙归华侨医院(11) → 龙河路口(10) → 鹤龙四路(龙兴西路口)(10)
4,11,10,龙归墟(10) → 龙归华侨医院(11) → 龙河路口(10) → 鹤龙四路(龙兴西路口)(10)
4,11,10,萝格路口(10) → 华甫村(11) → 开创大道(时代天境)(10) → 萝坎村(11)
3,11,10,长岭居小学(10) → 羌洞站(10) → 地铁长平站(11)
3,11,10,龙归墟(10) → 龙归华侨医院(11) → 鹤龙四路(龙兴西路口)(10)
3,11,10,地铁太平站(11) → 开发区管委会(10) → 丰盈路口(10)
3,11,10,钟村(10) → 锦绣文化中心(11) → 钟村市场(11)
3,11,10,光明北路(11) → 钻汇广场西门(10) → 星海中学(光明北路)(10)
3,11,10,大华市场(11) → 建设北路中(10) → 车辆厂技校(11)
3,10,10,京溪路口(10) → 云景花园(10) → 京溪路(10)
